{
 "type": "FeatureCollection",
 "properties": {
  "scene": "S1A_IW_GRDH_1SDV_20240504T225908_20240504T225933_053728_068708_0753_COG.SAFE",
  "acquired": "2024-05-04T22:59:08+00:00",
  "geolocation_rms_m": 4.2,
  "geolocation_holdout_m": 15.1,
  "geolocation_median_m": 10.7,
  "geolocation_p90_m": 19.9,
  "geolocation_worst_m": 65.2,
  "geolocation_uneven": true,
  "geolocation_convergence": 2.53,
  "geolocation_method": "geolocation grid (bilinear)",
  "geolocation_validation": "holdout at 2x spacing",
  "tiles": 117,
  "tiles_skipped": 0,
  "k_sigma": 6.0,
  "land_masked": true,
  "water_fraction": 0.374,
  "land_sea_contrast": 1.98,
  "coast_blind_m": 605.0,
  "searched_km2": 15698.9,
  "refused_km2": 0.0,
  "tiles_without_water": 30,
  "outside_aoi": 59,
  "aoi_sea": [
   -77.2,
   36.0,
   -71.0,
   39.6
  ],
  "footprint": [
   [
    -76.58925,
    37.93208
   ],
   [
    -76.35095,
    37.96797
   ],
   [
    -76.11208,
    38.00344
   ],
   [
    -75.87288,
    38.03847
   ],
   [
    -75.63331,
    38.07298
   ],
   [
    -75.39369,
    38.10701
   ],
   [
    -75.15391,
    38.14056
   ],
   [
    -74.91381,
    38.1736
   ],
   [
    -74.67351,
    38.20617
   ],
   [
    -74.43299,
    38.23826
   ],
   [
    -74.19226,
    38.26982
   ],
   [
    -73.95132,
    38.30091
   ],
   [
    -73.71019,
    38.33152
   ],
   [
    -73.73604,
    38.45664
   ],
   [
    -73.7619,
    38.58175
   ],
   [
    -73.78776,
    38.70687
   ],
   [
    -73.81369,
    38.83197
   ],
   [
    -73.83961,
    38.95707
   ],
   [
    -73.86556,
    39.08217
   ],
   [
    -73.89155,
    39.20727
   ],
   [
    -73.91756,
    39.33236
   ],
   [
    -73.94355,
    39.45745
   ],
   [
    -73.96954,
    39.58254
   ],
   [
    -73.9954,
    39.70765
   ],
   [
    -74.02125,
    39.83276
   ],
   [
    -74.26735,
    39.80244
   ],
   [
    -74.51346,
    39.77159
   ],
   [
    -74.75955,
    39.74022
   ],
   [
    -75.00507,
    39.70833
   ],
   [
    -75.25072,
    39.6759
   ],
   [
    -75.4962,
    39.64296
   ],
   [
    -75.74106,
    39.60951
   ],
   [
    -75.98563,
    39.57558
   ],
   [
    -76.22949,
    39.54122
   ],
   [
    -76.47329,
    39.50629
   ],
   [
    -76.71632,
    39.47094
   ],
   [
    -76.95972,
    39.43502
   ],
   [
    -76.92906,
    39.30973
   ],
   [
    -76.89831,
    39.18445
   ],
   [
    -76.86785,
    39.05914
   ],
   [
    -76.83702,
    38.93388
   ],
   [
    -76.80591,
    38.80867
   ],
   [
    -76.77449,
    38.6835
   ],
   [
    -76.7436,
    38.55826
   ],
   [
    -76.71283,
    38.433
   ],
   [
    -76.68198,
    38.30776
   ],
   [
    -76.65122,
    38.18251
   ],
   [
    -76.62033,
    38.05728
   ]
  ],
  "searched_grid": {
   "cell_deg": 0.01,
   "lon0": -76.78,
   "lat0": 37.93,
   "levels": 10,
   "rows": {
    "5": [
     [
      55,
      1,
      8
     ]
    ],
    "6": [
     [
      52,
      1,
      2
     ],
     [
      55,
      1,
      3
     ],
     [
      57,
      1,
      4
     ],
     [
      58,
      3,
      10
     ],
     [
      63,
      1,
      7
     ],
     [
      64,
      1,
      10
     ]
    ],
    "7": [
     [
      50,
      2,
      5
     ],
     [
      52,
      1,
      10
     ],
     [
      53,
      1,
      8
     ],
     [
      54,
      1,
      5
     ],
     [
      55,
      1,
      8
     ],
     [
      56,
      1,
      7
     ],
     [
      57,
      4,
      10
     ],
     [
      61,
      1,
      6
     ],
     [
      62,
      1,
      5
     ],
     [
      63,
      8,
      10
     ]
    ],
    "8": [
     [
      47,
      1,
      4
     ],
     [
      48,
      20,
      10
     ],
     [
      68,
      1,
      9
     ],
     [
      69,
      1,
      7
     ],
     [
      70,
      2,
      10
     ],
     [
      72,
      1,
      4
     ]
    ],
    "9": [
     [
      47,
      1,
      4
     ],
     [
      48,
      1,
      10
     ],
     [
      49,
      1,
      6
     ],
     [
      51,
      8,
      10
     ],
     [
      59,
      1,
      9
     ],
     [
      60,
      1,
      8
     ],
     [
      61,
      1,
      10
     ],
     [
      62,
      1,
      9
     ],
     [
      63,
      2,
      10
     ],
     [
      65,
      1,
      8
     ],
     [
      66,
      1,
      9
     ],
     [
      67,
      1,
      7
     ],
     [
      68,
      1,
      1
     ],
     [
      70,
      1,
      6
     ],
     [
      71,
      1,
      10
     ],
     [
      72,
      1,
      8
     ]
    ],
    "10": [
     [
      48,
      1,
      4
     ],
     [
      49,
      1,
      3
     ],
     [
      51,
      1,
      2
     ],
     [
      52,
      1,
      1
     ],
     [
      54,
      1,
      1
     ],
     [
      55,
      1,
      6
     ],
     [
      56,
      1,
      10
     ],
     [
      57,
      1,
      8
     ],
     [
      58,
      1,
      4
     ],
     [
      59,
      2,
      1
     ],
     [
      61,
      1,
      6
     ],
     [
      64,
      2,
      1
     ],
     [
      71,
      1,
      6
     ],
     [
      72,
      1,
      10
     ],
     [
      80,
      1,
      4
     ]
    ],
    "11": [
     [
      61,
      1,
      1
     ],
     [
      71,
      1,
      1
     ],
     [
      72,
      1,
      4
     ],
     [
      94,
      1,
      2
     ],
     [
      95,
      1,
      10
     ],
     [
      96,
      1,
      2
     ]
    ],
    "12": [
     [
      62,
      1,
      1
     ]
    ],
    "13": [
     [
      38,
      1,
      3
     ],
     [
      39,
      1,
      8
     ],
     [
      40,
      1,
      3
     ],
     [
      51,
      1,
      1
     ],
     [
      52,
      1,
      2
     ],
     [
      95,
      1,
      1
     ],
     [
      96,
      1,
      2
     ],
     [
      97,
      1,
      7
     ],
     [
      98,
      1,
      5
     ]
    ],
    "14": [
     [
      38,
      1,
      10
     ],
     [
      39,
      1,
      8
     ],
     [
      40,
      1,
      2
     ],
     [
      51,
      1,
      3
     ],
     [
      57,
      1,
      5
     ],
     [
      58,
      1,
      8
     ],
     [
      59,
      1,
      2
     ],
     [
      70,
      2,
      2
     ],
     [
      98,
      1,
      2
     ],
     [
      99,
      1,
      1
     ]
    ],
    "15": [
     [
      37,
      1,
      6
     ],
     [
      38,
      1,
      7
     ],
     [
      39,
      1,
      1
     ],
     [
      51,
      1,
      4
     ],
     [
      52,
      1,
      2
     ],
     [
      56,
      1,
      3
     ],
     [
      57,
      1,
      10
     ],
     [
      58,
      1,
      2
     ],
     [
      63,
      1,
      3
     ],
     [
      64,
      1,
      8
     ],
     [
      65,
      1,
      2
     ],
     [
      66,
      1,
      3
     ],
     [
      67,
      1,
      2
     ],
     [
      69,
      1,
      4
     ],
     [
      70,
      1,
      10
     ],
     [
      71,
      1,
      9
     ],
     [
      87,
      2,
      4
     ],
     [
      89,
      1,
      8
     ],
     [
      90,
      1,
      2
     ]
    ],
    "16": [
     [
      36,
      1,
      3
     ],
     [
      37,
      1,
      8
     ],
     [
      38,
      1,
      2
     ],
     [
      49,
      1,
      2
     ],
     [
      51,
      1,
      1
     ],
     [
      52,
      3,
      3
     ],
     [
      55,
      1,
      5
     ],
     [
      56,
      1,
      8
     ],
     [
      57,
      1,
      10
     ],
     [
      60,
      1,
      6
     ],
     [
      61,
      1,
      3
     ],
     [
      63,
      1,
      6
     ],
     [
      64,
      1,
      10
     ],
     [
      65,
      1,
      7
     ],
     [
      68,
      1,
      9
     ],
     [
      69,
      2,
      10
     ],
     [
      71,
      1,
      8
     ],
     [
      72,
      1,
      3
     ],
     [
      73,
      1,
      2
     ],
     [
      77,
      2,
      1
     ],
     [
      80,
      2,
      5
     ],
     [
      83,
      1,
      2
     ],
     [
      86,
      1,
      4
     ],
     [
      87,
      1,
      5
     ],
     [
      88,
      2,
      10
     ],
     [
      90,
      1,
      8
     ]
    ],
    "17": [
     [
      51,
      1,
      4
     ],
     [
      52,
      3,
      10
     ],
     [
      55,
      1,
      6
     ],
     [
      56,
      1,
      8
     ],
     [
      57,
      1,
      9
     ],
     [
      58,
      1,
      4
     ],
     [
      59,
      1,
      1
     ],
     [
      60,
      1,
      3
     ],
     [
      61,
      1,
      1
     ],
     [
      63,
      1,
      8
     ],
     [
      64,
      1,
      10
     ],
     [
      65,
      1,
      3
     ],
     [
      68,
      4,
      10
     ],
     [
      72,
      1,
      7
     ],
     [
      77,
      1,
      9
     ],
     [
      78,
      1,
      10
     ],
     [
      79,
      1,
      9
     ],
     [
      80,
      2,
      10
     ],
     [
      82,
      1,
      7
     ],
     [
      83,
      1,
      1
     ],
     [
      87,
      1,
      3
     ],
     [
      88,
      3,
      10
     ],
     [
      91,
      1,
      5
     ]
    ],
    "18": [
     [
      28,
      1,
      1
     ],
     [
      31,
      1,
      1
     ],
     [
      32,
      1,
      7
     ],
     [
      33,
      1,
      10
     ],
     [
      34,
      1,
      4
     ],
     [
      50,
      1,
      2
     ],
     [
      51,
      1,
      9
     ],
     [
      52,
      3,
      10
     ],
     [
      55,
      2,
      2
     ],
     [
      57,
      2,
      10
     ],
     [
      59,
      1,
      4
     ],
     [
      63,
      5,
      10
     ],
     [
      68,
      1,
      2
     ],
     [
      70,
      1,
      6
     ],
     [
      71,
      1,
      8
     ],
     [
      72,
      1,
      3
     ],
     [
      76,
      1,
      1
     ],
     [
      77,
      1,
      9
     ],
     [
      78,
      4,
      10
     ],
     [
      82,
      1,
      6
     ],
     [
      85,
      1,
      4
     ],
     [
      86,
      1,
      6
     ],
     [
      87,
      2,
      1
     ],
     [
      89,
      1,
      3
     ],
     [
      90,
      1,
      1
     ],
     [
      91,
      1,
      3
     ],
     [
      92,
      1,
      8
     ],
     [
      93,
      1,
      2
     ]
    ],
    "19": [
     [
      31,
      1,
      1
     ],
     [
      32,
      1,
      6
     ],
     [
      33,
      1,
      9
     ],
     [
      50,
      1,
      4
     ],
     [
      51,
      1,
      6
     ],
     [
      52,
      1,
      9
     ],
     [
      53,
      2,
      10
     ],
     [
      58,
      1,
      8
     ],
     [
      60,
      2,
      1
     ],
     [
      62,
      1,
      6
     ],
     [
      63,
      5,
      10
     ],
     [
      77,
      1,
      4
     ],
     [
      78,
      3,
      10
     ],
     [
      81,
      1,
      8
     ],
     [
      91,
      1,
      2
     ],
     [
      92,
      1,
      9
     ],
     [
      93,
      1,
      3
     ],
     [
      149,
      1,
      4
     ],
     [
      150,
      5,
      10
     ]
    ],
    "20": [
     [
      32,
      1,
      1
     ],
     [
      33,
      1,
      6
     ],
     [
      50,
      1,
      3
     ],
     [
      52,
      1,
      6
     ],
     [
      53,
      1,
      10
     ],
     [
      54,
      1,
      9
     ],
     [
      55,
      1,
      2
     ],
     [
      60,
      1,
      4
     ],
     [
      61,
      7,
      10
     ],
     [
      68,
      1,
      4
     ],
     [
      72,
      1,
      3
     ],
     [
      73,
      1,
      4
     ],
     [
      75,
      2,
      2
     ],
     [
      77,
      1,
      8
     ],
     [
      78,
      3,
      10
     ],
     [
      81,
      1,
      4
     ],
     [
      92,
      1,
      1
     ],
     [
      149,
      1,
      1
     ],
     [
      150,
      8,
      10
     ],
     [
      158,
      1,
      3
     ],
     [
      161,
      2,
      10
     ]
    ],
    "21": [
     [
      32,
      1,
      4
     ],
     [
      33,
      1,
      3
     ],
     [
      50,
      1,
      2
     ],
     [
      52,
      1,
      2
     ],
     [
      53,
      1,
      3
     ],
     [
      54,
      1,
      4
     ],
     [
      55,
      1,
      8
     ],
     [
      56,
      1,
      7
     ],
     [
      57,
      1,
      9
     ],
     [
      58,
      1,
      1
     ],
     [
      62,
      6,
      10
     ],
     [
      68,
      1,
      2
     ],
     [
      75,
      1,
      3
     ],
     [
      76,
      5,
      10
     ],
     [
      81,
      1,
      5
     ],
     [
      150,
      1,
      8
     ],
     [
      151,
      7,
      10
     ],
     [
      158,
      1,
      3
     ],
     [
      161,
      1,
      8
     ],
     [
      162,
      8,
      10
     ]
    ],
    "22": [
     [
      22,
      1,
      3
     ],
     [
      33,
      1,
      1
     ],
     [
      55,
      1,
      8
     ],
     [
      56,
      1,
      10
     ],
     [
      57,
      1,
      8
     ],
     [
      58,
      1,
      2
     ],
     [
      60,
      1,
      1
     ],
     [
      61,
      1,
      5
     ],
     [
      62,
      6,
      10
     ],
     [
      68,
      1,
      7
     ],
     [
      71,
      1,
      1
     ],
     [
      75,
      1,
      2
     ],
     [
      76,
      5,
      10
     ],
     [
      81,
      1,
      7
     ],
     [
      151,
      1,
      3
     ],
     [
      152,
      6,
      10
     ],
     [
      158,
      1,
      8
     ],
     [
      161,
      1,
      3
     ],
     [
      162,
      15,
      10
     ]
    ],
    "23": [
     [
      22,
      1,
      7
     ],
     [
      56,
      1,
      7
     ],
     [
      57,
      1,
      10
     ],
     [
      58,
      1,
      6
     ],
     [
      61,
      1,
      7
     ],
     [
      62,
      6,
      10
     ],
     [
      68,
      1,
      8
     ],
     [
      71,
      1,
      5
     ],
     [
      76,
      1,
      7
     ],
     [
      77,
      5,
      10
     ],
     [
      89,
      1,
      4
     ],
     [
      151,
      1,
      2
     ],
     [
      152,
      6,
      10
     ],
     [
      158,
      1,
      7
     ],
     [
      161,
      1,
      1
     ],
     [
      162,
      1,
      9
     ],
     [
      163,
      21,
      10
     ]
    ],
    "24": [
     [
      51,
      1,
      2
     ],
     [
      52,
      1,
      5
     ],
     [
      54,
      1,
      6
     ],
     [
      55,
      1,
      7
     ],
     [
      56,
      2,
      10
     ],
     [
      58,
      1,
      8
     ],
     [
      59,
      1,
      3
     ],
     [
      61,
      1,
      8
     ],
     [
      62,
      7,
      10
     ],
     [
      71,
      1,
      2
     ],
     [
      76,
      1,
      7
     ],
     [
      77,
      5,
      10
     ],
     [
      152,
      1,
      4
     ],
     [
      153,
      6,
      10
     ],
     [
      159,
      1,
      4
     ],
     [
      162,
      1,
      7
     ],
     [
      163,
      29,
      10
     ]
    ],
    "25": [
     [
      49,
      1,
      1
     ],
     [
      54,
      1,
      7
     ],
     [
      55,
      2,
      10
     ],
     [
      57,
      1,
      8
     ],
     [
      58,
      1,
      7
     ],
     [
      59,
      1,
      8
     ],
     [
      60,
      2,
      10
     ],
     [
      62,
      1,
      9
     ],
     [
      63,
      1,
      8
     ],
     [
      64,
      4,
      10
     ],
     [
      68,
      1,
      8
     ],
     [
      75,
      1,
      2
     ],
     [
      76,
      1,
      8
     ],
     [
      77,
      5,
      10
     ],
     [
      82,
      1,
      2
     ],
     [
      152,
      1,
      2
     ],
     [
      153,
      6,
      10
     ],
     [
      159,
      1,
      9
     ],
     [
      160,
      1,
      2
     ],
     [
      162,
      1,
      1
     ],
     [
      163,
      1,
      9
     ],
     [
      164,
      35,
      10
     ]
    ],
    "26": [
     [
      51,
      1,
      3
     ],
     [
      52,
      1,
      8
     ],
     [
      53,
      1,
      9
     ],
     [
      54,
      1,
      4
     ],
     [
      55,
      1,
      1
     ],
     [
      56,
      1,
      3
     ],
     [
      57,
      1,
      2
     ],
     [
      60,
      2,
      8
     ],
     [
      62,
      1,
      6
     ],
     [
      64,
      1,
      2
     ],
     [
      65,
      2,
      8
     ],
     [
      67,
      1,
      9
     ],
     [
      68,
      1,
      6
     ],
     [
      69,
      1,
      1
     ],
     [
      74,
      1,
      1
     ],
     [
      75,
      1,
      8
     ],
     [
      76,
      1,
      5
     ],
     [
      77,
      6,
      10
     ],
     [
      83,
      1,
      8
     ],
     [
      84,
      1,
      5
     ],
     [
      85,
      1,
      3
     ],
     [
      152,
      1,
      1
     ],
     [
      153,
      7,
      10
     ],
     [
      160,
      1,
      8
     ],
     [
      163,
      1,
      5
     ],
     [
      164,
      42,
      10
     ]
    ],
    "27": [
     [
      60,
      1,
      1
     ],
     [
      61,
      1,
      2
     ],
     [
      74,
      1,
      2
     ],
     [
      75,
      1,
      1
     ],
     [
      78,
      9,
      10
     ],
     [
      87,
      1,
      5
     ],
     [
      88,
      1,
      3
     ],
     [
      89,
      1,
      1
     ],
     [
      90,
      1,
      4
     ],
     [
      91,
      1,
      2
     ],
     [
      153,
      1,
      3
     ],
     [
      154,
      3,
      10
     ],
     [
      157,
      1,
      8
     ],
     [
      158,
      1,
      6
     ],
     [
      159,
      1,
      7
     ],
     [
      160,
      1,
      4
     ],
     [
      163,
      1,
      3
     ],
     [
      164,
      50,
      10
     ]
    ],
    "28": [
     [
      75,
      1,
      2
     ],
     [
      76,
      1,
      1
     ],
     [
      78,
      1,
      4
     ],
     [
      79,
      1,
      8
     ],
     [
      80,
      1,
      9
     ],
     [
      81,
      2,
      10
     ],
     [
      83,
      1,
      9
     ],
     [
      84,
      2,
      7
     ],
     [
      86,
      1,
      10
     ],
     [
      87,
      1,
      7
     ],
     [
      88,
      1,
      4
     ],
     [
      89,
      1,
      1
     ],
     [
      90,
      1,
      2
     ],
     [
      154,
      1,
      6
     ],
     [
      155,
      2,
      10
     ],
     [
      157,
      1,
      6
     ],
     [
      159,
      1,
      2
     ],
     [
      160,
      1,
      8
     ],
     [
      161,
      1,
      5
     ],
     [
      164,
      1,
      7
     ],
     [
      165,
      56,
      10
     ]
    ],
    "29": [
     [
      80,
      1,
      2
     ],
     [
      81,
      1,
      8
     ],
     [
      82,
      1,
      10
     ],
     [
      83,
      1,
      4
     ],
     [
      86,
      1,
      7
     ],
     [
      94,
      1,
      1
     ],
     [
      154,
      1,
      7
     ],
     [
      155,
      2,
      10
     ],
     [
      157,
      1,
      6
     ],
     [
      160,
      1,
      5
     ],
     [
      161,
      1,
      8
     ],
     [
      162,
      1,
      2
     ],
     [
      164,
      1,
      5
     ],
     [
      165,
      64,
      10
     ]
    ],
    "30": [
     [
      60,
      1,
      4
     ],
     [
      68,
      1,
      1
     ],
     [
      69,
      1,
      4
     ],
     [
      70,
      1,
      3
     ],
     [
      74,
      1,
      1
     ],
     [
      75,
      1,
      2
     ],
     [
      76,
      1,
      1
     ],
     [
      79,
      1,
      3
     ],
     [
      83,
      1,
      1
     ],
     [
      84,
      1,
      2
     ],
     [
      85,
      1,
      8
     ],
     [
      86,
      1,
      10
     ],
     [
      90,
      1,
      3
     ],
     [
      155,
      1,
      2
     ],
     [
      156,
      1,
      8
     ],
     [
      157,
      1,
      6
     ],
     [
      162,
      1,
      4
     ],
     [
      165,
      1,
      8
     ],
     [
      166,
      70,
      10
     ]
    ],
    "31": [
     [
      59,
      1,
      3
     ],
     [
      65,
      1,
      3
     ],
     [
      66,
      1,
      2
     ],
     [
      67,
      1,
      7
     ],
     [
      68,
      1,
      6
     ],
     [
      69,
      1,
      5
     ],
     [
      70,
      1,
      2
     ],
     [
      74,
      1,
      2
     ],
     [
      75,
      1,
      10
     ],
     [
      76,
      2,
      8
     ],
     [
      78,
      2,
      10
     ],
     [
      80,
      1,
      6
     ],
     [
      84,
      1,
      6
     ],
     [
      85,
      1,
      10
     ],
     [
      86,
      1,
      7
     ],
     [
      157,
      1,
      1
     ],
     [
      164,
      1,
      5
     ],
     [
      165,
      79,
      10
     ]
    ],
    "32": [
     [
      51,
      1,
      1
     ],
     [
      57,
      1,
      10
     ],
     [
      58,
      1,
      7
     ],
     [
      62,
      1,
      5
     ],
     [
      63,
      2,
      7
     ],
     [
      65,
      2,
      10
     ],
     [
      67,
      1,
      4
     ],
     [
      75,
      1,
      9
     ],
     [
      76,
      3,
      10
     ],
     [
      79,
      1,
      7
     ],
     [
      83,
      1,
      3
     ],
     [
      84,
      2,
      9
     ],
     [
      158,
      1,
      2
     ],
     [
      159,
      1,
      3
     ],
     [
      163,
      1,
      3
     ],
     [
      164,
      88,
      10
     ]
    ],
    "33": [
     [
      43,
      1,
      7
     ],
     [
      44,
      1,
      4
     ],
     [
      49,
      1,
      4
     ],
     [
      50,
      1,
      3
     ],
     [
      51,
      1,
      8
     ],
     [
      52,
      3,
      3
     ],
     [
      55,
      1,
      2
     ],
     [
      56,
      1,
      8
     ],
     [
      57,
      1,
      10
     ],
     [
      58,
      1,
      6
     ],
     [
      61,
      1,
      7
     ],
     [
      62,
      2,
      9
     ],
     [
      64,
      4,
      10
     ],
     [
      68,
      1,
      4
     ],
     [
      75,
      1,
      6
     ],
     [
      76,
      3,
      10
     ],
     [
      83,
      1,
      2
     ],
     [
      84,
      2,
      4
     ],
     [
      158,
      2,
      1
     ],
     [
      164,
      1,
      7
     ],
     [
      165,
      94,
      10
     ]
    ],
    "34": [
     [
      41,
      1,
      5
     ],
     [
      42,
      1,
      4
     ],
     [
      43,
      2,
      7
     ],
     [
      45,
      1,
      2
     ],
     [
      48,
      1,
      2
     ],
     [
      49,
      2,
      10
     ],
     [
      51,
      1,
      3
     ],
     [
      53,
      1,
      5
     ],
     [
      54,
      3,
      10
     ],
     [
      57,
      1,
      9
     ],
     [
      58,
      1,
      1
     ],
     [
      61,
      1,
      8
     ],
     [
      62,
      1,
      5
     ],
     [
      65,
      1,
      4
     ],
     [
      66,
      1,
      8
     ],
     [
      67,
      1,
      7
     ],
     [
      68,
      1,
      3
     ],
     [
      75,
      1,
      2
     ],
     [
      76,
      2,
      10
     ],
     [
      78,
      1,
      8
     ],
     [
      84,
      1,
      1
     ],
     [
      85,
      1,
      10
     ],
     [
      86,
      1,
      3
     ],
     [
      164,
      1,
      2
     ],
     [
      165,
      2,
      8
     ],
     [
      167,
      100,
      10
     ]
    ],
    "35": [
     [
      40,
      2,
      2
     ],
     [
      42,
      1,
      3
     ],
     [
      45,
      1,
      1
     ],
     [
      46,
      2,
      8
     ],
     [
      48,
      3,
      10
     ],
     [
      51,
      1,
      8
     ],
     [
      52,
      1,
      5
     ],
     [
      53,
      4,
      10
     ],
     [
      61,
      1,
      1
     ],
     [
      62,
      1,
      2
     ],
     [
      75,
      1,
      3
     ],
     [
      76,
      1,
      10
     ],
     [
      77,
      1,
      6
     ],
     [
      85,
      2,
      3
     ],
     [
      164,
      1,
      1
     ],
     [
      165,
      1,
      2
     ],
     [
      167,
      1,
      9
     ],
     [
      168,
      107,
      10
     ]
    ],
    "36": [
     [
      44,
      1,
      2
     ],
     [
      45,
      1,
      6
     ],
     [
      46,
      9,
      10
     ],
     [
      55,
      1,
      9
     ],
     [
      56,
      1,
      5
     ],
     [
      62,
      1,
      6
     ],
     [
      74,
      1,
      2
     ],
     [
      75,
      1,
      7
     ],
     [
      76,
      1,
      8
     ],
     [
      85,
      2,
      4
     ],
     [
      166,
      1,
      4
     ],
     [
      167,
      1,
      9
     ],
     [
      168,
      115,
      10
     ]
    ],
    "37": [
     [
      39,
      1,
      2
     ],
     [
      40,
      1,
      1
     ],
     [
      41,
      1,
      5
     ],
     [
      42,
      1,
      6
     ],
     [
      43,
      1,
      9
     ],
     [
      44,
      7,
      10
     ],
     [
      51,
      1,
      7
     ],
     [
      52,
      2,
      10
     ],
     [
      54,
      1,
      6
     ],
     [
      57,
      1,
      3
     ],
     [
      58,
      1,
      8
     ],
     [
      59,
      2,
      10
     ],
     [
      61,
      2,
      6
     ],
     [
      63,
      1,
      2
     ],
     [
      74,
      1,
      8
     ],
     [
      75,
      1,
      6
     ],
     [
      85,
      1,
      8
     ],
     [
      86,
      1,
      10
     ],
     [
      87,
      1,
      2
     ],
     [
      167,
      123,
      10
     ]
    ],
    "38": [
     [
      38,
      1,
      1
     ],
     [
      39,
      1,
      9
     ],
     [
      40,
      4,
      10
     ],
     [
      45,
      1,
      4
     ],
     [
      46,
      4,
      10
     ],
     [
      50,
      1,
      6
     ],
     [
      52,
      1,
      2
     ],
     [
      53,
      1,
      9
     ],
     [
      56,
      1,
      2
     ],
     [
      57,
      1,
      9
     ],
     [
      59,
      1,
      1
     ],
     [
      60,
      1,
      2
     ],
     [
      74,
      1,
      4
     ],
     [
      75,
      1,
      7
     ],
     [
      76,
      1,
      3
     ],
     [
      77,
      1,
      1
     ],
     [
      85,
      1,
      1
     ],
     [
      86,
      1,
      8
     ],
     [
      87,
      1,
      9
     ],
     [
      168,
      1,
      1
     ],
     [
      169,
      1,
      7
     ],
     [
      170,
      128,
      10
     ]
    ],
    "39": [
     [
      37,
      1,
      1
     ],
     [
      38,
      1,
      9
     ],
     [
      39,
      4,
      10
     ],
     [
      43,
      1,
      9
     ],
     [
      45,
      1,
      4
     ],
     [
      46,
      2,
      10
     ],
     [
      48,
      1,
      8
     ],
     [
      49,
      1,
      4
     ],
     [
      53,
      1,
      4
     ],
     [
      57,
      1,
      3
     ],
     [
      76,
      1,
      5
     ],
     [
      77,
      1,
      9
     ],
     [
      78,
      1,
      10
     ],
     [
      79,
      1,
      8
     ],
     [
      80,
      1,
      6
     ],
     [
      87,
      1,
      7
     ],
     [
      88,
      1,
      4
     ],
     [
      170,
      1,
      5
     ],
     [
      171,
      131,
      10
     ],
     [
      302,
      1,
      4
     ]
    ],
    "40": [
     [
      38,
      1,
      6
     ],
     [
      39,
      4,
      10
     ],
     [
      43,
      1,
      6
     ],
     [
      45,
      1,
      2
     ],
     [
      46,
      2,
      10
     ],
     [
      48,
      1,
      7
     ],
     [
      49,
      1,
      3
     ],
     [
      53,
      1,
      2
     ],
     [
      57,
      1,
      7
     ],
     [
      58,
      1,
      8
     ],
     [
      77,
      1,
      7
     ],
     [
      78,
      3,
      10
     ],
     [
      81,
      1,
      1
     ],
     [
      87,
      1,
      5
     ],
     [
      88,
      1,
      9
     ],
     [
      89,
      1,
      6
     ],
     [
      170,
      1,
      1
     ],
     [
      171,
      131,
      10
     ],
     [
      302,
      1,
      3
     ]
    ],
    "41": [
     [
      29,
      1,
      4
     ],
     [
      39,
      1,
      7
     ],
     [
      40,
      4,
      10
     ],
     [
      44,
      1,
      8
     ],
     [
      45,
      5,
      10
     ],
     [
      50,
      1,
      6
     ],
     [
      56,
      1,
      4
     ],
     [
      57,
      2,
      10
     ],
     [
      59,
      1,
      6
     ],
     [
      77,
      1,
      2
     ],
     [
      78,
      3,
      10
     ],
     [
      88,
      1,
      1
     ],
     [
      89,
      1,
      6
     ],
     [
      171,
      1,
      6
     ],
     [
      172,
      130,
      10
     ]
    ],
    "42": [
     [
      28,
      2,
      2
     ],
     [
      40,
      12,
      10
     ],
     [
      52,
      1,
      5
     ],
     [
      55,
      1,
      2
     ],
     [
      56,
      2,
      9
     ],
     [
      58,
      1,
      3
     ],
     [
      78,
      1,
      9
     ],
     [
      79,
      1,
      10
     ],
     [
      80,
      1,
      5
     ],
     [
      171,
      1,
      2
     ],
     [
      172,
      129,
      10
     ],
     [
      301,
      1,
      9
     ]
    ],
    "43": [
     [
      27,
      1,
      1
     ],
     [
      28,
      1,
      4
     ],
     [
      39,
      1,
      1
     ],
     [
      40,
      11,
      10
     ],
     [
      51,
      1,
      1
     ],
     [
      78,
      1,
      4
     ],
     [
      79,
      1,
      3
     ],
     [
      166,
      1,
      4
     ],
     [
      167,
      1,
      8
     ],
     [
      168,
      1,
      6
     ],
     [
      169,
      1,
      2
     ],
     [
      172,
      129,
      10
     ],
     [
      301,
      1,
      6
     ]
    ],
    "44": [
     [
      26,
      1,
      3
     ],
     [
      27,
      1,
      9
     ],
     [
      40,
      1,
      7
     ],
     [
      41,
      8,
      10
     ],
     [
      49,
      1,
      8
     ],
     [
      166,
      1,
      4
     ],
     [
      167,
      2,
      10
     ],
     [
      169,
      1,
      8
     ],
     [
      172,
      1,
      6
     ],
     [
      173,
      128,
      10
     ],
     [
      301,
      1,
      4
     ]
    ],
    "45": [
     [
      25,
      1,
      6
     ],
     [
      26,
      1,
      3
     ],
     [
      27,
      1,
      2
     ],
     [
      40,
      1,
      5
     ],
     [
      41,
      8,
      10
     ],
     [
      49,
      1,
      2
     ],
     [
      166,
      1,
      1
     ],
     [
      167,
      1,
      4
     ],
     [
      168,
      1,
      7
     ],
     [
      169,
      1,
      9
     ],
     [
      172,
      1,
      5
     ],
     [
      173,
      128,
      10
     ],
     [
      301,
      1,
      3
     ]
    ],
    "46": [
     [
      24,
      1,
      7
     ],
     [
      25,
      1,
      9
     ],
     [
      26,
      1,
      1
     ],
     [
      38,
      1,
      1
     ],
     [
      39,
      1,
      6
     ],
     [
      40,
      1,
      9
     ],
     [
      41,
      8,
      10
     ],
     [
      168,
      1,
      6
     ],
     [
      169,
      1,
      10
     ],
     [
      173,
      128,
      10
     ]
    ],
    "47": [
     [
      19,
      1,
      1
     ],
     [
      20,
      1,
      5
     ],
     [
      21,
      1,
      2
     ],
     [
      24,
      2,
      1
     ],
     [
      37,
      1,
      1
     ],
     [
      38,
      1,
      9
     ],
     [
      39,
      10,
      10
     ],
     [
      49,
      1,
      3
     ],
     [
      168,
      1,
      3
     ],
     [
      169,
      1,
      10
     ],
     [
      173,
      1,
      8
     ],
     [
      174,
      126,
      10
     ],
     [
      300,
      1,
      8
     ]
    ],
    "48": [
     [
      18,
      1,
      6
     ],
     [
      19,
      1,
      9
     ],
     [
      20,
      2,
      4
     ],
     [
      37,
      1,
      7
     ],
     [
      38,
      10,
      10
     ],
     [
      48,
      1,
      8
     ],
     [
      67,
      1,
      3
     ],
     [
      68,
      1,
      1
     ],
     [
      167,
      1,
      1
     ],
     [
      168,
      1,
      10
     ],
     [
      169,
      1,
      9
     ],
     [
      170,
      1,
      1
     ],
     [
      173,
      1,
      6
     ],
     [
      174,
      126,
      10
     ],
     [
      300,
      1,
      7
     ]
    ],
    "49": [
     [
      16,
      1,
      2
     ],
     [
      17,
      2,
      6
     ],
     [
      19,
      1,
      1
     ],
     [
      35,
      1,
      1
     ],
     [
      36,
      1,
      6
     ],
     [
      37,
      10,
      10
     ],
     [
      47,
      1,
      6
     ],
     [
      67,
      1,
      2
     ],
     [
      68,
      1,
      8
     ],
     [
      69,
      1,
      2
     ],
     [
      167,
      3,
      10
     ],
     [
      170,
      1,
      4
     ],
     [
      173,
      1,
      4
     ],
     [
      174,
      126,
      10
     ],
     [
      300,
      1,
      4
     ]
    ],
    "50": [
     [
      15,
      1,
      2
     ],
     [
      16,
      1,
      7
     ],
     [
      35,
      1,
      5
     ],
     [
      36,
      11,
      10
     ],
     [
      47,
      1,
      1
     ],
     [
      166,
      1,
      1
     ],
     [
      167,
      1,
      3
     ],
     [
      168,
      1,
      8
     ],
     [
      169,
      1,
      10
     ],
     [
      173,
      1,
      2
     ],
     [
      174,
      44,
      10
     ],
     [
      218,
      1,
      6
     ],
     [
      219,
      1,
      7
     ],
     [
      220,
      1,
      9
     ],
     [
      221,
      79,
      10
     ],
     [
      300,
      1,
      2
     ]
    ],
    "51": [
     [
      16,
      1,
      3
     ],
     [
      33,
      1,
      1
     ],
     [
      35,
      11,
      10
     ],
     [
      46,
      1,
      2
     ],
     [
      169,
      1,
      4
     ],
     [
      174,
      41,
      10
     ],
     [
      215,
      1,
      8
     ],
     [
      216,
      1,
      3
     ],
     [
      217,
      1,
      1
     ],
     [
      220,
      80,
      10
     ]
    ],
    "52": [
     [
      15,
      1,
      1
     ],
     [
      33,
      1,
      6
     ],
     [
      34,
      11,
      10
     ],
     [
      45,
      1,
      2
     ],
     [
      173,
      1,
      2
     ],
     [
      174,
      34,
      10
     ],
     [
      208,
      1,
      3
     ],
     [
      209,
      1,
      1
     ],
     [
      211,
      1,
      3
     ],
     [
      212,
      1,
      9
     ],
     [
      213,
      1,
      10
     ],
     [
      214,
      1,
      4
     ],
     [
      219,
      1,
      1
     ],
     [
      220,
      79,
      10
     ],
     [
      299,
      1,
      8
     ]
    ],
    "53": [
     [
      33,
      1,
      4
     ],
     [
      34,
      1,
      7
     ],
     [
      35,
      9,
      10
     ],
     [
      44,
      1,
      2
     ],
     [
      174,
      33,
      10
     ],
     [
      207,
      1,
      4
     ],
     [
      210,
      1,
      3
     ],
     [
      212,
      1,
      7
     ],
     [
      213,
      1,
      10
     ],
     [
      214,
      1,
      8
     ],
     [
      215,
      1,
      1
     ],
     [
      219,
      1,
      5
     ],
     [
      220,
      79,
      10
     ],
     [
      299,
      1,
      6
     ]
    ],
    "54": [
     [
      35,
      1,
      9
     ],
     [
      36,
      1,
      5
     ],
     [
      37,
      1,
      2
     ],
     [
      38,
      1,
      7
     ],
     [
      39,
      4,
      10
     ],
     [
      43,
      1,
      9
     ],
     [
      171,
      1,
      7
     ],
     [
      173,
      1,
      1
     ],
     [
      174,
      33,
      10
     ],
     [
      207,
      1,
      7
     ],
     [
      208,
      1,
      3
     ],
     [
      210,
      1,
      1
     ],
     [
      211,
      1,
      7
     ],
     [
      212,
      3,
      10
     ],
     [
      217,
      2,
      6
     ],
     [
      219,
      80,
      10
     ],
     [
      299,
      1,
      3
     ]
    ],
    "55": [
     [
      12,
      1,
      1
     ],
     [
      35,
      1,
      2
     ],
     [
      38,
      6,
      10
     ],
     [
      44,
      1,
      2
     ],
     [
      173,
      1,
      2
     ],
     [
      174,
      30,
      10
     ],
     [
      204,
      1,
      9
     ],
     [
      205,
      1,
      8
     ],
     [
      206,
      1,
      10
     ],
     [
      207,
      1,
      8
     ],
     [
      208,
      1,
      1
     ],
     [
      211,
      1,
      3
     ],
     [
      212,
      1,
      6
     ],
     [
      213,
      1,
      4
     ],
     [
      218,
      1,
      6
     ],
     [
      219,
      80,
      10
     ],
     [
      299,
      1,
      2
     ]
    ],
    "56": [
     [
      36,
      1,
      1
     ],
     [
      38,
      1,
      7
     ],
     [
      39,
      1,
      5
     ],
     [
      40,
      1,
      9
     ],
     [
      41,
      3,
      10
     ],
     [
      44,
      1,
      4
     ],
     [
      173,
      1,
      3
     ],
     [
      174,
      29,
      10
     ],
     [
      203,
      1,
      6
     ],
     [
      204,
      1,
      2
     ],
     [
      206,
      1,
      6
     ],
     [
      214,
      1,
      1
     ],
     [
      215,
      1,
      2
     ],
     [
      217,
      1,
      9
     ],
     [
      218,
      81,
      10
     ]
    ],
    "57": [
     [
      40,
      1,
      4
     ],
     [
      41,
      4,
      10
     ],
     [
      45,
      1,
      9
     ],
     [
      46,
      1,
      6
     ],
     [
      47,
      1,
      5
     ],
     [
      48,
      1,
      4
     ],
     [
      49,
      1,
      3
     ],
     [
      50,
      1,
      9
     ],
     [
      173,
      1,
      5
     ],
     [
      174,
      28,
      10
     ],
     [
      202,
      1,
      7
     ],
     [
      205,
      1,
      3
     ],
     [
      206,
      1,
      1
     ],
     [
      214,
      1,
      6
     ],
     [
      215,
      83,
      10
     ],
     [
      298,
      1,
      8
     ]
    ],
    "58": [
     [
      39,
      1,
      2
     ],
     [
      40,
      1,
      8
     ],
     [
      41,
      10,
      10
     ],
     [
      51,
      1,
      3
     ],
     [
      173,
      1,
      5
     ],
     [
      174,
      20,
      10
     ],
     [
      194,
      1,
      9
     ],
     [
      195,
      1,
      6
     ],
     [
      196,
      1,
      9
     ],
     [
      197,
      2,
      10
     ],
     [
      199,
      1,
      9
     ],
     [
      200,
      3,
      10
     ],
     [
      203,
      1,
      5
     ],
     [
      204,
      1,
      1
     ],
     [
      213,
      1,
      6
     ],
     [
      214,
      1,
      9
     ],
     [
      215,
      83,
      10
     ],
     [
      298,
      1,
      5
     ]
    ],
    "59": [
     [
      11,
      1,
      1
     ],
     [
      39,
      1,
      8
     ],
     [
      40,
      9,
      10
     ],
     [
      49,
      1,
      8
     ],
     [
      50,
      1,
      4
     ],
     [
      51,
      1,
      5
     ],
     [
      52,
      1,
      4
     ],
     [
      53,
      1,
      2
     ],
     [
      173,
      1,
      3
     ],
     [
      174,
      20,
      10
     ],
     [
      194,
      1,
      5
     ],
     [
      196,
      1,
      7
     ],
     [
      197,
      2,
      10
     ],
     [
      200,
      1,
      5
     ],
     [
      201,
      3,
      10
     ],
     [
      204,
      1,
      2
     ],
     [
      212,
      1,
      5
     ],
     [
      213,
      85,
      10
     ],
     [
      298,
      1,
      4
     ]
    ],
    "60": [
     [
      39,
      10,
      10
     ],
     [
      49,
      1,
      5
     ],
     [
      51,
      2,
      2
     ],
     [
      53,
      1,
      1
     ],
     [
      54,
      1,
      7
     ],
     [
      55,
      1,
      1
     ],
     [
      173,
      1,
      6
     ],
     [
      174,
      21,
      10
     ],
     [
      195,
      2,
      9
     ],
     [
      197,
      1,
      10
     ],
     [
      198,
      1,
      8
     ],
     [
      200,
      1,
      4
     ],
     [
      201,
      2,
      10
     ],
     [
      203,
      1,
      3
     ],
     [
      211,
      1,
      6
     ],
     [
      212,
      86,
      10
     ]
    ],
    "61": [
     [
      38,
      1,
      5
     ],
     [
      39,
      10,
      10
     ],
     [
      49,
      1,
      6
     ],
     [
      173,
      1,
      4
     ],
     [
      174,
      24,
      10
     ],
     [
      198,
      1,
      8
     ],
     [
      199,
      1,
      5
     ],
     [
      200,
      1,
      8
     ],
     [
      201,
      2,
      10
     ],
     [
      203,
      1,
      5
     ],
     [
      204,
      1,
      4
     ],
     [
      205,
      2,
      2
     ],
     [
      207,
      1,
      4
     ],
     [
      208,
      1,
      3
     ],
     [
      209,
      1,
      9
     ],
     [
      210,
      1,
      7
     ],
     [
      211,
      1,
      9
     ],
     [
      212,
      86,
      10
     ]
    ],
    "62": [
     [
      36,
      1,
      4
     ],
     [
      37,
      1,
      5
     ],
     [
      38,
      1,
      8
     ],
     [
      39,
      9,
      10
     ],
     [
      48,
      1,
      9
     ],
     [
      49,
      1,
      1
     ],
     [
      173,
      1,
      8
     ],
     [
      174,
      123,
      10
     ],
     [
      297,
      1,
      6
     ]
    ],
    "63": [
     [
      34,
      1,
      3
     ],
     [
      35,
      1,
      6
     ],
     [
      36,
      1,
      9
     ],
     [
      37,
      10,
      10
     ],
     [
      47,
      1,
      5
     ],
     [
      48,
      1,
      1
     ],
     [
      73,
      1,
      1
     ],
     [
      173,
      1,
      9
     ],
     [
      174,
      19,
      10
     ],
     [
      193,
      1,
      8
     ],
     [
      194,
      1,
      5
     ],
     [
      195,
      1,
      9
     ],
     [
      196,
      101,
      10
     ],
     [
      297,
      1,
      5
     ]
    ],
    "64": [
     [
      34,
      1,
      8
     ],
     [
      35,
      1,
      1
     ],
     [
      37,
      10,
      10
     ],
     [
      47,
      1,
      1
     ],
     [
      73,
      1,
      6
     ],
     [
      74,
      1,
      1
     ],
     [
      173,
      20,
      10
     ],
     [
      193,
      1,
      4
     ],
     [
      195,
      1,
      7
     ],
     [
      196,
      101,
      10
     ],
     [
      297,
      1,
      3
     ]
    ],
    "65": [
     [
      36,
      1,
      3
     ],
     [
      37,
      10,
      10
     ],
     [
      47,
      1,
      8
     ],
     [
      48,
      1,
      3
     ],
     [
      49,
      1,
      4
     ],
     [
      70,
      1,
      2
     ],
     [
      71,
      1,
      6
     ],
     [
      72,
      1,
      1
     ],
     [
      160,
      1,
      4
     ],
     [
      161,
      1,
      2
     ],
     [
      167,
      1,
      5
     ],
     [
      168,
      1,
      8
     ],
     [
      169,
      1,
      2
     ],
     [
      173,
      19,
      10
     ],
     [
      192,
      1,
      8
     ],
     [
      193,
      1,
      2
     ],
     [
      194,
      1,
      1
     ],
     [
      195,
      102,
      10
     ]
    ],
    "66": [
     [
      35,
      1,
      4
     ],
     [
      36,
      1,
      7
     ],
     [
      37,
      13,
      10
     ],
     [
      66,
      1,
      7
     ],
     [
      67,
      1,
      6
     ],
     [
      68,
      2,
      5
     ],
     [
      70,
      2,
      9
     ],
     [
      79,
      1,
      3
     ],
     [
      161,
      1,
      2
     ],
     [
      162,
      1,
      6
     ],
     [
      163,
      1,
      7
     ],
     [
      164,
      2,
      3
     ],
     [
      166,
      1,
      6
     ],
     [
      167,
      2,
      10
     ],
     [
      169,
      1,
      6
     ],
     [
      170,
      1,
      1
     ],
     [
      172,
      1,
      1
     ],
     [
      173,
      15,
      10
     ],
     [
      188,
      1,
      9
     ],
     [
      194,
      1,
      1
     ],
     [
      195,
      1,
      6
     ],
     [
      196,
      100,
      10
     ],
     [
      296,
      1,
      9
     ]
    ],
    "67": [
     [
      33,
      1,
      3
     ],
     [
      34,
      1,
      7
     ],
     [
      35,
      1,
      9
     ],
     [
      36,
      13,
      10
     ],
     [
      49,
      1,
      5
     ],
     [
      62,
      1,
      2
     ],
     [
      63,
      2,
      1
     ],
     [
      65,
      1,
      9
     ],
     [
      66,
      2,
      5
     ],
     [
      68,
      1,
      10
     ],
     [
      69,
      1,
      7
     ],
     [
      70,
      1,
      3
     ],
     [
      163,
      1,
      2
     ],
     [
      164,
      1,
      5
     ],
     [
      165,
      1,
      8
     ],
     [
      166,
      2,
      10
     ],
     [
      168,
      1,
      7
     ],
     [
      169,
      1,
      1
     ],
     [
      172,
      1,
      1
     ],
     [
      173,
      14,
      10
     ],
     [
      187,
      1,
      9
     ],
     [
      188,
      1,
      1
     ],
     [
      195,
      1,
      3
     ],
     [
      196,
      100,
      10
     ],
     [
      296,
      1,
      7
     ]
    ],
    "68": [
     [
      34,
      1,
      2
     ],
     [
      35,
      1,
      9
     ],
     [
      36,
      13,
      10
     ],
     [
      55,
      2,
      2
     ],
     [
      57,
      1,
      3
     ],
     [
      62,
      1,
      4
     ],
     [
      63,
      3,
      10
     ],
     [
      68,
      1,
      4
     ],
     [
      166,
      1,
      1
     ],
     [
      167,
      1,
      2
     ],
     [
      168,
      1,
      1
     ],
     [
      172,
      1,
      3
     ],
     [
      173,
      14,
      10
     ],
     [
      187,
      1,
      4
     ],
     [
      195,
      1,
      1
     ],
     [
      196,
      100,
      10
     ],
     [
      296,
      1,
      8
     ]
    ],
    "69": [
     [
      35,
      1,
      4
     ],
     [
      36,
      1,
      9
     ],
     [
      37,
      4,
      10
     ],
     [
      41,
      1,
      8
     ],
     [
      42,
      1,
      4
     ],
     [
      43,
      1,
      1
     ],
     [
      44,
      1,
      2
     ],
     [
      45,
      1,
      4
     ],
     [
      46,
      1,
      9
     ],
     [
      47,
      1,
      10
     ],
     [
      48,
      1,
      9
     ],
     [
      51,
      1,
      4
     ],
     [
      55,
      1,
      8
     ],
     [
      56,
      2,
      10
     ],
     [
      58,
      1,
      5
     ],
     [
      62,
      1,
      7
     ],
     [
      63,
      1,
      10
     ],
     [
      64,
      1,
      9
     ],
     [
      79,
      1,
      1
     ],
     [
      169,
      1,
      3
     ],
     [
      170,
      1,
      2
     ],
     [
      172,
      1,
      9
     ],
     [
      173,
      11,
      10
     ],
     [
      184,
      1,
      9
     ],
     [
      185,
      1,
      2
     ],
     [
      186,
      1,
      3
     ],
     [
      193,
      1,
      2
     ],
     [
      194,
      1,
      7
     ],
     [
      195,
      1,
      8
     ],
     [
      196,
      100,
      10
     ],
     [
      296,
      1,
      6
     ]
    ],
    "70": [
     [
      37,
      2,
      6
     ],
     [
      39,
      1,
      2
     ],
     [
      40,
      1,
      1
     ],
     [
      41,
      1,
      2
     ],
     [
      46,
      1,
      9
     ],
     [
      47,
      1,
      10
     ],
     [
      48,
      1,
      7
     ],
     [
      49,
      1,
      1
     ],
     [
      50,
      1,
      2
     ],
     [
      53,
      1,
      1
     ],
     [
      54,
      1,
      7
     ],
     [
      55,
      4,
      10
     ],
     [
      59,
      1,
      9
     ],
     [
      60,
      2,
      6
     ],
     [
      62,
      1,
      4
     ],
     [
      134,
      2,
      1
     ],
     [
      166,
      1,
      2
     ],
     [
      167,
      1,
      1
     ],
     [
      168,
      1,
      6
     ],
     [
      169,
      1,
      3
     ],
     [
      171,
      1,
      3
     ],
     [
      172,
      12,
      10
     ],
     [
      184,
      1,
      9
     ],
     [
      194,
      1,
      1
     ],
     [
      195,
      101,
      10
     ],
     [
      296,
      1,
      4
     ]
    ],
    "71": [
     [
      35,
      1,
      3
     ],
     [
      37,
      2,
      2
     ],
     [
      42,
      1,
      4
     ],
     [
      46,
      1,
      8
     ],
     [
      47,
      1,
      10
     ],
     [
      48,
      1,
      8
     ],
     [
      49,
      1,
      5
     ],
     [
      51,
      1,
      2
     ],
     [
      52,
      1,
      6
     ],
     [
      53,
      1,
      8
     ],
     [
      54,
      7,
      10
     ],
     [
      61,
      1,
      9
     ],
     [
      62,
      1,
      2
     ],
     [
      166,
      1,
      9
     ],
     [
      167,
      2,
      10
     ],
     [
      171,
      1,
      3
     ],
     [
      172,
      12,
      10
     ],
     [
      184,
      1,
      7
     ],
     [
      194,
      1,
      1
     ],
     [
      195,
      101,
      10
     ],
     [
      296,
      1,
      2
     ]
    ],
    "72": [
     [
      34,
      2,
      1
     ],
     [
      40,
      1,
      1
     ],
     [
      41,
      1,
      5
     ],
     [
      42,
      1,
      2
     ],
     [
      46,
      1,
      4
     ],
     [
      47,
      1,
      10
     ],
     [
      48,
      1,
      1
     ],
     [
      51,
      1,
      2
     ],
     [
      52,
      8,
      10
     ],
     [
      60,
      1,
      9
     ],
     [
      61,
      1,
      3
     ],
     [
      165,
      1,
      1
     ],
     [
      166,
      3,
      10
     ],
     [
      169,
      1,
      6
     ],
     [
      172,
      11,
      10
     ],
     [
      183,
      2,
      1
     ],
     [
      192,
      1,
      4
     ],
     [
      193,
      1,
      1
     ],
     [
      194,
      1,
      3
     ],
     [
      195,
      1,
      8
     ],
     [
      196,
      100,
      10
     ]
    ],
    "73": [
     [
      38,
      1,
      8
     ],
     [
      39,
      1,
      9
     ],
     [
      40,
      1,
      3
     ],
     [
      41,
      1,
      1
     ],
     [
      46,
      1,
      5
     ],
     [
      47,
      1,
      10
     ],
     [
      48,
      2,
      9
     ],
     [
      50,
      1,
      5
     ],
     [
      51,
      1,
      4
     ],
     [
      52,
      4,
      10
     ],
     [
      56,
      1,
      9
     ],
     [
      57,
      1,
      6
     ],
     [
      58,
      1,
      7
     ],
     [
      59,
      1,
      10
     ],
     [
      60,
      1,
      1
     ],
     [
      165,
      1,
      5
     ],
     [
      166,
      4,
      10
     ],
     [
      172,
      10,
      10
     ],
     [
      182,
      1,
      4
     ],
     [
      191,
      1,
      2
     ],
     [
      192,
      1,
      9
     ],
     [
      193,
      1,
      1
     ],
     [
      195,
      1,
      4
     ],
     [
      196,
      1,
      9
     ],
     [
      197,
      98,
      10
     ],
     [
      295,
      1,
      8
     ]
    ],
    "74": [
     [
      34,
      1,
      2
     ],
     [
      35,
      1,
      6
     ],
     [
      37,
      1,
      1
     ],
     [
      38,
      4,
      10
     ],
     [
      42,
      1,
      8
     ],
     [
      46,
      1,
      6
     ],
     [
      47,
      8,
      10
     ],
     [
      55,
      1,
      9
     ],
     [
      56,
      1,
      3
     ],
     [
      59,
      1,
      4
     ],
     [
      165,
      1,
      4
     ],
     [
      166,
      4,
      10
     ],
     [
      172,
      1,
      8
     ],
     [
      173,
      9,
      10
     ],
     [
      182,
      1,
      2
     ],
     [
      190,
      1,
      1
     ],
     [
      191,
      1,
      9
     ],
     [
      192,
      2,
      10
     ],
     [
      194,
      1,
      3
     ],
     [
      196,
      99,
      10
     ],
     [
      295,
      1,
      7
     ]
    ],
    "75": [
     [
      34,
      1,
      1
     ],
     [
      35,
      1,
      2
     ],
     [
      37,
      1,
      3
     ],
     [
      38,
      4,
      10
     ],
     [
      42,
      1,
      6
     ],
     [
      46,
      1,
      3
     ],
     [
      47,
      8,
      10
     ],
     [
      55,
      1,
      7
     ],
     [
      166,
      1,
      1
     ],
     [
      167,
      3,
      2
     ],
     [
      171,
      1,
      3
     ],
     [
      172,
      9,
      10
     ],
     [
      181,
      1,
      8
     ],
     [
      191,
      1,
      4
     ],
     [
      192,
      103,
      10
     ],
     [
      295,
      1,
      4
     ]
    ],
    "76": [
     [
      38,
      1,
      8
     ],
     [
      39,
      3,
      10
     ],
     [
      42,
      1,
      4
     ],
     [
      46,
      1,
      8
     ],
     [
      47,
      7,
      10
     ],
     [
      54,
      1,
      4
     ],
     [
      55,
      1,
      1
     ],
     [
      171,
      1,
      6
     ],
     [
      172,
      8,
      10
     ],
     [
      180,
      1,
      7
     ],
     [
      187,
      2,
      1
     ],
     [
      190,
      1,
      2
     ],
     [
      191,
      1,
      7
     ],
     [
      192,
      103,
      10
     ],
     [
      295,
      1,
      2
     ]
    ],
    "77": [
     [
      33,
      1,
      2
     ],
     [
      35,
      2,
      1
     ],
     [
      38,
      1,
      8
     ],
     [
      39,
      3,
      10
     ],
     [
      42,
      1,
      8
     ],
     [
      45,
      1,
      1
     ],
     [
      46,
      3,
      10
     ],
     [
      49,
      1,
      6
     ],
     [
      50,
      1,
      3
     ],
     [
      51,
      1,
      5
     ],
     [
      52,
      1,
      10
     ],
     [
      53,
      1,
      6
     ],
     [
      171,
      1,
      6
     ],
     [
      172,
      7,
      10
     ],
     [
      179,
      1,
      9
     ],
     [
      187,
      1,
      6
     ],
     [
      188,
      2,
      10
     ],
     [
      190,
      1,
      9
     ],
     [
      191,
      104,
      10
     ]
    ],
    "78": [
     [
      33,
      1,
      2
     ],
     [
      34,
      1,
      5
     ],
     [
      35,
      1,
      6
     ],
     [
      36,
      1,
      2
     ],
     [
      38,
      4,
      10
     ],
     [
      42,
      1,
      8
     ],
     [
      46,
      1,
      5
     ],
     [
      47,
      1,
      4
     ],
     [
      48,
      1,
      2
     ],
     [
      51,
      1,
      4
     ],
     [
      52,
      1,
      10
     ],
     [
      53,
      1,
      4
     ],
     [
      171,
      1,
      7
     ],
     [
      172,
      7,
      10
     ],
     [
      187,
      1,
      8
     ],
     [
      188,
      106,
      10
     ],
     [
      294,
      1,
      8
     ]
    ],
    "79": [
     [
      32,
      1,
      1
     ],
     [
      33,
      1,
      5
     ],
     [
      34,
      1,
      10
     ],
     [
      35,
      1,
      7
     ],
     [
      38,
      1,
      1
     ],
     [
      39,
      1,
      5
     ],
     [
      40,
      3,
      10
     ],
     [
      43,
      1,
      3
     ],
     [
      47,
      1,
      2
     ],
     [
      52,
      1,
      4
     ],
     [
      53,
      1,
      3
     ],
     [
      171,
      8,
      10
     ],
     [
      179,
      1,
      4
     ],
     [
      181,
      1,
      7
     ],
     [
      182,
      1,
      6
     ],
     [
      183,
      1,
      5
     ],
     [
      187,
      107,
      10
     ],
     [
      294,
      1,
      6
     ]
    ],
    "80": [
     [
      32,
      1,
      6
     ],
     [
      33,
      2,
      10
     ],
     [
      35,
      1,
      9
     ],
     [
      36,
      1,
      7
     ],
     [
      37,
      1,
      2
     ],
     [
      38,
      1,
      3
     ],
     [
      39,
      1,
      2
     ],
     [
      40,
      2,
      7
     ],
     [
      42,
      1,
      9
     ],
     [
      43,
      1,
      2
     ],
     [
      47,
      1,
      2
     ],
     [
      171,
      1,
      9
     ],
     [
      172,
      8,
      10
     ],
     [
      180,
      1,
      9
     ],
     [
      181,
      1,
      5
     ],
     [
      182,
      2,
      9
     ],
     [
      184,
      1,
      2
     ],
     [
      186,
      1,
      2
     ],
     [
      187,
      107,
      10
     ],
     [
      294,
      1,
      3
     ]
    ],
    "81": [
     [
      31,
      1,
      2
     ],
     [
      32,
      6,
      10
     ],
     [
      38,
      1,
      6
     ],
     [
      42,
      1,
      5
     ],
     [
      53,
      1,
      2
     ],
     [
      54,
      1,
      7
     ],
     [
      170,
      1,
      1
     ],
     [
      171,
      8,
      10
     ],
     [
      179,
      2,
      1
     ],
     [
      182,
      1,
      4
     ],
     [
      183,
      1,
      6
     ],
     [
      184,
      1,
      3
     ],
     [
      185,
      1,
      6
     ],
     [
      186,
      1,
      9
     ],
     [
      187,
      17,
      10
     ],
     [
      204,
      2,
      3
     ],
     [
      206,
      1,
      8
     ],
     [
      207,
      87,
      10
     ],
     [
      294,
      1,
      1
     ]
    ],
    "82": [
     [
      32,
      1,
      8
     ],
     [
      33,
      5,
      10
     ],
     [
      38,
      1,
      2
     ],
     [
      42,
      1,
      7
     ],
     [
      43,
      1,
      1
     ],
     [
      54,
      1,
      1
     ],
     [
      170,
      1,
      5
     ],
     [
      171,
      7,
      10
     ],
     [
      178,
      1,
      4
     ],
     [
      183,
      1,
      1
     ],
     [
      184,
      1,
      9
     ],
     [
      185,
      19,
      10
     ],
     [
      204,
      2,
      3
     ],
     [
      206,
      1,
      8
     ],
     [
      207,
      87,
      10
     ]
    ],
    "83": [
     [
      33,
      1,
      2
     ],
     [
      34,
      1,
      6
     ],
     [
      35,
      3,
      10
     ],
     [
      42,
      1,
      4
     ],
     [
      43,
      1,
      7
     ],
     [
      170,
      1,
      6
     ],
     [
      171,
      5,
      10
     ],
     [
      176,
      1,
      9
     ],
     [
      177,
      1,
      1
     ],
     [
      181,
      1,
      1
     ],
     [
      182,
      2,
      4
     ],
     [
      184,
      109,
      10
     ],
     [
      293,
      1,
      7
     ]
    ],
    "84": [
     [
      35,
      1,
      8
     ],
     [
      36,
      2,
      10
     ],
     [
      38,
      1,
      4
     ],
     [
      42,
      1,
      1
     ],
     [
      43,
      1,
      8
     ],
     [
      170,
      1,
      7
     ],
     [
      171,
      3,
      10
     ],
     [
      174,
      1,
      9
     ],
     [
      175,
      1,
      10
     ],
     [
      176,
      1,
      8
     ],
     [
      177,
      1,
      1
     ],
     [
      179,
      1,
      1
     ],
     [
      182,
      1,
      4
     ],
     [
      183,
      110,
      10
     ],
     [
      293,
      1,
      6
     ]
    ],
    "85": [
     [
      32,
      1,
      1
     ],
     [
      33,
      1,
      3
     ],
     [
      35,
      1,
      4
     ],
     [
      36,
      3,
      10
     ],
     [
      39,
      1,
      6
     ],
     [
      42,
      1,
      1
     ],
     [
      43,
      1,
      10
     ],
     [
      44,
      1,
      9
     ],
     [
      57,
      1,
      3
     ],
     [
      58,
      1,
      2
     ],
     [
      165,
      1,
      2
     ],
     [
      166,
      1,
      1
     ],
     [
      170,
      3,
      10
     ],
     [
      173,
      1,
      8
     ],
     [
      175,
      1,
      4
     ],
     [
      176,
      1,
      10
     ],
     [
      177,
      1,
      8
     ],
     [
      179,
      1,
      1
     ],
     [
      180,
      1,
      4
     ],
     [
      181,
      1,
      7
     ],
     [
      182,
      111,
      10
     ],
     [
      293,
      1,
      4
     ]
    ],
    "86": [
     [
      32,
      1,
      2
     ],
     [
      33,
      1,
      8
     ],
     [
      34,
      1,
      4
     ],
     [
      35,
      1,
      8
     ],
     [
      36,
      4,
      10
     ],
     [
      40,
      1,
      7
     ],
     [
      42,
      1,
      1
     ],
     [
      43,
      2,
      10
     ],
     [
      45,
      1,
      8
     ],
     [
      57,
      1,
      1
     ],
     [
      159,
      1,
      1
     ],
     [
      160,
      1,
      2
     ],
     [
      162,
      1,
      4
     ],
     [
      163,
      1,
      9
     ],
     [
      164,
      3,
      10
     ],
     [
      167,
      1,
      6
     ],
     [
      169,
      1,
      1
     ],
     [
      170,
      3,
      10
     ],
     [
      173,
      1,
      8
     ],
     [
      174,
      1,
      3
     ],
     [
      175,
      1,
      1
     ],
     [
      176,
      1,
      8
     ],
     [
      177,
      1,
      7
     ],
     [
      180,
      1,
      9
     ],
     [
      181,
      112,
      10
     ]
    ],
    "87": [
     [
      30,
      2,
      4
     ],
     [
      33,
      1,
      3
     ],
     [
      34,
      6,
      10
     ],
     [
      40,
      1,
      9
     ],
     [
      41,
      1,
      7
     ],
     [
      42,
      4,
      10
     ],
     [
      46,
      1,
      1
     ],
     [
      159,
      1,
      4
     ],
     [
      160,
      14,
      10
     ],
     [
      174,
      1,
      6
     ],
     [
      175,
      2,
      1
     ],
     [
      177,
      1,
      10
     ],
     [
      180,
      112,
      10
     ],
     [
      292,
      1,
      9
     ]
    ],
    "88": [
     [
      29,
      2,
      2
     ],
     [
      35,
      1,
      8
     ],
     [
      36,
      10,
      10
     ],
     [
      46,
      1,
      1
     ],
     [
      56,
      1,
      2
     ],
     [
      57,
      1,
      3
     ],
     [
      159,
      1,
      7
     ],
     [
      160,
      14,
      10
     ],
     [
      174,
      1,
      7
     ],
     [
      175,
      1,
      4
     ],
     [
      176,
      1,
      9
     ],
     [
      177,
      2,
      1
     ],
     [
      179,
      1,
      5
     ],
     [
      180,
      112,
      10
     ],
     [
      292,
      1,
      7
     ]
    ],
    "89": [
     [
      29,
      1,
      1
     ],
     [
      30,
      1,
      2
     ],
     [
      32,
      1,
      3
     ],
     [
      33,
      1,
      1
     ],
     [
      34,
      1,
      5
     ],
     [
      35,
      5,
      10
     ],
     [
      40,
      1,
      9
     ],
     [
      41,
      5,
      10
     ],
     [
      46,
      1,
      8
     ],
     [
      53,
      1,
      2
     ],
     [
      54,
      1,
      5
     ],
     [
      55,
      1,
      3
     ],
     [
      56,
      1,
      10
     ],
     [
      57,
      1,
      9
     ],
     [
      158,
      1,
      7
     ],
     [
      159,
      17,
      10
     ],
     [
      176,
      1,
      8
     ],
     [
      177,
      1,
      3
     ],
     [
      178,
      1,
      6
     ],
     [
      179,
      113,
      10
     ],
     [
      292,
      1,
      6
     ]
    ],
    "90": [
     [
      30,
      1,
      2
     ],
     [
      31,
      1,
      3
     ],
     [
      32,
      1,
      9
     ],
     [
      33,
      1,
      8
     ],
     [
      34,
      5,
      10
     ],
     [
      39,
      1,
      7
     ],
     [
      42,
      1,
      7
     ],
     [
      43,
      2,
      10
     ],
     [
      45,
      1,
      7
     ],
     [
      46,
      2,
      8
     ],
     [
      48,
      1,
      6
     ],
     [
      49,
      1,
      2
     ],
     [
      53,
      1,
      5
     ],
     [
      54,
      3,
      10
     ],
     [
      57,
      1,
      7
     ],
     [
      154,
      1,
      1
     ],
     [
      157,
      1,
      7
     ],
     [
      158,
      134,
      10
     ],
     [
      292,
      1,
      3
     ]
    ],
    "91": [
     [
      30,
      2,
      2
     ],
     [
      32,
      1,
      3
     ],
     [
      33,
      1,
      6
     ],
     [
      34,
      5,
      10
     ],
     [
      39,
      1,
      6
     ],
     [
      42,
      1,
      1
     ],
     [
      43,
      1,
      5
     ],
     [
      44,
      1,
      7
     ],
     [
      46,
      1,
      3
     ],
     [
      47,
      2,
      10
     ],
     [
      49,
      1,
      3
     ],
     [
      53,
      4,
      10
     ],
     [
      57,
      1,
      2
     ],
     [
      152,
      1,
      2
     ],
     [
      153,
      1,
      1
     ],
     [
      155,
      1,
      1
     ],
     [
      156,
      1,
      9
     ],
     [
      157,
      135,
      10
     ]
    ],
    "92": [
     [
      36,
      1,
      8
     ],
     [
      37,
      2,
      10
     ],
     [
      39,
      1,
      8
     ],
     [
      46,
      1,
      8
     ],
     [
      47,
      3,
      10
     ],
     [
      50,
      1,
      4
     ],
     [
      53,
      1,
      2
     ],
     [
      54,
      2,
      10
     ],
     [
      56,
      1,
      8
     ],
     [
      152,
      1,
      1
     ],
     [
      154,
      1,
      3
     ],
     [
      155,
      136,
      10
     ],
     [
      291,
      1,
      9
     ]
    ],
    "93": [
     [
      36,
      1,
      7
     ],
     [
      37,
      2,
      10
     ],
     [
      39,
      1,
      9
     ],
     [
      40,
      1,
      1
     ],
     [
      45,
      1,
      1
     ],
     [
      46,
      1,
      2
     ],
     [
      49,
      1,
      3
     ],
     [
      50,
      1,
      10
     ],
     [
      51,
      1,
      6
     ],
     [
      52,
      1,
      4
     ],
     [
      53,
      1,
      5
     ],
     [
      54,
      2,
      10
     ],
     [
      56,
      1,
      9
     ],
     [
      153,
      1,
      1
     ],
     [
      154,
      18,
      10
     ],
     [
      172,
      1,
      8
     ],
     [
      173,
      118,
      10
     ],
     [
      291,
      1,
      7
     ]
    ],
    "94": [
     [
      36,
      1,
      6
     ],
     [
      37,
      3,
      10
     ],
     [
      40,
      1,
      5
     ],
     [
      47,
      1,
      2
     ],
     [
      48,
      1,
      1
     ],
     [
      49,
      1,
      8
     ],
     [
      50,
      6,
      10
     ],
     [
      56,
      1,
      9
     ],
     [
      150,
      1,
      4
     ],
     [
      151,
      2,
      10
     ],
     [
      153,
      1,
      9
     ],
     [
      154,
      17,
      10
     ],
     [
      171,
      1,
      8
     ],
     [
      174,
      117,
      10
     ],
     [
      291,
      1,
      3
     ]
    ],
    "95": [
     [
      31,
      1,
      1
     ],
     [
      32,
      1,
      4
     ],
     [
      33,
      1,
      8
     ],
     [
      34,
      1,
      2
     ],
     [
      35,
      1,
      5
     ],
     [
      36,
      1,
      9
     ],
     [
      37,
      3,
      10
     ],
     [
      40,
      1,
      7
     ],
     [
      46,
      1,
      4
     ],
     [
      49,
      1,
      6
     ],
     [
      50,
      7,
      10
     ],
     [
      57,
      1,
      1
     ],
     [
      150,
      1,
      6
     ],
     [
      151,
      20,
      10
     ],
     [
      171,
      1,
      9
     ],
     [
      172,
      2,
      7
     ],
     [
      174,
      117,
      10
     ],
     [
      291,
      1,
      3
     ]
    ],
    "96": [
     [
      32,
      1,
      2
     ],
     [
      35,
      1,
      2
     ],
     [
      36,
      4,
      10
     ],
     [
      40,
      1,
      4
     ],
     [
      46,
      1,
      6
     ],
     [
      47,
      1,
      7
     ],
     [
      48,
      1,
      3
     ],
     [
      49,
      1,
      8
     ],
     [
      50,
      2,
      10
     ],
     [
      52,
      1,
      9
     ],
     [
      53,
      1,
      8
     ],
     [
      54,
      3,
      10
     ],
     [
      149,
      1,
      6
     ],
     [
      150,
      29,
      10
     ],
     [
      179,
      1,
      9
     ],
     [
      180,
      1,
      10
     ],
     [
      181,
      1,
      8
     ],
     [
      182,
      109,
      10
     ]
    ],
    "97": [
     [
      35,
      1,
      3
     ],
     [
      36,
      4,
      10
     ],
     [
      40,
      1,
      7
     ],
     [
      45,
      1,
      2
     ],
     [
      46,
      1,
      6
     ],
     [
      47,
      1,
      2
     ],
     [
      49,
      1,
      4
     ],
     [
      50,
      2,
      10
     ],
     [
      52,
      1,
      7
     ],
     [
      54,
      1,
      6
     ],
     [
      55,
      1,
      10
     ],
     [
      56,
      1,
      8
     ],
     [
      149,
      1,
      7
     ],
     [
      150,
      29,
      10
     ],
     [
      179,
      1,
      3
     ],
     [
      183,
      107,
      10
     ],
     [
      290,
      1,
      9
     ]
    ],
    "98": [
     [
      34,
      1,
      3
     ],
     [
      35,
      5,
      10
     ],
     [
      40,
      1,
      5
     ],
     [
      49,
      1,
      3
     ],
     [
      50,
      1,
      9
     ],
     [
      51,
      1,
      3
     ],
     [
      54,
      1,
      8
     ],
     [
      55,
      1,
      10
     ],
     [
      56,
      1,
      6
     ],
     [
      148,
      1,
      4
     ],
     [
      149,
      31,
      10
     ],
     [
      180,
      1,
      7
     ],
     [
      181,
      1,
      6
     ],
     [
      182,
      2,
      9
     ],
     [
      184,
      106,
      10
     ],
     [
      290,
      1,
      6
     ]
    ],
    "99": [
     [
      34,
      1,
      3
     ],
     [
      35,
      5,
      10
     ],
     [
      40,
      1,
      9
     ],
     [
      49,
      1,
      2
     ],
     [
      50,
      1,
      6
     ],
     [
      54,
      2,
      10
     ],
     [
      56,
      1,
      6
     ],
     [
      147,
      1,
      2
     ],
     [
      148,
      32,
      10
     ],
     [
      180,
      1,
      8
     ],
     [
      181,
      1,
      5
     ],
     [
      182,
      1,
      7
     ],
     [
      185,
      1,
      1
     ],
     [
      186,
      1,
      2
     ],
     [
      187,
      1,
      4
     ],
     [
      188,
      1,
      8
     ],
     [
      189,
      2,
      10
     ],
     [
      191,
      1,
      7
     ],
     [
      192,
      1,
      1
     ],
     [
      193,
      97,
      10
     ],
     [
      290,
      1,
      4
     ]
    ],
    "100": [
     [
      35,
      1,
      3
     ],
     [
      36,
      4,
      10
     ],
     [
      40,
      1,
      9
     ],
     [
      53,
      1,
      4
     ],
     [
      54,
      1,
      5
     ],
     [
      55,
      1,
      7
     ],
     [
      147,
      1,
      4
     ],
     [
      148,
      32,
      10
     ],
     [
      180,
      1,
      2
     ],
     [
      189,
      1,
      1
     ],
     [
      190,
      1,
      6
     ],
     [
      192,
      1,
      1
     ],
     [
      193,
      97,
      10
     ],
     [
      290,
      1,
      2
     ]
    ],
    "101": [
     [
      35,
      1,
      1
     ],
     [
      36,
      5,
      10
     ],
     [
      41,
      1,
      1
     ],
     [
      147,
      1,
      3
     ],
     [
      148,
      32,
      10
     ],
     [
      180,
      1,
      1
     ],
     [
      193,
      1,
      6
     ],
     [
      194,
      96,
      10
     ]
    ],
    "102": [
     [
      35,
      1,
      1
     ],
     [
      36,
      1,
      3
     ],
     [
      37,
      4,
      10
     ],
     [
      41,
      1,
      4
     ],
     [
      146,
      1,
      3
     ],
     [
      147,
      1,
      9
     ],
     [
      148,
      32,
      10
     ],
     [
      180,
      1,
      4
     ],
     [
      194,
      1,
      6
     ],
     [
      195,
      94,
      10
     ],
     [
      289,
      1,
      7
     ]
    ],
    "103": [
     [
      36,
      1,
      4
     ],
     [
      37,
      4,
      10
     ],
     [
      41,
      1,
      7
     ],
     [
      146,
      1,
      5
     ],
     [
      147,
      33,
      10
     ],
     [
      180,
      1,
      8
     ],
     [
      189,
      1,
      1
     ],
     [
      190,
      2,
      3
     ],
     [
      195,
      1,
      4
     ],
     [
      196,
      1,
      9
     ],
     [
      197,
      92,
      10
     ],
     [
      289,
      1,
      6
     ]
    ],
    "104": [
     [
      36,
      2,
      2
     ],
     [
      38,
      1,
      4
     ],
     [
      39,
      1,
      3
     ],
     [
      40,
      2,
      6
     ],
     [
      56,
      1,
      3
     ],
     [
      57,
      1,
      2
     ],
     [
      146,
      1,
      1
     ],
     [
      147,
      34,
      10
     ],
     [
      190,
      1,
      9
     ],
     [
      191,
      1,
      10
     ],
     [
      192,
      1,
      5
     ],
     [
      196,
      1,
      1
     ],
     [
      197,
      1,
      7
     ],
     [
      198,
      91,
      10
     ],
     [
      289,
      1,
      4
     ]
    ],
    "105": [
     [
      37,
      1,
      1
     ],
     [
      51,
      1,
      1
     ],
     [
      52,
      1,
      2
     ],
     [
      53,
      3,
      4
     ],
     [
      56,
      2,
      10
     ],
     [
      58,
      1,
      3
     ],
     [
      146,
      1,
      2
     ],
     [
      147,
      34,
      10
     ],
     [
      181,
      1,
      1
     ],
     [
      190,
      1,
      2
     ],
     [
      191,
      2,
      10
     ],
     [
      193,
      1,
      1
     ],
     [
      198,
      1,
      3
     ],
     [
      199,
      1,
      9
     ],
     [
      200,
      89,
      10
     ],
     [
      289,
      1,
      1
     ]
    ],
    "106": [
     [
      41,
      1,
      1
     ],
     [
      42,
      1,
      3
     ],
     [
      44,
      1,
      1
     ],
     [
      50,
      1,
      8
     ],
     [
      51,
      8,
      10
     ],
     [
      59,
      1,
      5
     ],
     [
      146,
      1,
      8
     ],
     [
      147,
      34,
      10
     ],
     [
      181,
      1,
      2
     ],
     [
      191,
      1,
      1
     ],
     [
      200,
      1,
      9
     ],
     [
      201,
      88,
      10
     ]
    ],
    "107": [
     [
      39,
      1,
      3
     ],
     [
      40,
      1,
      9
     ],
     [
      41,
      1,
      10
     ],
     [
      42,
      1,
      9
     ],
     [
      43,
      2,
      8
     ],
     [
      49,
      1,
      3
     ],
     [
      50,
      5,
      10
     ],
     [
      55,
      1,
      6
     ],
     [
      56,
      1,
      1
     ],
     [
      57,
      1,
      2
     ],
     [
      58,
      1,
      7
     ],
     [
      59,
      1,
      10
     ],
     [
      60,
      1,
      7
     ],
     [
      145,
      1,
      1
     ],
     [
      146,
      35,
      10
     ],
     [
      181,
      1,
      6
     ],
     [
      192,
      1,
      2
     ],
     [
      193,
      1,
      6
     ],
     [
      194,
      1,
      3
     ],
     [
      196,
      1,
      2
     ],
     [
      200,
      1,
      3
     ],
     [
      201,
      1,
      8
     ],
     [
      202,
      86,
      10
     ],
     [
      288,
      1,
      7
     ]
    ],
    "108": [
     [
      40,
      1,
      1
     ],
     [
      41,
      1,
      8
     ],
     [
      42,
      2,
      10
     ],
     [
      44,
      1,
      9
     ],
     [
      49,
      1,
      4
     ],
     [
      50,
      1,
      5
     ],
     [
      51,
      1,
      9
     ],
     [
      52,
      1,
      10
     ],
     [
      53,
      1,
      8
     ],
     [
      54,
      1,
      1
     ],
     [
      58,
      1,
      3
     ],
     [
      59,
      1,
      10
     ],
     [
      60,
      1,
      4
     ],
     [
      144,
      1,
      4
     ],
     [
      145,
      36,
      10
     ],
     [
      181,
      1,
      9
     ],
     [
      193,
      1,
      7
     ],
     [
      194,
      1,
      8
     ],
     [
      195,
      1,
      7
     ],
     [
      196,
      1,
      9
     ],
     [
      197,
      1,
      1
     ],
     [
      201,
      1,
      7
     ],
     [
      202,
      86,
      10
     ],
     [
      288,
      1,
      7
     ]
    ],
    "109": [
     [
      44,
      1,
      10
     ],
     [
      45,
      1,
      1
     ],
     [
      50,
      1,
      2
     ],
     [
      51,
      1,
      8
     ],
     [
      52,
      1,
      10
     ],
     [
      53,
      1,
      1
     ],
     [
      58,
      1,
      9
     ],
     [
      59,
      1,
      7
     ],
     [
      142,
      1,
      1
     ],
     [
      143,
      1,
      7
     ],
     [
      144,
      38,
      10
     ],
     [
      182,
      1,
      6
     ],
     [
      193,
      1,
      1
     ],
     [
      194,
      1,
      9
     ],
     [
      195,
      1,
      8
     ],
     [
      199,
      1,
      3
     ],
     [
      201,
      1,
      8
     ],
     [
      202,
      86,
      10
     ],
     [
      288,
      1,
      3
     ]
    ],
    "110": [
     [
      42,
      1,
      2
     ],
     [
      43,
      1,
      5
     ],
     [
      44,
      1,
      10
     ],
     [
      45,
      1,
      6
     ],
     [
      49,
      1,
      3
     ],
     [
      50,
      1,
      8
     ],
     [
      51,
      2,
      10
     ],
     [
      57,
      1,
      2
     ],
     [
      58,
      1,
      10
     ],
     [
      59,
      1,
      2
     ],
     [
      142,
      1,
      9
     ],
     [
      143,
      40,
      10
     ],
     [
      194,
      1,
      4
     ],
     [
      195,
      1,
      9
     ],
     [
      196,
      2,
      4
     ],
     [
      198,
      1,
      5
     ],
     [
      202,
      1,
      5
     ],
     [
      203,
      85,
      10
     ],
     [
      288,
      1,
      1
     ]
    ],
    "111": [
     [
      23,
      1,
      1
     ],
     [
      42,
      1,
      4
     ],
     [
      43,
      3,
      10
     ],
     [
      46,
      1,
      8
     ],
     [
      47,
      2,
      7
     ],
     [
      49,
      4,
      10
     ],
     [
      53,
      1,
      1
     ],
     [
      57,
      1,
      1
     ],
     [
      58,
      1,
      10
     ],
     [
      139,
      1,
      1
     ],
     [
      140,
      1,
      4
     ],
     [
      141,
      1,
      6
     ],
     [
      142,
      41,
      10
     ],
     [
      183,
      1,
      8
     ],
     [
      195,
      1,
      4
     ],
     [
      196,
      2,
      10
     ],
     [
      198,
      1,
      9
     ],
     [
      203,
      1,
      7
     ],
     [
      204,
      84,
      10
     ]
    ],
    "112": [
     [
      42,
      2,
      6
     ],
     [
      44,
      1,
      4
     ],
     [
      45,
      2,
      1
     ],
     [
      47,
      1,
      5
     ],
     [
      48,
      1,
      9
     ],
     [
      49,
      5,
      10
     ],
     [
      54,
      1,
      2
     ],
     [
      58,
      1,
      10
     ],
     [
      59,
      1,
      1
     ],
     [
      139,
      1,
      4
     ],
     [
      140,
      44,
      10
     ],
     [
      184,
      1,
      7
     ],
     [
      196,
      1,
      8
     ],
     [
      197,
      2,
      10
     ],
     [
      199,
      1,
      7
     ],
     [
      203,
      1,
      1
     ],
     [
      204,
      1,
      9
     ],
     [
      205,
      82,
      10
     ],
     [
      287,
      1,
      7
     ]
    ],
    "113": [
     [
      32,
      1,
      1
     ],
     [
      49,
      1,
      6
     ],
     [
      50,
      4,
      10
     ],
     [
      57,
      1,
      1
     ],
     [
      58,
      1,
      10
     ],
     [
      59,
      1,
      7
     ],
     [
      60,
      1,
      4
     ],
     [
      139,
      46,
      10
     ],
     [
      185,
      1,
      2
     ],
     [
      197,
      1,
      6
     ],
     [
      198,
      1,
      7
     ],
     [
      200,
      1,
      3
     ],
     [
      201,
      1,
      2
     ],
     [
      204,
      1,
      4
     ],
     [
      205,
      1,
      9
     ],
     [
      206,
      81,
      10
     ],
     [
      287,
      1,
      4
     ]
    ],
    "114": [
     [
      42,
      1,
      1
     ],
     [
      44,
      1,
      4
     ],
     [
      45,
      2,
      5
     ],
     [
      47,
      2,
      7
     ],
     [
      49,
      1,
      9
     ],
     [
      50,
      4,
      10
     ],
     [
      58,
      1,
      6
     ],
     [
      59,
      2,
      10
     ],
     [
      61,
      1,
      7
     ],
     [
      138,
      1,
      6
     ],
     [
      139,
      46,
      10
     ],
     [
      185,
      1,
      8
     ],
     [
      197,
      1,
      1
     ],
     [
      198,
      1,
      9
     ],
     [
      199,
      1,
      6
     ],
     [
      200,
      2,
      10
     ],
     [
      202,
      1,
      1
     ],
     [
      205,
      1,
      3
     ],
     [
      206,
      81,
      10
     ],
     [
      287,
      1,
      3
     ]
    ],
    "115": [
     [
      38,
      1,
      2
     ],
     [
      39,
      1,
      3
     ],
     [
      41,
      1,
      5
     ],
     [
      42,
      2,
      10
     ],
     [
      44,
      1,
      4
     ],
     [
      45,
      1,
      7
     ],
     [
      46,
      2,
      10
     ],
     [
      48,
      1,
      4
     ],
     [
      49,
      1,
      2
     ],
     [
      50,
      1,
      8
     ],
     [
      51,
      3,
      10
     ],
     [
      59,
      1,
      4
     ],
     [
      60,
      1,
      9
     ],
     [
      61,
      1,
      8
     ],
     [
      62,
      1,
      6
     ],
     [
      138,
      1,
      3
     ],
     [
      139,
      47,
      10
     ],
     [
      186,
      1,
      6
     ],
     [
      187,
      1,
      2
     ],
     [
      198,
      1,
      2
     ],
     [
      199,
      1,
      8
     ],
     [
      200,
      2,
      10
     ],
     [
      202,
      1,
      7
     ],
     [
      206,
      1,
      2
     ],
     [
      207,
      80,
      10
     ]
    ],
    "116": [
     [
      39,
      1,
      3
     ],
     [
      40,
      1,
      6
     ],
     [
      41,
      1,
      8
     ],
     [
      42,
      2,
      10
     ],
     [
      45,
      1,
      3
     ],
     [
      46,
      2,
      10
     ],
     [
      48,
      2,
      4
     ],
     [
      50,
      1,
      8
     ],
     [
      51,
      2,
      10
     ],
     [
      53,
      1,
      5
     ],
     [
      62,
      1,
      2
     ],
     [
      138,
      1,
      3
     ],
     [
      139,
      48,
      10
     ],
     [
      187,
      1,
      6
     ],
     [
      199,
      1,
      6
     ],
     [
      200,
      2,
      10
     ],
     [
      202,
      1,
      8
     ],
     [
      203,
      1,
      1
     ],
     [
      207,
      1,
      2
     ],
     [
      208,
      78,
      10
     ],
     [
      286,
      1,
      9
     ]
    ],
    "117": [
     [
      35,
      1,
      2
     ],
     [
      36,
      1,
      3
     ],
     [
      37,
      1,
      4
     ],
     [
      38,
      1,
      1
     ],
     [
      41,
      2,
      10
     ],
     [
      43,
      1,
      7
     ],
     [
      44,
      1,
      2
     ],
     [
      45,
      1,
      6
     ],
     [
      46,
      6,
      10
     ],
     [
      52,
      1,
      8
     ],
     [
      138,
      1,
      6
     ],
     [
      139,
      48,
      10
     ],
     [
      187,
      1,
      7
     ],
     [
      199,
      1,
      1
     ],
     [
      200,
      1,
      6
     ],
     [
      201,
      1,
      10
     ],
     [
      202,
      1,
      8
     ],
     [
      208,
      1,
      7
     ],
     [
      209,
      77,
      10
     ],
     [
      286,
      1,
      6
     ]
    ],
    "118": [
     [
      37,
      2,
      1
     ],
     [
      40,
      1,
      1
     ],
     [
      41,
      1,
      8
     ],
     [
      42,
      10,
      10
     ],
     [
      52,
      1,
      4
     ],
     [
      138,
      1,
      8
     ],
     [
      139,
      49,
      10
     ],
     [
      188,
      1,
      1
     ],
     [
      200,
      1,
      1
     ],
     [
      201,
      1,
      6
     ],
     [
      204,
      1,
      2
     ],
     [
      208,
      78,
      10
     ],
     [
      286,
      1,
      4
     ]
    ],
    "119": [
     [
      39,
      1,
      2
     ],
     [
      41,
      1,
      4
     ],
     [
      42,
      1,
      8
     ],
     [
      43,
      1,
      5
     ],
     [
      44,
      1,
      2
     ],
     [
      47,
      1,
      7
     ],
     [
      48,
      3,
      10
     ],
     [
      51,
      1,
      9
     ],
     [
      52,
      1,
      2
     ],
     [
      137,
      1,
      2
     ],
     [
      138,
      50,
      10
     ],
     [
      189,
      1,
      2
     ],
     [
      190,
      1,
      1
     ],
     [
      202,
      1,
      6
     ],
     [
      203,
      1,
      8
     ],
     [
      204,
      1,
      10
     ],
     [
      205,
      1,
      5
     ],
     [
      208,
      1,
      6
     ],
     [
      209,
      77,
      10
     ],
     [
      286,
      1,
      3
     ]
    ],
    "120": [
     [
      38,
      1,
      1
     ],
     [
      46,
      1,
      2
     ],
     [
      47,
      3,
      10
     ],
     [
      50,
      1,
      6
     ],
     [
      51,
      1,
      2
     ],
     [
      137,
      1,
      3
     ],
     [
      138,
      52,
      10
     ],
     [
      202,
      1,
      1
     ],
     [
      203,
      1,
      9
     ],
     [
      204,
      1,
      10
     ],
     [
      205,
      1,
      7
     ],
     [
      208,
      1,
      2
     ],
     [
      209,
      77,
      10
     ]
    ],
    "121": [
     [
      44,
      1,
      4
     ],
     [
      45,
      1,
      7
     ],
     [
      46,
      1,
      9
     ],
     [
      47,
      2,
      10
     ],
     [
      49,
      1,
      9
     ],
     [
      137,
      1,
      5
     ],
     [
      138,
      52,
      10
     ],
     [
      190,
      1,
      1
     ],
     [
      203,
      1,
      2
     ],
     [
      204,
      1,
      9
     ],
     [
      205,
      1,
      10
     ],
     [
      206,
      1,
      5
     ],
     [
      209,
      1,
      6
     ],
     [
      210,
      75,
      10
     ],
     [
      285,
      1,
      8
     ]
    ],
    "122": [
     [
      42,
      2,
      8
     ],
     [
      44,
      5,
      10
     ],
     [
      49,
      1,
      6
     ],
     [
      137,
      1,
      4
     ],
     [
      138,
      52,
      10
     ],
     [
      190,
      1,
      2
     ],
     [
      204,
      1,
      1
     ],
     [
      205,
      1,
      8
     ],
     [
      206,
      1,
      1
     ],
     [
      210,
      1,
      7
     ],
     [
      211,
      74,
      10
     ],
     [
      285,
      1,
      7
     ]
    ],
    "123": [
     [
      39,
      1,
      1
     ],
     [
      40,
      1,
      2
     ],
     [
      41,
      1,
      8
     ],
     [
      42,
      7,
      10
     ],
     [
      49,
      1,
      6
     ],
     [
      137,
      1,
      2
     ],
     [
      138,
      14,
      10
     ],
     [
      152,
      1,
      8
     ],
     [
      154,
      1,
      2
     ],
     [
      155,
      1,
      6
     ],
     [
      156,
      4,
      10
     ],
     [
      160,
      1,
      8
     ],
     [
      161,
      1,
      2
     ],
     [
      162,
      1,
      3
     ],
     [
      163,
      25,
      10
     ],
     [
      188,
      1,
      8
     ],
     [
      189,
      1,
      10
     ],
     [
      190,
      1,
      4
     ],
     [
      205,
      3,
      1
     ],
     [
      208,
      1,
      2
     ],
     [
      210,
      1,
      3
     ],
     [
      211,
      1,
      9
     ],
     [
      212,
      73,
      10
     ],
     [
      285,
      1,
      4
     ]
    ],
    "124": [
     [
      39,
      1,
      7
     ],
     [
      40,
      10,
      10
     ],
     [
      138,
      1,
      4
     ],
     [
      139,
      13,
      10
     ],
     [
      152,
      1,
      8
     ],
     [
      153,
      1,
      2
     ],
     [
      155,
      1,
      2
     ],
     [
      156,
      4,
      10
     ],
     [
      160,
      1,
      3
     ],
     [
      161,
      1,
      1
     ],
     [
      162,
      1,
      5
     ],
     [
      163,
      22,
      10
     ],
     [
      185,
      1,
      8
     ],
     [
      186,
      1,
      3
     ],
     [
      192,
      1,
      1
     ],
     [
      206,
      1,
      1
     ],
     [
      207,
      2,
      10
     ],
     [
      209,
      1,
      2
     ],
     [
      211,
      1,
      4
     ],
     [
      212,
      1,
      9
     ],
     [
      213,
      72,
      10
     ],
     [
      285,
      1,
      2
     ]
    ],
    "125": [
     [
      37,
      1,
      1
     ],
     [
      38,
      1,
      4
     ],
     [
      40,
      1,
      8
     ],
     [
      41,
      9,
      10
     ],
     [
      50,
      1,
      6
     ],
     [
      51,
      1,
      1
     ],
     [
      139,
      14,
      10
     ],
     [
      153,
      1,
      9
     ],
     [
      154,
      1,
      5
     ],
     [
      155,
      7,
      10
     ],
     [
      162,
      1,
      4
     ],
     [
      163,
      1,
      1
     ],
     [
      165,
      1,
      9
     ],
     [
      166,
      9,
      10
     ],
     [
      175,
      1,
      9
     ],
     [
      176,
      4,
      5
     ],
     [
      180,
      1,
      8
     ],
     [
      181,
      1,
      5
     ],
     [
      183,
      1,
      3
     ],
     [
      184,
      1,
      2
     ],
     [
      207,
      1,
      3
     ],
     [
      208,
      1,
      9
     ],
     [
      209,
      1,
      4
     ],
     [
      210,
      1,
      1
     ],
     [
      212,
      1,
      4
     ],
     [
      213,
      72,
      10
     ]
    ],
    "126": [
     [
      37,
      1,
      1
     ],
     [
      39,
      1,
      1
     ],
     [
      40,
      11,
      10
     ],
     [
      51,
      1,
      6
     ],
     [
      139,
      1,
      9
     ],
     [
      140,
      13,
      10
     ],
     [
      153,
      1,
      6
     ],
     [
      154,
      1,
      2
     ],
     [
      155,
      6,
      10
     ],
     [
      161,
      1,
      5
     ],
     [
      165,
      1,
      3
     ],
     [
      166,
      1,
      9
     ],
     [
      167,
      7,
      10
     ],
     [
      174,
      1,
      7
     ],
     [
      208,
      1,
      2
     ],
     [
      209,
      1,
      9
     ],
     [
      210,
      1,
      8
     ],
     [
      213,
      1,
      5
     ],
     [
      214,
      70,
      10
     ],
     [
      284,
      1,
      8
     ]
    ],
    "127": [
     [
      37,
      2,
      2
     ],
     [
      39,
      1,
      9
     ],
     [
      40,
      12,
      10
     ],
     [
      139,
      1,
      9
     ],
     [
      140,
      13,
      10
     ],
     [
      153,
      1,
      3
     ],
     [
      154,
      1,
      1
     ],
     [
      155,
      6,
      10
     ],
     [
      166,
      1,
      6
     ],
     [
      167,
      1,
      7
     ],
     [
      168,
      1,
      6
     ],
     [
      169,
      1,
      8
     ],
     [
      170,
      1,
      10
     ],
     [
      171,
      1,
      8
     ],
     [
      172,
      2,
      10
     ],
     [
      174,
      1,
      9
     ],
     [
      175,
      1,
      1
     ],
     [
      209,
      1,
      3
     ],
     [
      210,
      1,
      10
     ],
     [
      211,
      1,
      4
     ],
     [
      212,
      2,
      1
     ],
     [
      214,
      1,
      8
     ],
     [
      215,
      69,
      10
     ],
     [
      284,
      1,
      6
     ]
    ],
    "128": [
     [
      37,
      1,
      3
     ],
     [
      38,
      1,
      9
     ],
     [
      39,
      2,
      10
     ],
     [
      41,
      1,
      8
     ],
     [
      42,
      1,
      6
     ],
     [
      43,
      1,
      9
     ],
     [
      44,
      8,
      10
     ],
     [
      52,
      1,
      6
     ],
     [
      139,
      21,
      10
     ],
     [
      160,
      1,
      9
     ],
     [
      170,
      1,
      1
     ],
     [
      173,
      1,
      1
     ],
     [
      174,
      1,
      5
     ],
     [
      210,
      1,
      4
     ],
     [
      211,
      1,
      9
     ],
     [
      212,
      1,
      2
     ],
     [
      215,
      1,
      8
     ],
     [
      216,
      68,
      10
     ],
     [
      284,
      1,
      3
     ]
    ],
    "129": [
     [
      38,
      1,
      2
     ],
     [
      40,
      1,
      3
     ],
     [
      41,
      1,
      4
     ],
     [
      43,
      1,
      7
     ],
     [
      44,
      9,
      10
     ],
     [
      53,
      1,
      1
     ],
     [
      138,
      1,
      6
     ],
     [
      139,
      21,
      10
     ],
     [
      160,
      1,
      4
     ],
     [
      211,
      1,
      2
     ],
     [
      215,
      1,
      1
     ],
     [
      216,
      1,
      9
     ],
     [
      217,
      67,
      10
     ],
     [
      284,
      1,
      1
     ]
    ],
    "130": [
     [
      42,
      1,
      2
     ],
     [
      43,
      1,
      9
     ],
     [
      44,
      9,
      10
     ],
     [
      53,
      1,
      7
     ],
     [
      138,
      1,
      7
     ],
     [
      139,
      20,
      10
     ],
     [
      159,
      1,
      7
     ],
     [
      212,
      1,
      1
     ],
     [
      213,
      1,
      3
     ],
     [
      214,
      1,
      1
     ],
     [
      216,
      1,
      3
     ],
     [
      217,
      1,
      9
     ],
     [
      218,
      66,
      10
     ]
    ],
    "131": [
     [
      43,
      1,
      1
     ],
     [
      44,
      1,
      7
     ],
     [
      45,
      9,
      10
     ],
     [
      54,
      1,
      3
     ],
     [
      138,
      1,
      8
     ],
     [
      139,
      18,
      10
     ],
     [
      157,
      1,
      9
     ],
     [
      158,
      2,
      1
     ],
     [
      213,
      2,
      4
     ],
     [
      217,
      1,
      3
     ],
     [
      218,
      1,
      8
     ],
     [
      219,
      64,
      10
     ],
     [
      283,
      1,
      8
     ]
    ],
    "132": [
     [
      44,
      1,
      3
     ],
     [
      45,
      9,
      10
     ],
     [
      54,
      1,
      8
     ],
     [
      138,
      18,
      10
     ],
     [
      156,
      1,
      8
     ],
     [
      157,
      1,
      2
     ],
     [
      218,
      1,
      1
     ],
     [
      219,
      1,
      8
     ],
     [
      220,
      63,
      10
     ],
     [
      283,
      1,
      5
     ]
    ],
    "133": [
     [
      42,
      1,
      4
     ],
     [
      43,
      1,
      1
     ],
     [
      45,
      1,
      6
     ],
     [
      46,
      4,
      10
     ],
     [
      50,
      1,
      8
     ],
     [
      51,
      1,
      7
     ],
     [
      52,
      3,
      10
     ],
     [
      55,
      1,
      3
     ],
     [
      137,
      1,
      4
     ],
     [
      138,
      15,
      10
     ],
     [
      153,
      1,
      8
     ],
     [
      154,
      1,
      2
     ],
     [
      215,
      2,
      2
     ],
     [
      220,
      1,
      2
     ],
     [
      221,
      1,
      7
     ],
     [
      222,
      61,
      10
     ],
     [
      283,
      1,
      4
     ]
    ],
    "134": [
     [
      41,
      1,
      1
     ],
     [
      42,
      1,
      9
     ],
     [
      43,
      1,
      10
     ],
     [
      44,
      1,
      7
     ],
     [
      45,
      2,
      3
     ],
     [
      47,
      1,
      2
     ],
     [
      48,
      2,
      10
     ],
     [
      52,
      1,
      6
     ],
     [
      53,
      2,
      10
     ],
     [
      55,
      1,
      9
     ],
     [
      56,
      1,
      5
     ],
     [
      136,
      1,
      2
     ],
     [
      137,
      1,
      9
     ],
     [
      138,
      15,
      10
     ],
     [
      153,
      1,
      4
     ],
     [
      216,
      1,
      2
     ],
     [
      222,
      1,
      3
     ],
     [
      223,
      1,
      9
     ],
     [
      224,
      59,
      10
     ]
    ],
    "135": [
     [
      42,
      2,
      3
     ],
     [
      44,
      1,
      2
     ],
     [
      48,
      2,
      3
     ],
     [
      52,
      1,
      1
     ],
     [
      53,
      4,
      10
     ],
     [
      57,
      1,
      5
     ],
     [
      58,
      1,
      1
     ],
     [
      135,
      1,
      2
     ],
     [
      136,
      1,
      8
     ],
     [
      137,
      11,
      10
     ],
     [
      148,
      1,
      9
     ],
     [
      149,
      1,
      7
     ],
     [
      150,
      2,
      10
     ],
     [
      152,
      1,
      8
     ],
     [
      153,
      1,
      1
     ],
     [
      207,
      1,
      2
     ],
     [
      208,
      1,
      10
     ],
     [
      209,
      1,
      6
     ],
     [
      210,
      1,
      4
     ],
     [
      211,
      2,
      10
     ],
     [
      213,
      1,
      2
     ],
     [
      216,
      1,
      5
     ],
     [
      217,
      1,
      10
     ],
     [
      223,
      1,
      6
     ],
     [
      224,
      59,
      10
     ]
    ],
    "136": [
     [
      53,
      1,
      3
     ],
     [
      54,
      4,
      10
     ],
     [
      58,
      1,
      8
     ],
     [
      59,
      1,
      1
     ],
     [
      135,
      1,
      8
     ],
     [
      136,
      11,
      10
     ],
     [
      147,
      1,
      4
     ],
     [
      149,
      1,
      1
     ],
     [
      150,
      1,
      9
     ],
     [
      151,
      1,
      8
     ],
     [
      152,
      1,
      4
     ],
     [
      208,
      1,
      4
     ],
     [
      209,
      4,
      10
     ],
     [
      213,
      1,
      5
     ],
     [
      214,
      1,
      3
     ],
     [
      217,
      1,
      8
     ],
     [
      220,
      1,
      2
     ],
     [
      223,
      2,
      4
     ],
     [
      225,
      1,
      9
     ],
     [
      226,
      56,
      10
     ],
     [
      282,
      1,
      6
     ]
    ],
    "137": [
     [
      53,
      1,
      2
     ],
     [
      54,
      1,
      8
     ],
     [
      55,
      3,
      10
     ],
     [
      58,
      1,
      8
     ],
     [
      59,
      1,
      1
     ],
     [
      135,
      11,
      10
     ],
     [
      208,
      1,
      4
     ],
     [
      209,
      2,
      3
     ],
     [
      211,
      1,
      4
     ],
     [
      212,
      1,
      9
     ],
     [
      213,
      1,
      6
     ],
     [
      219,
      1,
      1
     ],
     [
      220,
      1,
      4
     ],
     [
      221,
      1,
      1
     ],
     [
      223,
      1,
      2
     ],
     [
      225,
      1,
      1
     ],
     [
      226,
      1,
      7
     ],
     [
      227,
      55,
      10
     ],
     [
      282,
      1,
      5
     ]
    ],
    "138": [
     [
      54,
      1,
      1
     ],
     [
      55,
      3,
      10
     ],
     [
      58,
      1,
      6
     ],
     [
      134,
      1,
      3
     ],
     [
      135,
      10,
      10
     ],
     [
      145,
      1,
      4
     ],
     [
      207,
      1,
      3
     ],
     [
      208,
      1,
      6
     ],
     [
      223,
      1,
      1
     ],
     [
      227,
      1,
      2
     ],
     [
      228,
      1,
      8
     ],
     [
      229,
      53,
      10
     ],
     [
      282,
      1,
      3
     ]
    ],
    "139": [
     [
      45,
      1,
      1
     ],
     [
      46,
      1,
      4
     ],
     [
      47,
      1,
      2
     ],
     [
      55,
      3,
      10
     ],
     [
      58,
      1,
      8
     ],
     [
      59,
      1,
      2
     ],
     [
      133,
      1,
      6
     ],
     [
      134,
      11,
      10
     ],
     [
      210,
      1,
      2
     ],
     [
      220,
      1,
      1
     ],
     [
      221,
      1,
      9
     ],
     [
      222,
      1,
      8
     ],
     [
      223,
      1,
      10
     ],
     [
      224,
      1,
      7
     ],
     [
      229,
      1,
      2
     ],
     [
      230,
      1,
      9
     ],
     [
      231,
      51,
      10
     ]
    ],
    "140": [
     [
      45,
      1,
      3
     ],
     [
      46,
      1,
      10
     ],
     [
      47,
      1,
      1
     ],
     [
      53,
      1,
      3
     ],
     [
      54,
      1,
      5
     ],
     [
      55,
      1,
      9
     ],
     [
      56,
      4,
      10
     ],
     [
      60,
      1,
      3
     ],
     [
      61,
      1,
      2
     ],
     [
      131,
      1,
      3
     ],
     [
      132,
      1,
      9
     ],
     [
      133,
      8,
      10
     ],
     [
      141,
      1,
      3
     ],
     [
      142,
      1,
      5
     ],
     [
      143,
      1,
      10
     ],
     [
      144,
      1,
      5
     ],
     [
      209,
      1,
      1
     ],
     [
      222,
      1,
      9
     ],
     [
      223,
      2,
      10
     ],
     [
      225,
      1,
      4
     ],
     [
      231,
      1,
      1
     ],
     [
      232,
      1,
      7
     ],
     [
      233,
      48,
      10
     ],
     [
      281,
      1,
      9
     ]
    ],
    "141": [
     [
      45,
      1,
      6
     ],
     [
      46,
      1,
      5
     ],
     [
      47,
      1,
      1
     ],
     [
      55,
      1,
      2
     ],
     [
      56,
      1,
      6
     ],
     [
      57,
      6,
      10
     ],
     [
      63,
      1,
      4
     ],
     [
      129,
      1,
      1
     ],
     [
      130,
      1,
      6
     ],
     [
      131,
      8,
      10
     ],
     [
      139,
      1,
      6
     ],
     [
      140,
      1,
      4
     ],
     [
      143,
      1,
      1
     ],
     [
      222,
      1,
      2
     ],
     [
      223,
      1,
      6
     ],
     [
      224,
      1,
      5
     ],
     [
      225,
      1,
      9
     ],
     [
      226,
      1,
      5
     ],
     [
      233,
      1,
      2
     ],
     [
      234,
      1,
      3
     ],
     [
      235,
      1,
      5
     ],
     [
      236,
      1,
      9
     ],
     [
      237,
      44,
      10
     ],
     [
      281,
      1,
      7
     ]
    ],
    "142": [
     [
      44,
      2,
      1
     ],
     [
      57,
      1,
      1
     ],
     [
      58,
      1,
      2
     ],
     [
      59,
      4,
      10
     ],
     [
      63,
      1,
      7
     ],
     [
      64,
      1,
      1
     ],
     [
      129,
      1,
      6
     ],
     [
      130,
      8,
      10
     ],
     [
      138,
      1,
      2
     ],
     [
      225,
      3,
      10
     ],
     [
      228,
      1,
      1
     ],
     [
      237,
      1,
      6
     ],
     [
      238,
      43,
      10
     ],
     [
      281,
      1,
      4
     ]
    ],
    "143": [
     [
      45,
      1,
      6
     ],
     [
      46,
      1,
      3
     ],
     [
      51,
      1,
      2
     ],
     [
      60,
      1,
      2
     ],
     [
      61,
      1,
      6
     ],
     [
      62,
      2,
      7
     ],
     [
      64,
      1,
      10
     ],
     [
      65,
      1,
      4
     ],
     [
      127,
      1,
      1
     ],
     [
      128,
      1,
      9
     ],
     [
      129,
      8,
      10
     ],
     [
      137,
      1,
      7
     ],
     [
      224,
      1,
      1
     ],
     [
      225,
      1,
      6
     ],
     [
      226,
      2,
      10
     ],
     [
      228,
      1,
      8
     ],
     [
      229,
      1,
      2
     ],
     [
      238,
      43,
      10
     ],
     [
      281,
      1,
      2
     ]
    ],
    "144": [
     [
      45,
      1,
      10
     ],
     [
      46,
      1,
      8
     ],
     [
      51,
      1,
      3
     ],
     [
      64,
      1,
      3
     ],
     [
      72,
      1,
      1
     ],
     [
      76,
      1,
      5
     ],
     [
      77,
      1,
      2
     ],
     [
      127,
      1,
      7
     ],
     [
      128,
      6,
      10
     ],
     [
      134,
      1,
      9
     ],
     [
      135,
      1,
      10
     ],
     [
      136,
      1,
      3
     ],
     [
      137,
      1,
      2
     ],
     [
      225,
      1,
      1
     ],
     [
      226,
      1,
      3
     ],
     [
      227,
      1,
      2
     ],
     [
      239,
      1,
      7
     ],
     [
      240,
      41,
      10
     ]
    ],
    "145": [
     [
      45,
      1,
      1
     ],
     [
      70,
      1,
      1
     ],
     [
      71,
      1,
      6
     ],
     [
      72,
      1,
      3
     ],
     [
      126,
      1,
      2
     ],
     [
      127,
      1,
      9
     ],
     [
      128,
      6,
      10
     ],
     [
      134,
      1,
      3
     ],
     [
      231,
      1,
      1
     ],
     [
      232,
      1,
      2
     ],
     [
      240,
      1,
      4
     ],
     [
      241,
      1,
      9
     ],
     [
      242,
      38,
      10
     ],
     [
      280,
      1,
      9
     ]
    ],
    "146": [
     [
      52,
      1,
      2
     ],
     [
      68,
      1,
      2
     ],
     [
      69,
      1,
      6
     ],
     [
      70,
      1,
      8
     ],
     [
      71,
      2,
      10
     ],
     [
      126,
      1,
      5
     ],
     [
      127,
      6,
      10
     ],
     [
      133,
      1,
      4
     ],
     [
      229,
      1,
      1
     ],
     [
      230,
      1,
      4
     ],
     [
      231,
      1,
      7
     ],
     [
      232,
      2,
      10
     ],
     [
      234,
      1,
      9
     ],
     [
      235,
      1,
      6
     ],
     [
      236,
      1,
      1
     ],
     [
      241,
      1,
      1
     ],
     [
      242,
      1,
      8
     ],
     [
      243,
      37,
      10
     ],
     [
      280,
      1,
      6
     ]
    ],
    "147": [
     [
      52,
      1,
      2
     ],
     [
      66,
      1,
      2
     ],
     [
      67,
      1,
      10
     ],
     [
      68,
      1,
      9
     ],
     [
      69,
      4,
      10
     ],
     [
      73,
      1,
      6
     ],
     [
      74,
      1,
      1
     ],
     [
      125,
      1,
      5
     ],
     [
      126,
      6,
      10
     ],
     [
      132,
      1,
      5
     ],
     [
      229,
      1,
      4
     ],
     [
      230,
      8,
      10
     ],
     [
      238,
      1,
      7
     ],
     [
      242,
      1,
      2
     ],
     [
      243,
      1,
      9
     ],
     [
      244,
      36,
      10
     ],
     [
      280,
      1,
      5
     ]
    ],
    "148": [
     [
      66,
      1,
      4
     ],
     [
      67,
      8,
      10
     ],
     [
      75,
      1,
      8
     ],
     [
      76,
      1,
      1
     ],
     [
      124,
      1,
      1
     ],
     [
      125,
      1,
      9
     ],
     [
      126,
      5,
      10
     ],
     [
      131,
      1,
      8
     ],
     [
      229,
      1,
      1
     ],
     [
      230,
      1,
      9
     ],
     [
      231,
      7,
      10
     ],
     [
      238,
      1,
      8
     ],
     [
      243,
      1,
      2
     ],
     [
      244,
      1,
      9
     ],
     [
      245,
      35,
      10
     ],
     [
      280,
      1,
      7
     ]
    ],
    "149": [
     [
      53,
      1,
      2
     ],
     [
      67,
      1,
      3
     ],
     [
      68,
      1,
      4
     ],
     [
      69,
      1,
      5
     ],
     [
      70,
      1,
      8
     ],
     [
      71,
      5,
      10
     ],
     [
      76,
      1,
      9
     ],
     [
      123,
      1,
      2
     ],
     [
      124,
      1,
      7
     ],
     [
      125,
      6,
      10
     ],
     [
      131,
      1,
      1
     ],
     [
      230,
      1,
      2
     ],
     [
      231,
      1,
      9
     ],
     [
      232,
      6,
      10
     ],
     [
      238,
      1,
      9
     ],
     [
      239,
      1,
      6
     ],
     [
      240,
      1,
      3
     ],
     [
      242,
      1,
      2
     ],
     [
      243,
      1,
      1
     ],
     [
      244,
      1,
      8
     ],
     [
      245,
      35,
      10
     ],
     [
      280,
      1,
      3
     ]
    ],
    "150": [
     [
      70,
      1,
      1
     ],
     [
      71,
      1,
      6
     ],
     [
      72,
      5,
      10
     ],
     [
      77,
      1,
      6
     ],
     [
      78,
      1,
      3
     ],
     [
      122,
      1,
      3
     ],
     [
      123,
      1,
      9
     ],
     [
      124,
      4,
      10
     ],
     [
      128,
      1,
      8
     ],
     [
      129,
      1,
      3
     ],
     [
      130,
      1,
      1
     ],
     [
      231,
      1,
      2
     ],
     [
      232,
      1,
      9
     ],
     [
      233,
      47,
      10
     ],
     [
      280,
      1,
      1
     ]
    ],
    "151": [
     [
      72,
      1,
      1
     ],
     [
      73,
      3,
      10
     ],
     [
      76,
      1,
      3
     ],
     [
      77,
      1,
      1
     ],
     [
      78,
      1,
      5
     ],
     [
      79,
      1,
      3
     ],
     [
      121,
      1,
      4
     ],
     [
      122,
      4,
      10
     ],
     [
      126,
      1,
      9
     ],
     [
      127,
      1,
      4
     ],
     [
      232,
      1,
      4
     ],
     [
      233,
      11,
      10
     ],
     [
      244,
      1,
      8
     ],
     [
      245,
      1,
      9
     ],
     [
      246,
      34,
      10
     ]
    ],
    "152": [
     [
      72,
      1,
      4
     ],
     [
      73,
      3,
      10
     ],
     [
      120,
      1,
      4
     ],
     [
      121,
      2,
      10
     ],
     [
      123,
      1,
      6
     ],
     [
      124,
      1,
      3
     ],
     [
      125,
      2,
      1
     ],
     [
      233,
      1,
      4
     ],
     [
      234,
      1,
      9
     ],
     [
      235,
      8,
      10
     ],
     [
      243,
      1,
      9
     ],
     [
      245,
      1,
      2
     ],
     [
      246,
      33,
      10
     ],
     [
      279,
      1,
      7
     ]
    ],
    "153": [
     [
      72,
      1,
      9
     ],
     [
      73,
      3,
      10
     ],
     [
      76,
      1,
      7
     ],
     [
      77,
      1,
      1
     ],
     [
      119,
      1,
      1
     ],
     [
      120,
      1,
      8
     ],
     [
      121,
      2,
      10
     ],
     [
      234,
      1,
      2
     ],
     [
      235,
      1,
      5
     ],
     [
      236,
      6,
      10
     ],
     [
      242,
      1,
      9
     ],
     [
      243,
      1,
      2
     ],
     [
      246,
      1,
      2
     ],
     [
      247,
      32,
      10
     ],
     [
      279,
      1,
      5
     ]
    ],
    "154": [
     [
      71,
      1,
      3
     ],
     [
      72,
      5,
      10
     ],
     [
      77,
      1,
      5
     ],
     [
      82,
      1,
      1
     ],
     [
      120,
      1,
      6
     ],
     [
      121,
      1,
      10
     ],
     [
      122,
      1,
      8
     ],
     [
      235,
      1,
      2
     ],
     [
      236,
      6,
      10
     ],
     [
      242,
      1,
      4
     ],
     [
      247,
      1,
      8
     ],
     [
      248,
      31,
      10
     ],
     [
      279,
      1,
      3
     ]
    ],
    "155": [
     [
      70,
      1,
      3
     ],
     [
      71,
      1,
      7
     ],
     [
      72,
      1,
      9
     ],
     [
      73,
      4,
      10
     ],
     [
      77,
      1,
      6
     ],
     [
      83,
      1,
      2
     ],
     [
      84,
      1,
      8
     ],
     [
      120,
      1,
      8
     ],
     [
      121,
      1,
      10
     ],
     [
      122,
      1,
      8
     ],
     [
      236,
      1,
      5
     ],
     [
      237,
      6,
      10
     ],
     [
      243,
      1,
      8
     ],
     [
      246,
      1,
      1
     ],
     [
      247,
      32,
      10
     ],
     [
      279,
      1,
      1
     ]
    ],
    "156": [
     [
      72,
      5,
      10
     ],
     [
      77,
      1,
      8
     ],
     [
      120,
      1,
      4
     ],
     [
      121,
      1,
      10
     ],
     [
      122,
      1,
      7
     ],
     [
      236,
      1,
      2
     ],
     [
      237,
      1,
      9
     ],
     [
      238,
      6,
      10
     ],
     [
      244,
      1,
      7
     ],
     [
      246,
      1,
      6
     ],
     [
      247,
      1,
      9
     ],
     [
      248,
      1,
      7
     ],
     [
      249,
      30,
      10
     ]
    ],
    "157": [
     [
      68,
      1,
      1
     ],
     [
      70,
      1,
      3
     ],
     [
      71,
      1,
      9
     ],
     [
      72,
      6,
      10
     ],
     [
      78,
      1,
      5
     ],
     [
      121,
      1,
      5
     ],
     [
      122,
      1,
      7
     ],
     [
      123,
      1,
      5
     ],
     [
      124,
      1,
      1
     ],
     [
      234,
      1,
      5
     ],
     [
      235,
      1,
      2
     ],
     [
      237,
      1,
      8
     ],
     [
      238,
      8,
      10
     ],
     [
      246,
      1,
      6
     ],
     [
      247,
      1,
      2
     ],
     [
      249,
      29,
      10
     ],
     [
      278,
      1,
      7
     ]
    ],
    "158": [
     [
      68,
      1,
      1
     ],
     [
      72,
      6,
      10
     ],
     [
      78,
      1,
      7
     ],
     [
      122,
      1,
      3
     ],
     [
      123,
      1,
      10
     ],
     [
      124,
      1,
      3
     ],
     [
      235,
      1,
      1
     ],
     [
      236,
      1,
      3
     ],
     [
      237,
      9,
      10
     ],
     [
      246,
      1,
      6
     ],
     [
      247,
      1,
      5
     ],
     [
      248,
      30,
      10
     ],
     [
      278,
      1,
      4
     ]
    ],
    "159": [
     [
      71,
      1,
      1
     ],
     [
      72,
      2,
      4
     ],
     [
      74,
      1,
      6
     ],
     [
      75,
      1,
      10
     ],
     [
      76,
      1,
      8
     ],
     [
      77,
      1,
      4
     ],
     [
      78,
      1,
      10
     ],
     [
      79,
      1,
      1
     ],
     [
      122,
      1,
      9
     ],
     [
      123,
      1,
      10
     ],
     [
      124,
      1,
      5
     ],
     [
      233,
      1,
      5
     ],
     [
      234,
      1,
      6
     ],
     [
      235,
      15,
      10
     ],
     [
      250,
      1,
      8
     ],
     [
      251,
      1,
      4
     ],
     [
      252,
      1,
      7
     ],
     [
      253,
      25,
      10
     ],
     [
      278,
      1,
      4
     ]
    ],
    "160": [
     [
      72,
      1,
      1
     ],
     [
      73,
      2,
      4
     ],
     [
      75,
      1,
      9
     ],
     [
      78,
      2,
      6
     ],
     [
      80,
      1,
      1
     ],
     [
      121,
      1,
      1
     ],
     [
      122,
      2,
      10
     ],
     [
      232,
      1,
      1
     ],
     [
      233,
      1,
      9
     ],
     [
      234,
      4,
      10
     ],
     [
      238,
      1,
      6
     ],
     [
      239,
      1,
      3
     ],
     [
      240,
      1,
      4
     ],
     [
      241,
      9,
      10
     ],
     [
      250,
      1,
      7
     ],
     [
      253,
      1,
      8
     ],
     [
      254,
      24,
      10
     ]
    ],
    "161": [
     [
      78,
      1,
      5
     ],
     [
      79,
      1,
      10
     ],
     [
      80,
      1,
      3
     ],
     [
      122,
      1,
      8
     ],
     [
      123,
      1,
      9
     ],
     [
      233,
      1,
      8
     ],
     [
      234,
      4,
      10
     ],
     [
      241,
      1,
      4
     ],
     [
      242,
      8,
      10
     ],
     [
      250,
      1,
      9
     ],
     [
      251,
      1,
      1
     ],
     [
      254,
      1,
      8
     ],
     [
      255,
      22,
      10
     ],
     [
      277,
      1,
      9
     ]
    ],
    "162": [
     [
      78,
      1,
      1
     ],
     [
      79,
      1,
      7
     ],
     [
      80,
      1,
      1
     ],
     [
      122,
      1,
      7
     ],
     [
      123,
      1,
      10
     ],
     [
      124,
      1,
      8
     ],
     [
      125,
      1,
      1
     ],
     [
      233,
      1,
      4
     ],
     [
      234,
      1,
      7
     ],
     [
      235,
      1,
      8
     ],
     [
      236,
      1,
      10
     ],
     [
      237,
      1,
      7
     ],
     [
      238,
      1,
      1
     ],
     [
      242,
      1,
      5
     ],
     [
      243,
      1,
      6
     ],
     [
      244,
      1,
      7
     ],
     [
      245,
      6,
      10
     ],
     [
      251,
      1,
      5
     ],
     [
      252,
      1,
      1
     ],
     [
      254,
      1,
      1
     ],
     [
      255,
      1,
      8
     ],
     [
      256,
      21,
      10
     ],
     [
      277,
      1,
      7
     ]
    ],
    "163": [
     [
      121,
      1,
      2
     ],
     [
      122,
      1,
      8
     ],
     [
      123,
      2,
      10
     ],
     [
      125,
      1,
      6
     ],
     [
      236,
      1,
      6
     ],
     [
      237,
      1,
      8
     ],
     [
      244,
      1,
      3
     ],
     [
      245,
      7,
      10
     ],
     [
      252,
      1,
      5
     ],
     [
      255,
      1,
      1
     ],
     [
      256,
      1,
      9
     ],
     [
      257,
      20,
      10
     ],
     [
      277,
      1,
      5
     ]
    ],
    "164": [
     [
      121,
      1,
      6
     ],
     [
      122,
      2,
      10
     ],
     [
      124,
      1,
      9
     ],
     [
      125,
      1,
      3
     ],
     [
      244,
      1,
      1
     ],
     [
      245,
      1,
      4
     ],
     [
      246,
      1,
      8
     ],
     [
      247,
      6,
      10
     ],
     [
      253,
      1,
      2
     ],
     [
      256,
      1,
      4
     ],
     [
      257,
      20,
      10
     ],
     [
      277,
      1,
      2
     ]
    ],
    "165": [
     [
      122,
      1,
      5
     ],
     [
      123,
      1,
      6
     ],
     [
      245,
      1,
      2
     ],
     [
      246,
      8,
      10
     ],
     [
      254,
      1,
      1
     ],
     [
      257,
      1,
      7
     ],
     [
      258,
      19,
      10
     ]
    ],
    "166": [
     [
      117,
      1,
      1
     ],
     [
      118,
      1,
      5
     ],
     [
      119,
      1,
      1
     ],
     [
      245,
      1,
      1
     ],
     [
      246,
      1,
      9
     ],
     [
      247,
      7,
      10
     ],
     [
      254,
      1,
      8
     ],
     [
      255,
      1,
      1
     ],
     [
      258,
      1,
      9
     ],
     [
      259,
      17,
      10
     ],
     [
      276,
      1,
      8
     ]
    ],
    "167": [
     [
      117,
      1,
      1
     ],
     [
      118,
      1,
      4
     ],
     [
      119,
      2,
      2
     ],
     [
      131,
      1,
      1
     ],
     [
      246,
      1,
      1
     ],
     [
      247,
      1,
      9
     ],
     [
      248,
      2,
      10
     ],
     [
      250,
      1,
      9
     ],
     [
      251,
      1,
      7
     ],
     [
      252,
      1,
      9
     ],
     [
      253,
      2,
      10
     ],
     [
      255,
      1,
      4
     ],
     [
      258,
      1,
      3
     ],
     [
      259,
      17,
      10
     ],
     [
      276,
      1,
      7
     ]
    ],
    "168": [
     [
      117,
      1,
      1
     ],
     [
      118,
      1,
      4
     ],
     [
      119,
      1,
      1
     ],
     [
      247,
      1,
      2
     ],
     [
      248,
      1,
      9
     ],
     [
      249,
      1,
      5
     ],
     [
      252,
      1,
      7
     ],
     [
      253,
      3,
      10
     ],
     [
      256,
      1,
      2
     ],
     [
      259,
      1,
      7
     ],
     [
      260,
      16,
      10
     ],
     [
      276,
      1,
      3
     ]
    ],
    "169": [
     [
      118,
      1,
      8
     ],
     [
      119,
      1,
      10
     ],
     [
      248,
      1,
      1
     ],
     [
      250,
      1,
      3
     ],
     [
      251,
      1,
      7
     ],
     [
      252,
      5,
      10
     ],
     [
      260,
      1,
      9
     ],
     [
      261,
      15,
      10
     ],
     [
      276,
      1,
      2
     ]
    ],
    "170": [
     [
      249,
      1,
      2
     ],
     [
      250,
      2,
      10
     ],
     [
      252,
      1,
      6
     ],
     [
      253,
      1,
      7
     ],
     [
      254,
      3,
      10
     ],
     [
      257,
      1,
      2
     ],
     [
      260,
      1,
      1
     ],
     [
      261,
      1,
      9
     ],
     [
      262,
      14,
      10
     ]
    ],
    "171": [
     [
      250,
      1,
      2
     ],
     [
      251,
      1,
      4
     ],
     [
      254,
      1,
      9
     ],
     [
      255,
      1,
      1
     ],
     [
      257,
      1,
      5
     ],
     [
      258,
      1,
      1
     ],
     [
      261,
      1,
      6
     ],
     [
      262,
      13,
      10
     ],
     [
      275,
      1,
      8
     ]
    ],
    "172": [
     [
      253,
      1,
      4
     ],
     [
      254,
      1,
      1
     ],
     [
      257,
      1,
      2
     ],
     [
      262,
      1,
      7
     ],
     [
      263,
      12,
      10
     ],
     [
      275,
      1,
      6
     ]
    ],
    "173": [
     [
      258,
      1,
      4
     ],
     [
      259,
      1,
      3
     ],
     [
      263,
      1,
      8
     ],
     [
      264,
      11,
      10
     ],
     [
      275,
      1,
      3
     ]
    ],
    "174": [
     [
      257,
      1,
      6
     ],
     [
      258,
      2,
      10
     ],
     [
      260,
      1,
      9
     ],
     [
      261,
      1,
      1
     ],
     [
      263,
      1,
      1
     ],
     [
      264,
      11,
      10
     ],
     [
      275,
      1,
      2
     ]
    ],
    "175": [
     [
      257,
      1,
      8
     ],
     [
      258,
      3,
      10
     ],
     [
      261,
      1,
      6
     ],
     [
      264,
      1,
      3
     ],
     [
      265,
      10,
      10
     ]
    ],
    "176": [
     [
      257,
      1,
      9
     ],
     [
      258,
      4,
      10
     ],
     [
      262,
      1,
      5
     ],
     [
      265,
      1,
      6
     ],
     [
      266,
      8,
      10
     ],
     [
      274,
      1,
      7
     ]
    ],
    "177": [
     [
      257,
      1,
      3
     ],
     [
      258,
      5,
      10
     ],
     [
      263,
      1,
      1
     ],
     [
      265,
      1,
      2
     ],
     [
      266,
      8,
      10
     ],
     [
      274,
      1,
      6
     ]
    ],
    "178": [
     [
      257,
      1,
      2
     ],
     [
      258,
      5,
      10
     ],
     [
      263,
      1,
      6
     ],
     [
      266,
      1,
      8
     ],
     [
      267,
      7,
      10
     ],
     [
      274,
      1,
      4
     ]
    ],
    "179": [
     [
      258,
      1,
      8
     ],
     [
      259,
      4,
      10
     ],
     [
      263,
      1,
      7
     ],
     [
      266,
      1,
      1
     ],
     [
      267,
      7,
      10
     ],
     [
      274,
      1,
      1
     ]
    ],
    "180": [
     [
      260,
      1,
      4
     ],
     [
      261,
      2,
      10
     ],
     [
      263,
      1,
      9
     ],
     [
      264,
      1,
      3
     ],
     [
      267,
      1,
      6
     ],
     [
      268,
      6,
      10
     ]
    ],
    "181": [
     [
      259,
      1,
      2
     ],
     [
      260,
      1,
      7
     ],
     [
      261,
      3,
      10
     ],
     [
      264,
      1,
      6
     ],
     [
      267,
      1,
      2
     ],
     [
      268,
      1,
      9
     ],
     [
      269,
      4,
      10
     ],
     [
      273,
      1,
      7
     ]
    ],
    "182": [
     [
      259,
      1,
      4
     ],
     [
      260,
      4,
      10
     ],
     [
      264,
      1,
      4
     ],
     [
      268,
      1,
      4
     ],
     [
      269,
      4,
      10
     ],
     [
      273,
      1,
      6
     ]
    ],
    "183": [
     [
      259,
      1,
      2
     ],
     [
      260,
      1,
      9
     ],
     [
      261,
      4,
      10
     ],
     [
      265,
      2,
      1
     ],
     [
      268,
      1,
      3
     ],
     [
      269,
      4,
      10
     ],
     [
      273,
      1,
      3
     ]
    ],
    "184": [
     [
      260,
      1,
      7
     ],
     [
      261,
      4,
      10
     ],
     [
      265,
      1,
      4
     ],
     [
      269,
      1,
      8
     ],
     [
      270,
      3,
      10
     ]
    ],
    "185": [
     [
      260,
      1,
      5
     ],
     [
      261,
      4,
      10
     ],
     [
      265,
      1,
      7
     ],
     [
      266,
      1,
      2
     ],
     [
      269,
      1,
      6
     ],
     [
      270,
      2,
      10
     ],
     [
      272,
      1,
      9
     ]
    ],
    "186": [
     [
      260,
      1,
      1
     ],
     [
      261,
      6,
      10
     ],
     [
      267,
      1,
      2
     ],
     [
      269,
      1,
      5
     ],
     [
      270,
      2,
      10
     ],
     [
      272,
      1,
      4
     ]
    ],
    "187": [
     [
      261,
      1,
      4
     ],
     [
      262,
      5,
      10
     ],
     [
      267,
      1,
      4
     ],
     [
      269,
      1,
      3
     ],
     [
      270,
      2,
      10
     ]
    ],
    "188": [
     [
      261,
      1,
      8
     ],
     [
      262,
      5,
      10
     ],
     [
      267,
      1,
      6
     ],
     [
      269,
      1,
      2
     ],
     [
      270,
      1,
      10
     ],
     [
      271,
      1,
      9
     ]
    ],
    "189": [
     [
      267,
      1,
      5
     ],
     [
      270,
      1,
      10
     ],
     [
      271,
      1,
      7
     ]
    ]
   }
  },
  "clutter_headroom": 80.5,
  "clutter_at_floor": 0.41,
  "clutter_verdict": "vessels present",
  "detection_rate": 0.7059,
  "n_detections": 45,
  "n_reports": 34,
  "n_reports_with_fix": 34,
  "n_matched": 24,
  "n_reports_unsearched": 537,
  "n_reports_marginal": 6,
  "unsearched_by_length": {
   "<25 m": 376,
   "25-50 m": 61,
   "50-100 m": 6,
   "100-200 m": 12,
   ">200 m": 7,
   "unknown": 75
  },
  "k_sigma_match": 3.0,
  "gate_min_snr": 15.0,
  "gate_min_pixels": 6,
  "n_detections_before_gate": 283,
  "ais_window_s": 1800.0,
  "calibration": {
   "detectable_length_m": 25.0,
   "max_chance_match": 0.05,
   "density_per_km2": 0.00287,
   "max_scorable_radius_m": 2387,
   "n_unscorable": 0,
   "n_unscorable_matched": 0,
   "expected_chance_matches": 0.05,
   "strata": {
    ">=25 m": {
     "found": 20,
     "scored": 27,
     "rate": 0.7407,
     "ci95": [
      0.5532,
      0.8683
     ]
    },
    "<25 m": {
     "found": 3,
     "scored": 6,
     "rate": 0.5,
     "ci95": [
      0.1876,
      0.8124
     ]
    },
    "unknown length": {
     "found": 1,
     "scored": 1,
     "rate": 1.0,
     "ci95": [
      0.2065,
      1.0
     ]
    },
    "all scored": {
     "found": 24,
     "scored": 34,
     "rate": 0.7059,
     "ci95": [
      0.5383,
      0.8317
     ]
    }
   },
   "curve_edges_m": [
    0.0,
    15.0,
    25.0,
    50.0,
    100.0
   ],
   "curve": {
    "0-15 m": {
     "found": 0,
     "scored": 1,
     "rate": 0.0,
     "ci95": [
      0.0,
      0.7935
     ]
    },
    "15-25 m": {
     "found": 3,
     "scored": 5,
     "rate": 0.6,
     "ci95": [
      0.2307,
      0.8824
     ]
    },
    "25-50 m": {
     "found": 5,
     "scored": 9,
     "rate": 0.5556,
     "ci95": [
      0.2666,
      0.8112
     ]
    },
    "50-100 m": {
     "found": 4,
     "scored": 4,
     "rate": 1.0,
     "ci95": [
      0.5101,
      1.0
     ]
    },
    ">100 m": {
     "found": 11,
     "scored": 14,
     "rate": 0.7857,
     "ci95": [
      0.5241,
      0.9243
     ]
    },
    "unknown": {
     "found": 1,
     "scored": 1,
     "rate": 1.0,
     "ci95": [
      0.2065,
      1.0
     ]
    }
   }
  }
 },
 "features": [
  {
   "type": "Feature",
   "geometry": {
    "type": "Point",
    "coordinates": [
     -74.10892684249778,
     38.436410801357894
    ]
   },
   "properties": {
    "kind": "unmatched",
    "domain": "sea",
    "t_start": "2024-05-04T22:59:08+00:00",
    "t_end": "2024-05-04T22:59:08+00:00",
    "duration_s": 0.0,
    "confidence": 0.6705882352941177,
    "platform_ids": [],
    "evidence": {
     "sensor": "sentinel1-vv-cfar",
     "detector_confidence": 0.95,
     "detection_rate_this_pass": 0.706,
     "reports_considered": 34,
     "reports_with_a_fix": 34,
     "search_radius_m": 125.8,
     "snr": 35.09,
     "length_m_approx": 46.9,
     "pixels": 22,
     "scene": "S1A_IW_GRDH_1SDV_20240504T225908_20240504T225933_053728_068708_0753_COG.SAFE"
    }
   }
  },
  {
   "type": "Feature",
   "geometry": {
    "type": "Point",
    "coordinates": [
     -73.85408007012953,
     38.43535515410662
    ]
   },
   "properties": {
    "kind": "unmatched",
    "domain": "sea",
    "t_start": "2024-05-04T22:59:08+00:00",
    "t_end": "2024-05-04T22:59:08+00:00",
    "duration_s": 0.0,
    "confidence": 0.5738823529411765,
    "platform_ids": [],
    "evidence": {
     "sensor": "sentinel1-vv-cfar",
     "detector_confidence": 0.813,
     "detection_rate_this_pass": 0.706,
     "reports_considered": 34,
     "reports_with_a_fix": 34,
     "search_radius_m": 100.0,
     "snr": 16.26,
     "length_m_approx": 30.0,
     "pixels": 9,
     "scene": "S1A_IW_GRDH_1SDV_20240504T225908_20240504T225933_053728_068708_0753_COG.SAFE"
    }
   }
  },
  {
   "type": "Feature",
   "geometry": {
    "type": "Point",
    "coordinates": [
     -74.00066173051154,
     38.57449165113448
    ]
   },
   "properties": {
    "kind": "unmatched",
    "domain": "sea",
    "t_start": "2024-05-04T22:59:08+00:00",
    "t_end": "2024-05-04T22:59:08+00:00",
    "duration_s": 0.0,
    "confidence": 0.5484705882352942,
    "platform_ids": [],
    "evidence": {
     "sensor": "sentinel1-vv-cfar",
     "detector_confidence": 0.777,
     "detection_rate_this_pass": 0.706,
     "reports_considered": 34,
     "reports_with_a_fix": 34,
     "search_radius_m": 110.7,
     "snr": 15.53,
     "length_m_approx": 37.4,
     "pixels": 14,
     "scene": "S1A_IW_GRDH_1SDV_20240504T225908_20240504T225933_053728_068708_0753_COG.SAFE"
    }
   }
  },
  {
   "type": "Feature",
   "geometry": {
    "type": "Point",
    "coordinates": [
     -76.38302676729252,
     38.40229110068002
    ]
   },
   "properties": {
    "kind": "unmatched",
    "domain": "sea",
    "t_start": "2024-05-04T22:59:08+00:00",
    "t_end": "2024-05-04T22:59:08+00:00",
    "duration_s": 0.0,
    "confidence": 0.6705882352941177,
    "platform_ids": [],
    "evidence": {
     "sensor": "sentinel1-vv-cfar",
     "detector_confidence": 0.95,
     "detection_rate_this_pass": 0.706,
     "reports_considered": 34,
     "reports_with_a_fix": 34,
     "search_radius_m": 134.4,
     "snr": 35.26,
     "length_m_approx": 49.0,
     "pixels": 24,
     "scene": "S1A_IW_GRDH_1SDV_20240504T225908_20240504T225933_053728_068708_0753_COG.SAFE"
    }
   }
  },
  {
   "type": "Feature",
   "geometry": {
    "type": "Point",
    "coordinates": [
     -76.38454578817188,
     38.40239950452042
    ]
   },
   "properties": {
    "kind": "unmatched",
    "domain": "sea",
    "t_start": "2024-05-04T22:59:08+00:00",
    "t_end": "2024-05-04T22:59:08+00:00",
    "duration_s": 0.0,
    "confidence": 0.6705882352941177,
    "platform_ids": [],
    "evidence": {
     "sensor": "sentinel1-vv-cfar",
     "detector_confidence": 0.95,
     "detection_rate_this_pass": 0.706,
     "reports_considered": 34,
     "reports_with_a_fix": 34,
     "search_radius_m": 134.4,
     "snr": 31.96,
     "length_m_approx": 49.0,
     "pixels": 24,
     "scene": "S1A_IW_GRDH_1SDV_20240504T225908_20240504T225933_053728_068708_0753_COG.SAFE"
    }
   }
  },
  {
   "type": "Feature",
   "geometry": {
    "type": "Point",
    "coordinates": [
     -76.38205767197425,
     38.401299423424824
    ]
   },
   "properties": {
    "kind": "unmatched",
    "domain": "sea",
    "t_start": "2024-05-04T22:59:08+00:00",
    "t_end": "2024-05-04T22:59:08+00:00",
    "duration_s": 0.0,
    "confidence": 0.6705882352941177,
    "platform_ids": [],
    "evidence": {
     "sensor": "sentinel1-vv-cfar",
     "detector_confidence": 0.95,
     "detection_rate_this_pass": 0.706,
     "reports_considered": 34,
     "reports_with_a_fix": 34,
     "search_radius_m": 142.6,
     "snr": 21.35,
     "length_m_approx": 53.9,
     "pixels": 29,
     "scene": "S1A_IW_GRDH_1SDV_20240504T225908_20240504T225933_053728_068708_0753_COG.SAFE"
    }
   }
  },
  {
   "type": "Feature",
   "geometry": {
    "type": "Point",
    "coordinates": [
     -75.04562629075876,
     38.6086850172596
    ]
   },
   "properties": {
    "kind": "unmatched",
    "domain": "sea",
    "t_start": "2024-05-04T22:59:08+00:00",
    "t_end": "2024-05-04T22:59:08+00:00",
    "duration_s": 0.0,
    "confidence": 0.6705882352941177,
    "platform_ids": [],
    "evidence": {
     "sensor": "sentinel1-vv-cfar",
     "detector_confidence": 0.95,
     "detection_rate_this_pass": 0.706,
     "reports_considered": 34,
     "reports_with_a_fix": 34,
     "search_radius_m": 106.7,
     "snr": 26.07,
     "length_m_approx": 34.6,
     "pixels": 12,
     "scene": "S1A_IW_GRDH_1SDV_20240504T225908_20240504T225933_053728_068708_0753_COG.SAFE"
    }
   }
  },
  {
   "type": "Feature",
   "geometry": {
    "type": "Point",
    "coordinates": [
     -75.0895624694771,
     38.67198550813195
    ]
   },
   "properties": {
    "kind": "unmatched",
    "domain": "sea",
    "t_start": "2024-05-04T22:59:08+00:00",
    "t_end": "2024-05-04T22:59:08+00:00",
    "duration_s": 0.0,
    "confidence": 0.6035294117647059,
    "platform_ids": [],
    "evidence": {
     "sensor": "sentinel1-vv-cfar",
     "detector_confidence": 0.855,
     "detection_rate_this_pass": 0.706,
     "reports_considered": 34,
     "reports_with_a_fix": 34,
     "search_radius_m": 104.6,
     "snr": 17.1,
     "length_m_approx": 33.2,
     "pixels": 11,
     "scene": "S1A_IW_GRDH_1SDV_20240504T225908_20240504T225933_053728_068708_0753_COG.SAFE"
    }
   }
  },
  {
   "type": "Feature",
   "geometry": {
    "type": "Point",
    "coordinates": [
     -75.09192114704409,
     38.81452540727301
    ]
   },
   "properties": {
    "kind": "unmatched",
    "domain": "sea",
    "t_start": "2024-05-04T22:59:08+00:00",
    "t_end": "2024-05-04T22:59:08+00:00",
    "duration_s": 0.0,
    "confidence": 0.6515294117647059,
    "platform_ids": [],
    "evidence": {
     "sensor": "sentinel1-vv-cfar",
     "detector_confidence": 0.923,
     "detection_rate_this_pass": 0.706,
     "reports_considered": 34,
     "reports_with_a_fix": 34,
     "search_radius_m": 126.1,
     "snr": 18.47,
     "length_m_approx": 46.9,
     "pixels": 22,
     "scene": "S1A_IW_GRDH_1SDV_20240504T225908_20240504T225933_053728_068708_0753_COG.SAFE"
    }
   }
  },
  {
   "type": "Feature",
   "geometry": {
    "type": "Point",
    "coordinates": [
     -74.61256302549108,
     38.82847221133368
    ]
   },
   "properties": {
    "kind": "unmatched",
    "domain": "sea",
    "t_start": "2024-05-04T22:59:08+00:00",
    "t_end": "2024-05-04T22:59:08+00:00",
    "duration_s": 0.0,
    "confidence": 0.6705882352941177,
    "platform_ids": [],
    "evidence": {
     "sensor": "sentinel1-vv-cfar",
     "detector_confidence": 0.95,
     "detection_rate_this_pass": 0.706,
     "reports_considered": 34,
     "reports_with_a_fix": 34,
     "search_radius_m": 104.6,
     "snr": 28.78,
     "length_m_approx": 33.2,
     "pixels": 11,
     "scene": "S1A_IW_GRDH_1SDV_20240504T225908_20240504T225933_053728_068708_0753_COG.SAFE"
    }
   }
  },
  {
   "type": "Feature",
   "geometry": {
    "type": "Point",
    "coordinates": [
     -74.52638706571027,
     38.97107916512451
    ]
   },
   "properties": {
    "kind": "unmatched",
    "domain": "sea",
    "t_start": "2024-05-04T22:59:08+00:00",
    "t_end": "2024-05-04T22:59:08+00:00",
    "duration_s": 0.0,
    "confidence": 0.6190588235294118,
    "platform_ids": [],
    "evidence": {
     "sensor": "sentinel1-vv-cfar",
     "detector_confidence": 0.877,
     "detection_rate_this_pass": 0.706,
     "reports_considered": 34,
     "reports_with_a_fix": 34,
     "search_radius_m": 104.9,
     "snr": 17.54,
     "length_m_approx": 33.2,
     "pixels": 11,
     "scene": "S1A_IW_GRDH_1SDV_20240504T225908_20240504T225933_053728_068708_0753_COG.SAFE"
    }
   }
  },
  {
   "type": "Feature",
   "geometry": {
    "type": "Point",
    "coordinates": [
     -73.88548861170295,
     38.88215794008201
    ]
   },
   "properties": {
    "kind": "unmatched",
    "domain": "sea",
    "t_start": "2024-05-04T22:59:08+00:00",
    "t_end": "2024-05-04T22:59:08+00:00",
    "duration_s": 0.0,
    "confidence": 0.6705882352941177,
    "platform_ids": [],
    "evidence": {
     "sensor": "sentinel1-vv-cfar",
     "detector_confidence": 0.95,
     "detection_rate_this_pass": 0.706,
     "reports_considered": 34,
     "reports_with_a_fix": 34,
     "search_radius_m": 241.9,
     "snr": 141.27,
     "length_m_approx": 108.2,
     "pixels": 117,
     "scene": "S1A_IW_GRDH_1SDV_20240504T225908_20240504T225933_053728_068708_0753_COG.SAFE"
    }
   }
  },
  {
   "type": "Feature",
   "geometry": {
    "type": "Point",
    "coordinates": [
     -76.39102788261042,
     38.83360130893754
    ]
   },
   "properties": {
    "kind": "unmatched",
    "domain": "sea",
    "t_start": "2024-05-04T22:59:08+00:00",
    "t_end": "2024-05-04T22:59:08+00:00",
    "duration_s": 0.0,
    "confidence": 0.6705882352941177,
    "platform_ids": [],
    "evidence": {
     "sensor": "sentinel1-vv-cfar",
     "detector_confidence": 0.95,
     "detection_rate_this_pass": 0.706,
     "reports_considered": 34,
     "reports_with_a_fix": 34,
     "search_radius_m": 104.9,
     "snr": 20.8,
     "length_m_approx": 33.2,
     "pixels": 11,
     "scene": "S1A_IW_GRDH_1SDV_20240504T225908_20240504T225933_053728_068708_0753_COG.SAFE"
    }
   }
  },
  {
   "type": "Feature",
   "geometry": {
    "type": "Point",
    "coordinates": [
     -75.22124530250059,
     38.976637072665696
    ]
   },
   "properties": {
    "kind": "unmatched",
    "domain": "sea",
    "t_start": "2024-05-04T22:59:08+00:00",
    "t_end": "2024-05-04T22:59:08+00:00",
    "duration_s": 0.0,
    "confidence": 0.5576470588235295,
    "platform_ids": [],
    "evidence": {
     "sensor": "sentinel1-vv-cfar",
     "detector_confidence": 0.79,
     "detection_rate_this_pass": 0.706,
     "reports_considered": 34,
     "reports_with_a_fix": 34,
     "search_radius_m": 93.6,
     "snr": 15.79,
     "length_m_approx": 24.5,
     "pixels": 6,
     "scene": "S1A_IW_GRDH_1SDV_20240504T225908_20240504T225933_053728_068708_0753_COG.SAFE"
    }
   }
  },
  {
   "type": "Feature",
   "geometry": {
    "type": "Point",
    "coordinates": [
     -75.18172416696777,
     39.04817981520303
    ]
   },
   "properties": {
    "kind": "unmatched",
    "domain": "sea",
    "t_start": "2024-05-04T22:59:08+00:00",
    "t_end": "2024-05-04T22:59:08+00:00",
    "duration_s": 0.0,
    "confidence": 0.6705882352941177,
    "platform_ids": [],
    "evidence": {
     "sensor": "sentinel1-vv-cfar",
     "detector_confidence": 0.95,
     "detection_rate_this_pass": 0.706,
     "reports_considered": 34,
     "reports_with_a_fix": 34,
     "search_radius_m": 119.1,
     "snr": 23.79,
     "length_m_approx": 42.4,
     "pixels": 18,
     "scene": "S1A_IW_GRDH_1SDV_20240504T225908_20240504T225933_053728_068708_0753_COG.SAFE"
    }
   }
  },
  {
   "type": "Feature",
   "geometry": {
    "type": "Point",
    "coordinates": [
     -75.11256540441741,
     38.98602941868051
    ]
   },
   "properties": {
    "kind": "unmatched",
    "domain": "sea",
    "t_start": "2024-05-04T22:59:08+00:00",
    "t_end": "2024-05-04T22:59:08+00:00",
    "duration_s": 0.0,
    "confidence": 0.6698823529411765,
    "platform_ids": [],
    "evidence": {
     "sensor": "sentinel1-vv-cfar",
     "detector_confidence": 0.949,
     "detection_rate_this_pass": 0.706,
     "reports_considered": 34,
     "reports_with_a_fix": 34,
     "search_radius_m": 104.9,
     "snr": 18.97,
     "length_m_approx": 33.2,
     "pixels": 11,
     "scene": "S1A_IW_GRDH_1SDV_20240504T225908_20240504T225933_053728_068708_0753_COG.SAFE"
    }
   }
  },
  {
   "type": "Feature",
   "geometry": {
    "type": "Point",
    "coordinates": [
     -74.56532717868686,
     39.089009189845996
    ]
   },
   "properties": {
    "kind": "unmatched",
    "domain": "sea",
    "t_start": "2024-05-04T22:59:08+00:00",
    "t_end": "2024-05-04T22:59:08+00:00",
    "duration_s": 0.0,
    "confidence": 0.6705882352941177,
    "platform_ids": [],
    "evidence": {
     "sensor": "sentinel1-vv-cfar",
     "detector_confidence": 0.95,
     "detection_rate_this_pass": 0.706,
     "reports_considered": 34,
     "reports_with_a_fix": 34,
     "search_radius_m": 111.0,
     "snr": 33.37,
     "length_m_approx": 37.4,
     "pixels": 14,
     "scene": "S1A_IW_GRDH_1SDV_20240504T225908_20240504T225933_053728_068708_0753_COG.SAFE"
    }
   }
  },
  {
   "type": "Feature",
   "geometry": {
    "type": "Point",
    "coordinates": [
     -75.208289429917,
     39.126672475216864
    ]
   },
   "properties": {
    "kind": "unmatched",
    "domain": "sea",
    "t_start": "2024-05-04T22:59:08+00:00",
    "t_end": "2024-05-04T22:59:08+00:00",
    "duration_s": 0.0,
    "confidence": 0.6275294117647059,
    "platform_ids": [],
    "evidence": {
     "sensor": "sentinel1-vv-cfar",
     "detector_confidence": 0.889,
     "detection_rate_this_pass": 0.706,
     "reports_considered": 34,
     "reports_with_a_fix": 34,
     "search_radius_m": 112.9,
     "snr": 17.77,
     "length_m_approx": 37.4,
     "pixels": 14,
     "scene": "S1A_IW_GRDH_1SDV_20240504T225908_20240504T225933_053728_068708_0753_COG.SAFE"
    }
   }
  },
  {
   "type": "Feature",
   "geometry": {
    "type": "Point",
    "coordinates": [
     -74.13058181413456,
     39.354665436228785
    ]
   },
   "properties": {
    "kind": "unmatched",
    "domain": "sea",
    "t_start": "2024-05-04T22:59:08+00:00",
    "t_end": "2024-05-04T22:59:08+00:00",
    "duration_s": 0.0,
    "confidence": 0.6705882352941177,
    "platform_ids": [],
    "evidence": {
     "sensor": "sentinel1-vv-cfar",
     "detector_confidence": 0.95,
     "detection_rate_this_pass": 0.706,
     "reports_considered": 34,
     "reports_with_a_fix": 34,
     "search_radius_m": 114.2,
     "snr": 23.91,
     "length_m_approx": 37.4,
     "pixels": 14,
     "scene": "S1A_IW_GRDH_1SDV_20240504T225908_20240504T225933_053728_068708_0753_COG.SAFE"
    }
   }
  },
  {
   "type": "Feature",
   "geometry": {
    "type": "Point",
    "coordinates": [
     -76.2771849666294,
     39.262368758551624
    ]
   },
   "properties": {
    "kind": "unmatched",
    "domain": "sea",
    "t_start": "2024-05-04T22:59:08+00:00",
    "t_end": "2024-05-04T22:59:08+00:00",
    "duration_s": 0.0,
    "confidence": 0.6705882352941177,
    "platform_ids": [],
    "evidence": {
     "sensor": "sentinel1-vv-cfar",
     "detector_confidence": 0.95,
     "detection_rate_this_pass": 0.706,
     "reports_considered": 34,
     "reports_with_a_fix": 34,
     "search_radius_m": 137.6,
     "snr": 23.7,
     "length_m_approx": 34.6,
     "pixels": 12,
     "scene": "S1A_IW_GRDH_1SDV_20240504T225908_20240504T225933_053728_068708_0753_COG.SAFE"
    }
   }
  },
  {
   "type": "Feature",
   "geometry": {
    "type": "Point",
    "coordinates": [
     -75.56265550855372,
     39.57169136319354
    ]
   },
   "properties": {
    "kind": "unmatched",
    "domain": "sea",
    "t_start": "2024-05-04T22:59:08+00:00",
    "t_end": "2024-05-04T22:59:08+00:00",
    "duration_s": 0.0,
    "confidence": 0.619764705882353,
    "platform_ids": [],
    "evidence": {
     "sensor": "sentinel1-vv-cfar",
     "detector_confidence": 0.878,
     "detection_rate_this_pass": 0.706,
     "reports_considered": 34,
     "reports_with_a_fix": 34,
     "search_radius_m": 104.9,
     "snr": 17.57,
     "length_m_approx": 31.6,
     "pixels": 10,
     "scene": "S1A_IW_GRDH_1SDV_20240504T225908_20240504T225933_053728_068708_0753_COG.SAFE"
    }
   }
  }
 ]
}