{
 "type": "FeatureCollection",
 "properties": {
  "scene": "S1A_IW_GRDH_1SDV_20240715T225841_20240715T225906_054778_06AB8D_6E9C_COG.SAFE",
  "acquired": "2024-07-15T22:58:41+00:00",
  "geolocation_rms_m": 3.1,
  "geolocation_holdout_m": 9.9,
  "geolocation_median_m": 10.0,
  "geolocation_p90_m": 10.8,
  "geolocation_worst_m": 49.4,
  "geolocation_uneven": true,
  "geolocation_convergence": 3.2,
  "geolocation_method": "geolocation grid (bilinear)",
  "geolocation_validation": "holdout at 2x spacing",
  "tiles": 117,
  "tiles_skipped": 0,
  "k_sigma": 6.0,
  "land_masked": true,
  "water_fraction": 0.846,
  "land_sea_contrast": 3.3,
  "coast_blind_m": 605.0,
  "searched_km2": 35556.9,
  "refused_km2": 0.0,
  "tiles_without_water": 3,
  "outside_aoi": 0,
  "aoi_sea": [
   -77.2,
   36.0,
   -71.0,
   39.6
  ],
  "footprint": [
   [
    -76.2233,
    36.4286
   ],
   [
    -75.98935,
    36.46453
   ],
   [
    -75.75516,
    36.50002
   ],
   [
    -75.52076,
    36.53507
   ],
   [
    -75.28613,
    36.56963
   ],
   [
    -75.0513,
    36.60375
   ],
   [
    -74.81628,
    36.63742
   ],
   [
    -74.58103,
    36.67059
   ],
   [
    -74.3456,
    36.70332
   ],
   [
    -74.10997,
    36.7356
   ],
   [
    -73.87413,
    36.76737
   ],
   [
    -73.63811,
    36.7987
   ],
   [
    -73.4019,
    36.82958
   ],
   [
    -73.42744,
    36.95475
   ],
   [
    -73.453,
    37.07991
   ],
   [
    -73.47859,
    37.20507
   ],
   [
    -73.5042,
    37.33023
   ],
   [
    -73.52984,
    37.45538
   ],
   [
    -73.5555,
    37.58053
   ],
   [
    -73.58119,
    37.70567
   ],
   [
    -73.60689,
    37.83081
   ],
   [
    -73.63261,
    37.95595
   ],
   [
    -73.65835,
    38.08108
   ],
   [
    -73.68413,
    38.20621
   ],
   [
    -73.70992,
    38.33134
   ],
   [
    -73.95098,
    38.30073
   ],
   [
    -74.19183,
    38.26966
   ],
   [
    -74.4325,
    38.23811
   ],
   [
    -74.67293,
    38.20602
   ],
   [
    -74.91317,
    38.17347
   ],
   [
    -75.15319,
    38.14045
   ],
   [
    -75.39289,
    38.10691
   ],
   [
    -75.63244,
    38.07289
   ],
   [
    -75.87193,
    38.03839
   ],
   [
    -76.11106,
    38.00338
   ],
   [
    -76.34985,
    37.96791
   ],
   [
    -76.58808,
    37.93204
   ],
   [
    -76.55754,
    37.80676
   ],
   [
    -76.52706,
    37.68148
   ],
   [
    -76.49641,
    37.55622
   ],
   [
    -76.46591,
    37.43094
   ],
   [
    -76.43548,
    37.30566
   ],
   [
    -76.40503,
    37.18038
   ],
   [
    -76.37434,
    37.05514
   ],
   [
    -76.34383,
    36.92987
   ],
   [
    -76.31382,
    36.80453
   ],
   [
    -76.28361,
    36.67922
   ],
   [
    -76.25342,
    36.55391
   ]
  ],
  "searched_grid": {
   "cell_deg": 0.01,
   "lon0": -76.59,
   "lat0": 36.42,
   "levels": 10,
   "rows": {
    "4": [
     [
      57,
      1,
      6
     ],
     [
      58,
      6,
      10
     ]
    ],
    "5": [
     [
      57,
      1,
      8
     ],
     [
      58,
      7,
      10
     ],
     [
      65,
      1,
      7
     ],
     [
      66,
      3,
      5
     ]
    ],
    "6": [
     [
      56,
      1,
      4
     ],
     [
      57,
      2,
      10
     ],
     [
      59,
      1,
      8
     ],
     [
      60,
      1,
      2
     ],
     [
      62,
      1,
      4
     ],
     [
      63,
      1,
      6
     ],
     [
      64,
      1,
      4
     ],
     [
      65,
      1,
      1
     ],
     [
      74,
      1,
      7
     ],
     [
      75,
      2,
      10
     ]
    ],
    "7": [
     [
      56,
      1,
      7
     ],
     [
      57,
      2,
      10
     ],
     [
      59,
      1,
      3
     ],
     [
      69,
      1,
      5
     ],
     [
      74,
      1,
      9
     ],
     [
      75,
      9,
      10
     ]
    ],
    "8": [
     [
      55,
      1,
      2
     ],
     [
      56,
      1,
      9
     ],
     [
      57,
      2,
      10
     ],
     [
      59,
      1,
      7
     ],
     [
      69,
      1,
      8
     ],
     [
      70,
      1,
      2
     ],
     [
      74,
      16,
      10
     ]
    ],
    "9": [
     [
      56,
      1,
      1
     ],
     [
      57,
      1,
      7
     ],
     [
      58,
      1,
      10
     ],
     [
      59,
      1,
      8
     ],
     [
      60,
      1,
      1
     ],
     [
      73,
      1,
      3
     ],
     [
      74,
      23,
      10
     ]
    ],
    "10": [
     [
      57,
      1,
      10
     ],
     [
      58,
      1,
      6
     ],
     [
      73,
      1,
      5
     ],
     [
      74,
      30,
      10
     ]
    ],
    "11": [
     [
      56,
      1,
      1
     ],
     [
      57,
      1,
      9
     ],
     [
      73,
      1,
      8
     ],
     [
      74,
      37,
      10
     ]
    ],
    "12": [
     [
      56,
      1,
      4
     ],
     [
      73,
      1,
      8
     ],
     [
      74,
      43,
      10
     ]
    ],
    "13": [
     [
      56,
      1,
      3
     ],
     [
      73,
      51,
      10
     ]
    ],
    "14": [
     [
      55,
      1,
      1
     ],
     [
      64,
      1,
      1
     ],
     [
      67,
      1,
      6
     ],
     [
      68,
      1,
      1
     ],
     [
      72,
      1,
      1
     ],
     [
      73,
      58,
      10
     ]
    ],
    "15": [
     [
      61,
      1,
      2
     ],
     [
      62,
      1,
      3
     ],
     [
      63,
      1,
      1
     ],
     [
      64,
      1,
      4
     ],
     [
      65,
      1,
      8
     ],
     [
      66,
      1,
      7
     ],
     [
      67,
      1,
      8
     ],
     [
      68,
      1,
      5
     ],
     [
      72,
      1,
      4
     ],
     [
      73,
      65,
      10
     ]
    ],
    "16": [
     [
      61,
      1,
      5
     ],
     [
      62,
      6,
      10
     ],
     [
      68,
      1,
      8
     ],
     [
      72,
      1,
      6
     ],
     [
      73,
      72,
      10
     ]
    ],
    "17": [
     [
      61,
      1,
      7
     ],
     [
      62,
      6,
      10
     ],
     [
      68,
      1,
      6
     ],
     [
      72,
      1,
      8
     ],
     [
      73,
      79,
      10
     ]
    ],
    "18": [
     [
      61,
      1,
      9
     ],
     [
      62,
      5,
      10
     ],
     [
      67,
      1,
      9
     ],
     [
      68,
      1,
      1
     ],
     [
      72,
      86,
      10
     ]
    ],
    "19": [
     [
      61,
      1,
      9
     ],
     [
      62,
      2,
      10
     ],
     [
      64,
      1,
      6
     ],
     [
      65,
      1,
      3
     ],
     [
      67,
      1,
      1
     ],
     [
      71,
      1,
      5
     ],
     [
      72,
      93,
      10
     ]
    ],
    "20": [
     [
      61,
      2,
      10
     ],
     [
      63,
      1,
      5
     ],
     [
      71,
      1,
      9
     ],
     [
      72,
      100,
      10
     ]
    ],
    "21": [
     [
      60,
      1,
      1
     ],
     [
      61,
      1,
      5
     ],
     [
      62,
      1,
      10
     ],
     [
      63,
      1,
      4
     ],
     [
      70,
      1,
      3
     ],
     [
      71,
      109,
      10
     ]
    ],
    "22": [
     [
      62,
      1,
      4
     ],
     [
      63,
      1,
      2
     ],
     [
      66,
      1,
      1
     ],
     [
      69,
      1,
      1
     ],
     [
      70,
      1,
      7
     ],
     [
      71,
      116,
      10
     ]
    ],
    "23": [
     [
      69,
      1,
      3
     ],
     [
      70,
      124,
      10
     ]
    ],
    "24": [
     [
      69,
      1,
      8
     ],
     [
      70,
      131,
      10
     ]
    ],
    "25": [
     [
      68,
      1,
      3
     ],
     [
      69,
      139,
      10
     ]
    ],
    "26": [
     [
      64,
      1,
      5
     ],
     [
      67,
      1,
      1
     ],
     [
      68,
      1,
      9
     ],
     [
      69,
      146,
      10
     ]
    ],
    "27": [
     [
      64,
      1,
      4
     ],
     [
      67,
      1,
      3
     ],
     [
      68,
      155,
      10
     ]
    ],
    "28": [
     [
      63,
      1,
      1
     ],
     [
      64,
      1,
      2
     ],
     [
      67,
      1,
      9
     ],
     [
      68,
      162,
      10
     ]
    ],
    "29": [
     [
      66,
      1,
      3
     ],
     [
      67,
      170,
      10
     ]
    ],
    "30": [
     [
      66,
      1,
      5
     ],
     [
      67,
      177,
      10
     ]
    ],
    "31": [
     [
      66,
      185,
      10
     ]
    ],
    "32": [
     [
      65,
      1,
      3
     ],
     [
      66,
      193,
      10
     ]
    ],
    "33": [
     [
      65,
      1,
      7
     ],
     [
      66,
      200,
      10
     ]
    ],
    "34": [
     [
      64,
      1,
      1
     ],
     [
      65,
      209,
      10
     ]
    ],
    "35": [
     [
      64,
      1,
      4
     ],
     [
      65,
      217,
      10
     ]
    ],
    "36": [
     [
      64,
      1,
      9
     ],
     [
      65,
      224,
      10
     ]
    ],
    "37": [
     [
      63,
      1,
      2
     ],
     [
      64,
      232,
      10
     ]
    ],
    "38": [
     [
      63,
      1,
      3
     ],
     [
      64,
      240,
      10
     ]
    ],
    "39": [
     [
      63,
      1,
      1
     ],
     [
      64,
      248,
      10
     ]
    ],
    "40": [
     [
      63,
      1,
      8
     ],
     [
      64,
      250,
      10
     ]
    ],
    "41": [
     [
      62,
      1,
      1
     ],
     [
      63,
      251,
      10
     ]
    ],
    "42": [
     [
      62,
      1,
      3
     ],
     [
      63,
      250,
      10
     ],
     [
      313,
      1,
      7
     ]
    ],
    "43": [
     [
      62,
      1,
      5
     ],
     [
      63,
      250,
      10
     ],
     [
      313,
      1,
      4
     ]
    ],
    "44": [
     [
      62,
      1,
      5
     ],
     [
      63,
      250,
      10
     ],
     [
      313,
      1,
      3
     ]
    ],
    "45": [
     [
      61,
      1,
      1
     ],
     [
      62,
      47,
      10
     ],
     [
      109,
      1,
      8
     ],
     [
      110,
      1,
      9
     ],
     [
      111,
      202,
      10
     ]
    ],
    "46": [
     [
      61,
      1,
      3
     ],
     [
      62,
      46,
      10
     ],
     [
      108,
      1,
      7
     ],
     [
      110,
      1,
      4
     ],
     [
      111,
      201,
      10
     ],
     [
      312,
      1,
      8
     ]
    ],
    "47": [
     [
      61,
      1,
      6
     ],
     [
      62,
      47,
      10
     ],
     [
      110,
      1,
      3
     ],
     [
      111,
      201,
      10
     ],
     [
      312,
      1,
      7
     ]
    ],
    "48": [
     [
      61,
      1,
      8
     ],
     [
      62,
      48,
      10
     ],
     [
      110,
      1,
      8
     ],
     [
      111,
      201,
      10
     ],
     [
      312,
      1,
      5
     ]
    ],
    "49": [
     [
      48,
      2,
      1
     ],
     [
      51,
      1,
      1
     ],
     [
      60,
      1,
      1
     ],
     [
      61,
      251,
      10
     ],
     [
      312,
      1,
      2
     ]
    ],
    "50": [
     [
      47,
      1,
      4
     ],
     [
      48,
      1,
      10
     ],
     [
      49,
      1,
      9
     ],
     [
      50,
      1,
      6
     ],
     [
      51,
      1,
      10
     ],
     [
      52,
      1,
      8
     ],
     [
      53,
      1,
      1
     ],
     [
      59,
      1,
      1
     ],
     [
      60,
      1,
      8
     ],
     [
      61,
      251,
      10
     ]
    ],
    "51": [
     [
      40,
      1,
      1
     ],
     [
      42,
      1,
      2
     ],
     [
      43,
      1,
      8
     ],
     [
      44,
      1,
      9
     ],
     [
      45,
      1,
      8
     ],
     [
      46,
      1,
      2
     ],
     [
      47,
      1,
      7
     ],
     [
      48,
      5,
      10
     ],
     [
      53,
      1,
      9
     ],
     [
      54,
      1,
      4
     ],
     [
      55,
      1,
      3
     ],
     [
      56,
      2,
      2
     ],
     [
      58,
      1,
      5
     ],
     [
      59,
      1,
      9
     ],
     [
      60,
      251,
      10
     ],
     [
      311,
      1,
      8
     ]
    ],
    "52": [
     [
      36,
      1,
      1
     ],
     [
      37,
      1,
      3
     ],
     [
      38,
      1,
      8
     ],
     [
      39,
      1,
      10
     ],
     [
      40,
      1,
      8
     ],
     [
      41,
      1,
      5
     ],
     [
      42,
      269,
      10
     ],
     [
      311,
      1,
      7
     ]
    ],
    "53": [
     [
      35,
      1,
      4
     ],
     [
      36,
      1,
      9
     ],
     [
      37,
      274,
      10
     ],
     [
      311,
      1,
      3
     ]
    ],
    "54": [
     [
      33,
      1,
      2
     ],
     [
      34,
      1,
      8
     ],
     [
      35,
      10,
      10
     ],
     [
      45,
      1,
      6
     ],
     [
      46,
      1,
      9
     ],
     [
      47,
      68,
      10
     ],
     [
      115,
      1,
      9
     ],
     [
      116,
      1,
      7
     ],
     [
      117,
      194,
      10
     ],
     [
      311,
      1,
      2
     ]
    ],
    "55": [
     [
      25,
      1,
      1
     ],
     [
      26,
      1,
      2
     ],
     [
      30,
      1,
      3
     ],
     [
      31,
      1,
      5
     ],
     [
      32,
      1,
      7
     ],
     [
      33,
      1,
      9
     ],
     [
      34,
      9,
      10
     ],
     [
      43,
      1,
      8
     ],
     [
      46,
      1,
      7
     ],
     [
      47,
      68,
      10
     ],
     [
      115,
      1,
      2
     ],
     [
      117,
      1,
      6
     ],
     [
      118,
      193,
      10
     ]
    ],
    "56": [
     [
      26,
      2,
      1
     ],
     [
      29,
      1,
      4
     ],
     [
      30,
      13,
      10
     ],
     [
      43,
      1,
      8
     ],
     [
      44,
      1,
      3
     ],
     [
      45,
      1,
      7
     ],
     [
      46,
      1,
      9
     ],
     [
      47,
      68,
      10
     ],
     [
      115,
      2,
      6
     ],
     [
      117,
      193,
      10
     ],
     [
      310,
      1,
      8
     ]
    ],
    "57": [
     [
      25,
      1,
      7
     ],
     [
      26,
      1,
      1
     ],
     [
      27,
      2,
      3
     ],
     [
      29,
      1,
      6
     ],
     [
      30,
      280,
      10
     ],
     [
      310,
      1,
      6
     ]
    ],
    "58": [
     [
      30,
      1,
      9
     ],
     [
      31,
      279,
      10
     ],
     [
      310,
      1,
      3
     ]
    ],
    "59": [
     [
      30,
      1,
      8
     ],
     [
      31,
      279,
      10
     ],
     [
      310,
      1,
      2
     ]
    ],
    "60": [
     [
      30,
      1,
      7
     ],
     [
      31,
      279,
      10
     ]
    ],
    "61": [
     [
      30,
      1,
      1
     ],
     [
      31,
      1,
      9
     ],
     [
      32,
      20,
      10
     ],
     [
      52,
      2,
      8
     ],
     [
      54,
      255,
      10
     ],
     [
      309,
      1,
      7
     ]
    ],
    "62": [
     [
      31,
      1,
      6
     ],
     [
      32,
      20,
      10
     ],
     [
      53,
      1,
      2
     ],
     [
      54,
      1,
      9
     ],
     [
      55,
      254,
      10
     ],
     [
      309,
      1,
      6
     ]
    ],
    "63": [
     [
      31,
      1,
      1
     ],
     [
      32,
      20,
      10
     ],
     [
      52,
      1,
      8
     ],
     [
      53,
      1,
      1
     ],
     [
      55,
      1,
      8
     ],
     [
      56,
      253,
      10
     ],
     [
      309,
      1,
      4
     ]
    ],
    "64": [
     [
      31,
      1,
      1
     ],
     [
      32,
      21,
      10
     ],
     [
      53,
      1,
      7
     ],
     [
      54,
      2,
      8
     ],
     [
      56,
      253,
      10
     ],
     [
      309,
      1,
      1
     ]
    ],
    "65": [
     [
      32,
      1,
      5
     ],
     [
      33,
      27,
      10
     ],
     [
      60,
      1,
      9
     ],
     [
      61,
      2,
      7
     ],
     [
      63,
      1,
      4
     ],
     [
      64,
      1,
      8
     ],
     [
      65,
      244,
      10
     ]
    ],
    "66": [
     [
      32,
      1,
      3
     ],
     [
      33,
      26,
      10
     ],
     [
      59,
      1,
      5
     ],
     [
      60,
      1,
      1
     ],
     [
      65,
      1,
      4
     ],
     [
      66,
      242,
      10
     ],
     [
      308,
      1,
      7
     ]
    ],
    "67": [
     [
      32,
      1,
      5
     ],
     [
      33,
      26,
      10
     ],
     [
      59,
      1,
      6
     ],
     [
      65,
      1,
      1
     ],
     [
      66,
      242,
      10
     ],
     [
      308,
      1,
      7
     ]
    ],
    "68": [
     [
      28,
      1,
      3
     ],
     [
      31,
      1,
      2
     ],
     [
      32,
      1,
      9
     ],
     [
      33,
      27,
      10
     ],
     [
      60,
      1,
      2
     ],
     [
      64,
      1,
      1
     ],
     [
      65,
      1,
      7
     ],
     [
      66,
      2,
      3
     ],
     [
      68,
      1,
      7
     ],
     [
      69,
      1,
      9
     ],
     [
      70,
      238,
      10
     ],
     [
      308,
      1,
      3
     ]
    ],
    "69": [
     [
      30,
      1,
      6
     ],
     [
      31,
      29,
      10
     ],
     [
      60,
      1,
      8
     ],
     [
      61,
      1,
      2
     ],
     [
      64,
      1,
      3
     ],
     [
      65,
      1,
      6
     ],
     [
      70,
      1,
      7
     ],
     [
      71,
      237,
      10
     ],
     [
      308,
      1,
      1
     ]
    ],
    "70": [
     [
      30,
      1,
      6
     ],
     [
      31,
      30,
      10
     ],
     [
      66,
      1,
      1
     ],
     [
      71,
      1,
      6
     ],
     [
      72,
      236,
      10
     ]
    ],
    "71": [
     [
      30,
      1,
      6
     ],
     [
      31,
      29,
      10
     ],
     [
      60,
      1,
      9
     ],
     [
      67,
      1,
      10
     ],
     [
      68,
      1,
      1
     ],
     [
      72,
      1,
      6
     ],
     [
      73,
      234,
      10
     ],
     [
      307,
      1,
      7
     ]
    ],
    "72": [
     [
      27,
      1,
      2
     ],
     [
      28,
      1,
      6
     ],
     [
      31,
      1,
      4
     ],
     [
      32,
      28,
      10
     ],
     [
      60,
      1,
      6
     ],
     [
      65,
      1,
      2
     ],
     [
      66,
      1,
      6
     ],
     [
      67,
      1,
      8
     ],
     [
      68,
      1,
      1
     ],
     [
      73,
      1,
      7
     ],
     [
      74,
      233,
      10
     ],
     [
      307,
      1,
      4
     ]
    ],
    "73": [
     [
      26,
      1,
      7
     ],
     [
      27,
      1,
      10
     ],
     [
      28,
      1,
      3
     ],
     [
      31,
      1,
      2
     ],
     [
      32,
      1,
      9
     ],
     [
      33,
      26,
      10
     ],
     [
      59,
      1,
      6
     ],
     [
      60,
      1,
      2
     ],
     [
      65,
      1,
      4
     ],
     [
      66,
      1,
      10
     ],
     [
      74,
      1,
      6
     ],
     [
      75,
      232,
      10
     ],
     [
      307,
      1,
      3
     ]
    ],
    "74": [
     [
      26,
      1,
      10
     ],
     [
      27,
      1,
      9
     ],
     [
      28,
      1,
      1
     ],
     [
      33,
      1,
      7
     ],
     [
      34,
      24,
      10
     ],
     [
      58,
      1,
      7
     ],
     [
      66,
      1,
      10
     ],
     [
      67,
      1,
      1
     ],
     [
      75,
      1,
      2
     ],
     [
      76,
      1,
      9
     ],
     [
      77,
      230,
      10
     ],
     [
      307,
      1,
      1
     ]
    ],
    "75": [
     [
      24,
      1,
      1
     ],
     [
      26,
      1,
      5
     ],
     [
      27,
      1,
      4
     ],
     [
      31,
      1,
      5
     ],
     [
      32,
      1,
      7
     ],
     [
      33,
      1,
      9
     ],
     [
      34,
      10,
      10
     ],
     [
      44,
      1,
      8
     ],
     [
      45,
      1,
      9
     ],
     [
      46,
      12,
      10
     ],
     [
      58,
      1,
      6
     ],
     [
      65,
      1,
      1
     ],
     [
      66,
      1,
      10
     ],
     [
      67,
      1,
      2
     ],
     [
      76,
      1,
      6
     ],
     [
      77,
      230,
      10
     ]
    ],
    "76": [
     [
      23,
      1,
      3
     ],
     [
      24,
      2,
      1
     ],
     [
      26,
      1,
      6
     ],
     [
      27,
      1,
      7
     ],
     [
      28,
      1,
      3
     ],
     [
      30,
      1,
      1
     ],
     [
      31,
      1,
      8
     ],
     [
      32,
      12,
      10
     ],
     [
      44,
      1,
      3
     ],
     [
      46,
      1,
      8
     ],
     [
      47,
      10,
      10
     ],
     [
      57,
      1,
      8
     ],
     [
      58,
      1,
      2
     ],
     [
      66,
      1,
      4
     ],
     [
      67,
      1,
      2
     ],
     [
      77,
      1,
      5
     ],
     [
      78,
      228,
      10
     ],
     [
      306,
      1,
      6
     ]
    ],
    "77": [
     [
      23,
      2,
      9
     ],
     [
      25,
      1,
      8
     ],
     [
      26,
      2,
      10
     ],
     [
      28,
      1,
      7
     ],
     [
      29,
      1,
      1
     ],
     [
      32,
      12,
      10
     ],
     [
      44,
      1,
      8
     ],
     [
      47,
      2,
      3
     ],
     [
      49,
      1,
      4
     ],
     [
      50,
      1,
      9
     ],
     [
      51,
      6,
      10
     ],
     [
      57,
      1,
      2
     ],
     [
      66,
      1,
      2
     ],
     [
      67,
      1,
      5
     ],
     [
      78,
      1,
      9
     ],
     [
      79,
      227,
      10
     ],
     [
      306,
      1,
      5
     ]
    ],
    "78": [
     [
      20,
      1,
      2
     ],
     [
      21,
      2,
      5
     ],
     [
      23,
      6,
      10
     ],
     [
      29,
      1,
      4
     ],
     [
      31,
      1,
      3
     ],
     [
      32,
      13,
      10
     ],
     [
      45,
      1,
      7
     ],
     [
      46,
      1,
      6
     ],
     [
      47,
      1,
      2
     ],
     [
      49,
      1,
      2
     ],
     [
      50,
      7,
      10
     ],
     [
      78,
      1,
      7
     ],
     [
      79,
      227,
      10
     ],
     [
      306,
      1,
      3
     ]
    ],
    "79": [
     [
      20,
      1,
      4
     ],
     [
      21,
      8,
      10
     ],
     [
      29,
      1,
      8
     ],
     [
      30,
      1,
      5
     ],
     [
      31,
      1,
      8
     ],
     [
      32,
      1,
      6
     ],
     [
      33,
      1,
      4
     ],
     [
      34,
      1,
      7
     ],
     [
      35,
      21,
      10
     ],
     [
      56,
      1,
      8
     ],
     [
      71,
      1,
      4
     ],
     [
      72,
      1,
      5
     ],
     [
      73,
      1,
      8
     ],
     [
      79,
      1,
      6
     ],
     [
      80,
      226,
      10
     ]
    ],
    "80": [
     [
      18,
      1,
      1
     ],
     [
      21,
      1,
      7
     ],
     [
      22,
      9,
      10
     ],
     [
      31,
      1,
      8
     ],
     [
      34,
      1,
      5
     ],
     [
      35,
      22,
      10
     ],
     [
      71,
      1,
      2
     ],
     [
      72,
      1,
      10
     ],
     [
      73,
      1,
      8
     ],
     [
      79,
      1,
      3
     ],
     [
      80,
      225,
      10
     ],
     [
      305,
      1,
      9
     ]
    ],
    "81": [
     [
      17,
      1,
      3
     ],
     [
      18,
      1,
      8
     ],
     [
      21,
      1,
      1
     ],
     [
      22,
      1,
      8
     ],
     [
      23,
      8,
      10
     ],
     [
      31,
      1,
      5
     ],
     [
      33,
      1,
      2
     ],
     [
      34,
      12,
      10
     ],
     [
      47,
      1,
      4
     ],
     [
      48,
      8,
      10
     ],
     [
      56,
      1,
      5
     ],
     [
      72,
      1,
      8
     ],
     [
      73,
      1,
      9
     ],
     [
      79,
      1,
      5
     ],
     [
      80,
      225,
      10
     ],
     [
      305,
      1,
      7
     ]
    ],
    "82": [
     [
      17,
      1,
      1
     ],
     [
      18,
      1,
      6
     ],
     [
      22,
      1,
      7
     ],
     [
      23,
      3,
      10
     ],
     [
      26,
      1,
      9
     ],
     [
      28,
      1,
      3
     ],
     [
      29,
      1,
      9
     ],
     [
      30,
      1,
      10
     ],
     [
      31,
      1,
      6
     ],
     [
      33,
      1,
      7
     ],
     [
      34,
      11,
      10
     ],
     [
      45,
      1,
      9
     ],
     [
      46,
      2,
      2
     ],
     [
      48,
      1,
      8
     ],
     [
      49,
      7,
      10
     ],
     [
      67,
      1,
      1
     ],
     [
      72,
      1,
      2
     ],
     [
      73,
      1,
      8
     ],
     [
      74,
      1,
      4
     ],
     [
      75,
      1,
      2
     ],
     [
      79,
      1,
      1
     ],
     [
      80,
      225,
      10
     ],
     [
      305,
      1,
      5
     ]
    ],
    "83": [
     [
      18,
      1,
      2
     ],
     [
      19,
      1,
      3
     ],
     [
      23,
      1,
      7
     ],
     [
      24,
      2,
      10
     ],
     [
      26,
      1,
      3
     ],
     [
      28,
      1,
      2
     ],
     [
      29,
      3,
      10
     ],
     [
      32,
      1,
      8
     ],
     [
      33,
      13,
      10
     ],
     [
      46,
      1,
      4
     ],
     [
      48,
      7,
      10
     ],
     [
      55,
      1,
      8
     ],
     [
      67,
      1,
      2
     ],
     [
      68,
      1,
      3
     ],
     [
      74,
      1,
      6
     ],
     [
      75,
      1,
      10
     ],
     [
      76,
      1,
      9
     ],
     [
      77,
      1,
      2
     ],
     [
      80,
      1,
      8
     ],
     [
      81,
      224,
      10
     ],
     [
      305,
      1,
      3
     ]
    ],
    "84": [
     [
      23,
      1,
      5
     ],
     [
      24,
      2,
      10
     ],
     [
      26,
      1,
      2
     ],
     [
      28,
      1,
      7
     ],
     [
      29,
      26,
      10
     ],
     [
      55,
      1,
      7
     ],
     [
      75,
      1,
      3
     ],
     [
      76,
      1,
      5
     ],
     [
      77,
      1,
      6
     ],
     [
      80,
      1,
      8
     ],
     [
      81,
      224,
      10
     ]
    ],
    "85": [
     [
      23,
      2,
      7
     ],
     [
      25,
      1,
      6
     ],
     [
      26,
      1,
      1
     ],
     [
      28,
      1,
      3
     ],
     [
      29,
      2,
      10
     ],
     [
      31,
      1,
      8
     ],
     [
      32,
      1,
      4
     ],
     [
      33,
      1,
      5
     ],
     [
      34,
      1,
      8
     ],
     [
      35,
      20,
      10
     ],
     [
      55,
      1,
      8
     ],
     [
      77,
      1,
      6
     ],
     [
      80,
      1,
      6
     ],
     [
      81,
      223,
      10
     ],
     [
      304,
      1,
      9
     ]
    ],
    "86": [
     [
      22,
      1,
      7
     ],
     [
      23,
      1,
      9
     ],
     [
      24,
      1,
      2
     ],
     [
      28,
      1,
      4
     ],
     [
      29,
      1,
      10
     ],
     [
      30,
      1,
      6
     ],
     [
      31,
      1,
      2
     ],
     [
      36,
      1,
      4
     ],
     [
      37,
      1,
      6
     ],
     [
      38,
      17,
      10
     ],
     [
      55,
      1,
      9
     ],
     [
      76,
      1,
      2
     ],
     [
      77,
      1,
      9
     ],
     [
      78,
      2,
      2
     ],
     [
      80,
      1,
      3
     ],
     [
      81,
      1,
      8
     ],
     [
      82,
      222,
      10
     ],
     [
      304,
      1,
      7
     ]
    ],
    "87": [
     [
      22,
      1,
      4
     ],
     [
      23,
      1,
      9
     ],
     [
      24,
      1,
      6
     ],
     [
      25,
      1,
      2
     ],
     [
      27,
      1,
      2
     ],
     [
      28,
      1,
      9
     ],
     [
      29,
      1,
      10
     ],
     [
      30,
      1,
      2
     ],
     [
      38,
      17,
      10
     ],
     [
      55,
      1,
      9
     ],
     [
      56,
      1,
      2
     ],
     [
      73,
      1,
      4
     ],
     [
      74,
      1,
      7
     ],
     [
      75,
      1,
      6
     ],
     [
      76,
      1,
      9
     ],
     [
      77,
      2,
      10
     ],
     [
      79,
      1,
      4
     ],
     [
      81,
      1,
      1
     ],
     [
      82,
      1,
      8
     ],
     [
      83,
      221,
      10
     ],
     [
      304,
      1,
      3
     ]
    ],
    "88": [
     [
      23,
      1,
      4
     ],
     [
      24,
      1,
      9
     ],
     [
      25,
      1,
      10
     ],
     [
      26,
      1,
      4
     ],
     [
      28,
      1,
      8
     ],
     [
      29,
      1,
      10
     ],
     [
      30,
      1,
      3
     ],
     [
      32,
      1,
      3
     ],
     [
      33,
      1,
      4
     ],
     [
      36,
      1,
      2
     ],
     [
      37,
      1,
      8
     ],
     [
      38,
      18,
      10
     ],
     [
      56,
      1,
      1
     ],
     [
      73,
      1,
      2
     ],
     [
      74,
      1,
      9
     ],
     [
      75,
      4,
      10
     ],
     [
      79,
      1,
      2
     ],
     [
      82,
      1,
      1
     ],
     [
      83,
      1,
      9
     ],
     [
      84,
      220,
      10
     ],
     [
      304,
      1,
      3
     ]
    ],
    "89": [
     [
      24,
      1,
      1
     ],
     [
      25,
      3,
      10
     ],
     [
      28,
      1,
      8
     ],
     [
      29,
      1,
      3
     ],
     [
      30,
      1,
      1
     ],
     [
      32,
      1,
      4
     ],
     [
      33,
      2,
      6
     ],
     [
      35,
      1,
      9
     ],
     [
      36,
      20,
      10
     ],
     [
      56,
      1,
      1
     ],
     [
      74,
      1,
      3
     ],
     [
      75,
      1,
      9
     ],
     [
      76,
      4,
      10
     ],
     [
      80,
      1,
      3
     ],
     [
      83,
      1,
      7
     ],
     [
      84,
      220,
      10
     ]
    ],
    "90": [
     [
      24,
      1,
      1
     ],
     [
      25,
      1,
      7
     ],
     [
      26,
      1,
      10
     ],
     [
      27,
      1,
      4
     ],
     [
      32,
      1,
      1
     ],
     [
      35,
      21,
      10
     ],
     [
      56,
      1,
      4
     ],
     [
      69,
      2,
      2
     ],
     [
      75,
      1,
      1
     ],
     [
      76,
      1,
      10
     ],
     [
      77,
      1,
      6
     ],
     [
      78,
      1,
      7
     ],
     [
      79,
      1,
      3
     ],
     [
      84,
      1,
      8
     ],
     [
      85,
      218,
      10
     ],
     [
      303,
      1,
      9
     ]
    ],
    "91": [
     [
      26,
      1,
      4
     ],
     [
      32,
      1,
      2
     ],
     [
      33,
      2,
      7
     ],
     [
      35,
      21,
      10
     ],
     [
      56,
      1,
      8
     ],
     [
      70,
      1,
      3
     ],
     [
      76,
      1,
      4
     ],
     [
      84,
      1,
      7
     ],
     [
      85,
      218,
      10
     ],
     [
      303,
      1,
      6
     ]
    ],
    "92": [
     [
      34,
      1,
      9
     ],
     [
      35,
      22,
      10
     ],
     [
      57,
      1,
      5
     ],
     [
      70,
      1,
      4
     ],
     [
      71,
      1,
      1
     ],
     [
      73,
      1,
      1
     ],
     [
      74,
      1,
      6
     ],
     [
      75,
      1,
      4
     ],
     [
      76,
      1,
      8
     ],
     [
      77,
      1,
      10
     ],
     [
      78,
      1,
      6
     ],
     [
      81,
      2,
      1
     ],
     [
      84,
      1,
      9
     ],
     [
      85,
      218,
      10
     ],
     [
      303,
      1,
      4
     ]
    ],
    "93": [
     [
      16,
      1,
      1
     ],
     [
      24,
      1,
      2
     ],
     [
      34,
      1,
      9
     ],
     [
      35,
      23,
      10
     ],
     [
      58,
      1,
      4
     ],
     [
      74,
      1,
      5
     ],
     [
      75,
      4,
      10
     ],
     [
      79,
      1,
      1
     ],
     [
      81,
      2,
      3
     ],
     [
      83,
      1,
      5
     ],
     [
      84,
      219,
      10
     ],
     [
      303,
      1,
      4
     ]
    ],
    "94": [
     [
      15,
      1,
      2
     ],
     [
      16,
      1,
      3
     ],
     [
      34,
      1,
      5
     ],
     [
      35,
      23,
      10
     ],
     [
      58,
      1,
      9
     ],
     [
      74,
      1,
      4
     ],
     [
      75,
      4,
      10
     ],
     [
      79,
      1,
      3
     ],
     [
      83,
      2,
      10
     ],
     [
      85,
      1,
      9
     ],
     [
      86,
      1,
      2
     ],
     [
      87,
      1,
      3
     ],
     [
      88,
      1,
      9
     ],
     [
      89,
      214,
      10
     ],
     [
      303,
      1,
      3
     ]
    ],
    "95": [
     [
      15,
      1,
      2
     ],
     [
      35,
      1,
      7
     ],
     [
      36,
      4,
      10
     ],
     [
      40,
      1,
      2
     ],
     [
      41,
      1,
      7
     ],
     [
      42,
      17,
      10
     ],
     [
      59,
      1,
      6
     ],
     [
      72,
      1,
      1
     ],
     [
      73,
      1,
      2
     ],
     [
      74,
      1,
      8
     ],
     [
      75,
      1,
      9
     ],
     [
      76,
      2,
      10
     ],
     [
      78,
      1,
      4
     ],
     [
      81,
      1,
      2
     ],
     [
      82,
      1,
      8
     ],
     [
      83,
      2,
      10
     ],
     [
      85,
      1,
      5
     ],
     [
      88,
      1,
      2
     ],
     [
      89,
      214,
      10
     ],
     [
      303,
      1,
      2
     ]
    ],
    "96": [
     [
      35,
      1,
      8
     ],
     [
      36,
      3,
      10
     ],
     [
      39,
      1,
      8
     ],
     [
      41,
      1,
      4
     ],
     [
      42,
      17,
      10
     ],
     [
      59,
      1,
      5
     ],
     [
      60,
      1,
      1
     ],
     [
      73,
      2,
      2
     ],
     [
      75,
      1,
      1
     ],
     [
      77,
      1,
      5
     ],
     [
      81,
      1,
      7
     ],
     [
      82,
      3,
      10
     ],
     [
      85,
      1,
      1
     ],
     [
      89,
      1,
      9
     ],
     [
      90,
      213,
      10
     ]
    ],
    "97": [
     [
      18,
      1,
      2
     ],
     [
      35,
      1,
      4
     ],
     [
      36,
      3,
      10
     ],
     [
      39,
      1,
      6
     ],
     [
      41,
      1,
      6
     ],
     [
      42,
      18,
      10
     ],
     [
      60,
      1,
      7
     ],
     [
      80,
      1,
      5
     ],
     [
      81,
      1,
      9
     ],
     [
      82,
      3,
      10
     ],
     [
      85,
      1,
      2
     ],
     [
      89,
      1,
      1
     ],
     [
      90,
      1,
      9
     ],
     [
      91,
      211,
      10
     ],
     [
      302,
      1,
      7
     ]
    ],
    "98": [
     [
      35,
      1,
      3
     ],
     [
      36,
      3,
      10
     ],
     [
      39,
      1,
      6
     ],
     [
      40,
      1,
      4
     ],
     [
      41,
      1,
      8
     ],
     [
      42,
      18,
      10
     ],
     [
      80,
      1,
      4
     ],
     [
      81,
      6,
      10
     ],
     [
      87,
      1,
      4
     ],
     [
      90,
      1,
      1
     ],
     [
      91,
      211,
      10
     ],
     [
      302,
      1,
      6
     ]
    ],
    "99": [
     [
      35,
      1,
      7
     ],
     [
      36,
      23,
      10
     ],
     [
      59,
      1,
      7
     ],
     [
      79,
      1,
      3
     ],
     [
      80,
      1,
      9
     ],
     [
      81,
      4,
      10
     ],
     [
      85,
      1,
      2
     ],
     [
      86,
      1,
      7
     ],
     [
      87,
      1,
      8
     ],
     [
      88,
      1,
      2
     ],
     [
      91,
      1,
      3
     ],
     [
      92,
      210,
      10
     ],
     [
      302,
      1,
      4
     ]
    ],
    "100": [
     [
      34,
      1,
      1
     ],
     [
      35,
      1,
      8
     ],
     [
      36,
      23,
      10
     ],
     [
      59,
      1,
      9
     ],
     [
      78,
      1,
      7
     ],
     [
      79,
      5,
      10
     ],
     [
      84,
      1,
      9
     ],
     [
      87,
      1,
      6
     ],
     [
      88,
      1,
      1
     ],
     [
      92,
      1,
      8
     ],
     [
      93,
      209,
      10
     ],
     [
      302,
      1,
      1
     ]
    ],
    "101": [
     [
      34,
      1,
      4
     ],
     [
      35,
      25,
      10
     ],
     [
      78,
      1,
      2
     ],
     [
      79,
      5,
      10
     ],
     [
      84,
      1,
      8
     ],
     [
      92,
      1,
      1
     ],
     [
      93,
      1,
      9
     ],
     [
      94,
      208,
      10
     ]
    ],
    "102": [
     [
      34,
      1,
      8
     ],
     [
      35,
      25,
      10
     ],
     [
      60,
      1,
      3
     ],
     [
      78,
      1,
      1
     ],
     [
      79,
      5,
      10
     ],
     [
      84,
      1,
      9
     ],
     [
      85,
      1,
      2
     ],
     [
      93,
      1,
      5
     ],
     [
      94,
      207,
      10
     ],
     [
      301,
      1,
      7
     ]
    ],
    "103": [
     [
      33,
      1,
      5
     ],
     [
      34,
      26,
      10
     ],
     [
      60,
      1,
      9
     ],
     [
      61,
      1,
      2
     ],
     [
      78,
      1,
      4
     ],
     [
      79,
      1,
      9
     ],
     [
      80,
      5,
      10
     ],
     [
      85,
      1,
      9
     ],
     [
      86,
      1,
      4
     ],
     [
      93,
      1,
      3
     ],
     [
      94,
      207,
      10
     ],
     [
      301,
      1,
      7
     ]
    ],
    "104": [
     [
      32,
      1,
      6
     ],
     [
      33,
      28,
      10
     ],
     [
      61,
      1,
      6
     ],
     [
      79,
      1,
      4
     ],
     [
      80,
      1,
      9
     ],
     [
      81,
      4,
      10
     ],
     [
      85,
      1,
      7
     ],
     [
      86,
      1,
      2
     ],
     [
      91,
      1,
      2
     ],
     [
      92,
      1,
      1
     ],
     [
      93,
      1,
      7
     ],
     [
      94,
      207,
      10
     ],
     [
      301,
      1,
      3
     ]
    ],
    "105": [
     [
      33,
      1,
      7
     ],
     [
      34,
      28,
      10
     ],
     [
      80,
      1,
      2
     ],
     [
      81,
      1,
      9
     ],
     [
      82,
      2,
      10
     ],
     [
      90,
      1,
      1
     ],
     [
      91,
      1,
      5
     ],
     [
      92,
      1,
      8
     ],
     [
      93,
      208,
      10
     ],
     [
      301,
      1,
      1
     ]
    ],
    "106": [
     [
      33,
      1,
      3
     ],
     [
      34,
      27,
      10
     ],
     [
      61,
      1,
      7
     ],
     [
      81,
      1,
      1
     ],
     [
      82,
      2,
      7
     ],
     [
      93,
      1,
      5
     ],
     [
      94,
      207,
      10
     ]
    ],
    "107": [
     [
      26,
      1,
      1
     ],
     [
      32,
      1,
      2
     ],
     [
      33,
      1,
      3
     ],
     [
      34,
      27,
      10
     ],
     [
      61,
      1,
      8
     ],
     [
      62,
      1,
      1
     ],
     [
      94,
      1,
      7
     ],
     [
      95,
      205,
      10
     ],
     [
      300,
      1,
      7
     ]
    ],
    "108": [
     [
      26,
      1,
      5
     ],
     [
      27,
      1,
      8
     ],
     [
      28,
      1,
      1
     ],
     [
      31,
      1,
      1
     ],
     [
      32,
      1,
      8
     ],
     [
      33,
      29,
      10
     ],
     [
      62,
      1,
      4
     ],
     [
      94,
      1,
      2
     ],
     [
      95,
      205,
      10
     ],
     [
      300,
      1,
      5
     ]
    ],
    "109": [
     [
      23,
      1,
      1
     ],
     [
      24,
      2,
      9
     ],
     [
      26,
      2,
      10
     ],
     [
      28,
      1,
      3
     ],
     [
      30,
      1,
      1
     ],
     [
      31,
      1,
      6
     ],
     [
      32,
      30,
      10
     ],
     [
      62,
      1,
      7
     ],
     [
      85,
      1,
      3
     ],
     [
      95,
      1,
      3
     ],
     [
      96,
      204,
      10
     ],
     [
      300,
      1,
      3
     ]
    ],
    "110": [
     [
      23,
      1,
      3
     ],
     [
      24,
      1,
      9
     ],
     [
      27,
      2,
      10
     ],
     [
      29,
      1,
      8
     ],
     [
      30,
      1,
      9
     ],
     [
      31,
      32,
      10
     ],
     [
      63,
      1,
      1
     ],
     [
      85,
      1,
      7
     ],
     [
      86,
      1,
      10
     ],
     [
      87,
      1,
      3
     ],
     [
      96,
      1,
      6
     ],
     [
      97,
      203,
      10
     ],
     [
      300,
      1,
      1
     ]
    ],
    "111": [
     [
      27,
      1,
      7
     ],
     [
      28,
      1,
      8
     ],
     [
      29,
      34,
      10
     ],
     [
      63,
      1,
      9
     ],
     [
      86,
      1,
      4
     ],
     [
      92,
      1,
      1
     ],
     [
      97,
      1,
      8
     ],
     [
      98,
      202,
      10
     ]
    ],
    "112": [
     [
      28,
      1,
      1
     ],
     [
      29,
      1,
      6
     ],
     [
      30,
      34,
      10
     ],
     [
      64,
      1,
      6
     ],
     [
      91,
      1,
      2
     ],
     [
      92,
      1,
      9
     ],
     [
      97,
      1,
      1
     ],
     [
      98,
      1,
      9
     ],
     [
      99,
      200,
      10
     ],
     [
      299,
      1,
      7
     ]
    ],
    "113": [
     [
      30,
      1,
      9
     ],
     [
      31,
      33,
      10
     ],
     [
      64,
      1,
      1
     ],
     [
      91,
      1,
      4
     ],
     [
      92,
      1,
      6
     ],
     [
      98,
      1,
      2
     ],
     [
      99,
      200,
      10
     ],
     [
      299,
      1,
      4
     ]
    ],
    "114": [
     [
      27,
      1,
      1
     ],
     [
      28,
      1,
      2
     ],
     [
      29,
      1,
      1
     ],
     [
      30,
      34,
      10
     ],
     [
      64,
      1,
      1
     ],
     [
      99,
      1,
      4
     ],
     [
      100,
      199,
      10
     ],
     [
      299,
      1,
      4
     ]
    ],
    "115": [
     [
      21,
      1,
      1
     ],
     [
      23,
      1,
      2
     ],
     [
      24,
      1,
      1
     ],
     [
      25,
      1,
      3
     ],
     [
      26,
      1,
      6
     ],
     [
      27,
      1,
      9
     ],
     [
      28,
      36,
      10
     ],
     [
      64,
      1,
      4
     ],
     [
      99,
      1,
      8
     ],
     [
      100,
      199,
      10
     ]
    ],
    "116": [
     [
      18,
      1,
      1
     ],
     [
      19,
      1,
      6
     ],
     [
      20,
      1,
      8
     ],
     [
      21,
      44,
      10
     ],
     [
      65,
      1,
      5
     ],
     [
      66,
      1,
      1
     ],
     [
      90,
      1,
      5
     ],
     [
      91,
      1,
      1
     ],
     [
      97,
      1,
      3
     ],
     [
      98,
      1,
      8
     ],
     [
      99,
      199,
      10
     ],
     [
      298,
      1,
      9
     ]
    ],
    "117": [
     [
      18,
      1,
      9
     ],
     [
      19,
      47,
      10
     ],
     [
      66,
      1,
      1
     ],
     [
      98,
      1,
      9
     ],
     [
      99,
      199,
      10
     ],
     [
      298,
      1,
      7
     ]
    ],
    "118": [
     [
      16,
      1,
      1
     ],
     [
      17,
      1,
      5
     ],
     [
      18,
      3,
      10
     ],
     [
      21,
      1,
      7
     ],
     [
      23,
      1,
      3
     ],
     [
      24,
      1,
      8
     ],
     [
      25,
      4,
      10
     ],
     [
      29,
      2,
      6
     ],
     [
      31,
      1,
      9
     ],
     [
      32,
      34,
      10
     ],
     [
      95,
      1,
      3
     ],
     [
      98,
      1,
      7
     ],
     [
      99,
      199,
      10
     ],
     [
      298,
      1,
      5
     ]
    ],
    "119": [
     [
      8,
      1,
      3
     ],
     [
      9,
      2,
      2
     ],
     [
      11,
      1,
      4
     ],
     [
      12,
      1,
      1
     ],
     [
      13,
      1,
      3
     ],
     [
      14,
      1,
      2
     ],
     [
      17,
      1,
      6
     ],
     [
      18,
      1,
      10
     ],
     [
      19,
      1,
      6
     ],
     [
      20,
      1,
      5
     ],
     [
      25,
      1,
      4
     ],
     [
      26,
      2,
      3
     ],
     [
      28,
      1,
      1
     ],
     [
      31,
      1,
      3
     ],
     [
      32,
      34,
      10
     ],
     [
      66,
      1,
      4
     ],
     [
      69,
      1,
      3
     ],
     [
      95,
      1,
      8
     ],
     [
      98,
      1,
      3
     ],
     [
      99,
      199,
      10
     ],
     [
      298,
      1,
      2
     ]
    ],
    "120": [
     [
      8,
      1,
      8
     ],
     [
      9,
      6,
      10
     ],
     [
      15,
      1,
      3
     ],
     [
      31,
      1,
      5
     ],
     [
      32,
      35,
      10
     ],
     [
      67,
      1,
      1
     ],
     [
      69,
      1,
      2
     ],
     [
      93,
      1,
      1
     ],
     [
      94,
      1,
      4
     ],
     [
      95,
      1,
      2
     ],
     [
      99,
      1,
      8
     ],
     [
      100,
      198,
      10
     ]
    ],
    "121": [
     [
      8,
      2,
      7
     ],
     [
      10,
      5,
      10
     ],
     [
      15,
      1,
      4
     ],
     [
      26,
      1,
      1
     ],
     [
      30,
      1,
      2
     ],
     [
      31,
      37,
      10
     ],
     [
      68,
      1,
      9
     ],
     [
      94,
      1,
      1
     ],
     [
      100,
      197,
      10
     ],
     [
      297,
      1,
      8
     ]
    ],
    "122": [
     [
      10,
      1,
      7
     ],
     [
      11,
      1,
      10
     ],
     [
      12,
      1,
      7
     ],
     [
      13,
      1,
      1
     ],
     [
      14,
      1,
      2
     ],
     [
      26,
      1,
      1
     ],
     [
      27,
      2,
      3
     ],
     [
      29,
      1,
      6
     ],
     [
      30,
      1,
      9
     ],
     [
      31,
      38,
      10
     ],
     [
      69,
      1,
      2
     ],
     [
      100,
      1,
      9
     ],
     [
      101,
      196,
      10
     ],
     [
      297,
      1,
      7
     ]
    ],
    "123": [
     [
      10,
      2,
      6
     ],
     [
      26,
      1,
      7
     ],
     [
      27,
      42,
      10
     ],
     [
      69,
      1,
      6
     ],
     [
      70,
      1,
      1
     ],
     [
      100,
      1,
      6
     ],
     [
      101,
      196,
      10
     ],
     [
      297,
      1,
      3
     ]
    ],
    "124": [
     [
      26,
      1,
      2
     ],
     [
      27,
      1,
      8
     ],
     [
      28,
      42,
      10
     ],
     [
      70,
      1,
      7
     ],
     [
      100,
      1,
      3
     ],
     [
      101,
      196,
      10
     ],
     [
      297,
      1,
      2
     ]
    ],
    "125": [
     [
      27,
      1,
      5
     ],
     [
      28,
      1,
      8
     ],
     [
      29,
      43,
      10
     ],
     [
      72,
      1,
      5
     ],
     [
      100,
      1,
      2
     ],
     [
      101,
      1,
      9
     ],
     [
      102,
      195,
      10
     ]
    ],
    "126": [
     [
      11,
      1,
      1
     ],
     [
      28,
      1,
      1
     ],
     [
      29,
      1,
      6
     ],
     [
      30,
      42,
      10
     ],
     [
      72,
      1,
      1
     ],
     [
      101,
      1,
      6
     ],
     [
      102,
      194,
      10
     ],
     [
      296,
      1,
      8
     ]
    ],
    "127": [
     [
      29,
      1,
      3
     ],
     [
      30,
      42,
      10
     ],
     [
      72,
      1,
      7
     ],
     [
      102,
      194,
      10
     ],
     [
      296,
      1,
      6
     ]
    ],
    "128": [
     [
      29,
      1,
      6
     ],
     [
      30,
      42,
      10
     ],
     [
      72,
      1,
      8
     ],
     [
      102,
      1,
      6
     ],
     [
      103,
      193,
      10
     ],
     [
      296,
      1,
      3
     ]
    ],
    "129": [
     [
      28,
      1,
      3
     ],
     [
      29,
      45,
      10
     ],
     [
      74,
      1,
      6
     ],
     [
      75,
      1,
      1
     ],
     [
      99,
      2,
      1
     ],
     [
      102,
      1,
      2
     ],
     [
      103,
      193,
      10
     ],
     [
      296,
      1,
      2
     ]
    ],
    "130": [
     [
      27,
      1,
      1
     ],
     [
      28,
      1,
      5
     ],
     [
      29,
      46,
      10
     ],
     [
      75,
      1,
      2
     ],
     [
      103,
      1,
      7
     ],
     [
      104,
      192,
      10
     ]
    ],
    "131": [
     [
      28,
      1,
      1
     ],
     [
      29,
      46,
      10
     ],
     [
      103,
      1,
      1
     ],
     [
      104,
      191,
      10
     ],
     [
      295,
      1,
      7
     ]
    ],
    "132": [
     [
      28,
      1,
      2
     ],
     [
      29,
      46,
      10
     ],
     [
      75,
      1,
      8
     ],
     [
      76,
      1,
      1
     ],
     [
      104,
      1,
      3
     ],
     [
      105,
      190,
      10
     ],
     [
      295,
      1,
      6
     ]
    ],
    "133": [
     [
      28,
      1,
      2
     ],
     [
      29,
      3,
      10
     ],
     [
      32,
      1,
      8
     ],
     [
      33,
      1,
      7
     ],
     [
      34,
      44,
      10
     ],
     [
      78,
      1,
      7
     ],
     [
      79,
      1,
      1
     ],
     [
      105,
      1,
      6
     ],
     [
      106,
      189,
      10
     ],
     [
      295,
      1,
      4
     ]
    ],
    "134": [
     [
      29,
      2,
      10
     ],
     [
      31,
      1,
      2
     ],
     [
      32,
      1,
      1
     ],
     [
      34,
      1,
      7
     ],
     [
      35,
      43,
      10
     ],
     [
      78,
      1,
      7
     ],
     [
      105,
      1,
      3
     ],
     [
      106,
      189,
      10
     ],
     [
      295,
      1,
      1
     ]
    ],
    "135": [
     [
      31,
      1,
      1
     ],
     [
      32,
      1,
      3
     ],
     [
      33,
      1,
      8
     ],
     [
      34,
      1,
      9
     ],
     [
      35,
      42,
      10
     ],
     [
      77,
      1,
      5
     ],
     [
      78,
      1,
      4
     ],
     [
      106,
      1,
      5
     ],
     [
      107,
      188,
      10
     ]
    ],
    "136": [
     [
      31,
      45,
      10
     ],
     [
      76,
      1,
      8
     ],
     [
      107,
      1,
      7
     ],
     [
      108,
      186,
      10
     ],
     [
      294,
      1,
      7
     ]
    ],
    "137": [
     [
      29,
      2,
      8
     ],
     [
      31,
      45,
      10
     ],
     [
      76,
      1,
      9
     ],
     [
      77,
      1,
      4
     ],
     [
      82,
      2,
      1
     ],
     [
      84,
      1,
      4
     ],
     [
      107,
      1,
      2
     ],
     [
      108,
      1,
      8
     ],
     [
      109,
      185,
      10
     ],
     [
      294,
      1,
      7
     ]
    ],
    "138": [
     [
      29,
      1,
      10
     ],
     [
      30,
      1,
      2
     ],
     [
      31,
      2,
      7
     ],
     [
      33,
      26,
      10
     ],
     [
      59,
      1,
      5
     ],
     [
      60,
      1,
      9
     ],
     [
      61,
      17,
      10
     ],
     [
      78,
      1,
      4
     ],
     [
      79,
      1,
      3
     ],
     [
      80,
      2,
      1
     ],
     [
      82,
      1,
      3
     ],
     [
      83,
      1,
      10
     ],
     [
      108,
      1,
      2
     ],
     [
      109,
      99,
      10
     ],
     [
      208,
      1,
      9
     ],
     [
      209,
      1,
      2
     ],
     [
      210,
      1,
      1
     ],
     [
      211,
      1,
      4
     ],
     [
      212,
      82,
      10
     ],
     [
      294,
      1,
      3
     ]
    ],
    "139": [
     [
      29,
      1,
      2
     ],
     [
      33,
      1,
      3
     ],
     [
      34,
      24,
      10
     ],
     [
      58,
      1,
      4
     ],
     [
      61,
      1,
      8
     ],
     [
      62,
      22,
      10
     ],
     [
      84,
      1,
      5
     ],
     [
      85,
      1,
      4
     ],
     [
      109,
      1,
      2
     ],
     [
      110,
      98,
      10
     ],
     [
      208,
      1,
      8
     ],
     [
      209,
      1,
      1
     ],
     [
      212,
      82,
      10
     ],
     [
      294,
      1,
      1
     ]
    ],
    "140": [
     [
      34,
      1,
      6
     ],
     [
      35,
      23,
      10
     ],
     [
      62,
      1,
      9
     ],
     [
      63,
      23,
      10
     ],
     [
      86,
      1,
      4
     ],
     [
      110,
      1,
      2
     ],
     [
      111,
      1,
      9
     ],
     [
      112,
      98,
      10
     ],
     [
      210,
      1,
      8
     ],
     [
      211,
      83,
      10
     ]
    ],
    "141": [
     [
      35,
      23,
      10
     ],
     [
      58,
      1,
      1
     ],
     [
      62,
      24,
      10
     ],
     [
      86,
      1,
      8
     ],
     [
      111,
      1,
      1
     ],
     [
      112,
      1,
      9
     ],
     [
      113,
      180,
      10
     ],
     [
      293,
      1,
      7
     ]
    ],
    "142": [
     [
      34,
      1,
      1
     ],
     [
      35,
      1,
      9
     ],
     [
      36,
      22,
      10
     ],
     [
      58,
      1,
      4
     ],
     [
      60,
      1,
      1
     ],
     [
      61,
      26,
      10
     ],
     [
      87,
      1,
      2
     ],
     [
      89,
      1,
      1
     ],
     [
      112,
      1,
      1
     ],
     [
      113,
      1,
      9
     ],
     [
      114,
      5,
      10
     ],
     [
      119,
      1,
      2
     ],
     [
      120,
      1,
      3
     ],
     [
      121,
      1,
      6
     ],
     [
      122,
      1,
      8
     ],
     [
      123,
      170,
      10
     ],
     [
      293,
      1,
      4
     ]
    ],
    "143": [
     [
      35,
      1,
      6
     ],
     [
      36,
      22,
      10
     ],
     [
      58,
      1,
      9
     ],
     [
      59,
      1,
      7
     ],
     [
      60,
      1,
      9
     ],
     [
      61,
      26,
      10
     ],
     [
      87,
      1,
      9
     ],
     [
      88,
      1,
      8
     ],
     [
      114,
      1,
      6
     ],
     [
      115,
      3,
      10
     ],
     [
      118,
      1,
      7
     ],
     [
      122,
      1,
      1
     ],
     [
      123,
      170,
      10
     ],
     [
      293,
      1,
      3
     ]
    ],
    "144": [
     [
      35,
      1,
      5
     ],
     [
      36,
      53,
      10
     ],
     [
      115,
      1,
      3
     ],
     [
      116,
      1,
      4
     ],
     [
      117,
      1,
      8
     ],
     [
      118,
      1,
      10
     ],
     [
      123,
      1,
      7
     ],
     [
      124,
      169,
      10
     ],
     [
      293,
      1,
      1
     ]
    ],
    "145": [
     [
      36,
      3,
      10
     ],
     [
      39,
      1,
      9
     ],
     [
      40,
      1,
      3
     ],
     [
      41,
      1,
      6
     ],
     [
      42,
      47,
      10
     ],
     [
      89,
      1,
      8
     ],
     [
      117,
      1,
      4
     ],
     [
      118,
      1,
      7
     ],
     [
      121,
      1,
      1
     ],
     [
      122,
      1,
      8
     ],
     [
      123,
      1,
      6
     ],
     [
      124,
      1,
      5
     ],
     [
      125,
      1,
      9
     ],
     [
      126,
      167,
      10
     ]
    ],
    "146": [
     [
      36,
      1,
      8
     ],
     [
      37,
      2,
      10
     ],
     [
      39,
      1,
      7
     ],
     [
      41,
      1,
      1
     ],
     [
      42,
      46,
      10
     ],
     [
      88,
      1,
      6
     ],
     [
      89,
      1,
      1
     ],
     [
      117,
      1,
      3
     ],
     [
      118,
      2,
      10
     ],
     [
      120,
      1,
      5
     ],
     [
      121,
      1,
      4
     ],
     [
      122,
      1,
      3
     ],
     [
      123,
      1,
      1
     ],
     [
      125,
      1,
      4
     ],
     [
      126,
      166,
      10
     ],
     [
      292,
      1,
      6
     ]
    ],
    "147": [
     [
      35,
      1,
      3
     ],
     [
      36,
      2,
      10
     ],
     [
      38,
      1,
      7
     ],
     [
      41,
      1,
      6
     ],
     [
      42,
      40,
      10
     ],
     [
      82,
      1,
      7
     ],
     [
      84,
      1,
      1
     ],
     [
      86,
      1,
      2
     ],
     [
      87,
      1,
      4
     ],
     [
      88,
      1,
      1
     ],
     [
      117,
      1,
      1
     ],
     [
      119,
      1,
      2
     ],
     [
      126,
      1,
      6
     ],
     [
      127,
      165,
      10
     ],
     [
      292,
      1,
      5
     ]
    ],
    "148": [
     [
      34,
      1,
      7
     ],
     [
      35,
      3,
      10
     ],
     [
      38,
      1,
      7
     ],
     [
      39,
      2,
      4
     ],
     [
      41,
      28,
      10
     ],
     [
      69,
      1,
      8
     ],
     [
      70,
      1,
      5
     ],
     [
      71,
      1,
      7
     ],
     [
      72,
      10,
      10
     ],
     [
      82,
      1,
      8
     ],
     [
      83,
      1,
      3
     ],
     [
      126,
      1,
      1
     ],
     [
      127,
      1,
      9
     ],
     [
      128,
      164,
      10
     ],
     [
      292,
      1,
      3
     ]
    ],
    "149": [
     [
      32,
      1,
      1
     ],
     [
      33,
      1,
      8
     ],
     [
      34,
      21,
      10
     ],
     [
      55,
      1,
      9
     ],
     [
      56,
      1,
      7
     ],
     [
      57,
      1,
      9
     ],
     [
      58,
      10,
      10
     ],
     [
      68,
      1,
      9
     ],
     [
      69,
      1,
      3
     ],
     [
      73,
      1,
      4
     ],
     [
      74,
      1,
      9
     ],
     [
      75,
      8,
      10
     ],
     [
      83,
      1,
      8
     ],
     [
      84,
      1,
      1
     ],
     [
      127,
      1,
      3
     ],
     [
      128,
      164,
      10
     ]
    ],
    "150": [
     [
      30,
      1,
      1
     ],
     [
      31,
      1,
      6
     ],
     [
      32,
      23,
      10
     ],
     [
      55,
      1,
      3
     ],
     [
      57,
      1,
      1
     ],
     [
      58,
      1,
      7
     ],
     [
      59,
      9,
      10
     ],
     [
      68,
      1,
      7
     ],
     [
      75,
      1,
      1
     ],
     [
      76,
      1,
      7
     ],
     [
      77,
      7,
      10
     ],
     [
      84,
      1,
      9
     ],
     [
      85,
      1,
      2
     ],
     [
      128,
      1,
      6
     ],
     [
      129,
      162,
      10
     ],
     [
      291,
      1,
      9
     ]
    ],
    "151": [
     [
      28,
      1,
      4
     ],
     [
      29,
      1,
      6
     ],
     [
      30,
      25,
      10
     ],
     [
      55,
      1,
      1
     ],
     [
      58,
      1,
      8
     ],
     [
      59,
      9,
      10
     ],
     [
      68,
      1,
      8
     ],
     [
      76,
      1,
      1
     ],
     [
      77,
      1,
      5
     ],
     [
      78,
      8,
      10
     ],
     [
      88,
      1,
      2
     ],
     [
      89,
      1,
      3
     ],
     [
      128,
      1,
      2
     ],
     [
      129,
      162,
      10
     ],
     [
      291,
      1,
      7
     ]
    ],
    "152": [
     [
      26,
      1,
      3
     ],
     [
      27,
      1,
      8
     ],
     [
      28,
      25,
      10
     ],
     [
      53,
      1,
      9
     ],
     [
      54,
      1,
      2
     ],
     [
      55,
      1,
      1
     ],
     [
      60,
      1,
      9
     ],
     [
      61,
      8,
      10
     ],
     [
      69,
      1,
      2
     ],
     [
      77,
      1,
      1
     ],
     [
      78,
      9,
      10
     ],
     [
      87,
      1,
      9
     ],
     [
      88,
      1,
      8
     ],
     [
      89,
      1,
      9
     ],
     [
      90,
      1,
      4
     ],
     [
      91,
      2,
      3
     ],
     [
      93,
      1,
      6
     ],
     [
      94,
      1,
      1
     ],
     [
      117,
      1,
      2
     ],
     [
      120,
      1,
      1
     ],
     [
      129,
      1,
      5
     ],
     [
      130,
      161,
      10
     ],
     [
      291,
      1,
      4
     ]
    ],
    "153": [
     [
      23,
      1,
      3
     ],
     [
      24,
      1,
      4
     ],
     [
      25,
      1,
      9
     ],
     [
      26,
      27,
      10
     ],
     [
      53,
      1,
      4
     ],
     [
      60,
      1,
      2
     ],
     [
      61,
      8,
      10
     ],
     [
      69,
      1,
      8
     ],
     [
      70,
      1,
      3
     ],
     [
      71,
      1,
      2
     ],
     [
      80,
      1,
      8
     ],
     [
      81,
      3,
      10
     ],
     [
      84,
      1,
      8
     ],
     [
      85,
      1,
      7
     ],
     [
      86,
      1,
      9
     ],
     [
      87,
      4,
      10
     ],
     [
      91,
      1,
      6
     ],
     [
      116,
      1,
      4
     ],
     [
      117,
      1,
      9
     ],
     [
      118,
      3,
      10
     ],
     [
      121,
      1,
      6
     ],
     [
      122,
      1,
      5
     ],
     [
      130,
      1,
      6
     ],
     [
      131,
      160,
      10
     ],
     [
      291,
      1,
      2
     ]
    ],
    "154": [
     [
      20,
      1,
      3
     ],
     [
      21,
      32,
      10
     ],
     [
      53,
      1,
      7
     ],
     [
      60,
      1,
      5
     ],
     [
      61,
      7,
      10
     ],
     [
      68,
      1,
      9
     ],
     [
      69,
      1,
      8
     ],
     [
      70,
      1,
      4
     ],
     [
      71,
      1,
      1
     ],
     [
      80,
      1,
      1
     ],
     [
      81,
      3,
      3
     ],
     [
      84,
      1,
      1
     ],
     [
      87,
      1,
      5
     ],
     [
      88,
      1,
      1
     ],
     [
      116,
      1,
      3
     ],
     [
      117,
      6,
      10
     ],
     [
      123,
      1,
      8
     ],
     [
      124,
      1,
      1
     ],
     [
      130,
      1,
      1
     ],
     [
      131,
      1,
      8
     ],
     [
      132,
      159,
      10
     ]
    ],
    "155": [
     [
      27,
      26,
      10
     ],
     [
      53,
      1,
      4
     ],
     [
      60,
      1,
      6
     ],
     [
      61,
      7,
      10
     ],
     [
      68,
      1,
      6
     ],
     [
      116,
      1,
      2
     ],
     [
      117,
      1,
      8
     ],
     [
      118,
      6,
      10
     ],
     [
      124,
      1,
      9
     ],
     [
      125,
      1,
      1
     ],
     [
      131,
      1,
      2
     ],
     [
      132,
      1,
      9
     ],
     [
      133,
      157,
      10
     ],
     [
      290,
      1,
      8
     ]
    ],
    "156": [
     [
      33,
      20,
      10
     ],
     [
      53,
      1,
      1
     ],
     [
      60,
      1,
      2
     ],
     [
      61,
      1,
      7
     ],
     [
      62,
      6,
      10
     ],
     [
      68,
      1,
      9
     ],
     [
      119,
      6,
      10
     ],
     [
      125,
      1,
      4
     ],
     [
      126,
      2,
      2
     ],
     [
      132,
      1,
      3
     ],
     [
      133,
      157,
      10
     ],
     [
      290,
      1,
      7
     ]
    ],
    "157": [
     [
      40,
      13,
      10
     ],
     [
      53,
      1,
      4
     ],
     [
      61,
      1,
      4
     ],
     [
      62,
      7,
      10
     ],
     [
      69,
      1,
      5
     ],
     [
      119,
      1,
      3
     ],
     [
      120,
      1,
      7
     ],
     [
      121,
      1,
      9
     ],
     [
      122,
      5,
      10
     ],
     [
      127,
      1,
      7
     ],
     [
      128,
      1,
      4
     ],
     [
      129,
      1,
      1
     ],
     [
      133,
      1,
      6
     ],
     [
      134,
      156,
      10
     ],
     [
      290,
      1,
      3
     ]
    ],
    "158": [
     [
      47,
      6,
      10
     ],
     [
      53,
      1,
      4
     ],
     [
      55,
      1,
      2
     ],
     [
      61,
      1,
      4
     ],
     [
      62,
      8,
      10
     ],
     [
      121,
      1,
      1
     ],
     [
      122,
      7,
      10
     ],
     [
      129,
      1,
      7
     ],
     [
      134,
      1,
      9
     ],
     [
      135,
      155,
      10
     ],
     [
      290,
      1,
      2
     ]
    ],
    "159": [
     [
      55,
      1,
      5
     ],
     [
      61,
      1,
      8
     ],
     [
      62,
      8,
      10
     ],
     [
      70,
      1,
      7
     ],
     [
      121,
      1,
      3
     ],
     [
      122,
      8,
      10
     ],
     [
      130,
      1,
      5
     ],
     [
      134,
      1,
      1
     ],
     [
      135,
      1,
      9
     ],
     [
      136,
      154,
      10
     ]
    ],
    "160": [
     [
      61,
      10,
      10
     ],
     [
      121,
      1,
      2
     ],
     [
      122,
      1,
      1
     ],
     [
      123,
      1,
      3
     ],
     [
      124,
      6,
      10
     ],
     [
      130,
      1,
      9
     ],
     [
      131,
      1,
      4
     ],
     [
      135,
      1,
      2
     ],
     [
      136,
      153,
      10
     ],
     [
      289,
      1,
      8
     ]
    ],
    "161": [
     [
      67,
      4,
      10
     ],
     [
      71,
      1,
      1
     ],
     [
      75,
      1,
      1
     ],
     [
      126,
      1,
      7
     ],
     [
      127,
      5,
      10
     ],
     [
      132,
      1,
      4
     ],
     [
      136,
      1,
      6
     ],
     [
      137,
      152,
      10
     ],
     [
      289,
      1,
      6
     ]
    ],
    "162": [
     [
      74,
      1,
      10
     ],
     [
      75,
      1,
      3
     ],
     [
      126,
      1,
      4
     ],
     [
      127,
      1,
      8
     ],
     [
      128,
      5,
      10
     ],
     [
      137,
      1,
      7
     ],
     [
      138,
      151,
      10
     ],
     [
      289,
      1,
      3
     ]
    ],
    "163": [
     [
      124,
      2,
      1
     ],
     [
      127,
      1,
      5
     ],
     [
      128,
      5,
      10
     ],
     [
      138,
      151,
      10
     ],
     [
      289,
      1,
      2
     ]
    ],
    "164": [
     [
      124,
      1,
      5
     ],
     [
      125,
      1,
      2
     ],
     [
      126,
      1,
      3
     ],
     [
      127,
      1,
      9
     ],
     [
      128,
      5,
      10
     ],
     [
      133,
      1,
      6
     ],
     [
      138,
      1,
      4
     ],
     [
      139,
      150,
      10
     ]
    ],
    "165": [
     [
      123,
      1,
      1
     ],
     [
      126,
      1,
      4
     ],
     [
      127,
      6,
      10
     ],
     [
      133,
      1,
      5
     ],
     [
      135,
      1,
      6
     ],
     [
      136,
      1,
      2
     ],
     [
      139,
      1,
      6
     ],
     [
      140,
      148,
      10
     ],
     [
      288,
      1,
      7
     ]
    ],
    "166": [
     [
      126,
      1,
      7
     ],
     [
      127,
      9,
      10
     ],
     [
      136,
      1,
      1
     ],
     [
      140,
      148,
      10
     ],
     [
      288,
      1,
      6
     ]
    ],
    "167": [
     [
      126,
      1,
      4
     ],
     [
      127,
      1,
      3
     ],
     [
      128,
      1,
      2
     ],
     [
      129,
      1,
      4
     ],
     [
      130,
      6,
      10
     ],
     [
      136,
      1,
      6
     ],
     [
      137,
      1,
      2
     ],
     [
      140,
      1,
      4
     ],
     [
      141,
      147,
      10
     ],
     [
      288,
      1,
      3
     ]
    ],
    "168": [
     [
      130,
      1,
      6
     ],
     [
      131,
      6,
      10
     ],
     [
      137,
      1,
      2
     ],
     [
      141,
      1,
      9
     ],
     [
      142,
      146,
      10
     ],
     [
      288,
      1,
      1
     ]
    ],
    "169": [
     [
      130,
      1,
      3
     ],
     [
      131,
      7,
      10
     ],
     [
      138,
      1,
      4
     ],
     [
      141,
      1,
      6
     ],
     [
      142,
      146,
      10
     ]
    ],
    "170": [
     [
      130,
      8,
      10
     ],
     [
      138,
      1,
      6
     ],
     [
      141,
      1,
      3
     ],
     [
      142,
      145,
      10
     ],
     [
      287,
      1,
      7
     ]
    ],
    "171": [
     [
      137,
      2,
      10
     ],
     [
      141,
      1,
      3
     ],
     [
      142,
      145,
      10
     ],
     [
      287,
      1,
      6
     ]
    ],
    "172": [
     [
      145,
      142,
      10
     ],
     [
      287,
      1,
      3
     ]
    ],
    "173": [
     [
      152,
      135,
      10
     ],
     [
      287,
      1,
      1
     ]
    ],
    "174": [
     [
      159,
      128,
      10
     ]
    ],
    "175": [
     [
      166,
      120,
      10
     ],
     [
      286,
      1,
      7
     ]
    ],
    "176": [
     [
      174,
      112,
      10
     ],
     [
      286,
      1,
      4
     ]
    ],
    "177": [
     [
      181,
      105,
      10
     ],
     [
      286,
      1,
      4
     ]
    ],
    "178": [
     [
      188,
      98,
      10
     ]
    ],
    "179": [
     [
      196,
      90,
      10
     ]
    ],
    "180": [
     [
      204,
      81,
      10
     ],
     [
      285,
      1,
      6
     ]
    ],
    "181": [
     [
      211,
      74,
      10
     ],
     [
      285,
      1,
      5
     ]
    ],
    "182": [
     [
      218,
      67,
      10
     ],
     [
      285,
      1,
      2
     ]
    ],
    "183": [
     [
      226,
      59,
      10
     ]
    ],
    "184": [
     [
      234,
      50,
      10
     ],
     [
      284,
      1,
      8
     ]
    ],
    "185": [
     [
      241,
      43,
      10
     ],
     [
      284,
      1,
      7
     ]
    ],
    "186": [
     [
      249,
      35,
      10
     ],
     [
      284,
      1,
      4
     ]
    ],
    "187": [
     [
      257,
      27,
      10
     ],
     [
      284,
      1,
      2
     ]
    ],
    "188": [
     [
      265,
      19,
      10
     ]
    ],
    "189": [
     [
      272,
      11,
      10
     ],
     [
      283,
      1,
      8
     ]
    ],
    "190": [
     [
      280,
      3,
      10
     ],
     [
      283,
      1,
      7
     ]
    ]
   }
  },
  "clutter_headroom": 90.3,
  "clutter_at_floor": 0.272,
  "clutter_verdict": "vessels present",
  "detection_rate": 0.6481,
  "n_detections": 117,
  "n_reports": 54,
  "n_reports_with_fix": 54,
  "n_matched": 35,
  "n_reports_unsearched": 281,
  "n_reports_marginal": 12,
  "unsearched_by_length": {
   "<25 m": 168,
   "25-50 m": 49,
   "50-100 m": 18,
   "100-200 m": 15,
   ">200 m": 14,
   "unknown": 17
  },
  "k_sigma_match": 3.0,
  "gate_min_snr": 15.0,
  "gate_min_pixels": 6,
  "n_detections_before_gate": 537,
  "ais_window_s": 1800.0,
  "calibration": {
   "detectable_length_m": 25.0,
   "max_chance_match": 0.05,
   "density_per_km2": 0.00329,
   "max_scorable_radius_m": 2228,
   "n_unscorable": 0,
   "n_unscorable_matched": 0,
   "expected_chance_matches": 0.11,
   "strata": {
    ">=25 m": {
     "found": 30,
     "scored": 38,
     "rate": 0.7895,
     "ci95": [
      0.6365,
      0.8893
     ]
    },
    "<25 m": {
     "found": 5,
     "scored": 15,
     "rate": 0.3333,
     "ci95": [
      0.1518,
      0.5829
     ]
    },
    "unknown length": {
     "found": 0,
     "scored": 1,
     "rate": 0.0,
     "ci95": [
      0.0,
      0.7935
     ]
    },
    "all scored": {
     "found": 35,
     "scored": 54,
     "rate": 0.6481,
     "ci95": [
      0.5148,
      0.7618
     ]
    }
   },
   "curve_edges_m": [
    0.0,
    15.0,
    25.0,
    50.0,
    100.0
   ],
   "curve": {
    "0-15 m": {
     "found": 0,
     "scored": 7,
     "rate": 0.0,
     "ci95": [
      0.0,
      0.3543
     ]
    },
    "15-25 m": {
     "found": 5,
     "scored": 8,
     "rate": 0.625,
     "ci95": [
      0.3057,
      0.8632
     ]
    },
    "25-50 m": {
     "found": 4,
     "scored": 10,
     "rate": 0.4,
     "ci95": [
      0.1682,
      0.6873
     ]
    },
    "50-100 m": {
     "found": 4,
     "scored": 5,
     "rate": 0.8,
     "ci95": [
      0.3755,
      0.9638
     ]
    },
    ">100 m": {
     "found": 22,
     "scored": 23,
     "rate": 0.9565,
     "ci95": [
      0.7901,
      0.9923
     ]
    },
    "unknown": {
     "found": 0,
     "scored": 1,
     "rate": 0.0,
     "ci95": [
      0.0,
      0.7935
     ]
    }
   }
  }
 },
 "features": [
  {
   "type": "Feature",
   "geometry": {
    "type": "Point",
    "coordinates": [
     -74.68657021253603,
     36.749955112756055
    ]
   },
   "properties": {
    "kind": "unmatched",
    "domain": "sea",
    "t_start": "2024-07-15T22:58:41+00:00",
    "t_end": "2024-07-15T22:58:41+00:00",
    "duration_s": 0.0,
    "confidence": 0.6157407407407407,
    "platform_ids": [],
    "evidence": {
     "sensor": "sentinel1-vv-cfar",
     "detector_confidence": 0.95,
     "detection_rate_this_pass": 0.648,
     "reports_considered": 54,
     "reports_with_a_fix": 54,
     "search_radius_m": 94.6,
     "snr": 22.9,
     "length_m_approx": 26.5,
     "pixels": 7,
     "scene": "S1A_IW_GRDH_1SDV_20240715T225841_20240715T225906_054778_06AB8D_6E9C_COG.SAFE"
    }
   }
  },
  {
   "type": "Feature",
   "geometry": {
    "type": "Point",
    "coordinates": [
     -75.45750719977009,
     36.88467788656215
    ]
   },
   "properties": {
    "kind": "unmatched",
    "domain": "sea",
    "t_start": "2024-07-15T22:58:41+00:00",
    "t_end": "2024-07-15T22:58:41+00:00",
    "duration_s": 0.0,
    "confidence": 0.6157407407407407,
    "platform_ids": [],
    "evidence": {
     "sensor": "sentinel1-vv-cfar",
     "detector_confidence": 0.95,
     "detection_rate_this_pass": 0.648,
     "reports_considered": 54,
     "reports_with_a_fix": 54,
     "search_radius_m": 128.9,
     "snr": 75.86,
     "length_m_approx": 49.0,
     "pixels": 24,
     "scene": "S1A_IW_GRDH_1SDV_20240715T225841_20240715T225906_054778_06AB8D_6E9C_COG.SAFE"
    }
   }
  },
  {
   "type": "Feature",
   "geometry": {
    "type": "Point",
    "coordinates": [
     -75.45553386531948,
     36.869266664485735
    ]
   },
   "properties": {
    "kind": "unmatched",
    "domain": "sea",
    "t_start": "2024-07-15T22:58:41+00:00",
    "t_end": "2024-07-15T22:58:41+00:00",
    "duration_s": 0.0,
    "confidence": 0.6157407407407407,
    "platform_ids": [],
    "evidence": {
     "sensor": "sentinel1-vv-cfar",
     "detector_confidence": 0.95,
     "detection_rate_this_pass": 0.648,
     "reports_considered": 54,
     "reports_with_a_fix": 54,
     "search_radius_m": 119.7,
     "snr": 64.92,
     "length_m_approx": 43.6,
     "pixels": 19,
     "scene": "S1A_IW_GRDH_1SDV_20240715T225841_20240715T225906_054778_06AB8D_6E9C_COG.SAFE"
    }
   }
  },
  {
   "type": "Feature",
   "geometry": {
    "type": "Point",
    "coordinates": [
     -75.47110886494379,
     36.869245712672694
    ]
   },
   "properties": {
    "kind": "unmatched",
    "domain": "sea",
    "t_start": "2024-07-15T22:58:41+00:00",
    "t_end": "2024-07-15T22:58:41+00:00",
    "duration_s": 0.0,
    "confidence": 0.6157407407407407,
    "platform_ids": [],
    "evidence": {
     "sensor": "sentinel1-vv-cfar",
     "detector_confidence": 0.95,
     "detection_rate_this_pass": 0.648,
     "reports_considered": 54,
     "reports_with_a_fix": 54,
     "search_radius_m": 125.4,
     "snr": 62.39,
     "length_m_approx": 46.9,
     "pixels": 22,
     "scene": "S1A_IW_GRDH_1SDV_20240715T225841_20240715T225906_054778_06AB8D_6E9C_COG.SAFE"
    }
   }
  },
  {
   "type": "Feature",
   "geometry": {
    "type": "Point",
    "coordinates": [
     -75.44197951106156,
     36.88476931843075
    ]
   },
   "properties": {
    "kind": "unmatched",
    "domain": "sea",
    "t_start": "2024-07-15T22:58:41+00:00",
    "t_end": "2024-07-15T22:58:41+00:00",
    "duration_s": 0.0,
    "confidence": 0.6157407407407407,
    "platform_ids": [],
    "evidence": {
     "sensor": "sentinel1-vv-cfar",
     "detector_confidence": 0.95,
     "detection_rate_this_pass": 0.648,
     "reports_considered": 54,
     "reports_with_a_fix": 54,
     "search_radius_m": 121.7,
     "snr": 61.54,
     "length_m_approx": 44.7,
     "pixels": 20,
     "scene": "S1A_IW_GRDH_1SDV_20240715T225841_20240715T225906_054778_06AB8D_6E9C_COG.SAFE"
    }
   }
  },
  {
   "type": "Feature",
   "geometry": {
    "type": "Point",
    "coordinates": [
     -75.43041495913683,
     36.915682433872156
    ]
   },
   "properties": {
    "kind": "unmatched",
    "domain": "sea",
    "t_start": "2024-07-15T22:58:41+00:00",
    "t_end": "2024-07-15T22:58:41+00:00",
    "duration_s": 0.0,
    "confidence": 0.6157407407407407,
    "platform_ids": [],
    "evidence": {
     "sensor": "sentinel1-vv-cfar",
     "detector_confidence": 0.95,
     "detection_rate_this_pass": 0.648,
     "reports_considered": 54,
     "reports_with_a_fix": 54,
     "search_radius_m": 127.1,
     "snr": 57.64,
     "length_m_approx": 48.0,
     "pixels": 23,
     "scene": "S1A_IW_GRDH_1SDV_20240715T225841_20240715T225906_054778_06AB8D_6E9C_COG.SAFE"
    }
   }
  },
  {
   "type": "Feature",
   "geometry": {
    "type": "Point",
    "coordinates": [
     -75.42841753628836,
     36.90028952977808
    ]
   },
   "properties": {
    "kind": "unmatched",
    "domain": "sea",
    "t_start": "2024-07-15T22:58:41+00:00",
    "t_end": "2024-07-15T22:58:41+00:00",
    "duration_s": 0.0,
    "confidence": 0.6157407407407407,
    "platform_ids": [],
    "evidence": {
     "sensor": "sentinel1-vv-cfar",
     "detector_confidence": 0.95,
     "detection_rate_this_pass": 0.648,
     "reports_considered": 54,
     "reports_with_a_fix": 54,
     "search_radius_m": 134.1,
     "snr": 56.52,
     "length_m_approx": 52.0,
     "pixels": 27,
     "scene": "S1A_IW_GRDH_1SDV_20240715T225841_20240715T225906_054778_06AB8D_6E9C_COG.SAFE"
    }
   }
  },
  {
   "type": "Feature",
   "geometry": {
    "type": "Point",
    "coordinates": [
     -75.41683896261962,
     36.93116336969601
    ]
   },
   "properties": {
    "kind": "unmatched",
    "domain": "sea",
    "t_start": "2024-07-15T22:58:41+00:00",
    "t_end": "2024-07-15T22:58:41+00:00",
    "duration_s": 0.0,
    "confidence": 0.6157407407407407,
    "platform_ids": [],
    "evidence": {
     "sensor": "sentinel1-vv-cfar",
     "detector_confidence": 0.95,
     "detection_rate_this_pass": 0.648,
     "reports_considered": 54,
     "reports_with_a_fix": 54,
     "search_radius_m": 128.9,
     "snr": 54.61,
     "length_m_approx": 49.0,
     "pixels": 24,
     "scene": "S1A_IW_GRDH_1SDV_20240715T225841_20240715T225906_054778_06AB8D_6E9C_COG.SAFE"
    }
   }
  },
  {
   "type": "Feature",
   "geometry": {
    "type": "Point",
    "coordinates": [
     -75.47510132433241,
     36.90007811581163
    ]
   },
   "properties": {
    "kind": "unmatched",
    "domain": "sea",
    "t_start": "2024-07-15T22:58:41+00:00",
    "t_end": "2024-07-15T22:58:41+00:00",
    "duration_s": 0.0,
    "confidence": 0.6157407407407407,
    "platform_ids": [],
    "evidence": {
     "sensor": "sentinel1-vv-cfar",
     "detector_confidence": 0.95,
     "detection_rate_this_pass": 0.648,
     "reports_considered": 54,
     "reports_with_a_fix": 54,
     "search_radius_m": 121.7,
     "snr": 52.41,
     "length_m_approx": 44.7,
     "pixels": 20,
     "scene": "S1A_IW_GRDH_1SDV_20240715T225841_20240715T225906_054778_06AB8D_6E9C_COG.SAFE"
    }
   }
  },
  {
   "type": "Feature",
   "geometry": {
    "type": "Point",
    "coordinates": [
     -75.4595391190612,
     36.90015913593277
    ]
   },
   "properties": {
    "kind": "unmatched",
    "domain": "sea",
    "t_start": "2024-07-15T22:58:41+00:00",
    "t_end": "2024-07-15T22:58:41+00:00",
    "duration_s": 0.0,
    "confidence": 0.6157407407407407,
    "platform_ids": [],
    "evidence": {
     "sensor": "sentinel1-vv-cfar",
     "detector_confidence": 0.95,
     "detection_rate_this_pass": 0.648,
     "reports_considered": 54,
     "reports_with_a_fix": 54,
     "search_radius_m": 123.4,
     "snr": 51.8,
     "length_m_approx": 45.8,
     "pixels": 21,
     "scene": "S1A_IW_GRDH_1SDV_20240715T225841_20240715T225906_054778_06AB8D_6E9C_COG.SAFE"
    }
   }
  },
  {
   "type": "Feature",
   "geometry": {
    "type": "Point",
    "coordinates": [
     -75.44596991870385,
     36.91562234491217
    ]
   },
   "properties": {
    "kind": "unmatched",
    "domain": "sea",
    "t_start": "2024-07-15T22:58:41+00:00",
    "t_end": "2024-07-15T22:58:41+00:00",
    "duration_s": 0.0,
    "confidence": 0.6157407407407407,
    "platform_ids": [],
    "evidence": {
     "sensor": "sentinel1-vv-cfar",
     "detector_confidence": 0.95,
     "detection_rate_this_pass": 0.648,
     "reports_considered": 54,
     "reports_with_a_fix": 54,
     "search_radius_m": 117.8,
     "snr": 51.67,
     "length_m_approx": 42.4,
     "pixels": 18,
     "scene": "S1A_IW_GRDH_1SDV_20240715T225841_20240715T225906_054778_06AB8D_6E9C_COG.SAFE"
    }
   }
  },
  {
   "type": "Feature",
   "geometry": {
    "type": "Point",
    "coordinates": [
     -75.43998925366692,
     36.869330972475
    ]
   },
   "properties": {
    "kind": "unmatched",
    "domain": "sea",
    "t_start": "2024-07-15T22:58:41+00:00",
    "t_end": "2024-07-15T22:58:41+00:00",
    "duration_s": 0.0,
    "confidence": 0.6157407407407407,
    "platform_ids": [],
    "evidence": {
     "sensor": "sentinel1-vv-cfar",
     "detector_confidence": 0.95,
     "detection_rate_this_pass": 0.648,
     "reports_considered": 54,
     "reports_with_a_fix": 54,
     "search_radius_m": 117.8,
     "snr": 48.07,
     "length_m_approx": 42.4,
     "pixels": 18,
     "scene": "S1A_IW_GRDH_1SDV_20240715T225841_20240715T225906_054778_06AB8D_6E9C_COG.SAFE"
    }
   }
  },
  {
   "type": "Feature",
   "geometry": {
    "type": "Point",
    "coordinates": [
     -75.47706548963728,
     36.91554800315492
    ]
   },
   "properties": {
    "kind": "unmatched",
    "domain": "sea",
    "t_start": "2024-07-15T22:58:41+00:00",
    "t_end": "2024-07-15T22:58:41+00:00",
    "duration_s": 0.0,
    "confidence": 0.6157407407407407,
    "platform_ids": [],
    "evidence": {
     "sensor": "sentinel1-vv-cfar",
     "detector_confidence": 0.95,
     "detection_rate_this_pass": 0.648,
     "reports_considered": 54,
     "reports_with_a_fix": 54,
     "search_radius_m": 128.9,
     "snr": 43.26,
     "length_m_approx": 49.0,
     "pixels": 24,
     "scene": "S1A_IW_GRDH_1SDV_20240715T225841_20240715T225906_054778_06AB8D_6E9C_COG.SAFE"
    }
   }
  },
  {
   "type": "Feature",
   "geometry": {
    "type": "Point",
    "coordinates": [
     -75.47309193056105,
     36.884656514474734
    ]
   },
   "properties": {
    "kind": "unmatched",
    "domain": "sea",
    "t_start": "2024-07-15T22:58:41+00:00",
    "t_end": "2024-07-15T22:58:41+00:00",
    "duration_s": 0.0,
    "confidence": 0.6157407407407407,
    "platform_ids": [],
    "evidence": {
     "sensor": "sentinel1-vv-cfar",
     "detector_confidence": 0.95,
     "detection_rate_this_pass": 0.648,
     "reports_considered": 54,
     "reports_with_a_fix": 54,
     "search_radius_m": 119.7,
     "snr": 42.69,
     "length_m_approx": 43.6,
     "pixels": 19,
     "scene": "S1A_IW_GRDH_1SDV_20240715T225841_20240715T225906_054778_06AB8D_6E9C_COG.SAFE"
    }
   }
  },
  {
   "type": "Feature",
   "geometry": {
    "type": "Point",
    "coordinates": [
     -75.44397907522448,
     36.90018649674331
    ]
   },
   "properties": {
    "kind": "unmatched",
    "domain": "sea",
    "t_start": "2024-07-15T22:58:41+00:00",
    "t_end": "2024-07-15T22:58:41+00:00",
    "duration_s": 0.0,
    "confidence": 0.6157407407407407,
    "platform_ids": [],
    "evidence": {
     "sensor": "sentinel1-vv-cfar",
     "detector_confidence": 0.95,
     "detection_rate_this_pass": 0.648,
     "reports_considered": 54,
     "reports_with_a_fix": 54,
     "search_radius_m": 107.9,
     "snr": 41.78,
     "length_m_approx": 36.1,
     "pixels": 13,
     "scene": "S1A_IW_GRDH_1SDV_20240715T225841_20240715T225906_054778_06AB8D_6E9C_COG.SAFE"
    }
   }
  },
  {
   "type": "Feature",
   "geometry": {
    "type": "Point",
    "coordinates": [
     -75.42642311996299,
     36.884745845974884
    ]
   },
   "properties": {
    "kind": "unmatched",
    "domain": "sea",
    "t_start": "2024-07-15T22:58:41+00:00",
    "t_end": "2024-07-15T22:58:41+00:00",
    "duration_s": 0.0,
    "confidence": 0.6157407407407407,
    "platform_ids": [],
    "evidence": {
     "sensor": "sentinel1-vv-cfar",
     "detector_confidence": 0.95,
     "detection_rate_this_pass": 0.648,
     "reports_considered": 54,
     "reports_with_a_fix": 54,
     "search_radius_m": 117.8,
     "snr": 32.49,
     "length_m_approx": 42.4,
     "pixels": 18,
     "scene": "S1A_IW_GRDH_1SDV_20240715T225841_20240715T225906_054778_06AB8D_6E9C_COG.SAFE"
    }
   }
  },
  {
   "type": "Feature",
   "geometry": {
    "type": "Point",
    "coordinates": [
     -75.44394503359112,
     36.899731878776464
    ]
   },
   "properties": {
    "kind": "unmatched",
    "domain": "sea",
    "t_start": "2024-07-15T22:58:41+00:00",
    "t_end": "2024-07-15T22:58:41+00:00",
    "duration_s": 0.0,
    "confidence": 0.5930555555555556,
    "platform_ids": [],
    "evidence": {
     "sensor": "sentinel1-vv-cfar",
     "detector_confidence": 0.915,
     "detection_rate_this_pass": 0.648,
     "reports_considered": 54,
     "reports_with_a_fix": 54,
     "search_radius_m": 99.2,
     "snr": 18.29,
     "length_m_approx": 30.0,
     "pixels": 9,
     "scene": "S1A_IW_GRDH_1SDV_20240715T225841_20240715T225906_054778_06AB8D_6E9C_COG.SAFE"
    }
   }
  },
  {
   "type": "Feature",
   "geometry": {
    "type": "Point",
    "coordinates": [
     -75.45572028246023,
     36.86975291983481
    ]
   },
   "properties": {
    "kind": "unmatched",
    "domain": "sea",
    "t_start": "2024-07-15T22:58:41+00:00",
    "t_end": "2024-07-15T22:58:41+00:00",
    "duration_s": 0.0,
    "confidence": 0.5528703703703703,
    "platform_ids": [],
    "evidence": {
     "sensor": "sentinel1-vv-cfar",
     "detector_confidence": 0.853,
     "detection_rate_this_pass": 0.648,
     "reports_considered": 54,
     "reports_with_a_fix": 54,
     "search_radius_m": 94.6,
     "snr": 17.05,
     "length_m_approx": 26.5,
     "pixels": 7,
     "scene": "S1A_IW_GRDH_1SDV_20240715T225841_20240715T225906_054778_06AB8D_6E9C_COG.SAFE"
    }
   }
  },
  {
   "type": "Feature",
   "geometry": {
    "type": "Point",
    "coordinates": [
     -76.1603826395757,
     36.98869060743299
    ]
   },
   "properties": {
    "kind": "unmatched",
    "domain": "sea",
    "t_start": "2024-07-15T22:58:41+00:00",
    "t_end": "2024-07-15T22:58:41+00:00",
    "duration_s": 0.0,
    "confidence": 0.6157407407407407,
    "platform_ids": [],
    "evidence": {
     "sensor": "sentinel1-vv-cfar",
     "detector_confidence": 0.95,
     "detection_rate_this_pass": 0.648,
     "reports_considered": 54,
     "reports_with_a_fix": 54,
     "search_radius_m": 134.1,
     "snr": 28.06,
     "length_m_approx": 42.4,
     "pixels": 18,
     "scene": "S1A_IW_GRDH_1SDV_20240715T225841_20240715T225906_054778_06AB8D_6E9C_COG.SAFE"
    }
   }
  },
  {
   "type": "Feature",
   "geometry": {
    "type": "Point",
    "coordinates": [
     -76.18623793616317,
     36.99590594448881
    ]
   },
   "properties": {
    "kind": "unmatched",
    "domain": "sea",
    "t_start": "2024-07-15T22:58:41+00:00",
    "t_end": "2024-07-15T22:58:41+00:00",
    "duration_s": 0.0,
    "confidence": 0.6157407407407407,
    "platform_ids": [],
    "evidence": {
     "sensor": "sentinel1-vv-cfar",
     "detector_confidence": 0.95,
     "detection_rate_this_pass": 0.648,
     "reports_considered": 54,
     "reports_with_a_fix": 54,
     "search_radius_m": 123.7,
     "snr": 25.28,
     "length_m_approx": 34.6,
     "pixels": 12,
     "scene": "S1A_IW_GRDH_1SDV_20240715T225841_20240715T225906_054778_06AB8D_6E9C_COG.SAFE"
    }
   }
  },
  {
   "type": "Feature",
   "geometry": {
    "type": "Point",
    "coordinates": [
     -76.18734848366688,
     36.99179569528927
    ]
   },
   "properties": {
    "kind": "unmatched",
    "domain": "sea",
    "t_start": "2024-07-15T22:58:41+00:00",
    "t_end": "2024-07-15T22:58:41+00:00",
    "duration_s": 0.0,
    "confidence": 0.5969444444444445,
    "platform_ids": [],
    "evidence": {
     "sensor": "sentinel1-vv-cfar",
     "detector_confidence": 0.921,
     "detection_rate_this_pass": 0.648,
     "reports_considered": 54,
     "reports_with_a_fix": 54,
     "search_radius_m": 120.1,
     "snr": 18.42,
     "length_m_approx": 31.6,
     "pixels": 10,
     "scene": "S1A_IW_GRDH_1SDV_20240715T225841_20240715T225906_054778_06AB8D_6E9C_COG.SAFE"
    }
   }
  },
  {
   "type": "Feature",
   "geometry": {
    "type": "Point",
    "coordinates": [
     -76.11253888421294,
     36.965258479790876
    ]
   },
   "properties": {
    "kind": "unmatched",
    "domain": "sea",
    "t_start": "2024-07-15T22:58:41+00:00",
    "t_end": "2024-07-15T22:58:41+00:00",
    "duration_s": 0.0,
    "confidence": 0.6157407407407407,
    "platform_ids": [],
    "evidence": {
     "sensor": "sentinel1-vv-cfar",
     "detector_confidence": 0.95,
     "detection_rate_this_pass": 0.648,
     "reports_considered": 54,
     "reports_with_a_fix": 54,
     "search_radius_m": 367.5,
     "snr": 31.54,
     "length_m_approx": 166.7,
     "pixels": 278,
     "scene": "S1A_IW_GRDH_1SDV_20240715T225841_20240715T225906_054778_06AB8D_6E9C_COG.SAFE"
    }
   }
  },
  {
   "type": "Feature",
   "geometry": {
    "type": "Point",
    "coordinates": [
     -75.93302178188044,
     37.01662478550649
    ]
   },
   "properties": {
    "kind": "unmatched",
    "domain": "sea",
    "t_start": "2024-07-15T22:58:41+00:00",
    "t_end": "2024-07-15T22:58:41+00:00",
    "duration_s": 0.0,
    "confidence": 0.6157407407407407,
    "platform_ids": [],
    "evidence": {
     "sensor": "sentinel1-vv-cfar",
     "detector_confidence": 0.95,
     "detection_rate_this_pass": 0.648,
     "reports_considered": 54,
     "reports_with_a_fix": 54,
     "search_radius_m": 104.1,
     "snr": 22.2,
     "length_m_approx": 33.2,
     "pixels": 11,
     "scene": "S1A_IW_GRDH_1SDV_20240715T225841_20240715T225906_054778_06AB8D_6E9C_COG.SAFE"
    }
   }
  },
  {
   "type": "Feature",
   "geometry": {
    "type": "Point",
    "coordinates": [
     -75.95012233181322,
     36.89952482944791
    ]
   },
   "properties": {
    "kind": "unmatched",
    "domain": "sea",
    "t_start": "2024-07-15T22:58:41+00:00",
    "t_end": "2024-07-15T22:58:41+00:00",
    "duration_s": 0.0,
    "confidence": 0.6157407407407407,
    "platform_ids": [],
    "evidence": {
     "sensor": "sentinel1-vv-cfar",
     "detector_confidence": 0.95,
     "detection_rate_this_pass": 0.648,
     "reports_considered": 54,
     "reports_with_a_fix": 54,
     "search_radius_m": 158.8,
     "snr": 20.43,
     "length_m_approx": 65.6,
     "pixels": 43,
     "scene": "S1A_IW_GRDH_1SDV_20240715T225841_20240715T225906_054778_06AB8D_6E9C_COG.SAFE"
    }
   }
  },
  {
   "type": "Feature",
   "geometry": {
    "type": "Point",
    "coordinates": [
     -76.06059076328125,
     36.959003393093354
    ]
   },
   "properties": {
    "kind": "unmatched",
    "domain": "sea",
    "t_start": "2024-07-15T22:58:41+00:00",
    "t_end": "2024-07-15T22:58:41+00:00",
    "duration_s": 0.0,
    "confidence": 0.6157407407407407,
    "platform_ids": [],
    "evidence": {
     "sensor": "sentinel1-vv-cfar",
     "detector_confidence": 0.95,
     "detection_rate_this_pass": 0.648,
     "reports_considered": 54,
     "reports_with_a_fix": 54,
     "search_radius_m": 123.7,
     "snr": 20.34,
     "length_m_approx": 34.6,
     "pixels": 12,
     "scene": "S1A_IW_GRDH_1SDV_20240715T225841_20240715T225906_054778_06AB8D_6E9C_COG.SAFE"
    }
   }
  },
  {
   "type": "Feature",
   "geometry": {
    "type": "Point",
    "coordinates": [
     -76.03036753147305,
     37.00317683451295
    ]
   },
   "properties": {
    "kind": "unmatched",
    "domain": "sea",
    "t_start": "2024-07-15T22:58:41+00:00",
    "t_end": "2024-07-15T22:58:41+00:00",
    "duration_s": 0.0,
    "confidence": 0.6079629629629629,
    "platform_ids": [],
    "evidence": {
     "sensor": "sentinel1-vv-cfar",
     "detector_confidence": 0.938,
     "detection_rate_this_pass": 0.648,
     "reports_considered": 54,
     "reports_with_a_fix": 54,
     "search_radius_m": 106.1,
     "snr": 18.76,
     "length_m_approx": 34.6,
     "pixels": 12,
     "scene": "S1A_IW_GRDH_1SDV_20240715T225841_20240715T225906_054778_06AB8D_6E9C_COG.SAFE"
    }
   }
  },
  {
   "type": "Feature",
   "geometry": {
    "type": "Point",
    "coordinates": [
     -76.01221210049383,
     36.95948904010489
    ]
   },
   "properties": {
    "kind": "unmatched",
    "domain": "sea",
    "t_start": "2024-07-15T22:58:41+00:00",
    "t_end": "2024-07-15T22:58:41+00:00",
    "duration_s": 0.0,
    "confidence": 0.5684259259259259,
    "platform_ids": [],
    "evidence": {
     "sensor": "sentinel1-vv-cfar",
     "detector_confidence": 0.877,
     "detection_rate_this_pass": 0.648,
     "reports_considered": 54,
     "reports_with_a_fix": 54,
     "search_radius_m": 108.3,
     "snr": 17.53,
     "length_m_approx": 36.1,
     "pixels": 13,
     "scene": "S1A_IW_GRDH_1SDV_20240715T225841_20240715T225906_054778_06AB8D_6E9C_COG.SAFE"
    }
   }
  },
  {
   "type": "Feature",
   "geometry": {
    "type": "Point",
    "coordinates": [
     -76.09772011482443,
     36.97312023182795
    ]
   },
   "properties": {
    "kind": "unmatched",
    "domain": "sea",
    "t_start": "2024-07-15T22:58:41+00:00",
    "t_end": "2024-07-15T22:58:41+00:00",
    "duration_s": 0.0,
    "confidence": 0.5535185185185185,
    "platform_ids": [],
    "evidence": {
     "sensor": "sentinel1-vv-cfar",
     "detector_confidence": 0.854,
     "detection_rate_this_pass": 0.648,
     "reports_considered": 54,
     "reports_with_a_fix": 54,
     "search_radius_m": 116.1,
     "snr": 17.07,
     "length_m_approx": 28.3,
     "pixels": 8,
     "scene": "S1A_IW_GRDH_1SDV_20240715T225841_20240715T225906_054778_06AB8D_6E9C_COG.SAFE"
    }
   }
  },
  {
   "type": "Feature",
   "geometry": {
    "type": "Point",
    "coordinates": [
     -76.00388341517426,
     36.988049878955295
    ]
   },
   "properties": {
    "kind": "unmatched",
    "domain": "sea",
    "t_start": "2024-07-15T22:58:41+00:00",
    "t_end": "2024-07-15T22:58:41+00:00",
    "duration_s": 0.0,
    "confidence": 0.5476851851851852,
    "platform_ids": [],
    "evidence": {
     "sensor": "sentinel1-vv-cfar",
     "detector_confidence": 0.845,
     "detection_rate_this_pass": 0.648,
     "reports_considered": 54,
     "reports_with_a_fix": 54,
     "search_radius_m": 95.1,
     "snr": 16.9,
     "length_m_approx": 26.5,
     "pixels": 7,
     "scene": "S1A_IW_GRDH_1SDV_20240715T225841_20240715T225906_054778_06AB8D_6E9C_COG.SAFE"
    }
   }
  },
  {
   "type": "Feature",
   "geometry": {
    "type": "Point",
    "coordinates": [
     -76.11917498335885,
     36.97474889366003
    ]
   },
   "properties": {
    "kind": "unmatched",
    "domain": "sea",
    "t_start": "2024-07-15T22:58:41+00:00",
    "t_end": "2024-07-15T22:58:41+00:00",
    "duration_s": 0.0,
    "confidence": 0.520462962962963,
    "platform_ids": [],
    "evidence": {
     "sensor": "sentinel1-vv-cfar",
     "detector_confidence": 0.803,
     "detection_rate_this_pass": 0.648,
     "reports_considered": 54,
     "reports_with_a_fix": 54,
     "search_radius_m": 116.1,
     "snr": 16.06,
     "length_m_approx": 28.3,
     "pixels": 8,
     "scene": "S1A_IW_GRDH_1SDV_20240715T225841_20240715T225906_054778_06AB8D_6E9C_COG.SAFE"
    }
   }
  },
  {
   "type": "Feature",
   "geometry": {
    "type": "Point",
    "coordinates": [
     -75.96570635018445,
     36.91770387931092
    ]
   },
   "properties": {
    "kind": "unmatched",
    "domain": "sea",
    "t_start": "2024-07-15T22:58:41+00:00",
    "t_end": "2024-07-15T22:58:41+00:00",
    "duration_s": 0.0,
    "confidence": 0.4912962962962963,
    "platform_ids": [],
    "evidence": {
     "sensor": "sentinel1-vv-cfar",
     "detector_confidence": 0.758,
     "detection_rate_this_pass": 0.648,
     "reports_considered": 54,
     "reports_with_a_fix": 54,
     "search_radius_m": 102.0,
     "snr": 15.16,
     "length_m_approx": 31.6,
     "pixels": 10,
     "scene": "S1A_IW_GRDH_1SDV_20240715T225841_20240715T225906_054778_06AB8D_6E9C_COG.SAFE"
    }
   }
  },
  {
   "type": "Feature",
   "geometry": {
    "type": "Point",
    "coordinates": [
     -76.10502539202503,
     36.98278801599241
    ]
   },
   "properties": {
    "kind": "unmatched",
    "domain": "sea",
    "t_start": "2024-07-15T22:58:41+00:00",
    "t_end": "2024-07-15T22:58:41+00:00",
    "duration_s": 0.0,
    "confidence": 0.4912962962962963,
    "platform_ids": [],
    "evidence": {
     "sensor": "sentinel1-vv-cfar",
     "detector_confidence": 0.758,
     "detection_rate_this_pass": 0.648,
     "reports_considered": 54,
     "reports_with_a_fix": 54,
     "search_radius_m": 132.7,
     "snr": 15.15,
     "length_m_approx": 41.2,
     "pixels": 17,
     "scene": "S1A_IW_GRDH_1SDV_20240715T225841_20240715T225906_054778_06AB8D_6E9C_COG.SAFE"
    }
   }
  },
  {
   "type": "Feature",
   "geometry": {
    "type": "Point",
    "coordinates": [
     -76.02309917611163,
     36.949272867523945
    ]
   },
   "properties": {
    "kind": "unmatched",
    "domain": "sea",
    "t_start": "2024-07-15T22:58:41+00:00",
    "t_end": "2024-07-15T22:58:41+00:00",
    "duration_s": 0.0,
    "confidence": 0.48935185185185187,
    "platform_ids": [],
    "evidence": {
     "sensor": "sentinel1-vv-cfar",
     "detector_confidence": 0.755,
     "detection_rate_this_pass": 0.648,
     "reports_considered": 54,
     "reports_with_a_fix": 54,
     "search_radius_m": 99.7,
     "snr": 15.11,
     "length_m_approx": 30.0,
     "pixels": 9,
     "scene": "S1A_IW_GRDH_1SDV_20240715T225841_20240715T225906_054778_06AB8D_6E9C_COG.SAFE"
    }
   }
  },
  {
   "type": "Feature",
   "geometry": {
    "type": "Point",
    "coordinates": [
     -75.80383236790328,
     36.96560728713236
    ]
   },
   "properties": {
    "kind": "unmatched",
    "domain": "sea",
    "t_start": "2024-07-15T22:58:41+00:00",
    "t_end": "2024-07-15T22:58:41+00:00",
    "duration_s": 0.0,
    "confidence": 0.6157407407407407,
    "platform_ids": [],
    "evidence": {
     "sensor": "sentinel1-vv-cfar",
     "detector_confidence": 0.95,
     "detection_rate_this_pass": 0.648,
     "reports_considered": 54,
     "reports_with_a_fix": 54,
     "search_radius_m": 189.8,
     "snr": 67.42,
     "length_m_approx": 81.9,
     "pixels": 67,
     "scene": "S1A_IW_GRDH_1SDV_20240715T225841_20240715T225906_054778_06AB8D_6E9C_COG.SAFE"
    }
   }
  },
  {
   "type": "Feature",
   "geometry": {
    "type": "Point",
    "coordinates": [
     -75.71234102577425,
     36.904721854735755
    ]
   },
   "properties": {
    "kind": "unmatched",
    "domain": "sea",
    "t_start": "2024-07-15T22:58:41+00:00",
    "t_end": "2024-07-15T22:58:41+00:00",
    "duration_s": 0.0,
    "confidence": 0.6157407407407407,
    "platform_ids": [],
    "evidence": {
     "sensor": "sentinel1-vv-cfar",
     "detector_confidence": 0.95,
     "detection_rate_this_pass": 0.648,
     "reports_considered": 54,
     "reports_with_a_fix": 54,
     "search_radius_m": 173.6,
     "snr": 37.15,
     "length_m_approx": 73.5,
     "pixels": 54,
     "scene": "S1A_IW_GRDH_1SDV_20240715T225841_20240715T225906_054778_06AB8D_6E9C_COG.SAFE"
    }
   }
  },
  {
   "type": "Feature",
   "geometry": {
    "type": "Point",
    "coordinates": [
     -75.88933301942303,
     37.01505443509909
    ]
   },
   "properties": {
    "kind": "unmatched",
    "domain": "sea",
    "t_start": "2024-07-15T22:58:41+00:00",
    "t_end": "2024-07-15T22:58:41+00:00",
    "duration_s": 0.0,
    "confidence": 0.6157407407407407,
    "platform_ids": [],
    "evidence": {
     "sensor": "sentinel1-vv-cfar",
     "detector_confidence": 0.95,
     "detection_rate_this_pass": 0.648,
     "reports_considered": 54,
     "reports_with_a_fix": 54,
     "search_radius_m": 127.5,
     "snr": 21.42,
     "length_m_approx": 48.0,
     "pixels": 23,
     "scene": "S1A_IW_GRDH_1SDV_20240715T225841_20240715T225906_054778_06AB8D_6E9C_COG.SAFE"
    }
   }
  },
  {
   "type": "Feature",
   "geometry": {
    "type": "Point",
    "coordinates": [
     -75.46350224195461,
     36.930949899947734
    ]
   },
   "properties": {
    "kind": "unmatched",
    "domain": "sea",
    "t_start": "2024-07-15T22:58:41+00:00",
    "t_end": "2024-07-15T22:58:41+00:00",
    "duration_s": 0.0,
    "confidence": 0.6157407407407407,
    "platform_ids": [],
    "evidence": {
     "sensor": "sentinel1-vv-cfar",
     "detector_confidence": 0.95,
     "detection_rate_this_pass": 0.648,
     "reports_considered": 54,
     "reports_with_a_fix": 54,
     "search_radius_m": 123.4,
     "snr": 86.14,
     "length_m_approx": 45.8,
     "pixels": 21,
     "scene": "S1A_IW_GRDH_1SDV_20240715T225841_20240715T225906_054778_06AB8D_6E9C_COG.SAFE"
    }
   }
  },
  {
   "type": "Feature",
   "geometry": {
    "type": "Point",
    "coordinates": [
     -75.43238644648996,
     36.93107097188539
    ]
   },
   "properties": {
    "kind": "unmatched",
    "domain": "sea",
    "t_start": "2024-07-15T22:58:41+00:00",
    "t_end": "2024-07-15T22:58:41+00:00",
    "duration_s": 0.0,
    "confidence": 0.6157407407407407,
    "platform_ids": [],
    "evidence": {
     "sensor": "sentinel1-vv-cfar",
     "detector_confidence": 0.95,
     "detection_rate_this_pass": 0.648,
     "reports_considered": 54,
     "reports_with_a_fix": 54,
     "search_radius_m": 116.1,
     "snr": 70.15,
     "length_m_approx": 41.2,
     "pixels": 17,
     "scene": "S1A_IW_GRDH_1SDV_20240715T225841_20240715T225906_054778_06AB8D_6E9C_COG.SAFE"
    }
   }
  },
  {
   "type": "Feature",
   "geometry": {
    "type": "Point",
    "coordinates": [
     -75.43437701140093,
     36.94650426635951
    ]
   },
   "properties": {
    "kind": "unmatched",
    "domain": "sea",
    "t_start": "2024-07-15T22:58:41+00:00",
    "t_end": "2024-07-15T22:58:41+00:00",
    "duration_s": 0.0,
    "confidence": 0.6157407407407407,
    "platform_ids": [],
    "evidence": {
     "sensor": "sentinel1-vv-cfar",
     "detector_confidence": 0.95,
     "detection_rate_this_pass": 0.648,
     "reports_considered": 54,
     "reports_with_a_fix": 54,
     "search_radius_m": 121.7,
     "snr": 63.63,
     "length_m_approx": 44.7,
     "pixels": 20,
     "scene": "S1A_IW_GRDH_1SDV_20240715T225841_20240715T225906_054778_06AB8D_6E9C_COG.SAFE"
    }
   }
  },
  {
   "type": "Feature",
   "geometry": {
    "type": "Point",
    "coordinates": [
     -75.44992637989958,
     36.94643253532316
    ]
   },
   "properties": {
    "kind": "unmatched",
    "domain": "sea",
    "t_start": "2024-07-15T22:58:41+00:00",
    "t_end": "2024-07-15T22:58:41+00:00",
    "duration_s": 0.0,
    "confidence": 0.6157407407407407,
    "platform_ids": [],
    "evidence": {
     "sensor": "sentinel1-vv-cfar",
     "detector_confidence": 0.95,
     "detection_rate_this_pass": 0.648,
     "reports_considered": 54,
     "reports_with_a_fix": 54,
     "search_radius_m": 116.1,
     "snr": 61.29,
     "length_m_approx": 41.2,
     "pixels": 17,
     "scene": "S1A_IW_GRDH_1SDV_20240715T225841_20240715T225906_054778_06AB8D_6E9C_COG.SAFE"
    }
   }
  },
  {
   "type": "Feature",
   "geometry": {
    "type": "Point",
    "coordinates": [
     -75.45502718780715,
     36.97744101694576
    ]
   },
   "properties": {
    "kind": "unmatched",
    "domain": "sea",
    "t_start": "2024-07-15T22:58:41+00:00",
    "t_end": "2024-07-15T22:58:41+00:00",
    "duration_s": 0.0,
    "confidence": 0.6157407407407407,
    "platform_ids": [],
    "evidence": {
     "sensor": "sentinel1-vv-cfar",
     "detector_confidence": 0.95,
     "detection_rate_this_pass": 0.648,
     "reports_considered": 54,
     "reports_with_a_fix": 54,
     "search_radius_m": 113.9,
     "snr": 59.42,
     "length_m_approx": 40.0,
     "pixels": 16,
     "scene": "S1A_IW_GRDH_1SDV_20240715T225841_20240715T225906_054778_06AB8D_6E9C_COG.SAFE"
    }
   }
  },
  {
   "type": "Feature",
   "geometry": {
    "type": "Point",
    "coordinates": [
     -75.47906655802055,
     36.93079832755534
    ]
   },
   "properties": {
    "kind": "unmatched",
    "domain": "sea",
    "t_start": "2024-07-15T22:58:41+00:00",
    "t_end": "2024-07-15T22:58:41+00:00",
    "duration_s": 0.0,
    "confidence": 0.6157407407407407,
    "platform_ids": [],
    "evidence": {
     "sensor": "sentinel1-vv-cfar",
     "detector_confidence": 0.95,
     "detection_rate_this_pass": 0.648,
     "reports_considered": 54,
     "reports_with_a_fix": 54,
     "search_radius_m": 134.1,
     "snr": 57.14,
     "length_m_approx": 52.0,
     "pixels": 27,
     "scene": "S1A_IW_GRDH_1SDV_20240715T225841_20240715T225906_054778_06AB8D_6E9C_COG.SAFE"
    }
   }
  },
  {
   "type": "Feature",
   "geometry": {
    "type": "Point",
    "coordinates": [
     -75.46754873625764,
     36.9618560100256
    ]
   },
   "properties": {
    "kind": "unmatched",
    "domain": "sea",
    "t_start": "2024-07-15T22:58:41+00:00",
    "t_end": "2024-07-15T22:58:41+00:00",
    "duration_s": 0.0,
    "confidence": 0.6157407407407407,
    "platform_ids": [],
    "evidence": {
     "sensor": "sentinel1-vv-cfar",
     "detector_confidence": 0.95,
     "detection_rate_this_pass": 0.648,
     "reports_considered": 54,
     "reports_with_a_fix": 54,
     "search_radius_m": 119.7,
     "snr": 56.43,
     "length_m_approx": 43.6,
     "pixels": 19,
     "scene": "S1A_IW_GRDH_1SDV_20240715T225841_20240715T225906_054778_06AB8D_6E9C_COG.SAFE"
    }
   }
  },
  {
   "type": "Feature",
   "geometry": {
    "type": "Point",
    "coordinates": [
     -75.41881185213602,
     36.94654951079733
    ]
   },
   "properties": {
    "kind": "unmatched",
    "domain": "sea",
    "t_start": "2024-07-15T22:58:41+00:00",
    "t_end": "2024-07-15T22:58:41+00:00",
    "duration_s": 0.0,
    "confidence": 0.6157407407407407,
    "platform_ids": [],
    "evidence": {
     "sensor": "sentinel1-vv-cfar",
     "detector_confidence": 0.95,
     "detection_rate_this_pass": 0.648,
     "reports_considered": 54,
     "reports_with_a_fix": 54,
     "search_radius_m": 128.9,
     "snr": 51.22,
     "length_m_approx": 49.0,
     "pixels": 24,
     "scene": "S1A_IW_GRDH_1SDV_20240715T225841_20240715T225906_054778_06AB8D_6E9C_COG.SAFE"
    }
   }
  },
  {
   "type": "Feature",
   "geometry": {
    "type": "Point",
    "coordinates": [
     -75.42080901695726,
     36.961990832234434
    ]
   },
   "properties": {
    "kind": "unmatched",
    "domain": "sea",
    "t_start": "2024-07-15T22:58:41+00:00",
    "t_end": "2024-07-15T22:58:41+00:00",
    "duration_s": 0.0,
    "confidence": 0.6157407407407407,
    "platform_ids": [],
    "evidence": {
     "sensor": "sentinel1-vv-cfar",
     "detector_confidence": 0.95,
     "detection_rate_this_pass": 0.648,
     "reports_considered": 54,
     "reports_with_a_fix": 54,
     "search_radius_m": 123.4,
     "snr": 51.01,
     "length_m_approx": 45.8,
     "pixels": 21,
     "scene": "S1A_IW_GRDH_1SDV_20240715T225841_20240715T225906_054778_06AB8D_6E9C_COG.SAFE"
    }
   }
  },
  {
   "type": "Feature",
   "geometry": {
    "type": "Point",
    "coordinates": [
     -75.4519479993426,
     36.96188341377594
    ]
   },
   "properties": {
    "kind": "unmatched",
    "domain": "sea",
    "t_start": "2024-07-15T22:58:41+00:00",
    "t_end": "2024-07-15T22:58:41+00:00",
    "duration_s": 0.0,
    "confidence": 0.6157407407407407,
    "platform_ids": [],
    "evidence": {
     "sensor": "sentinel1-vv-cfar",
     "detector_confidence": 0.95,
     "detection_rate_this_pass": 0.648,
     "reports_considered": 54,
     "reports_with_a_fix": 54,
     "search_radius_m": 113.9,
     "snr": 49.97,
     "length_m_approx": 40.0,
     "pixels": 16,
     "scene": "S1A_IW_GRDH_1SDV_20240715T225841_20240715T225906_054778_06AB8D_6E9C_COG.SAFE"
    }
   }
  },
  {
   "type": "Feature",
   "geometry": {
    "type": "Point",
    "coordinates": [
     -75.44034432743702,
     36.99269428184705
    ]
   },
   "properties": {
    "kind": "unmatched",
    "domain": "sea",
    "t_start": "2024-07-15T22:58:41+00:00",
    "t_end": "2024-07-15T22:58:41+00:00",
    "duration_s": 0.0,
    "confidence": 0.6157407407407407,
    "platform_ids": [],
    "evidence": {
     "sensor": "sentinel1-vv-cfar",
     "detector_confidence": 0.95,
     "detection_rate_this_pass": 0.648,
     "reports_considered": 54,
     "reports_with_a_fix": 54,
     "search_radius_m": 121.7,
     "snr": 45.94,
     "length_m_approx": 44.7,
     "pixels": 20,
     "scene": "S1A_IW_GRDH_1SDV_20240715T225841_20240715T225906_054778_06AB8D_6E9C_COG.SAFE"
    }
   }
  },
  {
   "type": "Feature",
   "geometry": {
    "type": "Point",
    "coordinates": [
     -75.44795339755447,
     36.931020555479535
    ]
   },
   "properties": {
    "kind": "unmatched",
    "domain": "sea",
    "t_start": "2024-07-15T22:58:41+00:00",
    "t_end": "2024-07-15T22:58:41+00:00",
    "duration_s": 0.0,
    "confidence": 0.6157407407407407,
    "platform_ids": [],
    "evidence": {
     "sensor": "sentinel1-vv-cfar",
     "detector_confidence": 0.95,
     "detection_rate_this_pass": 0.648,
     "reports_considered": 54,
     "reports_with_a_fix": 54,
     "search_radius_m": 112.0,
     "snr": 44.84,
     "length_m_approx": 38.7,
     "pixels": 15,
     "scene": "S1A_IW_GRDH_1SDV_20240715T225841_20240715T225906_054778_06AB8D_6E9C_COG.SAFE"
    }
   }
  },
  {
   "type": "Feature",
   "geometry": {
    "type": "Point",
    "coordinates": [
     -75.43635674432791,
     36.9618977673502
    ]
   },
   "properties": {
    "kind": "unmatched",
    "domain": "sea",
    "t_start": "2024-07-15T22:58:41+00:00",
    "t_end": "2024-07-15T22:58:41+00:00",
    "duration_s": 0.0,
    "confidence": 0.6157407407407407,
    "platform_ids": [],
    "evidence": {
     "sensor": "sentinel1-vv-cfar",
     "detector_confidence": 0.95,
     "detection_rate_this_pass": 0.648,
     "reports_considered": 54,
     "reports_with_a_fix": 54,
     "search_radius_m": 113.9,
     "snr": 42.12,
     "length_m_approx": 40.0,
     "pixels": 16,
     "scene": "S1A_IW_GRDH_1SDV_20240715T225841_20240715T225906_054778_06AB8D_6E9C_COG.SAFE"
    }
   }
  },
  {
   "type": "Feature",
   "geometry": {
    "type": "Point",
    "coordinates": [
     -75.56593865644697,
     36.95319198653927
    ]
   },
   "properties": {
    "kind": "unmatched",
    "domain": "sea",
    "t_start": "2024-07-15T22:58:41+00:00",
    "t_end": "2024-07-15T22:58:41+00:00",
    "duration_s": 0.0,
    "confidence": 0.6157407407407407,
    "platform_ids": [],
    "evidence": {
     "sensor": "sentinel1-vv-cfar",
     "detector_confidence": 0.95,
     "detection_rate_this_pass": 0.648,
     "reports_considered": 54,
     "reports_with_a_fix": 54,
     "search_radius_m": 222.2,
     "snr": 24.25,
     "length_m_approx": 98.5,
     "pixels": 97,
     "scene": "S1A_IW_GRDH_1SDV_20240715T225841_20240715T225906_054778_06AB8D_6E9C_COG.SAFE"
    }
   }
  },
  {
   "type": "Feature",
   "geometry": {
    "type": "Point",
    "coordinates": [
     -75.43432597360452,
     36.94602642418304
    ]
   },
   "properties": {
    "kind": "unmatched",
    "domain": "sea",
    "t_start": "2024-07-15T22:58:41+00:00",
    "t_end": "2024-07-15T22:58:41+00:00",
    "duration_s": 0.0,
    "confidence": 0.5878703703703704,
    "platform_ids": [],
    "evidence": {
     "sensor": "sentinel1-vv-cfar",
     "detector_confidence": 0.907,
     "detection_rate_this_pass": 0.648,
     "reports_considered": 54,
     "reports_with_a_fix": 54,
     "search_radius_m": 103.8,
     "snr": 18.13,
     "length_m_approx": 33.2,
     "pixels": 11,
     "scene": "S1A_IW_GRDH_1SDV_20240715T225841_20240715T225906_054778_06AB8D_6E9C_COG.SAFE"
    }
   }
  },
  {
   "type": "Feature",
   "geometry": {
    "type": "Point",
    "coordinates": [
     -75.56528021347144,
     36.95425449439762
    ]
   },
   "properties": {
    "kind": "unmatched",
    "domain": "sea",
    "t_start": "2024-07-15T22:58:41+00:00",
    "t_end": "2024-07-15T22:58:41+00:00",
    "duration_s": 0.0,
    "confidence": 0.49,
    "platform_ids": [],
    "evidence": {
     "sensor": "sentinel1-vv-cfar",
     "detector_confidence": 0.756,
     "detection_rate_this_pass": 0.648,
     "reports_considered": 54,
     "reports_with_a_fix": 54,
     "search_radius_m": 149.9,
     "snr": 15.13,
     "length_m_approx": 60.8,
     "pixels": 37,
     "scene": "S1A_IW_GRDH_1SDV_20240715T225841_20240715T225906_054778_06AB8D_6E9C_COG.SAFE"
    }
   }
  },
  {
   "type": "Feature",
   "geometry": {
    "type": "Point",
    "coordinates": [
     -75.40525631724995,
     36.96199932071305
    ]
   },
   "properties": {
    "kind": "unmatched",
    "domain": "sea",
    "t_start": "2024-07-15T22:58:41+00:00",
    "t_end": "2024-07-15T22:58:41+00:00",
    "duration_s": 0.0,
    "confidence": 0.6157407407407407,
    "platform_ids": [],
    "evidence": {
     "sensor": "sentinel1-vv-cfar",
     "detector_confidence": 0.95,
     "detection_rate_this_pass": 0.648,
     "reports_considered": 54,
     "reports_with_a_fix": 54,
     "search_radius_m": 117.8,
     "snr": 66.57,
     "length_m_approx": 42.4,
     "pixels": 18,
     "scene": "S1A_IW_GRDH_1SDV_20240715T225841_20240715T225906_054778_06AB8D_6E9C_COG.SAFE"
    }
   }
  },
  {
   "type": "Feature",
   "geometry": {
    "type": "Point",
    "coordinates": [
     -74.56810096890351,
     37.12871234382409
    ]
   },
   "properties": {
    "kind": "unmatched",
    "domain": "sea",
    "t_start": "2024-07-15T22:58:41+00:00",
    "t_end": "2024-07-15T22:58:41+00:00",
    "duration_s": 0.0,
    "confidence": 0.6157407407407407,
    "platform_ids": [],
    "evidence": {
     "sensor": "sentinel1-vv-cfar",
     "detector_confidence": 0.95,
     "detection_rate_this_pass": 0.648,
     "reports_considered": 54,
     "reports_with_a_fix": 54,
     "search_radius_m": 130.6,
     "snr": 40.01,
     "length_m_approx": 50.0,
     "pixels": 25,
     "scene": "S1A_IW_GRDH_1SDV_20240715T225841_20240715T225906_054778_06AB8D_6E9C_COG.SAFE"
    }
   }
  },
  {
   "type": "Feature",
   "geometry": {
    "type": "Point",
    "coordinates": [
     -74.61127519470446,
     37.154090843222285
    ]
   },
   "properties": {
    "kind": "unmatched",
    "domain": "sea",
    "t_start": "2024-07-15T22:58:41+00:00",
    "t_end": "2024-07-15T22:58:41+00:00",
    "duration_s": 0.0,
    "confidence": 0.6157407407407407,
    "platform_ids": [],
    "evidence": {
     "sensor": "sentinel1-vv-cfar",
     "detector_confidence": 0.95,
     "detection_rate_this_pass": 0.648,
     "reports_considered": 54,
     "reports_with_a_fix": 54,
     "search_radius_m": 148.5,
     "snr": 19.11,
     "length_m_approx": 60.0,
     "pixels": 36,
     "scene": "S1A_IW_GRDH_1SDV_20240715T225841_20240715T225906_054778_06AB8D_6E9C_COG.SAFE"
    }
   }
  },
  {
   "type": "Feature",
   "geometry": {
    "type": "Point",
    "coordinates": [
     -76.23923918545434,
     37.014610187018654
    ]
   },
   "properties": {
    "kind": "unmatched",
    "domain": "sea",
    "t_start": "2024-07-15T22:58:41+00:00",
    "t_end": "2024-07-15T22:58:41+00:00",
    "duration_s": 0.0,
    "confidence": 0.6157407407407407,
    "platform_ids": [],
    "evidence": {
     "sensor": "sentinel1-vv-cfar",
     "detector_confidence": 0.95,
     "detection_rate_this_pass": 0.648,
     "reports_considered": 54,
     "reports_with_a_fix": 54,
     "search_radius_m": 140.8,
     "snr": 41.74,
     "length_m_approx": 46.9,
     "pixels": 22,
     "scene": "S1A_IW_GRDH_1SDV_20240715T225841_20240715T225906_054778_06AB8D_6E9C_COG.SAFE"
    }
   }
  },
  {
   "type": "Feature",
   "geometry": {
    "type": "Point",
    "coordinates": [
     -76.18784477458381,
     37.14316649926946
    ]
   },
   "properties": {
    "kind": "unmatched",
    "domain": "sea",
    "t_start": "2024-07-15T22:58:41+00:00",
    "t_end": "2024-07-15T22:58:41+00:00",
    "duration_s": 0.0,
    "confidence": 0.5496296296296296,
    "platform_ids": [],
    "evidence": {
     "sensor": "sentinel1-vv-cfar",
     "detector_confidence": 0.848,
     "detection_rate_this_pass": 0.648,
     "reports_considered": 54,
     "reports_with_a_fix": 54,
     "search_radius_m": 118.1,
     "snr": 16.96,
     "length_m_approx": 30.0,
     "pixels": 9,
     "scene": "S1A_IW_GRDH_1SDV_20240715T225841_20240715T225906_054778_06AB8D_6E9C_COG.SAFE"
    }
   }
  },
  {
   "type": "Feature",
   "geometry": {
    "type": "Point",
    "coordinates": [
     -75.96493055875183,
     37.05366007568239
    ]
   },
   "properties": {
    "kind": "unmatched",
    "domain": "sea",
    "t_start": "2024-07-15T22:58:41+00:00",
    "t_end": "2024-07-15T22:58:41+00:00",
    "duration_s": 0.0,
    "confidence": 0.6157407407407407,
    "platform_ids": [],
    "evidence": {
     "sensor": "sentinel1-vv-cfar",
     "detector_confidence": 0.95,
     "detection_rate_this_pass": 0.648,
     "reports_considered": 54,
     "reports_with_a_fix": 54,
     "search_radius_m": 99.7,
     "snr": 19.9,
     "length_m_approx": 30.0,
     "pixels": 9,
     "scene": "S1A_IW_GRDH_1SDV_20240715T225841_20240715T225906_054778_06AB8D_6E9C_COG.SAFE"
    }
   }
  },
  {
   "type": "Feature",
   "geometry": {
    "type": "Point",
    "coordinates": [
     -76.14288407421472,
     37.14020861055809
    ]
   },
   "properties": {
    "kind": "unmatched",
    "domain": "sea",
    "t_start": "2024-07-15T22:58:41+00:00",
    "t_end": "2024-07-15T22:58:41+00:00",
    "duration_s": 0.0,
    "confidence": 0.6157407407407407,
    "platform_ids": [],
    "evidence": {
     "sensor": "sentinel1-vv-cfar",
     "detector_confidence": 0.95,
     "detection_rate_this_pass": 0.648,
     "reports_considered": 54,
     "reports_with_a_fix": 54,
     "search_radius_m": 118.1,
     "snr": 19.59,
     "length_m_approx": 30.0,
     "pixels": 9,
     "scene": "S1A_IW_GRDH_1SDV_20240715T225841_20240715T225906_054778_06AB8D_6E9C_COG.SAFE"
    }
   }
  },
  {
   "type": "Feature",
   "geometry": {
    "type": "Point",
    "coordinates": [
     -76.15307427848595,
     37.16553534035906
    ]
   },
   "properties": {
    "kind": "unmatched",
    "domain": "sea",
    "t_start": "2024-07-15T22:58:41+00:00",
    "t_end": "2024-07-15T22:58:41+00:00",
    "duration_s": 0.0,
    "confidence": 0.6157407407407407,
    "platform_ids": [],
    "evidence": {
     "sensor": "sentinel1-vv-cfar",
     "detector_confidence": 0.95,
     "detection_rate_this_pass": 0.648,
     "reports_considered": 54,
     "reports_with_a_fix": 54,
     "search_radius_m": 118.1,
     "snr": 19.32,
     "length_m_approx": 30.0,
     "pixels": 9,
     "scene": "S1A_IW_GRDH_1SDV_20240715T225841_20240715T225906_054778_06AB8D_6E9C_COG.SAFE"
    }
   }
  },
  {
   "type": "Feature",
   "geometry": {
    "type": "Point",
    "coordinates": [
     -75.99822598547752,
     37.08564805305328
    ]
   },
   "properties": {
    "kind": "unmatched",
    "domain": "sea",
    "t_start": "2024-07-15T22:58:41+00:00",
    "t_end": "2024-07-15T22:58:41+00:00",
    "duration_s": 0.0,
    "confidence": 0.5813888888888888,
    "platform_ids": [],
    "evidence": {
     "sensor": "sentinel1-vv-cfar",
     "detector_confidence": 0.897,
     "detection_rate_this_pass": 0.648,
     "reports_considered": 54,
     "reports_with_a_fix": 54,
     "search_radius_m": 106.1,
     "snr": 17.94,
     "length_m_approx": 34.6,
     "pixels": 12,
     "scene": "S1A_IW_GRDH_1SDV_20240715T225841_20240715T225906_054778_06AB8D_6E9C_COG.SAFE"
    }
   }
  },
  {
   "type": "Feature",
   "geometry": {
    "type": "Point",
    "coordinates": [
     -76.07062551559099,
     37.040883478770844
    ]
   },
   "properties": {
    "kind": "unmatched",
    "domain": "sea",
    "t_start": "2024-07-15T22:58:41+00:00",
    "t_end": "2024-07-15T22:58:41+00:00",
    "duration_s": 0.0,
    "confidence": 0.5736111111111111,
    "platform_ids": [],
    "evidence": {
     "sensor": "sentinel1-vv-cfar",
     "detector_confidence": 0.885,
     "detection_rate_this_pass": 0.648,
     "reports_considered": 54,
     "reports_with_a_fix": 54,
     "search_radius_m": 104.1,
     "snr": 17.7,
     "length_m_approx": 33.2,
     "pixels": 11,
     "scene": "S1A_IW_GRDH_1SDV_20240715T225841_20240715T225906_054778_06AB8D_6E9C_COG.SAFE"
    }
   }
  },
  {
   "type": "Feature",
   "geometry": {
    "type": "Point",
    "coordinates": [
     -75.99858512413924,
     37.08784293930022
    ]
   },
   "properties": {
    "kind": "unmatched",
    "domain": "sea",
    "t_start": "2024-07-15T22:58:41+00:00",
    "t_end": "2024-07-15T22:58:41+00:00",
    "duration_s": 0.0,
    "confidence": 0.502962962962963,
    "platform_ids": [],
    "evidence": {
     "sensor": "sentinel1-vv-cfar",
     "detector_confidence": 0.776,
     "detection_rate_this_pass": 0.648,
     "reports_considered": 54,
     "reports_with_a_fix": 54,
     "search_radius_m": 110.4,
     "snr": 15.53,
     "length_m_approx": 37.4,
     "pixels": 14,
     "scene": "S1A_IW_GRDH_1SDV_20240715T225841_20240715T225906_054778_06AB8D_6E9C_COG.SAFE"
    }
   }
  },
  {
   "type": "Feature",
   "geometry": {
    "type": "Point",
    "coordinates": [
     -76.14768109602005,
     37.151808697858186
    ]
   },
   "properties": {
    "kind": "unmatched",
    "domain": "sea",
    "t_start": "2024-07-15T22:58:41+00:00",
    "t_end": "2024-07-15T22:58:41+00:00",
    "duration_s": 0.0,
    "confidence": 0.49712962962962964,
    "platform_ids": [],
    "evidence": {
     "sensor": "sentinel1-vv-cfar",
     "detector_confidence": 0.767,
     "detection_rate_this_pass": 0.648,
     "reports_considered": 54,
     "reports_with_a_fix": 54,
     "search_radius_m": 114.2,
     "snr": 15.34,
     "length_m_approx": 26.5,
     "pixels": 7,
     "scene": "S1A_IW_GRDH_1SDV_20240715T225841_20240715T225906_054778_06AB8D_6E9C_COG.SAFE"
    }
   }
  },
  {
   "type": "Feature",
   "geometry": {
    "type": "Point",
    "coordinates": [
     -75.24239165284565,
     37.1730635211069
    ]
   },
   "properties": {
    "kind": "unmatched",
    "domain": "sea",
    "t_start": "2024-07-15T22:58:41+00:00",
    "t_end": "2024-07-15T22:58:41+00:00",
    "duration_s": 0.0,
    "confidence": 0.6157407407407407,
    "platform_ids": [],
    "evidence": {
     "sensor": "sentinel1-vv-cfar",
     "detector_confidence": 0.95,
     "detection_rate_this_pass": 0.648,
     "reports_considered": 54,
     "reports_with_a_fix": 54,
     "search_radius_m": 137.3,
     "snr": 25.66,
     "length_m_approx": 53.9,
     "pixels": 29,
     "scene": "S1A_IW_GRDH_1SDV_20240715T225841_20240715T225906_054778_06AB8D_6E9C_COG.SAFE"
    }
   }
  },
  {
   "type": "Feature",
   "geometry": {
    "type": "Point",
    "coordinates": [
     -76.35103825294252,
     37.23404499498284
    ]
   },
   "properties": {
    "kind": "unmatched",
    "domain": "sea",
    "t_start": "2024-07-15T22:58:41+00:00",
    "t_end": "2024-07-15T22:58:41+00:00",
    "duration_s": 0.0,
    "confidence": 0.6157407407407407,
    "platform_ids": [],
    "evidence": {
     "sensor": "sentinel1-vv-cfar",
     "detector_confidence": 0.95,
     "detection_rate_this_pass": 0.648,
     "reports_considered": 54,
     "reports_with_a_fix": 54,
     "search_radius_m": 118.1,
     "snr": 20.88,
     "length_m_approx": 30.0,
     "pixels": 9,
     "scene": "S1A_IW_GRDH_1SDV_20240715T225841_20240715T225906_054778_06AB8D_6E9C_COG.SAFE"
    }
   }
  },
  {
   "type": "Feature",
   "geometry": {
    "type": "Point",
    "coordinates": [
     -76.11138080473442,
     37.29198685813786
    ]
   },
   "properties": {
    "kind": "unmatched",
    "domain": "sea",
    "t_start": "2024-07-15T22:58:41+00:00",
    "t_end": "2024-07-15T22:58:41+00:00",
    "duration_s": 0.0,
    "confidence": 0.5301851851851851,
    "platform_ids": [],
    "evidence": {
     "sensor": "sentinel1-vv-cfar",
     "detector_confidence": 0.818,
     "detection_rate_this_pass": 0.648,
     "reports_considered": 54,
     "reports_with_a_fix": 54,
     "search_radius_m": 97.5,
     "snr": 16.37,
     "length_m_approx": 28.3,
     "pixels": 8,
     "scene": "S1A_IW_GRDH_1SDV_20240715T225841_20240715T225906_054778_06AB8D_6E9C_COG.SAFE"
    }
   }
  },
  {
   "type": "Feature",
   "geometry": {
    "type": "Point",
    "coordinates": [
     -75.49178308409769,
     37.340109982414035
    ]
   },
   "properties": {
    "kind": "unmatched",
    "domain": "sea",
    "t_start": "2024-07-15T22:58:41+00:00",
    "t_end": "2024-07-15T22:58:41+00:00",
    "duration_s": 0.0,
    "confidence": 0.6157407407407407,
    "platform_ids": [],
    "evidence": {
     "sensor": "sentinel1-vv-cfar",
     "detector_confidence": 0.95,
     "detection_rate_this_pass": 0.648,
     "reports_considered": 54,
     "reports_with_a_fix": 54,
     "search_radius_m": 225.4,
     "snr": 54.64,
     "length_m_approx": 100.0,
     "pixels": 100,
     "scene": "S1A_IW_GRDH_1SDV_20240715T225841_20240715T225906_054778_06AB8D_6E9C_COG.SAFE"
    }
   }
  },
  {
   "type": "Feature",
   "geometry": {
    "type": "Point",
    "coordinates": [
     -76.07850192001695,
     37.59222782359867
    ]
   },
   "properties": {
    "kind": "unmatched",
    "domain": "sea",
    "t_start": "2024-07-15T22:58:41+00:00",
    "t_end": "2024-07-15T22:58:41+00:00",
    "duration_s": 0.0,
    "confidence": 0.6157407407407407,
    "platform_ids": [],
    "evidence": {
     "sensor": "sentinel1-vv-cfar",
     "detector_confidence": 0.95,
     "detection_rate_this_pass": 0.648,
     "reports_considered": 54,
     "reports_with_a_fix": 54,
     "search_radius_m": 150.7,
     "snr": 29.06,
     "length_m_approx": 60.8,
     "pixels": 37,
     "scene": "S1A_IW_GRDH_1SDV_20240715T225841_20240715T225906_054778_06AB8D_6E9C_COG.SAFE"
    }
   }
  },
  {
   "type": "Feature",
   "geometry": {
    "type": "Point",
    "coordinates": [
     -75.6752601932732,
     37.47259848759982
    ]
   },
   "properties": {
    "kind": "unmatched",
    "domain": "sea",
    "t_start": "2024-07-15T22:58:41+00:00",
    "t_end": "2024-07-15T22:58:41+00:00",
    "duration_s": 0.0,
    "confidence": 0.6099074074074073,
    "platform_ids": [],
    "evidence": {
     "sensor": "sentinel1-vv-cfar",
     "detector_confidence": 0.941,
     "detection_rate_this_pass": 0.648,
     "reports_considered": 54,
     "reports_with_a_fix": 54,
     "search_radius_m": 117.1,
     "snr": 18.83,
     "length_m_approx": 41.2,
     "pixels": 17,
     "scene": "S1A_IW_GRDH_1SDV_20240715T225841_20240715T225906_054778_06AB8D_6E9C_COG.SAFE"
    }
   }
  },
  {
   "type": "Feature",
   "geometry": {
    "type": "Point",
    "coordinates": [
     -74.47347579385254,
     37.76296508926581
    ]
   },
   "properties": {
    "kind": "unmatched",
    "domain": "sea",
    "t_start": "2024-07-15T22:58:41+00:00",
    "t_end": "2024-07-15T22:58:41+00:00",
    "duration_s": 0.0,
    "confidence": 0.6157407407407407,
    "platform_ids": [],
    "evidence": {
     "sensor": "sentinel1-vv-cfar",
     "detector_confidence": 0.95,
     "detection_rate_this_pass": 0.648,
     "reports_considered": 54,
     "reports_with_a_fix": 54,
     "search_radius_m": 194.5,
     "snr": 50.56,
     "length_m_approx": 84.3,
     "pixels": 71,
     "scene": "S1A_IW_GRDH_1SDV_20240715T225841_20240715T225906_054778_06AB8D_6E9C_COG.SAFE"
    }
   }
  },
  {
   "type": "Feature",
   "geometry": {
    "type": "Point",
    "coordinates": [
     -74.46017251551746,
     37.71358182813807
    ]
   },
   "properties": {
    "kind": "unmatched",
    "domain": "sea",
    "t_start": "2024-07-15T22:58:41+00:00",
    "t_end": "2024-07-15T22:58:41+00:00",
    "duration_s": 0.0,
    "confidence": 0.5049074074074075,
    "platform_ids": [],
    "evidence": {
     "sensor": "sentinel1-vv-cfar",
     "detector_confidence": 0.779,
     "detection_rate_this_pass": 0.648,
     "reports_considered": 54,
     "reports_with_a_fix": 54,
     "search_radius_m": 121.7,
     "snr": 15.58,
     "length_m_approx": 44.7,
     "pixels": 20,
     "scene": "S1A_IW_GRDH_1SDV_20240715T225841_20240715T225906_054778_06AB8D_6E9C_COG.SAFE"
    }
   }
  },
  {
   "type": "Feature",
   "geometry": {
    "type": "Point",
    "coordinates": [
     -76.0938448738105,
     37.78485768627824
    ]
   },
   "properties": {
    "kind": "unmatched",
    "domain": "sea",
    "t_start": "2024-07-15T22:58:41+00:00",
    "t_end": "2024-07-15T22:58:41+00:00",
    "duration_s": 0.0,
    "confidence": 0.5561111111111111,
    "platform_ids": [],
    "evidence": {
     "sensor": "sentinel1-vv-cfar",
     "detector_confidence": 0.858,
     "detection_rate_this_pass": 0.648,
     "reports_considered": 54,
     "reports_with_a_fix": 54,
     "search_radius_m": 98.1,
     "snr": 17.15,
     "length_m_approx": 28.3,
     "pixels": 8,
     "scene": "S1A_IW_GRDH_1SDV_20240715T225841_20240715T225906_054778_06AB8D_6E9C_COG.SAFE"
    }
   }
  },
  {
   "type": "Feature",
   "geometry": {
    "type": "Point",
    "coordinates": [
     -76.15379956524606,
     37.674484418166145
    ]
   },
   "properties": {
    "kind": "unmatched",
    "domain": "sea",
    "t_start": "2024-07-15T22:58:41+00:00",
    "t_end": "2024-07-15T22:58:41+00:00",
    "duration_s": 0.0,
    "confidence": 0.5515740740740741,
    "platform_ids": [],
    "evidence": {
     "sensor": "sentinel1-vv-cfar",
     "detector_confidence": 0.851,
     "detection_rate_this_pass": 0.648,
     "reports_considered": 54,
     "reports_with_a_fix": 54,
     "search_radius_m": 98.1,
     "snr": 17.02,
     "length_m_approx": 28.3,
     "pixels": 8,
     "scene": "S1A_IW_GRDH_1SDV_20240715T225841_20240715T225906_054778_06AB8D_6E9C_COG.SAFE"
    }
   }
  },
  {
   "type": "Feature",
   "geometry": {
    "type": "Point",
    "coordinates": [
     -75.89314164444448,
     37.79977886126727
    ]
   },
   "properties": {
    "kind": "unmatched",
    "domain": "sea",
    "t_start": "2024-07-15T22:58:41+00:00",
    "t_end": "2024-07-15T22:58:41+00:00",
    "duration_s": 0.0,
    "confidence": 0.5703703703703704,
    "platform_ids": [],
    "evidence": {
     "sensor": "sentinel1-vv-cfar",
     "detector_confidence": 0.88,
     "detection_rate_this_pass": 0.648,
     "reports_considered": 54,
     "reports_with_a_fix": 54,
     "search_radius_m": 237.4,
     "snr": 17.6,
     "length_m_approx": 105.8,
     "pixels": 112,
     "scene": "S1A_IW_GRDH_1SDV_20240715T225841_20240715T225906_054778_06AB8D_6E9C_COG.SAFE"
    }
   }
  },
  {
   "type": "Feature",
   "geometry": {
    "type": "Point",
    "coordinates": [
     -74.49444242768838,
     37.86189116574162
    ]
   },
   "properties": {
    "kind": "unmatched",
    "domain": "sea",
    "t_start": "2024-07-15T22:58:41+00:00",
    "t_end": "2024-07-15T22:58:41+00:00",
    "duration_s": 0.0,
    "confidence": 0.6157407407407407,
    "platform_ids": [],
    "evidence": {
     "sensor": "sentinel1-vv-cfar",
     "detector_confidence": 0.95,
     "detection_rate_this_pass": 0.648,
     "reports_considered": 54,
     "reports_with_a_fix": 54,
     "search_radius_m": 158.5,
     "snr": 34.38,
     "length_m_approx": 65.6,
     "pixels": 43,
     "scene": "S1A_IW_GRDH_1SDV_20240715T225841_20240715T225906_054778_06AB8D_6E9C_COG.SAFE"
    }
   }
  },
  {
   "type": "Feature",
   "geometry": {
    "type": "Point",
    "coordinates": [
     -74.5055321483283,
     37.91154117918477
    ]
   },
   "properties": {
    "kind": "unmatched",
    "domain": "sea",
    "t_start": "2024-07-15T22:58:41+00:00",
    "t_end": "2024-07-15T22:58:41+00:00",
    "duration_s": 0.0,
    "confidence": 0.6157407407407407,
    "platform_ids": [],
    "evidence": {
     "sensor": "sentinel1-vv-cfar",
     "detector_confidence": 0.95,
     "detection_rate_this_pass": 0.648,
     "reports_considered": 54,
     "reports_with_a_fix": 54,
     "search_radius_m": 151.4,
     "snr": 26.58,
     "length_m_approx": 61.6,
     "pixels": 38,
     "scene": "S1A_IW_GRDH_1SDV_20240715T225841_20240715T225906_054778_06AB8D_6E9C_COG.SAFE"
    }
   }
  },
  {
   "type": "Feature",
   "geometry": {
    "type": "Point",
    "coordinates": [
     -73.90857468321595,
     38.01197820841908
    ]
   },
   "properties": {
    "kind": "unmatched",
    "domain": "sea",
    "t_start": "2024-07-15T22:58:41+00:00",
    "t_end": "2024-07-15T22:58:41+00:00",
    "duration_s": 0.0,
    "confidence": 0.6157407407407407,
    "platform_ids": [],
    "evidence": {
     "sensor": "sentinel1-vv-cfar",
     "detector_confidence": 0.95,
     "detection_rate_this_pass": 0.648,
     "reports_considered": 54,
     "reports_with_a_fix": 54,
     "search_radius_m": 127.1,
     "snr": 43.71,
     "length_m_approx": 48.0,
     "pixels": 23,
     "scene": "S1A_IW_GRDH_1SDV_20240715T225841_20240715T225906_054778_06AB8D_6E9C_COG.SAFE"
    }
   }
  },
  {
   "type": "Feature",
   "geometry": {
    "type": "Point",
    "coordinates": [
     -76.23349028057757,
     37.7908941654285
    ]
   },
   "properties": {
    "kind": "unmatched",
    "domain": "sea",
    "t_start": "2024-07-15T22:58:41+00:00",
    "t_end": "2024-07-15T22:58:41+00:00",
    "duration_s": 0.0,
    "confidence": 0.5444444444444444,
    "platform_ids": [],
    "evidence": {
     "sensor": "sentinel1-vv-cfar",
     "detector_confidence": 0.84,
     "detection_rate_this_pass": 0.648,
     "reports_considered": 54,
     "reports_with_a_fix": 54,
     "search_radius_m": 100.3,
     "snr": 16.8,
     "length_m_approx": 30.0,
     "pixels": 9,
     "scene": "S1A_IW_GRDH_1SDV_20240715T225841_20240715T225906_054778_06AB8D_6E9C_COG.SAFE"
    }
   }
  },
  {
   "type": "Feature",
   "geometry": {
    "type": "Point",
    "coordinates": [
     -76.15053556000949,
     37.92542986373607
    ]
   },
   "properties": {
    "kind": "unmatched",
    "domain": "sea",
    "t_start": "2024-07-15T22:58:41+00:00",
    "t_end": "2024-07-15T22:58:41+00:00",
    "duration_s": 0.0,
    "confidence": 0.529537037037037,
    "platform_ids": [],
    "evidence": {
     "sensor": "sentinel1-vv-cfar",
     "detector_confidence": 0.817,
     "detection_rate_this_pass": 0.648,
     "reports_considered": 54,
     "reports_with_a_fix": 54,
     "search_radius_m": 100.3,
     "snr": 16.34,
     "length_m_approx": 30.0,
     "pixels": 9,
     "scene": "S1A_IW_GRDH_1SDV_20240715T225841_20240715T225906_054778_06AB8D_6E9C_COG.SAFE"
    }
   }
  },
  {
   "type": "Feature",
   "geometry": {
    "type": "Point",
    "coordinates": [
     -75.72690675336116,
     37.94758922144408
    ]
   },
   "properties": {
    "kind": "unmatched",
    "domain": "sea",
    "t_start": "2024-07-15T22:58:41+00:00",
    "t_end": "2024-07-15T22:58:41+00:00",
    "duration_s": 0.0,
    "confidence": 0.6157407407407407,
    "platform_ids": [],
    "evidence": {
     "sensor": "sentinel1-vv-cfar",
     "detector_confidence": 0.95,
     "detection_rate_this_pass": 0.648,
     "reports_considered": 54,
     "reports_with_a_fix": 54,
     "search_radius_m": 167.5,
     "snr": 21.97,
     "length_m_approx": 70.0,
     "pixels": 49,
     "scene": "S1A_IW_GRDH_1SDV_20240715T225841_20240715T225906_054778_06AB8D_6E9C_COG.SAFE"
    }
   }
  },
  {
   "type": "Feature",
   "geometry": {
    "type": "Point",
    "coordinates": [
     -76.05536432042044,
     37.99945394039488
    ]
   },
   "properties": {
    "kind": "unmatched",
    "domain": "sea",
    "t_start": "2024-07-15T22:58:41+00:00",
    "t_end": "2024-07-15T22:58:41+00:00",
    "duration_s": 0.0,
    "confidence": 0.5405555555555556,
    "platform_ids": [],
    "evidence": {
     "sensor": "sentinel1-vv-cfar",
     "detector_confidence": 0.834,
     "detection_rate_this_pass": 0.648,
     "reports_considered": 54,
     "reports_with_a_fix": 54,
     "search_radius_m": 98.1,
     "snr": 16.68,
     "length_m_approx": 28.3,
     "pixels": 8,
     "scene": "S1A_IW_GRDH_1SDV_20240715T225841_20240715T225906_054778_06AB8D_6E9C_COG.SAFE"
    }
   }
  }
 ]
}