{
 "type": "FeatureCollection",
 "properties": {
  "scene": "S1A_IW_GRDH_1SDV_20240410T225841_20240410T225906_053378_067942_0D89_COG.SAFE",
  "acquired": "2024-04-10T22:58:41+00:00",
  "geolocation_rms_m": 3.1,
  "geolocation_holdout_m": 9.9,
  "geolocation_median_m": 10.0,
  "geolocation_p90_m": 10.8,
  "geolocation_worst_m": 49.4,
  "geolocation_uneven": true,
  "geolocation_convergence": 3.2,
  "geolocation_method": "geolocation grid (bilinear)",
  "geolocation_validation": "holdout at 2x spacing",
  "tiles": 117,
  "tiles_skipped": 0,
  "k_sigma": 6.0,
  "land_masked": true,
  "water_fraction": 0.847,
  "land_sea_contrast": 3.7,
  "coast_blind_m": 605.0,
  "searched_km2": 35632.9,
  "refused_km2": 0.0,
  "tiles_without_water": 3,
  "outside_aoi": 0,
  "aoi_sea": [
   -77.2,
   36.0,
   -71.0,
   39.6
  ],
  "footprint": [
   [
    -76.21961,
    36.42853
   ],
   [
    -75.98568,
    36.46447
   ],
   [
    -75.75151,
    36.49997
   ],
   [
    -75.51713,
    36.53503
   ],
   [
    -75.28252,
    36.56959
   ],
   [
    -75.04772,
    36.60371
   ],
   [
    -74.81271,
    36.63739
   ],
   [
    -74.57749,
    36.67057
   ],
   [
    -74.34207,
    36.7033
   ],
   [
    -74.10646,
    36.73558
   ],
   [
    -73.87064,
    36.76737
   ],
   [
    -73.63464,
    36.7987
   ],
   [
    -73.39845,
    36.82959
   ],
   [
    -73.424,
    36.95475
   ],
   [
    -73.44957,
    37.07992
   ],
   [
    -73.47516,
    37.20508
   ],
   [
    -73.50078,
    37.33023
   ],
   [
    -73.52643,
    37.45538
   ],
   [
    -73.5521,
    37.58053
   ],
   [
    -73.5778,
    37.70567
   ],
   [
    -73.60351,
    37.83081
   ],
   [
    -73.62923,
    37.95595
   ],
   [
    -73.65499,
    38.08108
   ],
   [
    -73.68077,
    38.20621
   ],
   [
    -73.70657,
    38.33134
   ],
   [
    -73.9476,
    38.30073
   ],
   [
    -74.18844,
    38.26964
   ],
   [
    -74.42908,
    38.23809
   ],
   [
    -74.6695,
    38.206
   ],
   [
    -74.90971,
    38.17344
   ],
   [
    -75.14971,
    38.14041
   ],
   [
    -75.38939,
    38.10687
   ],
   [
    -75.62892,
    38.07284
   ],
   [
    -75.86839,
    38.03833
   ],
   [
    -76.1075,
    38.00332
   ],
   [
    -76.34627,
    37.96785
   ],
   [
    -76.58448,
    37.93197
   ],
   [
    -76.55393,
    37.80669
   ],
   [
    -76.52344,
    37.68141
   ],
   [
    -76.49279,
    37.55615
   ],
   [
    -76.46228,
    37.43087
   ],
   [
    -76.43184,
    37.30559
   ],
   [
    -76.40139,
    37.18031
   ],
   [
    -76.37069,
    37.05507
   ],
   [
    -76.34016,
    36.9298
   ],
   [
    -76.31016,
    36.80446
   ],
   [
    -76.27994,
    36.67916
   ],
   [
    -76.24974,
    36.55385
   ]
  ],
  "searched_grid": {
   "cell_deg": 0.01,
   "lon0": -76.59,
   "lat0": 36.42,
   "levels": 10,
   "rows": {
    "4": [
     [
      57,
      1,
      2
     ],
     [
      58,
      7,
      10
     ]
    ],
    "5": [
     [
      56,
      1,
      1
     ],
     [
      57,
      1,
      6
     ],
     [
      58,
      7,
      10
     ],
     [
      65,
      1,
      8
     ],
     [
      66,
      1,
      4
     ],
     [
      67,
      1,
      5
     ],
     [
      68,
      1,
      4
     ]
    ],
    "6": [
     [
      56,
      1,
      4
     ],
     [
      57,
      2,
      10
     ],
     [
      59,
      1,
      8
     ],
     [
      60,
      1,
      1
     ],
     [
      62,
      1,
      3
     ],
     [
      63,
      1,
      6
     ],
     [
      64,
      1,
      4
     ],
     [
      74,
      1,
      7
     ],
     [
      75,
      3,
      10
     ]
    ],
    "7": [
     [
      56,
      1,
      7
     ],
     [
      57,
      2,
      10
     ],
     [
      59,
      1,
      3
     ],
     [
      69,
      1,
      5
     ],
     [
      74,
      1,
      8
     ],
     [
      75,
      9,
      10
     ]
    ],
    "8": [
     [
      55,
      1,
      2
     ],
     [
      56,
      1,
      9
     ],
     [
      57,
      2,
      10
     ],
     [
      59,
      1,
      7
     ],
     [
      69,
      1,
      8
     ],
     [
      70,
      1,
      2
     ],
     [
      74,
      17,
      10
     ]
    ],
    "9": [
     [
      57,
      1,
      7
     ],
     [
      58,
      1,
      10
     ],
     [
      59,
      1,
      9
     ],
     [
      60,
      1,
      2
     ],
     [
      73,
      1,
      3
     ],
     [
      74,
      24,
      10
     ]
    ],
    "10": [
     [
      57,
      1,
      10
     ],
     [
      58,
      1,
      6
     ],
     [
      73,
      1,
      6
     ],
     [
      74,
      30,
      10
     ]
    ],
    "11": [
     [
      56,
      1,
      2
     ],
     [
      57,
      1,
      9
     ],
     [
      73,
      1,
      8
     ],
     [
      74,
      37,
      10
     ]
    ],
    "12": [
     [
      56,
      1,
      3
     ],
     [
      73,
      1,
      8
     ],
     [
      74,
      44,
      10
     ]
    ],
    "13": [
     [
      56,
      1,
      3
     ],
     [
      73,
      1,
      9
     ],
     [
      74,
      51,
      10
     ]
    ],
    "14": [
     [
      55,
      1,
      1
     ],
     [
      64,
      2,
      1
     ],
     [
      67,
      1,
      2
     ],
     [
      68,
      1,
      1
     ],
     [
      73,
      58,
      10
     ]
    ],
    "15": [
     [
      64,
      1,
      3
     ],
     [
      65,
      2,
      8
     ],
     [
      67,
      2,
      7
     ],
     [
      72,
      1,
      4
     ],
     [
      73,
      65,
      10
     ]
    ],
    "16": [
     [
      61,
      1,
      6
     ],
     [
      62,
      1,
      10
     ],
     [
      63,
      1,
      9
     ],
     [
      64,
      1,
      10
     ],
     [
      65,
      1,
      9
     ],
     [
      67,
      1,
      4
     ],
     [
      68,
      1,
      8
     ],
     [
      72,
      1,
      6
     ],
     [
      73,
      72,
      10
     ]
    ],
    "17": [
     [
      61,
      1,
      7
     ],
     [
      62,
      3,
      10
     ],
     [
      65,
      1,
      9
     ],
     [
      67,
      1,
      2
     ],
     [
      68,
      1,
      5
     ],
     [
      72,
      1,
      9
     ],
     [
      73,
      79,
      10
     ]
    ],
    "18": [
     [
      61,
      1,
      9
     ],
     [
      62,
      3,
      10
     ],
     [
      65,
      1,
      9
     ],
     [
      66,
      1,
      4
     ],
     [
      67,
      1,
      3
     ],
     [
      68,
      1,
      1
     ],
     [
      72,
      87,
      10
     ]
    ],
    "19": [
     [
      61,
      1,
      9
     ],
     [
      62,
      2,
      10
     ],
     [
      64,
      1,
      5
     ],
     [
      65,
      1,
      2
     ],
     [
      67,
      1,
      1
     ],
     [
      71,
      1,
      7
     ],
     [
      72,
      94,
      10
     ]
    ],
    "20": [
     [
      60,
      1,
      1
     ],
     [
      61,
      2,
      10
     ],
     [
      63,
      1,
      6
     ],
     [
      71,
      1,
      9
     ],
     [
      72,
      101,
      10
     ]
    ],
    "21": [
     [
      61,
      1,
      5
     ],
     [
      62,
      1,
      10
     ],
     [
      63,
      1,
      3
     ],
     [
      70,
      1,
      5
     ],
     [
      71,
      109,
      10
     ]
    ],
    "22": [
     [
      62,
      1,
      4
     ],
     [
      63,
      1,
      2
     ],
     [
      65,
      2,
      1
     ],
     [
      70,
      1,
      7
     ],
     [
      71,
      116,
      10
     ]
    ],
    "23": [
     [
      69,
      1,
      3
     ],
     [
      70,
      124,
      10
     ]
    ],
    "24": [
     [
      69,
      1,
      9
     ],
     [
      70,
      131,
      10
     ]
    ],
    "25": [
     [
      68,
      1,
      2
     ],
     [
      69,
      139,
      10
     ]
    ],
    "26": [
     [
      64,
      1,
      3
     ],
     [
      67,
      1,
      1
     ],
     [
      68,
      1,
      9
     ],
     [
      69,
      146,
      10
     ]
    ],
    "27": [
     [
      64,
      1,
      3
     ],
     [
      67,
      1,
      4
     ],
     [
      68,
      155,
      10
     ]
    ],
    "28": [
     [
      64,
      1,
      1
     ],
     [
      67,
      146,
      10
     ],
     [
      213,
      1,
      6
     ],
     [
      214,
      1,
      5
     ],
     [
      215,
      1,
      8
     ],
     [
      216,
      14,
      10
     ]
    ],
    "29": [
     [
      66,
      1,
      2
     ],
     [
      67,
      146,
      10
     ],
     [
      213,
      1,
      3
     ],
     [
      215,
      1,
      4
     ],
     [
      216,
      21,
      10
     ]
    ],
    "30": [
     [
      66,
      1,
      5
     ],
     [
      67,
      177,
      10
     ]
    ],
    "31": [
     [
      66,
      186,
      10
     ]
    ],
    "32": [
     [
      65,
      1,
      3
     ],
     [
      66,
      193,
      10
     ]
    ],
    "33": [
     [
      65,
      1,
      8
     ],
     [
      66,
      201,
      10
     ]
    ],
    "34": [
     [
      64,
      1,
      1
     ],
     [
      65,
      209,
      10
     ]
    ],
    "35": [
     [
      64,
      1,
      3
     ],
     [
      65,
      217,
      10
     ]
    ],
    "36": [
     [
      64,
      225,
      10
     ]
    ],
    "37": [
     [
      63,
      1,
      2
     ],
     [
      64,
      233,
      10
     ]
    ],
    "38": [
     [
      63,
      1,
      4
     ],
     [
      64,
      156,
      10
     ],
     [
      220,
      1,
      9
     ],
     [
      221,
      84,
      10
     ]
    ],
    "39": [
     [
      63,
      1,
      7
     ],
     [
      64,
      155,
      10
     ],
     [
      219,
      1,
      3
     ],
     [
      221,
      1,
      1
     ],
     [
      222,
      90,
      10
     ]
    ],
    "40": [
     [
      63,
      1,
      9
     ],
     [
      64,
      155,
      10
     ],
     [
      219,
      1,
      4
     ],
     [
      220,
      1,
      3
     ],
     [
      221,
      1,
      5
     ],
     [
      222,
      92,
      10
     ],
     [
      314,
      1,
      4
     ]
    ],
    "41": [
     [
      62,
      1,
      1
     ],
     [
      63,
      251,
      10
     ],
     [
      314,
      1,
      3
     ]
    ],
    "42": [
     [
      62,
      1,
      3
     ],
     [
      63,
      251,
      10
     ]
    ],
    "43": [
     [
      62,
      1,
      7
     ],
     [
      63,
      250,
      10
     ],
     [
      313,
      1,
      9
     ]
    ],
    "44": [
     [
      62,
      1,
      9
     ],
     [
      63,
      250,
      10
     ],
     [
      313,
      1,
      7
     ]
    ],
    "45": [
     [
      61,
      1,
      1
     ],
     [
      62,
      251,
      10
     ],
     [
      313,
      1,
      4
     ]
    ],
    "46": [
     [
      61,
      1,
      3
     ],
     [
      62,
      47,
      10
     ],
     [
      109,
      1,
      2
     ],
     [
      110,
      1,
      4
     ],
     [
      111,
      202,
      10
     ],
     [
      313,
      1,
      3
     ]
    ],
    "47": [
     [
      61,
      1,
      7
     ],
     [
      62,
      47,
      10
     ],
     [
      110,
      1,
      3
     ],
     [
      111,
      112,
      10
     ],
     [
      223,
      1,
      6
     ],
     [
      224,
      1,
      7
     ],
     [
      226,
      1,
      7
     ],
     [
      227,
      86,
      10
     ]
    ],
    "48": [
     [
      60,
      1,
      1
     ],
     [
      61,
      1,
      8
     ],
     [
      62,
      46,
      10
     ],
     [
      108,
      1,
      9
     ],
     [
      109,
      1,
      8
     ],
     [
      110,
      1,
      7
     ],
     [
      111,
      111,
      10
     ],
     [
      222,
      1,
      9
     ],
     [
      225,
      1,
      1
     ],
     [
      226,
      1,
      9
     ],
     [
      227,
      85,
      10
     ],
     [
      312,
      1,
      9
     ]
    ],
    "49": [
     [
      48,
      1,
      1
     ],
     [
      49,
      1,
      2
     ],
     [
      51,
      1,
      2
     ],
     [
      60,
      1,
      4
     ],
     [
      61,
      161,
      10
     ],
     [
      222,
      1,
      8
     ],
     [
      226,
      1,
      7
     ],
     [
      227,
      85,
      10
     ],
     [
      312,
      1,
      6
     ]
    ],
    "50": [
     [
      47,
      1,
      7
     ],
     [
      48,
      4,
      10
     ],
     [
      52,
      1,
      7
     ],
     [
      53,
      1,
      1
     ],
     [
      60,
      1,
      8
     ],
     [
      61,
      162,
      10
     ],
     [
      223,
      1,
      3
     ],
     [
      224,
      1,
      5
     ],
     [
      225,
      1,
      7
     ],
     [
      226,
      86,
      10
     ],
     [
      312,
      1,
      4
     ]
    ],
    "51": [
     [
      40,
      1,
      2
     ],
     [
      41,
      1,
      1
     ],
     [
      42,
      1,
      4
     ],
     [
      43,
      1,
      8
     ],
     [
      44,
      1,
      9
     ],
     [
      45,
      1,
      10
     ],
     [
      46,
      1,
      8
     ],
     [
      47,
      6,
      10
     ],
     [
      53,
      1,
      9
     ],
     [
      54,
      1,
      5
     ],
     [
      55,
      2,
      3
     ],
     [
      57,
      1,
      1
     ],
     [
      58,
      1,
      4
     ],
     [
      59,
      1,
      9
     ],
     [
      60,
      162,
      10
     ],
     [
      222,
      1,
      7
     ],
     [
      223,
      1,
      2
     ],
     [
      224,
      1,
      7
     ],
     [
      225,
      87,
      10
     ],
     [
      312,
      1,
      2
     ]
    ],
    "52": [
     [
      36,
      1,
      1
     ],
     [
      37,
      1,
      4
     ],
     [
      38,
      1,
      8
     ],
     [
      39,
      183,
      10
     ],
     [
      222,
      1,
      7
     ],
     [
      223,
      1,
      2
     ],
     [
      224,
      1,
      7
     ],
     [
      225,
      1,
      9
     ],
     [
      226,
      86,
      10
     ]
    ],
    "53": [
     [
      35,
      1,
      5
     ],
     [
      36,
      1,
      9
     ],
     [
      37,
      186,
      10
     ],
     [
      223,
      1,
      7
     ],
     [
      225,
      1,
      2
     ],
     [
      226,
      85,
      10
     ],
     [
      311,
      1,
      8
     ]
    ],
    "54": [
     [
      24,
      2,
      2
     ],
     [
      27,
      1,
      1
     ],
     [
      33,
      1,
      3
     ],
     [
      34,
      1,
      9
     ],
     [
      35,
      189,
      10
     ],
     [
      226,
      85,
      10
     ],
     [
      311,
      1,
      7
     ]
    ],
    "55": [
     [
      24,
      1,
      5
     ],
     [
      25,
      2,
      10
     ],
     [
      27,
      1,
      4
     ],
     [
      29,
      1,
      1
     ],
     [
      30,
      1,
      3
     ],
     [
      31,
      1,
      6
     ],
     [
      32,
      1,
      8
     ],
     [
      33,
      191,
      10
     ],
     [
      224,
      1,
      9
     ],
     [
      225,
      1,
      8
     ],
     [
      226,
      85,
      10
     ],
     [
      311,
      1,
      4
     ]
    ],
    "56": [
     [
      24,
      1,
      5
     ],
     [
      25,
      2,
      10
     ],
     [
      27,
      1,
      5
     ],
     [
      29,
      1,
      3
     ],
     [
      30,
      281,
      10
     ],
     [
      311,
      1,
      2
     ]
    ],
    "57": [
     [
      25,
      1,
      10
     ],
     [
      26,
      1,
      1
     ],
     [
      27,
      2,
      3
     ],
     [
      29,
      1,
      5
     ],
     [
      30,
      4,
      10
     ],
     [
      34,
      1,
      7
     ],
     [
      35,
      1,
      6
     ],
     [
      36,
      1,
      9
     ],
     [
      37,
      274,
      10
     ]
    ],
    "58": [
     [
      25,
      1,
      3
     ],
     [
      29,
      1,
      1
     ],
     [
      30,
      4,
      10
     ],
     [
      34,
      1,
      4
     ],
     [
      36,
      1,
      9
     ],
     [
      37,
      273,
      10
     ],
     [
      310,
      1,
      8
     ]
    ],
    "59": [
     [
      30,
      1,
      8
     ],
     [
      31,
      3,
      10
     ],
     [
      35,
      1,
      1
     ],
     [
      36,
      274,
      10
     ],
     [
      310,
      1,
      6
     ]
    ],
    "60": [
     [
      30,
      1,
      6
     ],
     [
      31,
      4,
      10
     ],
     [
      35,
      1,
      8
     ],
     [
      36,
      274,
      10
     ],
     [
      310,
      1,
      3
     ]
    ],
    "61": [
     [
      30,
      1,
      1
     ],
     [
      31,
      279,
      10
     ],
     [
      310,
      1,
      2
     ]
    ],
    "62": [
     [
      31,
      1,
      8
     ],
     [
      32,
      20,
      10
     ],
     [
      53,
      1,
      2
     ],
     [
      54,
      256,
      10
     ]
    ],
    "63": [
     [
      31,
      1,
      2
     ],
     [
      32,
      20,
      10
     ],
     [
      52,
      1,
      7
     ],
     [
      53,
      1,
      6
     ],
     [
      54,
      255,
      10
     ],
     [
      309,
      1,
      7
     ]
    ],
    "64": [
     [
      31,
      1,
      2
     ],
     [
      32,
      1,
      9
     ],
     [
      33,
      276,
      10
     ],
     [
      309,
      1,
      6
     ]
    ],
    "65": [
     [
      32,
      1,
      5
     ],
     [
      33,
      28,
      10
     ],
     [
      61,
      1,
      8
     ],
     [
      62,
      1,
      5
     ],
     [
      63,
      1,
      7
     ],
     [
      64,
      1,
      8
     ],
     [
      65,
      244,
      10
     ],
     [
      309,
      1,
      4
     ]
    ],
    "66": [
     [
      32,
      1,
      3
     ],
     [
      33,
      26,
      10
     ],
     [
      59,
      1,
      2
     ],
     [
      65,
      1,
      4
     ],
     [
      66,
      243,
      10
     ],
     [
      309,
      1,
      1
     ]
    ],
    "67": [
     [
      28,
      1,
      1
     ],
     [
      32,
      1,
      4
     ],
     [
      33,
      26,
      10
     ],
     [
      59,
      1,
      4
     ],
     [
      60,
      1,
      1
     ],
     [
      66,
      1,
      8
     ],
     [
      67,
      1,
      9
     ],
     [
      68,
      241,
      10
     ]
    ],
    "68": [
     [
      28,
      1,
      3
     ],
     [
      31,
      1,
      3
     ],
     [
      32,
      28,
      10
     ],
     [
      60,
      1,
      1
     ],
     [
      65,
      1,
      1
     ],
     [
      67,
      1,
      2
     ],
     [
      68,
      1,
      6
     ],
     [
      69,
      1,
      9
     ],
     [
      70,
      238,
      10
     ],
     [
      308,
      1,
      7
     ]
    ],
    "69": [
     [
      30,
      1,
      8
     ],
     [
      31,
      29,
      10
     ],
     [
      60,
      1,
      9
     ],
     [
      61,
      1,
      2
     ],
     [
      64,
      1,
      3
     ],
     [
      65,
      1,
      2
     ],
     [
      70,
      1,
      8
     ],
     [
      71,
      237,
      10
     ],
     [
      308,
      1,
      6
     ]
    ],
    "70": [
     [
      30,
      1,
      6
     ],
     [
      31,
      30,
      10
     ],
     [
      66,
      1,
      2
     ],
     [
      71,
      1,
      6
     ],
     [
      72,
      236,
      10
     ],
     [
      308,
      1,
      3
     ]
    ],
    "71": [
     [
      29,
      1,
      3
     ],
     [
      30,
      30,
      10
     ],
     [
      60,
      1,
      8
     ],
     [
      67,
      1,
      9
     ],
     [
      72,
      1,
      5
     ],
     [
      73,
      235,
      10
     ]
    ],
    "72": [
     [
      26,
      1,
      1
     ],
     [
      27,
      1,
      3
     ],
     [
      28,
      1,
      7
     ],
     [
      29,
      31,
      10
     ],
     [
      60,
      1,
      7
     ],
     [
      65,
      1,
      2
     ],
     [
      66,
      1,
      6
     ],
     [
      67,
      1,
      7
     ],
     [
      68,
      1,
      1
     ],
     [
      73,
      1,
      7
     ],
     [
      74,
      233,
      10
     ],
     [
      307,
      1,
      9
     ]
    ],
    "73": [
     [
      25,
      1,
      1
     ],
     [
      26,
      1,
      8
     ],
     [
      27,
      32,
      10
     ],
     [
      59,
      1,
      8
     ],
     [
      60,
      1,
      2
     ],
     [
      65,
      1,
      4
     ],
     [
      66,
      1,
      10
     ],
     [
      74,
      1,
      6
     ],
     [
      75,
      232,
      10
     ],
     [
      307,
      1,
      7
     ]
    ],
    "74": [
     [
      19,
      2,
      1
     ],
     [
      25,
      1,
      1
     ],
     [
      26,
      32,
      10
     ],
     [
      58,
      1,
      6
     ],
     [
      66,
      1,
      10
     ],
     [
      67,
      1,
      1
     ],
     [
      75,
      1,
      4
     ],
     [
      76,
      1,
      9
     ],
     [
      77,
      230,
      10
     ],
     [
      307,
      1,
      4
     ]
    ],
    "75": [
     [
      20,
      1,
      2
     ],
     [
      21,
      1,
      9
     ],
     [
      22,
      1,
      7
     ],
     [
      23,
      1,
      6
     ],
     [
      24,
      1,
      4
     ],
     [
      25,
      1,
      7
     ],
     [
      26,
      20,
      10
     ],
     [
      46,
      1,
      3
     ],
     [
      47,
      1,
      2
     ],
     [
      48,
      1,
      6
     ],
     [
      49,
      1,
      9
     ],
     [
      50,
      8,
      10
     ],
     [
      58,
      1,
      6
     ],
     [
      65,
      1,
      2
     ],
     [
      66,
      1,
      10
     ],
     [
      67,
      1,
      2
     ],
     [
      76,
      1,
      5
     ],
     [
      77,
      230,
      10
     ],
     [
      307,
      1,
      3
     ]
    ],
    "76": [
     [
      20,
      1,
      3
     ],
     [
      21,
      25,
      10
     ],
     [
      46,
      1,
      6
     ],
     [
      47,
      1,
      1
     ],
     [
      49,
      1,
      7
     ],
     [
      50,
      7,
      10
     ],
     [
      57,
      1,
      8
     ],
     [
      58,
      1,
      2
     ],
     [
      66,
      1,
      7
     ],
     [
      67,
      1,
      2
     ],
     [
      77,
      1,
      4
     ],
     [
      78,
      229,
      10
     ]
    ],
    "77": [
     [
      20,
      1,
      5
     ],
     [
      21,
      26,
      10
     ],
     [
      47,
      1,
      2
     ],
     [
      49,
      1,
      2
     ],
     [
      50,
      1,
      7
     ],
     [
      51,
      6,
      10
     ],
     [
      57,
      1,
      3
     ],
     [
      66,
      1,
      3
     ],
     [
      67,
      1,
      5
     ],
     [
      78,
      1,
      8
     ],
     [
      79,
      227,
      10
     ],
     [
      306,
      1,
      9
     ]
    ],
    "78": [
     [
      20,
      1,
      6
     ],
     [
      21,
      21,
      10
     ],
     [
      42,
      2,
      8
     ],
     [
      44,
      2,
      10
     ],
     [
      46,
      1,
      7
     ],
     [
      50,
      1,
      2
     ],
     [
      51,
      1,
      8
     ],
     [
      52,
      5,
      10
     ],
     [
      67,
      1,
      1
     ],
     [
      78,
      1,
      3
     ],
     [
      79,
      227,
      10
     ],
     [
      306,
      1,
      6
     ]
    ],
    "79": [
     [
      20,
      1,
      4
     ],
     [
      21,
      21,
      10
     ],
     [
      43,
      1,
      5
     ],
     [
      44,
      2,
      10
     ],
     [
      46,
      1,
      9
     ],
     [
      47,
      1,
      6
     ],
     [
      48,
      1,
      8
     ],
     [
      49,
      1,
      4
     ],
     [
      51,
      1,
      7
     ],
     [
      52,
      4,
      10
     ],
     [
      56,
      1,
      8
     ],
     [
      71,
      1,
      5
     ],
     [
      72,
      1,
      6
     ],
     [
      73,
      1,
      9
     ],
     [
      79,
      1,
      5
     ],
     [
      80,
      226,
      10
     ],
     [
      306,
      1,
      4
     ]
    ],
    "80": [
     [
      21,
      1,
      7
     ],
     [
      22,
      20,
      10
     ],
     [
      42,
      1,
      6
     ],
     [
      44,
      1,
      4
     ],
     [
      45,
      1,
      9
     ],
     [
      46,
      1,
      4
     ],
     [
      47,
      1,
      7
     ],
     [
      48,
      2,
      10
     ],
     [
      50,
      1,
      9
     ],
     [
      51,
      5,
      10
     ],
     [
      56,
      1,
      9
     ],
     [
      71,
      1,
      2
     ],
     [
      72,
      1,
      10
     ],
     [
      73,
      1,
      8
     ],
     [
      80,
      1,
      8
     ],
     [
      81,
      225,
      10
     ],
     [
      306,
      1,
      3
     ]
    ],
    "81": [
     [
      18,
      2,
      9
     ],
     [
      20,
      1,
      7
     ],
     [
      21,
      21,
      10
     ],
     [
      42,
      1,
      9
     ],
     [
      43,
      1,
      2
     ],
     [
      45,
      1,
      5
     ],
     [
      46,
      1,
      1
     ],
     [
      47,
      1,
      4
     ],
     [
      48,
      8,
      10
     ],
     [
      56,
      1,
      7
     ],
     [
      72,
      2,
      8
     ],
     [
      79,
      1,
      1
     ],
     [
      80,
      1,
      9
     ],
     [
      81,
      225,
      10
     ]
    ],
    "82": [
     [
      17,
      1,
      1
     ],
     [
      18,
      25,
      10
     ],
     [
      43,
      1,
      5
     ],
     [
      44,
      1,
      2
     ],
     [
      45,
      1,
      10
     ],
     [
      48,
      8,
      10
     ],
     [
      67,
      1,
      1
     ],
     [
      72,
      1,
      2
     ],
     [
      73,
      1,
      9
     ],
     [
      74,
      1,
      5
     ],
     [
      75,
      1,
      2
     ],
     [
      80,
      225,
      10
     ],
     [
      305,
      1,
      8
     ]
    ],
    "83": [
     [
      17,
      1,
      2
     ],
     [
      18,
      1,
      7
     ],
     [
      19,
      1,
      4
     ],
     [
      20,
      1,
      7
     ],
     [
      21,
      1,
      9
     ],
     [
      22,
      24,
      10
     ],
     [
      46,
      1,
      9
     ],
     [
      47,
      1,
      4
     ],
     [
      48,
      1,
      6
     ],
     [
      49,
      6,
      10
     ],
     [
      55,
      1,
      8
     ],
     [
      67,
      1,
      3
     ],
     [
      68,
      1,
      2
     ],
     [
      73,
      1,
      1
     ],
     [
      74,
      1,
      6
     ],
     [
      75,
      2,
      10
     ],
     [
      77,
      1,
      3
     ],
     [
      80,
      1,
      8
     ],
     [
      81,
      224,
      10
     ],
     [
      305,
      1,
      7
     ]
    ],
    "84": [
     [
      22,
      1,
      3
     ],
     [
      23,
      1,
      4
     ],
     [
      24,
      23,
      10
     ],
     [
      47,
      2,
      1
     ],
     [
      49,
      1,
      8
     ],
     [
      50,
      5,
      10
     ],
     [
      55,
      1,
      6
     ],
     [
      67,
      1,
      2
     ],
     [
      74,
      1,
      1
     ],
     [
      75,
      1,
      2
     ],
     [
      76,
      1,
      5
     ],
     [
      77,
      1,
      6
     ],
     [
      80,
      1,
      4
     ],
     [
      81,
      224,
      10
     ],
     [
      305,
      1,
      4
     ]
    ],
    "85": [
     [
      23,
      1,
      3
     ],
     [
      24,
      23,
      10
     ],
     [
      47,
      1,
      3
     ],
     [
      49,
      6,
      10
     ],
     [
      55,
      1,
      9
     ],
     [
      56,
      1,
      1
     ],
     [
      77,
      1,
      7
     ],
     [
      80,
      1,
      6
     ],
     [
      81,
      1,
      7
     ],
     [
      82,
      1,
      8
     ],
     [
      83,
      222,
      10
     ],
     [
      305,
      1,
      2
     ]
    ],
    "86": [
     [
      22,
      1,
      7
     ],
     [
      23,
      33,
      10
     ],
     [
      56,
      1,
      6
     ],
     [
      76,
      1,
      2
     ],
     [
      77,
      1,
      9
     ],
     [
      78,
      2,
      2
     ],
     [
      82,
      1,
      4
     ],
     [
      83,
      222,
      10
     ]
    ],
    "87": [
     [
      21,
      1,
      6
     ],
     [
      22,
      34,
      10
     ],
     [
      56,
      1,
      5
     ],
     [
      73,
      1,
      4
     ],
     [
      74,
      2,
      7
     ],
     [
      76,
      1,
      9
     ],
     [
      77,
      2,
      10
     ],
     [
      79,
      1,
      3
     ],
     [
      82,
      1,
      7
     ],
     [
      83,
      221,
      10
     ],
     [
      304,
      1,
      8
     ]
    ],
    "88": [
     [
      20,
      1,
      2
     ],
     [
      21,
      1,
      8
     ],
     [
      22,
      8,
      10
     ],
     [
      30,
      1,
      6
     ],
     [
      31,
      1,
      3
     ],
     [
      32,
      1,
      9
     ],
     [
      33,
      23,
      10
     ],
     [
      73,
      1,
      2
     ],
     [
      74,
      1,
      9
     ],
     [
      75,
      4,
      10
     ],
     [
      79,
      1,
      2
     ],
     [
      82,
      1,
      1
     ],
     [
      83,
      1,
      9
     ],
     [
      84,
      220,
      10
     ],
     [
      304,
      1,
      7
     ]
    ],
    "89": [
     [
      18,
      1,
      1
     ],
     [
      19,
      1,
      3
     ],
     [
      20,
      1,
      5
     ],
     [
      21,
      7,
      10
     ],
     [
      28,
      1,
      9
     ],
     [
      29,
      1,
      3
     ],
     [
      30,
      1,
      1
     ],
     [
      32,
      1,
      3
     ],
     [
      33,
      23,
      10
     ],
     [
      56,
      1,
      1
     ],
     [
      74,
      1,
      4
     ],
     [
      75,
      1,
      8
     ],
     [
      76,
      4,
      10
     ],
     [
      80,
      1,
      4
     ],
     [
      83,
      1,
      6
     ],
     [
      84,
      220,
      10
     ],
     [
      304,
      1,
      3
     ]
    ],
    "90": [
     [
      18,
      1,
      1
     ],
     [
      19,
      1,
      8
     ],
     [
      20,
      7,
      10
     ],
     [
      27,
      1,
      4
     ],
     [
      32,
      1,
      2
     ],
     [
      33,
      23,
      10
     ],
     [
      56,
      1,
      4
     ],
     [
      69,
      2,
      3
     ],
     [
      75,
      1,
      1
     ],
     [
      76,
      1,
      9
     ],
     [
      77,
      2,
      6
     ],
     [
      79,
      1,
      4
     ],
     [
      80,
      1,
      1
     ],
     [
      84,
      1,
      8
     ],
     [
      85,
      219,
      10
     ],
     [
      304,
      1,
      2
     ]
    ],
    "91": [
     [
      19,
      1,
      6
     ],
     [
      20,
      6,
      10
     ],
     [
      26,
      1,
      8
     ],
     [
      32,
      1,
      2
     ],
     [
      33,
      23,
      10
     ],
     [
      56,
      1,
      8
     ],
     [
      70,
      1,
      2
     ],
     [
      76,
      1,
      5
     ],
     [
      84,
      1,
      5
     ],
     [
      85,
      1,
      6
     ],
     [
      86,
      1,
      9
     ],
     [
      87,
      217,
      10
     ]
    ],
    "92": [
     [
      17,
      1,
      1
     ],
     [
      18,
      1,
      3
     ],
     [
      19,
      6,
      10
     ],
     [
      25,
      1,
      5
     ],
     [
      32,
      1,
      3
     ],
     [
      33,
      24,
      10
     ],
     [
      57,
      1,
      5
     ],
     [
      70,
      1,
      4
     ],
     [
      73,
      1,
      2
     ],
     [
      74,
      1,
      7
     ],
     [
      75,
      1,
      5
     ],
     [
      76,
      1,
      8
     ],
     [
      77,
      1,
      10
     ],
     [
      78,
      1,
      6
     ],
     [
      81,
      1,
      3
     ],
     [
      82,
      1,
      1
     ],
     [
      84,
      1,
      1
     ],
     [
      86,
      1,
      2
     ],
     [
      87,
      1,
      6
     ],
     [
      88,
      215,
      10
     ],
     [
      303,
      1,
      8
     ]
    ],
    "93": [
     [
      16,
      1,
      1
     ],
     [
      17,
      7,
      10
     ],
     [
      24,
      1,
      8
     ],
     [
      32,
      1,
      1
     ],
     [
      33,
      1,
      4
     ],
     [
      34,
      1,
      9
     ],
     [
      35,
      23,
      10
     ],
     [
      58,
      1,
      4
     ],
     [
      74,
      1,
      5
     ],
     [
      75,
      4,
      10
     ],
     [
      79,
      1,
      1
     ],
     [
      81,
      2,
      2
     ],
     [
      85,
      1,
      3
     ],
     [
      87,
      1,
      4
     ],
     [
      88,
      215,
      10
     ],
     [
      303,
      1,
      7
     ]
    ],
    "94": [
     [
      15,
      1,
      5
     ],
     [
      16,
      1,
      3
     ],
     [
      18,
      1,
      1
     ],
     [
      19,
      2,
      10
     ],
     [
      21,
      1,
      9
     ],
     [
      22,
      1,
      4
     ],
     [
      23,
      2,
      2
     ],
     [
      34,
      1,
      4
     ],
     [
      35,
      23,
      10
     ],
     [
      58,
      1,
      6
     ],
     [
      74,
      1,
      6
     ],
     [
      75,
      4,
      10
     ],
     [
      79,
      1,
      4
     ],
     [
      83,
      2,
      7
     ],
     [
      85,
      1,
      10
     ],
     [
      87,
      1,
      1
     ],
     [
      88,
      215,
      10
     ],
     [
      303,
      1,
      7
     ]
    ],
    "95": [
     [
      15,
      1,
      1
     ],
     [
      18,
      1,
      3
     ],
     [
      19,
      1,
      8
     ],
     [
      20,
      1,
      6
     ],
     [
      35,
      1,
      8
     ],
     [
      36,
      22,
      10
     ],
     [
      58,
      1,
      8
     ],
     [
      72,
      1,
      1
     ],
     [
      73,
      1,
      3
     ],
     [
      74,
      2,
      8
     ],
     [
      76,
      2,
      10
     ],
     [
      78,
      1,
      4
     ],
     [
      79,
      1,
      1
     ],
     [
      81,
      1,
      3
     ],
     [
      82,
      1,
      8
     ],
     [
      83,
      2,
      10
     ],
     [
      85,
      1,
      5
     ],
     [
      88,
      1,
      2
     ],
     [
      89,
      1,
      9
     ],
     [
      90,
      213,
      10
     ],
     [
      303,
      1,
      6
     ]
    ],
    "96": [
     [
      18,
      1,
      6
     ],
     [
      19,
      1,
      2
     ],
     [
      35,
      24,
      10
     ],
     [
      59,
      1,
      5
     ],
     [
      73,
      1,
      1
     ],
     [
      74,
      1,
      2
     ],
     [
      75,
      1,
      1
     ],
     [
      77,
      1,
      6
     ],
     [
      78,
      1,
      1
     ],
     [
      81,
      1,
      7
     ],
     [
      82,
      3,
      10
     ],
     [
      89,
      1,
      8
     ],
     [
      90,
      213,
      10
     ],
     [
      303,
      1,
      3
     ]
    ],
    "97": [
     [
      18,
      1,
      2
     ],
     [
      34,
      1,
      2
     ],
     [
      35,
      24,
      10
     ],
     [
      59,
      1,
      3
     ],
     [
      60,
      1,
      2
     ],
     [
      80,
      1,
      3
     ],
     [
      81,
      1,
      9
     ],
     [
      82,
      3,
      10
     ],
     [
      85,
      1,
      3
     ],
     [
      89,
      1,
      1
     ],
     [
      90,
      1,
      9
     ],
     [
      91,
      212,
      10
     ],
     [
      303,
      1,
      1
     ]
    ],
    "98": [
     [
      35,
      24,
      10
     ],
     [
      80,
      1,
      4
     ],
     [
      81,
      6,
      10
     ],
     [
      87,
      1,
      3
     ],
     [
      90,
      1,
      1
     ],
     [
      91,
      212,
      10
     ]
    ],
    "99": [
     [
      34,
      1,
      3
     ],
     [
      35,
      24,
      10
     ],
     [
      59,
      1,
      7
     ],
     [
      79,
      1,
      4
     ],
     [
      80,
      1,
      9
     ],
     [
      81,
      4,
      10
     ],
     [
      85,
      1,
      2
     ],
     [
      86,
      1,
      6
     ],
     [
      87,
      1,
      9
     ],
     [
      88,
      1,
      2
     ],
     [
      91,
      1,
      6
     ],
     [
      92,
      210,
      10
     ],
     [
      302,
      1,
      7
     ]
    ],
    "100": [
     [
      34,
      1,
      4
     ],
     [
      35,
      20,
      10
     ],
     [
      55,
      1,
      6
     ],
     [
      56,
      1,
      4
     ],
     [
      57,
      1,
      9
     ],
     [
      58,
      1,
      10
     ],
     [
      59,
      1,
      9
     ],
     [
      78,
      1,
      8
     ],
     [
      79,
      5,
      10
     ],
     [
      84,
      1,
      9
     ],
     [
      87,
      1,
      7
     ],
     [
      88,
      1,
      1
     ],
     [
      92,
      1,
      8
     ],
     [
      93,
      209,
      10
     ],
     [
      302,
      1,
      4
     ]
    ],
    "101": [
     [
      34,
      1,
      4
     ],
     [
      35,
      20,
      10
     ],
     [
      55,
      1,
      2
     ],
     [
      57,
      3,
      10
     ],
     [
      60,
      1,
      1
     ],
     [
      78,
      1,
      3
     ],
     [
      79,
      5,
      10
     ],
     [
      84,
      1,
      8
     ],
     [
      87,
      1,
      1
     ],
     [
      92,
      1,
      1
     ],
     [
      93,
      1,
      9
     ],
     [
      94,
      208,
      10
     ],
     [
      302,
      1,
      4
     ]
    ],
    "102": [
     [
      34,
      1,
      5
     ],
     [
      35,
      21,
      10
     ],
     [
      56,
      1,
      8
     ],
     [
      57,
      3,
      10
     ],
     [
      60,
      1,
      3
     ],
     [
      79,
      5,
      10
     ],
     [
      84,
      1,
      9
     ],
     [
      85,
      1,
      2
     ],
     [
      93,
      1,
      4
     ],
     [
      94,
      208,
      10
     ]
    ],
    "103": [
     [
      33,
      1,
      2
     ],
     [
      34,
      1,
      6
     ],
     [
      35,
      25,
      10
     ],
     [
      60,
      1,
      9
     ],
     [
      61,
      1,
      1
     ],
     [
      78,
      1,
      4
     ],
     [
      79,
      1,
      9
     ],
     [
      80,
      5,
      10
     ],
     [
      85,
      1,
      9
     ],
     [
      86,
      1,
      2
     ],
     [
      93,
      1,
      3
     ],
     [
      94,
      208,
      10
     ]
    ],
    "104": [
     [
      32,
      1,
      3
     ],
     [
      33,
      28,
      10
     ],
     [
      61,
      1,
      7
     ],
     [
      79,
      1,
      3
     ],
     [
      80,
      1,
      8
     ],
     [
      81,
      3,
      10
     ],
     [
      84,
      1,
      9
     ],
     [
      85,
      1,
      7
     ],
     [
      86,
      1,
      2
     ],
     [
      93,
      1,
      5
     ],
     [
      94,
      207,
      10
     ],
     [
      301,
      1,
      6
     ]
    ],
    "105": [
     [
      33,
      1,
      7
     ],
     [
      34,
      28,
      10
     ],
     [
      80,
      1,
      2
     ],
     [
      81,
      1,
      9
     ],
     [
      82,
      2,
      10
     ],
     [
      92,
      1,
      1
     ],
     [
      93,
      208,
      10
     ],
     [
      301,
      1,
      5
     ]
    ],
    "106": [
     [
      33,
      28,
      10
     ],
     [
      61,
      1,
      8
     ],
     [
      81,
      1,
      1
     ],
     [
      82,
      1,
      8
     ],
     [
      83,
      1,
      6
     ],
     [
      93,
      1,
      5
     ],
     [
      94,
      207,
      10
     ],
     [
      301,
      1,
      3
     ]
    ],
    "107": [
     [
      26,
      1,
      1
     ],
     [
      32,
      1,
      6
     ],
     [
      33,
      29,
      10
     ],
     [
      62,
      1,
      1
     ],
     [
      94,
      1,
      7
     ],
     [
      95,
      206,
      10
     ]
    ],
    "108": [
     [
      26,
      1,
      5
     ],
     [
      27,
      1,
      7
     ],
     [
      31,
      1,
      1
     ],
     [
      32,
      1,
      9
     ],
     [
      33,
      29,
      10
     ],
     [
      62,
      1,
      2
     ],
     [
      94,
      1,
      1
     ],
     [
      95,
      1,
      9
     ],
     [
      96,
      204,
      10
     ],
     [
      300,
      1,
      9
     ]
    ],
    "109": [
     [
      23,
      1,
      1
     ],
     [
      24,
      1,
      9
     ],
     [
      25,
      1,
      7
     ],
     [
      26,
      2,
      10
     ],
     [
      28,
      1,
      2
     ],
     [
      31,
      1,
      6
     ],
     [
      32,
      30,
      10
     ],
     [
      62,
      1,
      8
     ],
     [
      85,
      1,
      3
     ],
     [
      95,
      1,
      3
     ],
     [
      96,
      1,
      9
     ],
     [
      97,
      203,
      10
     ],
     [
      300,
      1,
      7
     ]
    ],
    "110": [
     [
      23,
      1,
      3
     ],
     [
      24,
      1,
      8
     ],
     [
      27,
      1,
      9
     ],
     [
      28,
      2,
      10
     ],
     [
      30,
      1,
      8
     ],
     [
      31,
      32,
      10
     ],
     [
      63,
      1,
      1
     ],
     [
      85,
      1,
      6
     ],
     [
      86,
      1,
      10
     ],
     [
      96,
      1,
      6
     ],
     [
      97,
      203,
      10
     ],
     [
      300,
      1,
      4
     ]
    ],
    "111": [
     [
      27,
      1,
      9
     ],
     [
      28,
      35,
      10
     ],
     [
      63,
      1,
      8
     ],
     [
      86,
      1,
      5
     ],
     [
      92,
      2,
      1
     ],
     [
      97,
      1,
      7
     ],
     [
      98,
      202,
      10
     ],
     [
      300,
      1,
      3
     ]
    ],
    "112": [
     [
      29,
      1,
      6
     ],
     [
      30,
      34,
      10
     ],
     [
      64,
      1,
      3
     ],
     [
      91,
      1,
      2
     ],
     [
      92,
      1,
      9
     ],
     [
      97,
      1,
      1
     ],
     [
      98,
      1,
      8
     ],
     [
      99,
      201,
      10
     ]
    ],
    "113": [
     [
      30,
      1,
      8
     ],
     [
      31,
      32,
      10
     ],
     [
      63,
      1,
      7
     ],
     [
      91,
      2,
      6
     ],
     [
      98,
      1,
      2
     ],
     [
      99,
      200,
      10
     ],
     [
      299,
      1,
      9
     ]
    ],
    "114": [
     [
      28,
      2,
      1
     ],
     [
      30,
      33,
      10
     ],
     [
      63,
      1,
      9
     ],
     [
      99,
      1,
      5
     ],
     [
      100,
      199,
      10
     ],
     [
      299,
      1,
      7
     ]
    ],
    "115": [
     [
      25,
      1,
      4
     ],
     [
      26,
      1,
      5
     ],
     [
      27,
      1,
      8
     ],
     [
      28,
      7,
      10
     ],
     [
      35,
      1,
      8
     ],
     [
      36,
      1,
      6
     ],
     [
      37,
      1,
      4
     ],
     [
      38,
      1,
      9
     ],
     [
      39,
      25,
      10
     ],
     [
      64,
      1,
      4
     ],
     [
      99,
      1,
      6
     ],
     [
      100,
      199,
      10
     ],
     [
      299,
      1,
      4
     ]
    ],
    "116": [
     [
      24,
      1,
      6
     ],
     [
      25,
      8,
      10
     ],
     [
      33,
      1,
      9
     ],
     [
      34,
      1,
      3
     ],
     [
      38,
      1,
      7
     ],
     [
      39,
      25,
      10
     ],
     [
      64,
      1,
      9
     ],
     [
      90,
      1,
      5
     ],
     [
      91,
      1,
      2
     ],
     [
      99,
      1,
      3
     ],
     [
      100,
      199,
      10
     ],
     [
      299,
      1,
      3
     ]
    ],
    "117": [
     [
      18,
      1,
      4
     ],
     [
      19,
      2,
      8
     ],
     [
      21,
      1,
      2
     ],
     [
      25,
      1,
      8
     ],
     [
      26,
      7,
      10
     ],
     [
      33,
      1,
      7
     ],
     [
      35,
      1,
      3
     ],
     [
      36,
      1,
      6
     ],
     [
      37,
      1,
      9
     ],
     [
      38,
      26,
      10
     ],
     [
      64,
      1,
      9
     ],
     [
      65,
      1,
      7
     ],
     [
      98,
      1,
      9
     ],
     [
      99,
      200,
      10
     ]
    ],
    "118": [
     [
      18,
      1,
      1
     ],
     [
      19,
      1,
      4
     ],
     [
      20,
      1,
      10
     ],
     [
      21,
      1,
      4
     ],
     [
      24,
      1,
      2
     ],
     [
      25,
      4,
      10
     ],
     [
      29,
      1,
      5
     ],
     [
      30,
      1,
      6
     ],
     [
      31,
      1,
      8
     ],
     [
      32,
      34,
      10
     ],
     [
      95,
      1,
      2
     ],
     [
      98,
      1,
      6
     ],
     [
      99,
      199,
      10
     ],
     [
      298,
      1,
      9
     ]
    ],
    "119": [
     [
      12,
      1,
      2
     ],
     [
      20,
      1,
      2
     ],
     [
      25,
      1,
      4
     ],
     [
      26,
      1,
      3
     ],
     [
      27,
      1,
      2
     ],
     [
      28,
      1,
      1
     ],
     [
      31,
      1,
      3
     ],
     [
      32,
      34,
      10
     ],
     [
      66,
      1,
      5
     ],
     [
      69,
      1,
      3
     ],
     [
      95,
      1,
      8
     ],
     [
      98,
      1,
      3
     ],
     [
      99,
      199,
      10
     ],
     [
      298,
      1,
      6
     ]
    ],
    "120": [
     [
      13,
      1,
      4
     ],
     [
      14,
      1,
      6
     ],
     [
      15,
      1,
      3
     ],
     [
      31,
      1,
      4
     ],
     [
      32,
      35,
      10
     ],
     [
      67,
      1,
      2
     ],
     [
      69,
      1,
      2
     ],
     [
      93,
      1,
      1
     ],
     [
      94,
      1,
      4
     ],
     [
      95,
      1,
      1
     ],
     [
      99,
      1,
      7
     ],
     [
      100,
      198,
      10
     ],
     [
      298,
      1,
      4
     ]
    ],
    "121": [
     [
      14,
      2,
      3
     ],
     [
      26,
      1,
      1
     ],
     [
      30,
      1,
      1
     ],
     [
      31,
      37,
      10
     ],
     [
      68,
      1,
      9
     ],
     [
      94,
      1,
      5
     ],
     [
      99,
      1,
      1
     ],
     [
      100,
      198,
      10
     ],
     [
      298,
      1,
      1
     ]
    ],
    "122": [
     [
      26,
      1,
      2
     ],
     [
      27,
      1,
      3
     ],
     [
      28,
      1,
      4
     ],
     [
      29,
      1,
      6
     ],
     [
      30,
      1,
      9
     ],
     [
      31,
      37,
      10
     ],
     [
      68,
      1,
      9
     ],
     [
      100,
      1,
      9
     ],
     [
      101,
      197,
      10
     ]
    ],
    "123": [
     [
      26,
      1,
      7
     ],
     [
      27,
      42,
      10
     ],
     [
      69,
      1,
      4
     ],
     [
      100,
      1,
      6
     ],
     [
      101,
      196,
      10
     ],
     [
      297,
      1,
      8
     ]
    ],
    "124": [
     [
      26,
      1,
      2
     ],
     [
      27,
      1,
      8
     ],
     [
      28,
      42,
      10
     ],
     [
      70,
      1,
      6
     ],
     [
      100,
      1,
      5
     ],
     [
      101,
      196,
      10
     ],
     [
      297,
      1,
      6
     ]
    ],
    "125": [
     [
      27,
      1,
      4
     ],
     [
      28,
      1,
      8
     ],
     [
      29,
      42,
      10
     ],
     [
      71,
      1,
      6
     ],
     [
      72,
      1,
      1
     ],
     [
      100,
      1,
      1
     ],
     [
      101,
      1,
      8
     ],
     [
      102,
      195,
      10
     ],
     [
      297,
      1,
      4
     ]
    ],
    "126": [
     [
      29,
      1,
      5
     ],
     [
      30,
      41,
      10
     ],
     [
      102,
      195,
      10
     ],
     [
      297,
      1,
      1
     ]
    ],
    "127": [
     [
      29,
      1,
      2
     ],
     [
      30,
      17,
      10
     ],
     [
      47,
      1,
      4
     ],
     [
      48,
      1,
      6
     ],
     [
      49,
      23,
      10
     ],
     [
      72,
      1,
      3
     ],
     [
      102,
      1,
      9
     ],
     [
      103,
      194,
      10
     ]
    ],
    "128": [
     [
      29,
      1,
      6
     ],
     [
      30,
      17,
      10
     ],
     [
      47,
      1,
      1
     ],
     [
      48,
      1,
      3
     ],
     [
      49,
      23,
      10
     ],
     [
      72,
      1,
      5
     ],
     [
      73,
      1,
      1
     ],
     [
      102,
      1,
      6
     ],
     [
      103,
      193,
      10
     ],
     [
      296,
      1,
      7
     ]
    ],
    "129": [
     [
      28,
      1,
      2
     ],
     [
      29,
      18,
      10
     ],
     [
      47,
      2,
      8
     ],
     [
      49,
      25,
      10
     ],
     [
      74,
      1,
      6
     ],
     [
      75,
      1,
      1
     ],
     [
      99,
      2,
      1
     ],
     [
      102,
      1,
      1
     ],
     [
      103,
      193,
      10
     ],
     [
      296,
      1,
      5
     ]
    ],
    "130": [
     [
      28,
      1,
      4
     ],
     [
      29,
      46,
      10
     ],
     [
      75,
      1,
      2
     ],
     [
      103,
      1,
      6
     ],
     [
      104,
      192,
      10
     ],
     [
      296,
      1,
      3
     ]
    ],
    "131": [
     [
      28,
      1,
      2
     ],
     [
      29,
      46,
      10
     ],
     [
      75,
      1,
      1
     ],
     [
      103,
      1,
      1
     ],
     [
      104,
      192,
      10
     ],
     [
      296,
      1,
      1
     ]
    ],
    "132": [
     [
      28,
      1,
      1
     ],
     [
      29,
      46,
      10
     ],
     [
      75,
      1,
      9
     ],
     [
      76,
      1,
      1
     ],
     [
      104,
      1,
      2
     ],
     [
      105,
      191,
      10
     ]
    ],
    "133": [
     [
      28,
      1,
      2
     ],
     [
      29,
      49,
      10
     ],
     [
      78,
      1,
      2
     ],
     [
      105,
      1,
      6
     ],
     [
      106,
      189,
      10
     ],
     [
      295,
      1,
      7
     ]
    ],
    "134": [
     [
      29,
      1,
      8
     ],
     [
      30,
      48,
      10
     ],
     [
      78,
      1,
      1
     ],
     [
      105,
      1,
      2
     ],
     [
      106,
      189,
      10
     ],
     [
      295,
      1,
      5
     ]
    ],
    "135": [
     [
      31,
      1,
      8
     ],
     [
      32,
      45,
      10
     ],
     [
      77,
      1,
      3
     ],
     [
      78,
      1,
      1
     ],
     [
      106,
      1,
      5
     ],
     [
      107,
      188,
      10
     ],
     [
      295,
      1,
      4
     ]
    ],
    "136": [
     [
      31,
      1,
      7
     ],
     [
      32,
      30,
      10
     ],
     [
      62,
      1,
      3
     ],
     [
      63,
      1,
      5
     ],
     [
      64,
      12,
      10
     ],
     [
      76,
      1,
      7
     ],
     [
      107,
      1,
      9
     ],
     [
      108,
      187,
      10
     ]
    ],
    "137": [
     [
      29,
      1,
      8
     ],
     [
      30,
      31,
      10
     ],
     [
      61,
      1,
      9
     ],
     [
      63,
      1,
      3
     ],
     [
      64,
      13,
      10
     ],
     [
      77,
      1,
      5
     ],
     [
      84,
      1,
      1
     ],
     [
      107,
      1,
      1
     ],
     [
      108,
      1,
      9
     ],
     [
      109,
      186,
      10
     ]
    ],
    "138": [
     [
      29,
      1,
      10
     ],
     [
      30,
      1,
      4
     ],
     [
      31,
      1,
      5
     ],
     [
      32,
      1,
      7
     ],
     [
      33,
      26,
      10
     ],
     [
      59,
      1,
      5
     ],
     [
      60,
      1,
      8
     ],
     [
      61,
      17,
      10
     ],
     [
      78,
      1,
      4
     ],
     [
      82,
      1,
      1
     ],
     [
      83,
      1,
      10
     ],
     [
      108,
      1,
      2
     ],
     [
      109,
      1,
      9
     ],
     [
      110,
      184,
      10
     ],
     [
      294,
      1,
      6
     ]
    ],
    "139": [
     [
      29,
      1,
      1
     ],
     [
      33,
      1,
      5
     ],
     [
      34,
      24,
      10
     ],
     [
      58,
      1,
      3
     ],
     [
      61,
      1,
      8
     ],
     [
      62,
      18,
      10
     ],
     [
      80,
      1,
      9
     ],
     [
      81,
      1,
      8
     ],
     [
      82,
      1,
      10
     ],
     [
      83,
      1,
      9
     ],
     [
      85,
      1,
      1
     ],
     [
      109,
      1,
      4
     ],
     [
      110,
      1,
      9
     ],
     [
      111,
      183,
      10
     ],
     [
      294,
      1,
      6
     ]
    ],
    "140": [
     [
      34,
      1,
      6
     ],
     [
      35,
      23,
      10
     ],
     [
      62,
      1,
      6
     ],
     [
      63,
      20,
      10
     ],
     [
      83,
      1,
      8
     ],
     [
      84,
      2,
      4
     ],
     [
      86,
      1,
      1
     ],
     [
      110,
      1,
      3
     ],
     [
      111,
      1,
      9
     ],
     [
      112,
      182,
      10
     ],
     [
      294,
      1,
      3
     ]
    ],
    "141": [
     [
      35,
      23,
      10
     ],
     [
      58,
      1,
      1
     ],
     [
      61,
      1,
      1
     ],
     [
      62,
      1,
      7
     ],
     [
      63,
      23,
      10
     ],
     [
      86,
      1,
      8
     ],
     [
      111,
      1,
      1
     ],
     [
      112,
      1,
      9
     ],
     [
      113,
      181,
      10
     ]
    ],
    "142": [
     [
      34,
      1,
      1
     ],
     [
      35,
      1,
      9
     ],
     [
      36,
      22,
      10
     ],
     [
      58,
      1,
      2
     ],
     [
      60,
      1,
      2
     ],
     [
      61,
      1,
      9
     ],
     [
      62,
      25,
      10
     ],
     [
      87,
      1,
      2
     ],
     [
      112,
      1,
      1
     ],
     [
      113,
      1,
      9
     ],
     [
      114,
      5,
      10
     ],
     [
      119,
      1,
      1
     ],
     [
      120,
      1,
      2
     ],
     [
      121,
      1,
      5
     ],
     [
      122,
      1,
      9
     ],
     [
      123,
      170,
      10
     ],
     [
      293,
      1,
      9
     ]
    ],
    "143": [
     [
      35,
      1,
      6
     ],
     [
      36,
      22,
      10
     ],
     [
      58,
      1,
      1
     ],
     [
      60,
      1,
      8
     ],
     [
      61,
      26,
      10
     ],
     [
      87,
      1,
      8
     ],
     [
      88,
      1,
      4
     ],
     [
      114,
      1,
      5
     ],
     [
      115,
      1,
      9
     ],
     [
      116,
      2,
      10
     ],
     [
      118,
      1,
      7
     ],
     [
      123,
      1,
      9
     ],
     [
      124,
      169,
      10
     ],
     [
      293,
      1,
      7
     ]
    ],
    "144": [
     [
      35,
      1,
      5
     ],
     [
      36,
      4,
      10
     ],
     [
      40,
      2,
      1
     ],
     [
      42,
      1,
      9
     ],
     [
      43,
      14,
      10
     ],
     [
      57,
      1,
      4
     ],
     [
      60,
      1,
      9
     ],
     [
      61,
      28,
      10
     ],
     [
      115,
      1,
      1
     ],
     [
      116,
      1,
      3
     ],
     [
      117,
      1,
      8
     ],
     [
      118,
      1,
      9
     ],
     [
      123,
      1,
      7
     ],
     [
      124,
      169,
      10
     ],
     [
      293,
      1,
      4
     ]
    ],
    "145": [
     [
      36,
      4,
      10
     ],
     [
      40,
      1,
      5
     ],
     [
      41,
      1,
      1
     ],
     [
      42,
      1,
      2
     ],
     [
      43,
      14,
      10
     ],
     [
      57,
      1,
      6
     ],
     [
      58,
      1,
      3
     ],
     [
      59,
      1,
      6
     ],
     [
      60,
      29,
      10
     ],
     [
      89,
      1,
      3
     ],
     [
      117,
      1,
      4
     ],
     [
      118,
      1,
      8
     ],
     [
      121,
      1,
      1
     ],
     [
      122,
      3,
      8
     ],
     [
      125,
      1,
      9
     ],
     [
      126,
      167,
      10
     ],
     [
      293,
      1,
      3
     ]
    ],
    "146": [
     [
      36,
      1,
      8
     ],
     [
      37,
      4,
      10
     ],
     [
      41,
      1,
      1
     ],
     [
      42,
      1,
      4
     ],
     [
      43,
      25,
      10
     ],
     [
      68,
      1,
      6
     ],
     [
      69,
      1,
      8
     ],
     [
      70,
      18,
      10
     ],
     [
      88,
      1,
      7
     ],
     [
      117,
      1,
      3
     ],
     [
      118,
      2,
      10
     ],
     [
      120,
      1,
      6
     ],
     [
      121,
      1,
      4
     ],
     [
      122,
      1,
      2
     ],
     [
      123,
      1,
      1
     ],
     [
      125,
      1,
      5
     ],
     [
      126,
      167,
      10
     ]
    ],
    "147": [
     [
      35,
      1,
      3
     ],
     [
      36,
      5,
      10
     ],
     [
      41,
      2,
      9
     ],
     [
      43,
      24,
      10
     ],
     [
      67,
      1,
      9
     ],
     [
      69,
      1,
      3
     ],
     [
      70,
      12,
      10
     ],
     [
      82,
      1,
      6
     ],
     [
      86,
      1,
      1
     ],
     [
      87,
      1,
      2
     ],
     [
      117,
      1,
      1
     ],
     [
      119,
      1,
      1
     ],
     [
      126,
      1,
      7
     ],
     [
      127,
      165,
      10
     ],
     [
      292,
      1,
      9
     ]
    ],
    "148": [
     [
      34,
      1,
      7
     ],
     [
      35,
      33,
      10
     ],
     [
      70,
      1,
      4
     ],
     [
      71,
      1,
      6
     ],
     [
      72,
      10,
      10
     ],
     [
      82,
      1,
      8
     ],
     [
      83,
      1,
      2
     ],
     [
      126,
      1,
      1
     ],
     [
      127,
      1,
      8
     ],
     [
      128,
      164,
      10
     ],
     [
      292,
      1,
      6
     ]
    ],
    "149": [
     [
      32,
      1,
      1
     ],
     [
      33,
      1,
      7
     ],
     [
      34,
      21,
      10
     ],
     [
      55,
      1,
      7
     ],
     [
      56,
      1,
      3
     ],
     [
      57,
      1,
      9
     ],
     [
      58,
      11,
      10
     ],
     [
      69,
      1,
      1
     ],
     [
      73,
      1,
      4
     ],
     [
      74,
      1,
      8
     ],
     [
      75,
      8,
      10
     ],
     [
      83,
      1,
      7
     ],
     [
      84,
      1,
      1
     ],
     [
      127,
      1,
      4
     ],
     [
      128,
      164,
      10
     ],
     [
      292,
      1,
      4
     ]
    ],
    "150": [
     [
      30,
      1,
      2
     ],
     [
      31,
      1,
      6
     ],
     [
      32,
      23,
      10
     ],
     [
      55,
      1,
      3
     ],
     [
      58,
      1,
      7
     ],
     [
      59,
      9,
      10
     ],
     [
      68,
      1,
      7
     ],
     [
      75,
      1,
      1
     ],
     [
      76,
      1,
      7
     ],
     [
      77,
      7,
      10
     ],
     [
      84,
      1,
      8
     ],
     [
      128,
      1,
      7
     ],
     [
      129,
      163,
      10
     ],
     [
      292,
      1,
      3
     ]
    ],
    "151": [
     [
      28,
      1,
      3
     ],
     [
      29,
      1,
      6
     ],
     [
      30,
      25,
      10
     ],
     [
      55,
      1,
      2
     ],
     [
      58,
      1,
      8
     ],
     [
      59,
      1,
      9
     ],
     [
      60,
      8,
      10
     ],
     [
      68,
      1,
      9
     ],
     [
      77,
      1,
      4
     ],
     [
      78,
      7,
      10
     ],
     [
      85,
      1,
      8
     ],
     [
      88,
      2,
      1
     ],
     [
      128,
      1,
      1
     ],
     [
      129,
      163,
      10
     ]
    ],
    "152": [
     [
      26,
      1,
      3
     ],
     [
      27,
      1,
      7
     ],
     [
      28,
      25,
      10
     ],
     [
      53,
      1,
      8
     ],
     [
      54,
      1,
      1
     ],
     [
      60,
      1,
      9
     ],
     [
      61,
      8,
      10
     ],
     [
      69,
      1,
      2
     ],
     [
      77,
      1,
      1
     ],
     [
      78,
      1,
      9
     ],
     [
      79,
      7,
      10
     ],
     [
      86,
      1,
      9
     ],
     [
      87,
      1,
      8
     ],
     [
      88,
      1,
      7
     ],
     [
      89,
      1,
      9
     ],
     [
      90,
      1,
      5
     ],
     [
      91,
      1,
      4
     ],
     [
      92,
      1,
      3
     ],
     [
      93,
      1,
      4
     ],
     [
      117,
      1,
      3
     ],
     [
      120,
      1,
      1
     ],
     [
      129,
      1,
      4
     ],
     [
      130,
      161,
      10
     ],
     [
      291,
      1,
      8
     ]
    ],
    "153": [
     [
      23,
      1,
      2
     ],
     [
      24,
      1,
      4
     ],
     [
      25,
      1,
      9
     ],
     [
      26,
      27,
      10
     ],
     [
      53,
      1,
      5
     ],
     [
      60,
      1,
      1
     ],
     [
      61,
      8,
      10
     ],
     [
      69,
      1,
      4
     ],
     [
      70,
      1,
      2
     ],
     [
      80,
      1,
      8
     ],
     [
      81,
      3,
      10
     ],
     [
      84,
      1,
      8
     ],
     [
      85,
      1,
      6
     ],
     [
      86,
      1,
      9
     ],
     [
      87,
      2,
      10
     ],
     [
      89,
      1,
      9
     ],
     [
      90,
      1,
      10
     ],
     [
      91,
      1,
      5
     ],
     [
      116,
      1,
      4
     ],
     [
      117,
      1,
      9
     ],
     [
      118,
      1,
      7
     ],
     [
      119,
      1,
      9
     ],
     [
      120,
      1,
      10
     ],
     [
      121,
      1,
      7
     ],
     [
      122,
      1,
      5
     ],
     [
      130,
      1,
      6
     ],
     [
      131,
      160,
      10
     ],
     [
      291,
      1,
      6
     ]
    ],
    "154": [
     [
      20,
      1,
      5
     ],
     [
      21,
      32,
      10
     ],
     [
      53,
      1,
      6
     ],
     [
      60,
      1,
      4
     ],
     [
      61,
      7,
      10
     ],
     [
      68,
      1,
      9
     ],
     [
      69,
      1,
      4
     ],
     [
      70,
      1,
      1
     ],
     [
      81,
      1,
      4
     ],
     [
      82,
      1,
      3
     ],
     [
      83,
      1,
      2
     ],
     [
      84,
      1,
      1
     ],
     [
      87,
      1,
      3
     ],
     [
      88,
      1,
      2
     ],
     [
      116,
      1,
      2
     ],
     [
      117,
      6,
      10
     ],
     [
      123,
      1,
      8
     ],
     [
      124,
      1,
      1
     ],
     [
      131,
      1,
      9
     ],
     [
      132,
      159,
      10
     ],
     [
      291,
      1,
      4
     ]
    ],
    "155": [
     [
      27,
      26,
      10
     ],
     [
      53,
      1,
      3
     ],
     [
      60,
      1,
      3
     ],
     [
      61,
      7,
      10
     ],
     [
      68,
      1,
      7
     ],
     [
      116,
      1,
      2
     ],
     [
      117,
      1,
      7
     ],
     [
      118,
      6,
      10
     ],
     [
      124,
      1,
      9
     ],
     [
      125,
      1,
      2
     ],
     [
      131,
      1,
      1
     ],
     [
      132,
      1,
      9
     ],
     [
      133,
      158,
      10
     ],
     [
      291,
      1,
      1
     ]
    ],
    "156": [
     [
      34,
      19,
      10
     ],
     [
      53,
      1,
      1
     ],
     [
      61,
      1,
      3
     ],
     [
      62,
      6,
      10
     ],
     [
      68,
      1,
      8
     ],
     [
      119,
      6,
      10
     ],
     [
      125,
      1,
      4
     ],
     [
      126,
      1,
      3
     ],
     [
      132,
      1,
      2
     ],
     [
      133,
      158,
      10
     ]
    ],
    "157": [
     [
      40,
      13,
      10
     ],
     [
      53,
      1,
      3
     ],
     [
      61,
      1,
      4
     ],
     [
      62,
      7,
      10
     ],
     [
      69,
      1,
      5
     ],
     [
      119,
      1,
      3
     ],
     [
      120,
      1,
      8
     ],
     [
      121,
      6,
      10
     ],
     [
      127,
      1,
      5
     ],
     [
      133,
      1,
      5
     ],
     [
      134,
      156,
      10
     ],
     [
      290,
      1,
      8
     ]
    ],
    "158": [
     [
      47,
      6,
      10
     ],
     [
      53,
      1,
      3
     ],
     [
      55,
      1,
      2
     ],
     [
      61,
      1,
      4
     ],
     [
      62,
      8,
      10
     ],
     [
      70,
      1,
      1
     ],
     [
      121,
      1,
      1
     ],
     [
      122,
      6,
      10
     ],
     [
      128,
      1,
      8
     ],
     [
      129,
      1,
      4
     ],
     [
      134,
      1,
      9
     ],
     [
      135,
      155,
      10
     ],
     [
      290,
      1,
      7
     ]
    ],
    "159": [
     [
      55,
      1,
      5
     ],
     [
      61,
      1,
      7
     ],
     [
      62,
      8,
      10
     ],
     [
      70,
      1,
      8
     ],
     [
      122,
      8,
      10
     ],
     [
      134,
      1,
      1
     ],
     [
      135,
      1,
      9
     ],
     [
      136,
      154,
      10
     ],
     [
      290,
      1,
      3
     ]
    ],
    "160": [
     [
      61,
      10,
      10
     ],
     [
      123,
      1,
      2
     ],
     [
      124,
      6,
      10
     ],
     [
      130,
      1,
      8
     ],
     [
      131,
      1,
      1
     ],
     [
      135,
      1,
      1
     ],
     [
      136,
      154,
      10
     ],
     [
      290,
      1,
      1
     ]
    ],
    "161": [
     [
      68,
      3,
      10
     ],
     [
      75,
      1,
      1
     ],
     [
      126,
      1,
      3
     ],
     [
      127,
      5,
      10
     ],
     [
      132,
      1,
      2
     ],
     [
      136,
      1,
      7
     ],
     [
      137,
      153,
      10
     ]
    ],
    "162": [
     [
      75,
      1,
      3
     ],
     [
      126,
      1,
      2
     ],
     [
      127,
      1,
      7
     ],
     [
      128,
      3,
      10
     ],
     [
      131,
      1,
      8
     ],
     [
      132,
      1,
      2
     ],
     [
      137,
      1,
      7
     ],
     [
      138,
      151,
      10
     ],
     [
      289,
      1,
      7
     ]
    ],
    "163": [
     [
      124,
      2,
      1
     ],
     [
      127,
      1,
      1
     ],
     [
      128,
      1,
      8
     ],
     [
      129,
      2,
      10
     ],
     [
      131,
      1,
      6
     ],
     [
      137,
      1,
      1
     ],
     [
      138,
      151,
      10
     ],
     [
      289,
      1,
      5
     ]
    ],
    "164": [
     [
      124,
      1,
      4
     ],
     [
      125,
      2,
      1
     ],
     [
      127,
      1,
      3
     ],
     [
      128,
      4,
      10
     ],
     [
      132,
      1,
      7
     ],
     [
      133,
      1,
      1
     ],
     [
      138,
      1,
      4
     ],
     [
      139,
      150,
      10
     ],
     [
      289,
      1,
      3
     ]
    ],
    "165": [
     [
      126,
      1,
      3
     ],
     [
      127,
      1,
      5
     ],
     [
      128,
      1,
      9
     ],
     [
      129,
      4,
      10
     ],
     [
      133,
      1,
      5
     ],
     [
      134,
      1,
      1
     ],
     [
      135,
      1,
      3
     ],
     [
      136,
      1,
      1
     ],
     [
      139,
      1,
      7
     ],
     [
      140,
      149,
      10
     ],
     [
      289,
      1,
      1
     ]
    ],
    "166": [
     [
      126,
      1,
      2
     ],
     [
      128,
      1,
      5
     ],
     [
      129,
      6,
      10
     ],
     [
      135,
      1,
      7
     ],
     [
      139,
      1,
      1
     ],
     [
      140,
      149,
      10
     ]
    ],
    "167": [
     [
      126,
      1,
      1
     ],
     [
      128,
      1,
      1
     ],
     [
      129,
      1,
      3
     ],
     [
      130,
      1,
      8
     ],
     [
      131,
      4,
      10
     ],
     [
      135,
      1,
      8
     ],
     [
      136,
      1,
      2
     ],
     [
      140,
      1,
      4
     ],
     [
      141,
      147,
      10
     ],
     [
      288,
      1,
      6
     ]
    ],
    "168": [
     [
      130,
      1,
      4
     ],
     [
      131,
      6,
      10
     ],
     [
      141,
      1,
      9
     ],
     [
      142,
      146,
      10
     ],
     [
      288,
      1,
      5
     ]
    ],
    "169": [
     [
      130,
      1,
      4
     ],
     [
      131,
      7,
      10
     ],
     [
      138,
      1,
      2
     ],
     [
      141,
      1,
      5
     ],
     [
      142,
      146,
      10
     ],
     [
      288,
      1,
      4
     ]
    ],
    "170": [
     [
      131,
      7,
      10
     ],
     [
      138,
      1,
      6
     ],
     [
      141,
      1,
      2
     ],
     [
      142,
      146,
      10
     ]
    ],
    "171": [
     [
      138,
      1,
      10
     ],
     [
      142,
      145,
      10
     ],
     [
      287,
      1,
      9
     ]
    ],
    "172": [
     [
      145,
      142,
      10
     ],
     [
      287,
      1,
      7
     ]
    ],
    "173": [
     [
      152,
      135,
      10
     ],
     [
      287,
      1,
      5
     ]
    ],
    "174": [
     [
      159,
      128,
      10
     ],
     [
      287,
      1,
      3
     ]
    ],
    "175": [
     [
      167,
      120,
      10
     ]
    ],
    "176": [
     [
      174,
      112,
      10
     ],
     [
      286,
      1,
      9
     ]
    ],
    "177": [
     [
      182,
      104,
      10
     ],
     [
      286,
      1,
      7
     ]
    ],
    "178": [
     [
      189,
      97,
      10
     ],
     [
      286,
      1,
      3
     ]
    ],
    "179": [
     [
      196,
      90,
      10
     ],
     [
      286,
      1,
      3
     ]
    ],
    "180": [
     [
      204,
      82,
      10
     ]
    ],
    "181": [
     [
      211,
      74,
      10
     ],
     [
      285,
      1,
      9
     ]
    ],
    "182": [
     [
      219,
      66,
      10
     ],
     [
      285,
      1,
      6
     ]
    ],
    "183": [
     [
      226,
      59,
      10
     ],
     [
      285,
      1,
      4
     ]
    ],
    "184": [
     [
      234,
      51,
      10
     ],
     [
      285,
      1,
      2
     ]
    ],
    "185": [
     [
      242,
      43,
      10
     ]
    ],
    "186": [
     [
      249,
      35,
      10
     ],
     [
      284,
      1,
      7
     ]
    ],
    "187": [
     [
      257,
      27,
      10
     ],
     [
      284,
      1,
      6
     ]
    ],
    "188": [
     [
      265,
      19,
      10
     ],
     [
      284,
      1,
      4
     ]
    ],
    "189": [
     [
      273,
      11,
      10
     ],
     [
      284,
      1,
      1
     ]
    ],
    "190": [
     [
      281,
      3,
      10
     ]
    ]
   }
  },
  "clutter_headroom": 80.4,
  "clutter_at_floor": 0.284,
  "clutter_verdict": "vessels present",
  "detection_rate": 0.8857,
  "n_detections": 146,
  "n_reports": 35,
  "n_reports_with_fix": 35,
  "n_matched": 31,
  "n_reports_unsearched": 181,
  "n_reports_marginal": 9,
  "unsearched_by_length": {
   "<25 m": 103,
   "25-50 m": 32,
   "50-100 m": 11,
   "100-200 m": 13,
   ">200 m": 14,
   "unknown": 8
  },
  "k_sigma_match": 3.0,
  "gate_min_snr": 15.0,
  "gate_min_pixels": 6,
  "n_detections_before_gate": 757,
  "ais_window_s": 1800.0,
  "calibration": {
   "detectable_length_m": 25.0,
   "max_chance_match": 0.05,
   "density_per_km2": 0.0041,
   "max_scorable_radius_m": 1996,
   "n_unscorable": 0,
   "n_unscorable_matched": 0,
   "expected_chance_matches": 0.11,
   "strata": {
    ">=25 m": {
     "found": 27,
     "scored": 28,
     "rate": 0.9643,
     "ci95": [
      0.8229,
      0.9937
     ]
    },
    "<25 m": {
     "found": 4,
     "scored": 7,
     "rate": 0.5714,
     "ci95": [
      0.2505,
      0.8418
     ]
    },
    "unknown length": {
     "found": 0,
     "scored": 0,
     "rate": null,
     "ci95": [
      null,
      null
     ]
    },
    "all scored": {
     "found": 31,
     "scored": 35,
     "rate": 0.8857,
     "ci95": [
      0.7405,
      0.9546
     ]
    }
   },
   "curve_edges_m": [
    0.0,
    15.0,
    25.0,
    50.0,
    100.0
   ],
   "curve": {
    "0-15 m": {
     "found": 0,
     "scored": 2,
     "rate": 0.0,
     "ci95": [
      0.0,
      0.6576
     ]
    },
    "15-25 m": {
     "found": 4,
     "scored": 5,
     "rate": 0.8,
     "ci95": [
      0.3755,
      0.9638
     ]
    },
    "25-50 m": {
     "found": 3,
     "scored": 4,
     "rate": 0.75,
     "ci95": [
      0.3006,
      0.9544
     ]
    },
    "50-100 m": {
     "found": 0,
     "scored": 0,
     "rate": null,
     "ci95": [
      null,
      null
     ]
    },
    ">100 m": {
     "found": 24,
     "scored": 24,
     "rate": 1.0,
     "ci95": [
      0.862,
      1.0
     ]
    },
    "unknown": {
     "found": 0,
     "scored": 0,
     "rate": null,
     "ci95": [
      null,
      null
     ]
    }
   }
  }
 },
 "features": [
  {
   "type": "Feature",
   "geometry": {
    "type": "Point",
    "coordinates": [
     -76.02003682469842,
     36.531386446661465
    ]
   },
   "properties": {
    "kind": "unmatched",
    "domain": "sea",
    "t_start": "2024-04-10T22:58:41+00:00",
    "t_end": "2024-04-10T22:58:41+00:00",
    "duration_s": 0.0,
    "confidence": 0.6678285714285714,
    "platform_ids": [],
    "evidence": {
     "sensor": "sentinel1-vv-cfar",
     "detector_confidence": 0.754,
     "detection_rate_this_pass": 0.886,
     "reports_considered": 35,
     "reports_with_a_fix": 35,
     "search_radius_m": 97.3,
     "snr": 15.08,
     "length_m_approx": 28.3,
     "pixels": 8,
     "scene": "S1A_IW_GRDH_1SDV_20240410T225841_20240410T225906_053378_067942_0D89_COG.SAFE"
    }
   }
  },
  {
   "type": "Feature",
   "geometry": {
    "type": "Point",
    "coordinates": [
     -74.88545983671877,
     36.699044048811984
    ]
   },
   "properties": {
    "kind": "unmatched",
    "domain": "sea",
    "t_start": "2024-04-10T22:58:41+00:00",
    "t_end": "2024-04-10T22:58:41+00:00",
    "duration_s": 0.0,
    "confidence": 0.8414285714285713,
    "platform_ids": [],
    "evidence": {
     "sensor": "sentinel1-vv-cfar",
     "detector_confidence": 0.95,
     "detection_rate_this_pass": 0.886,
     "reports_considered": 35,
     "reports_with_a_fix": 35,
     "search_radius_m": 373.3,
     "snr": 52.78,
     "length_m_approx": 172.3,
     "pixels": 297,
     "scene": "S1A_IW_GRDH_1SDV_20240410T225841_20240410T225906_053378_067942_0D89_COG.SAFE"
    }
   }
  },
  {
   "type": "Feature",
   "geometry": {
    "type": "Point",
    "coordinates": [
     -75.80113884885927,
     36.839667383052515
    ]
   },
   "properties": {
    "kind": "unmatched",
    "domain": "sea",
    "t_start": "2024-04-10T22:58:41+00:00",
    "t_end": "2024-04-10T22:58:41+00:00",
    "duration_s": 0.0,
    "confidence": 0.8414285714285713,
    "platform_ids": [],
    "evidence": {
     "sensor": "sentinel1-vv-cfar",
     "detector_confidence": 0.95,
     "detection_rate_this_pass": 0.886,
     "reports_considered": 35,
     "reports_with_a_fix": 35,
     "search_radius_m": 101.7,
     "snr": 20.29,
     "length_m_approx": 31.6,
     "pixels": 10,
     "scene": "S1A_IW_GRDH_1SDV_20240410T225841_20240410T225906_053378_067942_0D89_COG.SAFE"
    }
   }
  },
  {
   "type": "Feature",
   "geometry": {
    "type": "Point",
    "coordinates": [
     -75.56371812190105,
     36.847222931017804
    ]
   },
   "properties": {
    "kind": "unmatched",
    "domain": "sea",
    "t_start": "2024-04-10T22:58:41+00:00",
    "t_end": "2024-04-10T22:58:41+00:00",
    "duration_s": 0.0,
    "confidence": 0.8414285714285713,
    "platform_ids": [],
    "evidence": {
     "sensor": "sentinel1-vv-cfar",
     "detector_confidence": 0.95,
     "detection_rate_this_pass": 0.886,
     "reports_considered": 35,
     "reports_with_a_fix": 35,
     "search_radius_m": 191.0,
     "snr": 29.33,
     "length_m_approx": 82.5,
     "pixels": 68,
     "scene": "S1A_IW_GRDH_1SDV_20240410T225841_20240410T225906_053378_067942_0D89_COG.SAFE"
    }
   }
  },
  {
   "type": "Feature",
   "geometry": {
    "type": "Point",
    "coordinates": [
     -76.31426069814489,
     36.977474128844776
    ]
   },
   "properties": {
    "kind": "unmatched",
    "domain": "sea",
    "t_start": "2024-04-10T22:58:41+00:00",
    "t_end": "2024-04-10T22:58:41+00:00",
    "duration_s": 0.0,
    "confidence": 0.8414285714285713,
    "platform_ids": [],
    "evidence": {
     "sensor": "sentinel1-vv-cfar",
     "detector_confidence": 0.95,
     "detection_rate_this_pass": 0.886,
     "reports_considered": 35,
     "reports_with_a_fix": 35,
     "search_radius_m": 130.9,
     "snr": 49.74,
     "length_m_approx": 40.0,
     "pixels": 16,
     "scene": "S1A_IW_GRDH_1SDV_20240410T225841_20240410T225906_053378_067942_0D89_COG.SAFE"
    }
   }
  },
  {
   "type": "Feature",
   "geometry": {
    "type": "Point",
    "coordinates": [
     -76.21426689683774,
     36.99869131166207
    ]
   },
   "properties": {
    "kind": "unmatched",
    "domain": "sea",
    "t_start": "2024-04-10T22:58:41+00:00",
    "t_end": "2024-04-10T22:58:41+00:00",
    "duration_s": 0.0,
    "confidence": 0.8414285714285713,
    "platform_ids": [],
    "evidence": {
     "sensor": "sentinel1-vv-cfar",
     "detector_confidence": 0.95,
     "detection_rate_this_pass": 0.886,
     "reports_considered": 35,
     "reports_with_a_fix": 35,
     "search_radius_m": 134.1,
     "snr": 48.36,
     "length_m_approx": 42.4,
     "pixels": 18,
     "scene": "S1A_IW_GRDH_1SDV_20240410T225841_20240410T225906_053378_067942_0D89_COG.SAFE"
    }
   }
  },
  {
   "type": "Feature",
   "geometry": {
    "type": "Point",
    "coordinates": [
     -76.13895327684895,
     36.98306242268648
    ]
   },
   "properties": {
    "kind": "unmatched",
    "domain": "sea",
    "t_start": "2024-04-10T22:58:41+00:00",
    "t_end": "2024-04-10T22:58:41+00:00",
    "duration_s": 0.0,
    "confidence": 0.8414285714285713,
    "platform_ids": [],
    "evidence": {
     "sensor": "sentinel1-vv-cfar",
     "detector_confidence": 0.95,
     "detection_rate_this_pass": 0.886,
     "reports_considered": 35,
     "reports_with_a_fix": 35,
     "search_radius_m": 129.2,
     "snr": 38.75,
     "length_m_approx": 38.7,
     "pixels": 15,
     "scene": "S1A_IW_GRDH_1SDV_20240410T225841_20240410T225906_053378_067942_0D89_COG.SAFE"
    }
   }
  },
  {
   "type": "Feature",
   "geometry": {
    "type": "Point",
    "coordinates": [
     -76.16028828688931,
     36.98870377229685
    ]
   },
   "properties": {
    "kind": "unmatched",
    "domain": "sea",
    "t_start": "2024-04-10T22:58:41+00:00",
    "t_end": "2024-04-10T22:58:41+00:00",
    "duration_s": 0.0,
    "confidence": 0.8414285714285713,
    "platform_ids": [],
    "evidence": {
     "sensor": "sentinel1-vv-cfar",
     "detector_confidence": 0.95,
     "detection_rate_this_pass": 0.886,
     "reports_considered": 35,
     "reports_with_a_fix": 35,
     "search_radius_m": 125.4,
     "snr": 32.94,
     "length_m_approx": 36.1,
     "pixels": 13,
     "scene": "S1A_IW_GRDH_1SDV_20240410T225841_20240410T225906_053378_067942_0D89_COG.SAFE"
    }
   }
  },
  {
   "type": "Feature",
   "geometry": {
    "type": "Point",
    "coordinates": [
     -76.18608739574493,
     36.995830088467336
    ]
   },
   "properties": {
    "kind": "unmatched",
    "domain": "sea",
    "t_start": "2024-04-10T22:58:41+00:00",
    "t_end": "2024-04-10T22:58:41+00:00",
    "duration_s": 0.0,
    "confidence": 0.8414285714285713,
    "platform_ids": [],
    "evidence": {
     "sensor": "sentinel1-vv-cfar",
     "detector_confidence": 0.95,
     "detection_rate_this_pass": 0.886,
     "reports_considered": 35,
     "reports_with_a_fix": 35,
     "search_radius_m": 127.5,
     "snr": 29.74,
     "length_m_approx": 37.4,
     "pixels": 14,
     "scene": "S1A_IW_GRDH_1SDV_20240410T225841_20240410T225906_053378_067942_0D89_COG.SAFE"
    }
   }
  },
  {
   "type": "Feature",
   "geometry": {
    "type": "Point",
    "coordinates": [
     -76.1872535297671,
     36.991753828723844
    ]
   },
   "properties": {
    "kind": "unmatched",
    "domain": "sea",
    "t_start": "2024-04-10T22:58:41+00:00",
    "t_end": "2024-04-10T22:58:41+00:00",
    "duration_s": 0.0,
    "confidence": 0.8414285714285713,
    "platform_ids": [],
    "evidence": {
     "sensor": "sentinel1-vv-cfar",
     "detector_confidence": 0.95,
     "detection_rate_this_pass": 0.886,
     "reports_considered": 35,
     "reports_with_a_fix": 35,
     "search_radius_m": 127.5,
     "snr": 29.06,
     "length_m_approx": 37.4,
     "pixels": 14,
     "scene": "S1A_IW_GRDH_1SDV_20240410T225841_20240410T225906_053378_067942_0D89_COG.SAFE"
    }
   }
  },
  {
   "type": "Feature",
   "geometry": {
    "type": "Point",
    "coordinates": [
     -76.16680567991756,
     36.96785682792771
    ]
   },
   "properties": {
    "kind": "unmatched",
    "domain": "sea",
    "t_start": "2024-04-10T22:58:41+00:00",
    "t_end": "2024-04-10T22:58:41+00:00",
    "duration_s": 0.0,
    "confidence": 0.8414285714285713,
    "platform_ids": [],
    "evidence": {
     "sensor": "sentinel1-vv-cfar",
     "detector_confidence": 0.95,
     "detection_rate_this_pass": 0.886,
     "reports_considered": 35,
     "reports_with_a_fix": 35,
     "search_radius_m": 132.7,
     "snr": 25.73,
     "length_m_approx": 41.2,
     "pixels": 17,
     "scene": "S1A_IW_GRDH_1SDV_20240410T225841_20240410T225906_053378_067942_0D89_COG.SAFE"
    }
   }
  },
  {
   "type": "Feature",
   "geometry": {
    "type": "Point",
    "coordinates": [
     -76.11906452742089,
     36.9747211492956
    ]
   },
   "properties": {
    "kind": "unmatched",
    "domain": "sea",
    "t_start": "2024-04-10T22:58:41+00:00",
    "t_end": "2024-04-10T22:58:41+00:00",
    "duration_s": 0.0,
    "confidence": 0.8414285714285713,
    "platform_ids": [],
    "evidence": {
     "sensor": "sentinel1-vv-cfar",
     "detector_confidence": 0.95,
     "detection_rate_this_pass": 0.886,
     "reports_considered": 35,
     "reports_with_a_fix": 35,
     "search_radius_m": 123.7,
     "snr": 22.92,
     "length_m_approx": 34.6,
     "pixels": 12,
     "scene": "S1A_IW_GRDH_1SDV_20240410T225841_20240410T225906_053378_067942_0D89_COG.SAFE"
    }
   }
  },
  {
   "type": "Feature",
   "geometry": {
    "type": "Point",
    "coordinates": [
     -76.21258119849034,
     37.00279092227731
    ]
   },
   "properties": {
    "kind": "unmatched",
    "domain": "sea",
    "t_start": "2024-04-10T22:58:41+00:00",
    "t_end": "2024-04-10T22:58:41+00:00",
    "duration_s": 0.0,
    "confidence": 0.8414285714285713,
    "platform_ids": [],
    "evidence": {
     "sensor": "sentinel1-vv-cfar",
     "detector_confidence": 0.95,
     "detection_rate_this_pass": 0.886,
     "reports_considered": 35,
     "reports_with_a_fix": 35,
     "search_radius_m": 123.7,
     "snr": 22.89,
     "length_m_approx": 34.6,
     "pixels": 12,
     "scene": "S1A_IW_GRDH_1SDV_20240410T225841_20240410T225906_053378_067942_0D89_COG.SAFE"
    }
   }
  },
  {
   "type": "Feature",
   "geometry": {
    "type": "Point",
    "coordinates": [
     -76.18164467288008,
     36.97096159459389
    ]
   },
   "properties": {
    "kind": "unmatched",
    "domain": "sea",
    "t_start": "2024-04-10T22:58:41+00:00",
    "t_end": "2024-04-10T22:58:41+00:00",
    "duration_s": 0.0,
    "confidence": 0.8414285714285713,
    "platform_ids": [],
    "evidence": {
     "sensor": "sentinel1-vv-cfar",
     "detector_confidence": 0.95,
     "detection_rate_this_pass": 0.886,
     "reports_considered": 35,
     "reports_with_a_fix": 35,
     "search_radius_m": 165.6,
     "snr": 22.37,
     "length_m_approx": 62.4,
     "pixels": 39,
     "scene": "S1A_IW_GRDH_1SDV_20240410T225841_20240410T225906_053378_067942_0D89_COG.SAFE"
    }
   }
  },
  {
   "type": "Feature",
   "geometry": {
    "type": "Point",
    "coordinates": [
     -76.14010967225036,
     36.98018788621557
    ]
   },
   "properties": {
    "kind": "unmatched",
    "domain": "sea",
    "t_start": "2024-04-10T22:58:41+00:00",
    "t_end": "2024-04-10T22:58:41+00:00",
    "duration_s": 0.0,
    "confidence": 0.8414285714285713,
    "platform_ids": [],
    "evidence": {
     "sensor": "sentinel1-vv-cfar",
     "detector_confidence": 0.95,
     "detection_rate_this_pass": 0.886,
     "reports_considered": 35,
     "reports_with_a_fix": 35,
     "search_radius_m": 123.7,
     "snr": 19.79,
     "length_m_approx": 34.6,
     "pixels": 12,
     "scene": "S1A_IW_GRDH_1SDV_20240410T225841_20240410T225906_053378_067942_0D89_COG.SAFE"
    }
   }
  },
  {
   "type": "Feature",
   "geometry": {
    "type": "Point",
    "coordinates": [
     -76.16149265503229,
     36.98572909442331
    ]
   },
   "properties": {
    "kind": "unmatched",
    "domain": "sea",
    "t_start": "2024-04-10T22:58:41+00:00",
    "t_end": "2024-04-10T22:58:41+00:00",
    "duration_s": 0.0,
    "confidence": 0.8130857142857143,
    "platform_ids": [],
    "evidence": {
     "sensor": "sentinel1-vv-cfar",
     "detector_confidence": 0.918,
     "detection_rate_this_pass": 0.886,
     "reports_considered": 35,
     "reports_with_a_fix": 35,
     "search_radius_m": 120.1,
     "snr": 18.36,
     "length_m_approx": 31.6,
     "pixels": 10,
     "scene": "S1A_IW_GRDH_1SDV_20240410T225841_20240410T225906_053378_067942_0D89_COG.SAFE"
    }
   }
  },
  {
   "type": "Feature",
   "geometry": {
    "type": "Point",
    "coordinates": [
     -76.33167517386514,
     36.979967590876214
    ]
   },
   "properties": {
    "kind": "unmatched",
    "domain": "sea",
    "t_start": "2024-04-10T22:58:41+00:00",
    "t_end": "2024-04-10T22:58:41+00:00",
    "duration_s": 0.0,
    "confidence": 0.6793428571428571,
    "platform_ids": [],
    "evidence": {
     "sensor": "sentinel1-vv-cfar",
     "detector_confidence": 0.767,
     "detection_rate_this_pass": 0.886,
     "reports_considered": 35,
     "reports_with_a_fix": 35,
     "search_radius_m": 163.0,
     "snr": 15.34,
     "length_m_approx": 60.8,
     "pixels": 37,
     "scene": "S1A_IW_GRDH_1SDV_20240410T225841_20240410T225906_053378_067942_0D89_COG.SAFE"
    }
   }
  },
  {
   "type": "Feature",
   "geometry": {
    "type": "Point",
    "coordinates": [
     -76.0468071829843,
     37.01567876179762
    ]
   },
   "properties": {
    "kind": "unmatched",
    "domain": "sea",
    "t_start": "2024-04-10T22:58:41+00:00",
    "t_end": "2024-04-10T22:58:41+00:00",
    "duration_s": 0.0,
    "confidence": 0.8414285714285713,
    "platform_ids": [],
    "evidence": {
     "sensor": "sentinel1-vv-cfar",
     "detector_confidence": 0.95,
     "detection_rate_this_pass": 0.886,
     "reports_considered": 35,
     "reports_with_a_fix": 35,
     "search_radius_m": 114.5,
     "snr": 45.85,
     "length_m_approx": 40.0,
     "pixels": 16,
     "scene": "S1A_IW_GRDH_1SDV_20240410T225841_20240410T225906_053378_067942_0D89_COG.SAFE"
    }
   }
  },
  {
   "type": "Feature",
   "geometry": {
    "type": "Point",
    "coordinates": [
     -76.11241518152089,
     36.965420604988815
    ]
   },
   "properties": {
    "kind": "unmatched",
    "domain": "sea",
    "t_start": "2024-04-10T22:58:41+00:00",
    "t_end": "2024-04-10T22:58:41+00:00",
    "duration_s": 0.0,
    "confidence": 0.8414285714285713,
    "platform_ids": [],
    "evidence": {
     "sensor": "sentinel1-vv-cfar",
     "detector_confidence": 0.95,
     "detection_rate_this_pass": 0.886,
     "reports_considered": 35,
     "reports_with_a_fix": 35,
     "search_radius_m": 394.1,
     "snr": 37.72,
     "length_m_approx": 179.7,
     "pixels": 323,
     "scene": "S1A_IW_GRDH_1SDV_20240410T225841_20240410T225906_053378_067942_0D89_COG.SAFE"
    }
   }
  },
  {
   "type": "Feature",
   "geometry": {
    "type": "Point",
    "coordinates": [
     -76.11766907781521,
     36.977631749287404
    ]
   },
   "properties": {
    "kind": "unmatched",
    "domain": "sea",
    "t_start": "2024-04-10T22:58:41+00:00",
    "t_end": "2024-04-10T22:58:41+00:00",
    "duration_s": 0.0,
    "confidence": 0.8414285714285713,
    "platform_ids": [],
    "evidence": {
     "sensor": "sentinel1-vv-cfar",
     "detector_confidence": 0.95,
     "detection_rate_this_pass": 0.886,
     "reports_considered": 35,
     "reports_with_a_fix": 35,
     "search_radius_m": 134.1,
     "snr": 37.39,
     "length_m_approx": 42.4,
     "pixels": 18,
     "scene": "S1A_IW_GRDH_1SDV_20240410T225841_20240410T225906_053378_067942_0D89_COG.SAFE"
    }
   }
  },
  {
   "type": "Feature",
   "geometry": {
    "type": "Point",
    "coordinates": [
     -76.01265876726976,
     36.99010542942838
    ]
   },
   "properties": {
    "kind": "unmatched",
    "domain": "sea",
    "t_start": "2024-04-10T22:58:41+00:00",
    "t_end": "2024-04-10T22:58:41+00:00",
    "duration_s": 0.0,
    "confidence": 0.8414285714285713,
    "platform_ids": [],
    "evidence": {
     "sensor": "sentinel1-vv-cfar",
     "detector_confidence": 0.95,
     "detection_rate_this_pass": 0.886,
     "reports_considered": 35,
     "reports_with_a_fix": 35,
     "search_radius_m": 114.5,
     "snr": 36.94,
     "length_m_approx": 40.0,
     "pixels": 16,
     "scene": "S1A_IW_GRDH_1SDV_20240410T225841_20240410T225906_053378_067942_0D89_COG.SAFE"
    }
   }
  },
  {
   "type": "Feature",
   "geometry": {
    "type": "Point",
    "coordinates": [
     -76.02305623642006,
     36.94959090934607
    ]
   },
   "properties": {
    "kind": "unmatched",
    "domain": "sea",
    "t_start": "2024-04-10T22:58:41+00:00",
    "t_end": "2024-04-10T22:58:41+00:00",
    "duration_s": 0.0,
    "confidence": 0.8414285714285713,
    "platform_ids": [],
    "evidence": {
     "sensor": "sentinel1-vv-cfar",
     "detector_confidence": 0.95,
     "detection_rate_this_pass": 0.886,
     "reports_considered": 35,
     "reports_with_a_fix": 35,
     "search_radius_m": 110.4,
     "snr": 28.64,
     "length_m_approx": 37.4,
     "pixels": 14,
     "scene": "S1A_IW_GRDH_1SDV_20240410T225841_20240410T225906_053378_067942_0D89_COG.SAFE"
    }
   }
  },
  {
   "type": "Feature",
   "geometry": {
    "type": "Point",
    "coordinates": [
     -75.90366723569215,
     37.017684914111435
    ]
   },
   "properties": {
    "kind": "unmatched",
    "domain": "sea",
    "t_start": "2024-04-10T22:58:41+00:00",
    "t_end": "2024-04-10T22:58:41+00:00",
    "duration_s": 0.0,
    "confidence": 0.8414285714285713,
    "platform_ids": [],
    "evidence": {
     "sensor": "sentinel1-vv-cfar",
     "detector_confidence": 0.95,
     "detection_rate_this_pass": 0.886,
     "reports_considered": 35,
     "reports_with_a_fix": 35,
     "search_radius_m": 120.1,
     "snr": 27.87,
     "length_m_approx": 43.6,
     "pixels": 19,
     "scene": "S1A_IW_GRDH_1SDV_20240410T225841_20240410T225906_053378_067942_0D89_COG.SAFE"
    }
   }
  },
  {
   "type": "Feature",
   "geometry": {
    "type": "Point",
    "coordinates": [
     -76.05875267601306,
     36.96290606512049
    ]
   },
   "properties": {
    "kind": "unmatched",
    "domain": "sea",
    "t_start": "2024-04-10T22:58:41+00:00",
    "t_end": "2024-04-10T22:58:41+00:00",
    "duration_s": 0.0,
    "confidence": 0.8414285714285713,
    "platform_ids": [],
    "evidence": {
     "sensor": "sentinel1-vv-cfar",
     "detector_confidence": 0.95,
     "detection_rate_this_pass": 0.886,
     "reports_considered": 35,
     "reports_with_a_fix": 35,
     "search_radius_m": 122.1,
     "snr": 24.08,
     "length_m_approx": 33.2,
     "pixels": 11,
     "scene": "S1A_IW_GRDH_1SDV_20240410T225841_20240410T225906_053378_067942_0D89_COG.SAFE"
    }
   }
  },
  {
   "type": "Feature",
   "geometry": {
    "type": "Point",
    "coordinates": [
     -75.91490553068363,
     36.940009254524355
    ]
   },
   "properties": {
    "kind": "unmatched",
    "domain": "sea",
    "t_start": "2024-04-10T22:58:41+00:00",
    "t_end": "2024-04-10T22:58:41+00:00",
    "duration_s": 0.0,
    "confidence": 0.8414285714285713,
    "platform_ids": [],
    "evidence": {
     "sensor": "sentinel1-vv-cfar",
     "detector_confidence": 0.95,
     "detection_rate_this_pass": 0.886,
     "reports_considered": 35,
     "reports_with_a_fix": 35,
     "search_radius_m": 99.7,
     "snr": 22.18,
     "length_m_approx": 30.0,
     "pixels": 9,
     "scene": "S1A_IW_GRDH_1SDV_20240410T225841_20240410T225906_053378_067942_0D89_COG.SAFE"
    }
   }
  },
  {
   "type": "Feature",
   "geometry": {
    "type": "Point",
    "coordinates": [
     -76.02694557819116,
     37.00525691887561
    ]
   },
   "properties": {
    "kind": "unmatched",
    "domain": "sea",
    "t_start": "2024-04-10T22:58:41+00:00",
    "t_end": "2024-04-10T22:58:41+00:00",
    "duration_s": 0.0,
    "confidence": 0.8414285714285713,
    "platform_ids": [],
    "evidence": {
     "sensor": "sentinel1-vv-cfar",
     "detector_confidence": 0.95,
     "detection_rate_this_pass": 0.886,
     "reports_considered": 35,
     "reports_with_a_fix": 35,
     "search_radius_m": 106.1,
     "snr": 20.67,
     "length_m_approx": 34.6,
     "pixels": 12,
     "scene": "S1A_IW_GRDH_1SDV_20240410T225841_20240410T225906_053378_067942_0D89_COG.SAFE"
    }
   }
  },
  {
   "type": "Feature",
   "geometry": {
    "type": "Point",
    "coordinates": [
     -76.04372294948719,
     37.01774992888691
    ]
   },
   "properties": {
    "kind": "unmatched",
    "domain": "sea",
    "t_start": "2024-04-10T22:58:41+00:00",
    "t_end": "2024-04-10T22:58:41+00:00",
    "duration_s": 0.0,
    "confidence": 0.8414285714285713,
    "platform_ids": [],
    "evidence": {
     "sensor": "sentinel1-vv-cfar",
     "detector_confidence": 0.95,
     "detection_rate_this_pass": 0.886,
     "reports_considered": 35,
     "reports_with_a_fix": 35,
     "search_radius_m": 112.3,
     "snr": 20.66,
     "length_m_approx": 38.7,
     "pixels": 15,
     "scene": "S1A_IW_GRDH_1SDV_20240410T225841_20240410T225906_053378_067942_0D89_COG.SAFE"
    }
   }
  },
  {
   "type": "Feature",
   "geometry": {
    "type": "Point",
    "coordinates": [
     -75.91908281857246,
     36.91857543694294
    ]
   },
   "properties": {
    "kind": "unmatched",
    "domain": "sea",
    "t_start": "2024-04-10T22:58:41+00:00",
    "t_end": "2024-04-10T22:58:41+00:00",
    "duration_s": 0.0,
    "confidence": 0.8414285714285713,
    "platform_ids": [],
    "evidence": {
     "sensor": "sentinel1-vv-cfar",
     "detector_confidence": 0.95,
     "detection_rate_this_pass": 0.886,
     "reports_considered": 35,
     "reports_with_a_fix": 35,
     "search_radius_m": 99.7,
     "snr": 19.61,
     "length_m_approx": 30.0,
     "pixels": 9,
     "scene": "S1A_IW_GRDH_1SDV_20240410T225841_20240410T225906_053378_067942_0D89_COG.SAFE"
    }
   }
  },
  {
   "type": "Feature",
   "geometry": {
    "type": "Point",
    "coordinates": [
     -76.01189326441815,
     36.95901208697743
    ]
   },
   "properties": {
    "kind": "unmatched",
    "domain": "sea",
    "t_start": "2024-04-10T22:58:41+00:00",
    "t_end": "2024-04-10T22:58:41+00:00",
    "duration_s": 0.0,
    "confidence": 0.8414285714285713,
    "platform_ids": [],
    "evidence": {
     "sensor": "sentinel1-vv-cfar",
     "detector_confidence": 0.95,
     "detection_rate_this_pass": 0.886,
     "reports_considered": 35,
     "reports_with_a_fix": 35,
     "search_radius_m": 106.1,
     "snr": 19.12,
     "length_m_approx": 34.6,
     "pixels": 12,
     "scene": "S1A_IW_GRDH_1SDV_20240410T225841_20240410T225906_053378_067942_0D89_COG.SAFE"
    }
   }
  },
  {
   "type": "Feature",
   "geometry": {
    "type": "Point",
    "coordinates": [
     -76.0975684135168,
     36.97299788076712
    ]
   },
   "properties": {
    "kind": "unmatched",
    "domain": "sea",
    "t_start": "2024-04-10T22:58:41+00:00",
    "t_end": "2024-04-10T22:58:41+00:00",
    "duration_s": 0.0,
    "confidence": 0.8414285714285713,
    "platform_ids": [],
    "evidence": {
     "sensor": "sentinel1-vv-cfar",
     "detector_confidence": 0.95,
     "detection_rate_this_pass": 0.886,
     "reports_considered": 35,
     "reports_with_a_fix": 35,
     "search_radius_m": 129.2,
     "snr": 19.0,
     "length_m_approx": 38.7,
     "pixels": 15,
     "scene": "S1A_IW_GRDH_1SDV_20240410T225841_20240410T225906_053378_067942_0D89_COG.SAFE"
    }
   }
  },
  {
   "type": "Feature",
   "geometry": {
    "type": "Point",
    "coordinates": [
     -75.94834412125817,
     37.03829886169958
    ]
   },
   "properties": {
    "kind": "unmatched",
    "domain": "sea",
    "t_start": "2024-04-10T22:58:41+00:00",
    "t_end": "2024-04-10T22:58:41+00:00",
    "duration_s": 0.0,
    "confidence": 0.8378857142857142,
    "platform_ids": [],
    "evidence": {
     "sensor": "sentinel1-vv-cfar",
     "detector_confidence": 0.946,
     "detection_rate_this_pass": 0.886,
     "reports_considered": 35,
     "reports_with_a_fix": 35,
     "search_radius_m": 102.0,
     "snr": 18.91,
     "length_m_approx": 31.6,
     "pixels": 10,
     "scene": "S1A_IW_GRDH_1SDV_20240410T225841_20240410T225906_053378_067942_0D89_COG.SAFE"
    }
   }
  },
  {
   "type": "Feature",
   "geometry": {
    "type": "Point",
    "coordinates": [
     -75.9719297922457,
     36.95496089191806
    ]
   },
   "properties": {
    "kind": "unmatched",
    "domain": "sea",
    "t_start": "2024-04-10T22:58:41+00:00",
    "t_end": "2024-04-10T22:58:41+00:00",
    "duration_s": 0.0,
    "confidence": 0.8281428571428572,
    "platform_ids": [],
    "evidence": {
     "sensor": "sentinel1-vv-cfar",
     "detector_confidence": 0.935,
     "detection_rate_this_pass": 0.886,
     "reports_considered": 35,
     "reports_with_a_fix": 35,
     "search_radius_m": 102.0,
     "snr": 18.7,
     "length_m_approx": 31.6,
     "pixels": 10,
     "scene": "S1A_IW_GRDH_1SDV_20240410T225841_20240410T225906_053378_067942_0D89_COG.SAFE"
    }
   }
  },
  {
   "type": "Feature",
   "geometry": {
    "type": "Point",
    "coordinates": [
     -76.00306403879244,
     36.979749508085234
    ]
   },
   "properties": {
    "kind": "unmatched",
    "domain": "sea",
    "t_start": "2024-04-10T22:58:41+00:00",
    "t_end": "2024-04-10T22:58:41+00:00",
    "duration_s": 0.0,
    "confidence": 0.8175142857142857,
    "platform_ids": [],
    "evidence": {
     "sensor": "sentinel1-vv-cfar",
     "detector_confidence": 0.923,
     "detection_rate_this_pass": 0.886,
     "reports_considered": 35,
     "reports_with_a_fix": 35,
     "search_radius_m": 97.5,
     "snr": 18.46,
     "length_m_approx": 28.3,
     "pixels": 8,
     "scene": "S1A_IW_GRDH_1SDV_20240410T225841_20240410T225906_053378_067942_0D89_COG.SAFE"
    }
   }
  },
  {
   "type": "Feature",
   "geometry": {
    "type": "Point",
    "coordinates": [
     -75.93298106556125,
     37.01674717275058
    ]
   },
   "properties": {
    "kind": "unmatched",
    "domain": "sea",
    "t_start": "2024-04-10T22:58:41+00:00",
    "t_end": "2024-04-10T22:58:41+00:00",
    "duration_s": 0.0,
    "confidence": 0.7874,
    "platform_ids": [],
    "evidence": {
     "sensor": "sentinel1-vv-cfar",
     "detector_confidence": 0.889,
     "detection_rate_this_pass": 0.886,
     "reports_considered": 35,
     "reports_with_a_fix": 35,
     "search_radius_m": 95.1,
     "snr": 17.78,
     "length_m_approx": 26.5,
     "pixels": 7,
     "scene": "S1A_IW_GRDH_1SDV_20240410T225841_20240410T225906_053378_067942_0D89_COG.SAFE"
    }
   }
  },
  {
   "type": "Feature",
   "geometry": {
    "type": "Point",
    "coordinates": [
     -76.08870591746978,
     36.99836327479866
    ]
   },
   "properties": {
    "kind": "unmatched",
    "domain": "sea",
    "t_start": "2024-04-10T22:58:41+00:00",
    "t_end": "2024-04-10T22:58:41+00:00",
    "duration_s": 0.0,
    "confidence": 0.6855428571428571,
    "platform_ids": [],
    "evidence": {
     "sensor": "sentinel1-vv-cfar",
     "detector_confidence": 0.774,
     "detection_rate_this_pass": 0.886,
     "reports_considered": 35,
     "reports_with_a_fix": 35,
     "search_radius_m": 152.9,
     "snr": 15.49,
     "length_m_approx": 54.8,
     "pixels": 30,
     "scene": "S1A_IW_GRDH_1SDV_20240410T225841_20240410T225906_053378_067942_0D89_COG.SAFE"
    }
   }
  },
  {
   "type": "Feature",
   "geometry": {
    "type": "Point",
    "coordinates": [
     -76.10304364764022,
     36.99011760215384
    ]
   },
   "properties": {
    "kind": "unmatched",
    "domain": "sea",
    "t_start": "2024-04-10T22:58:41+00:00",
    "t_end": "2024-04-10T22:58:41+00:00",
    "duration_s": 0.0,
    "confidence": 0.6731428571428572,
    "platform_ids": [],
    "evidence": {
     "sensor": "sentinel1-vv-cfar",
     "detector_confidence": 0.76,
     "detection_rate_this_pass": 0.886,
     "reports_considered": 35,
     "reports_with_a_fix": 35,
     "search_radius_m": 125.4,
     "snr": 15.21,
     "length_m_approx": 36.1,
     "pixels": 13,
     "scene": "S1A_IW_GRDH_1SDV_20240410T225841_20240410T225906_053378_067942_0D89_COG.SAFE"
    }
   }
  },
  {
   "type": "Feature",
   "geometry": {
    "type": "Point",
    "coordinates": [
     -75.71234587025685,
     36.904730821737054
    ]
   },
   "properties": {
    "kind": "unmatched",
    "domain": "sea",
    "t_start": "2024-04-10T22:58:41+00:00",
    "t_end": "2024-04-10T22:58:41+00:00",
    "duration_s": 0.0,
    "confidence": 0.8414285714285713,
    "platform_ids": [],
    "evidence": {
     "sensor": "sentinel1-vv-cfar",
     "detector_confidence": 0.95,
     "detection_rate_this_pass": 0.886,
     "reports_considered": 35,
     "reports_with_a_fix": 35,
     "search_radius_m": 173.6,
     "snr": 35.28,
     "length_m_approx": 73.5,
     "pixels": 54,
     "scene": "S1A_IW_GRDH_1SDV_20240410T225841_20240410T225906_053378_067942_0D89_COG.SAFE"
    }
   }
  },
  {
   "type": "Feature",
   "geometry": {
    "type": "Point",
    "coordinates": [
     -75.52735111627834,
     36.965561771497335
    ]
   },
   "properties": {
    "kind": "unmatched",
    "domain": "sea",
    "t_start": "2024-04-10T22:58:41+00:00",
    "t_end": "2024-04-10T22:58:41+00:00",
    "duration_s": 0.0,
    "confidence": 0.753742857142857,
    "platform_ids": [],
    "evidence": {
     "sensor": "sentinel1-vv-cfar",
     "detector_confidence": 0.851,
     "detection_rate_this_pass": 0.886,
     "reports_considered": 35,
     "reports_with_a_fix": 35,
     "search_radius_m": 125.4,
     "snr": 17.02,
     "length_m_approx": 46.9,
     "pixels": 22,
     "scene": "S1A_IW_GRDH_1SDV_20240410T225841_20240410T225906_053378_067942_0D89_COG.SAFE"
    }
   }
  },
  {
   "type": "Feature",
   "geometry": {
    "type": "Point",
    "coordinates": [
     -74.69025917673294,
     37.03662302740819
    ]
   },
   "properties": {
    "kind": "unmatched",
    "domain": "sea",
    "t_start": "2024-04-10T22:58:41+00:00",
    "t_end": "2024-04-10T22:58:41+00:00",
    "duration_s": 0.0,
    "confidence": 0.8414285714285713,
    "platform_ids": [],
    "evidence": {
     "sensor": "sentinel1-vv-cfar",
     "detector_confidence": 0.95,
     "detection_rate_this_pass": 0.886,
     "reports_considered": 35,
     "reports_with_a_fix": 35,
     "search_radius_m": 273.1,
     "snr": 62.44,
     "length_m_approx": 123.7,
     "pixels": 153,
     "scene": "S1A_IW_GRDH_1SDV_20240410T225841_20240410T225906_053378_067942_0D89_COG.SAFE"
    }
   }
  },
  {
   "type": "Feature",
   "geometry": {
    "type": "Point",
    "coordinates": [
     -74.7084961912453,
     37.11976359031934
    ]
   },
   "properties": {
    "kind": "unmatched",
    "domain": "sea",
    "t_start": "2024-04-10T22:58:41+00:00",
    "t_end": "2024-04-10T22:58:41+00:00",
    "duration_s": 0.0,
    "confidence": 0.8414285714285713,
    "platform_ids": [],
    "evidence": {
     "sensor": "sentinel1-vv-cfar",
     "detector_confidence": 0.95,
     "detection_rate_this_pass": 0.886,
     "reports_considered": 35,
     "reports_with_a_fix": 35,
     "search_radius_m": 128.9,
     "snr": 22.58,
     "length_m_approx": 49.0,
     "pixels": 24,
     "scene": "S1A_IW_GRDH_1SDV_20240410T225841_20240410T225906_053378_067942_0D89_COG.SAFE"
    }
   }
  },
  {
   "type": "Feature",
   "geometry": {
    "type": "Point",
    "coordinates": [
     -74.71545417337795,
     37.16173017980864
    ]
   },
   "properties": {
    "kind": "unmatched",
    "domain": "sea",
    "t_start": "2024-04-10T22:58:41+00:00",
    "t_end": "2024-04-10T22:58:41+00:00",
    "duration_s": 0.0,
    "confidence": 0.7847428571428571,
    "platform_ids": [],
    "evidence": {
     "sensor": "sentinel1-vv-cfar",
     "detector_confidence": 0.886,
     "detection_rate_this_pass": 0.886,
     "reports_considered": 35,
     "reports_with_a_fix": 35,
     "search_radius_m": 134.1,
     "snr": 17.71,
     "length_m_approx": 52.0,
     "pixels": 27,
     "scene": "S1A_IW_GRDH_1SDV_20240410T225841_20240410T225906_053378_067942_0D89_COG.SAFE"
    }
   }
  },
  {
   "type": "Feature",
   "geometry": {
    "type": "Point",
    "coordinates": [
     -74.48174160463564,
     37.24995368725809
    ]
   },
   "properties": {
    "kind": "unmatched",
    "domain": "sea",
    "t_start": "2024-04-10T22:58:41+00:00",
    "t_end": "2024-04-10T22:58:41+00:00",
    "duration_s": 0.0,
    "confidence": 0.8414285714285713,
    "platform_ids": [],
    "evidence": {
     "sensor": "sentinel1-vv-cfar",
     "detector_confidence": 0.95,
     "detection_rate_this_pass": 0.886,
     "reports_considered": 35,
     "reports_with_a_fix": 35,
     "search_radius_m": 146.6,
     "snr": 24.48,
     "length_m_approx": 59.2,
     "pixels": 35,
     "scene": "S1A_IW_GRDH_1SDV_20240410T225841_20240410T225906_053378_067942_0D89_COG.SAFE"
    }
   }
  },
  {
   "type": "Feature",
   "geometry": {
    "type": "Point",
    "coordinates": [
     -74.42479333357481,
     37.230724396078124
    ]
   },
   "properties": {
    "kind": "unmatched",
    "domain": "sea",
    "t_start": "2024-04-10T22:58:41+00:00",
    "t_end": "2024-04-10T22:58:41+00:00",
    "duration_s": 0.0,
    "confidence": 0.7767714285714286,
    "platform_ids": [],
    "evidence": {
     "sensor": "sentinel1-vv-cfar",
     "detector_confidence": 0.877,
     "detection_rate_this_pass": 0.886,
     "reports_considered": 35,
     "reports_with_a_fix": 35,
     "search_radius_m": 105.8,
     "snr": 17.53,
     "length_m_approx": 34.6,
     "pixels": 12,
     "scene": "S1A_IW_GRDH_1SDV_20240410T225841_20240410T225906_053378_067942_0D89_COG.SAFE"
    }
   }
  },
  {
   "type": "Feature",
   "geometry": {
    "type": "Point",
    "coordinates": [
     -76.23435538403032,
     37.17723384398814
    ]
   },
   "properties": {
    "kind": "unmatched",
    "domain": "sea",
    "t_start": "2024-04-10T22:58:41+00:00",
    "t_end": "2024-04-10T22:58:41+00:00",
    "duration_s": 0.0,
    "confidence": 0.8414285714285713,
    "platform_ids": [],
    "evidence": {
     "sensor": "sentinel1-vv-cfar",
     "detector_confidence": 0.95,
     "detection_rate_this_pass": 0.886,
     "reports_considered": 35,
     "reports_with_a_fix": 35,
     "search_radius_m": 130.9,
     "snr": 31.0,
     "length_m_approx": 40.0,
     "pixels": 16,
     "scene": "S1A_IW_GRDH_1SDV_20240410T225841_20240410T225906_053378_067942_0D89_COG.SAFE"
    }
   }
  },
  {
   "type": "Feature",
   "geometry": {
    "type": "Point",
    "coordinates": [
     -76.2363533672363,
     37.17518898114257
    ]
   },
   "properties": {
    "kind": "unmatched",
    "domain": "sea",
    "t_start": "2024-04-10T22:58:41+00:00",
    "t_end": "2024-04-10T22:58:41+00:00",
    "duration_s": 0.0,
    "confidence": 0.8414285714285713,
    "platform_ids": [],
    "evidence": {
     "sensor": "sentinel1-vv-cfar",
     "detector_confidence": 0.95,
     "detection_rate_this_pass": 0.886,
     "reports_considered": 35,
     "reports_with_a_fix": 35,
     "search_radius_m": 125.4,
     "snr": 29.63,
     "length_m_approx": 36.1,
     "pixels": 13,
     "scene": "S1A_IW_GRDH_1SDV_20240410T225841_20240410T225906_053378_067942_0D89_COG.SAFE"
    }
   }
  },
  {
   "type": "Feature",
   "geometry": {
    "type": "Point",
    "coordinates": [
     -76.28270345971072,
     37.001265453737304
    ]
   },
   "properties": {
    "kind": "unmatched",
    "domain": "sea",
    "t_start": "2024-04-10T22:58:41+00:00",
    "t_end": "2024-04-10T22:58:41+00:00",
    "duration_s": 0.0,
    "confidence": 0.8414285714285713,
    "platform_ids": [],
    "evidence": {
     "sensor": "sentinel1-vv-cfar",
     "detector_confidence": 0.95,
     "detection_rate_this_pass": 0.886,
     "reports_considered": 35,
     "reports_with_a_fix": 35,
     "search_radius_m": 125.4,
     "snr": 27.16,
     "length_m_approx": 36.1,
     "pixels": 13,
     "scene": "S1A_IW_GRDH_1SDV_20240410T225841_20240410T225906_053378_067942_0D89_COG.SAFE"
    }
   }
  },
  {
   "type": "Feature",
   "geometry": {
    "type": "Point",
    "coordinates": [
     -76.25709749515738,
     37.12292523698478
    ]
   },
   "properties": {
    "kind": "unmatched",
    "domain": "sea",
    "t_start": "2024-04-10T22:58:41+00:00",
    "t_end": "2024-04-10T22:58:41+00:00",
    "duration_s": 0.0,
    "confidence": 0.8414285714285713,
    "platform_ids": [],
    "evidence": {
     "sensor": "sentinel1-vv-cfar",
     "detector_confidence": 0.95,
     "detection_rate_this_pass": 0.886,
     "reports_considered": 35,
     "reports_with_a_fix": 35,
     "search_radius_m": 120.1,
     "snr": 22.66,
     "length_m_approx": 31.6,
     "pixels": 10,
     "scene": "S1A_IW_GRDH_1SDV_20240410T225841_20240410T225906_053378_067942_0D89_COG.SAFE"
    }
   }
  },
  {
   "type": "Feature",
   "geometry": {
    "type": "Point",
    "coordinates": [
     -76.19274638978456,
     37.015949005114905
    ]
   },
   "properties": {
    "kind": "unmatched",
    "domain": "sea",
    "t_start": "2024-04-10T22:58:41+00:00",
    "t_end": "2024-04-10T22:58:41+00:00",
    "duration_s": 0.0,
    "confidence": 0.8414285714285713,
    "platform_ids": [],
    "evidence": {
     "sensor": "sentinel1-vv-cfar",
     "detector_confidence": 0.95,
     "detection_rate_this_pass": 0.886,
     "reports_considered": 35,
     "reports_with_a_fix": 35,
     "search_radius_m": 169.8,
     "snr": 21.45,
     "length_m_approx": 64.8,
     "pixels": 42,
     "scene": "S1A_IW_GRDH_1SDV_20240410T225841_20240410T225906_053378_067942_0D89_COG.SAFE"
    }
   }
  },
  {
   "type": "Feature",
   "geometry": {
    "type": "Point",
    "coordinates": [
     -76.18784357502201,
     37.14312375051408
    ]
   },
   "properties": {
    "kind": "unmatched",
    "domain": "sea",
    "t_start": "2024-04-10T22:58:41+00:00",
    "t_end": "2024-04-10T22:58:41+00:00",
    "duration_s": 0.0,
    "confidence": 0.8414285714285713,
    "platform_ids": [],
    "evidence": {
     "sensor": "sentinel1-vv-cfar",
     "detector_confidence": 0.95,
     "detection_rate_this_pass": 0.886,
     "reports_considered": 35,
     "reports_with_a_fix": 35,
     "search_radius_m": 127.5,
     "snr": 21.36,
     "length_m_approx": 37.4,
     "pixels": 14,
     "scene": "S1A_IW_GRDH_1SDV_20240410T225841_20240410T225906_053378_067942_0D89_COG.SAFE"
    }
   }
  },
  {
   "type": "Feature",
   "geometry": {
    "type": "Point",
    "coordinates": [
     -76.1859308051559,
     37.14515318704635
    ]
   },
   "properties": {
    "kind": "unmatched",
    "domain": "sea",
    "t_start": "2024-04-10T22:58:41+00:00",
    "t_end": "2024-04-10T22:58:41+00:00",
    "duration_s": 0.0,
    "confidence": 0.8414285714285713,
    "platform_ids": [],
    "evidence": {
     "sensor": "sentinel1-vv-cfar",
     "detector_confidence": 0.95,
     "detection_rate_this_pass": 0.886,
     "reports_considered": 35,
     "reports_with_a_fix": 35,
     "search_radius_m": 123.7,
     "snr": 20.62,
     "length_m_approx": 34.6,
     "pixels": 12,
     "scene": "S1A_IW_GRDH_1SDV_20240410T225841_20240410T225906_053378_067942_0D89_COG.SAFE"
    }
   }
  },
  {
   "type": "Feature",
   "geometry": {
    "type": "Point",
    "coordinates": [
     -76.16168026798798,
     37.12887057447299
    ]
   },
   "properties": {
    "kind": "unmatched",
    "domain": "sea",
    "t_start": "2024-04-10T22:58:41+00:00",
    "t_end": "2024-04-10T22:58:41+00:00",
    "duration_s": 0.0,
    "confidence": 0.8414285714285713,
    "platform_ids": [],
    "evidence": {
     "sensor": "sentinel1-vv-cfar",
     "detector_confidence": 0.95,
     "detection_rate_this_pass": 0.886,
     "reports_considered": 35,
     "reports_with_a_fix": 35,
     "search_radius_m": 123.7,
     "snr": 19.76,
     "length_m_approx": 34.6,
     "pixels": 12,
     "scene": "S1A_IW_GRDH_1SDV_20240410T225841_20240410T225906_053378_067942_0D89_COG.SAFE"
    }
   }
  },
  {
   "type": "Feature",
   "geometry": {
    "type": "Point",
    "coordinates": [
     -76.16351035817063,
     37.12699584081791
    ]
   },
   "properties": {
    "kind": "unmatched",
    "domain": "sea",
    "t_start": "2024-04-10T22:58:41+00:00",
    "t_end": "2024-04-10T22:58:41+00:00",
    "duration_s": 0.0,
    "confidence": 0.8228285714285715,
    "platform_ids": [],
    "evidence": {
     "sensor": "sentinel1-vv-cfar",
     "detector_confidence": 0.929,
     "detection_rate_this_pass": 0.886,
     "reports_considered": 35,
     "reports_with_a_fix": 35,
     "search_radius_m": 122.1,
     "snr": 18.58,
     "length_m_approx": 33.2,
     "pixels": 11,
     "scene": "S1A_IW_GRDH_1SDV_20240410T225841_20240410T225906_053378_067942_0D89_COG.SAFE"
    }
   }
  },
  {
   "type": "Feature",
   "geometry": {
    "type": "Point",
    "coordinates": [
     -76.20897579890436,
     37.16037483570544
    ]
   },
   "properties": {
    "kind": "unmatched",
    "domain": "sea",
    "t_start": "2024-04-10T22:58:41+00:00",
    "t_end": "2024-04-10T22:58:41+00:00",
    "duration_s": 0.0,
    "confidence": 0.7457714285714285,
    "platform_ids": [],
    "evidence": {
     "sensor": "sentinel1-vv-cfar",
     "detector_confidence": 0.842,
     "detection_rate_this_pass": 0.886,
     "reports_considered": 35,
     "reports_with_a_fix": 35,
     "search_radius_m": 116.1,
     "snr": 16.85,
     "length_m_approx": 28.3,
     "pixels": 8,
     "scene": "S1A_IW_GRDH_1SDV_20240410T225841_20240410T225906_053378_067942_0D89_COG.SAFE"
    }
   }
  },
  {
   "type": "Feature",
   "geometry": {
    "type": "Point",
    "coordinates": [
     -76.25751826034093,
     37.006226120539935
    ]
   },
   "properties": {
    "kind": "unmatched",
    "domain": "sea",
    "t_start": "2024-04-10T22:58:41+00:00",
    "t_end": "2024-04-10T22:58:41+00:00",
    "duration_s": 0.0,
    "confidence": 0.7431142857142856,
    "platform_ids": [],
    "evidence": {
     "sensor": "sentinel1-vv-cfar",
     "detector_confidence": 0.839,
     "detection_rate_this_pass": 0.886,
     "reports_considered": 35,
     "reports_with_a_fix": 35,
     "search_radius_m": 118.1,
     "snr": 16.77,
     "length_m_approx": 30.0,
     "pixels": 9,
     "scene": "S1A_IW_GRDH_1SDV_20240410T225841_20240410T225906_053378_067942_0D89_COG.SAFE"
    }
   }
  },
  {
   "type": "Feature",
   "geometry": {
    "type": "Point",
    "coordinates": [
     -76.21106678313436,
     37.15858104214453
    ]
   },
   "properties": {
    "kind": "unmatched",
    "domain": "sea",
    "t_start": "2024-04-10T22:58:41+00:00",
    "t_end": "2024-04-10T22:58:41+00:00",
    "duration_s": 0.0,
    "confidence": 0.6713714285714285,
    "platform_ids": [],
    "evidence": {
     "sensor": "sentinel1-vv-cfar",
     "detector_confidence": 0.758,
     "detection_rate_this_pass": 0.886,
     "reports_considered": 35,
     "reports_with_a_fix": 35,
     "search_radius_m": 116.1,
     "snr": 15.16,
     "length_m_approx": 28.3,
     "pixels": 8,
     "scene": "S1A_IW_GRDH_1SDV_20240410T225841_20240410T225906_053378_067942_0D89_COG.SAFE"
    }
   }
  },
  {
   "type": "Feature",
   "geometry": {
    "type": "Point",
    "coordinates": [
     -76.13823463962605,
     37.18922550473407
    ]
   },
   "properties": {
    "kind": "unmatched",
    "domain": "sea",
    "t_start": "2024-04-10T22:58:41+00:00",
    "t_end": "2024-04-10T22:58:41+00:00",
    "duration_s": 0.0,
    "confidence": 0.8414285714285713,
    "platform_ids": [],
    "evidence": {
     "sensor": "sentinel1-vv-cfar",
     "detector_confidence": 0.95,
     "detection_rate_this_pass": 0.886,
     "reports_considered": 35,
     "reports_with_a_fix": 35,
     "search_radius_m": 343.5,
     "snr": 251.32,
     "length_m_approx": 154.9,
     "pixels": 240,
     "scene": "S1A_IW_GRDH_1SDV_20240410T225841_20240410T225906_053378_067942_0D89_COG.SAFE"
    }
   }
  },
  {
   "type": "Feature",
   "geometry": {
    "type": "Point",
    "coordinates": [
     -76.15186958448444,
     37.17971395917342
    ]
   },
   "properties": {
    "kind": "unmatched",
    "domain": "sea",
    "t_start": "2024-04-10T22:58:41+00:00",
    "t_end": "2024-04-10T22:58:41+00:00",
    "duration_s": 0.0,
    "confidence": 0.8414285714285713,
    "platform_ids": [],
    "evidence": {
     "sensor": "sentinel1-vv-cfar",
     "detector_confidence": 0.95,
     "detection_rate_this_pass": 0.886,
     "reports_considered": 35,
     "reports_with_a_fix": 35,
     "search_radius_m": 129.2,
     "snr": 29.81,
     "length_m_approx": 38.7,
     "pixels": 15,
     "scene": "S1A_IW_GRDH_1SDV_20240410T225841_20240410T225906_053378_067942_0D89_COG.SAFE"
    }
   }
  },
  {
   "type": "Feature",
   "geometry": {
    "type": "Point",
    "coordinates": [
     -76.14276724347535,
     37.13984779572788
    ]
   },
   "properties": {
    "kind": "unmatched",
    "domain": "sea",
    "t_start": "2024-04-10T22:58:41+00:00",
    "t_end": "2024-04-10T22:58:41+00:00",
    "duration_s": 0.0,
    "confidence": 0.8414285714285713,
    "platform_ids": [],
    "evidence": {
     "sensor": "sentinel1-vv-cfar",
     "detector_confidence": 0.95,
     "detection_rate_this_pass": 0.886,
     "reports_considered": 35,
     "reports_with_a_fix": 35,
     "search_radius_m": 137.6,
     "snr": 28.34,
     "length_m_approx": 44.7,
     "pixels": 20,
     "scene": "S1A_IW_GRDH_1SDV_20240410T225841_20240410T225906_053378_067942_0D89_COG.SAFE"
    }
   }
  },
  {
   "type": "Feature",
   "geometry": {
    "type": "Point",
    "coordinates": [
     -76.09222233756591,
     37.063363113522456
    ]
   },
   "properties": {
    "kind": "unmatched",
    "domain": "sea",
    "t_start": "2024-04-10T22:58:41+00:00",
    "t_end": "2024-04-10T22:58:41+00:00",
    "duration_s": 0.0,
    "confidence": 0.8414285714285713,
    "platform_ids": [],
    "evidence": {
     "sensor": "sentinel1-vv-cfar",
     "detector_confidence": 0.95,
     "detection_rate_this_pass": 0.886,
     "reports_considered": 35,
     "reports_with_a_fix": 35,
     "search_radius_m": 127.5,
     "snr": 24.07,
     "length_m_approx": 37.4,
     "pixels": 14,
     "scene": "S1A_IW_GRDH_1SDV_20240410T225841_20240410T225906_053378_067942_0D89_COG.SAFE"
    }
   }
  },
  {
   "type": "Feature",
   "geometry": {
    "type": "Point",
    "coordinates": [
     -76.11878029344615,
     37.10079752572895
    ]
   },
   "properties": {
    "kind": "unmatched",
    "domain": "sea",
    "t_start": "2024-04-10T22:58:41+00:00",
    "t_end": "2024-04-10T22:58:41+00:00",
    "duration_s": 0.0,
    "confidence": 0.8414285714285713,
    "platform_ids": [],
    "evidence": {
     "sensor": "sentinel1-vv-cfar",
     "detector_confidence": 0.95,
     "detection_rate_this_pass": 0.886,
     "reports_considered": 35,
     "reports_with_a_fix": 35,
     "search_radius_m": 122.1,
     "snr": 22.87,
     "length_m_approx": 33.2,
     "pixels": 11,
     "scene": "S1A_IW_GRDH_1SDV_20240410T225841_20240410T225906_053378_067942_0D89_COG.SAFE"
    }
   }
  },
  {
   "type": "Feature",
   "geometry": {
    "type": "Point",
    "coordinates": [
     -76.00542060182428,
     37.10462011139232
    ]
   },
   "properties": {
    "kind": "unmatched",
    "domain": "sea",
    "t_start": "2024-04-10T22:58:41+00:00",
    "t_end": "2024-04-10T22:58:41+00:00",
    "duration_s": 0.0,
    "confidence": 0.8414285714285713,
    "platform_ids": [],
    "evidence": {
     "sensor": "sentinel1-vv-cfar",
     "detector_confidence": 0.95,
     "detection_rate_this_pass": 0.886,
     "reports_considered": 35,
     "reports_with_a_fix": 35,
     "search_radius_m": 106.1,
     "snr": 22.67,
     "length_m_approx": 34.6,
     "pixels": 12,
     "scene": "S1A_IW_GRDH_1SDV_20240410T225841_20240410T225906_053378_067942_0D89_COG.SAFE"
    }
   }
  },
  {
   "type": "Feature",
   "geometry": {
    "type": "Point",
    "coordinates": [
     -76.09151348132677,
     37.041108058892995
    ]
   },
   "properties": {
    "kind": "unmatched",
    "domain": "sea",
    "t_start": "2024-04-10T22:58:41+00:00",
    "t_end": "2024-04-10T22:58:41+00:00",
    "duration_s": 0.0,
    "confidence": 0.8414285714285713,
    "platform_ids": [],
    "evidence": {
     "sensor": "sentinel1-vv-cfar",
     "detector_confidence": 0.95,
     "detection_rate_this_pass": 0.886,
     "reports_considered": 35,
     "reports_with_a_fix": 35,
     "search_radius_m": 122.1,
     "snr": 21.26,
     "length_m_approx": 33.2,
     "pixels": 11,
     "scene": "S1A_IW_GRDH_1SDV_20240410T225841_20240410T225906_053378_067942_0D89_COG.SAFE"
    }
   }
  },
  {
   "type": "Feature",
   "geometry": {
    "type": "Point",
    "coordinates": [
     -76.08286501981601,
     37.15797373366487
    ]
   },
   "properties": {
    "kind": "unmatched",
    "domain": "sea",
    "t_start": "2024-04-10T22:58:41+00:00",
    "t_end": "2024-04-10T22:58:41+00:00",
    "duration_s": 0.0,
    "confidence": 0.8414285714285713,
    "platform_ids": [],
    "evidence": {
     "sensor": "sentinel1-vv-cfar",
     "detector_confidence": 0.95,
     "detection_rate_this_pass": 0.886,
     "reports_considered": 35,
     "reports_with_a_fix": 35,
     "search_radius_m": 193.3,
     "snr": 20.93,
     "length_m_approx": 83.7,
     "pixels": 70,
     "scene": "S1A_IW_GRDH_1SDV_20240410T225841_20240410T225906_053378_067942_0D89_COG.SAFE"
    }
   }
  },
  {
   "type": "Feature",
   "geometry": {
    "type": "Point",
    "coordinates": [
     -76.15300105351292,
     37.16510059949091
    ]
   },
   "properties": {
    "kind": "unmatched",
    "domain": "sea",
    "t_start": "2024-04-10T22:58:41+00:00",
    "t_end": "2024-04-10T22:58:41+00:00",
    "duration_s": 0.0,
    "confidence": 0.8414285714285713,
    "platform_ids": [],
    "evidence": {
     "sensor": "sentinel1-vv-cfar",
     "detector_confidence": 0.95,
     "detection_rate_this_pass": 0.886,
     "reports_considered": 35,
     "reports_with_a_fix": 35,
     "search_radius_m": 129.2,
     "snr": 19.79,
     "length_m_approx": 38.7,
     "pixels": 15,
     "scene": "S1A_IW_GRDH_1SDV_20240410T225841_20240410T225906_053378_067942_0D89_COG.SAFE"
    }
   }
  },
  {
   "type": "Feature",
   "geometry": {
    "type": "Point",
    "coordinates": [
     -76.1270912226174,
     37.117860989135885
    ]
   },
   "properties": {
    "kind": "unmatched",
    "domain": "sea",
    "t_start": "2024-04-10T22:58:41+00:00",
    "t_end": "2024-04-10T22:58:41+00:00",
    "duration_s": 0.0,
    "confidence": 0.8414285714285713,
    "platform_ids": [],
    "evidence": {
     "sensor": "sentinel1-vv-cfar",
     "detector_confidence": 0.95,
     "detection_rate_this_pass": 0.886,
     "reports_considered": 35,
     "reports_with_a_fix": 35,
     "search_radius_m": 123.7,
     "snr": 19.46,
     "length_m_approx": 34.6,
     "pixels": 12,
     "scene": "S1A_IW_GRDH_1SDV_20240410T225841_20240410T225906_053378_067942_0D89_COG.SAFE"
    }
   }
  },
  {
   "type": "Feature",
   "geometry": {
    "type": "Point",
    "coordinates": [
     -75.98487960735724,
     37.143969285173725
    ]
   },
   "properties": {
    "kind": "unmatched",
    "domain": "sea",
    "t_start": "2024-04-10T22:58:41+00:00",
    "t_end": "2024-04-10T22:58:41+00:00",
    "duration_s": 0.0,
    "confidence": 0.8414285714285713,
    "platform_ids": [],
    "evidence": {
     "sensor": "sentinel1-vv-cfar",
     "detector_confidence": 0.95,
     "detection_rate_this_pass": 0.886,
     "reports_considered": 35,
     "reports_with_a_fix": 35,
     "search_radius_m": 135.9,
     "snr": 19.44,
     "length_m_approx": 52.9,
     "pixels": 28,
     "scene": "S1A_IW_GRDH_1SDV_20240410T225841_20240410T225906_053378_067942_0D89_COG.SAFE"
    }
   }
  },
  {
   "type": "Feature",
   "geometry": {
    "type": "Point",
    "coordinates": [
     -76.1562068941171,
     37.18621402149551
    ]
   },
   "properties": {
    "kind": "unmatched",
    "domain": "sea",
    "t_start": "2024-04-10T22:58:41+00:00",
    "t_end": "2024-04-10T22:58:41+00:00",
    "duration_s": 0.0,
    "confidence": 0.7989142857142857,
    "platform_ids": [],
    "evidence": {
     "sensor": "sentinel1-vv-cfar",
     "detector_confidence": 0.902,
     "detection_rate_this_pass": 0.886,
     "reports_considered": 35,
     "reports_with_a_fix": 35,
     "search_radius_m": 116.1,
     "snr": 18.03,
     "length_m_approx": 28.3,
     "pixels": 8,
     "scene": "S1A_IW_GRDH_1SDV_20240410T225841_20240410T225906_053378_067942_0D89_COG.SAFE"
    }
   }
  },
  {
   "type": "Feature",
   "geometry": {
    "type": "Point",
    "coordinates": [
     -76.12990527095484,
     37.116553288583376
    ]
   },
   "properties": {
    "kind": "unmatched",
    "domain": "sea",
    "t_start": "2024-04-10T22:58:41+00:00",
    "t_end": "2024-04-10T22:58:41+00:00",
    "duration_s": 0.0,
    "confidence": 0.7980285714285714,
    "platform_ids": [],
    "evidence": {
     "sensor": "sentinel1-vv-cfar",
     "detector_confidence": 0.901,
     "detection_rate_this_pass": 0.886,
     "reports_considered": 35,
     "reports_with_a_fix": 35,
     "search_radius_m": 118.1,
     "snr": 18.01,
     "length_m_approx": 30.0,
     "pixels": 9,
     "scene": "S1A_IW_GRDH_1SDV_20240410T225841_20240410T225906_053378_067942_0D89_COG.SAFE"
    }
   }
  },
  {
   "type": "Feature",
   "geometry": {
    "type": "Point",
    "coordinates": [
     -76.07458088939886,
     37.16831970100354
    ]
   },
   "properties": {
    "kind": "unmatched",
    "domain": "sea",
    "t_start": "2024-04-10T22:58:41+00:00",
    "t_end": "2024-04-10T22:58:41+00:00",
    "duration_s": 0.0,
    "confidence": 0.7767714285714286,
    "platform_ids": [],
    "evidence": {
     "sensor": "sentinel1-vv-cfar",
     "detector_confidence": 0.877,
     "detection_rate_this_pass": 0.886,
     "reports_considered": 35,
     "reports_with_a_fix": 35,
     "search_radius_m": 171.3,
     "snr": 17.54,
     "length_m_approx": 72.1,
     "pixels": 52,
     "scene": "S1A_IW_GRDH_1SDV_20240410T225841_20240410T225906_053378_067942_0D89_COG.SAFE"
    }
   }
  },
  {
   "type": "Feature",
   "geometry": {
    "type": "Point",
    "coordinates": [
     -76.14762657749105,
     37.15169507567249
    ]
   },
   "properties": {
    "kind": "unmatched",
    "domain": "sea",
    "t_start": "2024-04-10T22:58:41+00:00",
    "t_end": "2024-04-10T22:58:41+00:00",
    "duration_s": 0.0,
    "confidence": 0.7590571428571428,
    "platform_ids": [],
    "evidence": {
     "sensor": "sentinel1-vv-cfar",
     "detector_confidence": 0.857,
     "detection_rate_this_pass": 0.886,
     "reports_considered": 35,
     "reports_with_a_fix": 35,
     "search_radius_m": 118.1,
     "snr": 17.13,
     "length_m_approx": 30.0,
     "pixels": 9,
     "scene": "S1A_IW_GRDH_1SDV_20240410T225841_20240410T225906_053378_067942_0D89_COG.SAFE"
    }
   }
  },
  {
   "type": "Feature",
   "geometry": {
    "type": "Point",
    "coordinates": [
     -76.07680407325947,
     37.03623569103641
    ]
   },
   "properties": {
    "kind": "unmatched",
    "domain": "sea",
    "t_start": "2024-04-10T22:58:41+00:00",
    "t_end": "2024-04-10T22:58:41+00:00",
    "duration_s": 0.0,
    "confidence": 0.7581714285714285,
    "platform_ids": [],
    "evidence": {
     "sensor": "sentinel1-vv-cfar",
     "detector_confidence": 0.856,
     "detection_rate_this_pass": 0.886,
     "reports_considered": 35,
     "reports_with_a_fix": 35,
     "search_radius_m": 241.9,
     "snr": 17.12,
     "length_m_approx": 103.9,
     "pixels": 108,
     "scene": "S1A_IW_GRDH_1SDV_20240410T225841_20240410T225906_053378_067942_0D89_COG.SAFE"
    }
   }
  },
  {
   "type": "Feature",
   "geometry": {
    "type": "Point",
    "coordinates": [
     -75.96491045131931,
     37.05361606265813
    ]
   },
   "properties": {
    "kind": "unmatched",
    "domain": "sea",
    "t_start": "2024-04-10T22:58:41+00:00",
    "t_end": "2024-04-10T22:58:41+00:00",
    "duration_s": 0.0,
    "confidence": 0.7572857142857142,
    "platform_ids": [],
    "evidence": {
     "sensor": "sentinel1-vv-cfar",
     "detector_confidence": 0.855,
     "detection_rate_this_pass": 0.886,
     "reports_considered": 35,
     "reports_with_a_fix": 35,
     "search_radius_m": 97.5,
     "snr": 17.09,
     "length_m_approx": 28.3,
     "pixels": 8,
     "scene": "S1A_IW_GRDH_1SDV_20240410T225841_20240410T225906_053378_067942_0D89_COG.SAFE"
    }
   }
  },
  {
   "type": "Feature",
   "geometry": {
    "type": "Point",
    "coordinates": [
     -76.1498008505425,
     37.16561054386124
    ]
   },
   "properties": {
    "kind": "unmatched",
    "domain": "sea",
    "t_start": "2024-04-10T22:58:41+00:00",
    "t_end": "2024-04-10T22:58:41+00:00",
    "duration_s": 0.0,
    "confidence": 0.7457714285714285,
    "platform_ids": [],
    "evidence": {
     "sensor": "sentinel1-vv-cfar",
     "detector_confidence": 0.842,
     "detection_rate_this_pass": 0.886,
     "reports_considered": 35,
     "reports_with_a_fix": 35,
     "search_radius_m": 118.1,
     "snr": 16.85,
     "length_m_approx": 30.0,
     "pixels": 9,
     "scene": "S1A_IW_GRDH_1SDV_20240410T225841_20240410T225906_053378_067942_0D89_COG.SAFE"
    }
   }
  },
  {
   "type": "Feature",
   "geometry": {
    "type": "Point",
    "coordinates": [
     -76.07048338714542,
     37.04069171870458
    ]
   },
   "properties": {
    "kind": "unmatched",
    "domain": "sea",
    "t_start": "2024-04-10T22:58:41+00:00",
    "t_end": "2024-04-10T22:58:41+00:00",
    "duration_s": 0.0,
    "confidence": 0.744,
    "platform_ids": [],
    "evidence": {
     "sensor": "sentinel1-vv-cfar",
     "detector_confidence": 0.84,
     "detection_rate_this_pass": 0.886,
     "reports_considered": 35,
     "reports_with_a_fix": 35,
     "search_radius_m": 104.1,
     "snr": 16.81,
     "length_m_approx": 33.2,
     "pixels": 11,
     "scene": "S1A_IW_GRDH_1SDV_20240410T225841_20240410T225906_053378_067942_0D89_COG.SAFE"
    }
   }
  },
  {
   "type": "Feature",
   "geometry": {
    "type": "Point",
    "coordinates": [
     -75.51987671948343,
     37.275385458523644
    ]
   },
   "properties": {
    "kind": "unmatched",
    "domain": "sea",
    "t_start": "2024-04-10T22:58:41+00:00",
    "t_end": "2024-04-10T22:58:41+00:00",
    "duration_s": 0.0,
    "confidence": 0.6864285714285714,
    "platform_ids": [],
    "evidence": {
     "sensor": "sentinel1-vv-cfar",
     "detector_confidence": 0.775,
     "detection_rate_this_pass": 0.886,
     "reports_considered": 35,
     "reports_with_a_fix": 35,
     "search_radius_m": 117.8,
     "snr": 15.49,
     "length_m_approx": 42.4,
     "pixels": 18,
     "scene": "S1A_IW_GRDH_1SDV_20240410T225841_20240410T225906_053378_067942_0D89_COG.SAFE"
    }
   }
  },
  {
   "type": "Feature",
   "geometry": {
    "type": "Point",
    "coordinates": [
     -76.34536161735528,
     37.243310533939905
    ]
   },
   "properties": {
    "kind": "unmatched",
    "domain": "sea",
    "t_start": "2024-04-10T22:58:41+00:00",
    "t_end": "2024-04-10T22:58:41+00:00",
    "duration_s": 0.0,
    "confidence": 0.8414285714285713,
    "platform_ids": [],
    "evidence": {
     "sensor": "sentinel1-vv-cfar",
     "detector_confidence": 0.95,
     "detection_rate_this_pass": 0.886,
     "reports_considered": 35,
     "reports_with_a_fix": 35,
     "search_radius_m": 132.7,
     "snr": 39.47,
     "length_m_approx": 41.2,
     "pixels": 17,
     "scene": "S1A_IW_GRDH_1SDV_20240410T225841_20240410T225906_053378_067942_0D89_COG.SAFE"
    }
   }
  },
  {
   "type": "Feature",
   "geometry": {
    "type": "Point",
    "coordinates": [
     -76.37280941234067,
     37.238753548933566
    ]
   },
   "properties": {
    "kind": "unmatched",
    "domain": "sea",
    "t_start": "2024-04-10T22:58:41+00:00",
    "t_end": "2024-04-10T22:58:41+00:00",
    "duration_s": 0.0,
    "confidence": 0.8414285714285713,
    "platform_ids": [],
    "evidence": {
     "sensor": "sentinel1-vv-cfar",
     "detector_confidence": 0.95,
     "detection_rate_this_pass": 0.886,
     "reports_considered": 35,
     "reports_with_a_fix": 35,
     "search_radius_m": 142.3,
     "snr": 36.89,
     "length_m_approx": 48.0,
     "pixels": 23,
     "scene": "S1A_IW_GRDH_1SDV_20240410T225841_20240410T225906_053378_067942_0D89_COG.SAFE"
    }
   }
  },
  {
   "type": "Feature",
   "geometry": {
    "type": "Point",
    "coordinates": [
     -76.35081998283349,
     37.234046448048545
    ]
   },
   "properties": {
    "kind": "unmatched",
    "domain": "sea",
    "t_start": "2024-04-10T22:58:41+00:00",
    "t_end": "2024-04-10T22:58:41+00:00",
    "duration_s": 0.0,
    "confidence": 0.8414285714285713,
    "platform_ids": [],
    "evidence": {
     "sensor": "sentinel1-vv-cfar",
     "detector_confidence": 0.95,
     "detection_rate_this_pass": 0.886,
     "reports_considered": 35,
     "reports_with_a_fix": 35,
     "search_radius_m": 129.2,
     "snr": 36.82,
     "length_m_approx": 38.7,
     "pixels": 15,
     "scene": "S1A_IW_GRDH_1SDV_20240410T225841_20240410T225906_053378_067942_0D89_COG.SAFE"
    }
   }
  },
  {
   "type": "Feature",
   "geometry": {
    "type": "Point",
    "coordinates": [
     -76.33888937991392,
     37.21058624850728
    ]
   },
   "properties": {
    "kind": "unmatched",
    "domain": "sea",
    "t_start": "2024-04-10T22:58:41+00:00",
    "t_end": "2024-04-10T22:58:41+00:00",
    "duration_s": 0.0,
    "confidence": 0.8414285714285713,
    "platform_ids": [],
    "evidence": {
     "sensor": "sentinel1-vv-cfar",
     "detector_confidence": 0.95,
     "detection_rate_this_pass": 0.886,
     "reports_considered": 35,
     "reports_with_a_fix": 35,
     "search_radius_m": 127.5,
     "snr": 33.94,
     "length_m_approx": 37.4,
     "pixels": 14,
     "scene": "S1A_IW_GRDH_1SDV_20240410T225841_20240410T225906_053378_067942_0D89_COG.SAFE"
    }
   }
  },
  {
   "type": "Feature",
   "geometry": {
    "type": "Point",
    "coordinates": [
     -76.26091546627949,
     37.19186309701617
    ]
   },
   "properties": {
    "kind": "unmatched",
    "domain": "sea",
    "t_start": "2024-04-10T22:58:41+00:00",
    "t_end": "2024-04-10T22:58:41+00:00",
    "duration_s": 0.0,
    "confidence": 0.8414285714285713,
    "platform_ids": [],
    "evidence": {
     "sensor": "sentinel1-vv-cfar",
     "detector_confidence": 0.95,
     "detection_rate_this_pass": 0.886,
     "reports_considered": 35,
     "reports_with_a_fix": 35,
     "search_radius_m": 129.2,
     "snr": 30.55,
     "length_m_approx": 38.7,
     "pixels": 15,
     "scene": "S1A_IW_GRDH_1SDV_20240410T225841_20240410T225906_053378_067942_0D89_COG.SAFE"
    }
   }
  },
  {
   "type": "Feature",
   "geometry": {
    "type": "Point",
    "coordinates": [
     -76.39062838994641,
     37.24728201425056
    ]
   },
   "properties": {
    "kind": "unmatched",
    "domain": "sea",
    "t_start": "2024-04-10T22:58:41+00:00",
    "t_end": "2024-04-10T22:58:41+00:00",
    "duration_s": 0.0,
    "confidence": 0.8414285714285713,
    "platform_ids": [],
    "evidence": {
     "sensor": "sentinel1-vv-cfar",
     "detector_confidence": 0.95,
     "detection_rate_this_pass": 0.886,
     "reports_considered": 35,
     "reports_with_a_fix": 35,
     "search_radius_m": 129.2,
     "snr": 28.41,
     "length_m_approx": 38.7,
     "pixels": 15,
     "scene": "S1A_IW_GRDH_1SDV_20240410T225841_20240410T225906_053378_067942_0D89_COG.SAFE"
    }
   }
  },
  {
   "type": "Feature",
   "geometry": {
    "type": "Point",
    "coordinates": [
     -76.2832250927114,
     37.20953408428659
    ]
   },
   "properties": {
    "kind": "unmatched",
    "domain": "sea",
    "t_start": "2024-04-10T22:58:41+00:00",
    "t_end": "2024-04-10T22:58:41+00:00",
    "duration_s": 0.0,
    "confidence": 0.8414285714285713,
    "platform_ids": [],
    "evidence": {
     "sensor": "sentinel1-vv-cfar",
     "detector_confidence": 0.95,
     "detection_rate_this_pass": 0.886,
     "reports_considered": 35,
     "reports_with_a_fix": 35,
     "search_radius_m": 125.4,
     "snr": 27.86,
     "length_m_approx": 36.1,
     "pixels": 13,
     "scene": "S1A_IW_GRDH_1SDV_20240410T225841_20240410T225906_053378_067942_0D89_COG.SAFE"
    }
   }
  },
  {
   "type": "Feature",
   "geometry": {
    "type": "Point",
    "coordinates": [
     -76.37516215188683,
     37.25069569544492
    ]
   },
   "properties": {
    "kind": "unmatched",
    "domain": "sea",
    "t_start": "2024-04-10T22:58:41+00:00",
    "t_end": "2024-04-10T22:58:41+00:00",
    "duration_s": 0.0,
    "confidence": 0.8414285714285713,
    "platform_ids": [],
    "evidence": {
     "sensor": "sentinel1-vv-cfar",
     "detector_confidence": 0.95,
     "detection_rate_this_pass": 0.886,
     "reports_considered": 35,
     "reports_with_a_fix": 35,
     "search_radius_m": 125.4,
     "snr": 25.95,
     "length_m_approx": 36.1,
     "pixels": 13,
     "scene": "S1A_IW_GRDH_1SDV_20240410T225841_20240410T225906_053378_067942_0D89_COG.SAFE"
    }
   }
  },
  {
   "type": "Feature",
   "geometry": {
    "type": "Point",
    "coordinates": [
     -76.34173668560996,
     37.2513998586041
    ]
   },
   "properties": {
    "kind": "unmatched",
    "domain": "sea",
    "t_start": "2024-04-10T22:58:41+00:00",
    "t_end": "2024-04-10T22:58:41+00:00",
    "duration_s": 0.0,
    "confidence": 0.8414285714285713,
    "platform_ids": [],
    "evidence": {
     "sensor": "sentinel1-vv-cfar",
     "detector_confidence": 0.95,
     "detection_rate_this_pass": 0.886,
     "reports_considered": 35,
     "reports_with_a_fix": 35,
     "search_radius_m": 134.1,
     "snr": 24.23,
     "length_m_approx": 42.4,
     "pixels": 18,
     "scene": "S1A_IW_GRDH_1SDV_20240410T225841_20240410T225906_053378_067942_0D89_COG.SAFE"
    }
   }
  },
  {
   "type": "Feature",
   "geometry": {
    "type": "Point",
    "coordinates": [
     -76.32380033032179,
     37.23584176282296
    ]
   },
   "properties": {
    "kind": "unmatched",
    "domain": "sea",
    "t_start": "2024-04-10T22:58:41+00:00",
    "t_end": "2024-04-10T22:58:41+00:00",
    "duration_s": 0.0,
    "confidence": 0.8414285714285713,
    "platform_ids": [],
    "evidence": {
     "sensor": "sentinel1-vv-cfar",
     "detector_confidence": 0.95,
     "detection_rate_this_pass": 0.886,
     "reports_considered": 35,
     "reports_with_a_fix": 35,
     "search_radius_m": 123.7,
     "snr": 19.86,
     "length_m_approx": 34.6,
     "pixels": 12,
     "scene": "S1A_IW_GRDH_1SDV_20240410T225841_20240410T225906_053378_067942_0D89_COG.SAFE"
    }
   }
  },
  {
   "type": "Feature",
   "geometry": {
    "type": "Point",
    "coordinates": [
     -76.25340446206455,
     37.20979918254598
    ]
   },
   "properties": {
    "kind": "unmatched",
    "domain": "sea",
    "t_start": "2024-04-10T22:58:41+00:00",
    "t_end": "2024-04-10T22:58:41+00:00",
    "duration_s": 0.0,
    "confidence": 0.8414285714285713,
    "platform_ids": [],
    "evidence": {
     "sensor": "sentinel1-vv-cfar",
     "detector_confidence": 0.95,
     "detection_rate_this_pass": 0.886,
     "reports_considered": 35,
     "reports_with_a_fix": 35,
     "search_radius_m": 129.2,
     "snr": 19.6,
     "length_m_approx": 38.7,
     "pixels": 15,
     "scene": "S1A_IW_GRDH_1SDV_20240410T225841_20240410T225906_053378_067942_0D89_COG.SAFE"
    }
   }
  },
  {
   "type": "Feature",
   "geometry": {
    "type": "Point",
    "coordinates": [
     -76.30743379123942,
     37.225537974577755
    ]
   },
   "properties": {
    "kind": "unmatched",
    "domain": "sea",
    "t_start": "2024-04-10T22:58:41+00:00",
    "t_end": "2024-04-10T22:58:41+00:00",
    "duration_s": 0.0,
    "confidence": 0.7953714285714285,
    "platform_ids": [],
    "evidence": {
     "sensor": "sentinel1-vv-cfar",
     "detector_confidence": 0.898,
     "detection_rate_this_pass": 0.886,
     "reports_considered": 35,
     "reports_with_a_fix": 35,
     "search_radius_m": 125.4,
     "snr": 17.95,
     "length_m_approx": 36.1,
     "pixels": 13,
     "scene": "S1A_IW_GRDH_1SDV_20240410T225841_20240410T225906_053378_067942_0D89_COG.SAFE"
    }
   }
  },
  {
   "type": "Feature",
   "geometry": {
    "type": "Point",
    "coordinates": [
     -76.39402312694575,
     37.3376741021766
    ]
   },
   "properties": {
    "kind": "unmatched",
    "domain": "sea",
    "t_start": "2024-04-10T22:58:41+00:00",
    "t_end": "2024-04-10T22:58:41+00:00",
    "duration_s": 0.0,
    "confidence": 0.7918285714285714,
    "platform_ids": [],
    "evidence": {
     "sensor": "sentinel1-vv-cfar",
     "detector_confidence": 0.894,
     "detection_rate_this_pass": 0.886,
     "reports_considered": 35,
     "reports_with_a_fix": 35,
     "search_radius_m": 99.7,
     "snr": 17.88,
     "length_m_approx": 30.0,
     "pixels": 9,
     "scene": "S1A_IW_GRDH_1SDV_20240410T225841_20240410T225906_053378_067942_0D89_COG.SAFE"
    }
   }
  },
  {
   "type": "Feature",
   "geometry": {
    "type": "Point",
    "coordinates": [
     -76.34499497607412,
     37.332278061301984
    ]
   },
   "properties": {
    "kind": "unmatched",
    "domain": "sea",
    "t_start": "2024-04-10T22:58:41+00:00",
    "t_end": "2024-04-10T22:58:41+00:00",
    "duration_s": 0.0,
    "confidence": 0.7626,
    "platform_ids": [],
    "evidence": {
     "sensor": "sentinel1-vv-cfar",
     "detector_confidence": 0.861,
     "detection_rate_this_pass": 0.886,
     "reports_considered": 35,
     "reports_with_a_fix": 35,
     "search_radius_m": 116.1,
     "snr": 17.22,
     "length_m_approx": 28.3,
     "pixels": 8,
     "scene": "S1A_IW_GRDH_1SDV_20240410T225841_20240410T225906_053378_067942_0D89_COG.SAFE"
    }
   }
  },
  {
   "type": "Feature",
   "geometry": {
    "type": "Point",
    "coordinates": [
     -76.29335477078095,
     37.2210608553149
    ]
   },
   "properties": {
    "kind": "unmatched",
    "domain": "sea",
    "t_start": "2024-04-10T22:58:41+00:00",
    "t_end": "2024-04-10T22:58:41+00:00",
    "duration_s": 0.0,
    "confidence": 0.7599428571428571,
    "platform_ids": [],
    "evidence": {
     "sensor": "sentinel1-vv-cfar",
     "detector_confidence": 0.858,
     "detection_rate_this_pass": 0.886,
     "reports_considered": 35,
     "reports_with_a_fix": 35,
     "search_radius_m": 149.9,
     "snr": 17.16,
     "length_m_approx": 52.9,
     "pixels": 28,
     "scene": "S1A_IW_GRDH_1SDV_20240410T225841_20240410T225906_053378_067942_0D89_COG.SAFE"
    }
   }
  },
  {
   "type": "Feature",
   "geometry": {
    "type": "Point",
    "coordinates": [
     -76.3094019021501,
     37.223739019906965
    ]
   },
   "properties": {
    "kind": "unmatched",
    "domain": "sea",
    "t_start": "2024-04-10T22:58:41+00:00",
    "t_end": "2024-04-10T22:58:41+00:00",
    "duration_s": 0.0,
    "confidence": 0.7307142857142856,
    "platform_ids": [],
    "evidence": {
     "sensor": "sentinel1-vv-cfar",
     "detector_confidence": 0.825,
     "detection_rate_this_pass": 0.886,
     "reports_considered": 35,
     "reports_with_a_fix": 35,
     "search_radius_m": 120.1,
     "snr": 16.49,
     "length_m_approx": 31.6,
     "pixels": 10,
     "scene": "S1A_IW_GRDH_1SDV_20240410T225841_20240410T225906_053378_067942_0D89_COG.SAFE"
    }
   }
  },
  {
   "type": "Feature",
   "geometry": {
    "type": "Point",
    "coordinates": [
     -76.32420703926826,
     37.22538960124009
    ]
   },
   "properties": {
    "kind": "unmatched",
    "domain": "sea",
    "t_start": "2024-04-10T22:58:41+00:00",
    "t_end": "2024-04-10T22:58:41+00:00",
    "duration_s": 0.0,
    "confidence": 0.7032571428571429,
    "platform_ids": [],
    "evidence": {
     "sensor": "sentinel1-vv-cfar",
     "detector_confidence": 0.794,
     "detection_rate_this_pass": 0.886,
     "reports_considered": 35,
     "reports_with_a_fix": 35,
     "search_radius_m": 127.5,
     "snr": 15.89,
     "length_m_approx": 37.4,
     "pixels": 14,
     "scene": "S1A_IW_GRDH_1SDV_20240410T225841_20240410T225906_053378_067942_0D89_COG.SAFE"
    }
   }
  },
  {
   "type": "Feature",
   "geometry": {
    "type": "Point",
    "coordinates": [
     -76.28521595692995,
     37.207890583281404
    ]
   },
   "properties": {
    "kind": "unmatched",
    "domain": "sea",
    "t_start": "2024-04-10T22:58:41+00:00",
    "t_end": "2024-04-10T22:58:41+00:00",
    "duration_s": 0.0,
    "confidence": 0.6988285714285715,
    "platform_ids": [],
    "evidence": {
     "sensor": "sentinel1-vv-cfar",
     "detector_confidence": 0.789,
     "detection_rate_this_pass": 0.886,
     "reports_considered": 35,
     "reports_with_a_fix": 35,
     "search_radius_m": 118.1,
     "snr": 15.78,
     "length_m_approx": 30.0,
     "pixels": 9,
     "scene": "S1A_IW_GRDH_1SDV_20240410T225841_20240410T225906_053378_067942_0D89_COG.SAFE"
    }
   }
  },
  {
   "type": "Feature",
   "geometry": {
    "type": "Point",
    "coordinates": [
     -76.19079666968123,
     37.29765235884929
    ]
   },
   "properties": {
    "kind": "unmatched",
    "domain": "sea",
    "t_start": "2024-04-10T22:58:41+00:00",
    "t_end": "2024-04-10T22:58:41+00:00",
    "duration_s": 0.0,
    "confidence": 0.8414285714285713,
    "platform_ids": [],
    "evidence": {
     "sensor": "sentinel1-vv-cfar",
     "detector_confidence": 0.95,
     "detection_rate_this_pass": 0.886,
     "reports_considered": 35,
     "reports_with_a_fix": 35,
     "search_radius_m": 129.2,
     "snr": 45.18,
     "length_m_approx": 38.7,
     "pixels": 15,
     "scene": "S1A_IW_GRDH_1SDV_20240410T225841_20240410T225906_053378_067942_0D89_COG.SAFE"
    }
   }
  },
  {
   "type": "Feature",
   "geometry": {
    "type": "Point",
    "coordinates": [
     -76.03213489198855,
     37.384878338437666
    ]
   },
   "properties": {
    "kind": "unmatched",
    "domain": "sea",
    "t_start": "2024-04-10T22:58:41+00:00",
    "t_end": "2024-04-10T22:58:41+00:00",
    "duration_s": 0.0,
    "confidence": 0.8414285714285713,
    "platform_ids": [],
    "evidence": {
     "sensor": "sentinel1-vv-cfar",
     "detector_confidence": 0.95,
     "detection_rate_this_pass": 0.886,
     "reports_considered": 35,
     "reports_with_a_fix": 35,
     "search_radius_m": 114.5,
     "snr": 36.63,
     "length_m_approx": 40.0,
     "pixels": 16,
     "scene": "S1A_IW_GRDH_1SDV_20240410T225841_20240410T225906_053378_067942_0D89_COG.SAFE"
    }
   }
  },
  {
   "type": "Feature",
   "geometry": {
    "type": "Point",
    "coordinates": [
     -76.12237879309411,
     37.263668121503294
    ]
   },
   "properties": {
    "kind": "unmatched",
    "domain": "sea",
    "t_start": "2024-04-10T22:58:41+00:00",
    "t_end": "2024-04-10T22:58:41+00:00",
    "duration_s": 0.0,
    "confidence": 0.8414285714285713,
    "platform_ids": [],
    "evidence": {
     "sensor": "sentinel1-vv-cfar",
     "detector_confidence": 0.95,
     "detection_rate_this_pass": 0.886,
     "reports_considered": 35,
     "reports_with_a_fix": 35,
     "search_radius_m": 110.4,
     "snr": 29.61,
     "length_m_approx": 37.4,
     "pixels": 14,
     "scene": "S1A_IW_GRDH_1SDV_20240410T225841_20240410T225906_053378_067942_0D89_COG.SAFE"
    }
   }
  },
  {
   "type": "Feature",
   "geometry": {
    "type": "Point",
    "coordinates": [
     -76.14441584930663,
     37.20722663877246
    ]
   },
   "properties": {
    "kind": "unmatched",
    "domain": "sea",
    "t_start": "2024-04-10T22:58:41+00:00",
    "t_end": "2024-04-10T22:58:41+00:00",
    "duration_s": 0.0,
    "confidence": 0.8414285714285713,
    "platform_ids": [],
    "evidence": {
     "sensor": "sentinel1-vv-cfar",
     "detector_confidence": 0.95,
     "detection_rate_this_pass": 0.886,
     "reports_considered": 35,
     "reports_with_a_fix": 35,
     "search_radius_m": 123.7,
     "snr": 22.61,
     "length_m_approx": 34.6,
     "pixels": 12,
     "scene": "S1A_IW_GRDH_1SDV_20240410T225841_20240410T225906_053378_067942_0D89_COG.SAFE"
    }
   }
  },
  {
   "type": "Feature",
   "geometry": {
    "type": "Point",
    "coordinates": [
     -76.07363801669986,
     37.363644380045386
    ]
   },
   "properties": {
    "kind": "unmatched",
    "domain": "sea",
    "t_start": "2024-04-10T22:58:41+00:00",
    "t_end": "2024-04-10T22:58:41+00:00",
    "duration_s": 0.0,
    "confidence": 0.8414285714285713,
    "platform_ids": [],
    "evidence": {
     "sensor": "sentinel1-vv-cfar",
     "detector_confidence": 0.95,
     "detection_rate_this_pass": 0.886,
     "reports_considered": 35,
     "reports_with_a_fix": 35,
     "search_radius_m": 102.0,
     "snr": 20.71,
     "length_m_approx": 31.6,
     "pixels": 10,
     "scene": "S1A_IW_GRDH_1SDV_20240410T225841_20240410T225906_053378_067942_0D89_COG.SAFE"
    }
   }
  },
  {
   "type": "Feature",
   "geometry": {
    "type": "Point",
    "coordinates": [
     -76.04606031795794,
     37.22881524704583
    ]
   },
   "properties": {
    "kind": "unmatched",
    "domain": "sea",
    "t_start": "2024-04-10T22:58:41+00:00",
    "t_end": "2024-04-10T22:58:41+00:00",
    "duration_s": 0.0,
    "confidence": 0.8387714285714285,
    "platform_ids": [],
    "evidence": {
     "sensor": "sentinel1-vv-cfar",
     "detector_confidence": 0.947,
     "detection_rate_this_pass": 0.886,
     "reports_considered": 35,
     "reports_with_a_fix": 35,
     "search_radius_m": 120.1,
     "snr": 18.95,
     "length_m_approx": 43.6,
     "pixels": 19,
     "scene": "S1A_IW_GRDH_1SDV_20240410T225841_20240410T225906_053378_067942_0D89_COG.SAFE"
    }
   }
  },
  {
   "type": "Feature",
   "geometry": {
    "type": "Point",
    "coordinates": [
     -76.10609082159019,
     37.30463070356069
    ]
   },
   "properties": {
    "kind": "unmatched",
    "domain": "sea",
    "t_start": "2024-04-10T22:58:41+00:00",
    "t_end": "2024-04-10T22:58:41+00:00",
    "duration_s": 0.0,
    "confidence": 0.8272571428571429,
    "platform_ids": [],
    "evidence": {
     "sensor": "sentinel1-vv-cfar",
     "detector_confidence": 0.934,
     "detection_rate_this_pass": 0.886,
     "reports_considered": 35,
     "reports_with_a_fix": 35,
     "search_radius_m": 151.8,
     "snr": 18.67,
     "length_m_approx": 61.6,
     "pixels": 38,
     "scene": "S1A_IW_GRDH_1SDV_20240410T225841_20240410T225906_053378_067942_0D89_COG.SAFE"
    }
   }
  },
  {
   "type": "Feature",
   "geometry": {
    "type": "Point",
    "coordinates": [
     -76.1365087283353,
     37.236388842626894
    ]
   },
   "properties": {
    "kind": "unmatched",
    "domain": "sea",
    "t_start": "2024-04-10T22:58:41+00:00",
    "t_end": "2024-04-10T22:58:41+00:00",
    "duration_s": 0.0,
    "confidence": 0.7643714285714285,
    "platform_ids": [],
    "evidence": {
     "sensor": "sentinel1-vv-cfar",
     "detector_confidence": 0.863,
     "detection_rate_this_pass": 0.886,
     "reports_considered": 35,
     "reports_with_a_fix": 35,
     "search_radius_m": 118.1,
     "snr": 17.27,
     "length_m_approx": 30.0,
     "pixels": 9,
     "scene": "S1A_IW_GRDH_1SDV_20240410T225841_20240410T225906_053378_067942_0D89_COG.SAFE"
    }
   }
  },
  {
   "type": "Feature",
   "geometry": {
    "type": "Point",
    "coordinates": [
     -75.85262212399094,
     37.3768831892823
    ]
   },
   "properties": {
    "kind": "unmatched",
    "domain": "sea",
    "t_start": "2024-04-10T22:58:41+00:00",
    "t_end": "2024-04-10T22:58:41+00:00",
    "duration_s": 0.0,
    "confidence": 0.6828857142857143,
    "platform_ids": [],
    "evidence": {
     "sensor": "sentinel1-vv-cfar",
     "detector_confidence": 0.771,
     "detection_rate_this_pass": 0.886,
     "reports_considered": 35,
     "reports_with_a_fix": 35,
     "search_radius_m": 102.0,
     "snr": 15.43,
     "length_m_approx": 31.6,
     "pixels": 10,
     "scene": "S1A_IW_GRDH_1SDV_20240410T225841_20240410T225906_053378_067942_0D89_COG.SAFE"
    }
   }
  },
  {
   "type": "Feature",
   "geometry": {
    "type": "Point",
    "coordinates": [
     -76.19461638570148,
     37.570057485715296
    ]
   },
   "properties": {
    "kind": "unmatched",
    "domain": "sea",
    "t_start": "2024-04-10T22:58:41+00:00",
    "t_end": "2024-04-10T22:58:41+00:00",
    "duration_s": 0.0,
    "confidence": 0.8414285714285713,
    "platform_ids": [],
    "evidence": {
     "sensor": "sentinel1-vv-cfar",
     "detector_confidence": 0.95,
     "detection_rate_this_pass": 0.886,
     "reports_considered": 35,
     "reports_with_a_fix": 35,
     "search_radius_m": 100.3,
     "snr": 19.5,
     "length_m_approx": 30.0,
     "pixels": 9,
     "scene": "S1A_IW_GRDH_1SDV_20240410T225841_20240410T225906_053378_067942_0D89_COG.SAFE"
    }
   }
  },
  {
   "type": "Feature",
   "geometry": {
    "type": "Point",
    "coordinates": [
     -76.08523115418524,
     37.410163655838076
    ]
   },
   "properties": {
    "kind": "unmatched",
    "domain": "sea",
    "t_start": "2024-04-10T22:58:41+00:00",
    "t_end": "2024-04-10T22:58:41+00:00",
    "duration_s": 0.0,
    "confidence": 0.8059999999999999,
    "platform_ids": [],
    "evidence": {
     "sensor": "sentinel1-vv-cfar",
     "detector_confidence": 0.91,
     "detection_rate_this_pass": 0.886,
     "reports_considered": 35,
     "reports_with_a_fix": 35,
     "search_radius_m": 104.1,
     "snr": 18.19,
     "length_m_approx": 33.2,
     "pixels": 11,
     "scene": "S1A_IW_GRDH_1SDV_20240410T225841_20240410T225906_053378_067942_0D89_COG.SAFE"
    }
   }
  },
  {
   "type": "Feature",
   "geometry": {
    "type": "Point",
    "coordinates": [
     -76.04277315631487,
     37.500503969598746
    ]
   },
   "properties": {
    "kind": "unmatched",
    "domain": "sea",
    "t_start": "2024-04-10T22:58:41+00:00",
    "t_end": "2024-04-10T22:58:41+00:00",
    "duration_s": 0.0,
    "confidence": 0.7156571428571429,
    "platform_ids": [],
    "evidence": {
     "sensor": "sentinel1-vv-cfar",
     "detector_confidence": 0.808,
     "detection_rate_this_pass": 0.886,
     "reports_considered": 35,
     "reports_with_a_fix": 35,
     "search_radius_m": 97.5,
     "snr": 16.15,
     "length_m_approx": 28.3,
     "pixels": 8,
     "scene": "S1A_IW_GRDH_1SDV_20240410T225841_20240410T225906_053378_067942_0D89_COG.SAFE"
    }
   }
  },
  {
   "type": "Feature",
   "geometry": {
    "type": "Point",
    "coordinates": [
     -74.93970877815686,
     37.720931542016764
    ]
   },
   "properties": {
    "kind": "unmatched",
    "domain": "sea",
    "t_start": "2024-04-10T22:58:41+00:00",
    "t_end": "2024-04-10T22:58:41+00:00",
    "duration_s": 0.0,
    "confidence": 0.7634857142857142,
    "platform_ids": [],
    "evidence": {
     "sensor": "sentinel1-vv-cfar",
     "detector_confidence": 0.862,
     "detection_rate_this_pass": 0.886,
     "reports_considered": 35,
     "reports_with_a_fix": 35,
     "search_radius_m": 101.4,
     "snr": 17.23,
     "length_m_approx": 31.6,
     "pixels": 10,
     "scene": "S1A_IW_GRDH_1SDV_20240410T225841_20240410T225906_053378_067942_0D89_COG.SAFE"
    }
   }
  },
  {
   "type": "Feature",
   "geometry": {
    "type": "Point",
    "coordinates": [
     -74.86693379732945,
     37.68682351028281
    ]
   },
   "properties": {
    "kind": "unmatched",
    "domain": "sea",
    "t_start": "2024-04-10T22:58:41+00:00",
    "t_end": "2024-04-10T22:58:41+00:00",
    "duration_s": 0.0,
    "confidence": 0.8414285714285713,
    "platform_ids": [],
    "evidence": {
     "sensor": "sentinel1-vv-cfar",
     "detector_confidence": 0.95,
     "detection_rate_this_pass": 0.886,
     "reports_considered": 35,
     "reports_with_a_fix": 35,
     "search_radius_m": 161.5,
     "snr": 31.93,
     "length_m_approx": 67.1,
     "pixels": 45,
     "scene": "S1A_IW_GRDH_1SDV_20240410T225841_20240410T225906_053378_067942_0D89_COG.SAFE"
    }
   }
  },
  {
   "type": "Feature",
   "geometry": {
    "type": "Point",
    "coordinates": [
     -76.09387827705744,
     37.784991671755485
    ]
   },
   "properties": {
    "kind": "unmatched",
    "domain": "sea",
    "t_start": "2024-04-10T22:58:41+00:00",
    "t_end": "2024-04-10T22:58:41+00:00",
    "duration_s": 0.0,
    "confidence": 0.8414285714285713,
    "platform_ids": [],
    "evidence": {
     "sensor": "sentinel1-vv-cfar",
     "detector_confidence": 0.95,
     "detection_rate_this_pass": 0.886,
     "reports_considered": 35,
     "reports_with_a_fix": 35,
     "search_radius_m": 100.3,
     "snr": 26.39,
     "length_m_approx": 30.0,
     "pixels": 9,
     "scene": "S1A_IW_GRDH_1SDV_20240410T225841_20240410T225906_053378_067942_0D89_COG.SAFE"
    }
   }
  },
  {
   "type": "Feature",
   "geometry": {
    "type": "Point",
    "coordinates": [
     -73.90843930368443,
     38.02633093433947
    ]
   },
   "properties": {
    "kind": "unmatched",
    "domain": "sea",
    "t_start": "2024-04-10T22:58:41+00:00",
    "t_end": "2024-04-10T22:58:41+00:00",
    "duration_s": 0.0,
    "confidence": 0.8414285714285713,
    "platform_ids": [],
    "evidence": {
     "sensor": "sentinel1-vv-cfar",
     "detector_confidence": 0.95,
     "detection_rate_this_pass": 0.886,
     "reports_considered": 35,
     "reports_with_a_fix": 35,
     "search_radius_m": 366.3,
     "snr": 354.75,
     "length_m_approx": 168.8,
     "pixels": 285,
     "scene": "S1A_IW_GRDH_1SDV_20240410T225841_20240410T225906_053378_067942_0D89_COG.SAFE"
    }
   }
  },
  {
   "type": "Feature",
   "geometry": {
    "type": "Point",
    "coordinates": [
     -76.1831198706565,
     37.879963132848715
    ]
   },
   "properties": {
    "kind": "unmatched",
    "domain": "sea",
    "t_start": "2024-04-10T22:58:41+00:00",
    "t_end": "2024-04-10T22:58:41+00:00",
    "duration_s": 0.0,
    "confidence": 0.8414285714285713,
    "platform_ids": [],
    "evidence": {
     "sensor": "sentinel1-vv-cfar",
     "detector_confidence": 0.95,
     "detection_rate_this_pass": 0.886,
     "reports_considered": 35,
     "reports_with_a_fix": 35,
     "search_radius_m": 126.1,
     "snr": 20.36,
     "length_m_approx": 46.9,
     "pixels": 22,
     "scene": "S1A_IW_GRDH_1SDV_20240410T225841_20240410T225906_053378_067942_0D89_COG.SAFE"
    }
   }
  },
  {
   "type": "Feature",
   "geometry": {
    "type": "Point",
    "coordinates": [
     -76.19350624436358,
     37.93995969662325
    ]
   },
   "properties": {
    "kind": "unmatched",
    "domain": "sea",
    "t_start": "2024-04-10T22:58:41+00:00",
    "t_end": "2024-04-10T22:58:41+00:00",
    "duration_s": 0.0,
    "confidence": 0.7652571428571429,
    "platform_ids": [],
    "evidence": {
     "sensor": "sentinel1-vv-cfar",
     "detector_confidence": 0.864,
     "detection_rate_this_pass": 0.886,
     "reports_considered": 35,
     "reports_with_a_fix": 35,
     "search_radius_m": 98.1,
     "snr": 17.28,
     "length_m_approx": 28.3,
     "pixels": 8,
     "scene": "S1A_IW_GRDH_1SDV_20240410T225841_20240410T225906_053378_067942_0D89_COG.SAFE"
    }
   }
  },
  {
   "type": "Feature",
   "geometry": {
    "type": "Point",
    "coordinates": [
     -76.17052578429136,
     37.77461568400789
    ]
   },
   "properties": {
    "kind": "unmatched",
    "domain": "sea",
    "t_start": "2024-04-10T22:58:41+00:00",
    "t_end": "2024-04-10T22:58:41+00:00",
    "duration_s": 0.0,
    "confidence": 0.713,
    "platform_ids": [],
    "evidence": {
     "sensor": "sentinel1-vv-cfar",
     "detector_confidence": 0.805,
     "detection_rate_this_pass": 0.886,
     "reports_considered": 35,
     "reports_with_a_fix": 35,
     "search_radius_m": 100.3,
     "snr": 16.09,
     "length_m_approx": 30.0,
     "pixels": 9,
     "scene": "S1A_IW_GRDH_1SDV_20240410T225841_20240410T225906_053378_067942_0D89_COG.SAFE"
    }
   }
  },
  {
   "type": "Feature",
   "geometry": {
    "type": "Point",
    "coordinates": [
     -76.00270741249989,
     37.884242238956176
    ]
   },
   "properties": {
    "kind": "unmatched",
    "domain": "sea",
    "t_start": "2024-04-10T22:58:41+00:00",
    "t_end": "2024-04-10T22:58:41+00:00",
    "duration_s": 0.0,
    "confidence": 0.6678285714285714,
    "platform_ids": [],
    "evidence": {
     "sensor": "sentinel1-vv-cfar",
     "detector_confidence": 0.754,
     "detection_rate_this_pass": 0.886,
     "reports_considered": 35,
     "reports_with_a_fix": 35,
     "search_radius_m": 118.7,
     "snr": 15.09,
     "length_m_approx": 42.4,
     "pixels": 18,
     "scene": "S1A_IW_GRDH_1SDV_20240410T225841_20240410T225906_053378_067942_0D89_COG.SAFE"
    }
   }
  },
  {
   "type": "Feature",
   "geometry": {
    "type": "Point",
    "coordinates": [
     -75.12604855393525,
     38.06381304544903
    ]
   },
   "properties": {
    "kind": "unmatched",
    "domain": "sea",
    "t_start": "2024-04-10T22:58:41+00:00",
    "t_end": "2024-04-10T22:58:41+00:00",
    "duration_s": 0.0,
    "confidence": 0.7404571428571428,
    "platform_ids": [],
    "evidence": {
     "sensor": "sentinel1-vv-cfar",
     "detector_confidence": 0.836,
     "detection_rate_this_pass": 0.886,
     "reports_considered": 35,
     "reports_with_a_fix": 35,
     "search_radius_m": 123.7,
     "snr": 16.72,
     "length_m_approx": 45.8,
     "pixels": 21,
     "scene": "S1A_IW_GRDH_1SDV_20240410T225841_20240410T225906_053378_067942_0D89_COG.SAFE"
    }
   }
  },
  {
   "type": "Feature",
   "geometry": {
    "type": "Point",
    "coordinates": [
     -74.18375810484743,
     38.19476666237267
    ]
   },
   "properties": {
    "kind": "unmatched",
    "domain": "sea",
    "t_start": "2024-04-10T22:58:41+00:00",
    "t_end": "2024-04-10T22:58:41+00:00",
    "duration_s": 0.0,
    "confidence": 0.8414285714285713,
    "platform_ids": [],
    "evidence": {
     "sensor": "sentinel1-vv-cfar",
     "detector_confidence": 0.95,
     "detection_rate_this_pass": 0.886,
     "reports_considered": 35,
     "reports_with_a_fix": 35,
     "search_radius_m": 116.1,
     "snr": 29.65,
     "length_m_approx": 41.2,
     "pixels": 17,
     "scene": "S1A_IW_GRDH_1SDV_20240410T225841_20240410T225906_053378_067942_0D89_COG.SAFE"
    }
   }
  }
 ]
}