{
 "type": "FeatureCollection",
 "properties": {
  "scene": "S1A_IW_GRDH_1SDV_20241019T225813_20241019T225842_056178_06E050_9D33_COG.SAFE",
  "acquired": "2024-10-19T22:58:13+00:00",
  "geolocation_rms_m": 2.6,
  "geolocation_holdout_m": 8.2,
  "geolocation_median_m": 9.4,
  "geolocation_p90_m": 9.7,
  "geolocation_worst_m": 14.8,
  "geolocation_uneven": false,
  "geolocation_convergence": 3.56,
  "geolocation_method": "geolocation grid (bilinear)",
  "geolocation_validation": "holdout at 2x spacing",
  "tiles": 130,
  "tiles_skipped": 0,
  "k_sigma": 6.0,
  "land_masked": true,
  "mask_source": "fallback shoreline",
  "water_fraction": 0.429,
  "land_sea_contrast": NaN,
  "coast_blind_m": 605.0,
  "searched_km2": 21298.5,
  "refused_km2": 0.0,
  "tiles_without_water": 36,
  "outside_aoi": 411,
  "aoi_sea": [
   -77.2,
   36.0,
   -71.0,
   39.6
  ],
  "footprint": [
   [
    -75.81009,
    34.68213
   ],
   [
    -75.58122,
    34.71808
   ],
   [
    -75.35217,
    34.75362
   ],
   [
    -75.12293,
    34.78875
   ],
   [
    -74.89348,
    34.82342
   ],
   [
    -74.66385,
    34.85767
   ],
   [
    -74.43404,
    34.8915
   ],
   [
    -74.20402,
    34.92486
   ],
   [
    -73.97383,
    34.95781
   ],
   [
    -73.74346,
    34.99034
   ],
   [
    -73.5129,
    35.0224
   ],
   [
    -73.28217,
    35.05403
   ],
   [
    -73.05126,
    35.08525
   ],
   [
    -73.0806,
    35.23064
   ],
   [
    -73.10997,
    35.37603
   ],
   [
    -73.13936,
    35.52141
   ],
   [
    -73.16877,
    35.66678
   ],
   [
    -73.19821,
    35.81215
   ],
   [
    -73.22768,
    35.95752
   ],
   [
    -73.25719,
    36.10288
   ],
   [
    -73.28671,
    36.24823
   ],
   [
    -73.31627,
    36.39358
   ],
   [
    -73.34585,
    36.53892
   ],
   [
    -73.37546,
    36.68426
   ],
   [
    -73.4051,
    36.8296
   ],
   [
    -73.64121,
    36.79872
   ],
   [
    -73.87713,
    36.76739
   ],
   [
    -74.11286,
    36.73562
   ],
   [
    -74.34839,
    36.70334
   ],
   [
    -74.58372,
    36.67061
   ],
   [
    -74.81886,
    36.63744
   ],
   [
    -75.05378,
    36.60378
   ],
   [
    -75.28851,
    36.56966
   ],
   [
    -75.52303,
    36.53511
   ],
   [
    -75.75733,
    36.50006
   ],
   [
    -75.9914,
    36.46457
   ],
   [
    -76.22526,
    36.42864
   ],
   [
    -76.19031,
    36.28314
   ],
   [
    -76.15546,
    36.13763
   ],
   [
    -76.12063,
    35.99211
   ],
   [
    -76.08588,
    35.84658
   ],
   [
    -76.05118,
    35.70105
   ],
   [
    -76.01653,
    35.55552
   ],
   [
    -75.98198,
    35.40997
   ],
   [
    -75.94749,
    35.26441
   ],
   [
    -75.91305,
    35.11885
   ],
   [
    -75.87867,
    34.97328
   ],
   [
    -75.84435,
    34.82771
   ]
  ],
  "searched_grid": {
   "cell_deg": 0.01,
   "lon0": -75.78,
   "lat0": 34.91,
   "levels": 10,
   "rows": {
    "10": [
     [
      168,
      1,
      1
     ],
     [
      169,
      1,
      3
     ]
    ],
    "11": [
     [
      167,
      1,
      2
     ],
     [
      168,
      2,
      4
     ],
     [
      170,
      1,
      5
     ],
     [
      171,
      1,
      9
     ],
     [
      172,
      1,
      3
     ],
     [
      174,
      1,
      1
     ],
     [
      175,
      1,
      3
     ],
     [
      176,
      1,
      1
     ]
    ],
    "12": [
     [
      161,
      2,
      1
     ],
     [
      166,
      1,
      6
     ],
     [
      167,
      1,
      2
     ],
     [
      171,
      1,
      5
     ],
     [
      174,
      1,
      6
     ],
     [
      175,
      1,
      10
     ],
     [
      178,
      1,
      8
     ],
     [
      179,
      1,
      3
     ],
     [
      181,
      1,
      4
     ]
    ],
    "13": [
     [
      161,
      2,
      1
     ],
     [
      166,
      1,
      7
     ],
     [
      168,
      1,
      1
     ],
     [
      169,
      1,
      4
     ],
     [
      170,
      1,
      1
     ],
     [
      172,
      1,
      2
     ],
     [
      173,
      1,
      4
     ],
     [
      174,
      1,
      9
     ],
     [
      175,
      1,
      10
     ],
     [
      176,
      1,
      7
     ],
     [
      178,
      1,
      2
     ]
    ],
    "14": [
     [
      163,
      2,
      1
     ],
     [
      167,
      1,
      9
     ],
     [
      168,
      1,
      6
     ],
     [
      169,
      1,
      1
     ],
     [
      171,
      1,
      2
     ],
     [
      172,
      1,
      8
     ],
     [
      173,
      1,
      2
     ],
     [
      175,
      2,
      3
     ],
     [
      178,
      1,
      3
     ],
     [
      179,
      1,
      4
     ],
     [
      180,
      1,
      5
     ],
     [
      181,
      1,
      3
     ]
    ],
    "15": [
     [
      163,
      1,
      2
     ],
     [
      166,
      1,
      3
     ],
     [
      167,
      1,
      10
     ],
     [
      168,
      1,
      3
     ],
     [
      171,
      1,
      6
     ],
     [
      172,
      1,
      7
     ],
     [
      175,
      1,
      5
     ],
     [
      176,
      1,
      1
     ],
     [
      178,
      1,
      6
     ],
     [
      179,
      1,
      7
     ],
     [
      180,
      1,
      2
     ],
     [
      181,
      1,
      1
     ]
    ],
    "16": [
     [
      164,
      2,
      1
     ],
     [
      166,
      1,
      3
     ],
     [
      167,
      1,
      4
     ],
     [
      168,
      1,
      10
     ],
     [
      169,
      1,
      7
     ],
     [
      170,
      1,
      2
     ],
     [
      172,
      1,
      6
     ],
     [
      176,
      1,
      2
     ],
     [
      177,
      1,
      3
     ],
     [
      178,
      1,
      10
     ],
     [
      179,
      1,
      5
     ]
    ],
    "17": [
     [
      164,
      1,
      2
     ],
     [
      168,
      1,
      5
     ],
     [
      169,
      1,
      1
     ],
     [
      171,
      1,
      2
     ],
     [
      172,
      1,
      8
     ],
     [
      175,
      1,
      4
     ],
     [
      176,
      1,
      5
     ],
     [
      177,
      2,
      4
     ],
     [
      179,
      1,
      8
     ],
     [
      180,
      1,
      7
     ]
    ],
    "18": [
     [
      166,
      1,
      2
     ],
     [
      167,
      1,
      3
     ],
     [
      170,
      1,
      2
     ],
     [
      171,
      1,
      6
     ],
     [
      172,
      1,
      7
     ],
     [
      174,
      1,
      2
     ],
     [
      175,
      1,
      10
     ],
     [
      176,
      1,
      3
     ],
     [
      179,
      1,
      8
     ],
     [
      180,
      1,
      2
     ],
     [
      182,
      1,
      5
     ],
     [
      183,
      1,
      3
     ],
     [
      184,
      1,
      2
     ]
    ],
    "19": [
     [
      165,
      1,
      2
     ],
     [
      166,
      1,
      7
     ],
     [
      169,
      1,
      6
     ],
     [
      170,
      1,
      5
     ],
     [
      173,
      1,
      7
     ],
     [
      174,
      1,
      6
     ],
     [
      175,
      1,
      10
     ],
     [
      176,
      1,
      5
     ],
     [
      177,
      2,
      4
     ],
     [
      179,
      1,
      7
     ],
     [
      181,
      1,
      3
     ],
     [
      182,
      1,
      10
     ],
     [
      183,
      1,
      3
     ],
     [
      184,
      1,
      4
     ],
     [
      185,
      1,
      8
     ],
     [
      186,
      1,
      9
     ],
     [
      187,
      1,
      8
     ],
     [
      188,
      1,
      7
     ],
     [
      189,
      2,
      3
     ],
     [
      191,
      1,
      2
     ]
    ],
    "20": [
     [
      163,
      1,
      3
     ],
     [
      164,
      2,
      9
     ],
     [
      166,
      1,
      8
     ],
     [
      167,
      1,
      3
     ],
     [
      168,
      1,
      5
     ],
     [
      169,
      1,
      10
     ],
     [
      173,
      1,
      5
     ],
     [
      175,
      1,
      2
     ],
     [
      176,
      1,
      10
     ],
     [
      177,
      1,
      8
     ],
     [
      180,
      1,
      10
     ],
     [
      181,
      1,
      9
     ],
     [
      182,
      1,
      10
     ],
     [
      185,
      1,
      7
     ],
     [
      186,
      1,
      4
     ],
     [
      187,
      1,
      5
     ],
     [
      188,
      1,
      10
     ],
     [
      189,
      1,
      8
     ],
     [
      190,
      1,
      9
     ],
     [
      191,
      2,
      10
     ],
     [
      193,
      1,
      8
     ],
     [
      194,
      1,
      5
     ],
     [
      195,
      1,
      7
     ],
     [
      196,
      1,
      5
     ],
     [
      197,
      1,
      3
     ],
     [
      198,
      1,
      2
     ]
    ],
    "21": [
     [
      163,
      1,
      1
     ],
     [
      164,
      1,
      3
     ],
     [
      165,
      1,
      7
     ],
     [
      166,
      1,
      10
     ],
     [
      167,
      1,
      7
     ],
     [
      168,
      1,
      10
     ],
     [
      169,
      1,
      5
     ],
     [
      170,
      1,
      7
     ],
     [
      171,
      1,
      5
     ],
     [
      175,
      1,
      4
     ],
     [
      176,
      1,
      10
     ],
     [
      179,
      1,
      2
     ],
     [
      180,
      1,
      3
     ],
     [
      181,
      1,
      4
     ],
     [
      182,
      2,
      10
     ],
     [
      184,
      1,
      1
     ],
     [
      185,
      1,
      2
     ],
     [
      187,
      1,
      2
     ],
     [
      188,
      1,
      7
     ],
     [
      189,
      1,
      1
     ],
     [
      191,
      1,
      7
     ],
     [
      192,
      1,
      10
     ],
     [
      193,
      1,
      4
     ],
     [
      195,
      1,
      3
     ],
     [
      196,
      5,
      10
     ],
     [
      201,
      2,
      7
     ],
     [
      203,
      1,
      5
     ],
     [
      204,
      1,
      4
     ],
     [
      205,
      1,
      3
     ]
    ],
    "22": [
     [
      166,
      1,
      3
     ],
     [
      173,
      1,
      2
     ],
     [
      174,
      1,
      5
     ],
     [
      175,
      1,
      9
     ],
     [
      176,
      1,
      10
     ],
     [
      177,
      1,
      3
     ],
     [
      179,
      1,
      2
     ],
     [
      181,
      1,
      2
     ],
     [
      182,
      2,
      10
     ],
     [
      186,
      1,
      10
     ],
     [
      187,
      1,
      4
     ],
     [
      191,
      2,
      10
     ],
     [
      193,
      1,
      6
     ],
     [
      194,
      1,
      3
     ],
     [
      195,
      1,
      8
     ],
     [
      196,
      12,
      10
     ],
     [
      208,
      1,
      8
     ],
     [
      209,
      1,
      7
     ],
     [
      210,
      1,
      5
     ],
     [
      211,
      2,
      3
     ]
    ],
    "23": [
     [
      168,
      1,
      4
     ],
     [
      169,
      1,
      5
     ],
     [
      170,
      1,
      7
     ],
     [
      171,
      1,
      4
     ],
     [
      172,
      1,
      3
     ],
     [
      173,
      1,
      7
     ],
     [
      176,
      1,
      10
     ],
     [
      177,
      1,
      5
     ],
     [
      181,
      1,
      4
     ],
     [
      182,
      3,
      10
     ],
     [
      185,
      1,
      8
     ],
     [
      186,
      1,
      3
     ],
     [
      187,
      1,
      1
     ],
     [
      188,
      1,
      5
     ],
     [
      189,
      1,
      6
     ],
     [
      190,
      1,
      5
     ],
     [
      191,
      24,
      10
     ],
     [
      215,
      1,
      8
     ],
     [
      216,
      1,
      6
     ],
     [
      217,
      1,
      5
     ],
     [
      218,
      1,
      4
     ],
     [
      219,
      1,
      3
     ],
     [
      220,
      1,
      1
     ]
    ],
    "24": [
     [
      166,
      1,
      2
     ],
     [
      167,
      1,
      7
     ],
     [
      168,
      1,
      2
     ],
     [
      170,
      1,
      3
     ],
     [
      171,
      1,
      10
     ],
     [
      172,
      1,
      3
     ],
     [
      173,
      1,
      2
     ],
     [
      174,
      1,
      3
     ],
     [
      175,
      2,
      5
     ],
     [
      179,
      1,
      2
     ],
     [
      180,
      1,
      3
     ],
     [
      181,
      1,
      2
     ],
     [
      182,
      1,
      6
     ],
     [
      183,
      1,
      10
     ],
     [
      184,
      1,
      8
     ],
     [
      185,
      1,
      6
     ],
     [
      188,
      2,
      1
     ],
     [
      191,
      1,
      6
     ],
     [
      192,
      30,
      10
     ],
     [
      222,
      2,
      8
     ],
     [
      224,
      1,
      6
     ],
     [
      225,
      2,
      3
     ],
     [
      227,
      1,
      2
     ]
    ],
    "25": [
     [
      166,
      1,
      9
     ],
     [
      167,
      1,
      7
     ],
     [
      170,
      1,
      4
     ],
     [
      171,
      1,
      9
     ],
     [
      174,
      1,
      9
     ],
     [
      175,
      1,
      4
     ],
     [
      178,
      1,
      6
     ],
     [
      179,
      1,
      7
     ],
     [
      182,
      1,
      4
     ],
     [
      183,
      1,
      5
     ],
     [
      186,
      1,
      9
     ],
     [
      187,
      1,
      1
     ],
     [
      189,
      1,
      2
     ],
     [
      190,
      1,
      4
     ],
     [
      191,
      1,
      7
     ],
     [
      192,
      1,
      4
     ],
     [
      193,
      1,
      5
     ],
     [
      194,
      35,
      10
     ],
     [
      229,
      1,
      9
     ],
     [
      230,
      2,
      7
     ],
     [
      232,
      1,
      5
     ],
     [
      233,
      2,
      2
     ]
    ],
    "26": [
     [
      166,
      1,
      4
     ],
     [
      167,
      1,
      5
     ],
     [
      168,
      1,
      9
     ],
     [
      169,
      1,
      3
     ],
     [
      171,
      1,
      3
     ],
     [
      172,
      1,
      10
     ],
     [
      173,
      1,
      5
     ],
     [
      174,
      1,
      6
     ],
     [
      178,
      1,
      9
     ],
     [
      179,
      1,
      8
     ],
     [
      180,
      1,
      3
     ],
     [
      181,
      1,
      5
     ],
     [
      182,
      1,
      9
     ],
     [
      186,
      1,
      6
     ],
     [
      187,
      1,
      1
     ],
     [
      189,
      1,
      5
     ],
     [
      190,
      1,
      10
     ],
     [
      191,
      1,
      7
     ],
     [
      193,
      1,
      2
     ],
     [
      194,
      43,
      10
     ],
     [
      237,
      1,
      8
     ],
     [
      238,
      1,
      7
     ],
     [
      239,
      1,
      5
     ],
     [
      240,
      2,
      3
     ]
    ],
    "27": [
     [
      168,
      1,
      6
     ],
     [
      170,
      1,
      1
     ],
     [
      171,
      1,
      5
     ],
     [
      172,
      1,
      8
     ],
     [
      175,
      1,
      2
     ],
     [
      178,
      1,
      5
     ],
     [
      179,
      1,
      9
     ],
     [
      180,
      1,
      8
     ],
     [
      181,
      1,
      2
     ],
     [
      182,
      1,
      6
     ],
     [
      183,
      1,
      10
     ],
     [
      184,
      1,
      6
     ],
     [
      188,
      1,
      2
     ],
     [
      189,
      1,
      7
     ],
     [
      190,
      3,
      10
     ],
     [
      193,
      1,
      8
     ],
     [
      194,
      50,
      10
     ],
     [
      244,
      1,
      8
     ],
     [
      245,
      1,
      7
     ],
     [
      246,
      1,
      6
     ],
     [
      247,
      2,
      4
     ],
     [
      249,
      1,
      2
     ]
    ],
    "28": [
     [
      168,
      2,
      4
     ],
     [
      170,
      1,
      7
     ],
     [
      171,
      1,
      3
     ],
     [
      173,
      1,
      2
     ],
     [
      175,
      1,
      2
     ],
     [
      179,
      1,
      9
     ],
     [
      180,
      1,
      5
     ],
     [
      182,
      1,
      3
     ],
     [
      183,
      1,
      5
     ],
     [
      186,
      1,
      2
     ],
     [
      187,
      1,
      4
     ],
     [
      190,
      1,
      4
     ],
     [
      191,
      2,
      8
     ],
     [
      193,
      59,
      10
     ],
     [
      252,
      2,
      7
     ],
     [
      254,
      1,
      5
     ],
     [
      255,
      2,
      3
     ]
    ],
    "29": [
     [
      164,
      1,
      10
     ],
     [
      165,
      1,
      2
     ],
     [
      168,
      1,
      7
     ],
     [
      169,
      1,
      6
     ],
     [
      170,
      1,
      3
     ],
     [
      171,
      1,
      2
     ],
     [
      172,
      1,
      3
     ],
     [
      173,
      1,
      8
     ],
     [
      176,
      1,
      1
     ],
     [
      177,
      1,
      4
     ],
     [
      178,
      1,
      6
     ],
     [
      179,
      2,
      10
     ],
     [
      181,
      1,
      9
     ],
     [
      182,
      1,
      6
     ],
     [
      183,
      1,
      1
     ],
     [
      185,
      1,
      2
     ],
     [
      186,
      1,
      7
     ],
     [
      189,
      1,
      1
     ],
     [
      190,
      1,
      3
     ],
     [
      193,
      1,
      9
     ],
     [
      194,
      65,
      10
     ],
     [
      259,
      1,
      8
     ],
     [
      260,
      1,
      7
     ],
     [
      261,
      1,
      5
     ],
     [
      262,
      1,
      4
     ],
     [
      263,
      1,
      3
     ],
     [
      264,
      1,
      1
     ]
    ],
    "30": [
     [
      159,
      1,
      4
     ],
     [
      160,
      2,
      6
     ],
     [
      162,
      1,
      4
     ],
     [
      163,
      1,
      6
     ],
     [
      164,
      1,
      10
     ],
     [
      167,
      1,
      2
     ],
     [
      168,
      1,
      7
     ],
     [
      171,
      1,
      4
     ],
     [
      172,
      1,
      8
     ],
     [
      173,
      1,
      7
     ],
     [
      175,
      1,
      2
     ],
     [
      176,
      1,
      9
     ],
     [
      177,
      1,
      3
     ],
     [
      179,
      1,
      6
     ],
     [
      180,
      1,
      8
     ],
     [
      181,
      1,
      2
     ],
     [
      185,
      2,
      2
     ],
     [
      187,
      1,
      3
     ],
     [
      188,
      1,
      5
     ],
     [
      189,
      1,
      9
     ],
     [
      192,
      1,
      2
     ],
     [
      193,
      72,
      10
     ]
    ],
    "31": [
     [
      161,
      1,
      6
     ],
     [
      162,
      1,
      7
     ],
     [
      163,
      1,
      3
     ],
     [
      164,
      1,
      6
     ],
     [
      165,
      1,
      10
     ],
     [
      166,
      1,
      8
     ],
     [
      167,
      1,
      3
     ],
     [
      168,
      1,
      1
     ],
     [
      169,
      1,
      3
     ],
     [
      170,
      1,
      4
     ],
     [
      171,
      1,
      7
     ],
     [
      174,
      1,
      7
     ],
     [
      175,
      1,
      6
     ],
     [
      176,
      1,
      10
     ],
     [
      177,
      1,
      5
     ],
     [
      178,
      1,
      4
     ],
     [
      179,
      1,
      9
     ],
     [
      180,
      1,
      7
     ],
     [
      182,
      1,
      1
     ],
     [
      183,
      1,
      6
     ],
     [
      184,
      1,
      1
     ],
     [
      187,
      2,
      9
     ],
     [
      189,
      2,
      10
     ],
     [
      191,
      1,
      9
     ],
     [
      192,
      72,
      10
     ],
     [
      264,
      1,
      7
     ]
    ],
    "32": [
     [
      152,
      1,
      2
     ],
     [
      159,
      1,
      2
     ],
     [
      160,
      1,
      3
     ],
     [
      161,
      2,
      2
     ],
     [
      164,
      1,
      3
     ],
     [
      165,
      1,
      10
     ],
     [
      166,
      1,
      8
     ],
     [
      169,
      1,
      7
     ],
     [
      170,
      1,
      3
     ],
     [
      172,
      1,
      2
     ],
     [
      174,
      1,
      5
     ],
     [
      176,
      1,
      2
     ],
     [
      177,
      1,
      10
     ],
     [
      178,
      1,
      5
     ],
     [
      179,
      1,
      4
     ],
     [
      180,
      1,
      5
     ],
     [
      181,
      1,
      6
     ],
     [
      182,
      1,
      4
     ],
     [
      183,
      1,
      3
     ],
     [
      186,
      1,
      4
     ],
     [
      187,
      1,
      2
     ],
     [
      189,
      1,
      3
     ],
     [
      190,
      1,
      8
     ],
     [
      191,
      1,
      9
     ],
     [
      192,
      72,
      10
     ],
     [
      264,
      1,
      6
     ]
    ],
    "33": [
     [
      152,
      1,
      2
     ],
     [
      160,
      1,
      3
     ],
     [
      163,
      1,
      2
     ],
     [
      164,
      1,
      4
     ],
     [
      165,
      1,
      10
     ],
     [
      166,
      1,
      8
     ],
     [
      167,
      1,
      1
     ],
     [
      172,
      1,
      2
     ],
     [
      176,
      1,
      1
     ],
     [
      177,
      1,
      3
     ],
     [
      184,
      1,
      4
     ],
     [
      185,
      1,
      5
     ],
     [
      189,
      1,
      5
     ],
     [
      190,
      1,
      1
     ],
     [
      192,
      1,
      6
     ],
     [
      193,
      71,
      10
     ],
     [
      264,
      1,
      3
     ]
    ],
    "34": [
     [
      161,
      1,
      6
     ],
     [
      162,
      1,
      7
     ],
     [
      163,
      1,
      2
     ],
     [
      165,
      1,
      3
     ],
     [
      166,
      1,
      8
     ],
     [
      167,
      1,
      1
     ],
     [
      174,
      1,
      2
     ],
     [
      175,
      1,
      5
     ],
     [
      176,
      1,
      2
     ],
     [
      178,
      1,
      4
     ],
     [
      179,
      1,
      6
     ],
     [
      180,
      1,
      4
     ],
     [
      182,
      1,
      1
     ],
     [
      183,
      1,
      3
     ],
     [
      184,
      1,
      2
     ],
     [
      186,
      1,
      3
     ],
     [
      190,
      1,
      1
     ],
     [
      191,
      1,
      3
     ],
     [
      192,
      72,
      10
     ],
     [
      264,
      1,
      1
     ]
    ],
    "35": [
     [
      159,
      1,
      2
     ],
     [
      160,
      1,
      3
     ],
     [
      161,
      1,
      6
     ],
     [
      162,
      1,
      7
     ],
     [
      164,
      1,
      1
     ],
     [
      165,
      1,
      8
     ],
     [
      166,
      1,
      2
     ],
     [
      168,
      1,
      2
     ],
     [
      169,
      1,
      4
     ],
     [
      170,
      1,
      6
     ],
     [
      173,
      1,
      6
     ],
     [
      174,
      1,
      7
     ],
     [
      177,
      1,
      10
     ],
     [
      178,
      1,
      4
     ],
     [
      181,
      2,
      7
     ],
     [
      183,
      1,
      3
     ],
     [
      185,
      1,
      2
     ],
     [
      186,
      1,
      8
     ],
     [
      189,
      1,
      4
     ],
     [
      190,
      1,
      6
     ],
     [
      191,
      1,
      9
     ],
     [
      192,
      72,
      10
     ]
    ],
    "36": [
     [
      159,
      1,
      4
     ],
     [
      160,
      1,
      8
     ],
     [
      163,
      1,
      9
     ],
     [
      164,
      1,
      6
     ],
     [
      165,
      1,
      3
     ],
     [
      166,
      1,
      2
     ],
     [
      167,
      1,
      3
     ],
     [
      168,
      1,
      8
     ],
     [
      169,
      1,
      2
     ],
     [
      171,
      1,
      3
     ],
     [
      172,
      1,
      7
     ],
     [
      173,
      2,
      8
     ],
     [
      175,
      1,
      4
     ],
     [
      176,
      1,
      6
     ],
     [
      177,
      1,
      10
     ],
     [
      180,
      1,
      2
     ],
     [
      181,
      1,
      7
     ],
     [
      183,
      1,
      1
     ],
     [
      184,
      1,
      3
     ],
     [
      185,
      1,
      5
     ],
     [
      186,
      1,
      7
     ],
     [
      188,
      1,
      2
     ],
     [
      189,
      1,
      10
     ],
     [
      190,
      1,
      3
     ],
     [
      192,
      1,
      6
     ],
     [
      193,
      1,
      8
     ],
     [
      194,
      1,
      3
     ],
     [
      195,
      1,
      4
     ],
     [
      196,
      67,
      10
     ],
     [
      263,
      1,
      7
     ]
    ],
    "37": [
     [
      54,
      1,
      5
     ],
     [
      60,
      2,
      1
     ],
     [
      159,
      1,
      2
     ],
     [
      162,
      1,
      3
     ],
     [
      163,
      1,
      10
     ],
     [
      164,
      1,
      3
     ],
     [
      166,
      1,
      4
     ],
     [
      167,
      1,
      8
     ],
     [
      168,
      1,
      7
     ],
     [
      171,
      1,
      4
     ],
     [
      172,
      1,
      2
     ],
     [
      174,
      1,
      6
     ],
     [
      175,
      1,
      7
     ],
     [
      176,
      1,
      3
     ],
     [
      177,
      1,
      6
     ],
     [
      178,
      1,
      10
     ],
     [
      179,
      1,
      9
     ],
     [
      180,
      1,
      3
     ],
     [
      181,
      1,
      1
     ],
     [
      182,
      2,
      3
     ],
     [
      184,
      1,
      5
     ],
     [
      187,
      1,
      7
     ],
     [
      188,
      1,
      6
     ],
     [
      189,
      1,
      10
     ],
     [
      190,
      1,
      5
     ],
     [
      191,
      1,
      3
     ],
     [
      192,
      1,
      6
     ],
     [
      193,
      1,
      7
     ],
     [
      195,
      1,
      3
     ],
     [
      196,
      67,
      10
     ],
     [
      263,
      1,
      4
     ]
    ],
    "38": [
     [
      60,
      2,
      1
     ],
     [
      160,
      1,
      2
     ],
     [
      162,
      1,
      3
     ],
     [
      163,
      1,
      4
     ],
     [
      164,
      2,
      7
     ],
     [
      166,
      1,
      2
     ],
     [
      168,
      1,
      4
     ],
     [
      169,
      1,
      8
     ],
     [
      170,
      1,
      4
     ],
     [
      172,
      1,
      1
     ],
     [
      173,
      1,
      3
     ],
     [
      174,
      2,
      2
     ],
     [
      177,
      1,
      3
     ],
     [
      178,
      1,
      10
     ],
     [
      179,
      1,
      8
     ],
     [
      182,
      1,
      1
     ],
     [
      187,
      1,
      5
     ],
     [
      189,
      1,
      1
     ],
     [
      190,
      1,
      10
     ],
     [
      191,
      1,
      8
     ],
     [
      194,
      2,
      9
     ],
     [
      196,
      67,
      10
     ],
     [
      263,
      1,
      4
     ]
    ],
    "39": [
     [
      53,
      1,
      1
     ],
     [
      54,
      1,
      3
     ],
     [
      159,
      1,
      3
     ],
     [
      160,
      1,
      4
     ],
     [
      164,
      2,
      1
     ],
     [
      169,
      2,
      1
     ],
     [
      171,
      1,
      4
     ],
     [
      172,
      1,
      6
     ],
     [
      173,
      1,
      9
     ],
     [
      176,
      1,
      2
     ],
     [
      177,
      2,
      4
     ],
     [
      179,
      1,
      5
     ],
     [
      180,
      1,
      9
     ],
     [
      185,
      1,
      4
     ],
     [
      188,
      1,
      3
     ],
     [
      189,
      1,
      6
     ],
     [
      190,
      1,
      10
     ],
     [
      193,
      1,
      3
     ],
     [
      194,
      69,
      10
     ]
    ],
    "40": [
     [
      53,
      1,
      1
     ],
     [
      54,
      1,
      3
     ],
     [
      159,
      1,
      5
     ],
     [
      162,
      1,
      2
     ],
     [
      163,
      1,
      3
     ],
     [
      166,
      1,
      2
     ],
     [
      167,
      2,
      4
     ],
     [
      170,
      1,
      2
     ],
     [
      171,
      1,
      10
     ],
     [
      172,
      1,
      3
     ],
     [
      174,
      2,
      4
     ],
     [
      176,
      1,
      2
     ],
     [
      180,
      1,
      2
     ],
     [
      183,
      2,
      3
     ],
     [
      187,
      1,
      2
     ],
     [
      188,
      1,
      7
     ],
     [
      189,
      2,
      10
     ],
     [
      191,
      1,
      2
     ],
     [
      192,
      1,
      3
     ],
     [
      193,
      70,
      10
     ]
    ],
    "41": [
     [
      51,
      1,
      2
     ],
     [
      54,
      2,
      2
     ],
     [
      160,
      1,
      3
     ],
     [
      161,
      1,
      9
     ],
     [
      162,
      1,
      7
     ],
     [
      166,
      1,
      2
     ],
     [
      169,
      1,
      7
     ],
     [
      170,
      1,
      6
     ],
     [
      171,
      1,
      10
     ],
     [
      172,
      1,
      5
     ],
     [
      173,
      1,
      1
     ],
     [
      177,
      1,
      1
     ],
     [
      178,
      1,
      4
     ],
     [
      179,
      1,
      1
     ],
     [
      182,
      1,
      4
     ],
     [
      183,
      1,
      9
     ],
     [
      184,
      1,
      10
     ],
     [
      185,
      1,
      4
     ],
     [
      186,
      1,
      3
     ],
     [
      187,
      1,
      8
     ],
     [
      190,
      72,
      10
     ],
     [
      262,
      1,
      6
     ]
    ],
    "42": [
     [
      51,
      1,
      2
     ],
     [
      159,
      1,
      1
     ],
     [
      160,
      1,
      8
     ],
     [
      161,
      1,
      10
     ],
     [
      162,
      1,
      8
     ],
     [
      163,
      2,
      3
     ],
     [
      165,
      1,
      1
     ],
     [
      169,
      1,
      5
     ],
     [
      171,
      1,
      1
     ],
     [
      172,
      1,
      10
     ],
     [
      173,
      1,
      6
     ],
     [
      176,
      1,
      9
     ],
     [
      177,
      1,
      6
     ],
     [
      178,
      1,
      1
     ],
     [
      180,
      1,
      2
     ],
     [
      181,
      1,
      6
     ],
     [
      182,
      1,
      2
     ],
     [
      184,
      1,
      3
     ],
     [
      185,
      1,
      8
     ],
     [
      186,
      1,
      3
     ],
     [
      187,
      1,
      2
     ],
     [
      188,
      1,
      3
     ],
     [
      189,
      1,
      6
     ],
     [
      190,
      72,
      10
     ],
     [
      262,
      1,
      6
     ]
    ],
    "43": [
     [
      159,
      1,
      1
     ],
     [
      160,
      1,
      3
     ],
     [
      161,
      1,
      5
     ],
     [
      162,
      1,
      9
     ],
     [
      163,
      1,
      7
     ],
     [
      164,
      1,
      10
     ],
     [
      165,
      1,
      5
     ],
     [
      166,
      1,
      7
     ],
     [
      167,
      1,
      5
     ],
     [
      170,
      3,
      3
     ],
     [
      175,
      1,
      3
     ],
     [
      176,
      1,
      10
     ],
     [
      177,
      1,
      3
     ],
     [
      179,
      1,
      2
     ],
     [
      180,
      1,
      8
     ],
     [
      181,
      1,
      7
     ],
     [
      183,
      1,
      1
     ],
     [
      184,
      1,
      7
     ],
     [
      185,
      1,
      2
     ],
     [
      188,
      74,
      10
     ],
     [
      262,
      1,
      3
     ]
    ],
    "44": [
     [
      162,
      1,
      2
     ],
     [
      169,
      1,
      2
     ],
     [
      170,
      1,
      7
     ],
     [
      171,
      1,
      3
     ],
     [
      173,
      2,
      1
     ],
     [
      175,
      1,
      3
     ],
     [
      176,
      1,
      4
     ],
     [
      177,
      1,
      10
     ],
     [
      178,
      1,
      7
     ],
     [
      179,
      1,
      8
     ],
     [
      180,
      2,
      10
     ],
     [
      182,
      1,
      9
     ],
     [
      183,
      1,
      6
     ],
     [
      184,
      1,
      10
     ],
     [
      185,
      1,
      5
     ],
     [
      186,
      1,
      3
     ],
     [
      187,
      1,
      8
     ],
     [
      188,
      74,
      10
     ]
    ],
    "45": [
     [
      66,
      1,
      4
     ],
     [
      159,
      1,
      1
     ],
     [
      160,
      1,
      4
     ],
     [
      161,
      1,
      1
     ],
     [
      164,
      1,
      4
     ],
     [
      165,
      1,
      5
     ],
     [
      166,
      1,
      7
     ],
     [
      167,
      1,
      4
     ],
     [
      168,
      1,
      3
     ],
     [
      169,
      1,
      8
     ],
     [
      172,
      1,
      7
     ],
     [
      173,
      1,
      3
     ],
     [
      177,
      1,
      5
     ],
     [
      178,
      1,
      1
     ],
     [
      181,
      1,
      8
     ],
     [
      182,
      1,
      7
     ],
     [
      184,
      1,
      2
     ],
     [
      185,
      1,
      8
     ],
     [
      186,
      1,
      4
     ],
     [
      187,
      1,
      3
     ],
     [
      188,
      1,
      8
     ],
     [
      189,
      72,
      10
     ],
     [
      261,
      1,
      9
     ]
    ],
    "46": [
     [
      67,
      1,
      1
     ],
     [
      68,
      1,
      3
     ],
     [
      69,
      1,
      1
     ],
     [
      72,
      1,
      5
     ],
     [
      73,
      1,
      7
     ],
     [
      74,
      1,
      9
     ],
     [
      156,
      1,
      4
     ],
     [
      158,
      1,
      2
     ],
     [
      159,
      1,
      9
     ],
     [
      160,
      1,
      3
     ],
     [
      162,
      1,
      2
     ],
     [
      163,
      1,
      7
     ],
     [
      164,
      1,
      2
     ],
     [
      166,
      1,
      3
     ],
     [
      167,
      1,
      8
     ],
     [
      168,
      1,
      3
     ],
     [
      169,
      1,
      2
     ],
     [
      170,
      1,
      3
     ],
     [
      175,
      1,
      2
     ],
     [
      176,
      1,
      3
     ],
     [
      179,
      2,
      1
     ],
     [
      181,
      1,
      9
     ],
     [
      182,
      1,
      7
     ],
     [
      183,
      1,
      4
     ],
     [
      184,
      1,
      6
     ],
     [
      185,
      1,
      3
     ],
     [
      188,
      1,
      9
     ],
     [
      189,
      72,
      10
     ],
     [
      261,
      1,
      7
     ]
    ],
    "47": [
     [
      61,
      1,
      4
     ],
     [
      67,
      1,
      3
     ],
     [
      68,
      1,
      10
     ],
     [
      69,
      1,
      1
     ],
     [
      71,
      1,
      2
     ],
     [
      74,
      1,
      7
     ],
     [
      158,
      1,
      4
     ],
     [
      159,
      1,
      10
     ],
     [
      160,
      1,
      3
     ],
     [
      162,
      1,
      2
     ],
     [
      163,
      1,
      7
     ],
     [
      166,
      1,
      4
     ],
     [
      167,
      1,
      2
     ],
     [
      170,
      1,
      9
     ],
     [
      171,
      1,
      2
     ],
     [
      173,
      1,
      3
     ],
     [
      174,
      1,
      9
     ],
     [
      175,
      1,
      8
     ],
     [
      178,
      1,
      2
     ],
     [
      179,
      1,
      4
     ],
     [
      182,
      2,
      8
     ],
     [
      184,
      1,
      10
     ],
     [
      185,
      1,
      5
     ],
     [
      186,
      1,
      4
     ],
     [
      187,
      1,
      6
     ],
     [
      188,
      73,
      10
     ],
     [
      261,
      1,
      5
     ]
    ],
    "48": [
     [
      61,
      1,
      10
     ],
     [
      62,
      1,
      4
     ],
     [
      65,
      2,
      3
     ],
     [
      67,
      1,
      6
     ],
     [
      68,
      1,
      10
     ],
     [
      69,
      1,
      4
     ],
     [
      70,
      1,
      3
     ],
     [
      71,
      1,
      10
     ],
     [
      72,
      1,
      7
     ],
     [
      74,
      1,
      4
     ],
     [
      157,
      1,
      4
     ],
     [
      158,
      1,
      2
     ],
     [
      159,
      1,
      7
     ],
     [
      160,
      1,
      8
     ],
     [
      162,
      2,
      2
     ],
     [
      167,
      1,
      2
     ],
     [
      168,
      1,
      3
     ],
     [
      169,
      1,
      5
     ],
     [
      170,
      1,
      6
     ],
     [
      172,
      1,
      1
     ],
     [
      173,
      1,
      8
     ],
     [
      174,
      1,
      3
     ],
     [
      175,
      2,
      2
     ],
     [
      181,
      1,
      2
     ],
     [
      182,
      1,
      7
     ],
     [
      184,
      1,
      1
     ],
     [
      185,
      76,
      10
     ],
     [
      261,
      1,
      3
     ]
    ],
    "49": [
     [
      61,
      2,
      1
     ],
     [
      65,
      1,
      3
     ],
     [
      66,
      3,
      10
     ],
     [
      69,
      1,
      8
     ],
     [
      70,
      1,
      9
     ],
     [
      71,
      2,
      10
     ],
     [
      159,
      1,
      4
     ],
     [
      160,
      1,
      10
     ],
     [
      166,
      1,
      1
     ],
     [
      167,
      1,
      5
     ],
     [
      168,
      1,
      8
     ],
     [
      171,
      1,
      2
     ],
     [
      172,
      1,
      1
     ],
     [
      173,
      1,
      4
     ],
     [
      176,
      1,
      7
     ],
     [
      178,
      1,
      1
     ],
     [
      179,
      1,
      10
     ],
     [
      180,
      1,
      6
     ],
     [
      181,
      1,
      9
     ],
     [
      182,
      1,
      8
     ],
     [
      183,
      1,
      3
     ],
     [
      184,
      1,
      5
     ],
     [
      185,
      1,
      8
     ],
     [
      186,
      75,
      10
     ],
     [
      261,
      1,
      1
     ]
    ],
    "50": [
     [
      56,
      1,
      2
     ],
     [
      57,
      1,
      1
     ],
     [
      65,
      1,
      4
     ],
     [
      66,
      3,
      10
     ],
     [
      69,
      1,
      1
     ],
     [
      71,
      1,
      6
     ],
     [
      72,
      1,
      10
     ],
     [
      73,
      1,
      7
     ],
     [
      157,
      1,
      2
     ],
     [
      158,
      1,
      5
     ],
     [
      159,
      1,
      9
     ],
     [
      160,
      2,
      10
     ],
     [
      162,
      3,
      6
     ],
     [
      165,
      1,
      4
     ],
     [
      166,
      1,
      7
     ],
     [
      167,
      1,
      3
     ],
     [
      171,
      1,
      2
     ],
     [
      176,
      1,
      2
     ],
     [
      178,
      1,
      3
     ],
     [
      179,
      1,
      10
     ],
     [
      180,
      1,
      1
     ],
     [
      182,
      1,
      7
     ],
     [
      183,
      1,
      10
     ],
     [
      184,
      1,
      4
     ],
     [
      186,
      1,
      3
     ],
     [
      187,
      74,
      10
     ]
    ],
    "51": [
     [
      54,
      1,
      1
     ],
     [
      55,
      1,
      2
     ],
     [
      56,
      2,
      10
     ],
     [
      58,
      1,
      2
     ],
     [
      65,
      1,
      7
     ],
     [
      66,
      1,
      9
     ],
     [
      67,
      1,
      8
     ],
     [
      68,
      1,
      10
     ],
     [
      71,
      2,
      10
     ],
     [
      73,
      1,
      6
     ],
     [
      153,
      1,
      4
     ],
     [
      156,
      1,
      6
     ],
     [
      157,
      1,
      7
     ],
     [
      160,
      1,
      10
     ],
     [
      161,
      1,
      5
     ],
     [
      164,
      1,
      7
     ],
     [
      165,
      1,
      6
     ],
     [
      166,
      1,
      3
     ],
     [
      167,
      1,
      2
     ],
     [
      168,
      1,
      1
     ],
     [
      177,
      1,
      10
     ],
     [
      178,
      1,
      8
     ],
     [
      179,
      1,
      10
     ],
     [
      180,
      1,
      5
     ],
     [
      181,
      1,
      3
     ],
     [
      182,
      1,
      9
     ],
     [
      183,
      1,
      10
     ],
     [
      184,
      1,
      6
     ],
     [
      185,
      1,
      3
     ],
     [
      186,
      1,
      8
     ],
     [
      187,
      73,
      10
     ],
     [
      260,
      1,
      7
     ]
    ],
    "52": [
     [
      54,
      1,
      5
     ],
     [
      55,
      2,
      10
     ],
     [
      57,
      1,
      3
     ],
     [
      65,
      2,
      7
     ],
     [
      68,
      1,
      3
     ],
     [
      69,
      1,
      10
     ],
     [
      70,
      1,
      7
     ],
     [
      71,
      2,
      10
     ],
     [
      154,
      1,
      3
     ],
     [
      155,
      1,
      6
     ],
     [
      156,
      1,
      9
     ],
     [
      157,
      1,
      8
     ],
     [
      158,
      1,
      4
     ],
     [
      159,
      1,
      6
     ],
     [
      160,
      1,
      10
     ],
     [
      163,
      1,
      2
     ],
     [
      164,
      1,
      7
     ],
     [
      167,
      1,
      4
     ],
     [
      168,
      1,
      6
     ],
     [
      169,
      1,
      4
     ],
     [
      171,
      1,
      2
     ],
     [
      172,
      1,
      6
     ],
     [
      176,
      1,
      6
     ],
     [
      177,
      1,
      3
     ],
     [
      178,
      1,
      4
     ],
     [
      179,
      1,
      10
     ],
     [
      180,
      1,
      8
     ],
     [
      181,
      1,
      3
     ],
     [
      182,
      1,
      2
     ],
     [
      184,
      1,
      3
     ],
     [
      185,
      3,
      4
     ],
     [
      189,
      1,
      5
     ],
     [
      190,
      70,
      10
     ],
     [
      260,
      1,
      4
     ]
    ],
    "53": [
     [
      56,
      1,
      5
     ],
     [
      65,
      1,
      3
     ],
     [
      66,
      1,
      6
     ],
     [
      67,
      1,
      4
     ],
     [
      68,
      1,
      7
     ],
     [
      69,
      3,
      10
     ],
     [
      72,
      1,
      7
     ],
     [
      154,
      1,
      5
     ],
     [
      155,
      1,
      1
     ],
     [
      157,
      1,
      6
     ],
     [
      158,
      1,
      7
     ],
     [
      159,
      1,
      3
     ],
     [
      160,
      1,
      4
     ],
     [
      161,
      1,
      7
     ],
     [
      162,
      1,
      5
     ],
     [
      163,
      1,
      3
     ],
     [
      164,
      1,
      1
     ],
     [
      165,
      1,
      3
     ],
     [
      166,
      1,
      4
     ],
     [
      167,
      1,
      7
     ],
     [
      170,
      1,
      7
     ],
     [
      171,
      1,
      5
     ],
     [
      172,
      1,
      3
     ],
     [
      173,
      1,
      2
     ],
     [
      174,
      1,
      4
     ],
     [
      175,
      1,
      6
     ],
     [
      176,
      1,
      7
     ],
     [
      178,
      1,
      2
     ],
     [
      179,
      1,
      10
     ],
     [
      180,
      1,
      2
     ],
     [
      183,
      1,
      2
     ],
     [
      187,
      2,
      2
     ],
     [
      189,
      1,
      5
     ],
     [
      190,
      70,
      10
     ],
     [
      260,
      1,
      4
     ]
    ],
    "54": [
     [
      61,
      1,
      6
     ],
     [
      62,
      1,
      10
     ],
     [
      63,
      1,
      6
     ],
     [
      64,
      1,
      4
     ],
     [
      65,
      1,
      3
     ],
     [
      66,
      1,
      8
     ],
     [
      67,
      5,
      10
     ],
     [
      72,
      1,
      6
     ],
     [
      155,
      1,
      2
     ],
     [
      156,
      1,
      3
     ],
     [
      157,
      1,
      10
     ],
     [
      158,
      1,
      5
     ],
     [
      165,
      1,
      7
     ],
     [
      166,
      1,
      3
     ],
     [
      168,
      1,
      1
     ],
     [
      169,
      1,
      3
     ],
     [
      170,
      1,
      7
     ],
     [
      173,
      1,
      4
     ],
     [
      174,
      1,
      5
     ],
     [
      175,
      1,
      4
     ],
     [
      176,
      1,
      8
     ],
     [
      177,
      1,
      9
     ],
     [
      178,
      1,
      5
     ],
     [
      179,
      1,
      3
     ],
     [
      180,
      1,
      2
     ],
     [
      181,
      2,
      4
     ],
     [
      183,
      1,
      2
     ],
     [
      185,
      1,
      1
     ],
     [
      186,
      1,
      5
     ],
     [
      187,
      1,
      8
     ],
     [
      188,
      72,
      10
     ]
    ],
    "55": [
     [
      61,
      1,
      4
     ],
     [
      62,
      1,
      10
     ],
     [
      66,
      1,
      3
     ],
     [
      67,
      3,
      10
     ],
     [
      70,
      1,
      4
     ],
     [
      71,
      1,
      3
     ],
     [
      72,
      1,
      5
     ],
     [
      75,
      2,
      6
     ],
     [
      77,
      1,
      3
     ],
     [
      83,
      1,
      2
     ],
     [
      84,
      1,
      5
     ],
     [
      85,
      1,
      8
     ],
     [
      154,
      1,
      1
     ],
     [
      155,
      1,
      5
     ],
     [
      156,
      1,
      9
     ],
     [
      157,
      2,
      10
     ],
     [
      159,
      1,
      9
     ],
     [
      160,
      1,
      5
     ],
     [
      163,
      1,
      2
     ],
     [
      164,
      1,
      4
     ],
     [
      168,
      1,
      2
     ],
     [
      169,
      1,
      3
     ],
     [
      170,
      1,
      6
     ],
     [
      171,
      3,
      2
     ],
     [
      176,
      1,
      6
     ],
     [
      177,
      1,
      5
     ],
     [
      181,
      1,
      8
     ],
     [
      184,
      1,
      2
     ],
     [
      185,
      1,
      9
     ],
     [
      186,
      1,
      2
     ],
     [
      188,
      1,
      6
     ],
     [
      189,
      71,
      10
     ]
    ],
    "56": [
     [
      44,
      1,
      2
     ],
     [
      56,
      1,
      2
     ],
     [
      57,
      2,
      8
     ],
     [
      59,
      1,
      10
     ],
     [
      60,
      3,
      9
     ],
     [
      63,
      1,
      4
     ],
     [
      64,
      1,
      2
     ],
     [
      65,
      1,
      7
     ],
     [
      66,
      1,
      9
     ],
     [
      67,
      3,
      10
     ],
     [
      72,
      1,
      10
     ],
     [
      73,
      1,
      4
     ],
     [
      76,
      2,
      1
     ],
     [
      84,
      1,
      5
     ],
     [
      85,
      1,
      8
     ],
     [
      86,
      1,
      2
     ],
     [
      154,
      2,
      1
     ],
     [
      157,
      1,
      6
     ],
     [
      158,
      1,
      8
     ],
     [
      159,
      1,
      2
     ],
     [
      161,
      1,
      3
     ],
     [
      162,
      1,
      8
     ],
     [
      163,
      1,
      6
     ],
     [
      170,
      1,
      7
     ],
     [
      171,
      1,
      8
     ],
     [
      172,
      1,
      3
     ],
     [
      174,
      1,
      4
     ],
     [
      175,
      1,
      8
     ],
     [
      181,
      1,
      8
     ],
     [
      182,
      1,
      5
     ],
     [
      183,
      1,
      4
     ],
     [
      184,
      1,
      8
     ],
     [
      185,
      1,
      10
     ],
     [
      186,
      1,
      5
     ],
     [
      187,
      1,
      4
     ],
     [
      188,
      1,
      9
     ],
     [
      189,
      70,
      10
     ],
     [
      259,
      1,
      6
     ]
    ],
    "57": [
     [
      43,
      2,
      7
     ],
     [
      56,
      1,
      9
     ],
     [
      57,
      2,
      10
     ],
     [
      59,
      1,
      7
     ],
     [
      60,
      1,
      3
     ],
     [
      61,
      1,
      6
     ],
     [
      62,
      1,
      10
     ],
     [
      63,
      1,
      8
     ],
     [
      64,
      7,
      10
     ],
     [
      71,
      1,
      8
     ],
     [
      72,
      1,
      10
     ],
     [
      73,
      1,
      6
     ],
     [
      74,
      2,
      3
     ],
     [
      157,
      1,
      6
     ],
     [
      158,
      1,
      7
     ],
     [
      160,
      1,
      1
     ],
     [
      161,
      1,
      8
     ],
     [
      162,
      1,
      2
     ],
     [
      164,
      1,
      2
     ],
     [
      165,
      1,
      4
     ],
     [
      166,
      1,
      6
     ],
     [
      167,
      1,
      1
     ],
     [
      169,
      1,
      4
     ],
     [
      170,
      1,
      6
     ],
     [
      173,
      1,
      10
     ],
     [
      174,
      1,
      4
     ],
     [
      175,
      1,
      2
     ],
     [
      176,
      1,
      4
     ],
     [
      177,
      1,
      2
     ],
     [
      178,
      1,
      4
     ],
     [
      182,
      1,
      6
     ],
     [
      183,
      1,
      3
     ],
     [
      184,
      1,
      4
     ],
     [
      185,
      1,
      7
     ],
     [
      186,
      1,
      10
     ],
     [
      187,
      1,
      5
     ],
     [
      188,
      1,
      4
     ],
     [
      189,
      1,
      8
     ],
     [
      190,
      69,
      10
     ],
     [
      259,
      1,
      6
     ]
    ],
    "58": [
     [
      43,
      1,
      2
     ],
     [
      55,
      1,
      6
     ],
     [
      56,
      3,
      10
     ],
     [
      59,
      1,
      4
     ],
     [
      61,
      1,
      3
     ],
     [
      62,
      1,
      10
     ],
     [
      65,
      2,
      8
     ],
     [
      67,
      1,
      3
     ],
     [
      68,
      1,
      6
     ],
     [
      69,
      4,
      10
     ],
     [
      74,
      1,
      3
     ],
     [
      75,
      1,
      8
     ],
     [
      84,
      1,
      2
     ],
     [
      85,
      1,
      1
     ],
     [
      90,
      1,
      2
     ],
     [
      91,
      1,
      7
     ],
     [
      92,
      1,
      2
     ],
     [
      159,
      1,
      5
     ],
     [
      160,
      1,
      1
     ],
     [
      161,
      1,
      3
     ],
     [
      162,
      1,
      2
     ],
     [
      163,
      1,
      3
     ],
     [
      164,
      1,
      6
     ],
     [
      165,
      1,
      2
     ],
     [
      167,
      1,
      3
     ],
     [
      168,
      1,
      7
     ],
     [
      172,
      1,
      4
     ],
     [
      173,
      1,
      10
     ],
     [
      174,
      1,
      1
     ],
     [
      176,
      2,
      7
     ],
     [
      180,
      2,
      1
     ],
     [
      185,
      1,
      4
     ],
     [
      186,
      1,
      10
     ],
     [
      189,
      1,
      9
     ],
     [
      190,
      69,
      10
     ],
     [
      259,
      1,
      3
     ]
    ],
    "59": [
     [
      53,
      1,
      3
     ],
     [
      54,
      1,
      6
     ],
     [
      55,
      5,
      10
     ],
     [
      60,
      1,
      6
     ],
     [
      61,
      1,
      2
     ],
     [
      62,
      1,
      5
     ],
     [
      63,
      2,
      3
     ],
     [
      65,
      1,
      8
     ],
     [
      66,
      1,
      1
     ],
     [
      68,
      1,
      1
     ],
     [
      69,
      1,
      3
     ],
     [
      70,
      1,
      4
     ],
     [
      71,
      1,
      8
     ],
     [
      72,
      1,
      9
     ],
     [
      83,
      1,
      2
     ],
     [
      84,
      1,
      7
     ],
     [
      90,
      1,
      8
     ],
     [
      91,
      1,
      5
     ],
     [
      92,
      1,
      8
     ],
     [
      93,
      1,
      2
     ],
     [
      96,
      1,
      2
     ],
     [
      155,
      1,
      1
     ],
     [
      158,
      1,
      2
     ],
     [
      162,
      1,
      4
     ],
     [
      163,
      1,
      8
     ],
     [
      166,
      1,
      1
     ],
     [
      167,
      1,
      7
     ],
     [
      168,
      1,
      2
     ],
     [
      171,
      1,
      2
     ],
     [
      172,
      1,
      1
     ],
     [
      173,
      1,
      5
     ],
     [
      174,
      1,
      10
     ],
     [
      175,
      1,
      9
     ],
     [
      176,
      2,
      2
     ],
     [
      178,
      1,
      3
     ],
     [
      179,
      2,
      5
     ],
     [
      183,
      1,
      2
     ],
     [
      184,
      1,
      5
     ],
     [
      185,
      1,
      9
     ],
     [
      186,
      2,
      10
     ],
     [
      188,
      1,
      8
     ],
     [
      189,
      70,
      10
     ]
    ],
    "60": [
     [
      54,
      1,
      3
     ],
     [
      55,
      1,
      10
     ],
     [
      56,
      1,
      3
     ],
     [
      57,
      1,
      4
     ],
     [
      58,
      1,
      9
     ],
     [
      59,
      1,
      7
     ],
     [
      60,
      1,
      1
     ],
     [
      63,
      1,
      2
     ],
     [
      64,
      1,
      3
     ],
     [
      65,
      1,
      1
     ],
     [
      71,
      2,
      2
     ],
     [
      92,
      2,
      1
     ],
     [
      95,
      1,
      2
     ],
     [
      96,
      1,
      7
     ],
     [
      155,
      1,
      3
     ],
     [
      158,
      1,
      2
     ],
     [
      160,
      1,
      2
     ],
     [
      161,
      1,
      7
     ],
     [
      162,
      1,
      2
     ],
     [
      165,
      1,
      2
     ],
     [
      166,
      1,
      8
     ],
     [
      167,
      1,
      10
     ],
     [
      168,
      1,
      4
     ],
     [
      171,
      1,
      2
     ],
     [
      173,
      1,
      2
     ],
     [
      174,
      1,
      7
     ],
     [
      175,
      1,
      4
     ],
     [
      178,
      2,
      10
     ],
     [
      180,
      1,
      1
     ],
     [
      183,
      1,
      2
     ],
     [
      186,
      72,
      10
     ],
     [
      258,
      1,
      9
     ]
    ],
    "61": [
     [
      53,
      1,
      1
     ],
     [
      54,
      1,
      7
     ],
     [
      55,
      1,
      9
     ],
     [
      58,
      1,
      9
     ],
     [
      59,
      1,
      5
     ],
     [
      61,
      1,
      3
     ],
     [
      62,
      1,
      4
     ],
     [
      96,
      1,
      2
     ],
     [
      97,
      1,
      4
     ],
     [
      98,
      1,
      2
     ],
     [
      99,
      1,
      5
     ],
     [
      160,
      2,
      3
     ],
     [
      165,
      1,
      1
     ],
     [
      166,
      1,
      4
     ],
     [
      167,
      1,
      10
     ],
     [
      168,
      1,
      4
     ],
     [
      172,
      1,
      3
     ],
     [
      173,
      1,
      1
     ],
     [
      177,
      1,
      5
     ],
     [
      178,
      3,
      10
     ],
     [
      181,
      1,
      3
     ],
     [
      183,
      1,
      3
     ],
     [
      184,
      1,
      4
     ],
     [
      185,
      1,
      6
     ],
     [
      186,
      72,
      10
     ],
     [
      258,
      1,
      7
     ]
    ],
    "62": [
     [
      53,
      1,
      4
     ],
     [
      54,
      3,
      10
     ],
     [
      57,
      1,
      7
     ],
     [
      58,
      1,
      6
     ],
     [
      60,
      1,
      3
     ],
     [
      61,
      1,
      9
     ],
     [
      62,
      2,
      10
     ],
     [
      64,
      1,
      7
     ],
     [
      65,
      1,
      4
     ],
     [
      97,
      1,
      8
     ],
     [
      98,
      1,
      10
     ],
     [
      99,
      1,
      7
     ],
     [
      100,
      1,
      2
     ],
     [
      166,
      1,
      2
     ],
     [
      167,
      1,
      10
     ],
     [
      168,
      1,
      3
     ],
     [
      171,
      1,
      2
     ],
     [
      172,
      1,
      3
     ],
     [
      173,
      1,
      1
     ],
     [
      174,
      1,
      5
     ],
     [
      175,
      1,
      6
     ],
     [
      179,
      2,
      10
     ],
     [
      181,
      1,
      1
     ],
     [
      183,
      1,
      6
     ],
     [
      184,
      1,
      7
     ],
     [
      185,
      1,
      3
     ],
     [
      186,
      1,
      4
     ],
     [
      187,
      1,
      7
     ],
     [
      188,
      1,
      9
     ],
     [
      189,
      69,
      10
     ],
     [
      258,
      1,
      4
     ]
    ],
    "63": [
     [
      51,
      1,
      6
     ],
     [
      52,
      1,
      4
     ],
     [
      54,
      1,
      3
     ],
     [
      55,
      1,
      10
     ],
     [
      56,
      3,
      4
     ],
     [
      59,
      1,
      2
     ],
     [
      60,
      1,
      4
     ],
     [
      61,
      2,
      10
     ],
     [
      63,
      1,
      8
     ],
     [
      69,
      1,
      4
     ],
     [
      75,
      2,
      2
     ],
     [
      97,
      3,
      10
     ],
     [
      100,
      1,
      7
     ],
     [
      165,
      1,
      7
     ],
     [
      166,
      1,
      5
     ],
     [
      167,
      1,
      3
     ],
     [
      170,
      1,
      4
     ],
     [
      171,
      1,
      7
     ],
     [
      173,
      1,
      2
     ],
     [
      174,
      1,
      8
     ],
     [
      175,
      1,
      2
     ],
     [
      178,
      1,
      2
     ],
     [
      179,
      1,
      3
     ],
     [
      180,
      1,
      4
     ],
     [
      183,
      1,
      10
     ],
     [
      184,
      1,
      5
     ],
     [
      188,
      1,
      9
     ],
     [
      189,
      69,
      10
     ],
     [
      258,
      1,
      3
     ]
    ],
    "64": [
     [
      51,
      2,
      1
     ],
     [
      53,
      1,
      2
     ],
     [
      54,
      1,
      4
     ],
     [
      55,
      1,
      10
     ],
     [
      58,
      1,
      10
     ],
     [
      59,
      1,
      6
     ],
     [
      61,
      1,
      3
     ],
     [
      62,
      1,
      10
     ],
     [
      63,
      1,
      1
     ],
     [
      69,
      2,
      2
     ],
     [
      74,
      1,
      4
     ],
     [
      89,
      1,
      2
     ],
     [
      90,
      1,
      8
     ],
     [
      94,
      2,
      1
     ],
     [
      98,
      1,
      5
     ],
     [
      99,
      1,
      9
     ],
     [
      100,
      1,
      3
     ],
     [
      165,
      1,
      2
     ],
     [
      172,
      1,
      9
     ],
     [
      173,
      1,
      6
     ],
     [
      174,
      1,
      1
     ],
     [
      176,
      1,
      2
     ],
     [
      177,
      1,
      6
     ],
     [
      178,
      1,
      2
     ],
     [
      180,
      1,
      3
     ],
     [
      181,
      1,
      9
     ],
     [
      182,
      1,
      7
     ],
     [
      183,
      3,
      10
     ],
     [
      186,
      2,
      7
     ],
     [
      188,
      70,
      10
     ]
    ],
    "65": [
     [
      52,
      1,
      1
     ],
     [
      53,
      1,
      5
     ],
     [
      55,
      1,
      2
     ],
     [
      56,
      1,
      6
     ],
     [
      57,
      1,
      5
     ],
     [
      58,
      1,
      10
     ],
     [
      59,
      1,
      3
     ],
     [
      61,
      1,
      5
     ],
     [
      62,
      1,
      10
     ],
     [
      63,
      1,
      3
     ],
     [
      90,
      1,
      8
     ],
     [
      91,
      1,
      5
     ],
     [
      92,
      1,
      3
     ],
     [
      93,
      2,
      8
     ],
     [
      95,
      1,
      6
     ],
     [
      96,
      1,
      3
     ],
     [
      97,
      1,
      2
     ],
     [
      100,
      2,
      8
     ],
     [
      102,
      1,
      7
     ],
     [
      103,
      1,
      6
     ],
     [
      104,
      1,
      3
     ],
     [
      105,
      1,
      2
     ],
     [
      106,
      1,
      5
     ],
     [
      166,
      1,
      3
     ],
     [
      167,
      1,
      2
     ],
     [
      172,
      1,
      8
     ],
     [
      173,
      1,
      1
     ],
     [
      175,
      1,
      2
     ],
     [
      176,
      1,
      5
     ],
     [
      177,
      1,
      7
     ],
     [
      179,
      1,
      2
     ],
     [
      180,
      1,
      9
     ],
     [
      181,
      3,
      10
     ],
     [
      184,
      1,
      8
     ],
     [
      185,
      1,
      3
     ],
     [
      186,
      1,
      4
     ],
     [
      187,
      70,
      10
     ],
     [
      257,
      1,
      9
     ]
    ],
    "66": [
     [
      51,
      2,
      1
     ],
     [
      54,
      2,
      1
     ],
     [
      57,
      1,
      4
     ],
     [
      58,
      1,
      10
     ],
     [
      61,
      1,
      3
     ],
     [
      62,
      1,
      7
     ],
     [
      84,
      1,
      1
     ],
     [
      87,
      2,
      1
     ],
     [
      90,
      8,
      10
     ],
     [
      98,
      1,
      4
     ],
     [
      99,
      1,
      3
     ],
     [
      100,
      6,
      10
     ],
     [
      106,
      1,
      4
     ],
     [
      158,
      1,
      5
     ],
     [
      165,
      1,
      2
     ],
     [
      166,
      1,
      5
     ],
     [
      167,
      1,
      1
     ],
     [
      171,
      2,
      1
     ],
     [
      174,
      1,
      2
     ],
     [
      175,
      1,
      4
     ],
     [
      178,
      1,
      9
     ],
     [
      179,
      1,
      8
     ],
     [
      180,
      4,
      10
     ],
     [
      184,
      1,
      7
     ],
     [
      186,
      1,
      3
     ],
     [
      187,
      70,
      10
     ],
     [
      257,
      1,
      7
     ]
    ],
    "67": [
     [
      51,
      2,
      1
     ],
     [
      54,
      2,
      1
     ],
     [
      56,
      1,
      4
     ],
     [
      57,
      1,
      3
     ],
     [
      58,
      1,
      7
     ],
     [
      59,
      1,
      4
     ],
     [
      61,
      1,
      3
     ],
     [
      62,
      1,
      5
     ],
     [
      83,
      1,
      4
     ],
     [
      84,
      1,
      8
     ],
     [
      85,
      1,
      4
     ],
     [
      86,
      1,
      3
     ],
     [
      87,
      1,
      4
     ],
     [
      88,
      3,
      10
     ],
     [
      91,
      2,
      4
     ],
     [
      93,
      1,
      8
     ],
     [
      94,
      2,
      9
     ],
     [
      96,
      8,
      10
     ],
     [
      104,
      1,
      8
     ],
     [
      105,
      1,
      6
     ],
     [
      106,
      1,
      2
     ],
     [
      156,
      1,
      3
     ],
     [
      157,
      1,
      1
     ],
     [
      158,
      1,
      2
     ],
     [
      159,
      1,
      3
     ],
     [
      164,
      1,
      2
     ],
     [
      165,
      1,
      8
     ],
     [
      173,
      1,
      4
     ],
     [
      178,
      1,
      8
     ],
     [
      179,
      3,
      10
     ],
     [
      182,
      1,
      8
     ],
     [
      183,
      3,
      10
     ],
     [
      186,
      1,
      9
     ],
     [
      187,
      70,
      10
     ],
     [
      257,
      1,
      4
     ]
    ],
    "68": [
     [
      55,
      1,
      3
     ],
     [
      56,
      1,
      4
     ],
     [
      60,
      1,
      2
     ],
     [
      61,
      1,
      7
     ],
     [
      62,
      1,
      10
     ],
     [
      65,
      1,
      6
     ],
     [
      66,
      1,
      2
     ],
     [
      83,
      5,
      10
     ],
     [
      88,
      1,
      9
     ],
     [
      89,
      1,
      7
     ],
     [
      90,
      1,
      10
     ],
     [
      93,
      1,
      10
     ],
     [
      94,
      1,
      6
     ],
     [
      96,
      1,
      3
     ],
     [
      97,
      7,
      10
     ],
     [
      104,
      1,
      6
     ],
     [
      154,
      1,
      2
     ],
     [
      155,
      1,
      8
     ],
     [
      156,
      1,
      1
     ],
     [
      159,
      1,
      8
     ],
     [
      162,
      1,
      2
     ],
     [
      163,
      1,
      6
     ],
     [
      164,
      2,
      2
     ],
     [
      171,
      1,
      7
     ],
     [
      172,
      1,
      3
     ],
     [
      175,
      1,
      1
     ],
     [
      176,
      1,
      6
     ],
     [
      179,
      1,
      8
     ],
     [
      180,
      2,
      10
     ],
     [
      184,
      2,
      8
     ],
     [
      186,
      1,
      3
     ],
     [
      187,
      1,
      6
     ],
     [
      188,
      69,
      10
     ],
     [
      257,
      1,
      3
     ]
    ],
    "69": [
     [
      56,
      1,
      1
     ],
     [
      58,
      2,
      3
     ],
     [
      60,
      1,
      1
     ],
     [
      62,
      1,
      3
     ],
     [
      63,
      1,
      10
     ],
     [
      66,
      1,
      4
     ],
     [
      82,
      1,
      2
     ],
     [
      83,
      1,
      10
     ],
     [
      84,
      1,
      8
     ],
     [
      85,
      2,
      10
     ],
     [
      87,
      1,
      9
     ],
     [
      88,
      1,
      5
     ],
     [
      90,
      1,
      3
     ],
     [
      91,
      1,
      10
     ],
     [
      92,
      1,
      7
     ],
     [
      93,
      1,
      10
     ],
     [
      94,
      1,
      7
     ],
     [
      95,
      1,
      3
     ],
     [
      96,
      1,
      7
     ],
     [
      97,
      1,
      4
     ],
     [
      98,
      1,
      5
     ],
     [
      99,
      1,
      9
     ],
     [
      100,
      4,
      10
     ],
     [
      104,
      1,
      3
     ],
     [
      154,
      1,
      3
     ],
     [
      155,
      1,
      10
     ],
     [
      156,
      1,
      5
     ],
     [
      157,
      1,
      4
     ],
     [
      158,
      2,
      7
     ],
     [
      171,
      1,
      8
     ],
     [
      174,
      1,
      6
     ],
     [
      175,
      1,
      5
     ],
     [
      176,
      2,
      2
     ],
     [
      178,
      1,
      3
     ],
     [
      179,
      3,
      10
     ],
     [
      182,
      1,
      2
     ],
     [
      183,
      1,
      1
     ],
     [
      184,
      1,
      3
     ],
     [
      185,
      1,
      1
     ],
     [
      187,
      1,
      5
     ],
     [
      188,
      69,
      10
     ]
    ],
    "70": [
     [
      58,
      1,
      9
     ],
     [
      59,
      1,
      10
     ],
     [
      60,
      1,
      6
     ],
     [
      61,
      1,
      4
     ],
     [
      62,
      1,
      8
     ],
     [
      63,
      1,
      10
     ],
     [
      76,
      1,
      2
     ],
     [
      77,
      1,
      3
     ],
     [
      78,
      1,
      1
     ],
     [
      79,
      1,
      6
     ],
     [
      80,
      1,
      2
     ],
     [
      82,
      1,
      4
     ],
     [
      83,
      1,
      10
     ],
     [
      86,
      1,
      9
     ],
     [
      87,
      1,
      7
     ],
     [
      89,
      1,
      1
     ],
     [
      90,
      1,
      7
     ],
     [
      91,
      6,
      10
     ],
     [
      99,
      1,
      9
     ],
     [
      100,
      4,
      10
     ],
     [
      104,
      1,
      1
     ],
     [
      152,
      1,
      4
     ],
     [
      156,
      1,
      1
     ],
     [
      157,
      1,
      3
     ],
     [
      158,
      1,
      4
     ],
     [
      159,
      1,
      2
     ],
     [
      163,
      1,
      2
     ],
     [
      164,
      1,
      1
     ],
     [
      168,
      1,
      1
     ],
     [
      169,
      1,
      7
     ],
     [
      171,
      2,
      2
     ],
     [
      173,
      1,
      5
     ],
     [
      174,
      1,
      9
     ],
     [
      175,
      1,
      1
     ],
     [
      177,
      1,
      7
     ],
     [
      178,
      4,
      10
     ],
     [
      182,
      1,
      5
     ],
     [
      186,
      1,
      4
     ],
     [
      187,
      1,
      2
     ],
     [
      188,
      1,
      6
     ],
     [
      189,
      67,
      10
     ],
     [
      256,
      1,
      9
     ]
    ],
    "71": [
     [
      55,
      1,
      1
     ],
     [
      56,
      2,
      6
     ],
     [
      58,
      5,
      10
     ],
     [
      63,
      1,
      6
     ],
     [
      76,
      1,
      2
     ],
     [
      77,
      1,
      9
     ],
     [
      80,
      2,
      8
     ],
     [
      82,
      2,
      9
     ],
     [
      84,
      1,
      4
     ],
     [
      85,
      1,
      2
     ],
     [
      86,
      1,
      10
     ],
     [
      87,
      1,
      7
     ],
     [
      88,
      1,
      3
     ],
     [
      89,
      1,
      6
     ],
     [
      90,
      7,
      10
     ],
     [
      97,
      1,
      9
     ],
     [
      98,
      1,
      1
     ],
     [
      99,
      1,
      4
     ],
     [
      100,
      1,
      8
     ],
     [
      101,
      2,
      9
     ],
     [
      103,
      1,
      10
     ],
     [
      104,
      1,
      4
     ],
     [
      105,
      1,
      3
     ],
     [
      159,
      1,
      2
     ],
     [
      162,
      1,
      1
     ],
     [
      163,
      1,
      5
     ],
     [
      164,
      1,
      2
     ],
     [
      168,
      1,
      1
     ],
     [
      169,
      1,
      4
     ],
     [
      172,
      1,
      7
     ],
     [
      173,
      1,
      2
     ],
     [
      175,
      1,
      3
     ],
     [
      176,
      1,
      7
     ],
     [
      177,
      1,
      8
     ],
     [
      178,
      2,
      10
     ],
     [
      180,
      1,
      9
     ],
     [
      181,
      1,
      8
     ],
     [
      182,
      1,
      1
     ],
     [
      184,
      1,
      2
     ],
     [
      185,
      1,
      3
     ],
     [
      188,
      1,
      4
     ],
     [
      189,
      67,
      10
     ],
     [
      256,
      1,
      6
     ]
    ],
    "72": [
     [
      57,
      1,
      2
     ],
     [
      58,
      1,
      8
     ],
     [
      59,
      1,
      10
     ],
     [
      60,
      1,
      7
     ],
     [
      61,
      1,
      3
     ],
     [
      62,
      1,
      5
     ],
     [
      63,
      1,
      2
     ],
     [
      77,
      1,
      9
     ],
     [
      78,
      1,
      4
     ],
     [
      79,
      1,
      3
     ],
     [
      80,
      7,
      10
     ],
     [
      87,
      1,
      9
     ],
     [
      88,
      1,
      8
     ],
     [
      89,
      6,
      10
     ],
     [
      95,
      1,
      9
     ],
     [
      96,
      1,
      7
     ],
     [
      97,
      1,
      10
     ],
     [
      100,
      1,
      10
     ],
     [
      101,
      1,
      6
     ],
     [
      103,
      1,
      3
     ],
     [
      104,
      1,
      10
     ],
     [
      105,
      1,
      4
     ],
     [
      156,
      1,
      5
     ],
     [
      157,
      3,
      6
     ],
     [
      161,
      1,
      1
     ],
     [
      162,
      1,
      7
     ],
     [
      163,
      1,
      3
     ],
     [
      170,
      1,
      4
     ],
     [
      171,
      1,
      1
     ],
     [
      172,
      1,
      2
     ],
     [
      174,
      1,
      1
     ],
     [
      175,
      1,
      7
     ],
     [
      176,
      1,
      1
     ],
     [
      178,
      1,
      6
     ],
     [
      179,
      1,
      10
     ],
     [
      180,
      1,
      5
     ],
     [
      182,
      1,
      3
     ],
     [
      183,
      1,
      9
     ],
     [
      184,
      1,
      8
     ],
     [
      187,
      1,
      6
     ],
     [
      188,
      1,
      9
     ],
     [
      189,
      67,
      10
     ],
     [
      256,
      1,
      4
     ]
    ],
    "73": [
     [
      58,
      1,
      6
     ],
     [
      59,
      1,
      10
     ],
     [
      60,
      1,
      3
     ],
     [
      75,
      1,
      4
     ],
     [
      77,
      1,
      6
     ],
     [
      78,
      1,
      9
     ],
     [
      79,
      2,
      10
     ],
     [
      81,
      2,
      7
     ],
     [
      83,
      1,
      9
     ],
     [
      84,
      3,
      10
     ],
     [
      87,
      1,
      7
     ],
     [
      89,
      1,
      2
     ],
     [
      90,
      5,
      10
     ],
     [
      95,
      1,
      6
     ],
     [
      97,
      1,
      3
     ],
     [
      98,
      1,
      10
     ],
     [
      99,
      1,
      1
     ],
     [
      100,
      1,
      4
     ],
     [
      101,
      1,
      5
     ],
     [
      102,
      1,
      3
     ],
     [
      103,
      1,
      7
     ],
     [
      104,
      1,
      9
     ],
     [
      107,
      1,
      4
     ],
     [
      109,
      1,
      1
     ],
     [
      110,
      1,
      10
     ],
     [
      111,
      1,
      3
     ],
     [
      160,
      1,
      4
     ],
     [
      161,
      1,
      5
     ],
     [
      162,
      1,
      3
     ],
     [
      163,
      1,
      2
     ],
     [
      164,
      1,
      3
     ],
     [
      165,
      1,
      6
     ],
     [
      168,
      1,
      2
     ],
     [
      169,
      1,
      7
     ],
     [
      170,
      1,
      1
     ],
     [
      173,
      1,
      9
     ],
     [
      174,
      1,
      6
     ],
     [
      175,
      1,
      10
     ],
     [
      176,
      1,
      5
     ],
     [
      177,
      1,
      3
     ],
     [
      178,
      1,
      2
     ],
     [
      179,
      1,
      3
     ],
     [
      180,
      1,
      5
     ],
     [
      181,
      1,
      4
     ],
     [
      182,
      1,
      8
     ],
     [
      183,
      1,
      3
     ],
     [
      184,
      1,
      2
     ],
     [
      186,
      1,
      4
     ],
     [
      187,
      69,
      10
     ],
     [
      256,
      1,
      2
     ]
    ],
    "74": [
     [
      58,
      1,
      3
     ],
     [
      59,
      2,
      10
     ],
     [
      61,
      1,
      8
     ],
     [
      62,
      1,
      7
     ],
     [
      63,
      1,
      5
     ],
     [
      64,
      2,
      8
     ],
     [
      69,
      1,
      2
     ],
     [
      75,
      1,
      8
     ],
     [
      78,
      1,
      9
     ],
     [
      79,
      2,
      10
     ],
     [
      83,
      1,
      9
     ],
     [
      84,
      1,
      10
     ],
     [
      85,
      1,
      8
     ],
     [
      86,
      1,
      9
     ],
     [
      87,
      1,
      3
     ],
     [
      89,
      1,
      4
     ],
     [
      90,
      5,
      10
     ],
     [
      95,
      1,
      7
     ],
     [
      96,
      1,
      4
     ],
     [
      97,
      1,
      7
     ],
     [
      98,
      1,
      10
     ],
     [
      101,
      5,
      10
     ],
     [
      110,
      1,
      2
     ],
     [
      111,
      1,
      1
     ],
     [
      153,
      1,
      4
     ],
     [
      154,
      1,
      3
     ],
     [
      163,
      1,
      4
     ],
     [
      164,
      1,
      8
     ],
     [
      165,
      1,
      7
     ],
     [
      167,
      1,
      1
     ],
     [
      168,
      1,
      9
     ],
     [
      169,
      1,
      3
     ],
     [
      171,
      1,
      2
     ],
     [
      172,
      1,
      7
     ],
     [
      173,
      1,
      2
     ],
     [
      175,
      1,
      3
     ],
     [
      176,
      1,
      8
     ],
     [
      177,
      1,
      9
     ],
     [
      180,
      1,
      10
     ],
     [
      181,
      1,
      6
     ],
     [
      182,
      1,
      4
     ],
     [
      185,
      1,
      2
     ],
     [
      186,
      1,
      1
     ],
     [
      187,
      1,
      5
     ],
     [
      188,
      68,
      10
     ]
    ],
    "75": [
     [
      59,
      1,
      8
     ],
     [
      60,
      1,
      7
     ],
     [
      61,
      1,
      3
     ],
     [
      62,
      1,
      6
     ],
     [
      63,
      3,
      10
     ],
     [
      66,
      1,
      7
     ],
     [
      67,
      2,
      2
     ],
     [
      69,
      1,
      4
     ],
     [
      75,
      1,
      2
     ],
     [
      76,
      1,
      5
     ],
     [
      78,
      1,
      3
     ],
     [
      80,
      1,
      4
     ],
     [
      81,
      1,
      7
     ],
     [
      83,
      1,
      4
     ],
     [
      84,
      1,
      2
     ],
     [
      87,
      2,
      5
     ],
     [
      89,
      1,
      9
     ],
     [
      90,
      2,
      10
     ],
     [
      92,
      1,
      8
     ],
     [
      93,
      1,
      9
     ],
     [
      94,
      6,
      10
     ],
     [
      100,
      1,
      9
     ],
     [
      101,
      4,
      10
     ],
     [
      105,
      1,
      9
     ],
     [
      111,
      1,
      3
     ],
     [
      112,
      1,
      5
     ],
     [
      113,
      1,
      2
     ],
     [
      154,
      1,
      1
     ],
     [
      161,
      1,
      3
     ],
     [
      162,
      1,
      4
     ],
     [
      163,
      1,
      7
     ],
     [
      166,
      1,
      8
     ],
     [
      167,
      1,
      4
     ],
     [
      168,
      1,
      3
     ],
     [
      169,
      1,
      2
     ],
     [
      170,
      1,
      4
     ],
     [
      171,
      1,
      6
     ],
     [
      172,
      1,
      7
     ],
     [
      174,
      1,
      1
     ],
     [
      175,
      1,
      7
     ],
     [
      176,
      1,
      3
     ],
     [
      178,
      2,
      4
     ],
     [
      180,
      1,
      3
     ],
     [
      181,
      1,
      1
     ],
     [
      183,
      1,
      4
     ],
     [
      184,
      1,
      5
     ],
     [
      185,
      1,
      6
     ],
     [
      187,
      1,
      3
     ],
     [
      188,
      67,
      10
     ],
     [
      255,
      1,
      8
     ]
    ],
    "76": [
     [
      54,
      1,
      3
     ],
     [
      55,
      1,
      2
     ],
     [
      56,
      1,
      8
     ],
     [
      57,
      1,
      4
     ],
     [
      58,
      1,
      2
     ],
     [
      59,
      1,
      10
     ],
     [
      60,
      1,
      3
     ],
     [
      62,
      1,
      5
     ],
     [
      63,
      4,
      10
     ],
     [
      67,
      1,
      7
     ],
     [
      79,
      1,
      2
     ],
     [
      85,
      1,
      2
     ],
     [
      86,
      1,
      3
     ],
     [
      89,
      1,
      8
     ],
     [
      90,
      1,
      6
     ],
     [
      91,
      1,
      2
     ],
     [
      94,
      1,
      8
     ],
     [
      95,
      2,
      10
     ],
     [
      99,
      1,
      8
     ],
     [
      100,
      2,
      10
     ],
     [
      103,
      1,
      2
     ],
     [
      104,
      2,
      8
     ],
     [
      106,
      1,
      1
     ],
     [
      110,
      1,
      2
     ],
     [
      111,
      1,
      9
     ],
     [
      112,
      1,
      10
     ],
     [
      113,
      1,
      8
     ],
     [
      114,
      1,
      4
     ],
     [
      115,
      1,
      2
     ],
     [
      156,
      1,
      3
     ],
     [
      157,
      1,
      2
     ],
     [
      160,
      1,
      2
     ],
     [
      161,
      1,
      7
     ],
     [
      162,
      1,
      3
     ],
     [
      164,
      1,
      1
     ],
     [
      165,
      1,
      3
     ],
     [
      166,
      1,
      5
     ],
     [
      169,
      1,
      4
     ],
     [
      170,
      1,
      5
     ],
     [
      174,
      1,
      1
     ],
     [
      175,
      1,
      3
     ],
     [
      176,
      1,
      2
     ],
     [
      177,
      1,
      1
     ],
     [
      181,
      1,
      2
     ],
     [
      182,
      1,
      4
     ],
     [
      184,
      1,
      4
     ],
     [
      185,
      2,
      10
     ],
     [
      187,
      1,
      8
     ],
     [
      188,
      67,
      10
     ],
     [
      255,
      1,
      7
     ]
    ],
    "77": [
     [
      53,
      1,
      4
     ],
     [
      54,
      3,
      10
     ],
     [
      57,
      1,
      8
     ],
     [
      58,
      1,
      9
     ],
     [
      59,
      2,
      10
     ],
     [
      61,
      2,
      9
     ],
     [
      63,
      4,
      10
     ],
     [
      67,
      1,
      6
     ],
     [
      68,
      1,
      4
     ],
     [
      69,
      1,
      6
     ],
     [
      70,
      1,
      2
     ],
     [
      76,
      1,
      2
     ],
     [
      77,
      1,
      6
     ],
     [
      79,
      1,
      2
     ],
     [
      82,
      1,
      4
     ],
     [
      83,
      1,
      6
     ],
     [
      84,
      1,
      7
     ],
     [
      85,
      1,
      1
     ],
     [
      86,
      1,
      4
     ],
     [
      87,
      1,
      6
     ],
     [
      88,
      1,
      3
     ],
     [
      89,
      1,
      10
     ],
     [
      90,
      1,
      5
     ],
     [
      92,
      2,
      2
     ],
     [
      94,
      1,
      8
     ],
     [
      95,
      1,
      3
     ],
     [
      96,
      1,
      6
     ],
     [
      97,
      1,
      3
     ],
     [
      99,
      1,
      4
     ],
     [
      100,
      1,
      8
     ],
     [
      101,
      1,
      10
     ],
     [
      102,
      1,
      2
     ],
     [
      104,
      2,
      10
     ],
     [
      106,
      1,
      2
     ],
     [
      111,
      1,
      2
     ],
     [
      112,
      2,
      10
     ],
     [
      114,
      1,
      7
     ],
     [
      115,
      1,
      5
     ],
     [
      156,
      1,
      5
     ],
     [
      157,
      1,
      1
     ],
     [
      160,
      1,
      2
     ],
     [
      164,
      2,
      2
     ],
     [
      169,
      1,
      2
     ],
     [
      173,
      1,
      4
     ],
     [
      176,
      1,
      4
     ],
     [
      177,
      1,
      6
     ],
     [
      178,
      1,
      7
     ],
     [
      179,
      1,
      8
     ],
     [
      180,
      1,
      10
     ],
     [
      181,
      1,
      9
     ],
     [
      182,
      1,
      3
     ],
     [
      184,
      1,
      6
     ],
     [
      185,
      70,
      10
     ],
     [
      255,
      1,
      4
     ]
    ],
    "78": [
     [
      48,
      1,
      2
     ],
     [
      53,
      1,
      6
     ],
     [
      54,
      3,
      10
     ],
     [
      59,
      1,
      8
     ],
     [
      60,
      1,
      7
     ],
     [
      61,
      1,
      3
     ],
     [
      62,
      1,
      6
     ],
     [
      63,
      7,
      10
     ],
     [
      80,
      1,
      3
     ],
     [
      83,
      1,
      3
     ],
     [
      84,
      1,
      5
     ],
     [
      88,
      1,
      4
     ],
     [
      89,
      1,
      9
     ],
     [
      90,
      1,
      10
     ],
     [
      91,
      1,
      6
     ],
     [
      92,
      1,
      2
     ],
     [
      93,
      1,
      5
     ],
     [
      94,
      1,
      3
     ],
     [
      96,
      1,
      4
     ],
     [
      97,
      1,
      10
     ],
     [
      100,
      2,
      8
     ],
     [
      102,
      1,
      4
     ],
     [
      103,
      1,
      7
     ],
     [
      104,
      2,
      10
     ],
     [
      111,
      1,
      2
     ],
     [
      112,
      2,
      9
     ],
     [
      154,
      2,
      1
     ],
     [
      175,
      1,
      2
     ],
     [
      176,
      1,
      7
     ],
     [
      179,
      2,
      8
     ],
     [
      181,
      1,
      10
     ],
     [
      182,
      1,
      5
     ],
     [
      183,
      1,
      4
     ],
     [
      184,
      1,
      8
     ],
     [
      185,
      70,
      10
     ],
     [
      255,
      1,
      2
     ]
    ],
    "79": [
     [
      48,
      1,
      8
     ],
     [
      54,
      3,
      10
     ],
     [
      57,
      1,
      4
     ],
     [
      58,
      1,
      3
     ],
     [
      59,
      1,
      10
     ],
     [
      60,
      1,
      4
     ],
     [
      62,
      1,
      4
     ],
     [
      63,
      7,
      10
     ],
     [
      70,
      1,
      5
     ],
     [
      76,
      1,
      4
     ],
     [
      77,
      1,
      3
     ],
     [
      78,
      1,
      4
     ],
     [
      79,
      1,
      6
     ],
     [
      80,
      1,
      10
     ],
     [
      81,
      1,
      7
     ],
     [
      82,
      1,
      3
     ],
     [
      83,
      1,
      7
     ],
     [
      84,
      1,
      9
     ],
     [
      87,
      1,
      2
     ],
     [
      91,
      1,
      1
     ],
     [
      94,
      1,
      5
     ],
     [
      95,
      1,
      4
     ],
     [
      96,
      1,
      2
     ],
     [
      97,
      1,
      6
     ],
     [
      98,
      1,
      3
     ],
     [
      100,
      1,
      9
     ],
     [
      101,
      1,
      3
     ],
     [
      103,
      1,
      5
     ],
     [
      104,
      1,
      10
     ],
     [
      105,
      1,
      8
     ],
     [
      106,
      1,
      4
     ],
     [
      107,
      1,
      3
     ],
     [
      108,
      2,
      2
     ],
     [
      112,
      2,
      8
     ],
     [
      114,
      1,
      5
     ],
     [
      154,
      1,
      1
     ],
     [
      155,
      1,
      5
     ],
     [
      156,
      1,
      4
     ],
     [
      157,
      1,
      3
     ],
     [
      160,
      1,
      2
     ],
     [
      165,
      2,
      6
     ],
     [
      169,
      1,
      7
     ],
     [
      173,
      1,
      2
     ],
     [
      174,
      1,
      5
     ],
     [
      175,
      1,
      2
     ],
     [
      177,
      1,
      1
     ],
     [
      178,
      1,
      3
     ],
     [
      179,
      1,
      7
     ],
     [
      181,
      1,
      1
     ],
     [
      182,
      70,
      10
     ],
     [
      252,
      1,
      2
     ],
     [
      253,
      1,
      3
     ],
     [
      254,
      1,
      8
     ]
    ],
    "80": [
     [
      53,
      1,
      3
     ],
     [
      54,
      3,
      10
     ],
     [
      57,
      1,
      8
     ],
     [
      58,
      1,
      9
     ],
     [
      59,
      2,
      10
     ],
     [
      61,
      2,
      9
     ],
     [
      63,
      7,
      10
     ],
     [
      70,
      1,
      8
     ],
     [
      76,
      1,
      3
     ],
     [
      77,
      1,
      4
     ],
     [
      79,
      1,
      4
     ],
     [
      80,
      6,
      10
     ],
     [
      86,
      1,
      7
     ],
     [
      87,
      1,
      5
     ],
     [
      98,
      1,
      2
     ],
     [
      101,
      1,
      8
     ],
     [
      102,
      1,
      5
     ],
     [
      103,
      1,
      2
     ],
     [
      106,
      2,
      8
     ],
     [
      108,
      1,
      5
     ],
     [
      111,
      1,
      4
     ],
     [
      112,
      2,
      10
     ],
     [
      114,
      1,
      8
     ],
     [
      155,
      1,
      2
     ],
     [
      156,
      1,
      6
     ],
     [
      157,
      1,
      4
     ],
     [
      160,
      1,
      8
     ],
     [
      165,
      2,
      2
     ],
     [
      167,
      1,
      3
     ],
     [
      168,
      1,
      5
     ],
     [
      169,
      1,
      3
     ],
     [
      173,
      1,
      2
     ],
     [
      177,
      1,
      7
     ],
     [
      178,
      1,
      10
     ],
     [
      179,
      1,
      8
     ],
     [
      181,
      1,
      3
     ],
     [
      182,
      1,
      9
     ],
     [
      183,
      69,
      10
     ],
     [
      252,
      1,
      1
     ],
     [
      254,
      1,
      8
     ]
    ],
    "81": [
     [
      52,
      1,
      1
     ],
     [
      53,
      1,
      5
     ],
     [
      54,
      3,
      10
     ],
     [
      57,
      1,
      1
     ],
     [
      59,
      2,
      7
     ],
     [
      61,
      1,
      2
     ],
     [
      62,
      1,
      6
     ],
     [
      63,
      7,
      10
     ],
     [
      70,
      1,
      9
     ],
     [
      71,
      1,
      4
     ],
     [
      72,
      1,
      3
     ],
     [
      73,
      1,
      7
     ],
     [
      74,
      1,
      5
     ],
     [
      75,
      1,
      4
     ],
     [
      76,
      1,
      7
     ],
     [
      77,
      1,
      8
     ],
     [
      78,
      1,
      5
     ],
     [
      79,
      1,
      8
     ],
     [
      80,
      5,
      10
     ],
     [
      85,
      1,
      3
     ],
     [
      86,
      2,
      4
     ],
     [
      88,
      1,
      2
     ],
     [
      89,
      1,
      4
     ],
     [
      91,
      1,
      6
     ],
     [
      92,
      1,
      4
     ],
     [
      93,
      1,
      1
     ],
     [
      94,
      1,
      3
     ],
     [
      95,
      1,
      1
     ],
     [
      96,
      1,
      6
     ],
     [
      97,
      1,
      3
     ],
     [
      99,
      1,
      1
     ],
     [
      100,
      1,
      3
     ],
     [
      101,
      1,
      10
     ],
     [
      102,
      1,
      3
     ],
     [
      104,
      2,
      1
     ],
     [
      106,
      1,
      10
     ],
     [
      107,
      1,
      5
     ],
     [
      109,
      1,
      1
     ],
     [
      111,
      3,
      10
     ],
     [
      114,
      1,
      7
     ],
     [
      147,
      1,
      6
     ],
     [
      148,
      1,
      2
     ],
     [
      154,
      1,
      2
     ],
     [
      155,
      2,
      1
     ],
     [
      158,
      1,
      4
     ],
     [
      159,
      1,
      5
     ],
     [
      160,
      1,
      7
     ],
     [
      162,
      1,
      1
     ],
     [
      163,
      1,
      6
     ],
     [
      164,
      1,
      1
     ],
     [
      167,
      1,
      7
     ],
     [
      168,
      1,
      2
     ],
     [
      177,
      1,
      9
     ],
     [
      178,
      2,
      10
     ],
     [
      182,
      1,
      9
     ],
     [
      183,
      71,
      10
     ],
     [
      254,
      1,
      6
     ]
    ],
    "82": [
     [
      52,
      1,
      4
     ],
     [
      53,
      4,
      10
     ],
     [
      57,
      1,
      5
     ],
     [
      58,
      1,
      3
     ],
     [
      59,
      1,
      10
     ],
     [
      60,
      1,
      4
     ],
     [
      62,
      1,
      3
     ],
     [
      63,
      11,
      10
     ],
     [
      74,
      1,
      9
     ],
     [
      75,
      1,
      8
     ],
     [
      76,
      3,
      10
     ],
     [
      79,
      2,
      3
     ],
     [
      81,
      1,
      8
     ],
     [
      82,
      1,
      9
     ],
     [
      83,
      1,
      7
     ],
     [
      84,
      1,
      10
     ],
     [
      87,
      1,
      10
     ],
     [
      88,
      1,
      5
     ],
     [
      92,
      1,
      2
     ],
     [
      93,
      1,
      3
     ],
     [
      97,
      1,
      3
     ],
     [
      98,
      1,
      4
     ],
     [
      99,
      1,
      2
     ],
     [
      100,
      1,
      5
     ],
     [
      101,
      1,
      10
     ],
     [
      102,
      1,
      7
     ],
     [
      103,
      1,
      6
     ],
     [
      104,
      1,
      8
     ],
     [
      107,
      1,
      7
     ],
     [
      108,
      1,
      5
     ],
     [
      109,
      1,
      2
     ],
     [
      110,
      1,
      1
     ],
     [
      112,
      1,
      8
     ],
     [
      113,
      2,
      10
     ],
     [
      115,
      1,
      9
     ],
     [
      116,
      1,
      1
     ],
     [
      148,
      2,
      4
     ],
     [
      154,
      1,
      2
     ],
     [
      156,
      1,
      2
     ],
     [
      157,
      1,
      9
     ],
     [
      158,
      1,
      2
     ],
     [
      160,
      1,
      6
     ],
     [
      161,
      1,
      10
     ],
     [
      162,
      1,
      8
     ],
     [
      163,
      1,
      10
     ],
     [
      164,
      1,
      3
     ],
     [
      167,
      1,
      2
     ],
     [
      175,
      1,
      3
     ],
     [
      176,
      1,
      5
     ],
     [
      177,
      1,
      6
     ],
     [
      178,
      1,
      7
     ],
     [
      179,
      1,
      8
     ],
     [
      182,
      72,
      10
     ],
     [
      254,
      1,
      3
     ]
    ],
    "83": [
     [
      51,
      1,
      2
     ],
     [
      52,
      1,
      8
     ],
     [
      53,
      2,
      9
     ],
     [
      55,
      6,
      10
     ],
     [
      61,
      2,
      9
     ],
     [
      63,
      2,
      10
     ],
     [
      65,
      2,
      8
     ],
     [
      67,
      7,
      10
     ],
     [
      74,
      1,
      7
     ],
     [
      76,
      1,
      2
     ],
     [
      77,
      2,
      10
     ],
     [
      81,
      1,
      10
     ],
     [
      82,
      1,
      6
     ],
     [
      84,
      1,
      3
     ],
     [
      85,
      1,
      10
     ],
     [
      86,
      1,
      7
     ],
     [
      87,
      1,
      10
     ],
     [
      88,
      1,
      7
     ],
     [
      89,
      1,
      3
     ],
     [
      90,
      2,
      6
     ],
     [
      94,
      1,
      3
     ],
     [
      101,
      1,
      7
     ],
     [
      104,
      1,
      6
     ],
     [
      105,
      1,
      2
     ],
     [
      106,
      1,
      1
     ],
     [
      107,
      1,
      9
     ],
     [
      108,
      1,
      3
     ],
     [
      110,
      2,
      1
     ],
     [
      112,
      4,
      10
     ],
     [
      116,
      1,
      3
     ],
     [
      155,
      1,
      1
     ],
     [
      156,
      1,
      9
     ],
     [
      157,
      1,
      10
     ],
     [
      158,
      1,
      6
     ],
     [
      159,
      1,
      4
     ],
     [
      160,
      1,
      6
     ],
     [
      161,
      1,
      3
     ],
     [
      162,
      1,
      4
     ],
     [
      163,
      1,
      10
     ],
     [
      164,
      1,
      4
     ],
     [
      168,
      1,
      9
     ],
     [
      169,
      1,
      3
     ],
     [
      178,
      1,
      1
     ],
     [
      179,
      1,
      8
     ],
     [
      180,
      1,
      5
     ],
     [
      181,
      1,
      6
     ],
     [
      182,
      72,
      10
     ],
     [
      254,
      1,
      2
     ]
    ],
    "84": [
     [
      52,
      1,
      10
     ],
     [
      53,
      1,
      6
     ],
     [
      55,
      1,
      3
     ],
     [
      56,
      4,
      10
     ],
     [
      60,
      1,
      7
     ],
     [
      61,
      1,
      3
     ],
     [
      62,
      1,
      6
     ],
     [
      63,
      1,
      10
     ],
     [
      64,
      1,
      8
     ],
     [
      67,
      1,
      8
     ],
     [
      68,
      6,
      10
     ],
     [
      74,
      1,
      7
     ],
     [
      75,
      1,
      4
     ],
     [
      76,
      1,
      6
     ],
     [
      77,
      3,
      10
     ],
     [
      80,
      1,
      9
     ],
     [
      81,
      1,
      10
     ],
     [
      82,
      1,
      7
     ],
     [
      83,
      1,
      4
     ],
     [
      84,
      1,
      7
     ],
     [
      85,
      8,
      10
     ],
     [
      93,
      1,
      7
     ],
     [
      94,
      1,
      10
     ],
     [
      95,
      1,
      6
     ],
     [
      98,
      1,
      5
     ],
     [
      101,
      1,
      9
     ],
     [
      102,
      1,
      2
     ],
     [
      104,
      1,
      2
     ],
     [
      105,
      1,
      9
     ],
     [
      108,
      1,
      8
     ],
     [
      109,
      1,
      5
     ],
     [
      110,
      1,
      2
     ],
     [
      111,
      1,
      6
     ],
     [
      112,
      1,
      10
     ],
     [
      113,
      1,
      8
     ],
     [
      114,
      1,
      7
     ],
     [
      115,
      1,
      4
     ],
     [
      116,
      1,
      6
     ],
     [
      149,
      1,
      3
     ],
     [
      150,
      1,
      2
     ],
     [
      151,
      1,
      5
     ],
     [
      154,
      1,
      8
     ],
     [
      155,
      1,
      6
     ],
     [
      156,
      3,
      10
     ],
     [
      159,
      1,
      8
     ],
     [
      163,
      1,
      5
     ],
     [
      164,
      1,
      3
     ],
     [
      167,
      1,
      7
     ],
     [
      168,
      1,
      2
     ],
     [
      170,
      1,
      1
     ],
     [
      171,
      2,
      5
     ],
     [
      175,
      1,
      1
     ],
     [
      176,
      1,
      3
     ],
     [
      179,
      1,
      6
     ],
     [
      180,
      34,
      10
     ],
     [
      214,
      1,
      5
     ],
     [
      215,
      1,
      3
     ],
     [
      216,
      1,
      6
     ],
     [
      217,
      37,
      10
     ]
    ],
    "85": [
     [
      51,
      1,
      7
     ],
     [
      52,
      1,
      10
     ],
     [
      53,
      1,
      7
     ],
     [
      54,
      1,
      3
     ],
     [
      55,
      1,
      7
     ],
     [
      56,
      4,
      10
     ],
     [
      60,
      1,
      5
     ],
     [
      62,
      1,
      3
     ],
     [
      63,
      1,
      10
     ],
     [
      64,
      1,
      1
     ],
     [
      66,
      1,
      2
     ],
     [
      67,
      23,
      10
     ],
     [
      90,
      1,
      9
     ],
     [
      91,
      1,
      7
     ],
     [
      92,
      1,
      9
     ],
     [
      93,
      2,
      10
     ],
     [
      95,
      1,
      9
     ],
     [
      96,
      2,
      6
     ],
     [
      98,
      1,
      10
     ],
     [
      99,
      1,
      9
     ],
     [
      100,
      1,
      8
     ],
     [
      101,
      2,
      10
     ],
     [
      105,
      1,
      9
     ],
     [
      106,
      2,
      3
     ],
     [
      108,
      1,
      10
     ],
     [
      109,
      1,
      4
     ],
     [
      112,
      1,
      2
     ],
     [
      149,
      1,
      1
     ],
     [
      152,
      1,
      1
     ],
     [
      153,
      1,
      3
     ],
     [
      154,
      1,
      5
     ],
     [
      156,
      1,
      1
     ],
     [
      157,
      1,
      10
     ],
     [
      158,
      1,
      5
     ],
     [
      163,
      1,
      2
     ],
     [
      167,
      1,
      7
     ],
     [
      170,
      2,
      3
     ],
     [
      175,
      1,
      1
     ],
     [
      176,
      1,
      3
     ],
     [
      177,
      1,
      5
     ],
     [
      178,
      1,
      4
     ],
     [
      179,
      1,
      2
     ],
     [
      180,
      1,
      4
     ],
     [
      181,
      1,
      8
     ],
     [
      182,
      32,
      10
     ],
     [
      214,
      1,
      4
     ],
     [
      216,
      1,
      5
     ],
     [
      217,
      36,
      10
     ],
     [
      253,
      1,
      7
     ]
    ],
    "86": [
     [
      51,
      1,
      3
     ],
     [
      52,
      1,
      8
     ],
     [
      53,
      9,
      10
     ],
     [
      62,
      1,
      8
     ],
     [
      63,
      1,
      10
     ],
     [
      64,
      1,
      5
     ],
     [
      65,
      1,
      3
     ],
     [
      66,
      23,
      10
     ],
     [
      89,
      1,
      9
     ],
     [
      90,
      1,
      4
     ],
     [
      92,
      1,
      4
     ],
     [
      93,
      1,
      10
     ],
     [
      94,
      2,
      2
     ],
     [
      97,
      1,
      3
     ],
     [
      98,
      2,
      10
     ],
     [
      100,
      1,
      6
     ],
     [
      102,
      1,
      1
     ],
     [
      104,
      1,
      1
     ],
     [
      105,
      1,
      10
     ],
     [
      106,
      1,
      8
     ],
     [
      107,
      1,
      9
     ],
     [
      108,
      2,
      10
     ],
     [
      110,
      1,
      9
     ],
     [
      111,
      1,
      4
     ],
     [
      113,
      2,
      2
     ],
     [
      115,
      1,
      5
     ],
     [
      152,
      2,
      2
     ],
     [
      156,
      1,
      3
     ],
     [
      157,
      1,
      5
     ],
     [
      164,
      2,
      1
     ],
     [
      176,
      1,
      2
     ],
     [
      177,
      1,
      8
     ],
     [
      178,
      1,
      4
     ],
     [
      182,
      2,
      3
     ],
     [
      184,
      1,
      7
     ],
     [
      185,
      30,
      10
     ],
     [
      215,
      1,
      9
     ],
     [
      216,
      1,
      7
     ],
     [
      217,
      1,
      9
     ],
     [
      218,
      35,
      10
     ],
     [
      253,
      1,
      6
     ]
    ],
    "87": [
     [
      45,
      1,
      2
     ],
     [
      52,
      1,
      9
     ],
     [
      53,
      11,
      10
     ],
     [
      64,
      1,
      8
     ],
     [
      65,
      1,
      9
     ],
     [
      66,
      6,
      10
     ],
     [
      72,
      2,
      8
     ],
     [
      74,
      11,
      10
     ],
     [
      85,
      1,
      5
     ],
     [
      86,
      1,
      4
     ],
     [
      87,
      1,
      8
     ],
     [
      88,
      1,
      10
     ],
     [
      89,
      1,
      6
     ],
     [
      92,
      1,
      4
     ],
     [
      93,
      1,
      7
     ],
     [
      96,
      1,
      3
     ],
     [
      97,
      1,
      7
     ],
     [
      98,
      2,
      10
     ],
     [
      100,
      1,
      6
     ],
     [
      101,
      1,
      3
     ],
     [
      104,
      1,
      3
     ],
     [
      105,
      1,
      10
     ],
     [
      106,
      1,
      1
     ],
     [
      108,
      1,
      7
     ],
     [
      109,
      6,
      10
     ],
     [
      115,
      1,
      8
     ],
     [
      116,
      2,
      3
     ],
     [
      118,
      1,
      1
     ],
     [
      164,
      1,
      2
     ],
     [
      176,
      1,
      6
     ],
     [
      177,
      1,
      3
     ],
     [
      180,
      1,
      7
     ],
     [
      185,
      1,
      7
     ],
     [
      186,
      28,
      10
     ],
     [
      214,
      1,
      7
     ],
     [
      215,
      1,
      1
     ],
     [
      217,
      1,
      5
     ],
     [
      218,
      35,
      10
     ],
     [
      253,
      1,
      4
     ]
    ],
    "88": [
     [
      44,
      2,
      1
     ],
     [
      49,
      1,
      6
     ],
     [
      50,
      1,
      3
     ],
     [
      51,
      1,
      7
     ],
     [
      52,
      2,
      10
     ],
     [
      54,
      1,
      9
     ],
     [
      55,
      1,
      7
     ],
     [
      56,
      2,
      10
     ],
     [
      58,
      1,
      8
     ],
     [
      59,
      1,
      7
     ],
     [
      60,
      4,
      10
     ],
     [
      64,
      1,
      1
     ],
     [
      66,
      1,
      6
     ],
     [
      67,
      1,
      7
     ],
     [
      68,
      1,
      3
     ],
     [
      69,
      1,
      5
     ],
     [
      70,
      1,
      4
     ],
     [
      71,
      1,
      2
     ],
     [
      74,
      1,
      8
     ],
     [
      75,
      1,
      7
     ],
     [
      76,
      1,
      3
     ],
     [
      77,
      1,
      6
     ],
     [
      78,
      7,
      10
     ],
     [
      87,
      1,
      9
     ],
     [
      88,
      1,
      10
     ],
     [
      89,
      1,
      3
     ],
     [
      93,
      1,
      4
     ],
     [
      94,
      10,
      10
     ],
     [
      104,
      1,
      8
     ],
     [
      105,
      1,
      10
     ],
     [
      106,
      1,
      5
     ],
     [
      107,
      1,
      3
     ],
     [
      108,
      11,
      10
     ],
     [
      119,
      1,
      2
     ],
     [
      120,
      1,
      3
     ],
     [
      148,
      1,
      2
     ],
     [
      161,
      1,
      2
     ],
     [
      177,
      1,
      4
     ],
     [
      180,
      1,
      2
     ],
     [
      186,
      1,
      6
     ],
     [
      187,
      1,
      9
     ],
     [
      188,
      1,
      8
     ],
     [
      189,
      25,
      10
     ],
     [
      214,
      1,
      5
     ],
     [
      216,
      1,
      2
     ],
     [
      217,
      1,
      8
     ],
     [
      218,
      35,
      10
     ],
     [
      253,
      1,
      1
     ]
    ],
    "89": [
     [
      50,
      1,
      8
     ],
     [
      51,
      2,
      10
     ],
     [
      53,
      1,
      9
     ],
     [
      54,
      1,
      5
     ],
     [
      56,
      1,
      3
     ],
     [
      57,
      1,
      10
     ],
     [
      58,
      1,
      2
     ],
     [
      60,
      1,
      7
     ],
     [
      61,
      3,
      10
     ],
     [
      64,
      1,
      5
     ],
     [
      65,
      1,
      3
     ],
     [
      66,
      1,
      10
     ],
     [
      67,
      1,
      5
     ],
     [
      72,
      1,
      2
     ],
     [
      73,
      1,
      3
     ],
     [
      74,
      1,
      10
     ],
     [
      75,
      1,
      4
     ],
     [
      77,
      1,
      3
     ],
     [
      78,
      8,
      10
     ],
     [
      86,
      1,
      8
     ],
     [
      87,
      2,
      10
     ],
     [
      89,
      1,
      9
     ],
     [
      90,
      1,
      3
     ],
     [
      92,
      1,
      5
     ],
     [
      93,
      1,
      8
     ],
     [
      94,
      26,
      10
     ],
     [
      120,
      1,
      7
     ],
     [
      148,
      1,
      8
     ],
     [
      152,
      1,
      4
     ],
     [
      156,
      2,
      2
     ],
     [
      160,
      1,
      2
     ],
     [
      161,
      1,
      8
     ],
     [
      176,
      1,
      1
     ],
     [
      177,
      1,
      8
     ],
     [
      178,
      1,
      1
     ],
     [
      182,
      1,
      4
     ],
     [
      184,
      1,
      2
     ],
     [
      185,
      1,
      4
     ],
     [
      186,
      1,
      8
     ],
     [
      187,
      1,
      7
     ],
     [
      189,
      1,
      2
     ],
     [
      190,
      26,
      10
     ],
     [
      216,
      1,
      4
     ],
     [
      217,
      1,
      2
     ],
     [
      218,
      1,
      8
     ],
     [
      219,
      34,
      10
     ]
    ],
    "90": [
     [
      49,
      1,
      1
     ],
     [
      50,
      3,
      10
     ],
     [
      53,
      1,
      7
     ],
     [
      55,
      1,
      1
     ],
     [
      56,
      1,
      7
     ],
     [
      57,
      1,
      4
     ],
     [
      60,
      8,
      10
     ],
     [
      68,
      1,
      9
     ],
     [
      69,
      1,
      5
     ],
     [
      70,
      1,
      6
     ],
     [
      71,
      5,
      10
     ],
     [
      76,
      2,
      9
     ],
     [
      78,
      44,
      10
     ],
     [
      122,
      1,
      5
     ],
     [
      125,
      2,
      1
     ],
     [
      148,
      1,
      2
     ],
     [
      155,
      1,
      2
     ],
     [
      160,
      2,
      2
     ],
     [
      162,
      1,
      3
     ],
     [
      176,
      1,
      3
     ],
     [
      177,
      1,
      5
     ],
     [
      183,
      1,
      1
     ],
     [
      184,
      1,
      5
     ],
     [
      185,
      2,
      10
     ],
     [
      187,
      1,
      7
     ],
     [
      188,
      1,
      4
     ],
     [
      189,
      1,
      6
     ],
     [
      190,
      26,
      10
     ],
     [
      216,
      1,
      3
     ],
     [
      218,
      1,
      6
     ],
     [
      219,
      33,
      10
     ],
     [
      252,
      1,
      7
     ]
    ],
    "91": [
     [
      49,
      1,
      6
     ],
     [
      50,
      3,
      10
     ],
     [
      53,
      1,
      7
     ],
     [
      54,
      1,
      4
     ],
     [
      55,
      1,
      7
     ],
     [
      56,
      1,
      10
     ],
     [
      59,
      1,
      2
     ],
     [
      60,
      8,
      10
     ],
     [
      68,
      1,
      6
     ],
     [
      70,
      1,
      3
     ],
     [
      71,
      1,
      8
     ],
     [
      72,
      1,
      3
     ],
     [
      73,
      1,
      4
     ],
     [
      74,
      1,
      9
     ],
     [
      75,
      47,
      10
     ],
     [
      122,
      1,
      8
     ],
     [
      123,
      1,
      3
     ],
     [
      124,
      1,
      4
     ],
     [
      125,
      1,
      7
     ],
     [
      128,
      1,
      2
     ],
     [
      129,
      1,
      5
     ],
     [
      152,
      1,
      4
     ],
     [
      155,
      1,
      2
     ],
     [
      158,
      1,
      3
     ],
     [
      159,
      1,
      1
     ],
     [
      162,
      1,
      7
     ],
     [
      183,
      1,
      3
     ],
     [
      184,
      1,
      5
     ],
     [
      185,
      1,
      3
     ],
     [
      186,
      1,
      8
     ],
     [
      187,
      1,
      10
     ],
     [
      188,
      1,
      2
     ],
     [
      189,
      1,
      3
     ],
     [
      190,
      62,
      10
     ],
     [
      252,
      1,
      7
     ]
    ],
    "92": [
     [
      34,
      1,
      5
     ],
     [
      49,
      1,
      4
     ],
     [
      50,
      3,
      10
     ],
     [
      53,
      1,
      9
     ],
     [
      54,
      1,
      8
     ],
     [
      55,
      2,
      10
     ],
     [
      57,
      1,
      4
     ],
     [
      59,
      1,
      3
     ],
     [
      60,
      8,
      10
     ],
     [
      68,
      1,
      6
     ],
     [
      69,
      1,
      3
     ],
     [
      70,
      1,
      7
     ],
     [
      71,
      1,
      1
     ],
     [
      74,
      1,
      9
     ],
     [
      75,
      7,
      10
     ],
     [
      82,
      1,
      7
     ],
     [
      83,
      1,
      3
     ],
     [
      84,
      1,
      6
     ],
     [
      85,
      1,
      10
     ],
     [
      86,
      1,
      8
     ],
     [
      87,
      1,
      9
     ],
     [
      88,
      36,
      10
     ],
     [
      124,
      1,
      4
     ],
     [
      126,
      1,
      3
     ],
     [
      127,
      1,
      9
     ],
     [
      128,
      1,
      3
     ],
     [
      129,
      1,
      1
     ],
     [
      138,
      2,
      1
     ],
     [
      143,
      1,
      1
     ],
     [
      144,
      1,
      5
     ],
     [
      151,
      1,
      1
     ],
     [
      152,
      1,
      3
     ],
     [
      161,
      1,
      4
     ],
     [
      162,
      1,
      2
     ],
     [
      164,
      2,
      1
     ],
     [
      186,
      1,
      7
     ],
     [
      187,
      1,
      5
     ],
     [
      189,
      1,
      1
     ],
     [
      190,
      62,
      10
     ],
     [
      252,
      1,
      3
     ]
    ],
    "93": [
     [
      34,
      1,
      2
     ],
     [
      49,
      1,
      6
     ],
     [
      50,
      3,
      10
     ],
     [
      53,
      1,
      7
     ],
     [
      55,
      1,
      2
     ],
     [
      56,
      1,
      10
     ],
     [
      57,
      1,
      3
     ],
     [
      59,
      1,
      6
     ],
     [
      60,
      5,
      10
     ],
     [
      65,
      1,
      4
     ],
     [
      66,
      1,
      3
     ],
     [
      67,
      1,
      8
     ],
     [
      68,
      3,
      10
     ],
     [
      71,
      1,
      5
     ],
     [
      72,
      1,
      3
     ],
     [
      73,
      1,
      7
     ],
     [
      74,
      1,
      6
     ],
     [
      76,
      1,
      3
     ],
     [
      77,
      1,
      10
     ],
     [
      78,
      1,
      4
     ],
     [
      79,
      1,
      5
     ],
     [
      80,
      1,
      9
     ],
     [
      81,
      1,
      10
     ],
     [
      82,
      1,
      4
     ],
     [
      84,
      1,
      3
     ],
     [
      85,
      1,
      10
     ],
     [
      88,
      1,
      8
     ],
     [
      89,
      1,
      7
     ],
     [
      90,
      1,
      3
     ],
     [
      91,
      1,
      6
     ],
     [
      92,
      32,
      10
     ],
     [
      124,
      1,
      6
     ],
     [
      125,
      2,
      3
     ],
     [
      127,
      1,
      2
     ],
     [
      138,
      2,
      1
     ],
     [
      143,
      1,
      2
     ],
     [
      144,
      1,
      3
     ],
     [
      155,
      1,
      7
     ],
     [
      158,
      2,
      1
     ],
     [
      164,
      2,
      1
     ],
     [
      168,
      1,
      2
     ],
     [
      185,
      1,
      4
     ],
     [
      186,
      1,
      7
     ],
     [
      189,
      1,
      6
     ],
     [
      190,
      62,
      10
     ],
     [
      252,
      1,
      1
     ]
    ],
    "94": [
     [
      49,
      1,
      6
     ],
     [
      50,
      3,
      10
     ],
     [
      53,
      1,
      7
     ],
     [
      54,
      1,
      4
     ],
     [
      55,
      1,
      6
     ],
     [
      56,
      1,
      10
     ],
     [
      59,
      1,
      9
     ],
     [
      60,
      5,
      10
     ],
     [
      67,
      5,
      10
     ],
     [
      72,
      1,
      3
     ],
     [
      73,
      1,
      4
     ],
     [
      74,
      1,
      5
     ],
     [
      75,
      1,
      2
     ],
     [
      76,
      1,
      4
     ],
     [
      77,
      1,
      5
     ],
     [
      80,
      3,
      10
     ],
     [
      83,
      2,
      9
     ],
     [
      85,
      1,
      10
     ],
     [
      86,
      1,
      4
     ],
     [
      87,
      1,
      3
     ],
     [
      88,
      1,
      10
     ],
     [
      89,
      1,
      4
     ],
     [
      91,
      1,
      4
     ],
     [
      92,
      34,
      10
     ],
     [
      126,
      1,
      1
     ],
     [
      128,
      1,
      7
     ],
     [
      129,
      1,
      5
     ],
     [
      131,
      1,
      1
     ],
     [
      132,
      1,
      3
     ],
     [
      133,
      1,
      1
     ],
     [
      141,
      1,
      6
     ],
     [
      142,
      1,
      5
     ],
     [
      144,
      1,
      1
     ],
     [
      145,
      1,
      2
     ],
     [
      146,
      1,
      1
     ],
     [
      149,
      1,
      7
     ],
     [
      150,
      1,
      4
     ],
     [
      153,
      1,
      2
     ],
     [
      154,
      1,
      6
     ],
     [
      155,
      1,
      7
     ],
     [
      157,
      1,
      1
     ],
     [
      158,
      1,
      7
     ],
     [
      159,
      1,
      3
     ],
     [
      161,
      2,
      2
     ],
     [
      166,
      1,
      4
     ],
     [
      167,
      1,
      5
     ],
     [
      168,
      1,
      2
     ],
     [
      187,
      1,
      2
     ],
     [
      188,
      1,
      5
     ],
     [
      189,
      63,
      10
     ]
    ],
    "95": [
     [
      38,
      1,
      2
     ],
     [
      50,
      1,
      7
     ],
     [
      51,
      7,
      10
     ],
     [
      58,
      1,
      6
     ],
     [
      59,
      1,
      9
     ],
     [
      60,
      6,
      10
     ],
     [
      66,
      1,
      8
     ],
     [
      67,
      2,
      10
     ],
     [
      69,
      1,
      9
     ],
     [
      70,
      1,
      7
     ],
     [
      71,
      1,
      10
     ],
     [
      74,
      1,
      1
     ],
     [
      75,
      1,
      2
     ],
     [
      79,
      1,
      7
     ],
     [
      80,
      6,
      10
     ],
     [
      86,
      1,
      8
     ],
     [
      87,
      1,
      9
     ],
     [
      88,
      2,
      10
     ],
     [
      90,
      2,
      9
     ],
     [
      92,
      36,
      10
     ],
     [
      128,
      2,
      9
     ],
     [
      130,
      1,
      4
     ],
     [
      131,
      1,
      6
     ],
     [
      132,
      1,
      10
     ],
     [
      133,
      1,
      1
     ],
     [
      135,
      1,
      2
     ],
     [
      136,
      1,
      5
     ],
     [
      141,
      1,
      3
     ],
     [
      142,
      1,
      6
     ],
     [
      143,
      1,
      2
     ],
     [
      144,
      2,
      3
     ],
     [
      148,
      1,
      2
     ],
     [
      149,
      1,
      7
     ],
     [
      154,
      1,
      1
     ],
     [
      155,
      1,
      8
     ],
     [
      156,
      1,
      10
     ],
     [
      157,
      1,
      6
     ],
     [
      158,
      1,
      3
     ],
     [
      159,
      1,
      2
     ],
     [
      160,
      1,
      4
     ],
     [
      161,
      1,
      7
     ],
     [
      162,
      1,
      2
     ],
     [
      164,
      1,
      2
     ],
     [
      165,
      1,
      7
     ],
     [
      166,
      1,
      2
     ],
     [
      185,
      1,
      1
     ],
     [
      186,
      1,
      3
     ],
     [
      187,
      1,
      2
     ],
     [
      188,
      1,
      4
     ],
     [
      189,
      1,
      9
     ],
     [
      190,
      61,
      10
     ],
     [
      251,
      1,
      7
     ]
    ],
    "96": [
     [
      38,
      1,
      2
     ],
     [
      40,
      2,
      2
     ],
     [
      49,
      1,
      1
     ],
     [
      50,
      8,
      10
     ],
     [
      60,
      1,
      9
     ],
     [
      61,
      7,
      10
     ],
     [
      68,
      1,
      9
     ],
     [
      69,
      1,
      4
     ],
     [
      71,
      1,
      2
     ],
     [
      72,
      1,
      6
     ],
     [
      73,
      1,
      5
     ],
     [
      76,
      1,
      3
     ],
     [
      77,
      1,
      6
     ],
     [
      78,
      1,
      7
     ],
     [
      79,
      2,
      10
     ],
     [
      81,
      1,
      9
     ],
     [
      82,
      4,
      10
     ],
     [
      86,
      1,
      1
     ],
     [
      88,
      1,
      7
     ],
     [
      89,
      42,
      10
     ],
     [
      131,
      1,
      7
     ],
     [
      132,
      1,
      4
     ],
     [
      133,
      1,
      7
     ],
     [
      134,
      1,
      9
     ],
     [
      135,
      1,
      8
     ],
     [
      136,
      1,
      9
     ],
     [
      137,
      1,
      5
     ],
     [
      142,
      1,
      7
     ],
     [
      143,
      1,
      10
     ],
     [
      144,
      1,
      4
     ],
     [
      146,
      1,
      3
     ],
     [
      147,
      1,
      8
     ],
     [
      148,
      1,
      10
     ],
     [
      149,
      1,
      8
     ],
     [
      150,
      1,
      3
     ],
     [
      151,
      1,
      5
     ],
     [
      152,
      1,
      7
     ],
     [
      155,
      1,
      8
     ],
     [
      156,
      1,
      10
     ],
     [
      157,
      1,
      3
     ],
     [
      159,
      1,
      4
     ],
     [
      160,
      1,
      10
     ],
     [
      161,
      1,
      7
     ],
     [
      163,
      1,
      1
     ],
     [
      164,
      1,
      8
     ],
     [
      165,
      1,
      3
     ],
     [
      184,
      1,
      1
     ],
     [
      185,
      1,
      2
     ],
     [
      186,
      1,
      3
     ],
     [
      189,
      14,
      10
     ],
     [
      203,
      1,
      5
     ],
     [
      204,
      1,
      4
     ],
     [
      205,
      1,
      7
     ],
     [
      206,
      45,
      10
     ],
     [
      251,
      1,
      5
     ]
    ],
    "97": [
     [
      49,
      1,
      9
     ],
     [
      50,
      1,
      10
     ],
     [
      51,
      2,
      8
     ],
     [
      53,
      4,
      10
     ],
     [
      57,
      1,
      9
     ],
     [
      58,
      1,
      4
     ],
     [
      59,
      1,
      2
     ],
     [
      60,
      8,
      10
     ],
     [
      68,
      1,
      7
     ],
     [
      70,
      2,
      1
     ],
     [
      73,
      1,
      2
     ],
     [
      74,
      1,
      8
     ],
     [
      76,
      1,
      3
     ],
     [
      77,
      1,
      9
     ],
     [
      78,
      3,
      10
     ],
     [
      81,
      1,
      6
     ],
     [
      83,
      1,
      3
     ],
     [
      84,
      1,
      10
     ],
     [
      85,
      1,
      4
     ],
     [
      87,
      1,
      2
     ],
     [
      88,
      43,
      10
     ],
     [
      131,
      1,
      2
     ],
     [
      133,
      1,
      7
     ],
     [
      134,
      1,
      9
     ],
     [
      137,
      1,
      7
     ],
     [
      140,
      1,
      7
     ],
     [
      141,
      1,
      9
     ],
     [
      142,
      1,
      6
     ],
     [
      143,
      1,
      4
     ],
     [
      144,
      1,
      5
     ],
     [
      145,
      1,
      10
     ],
     [
      146,
      1,
      4
     ],
     [
      147,
      1,
      2
     ],
     [
      148,
      1,
      8
     ],
     [
      149,
      1,
      10
     ],
     [
      150,
      1,
      5
     ],
     [
      151,
      1,
      3
     ],
     [
      152,
      1,
      6
     ],
     [
      153,
      1,
      10
     ],
     [
      154,
      1,
      8
     ],
     [
      155,
      3,
      10
     ],
     [
      158,
      1,
      8
     ],
     [
      159,
      1,
      7
     ],
     [
      160,
      3,
      10
     ],
     [
      163,
      1,
      8
     ],
     [
      164,
      1,
      3
     ],
     [
      166,
      1,
      2
     ],
     [
      167,
      1,
      4
     ],
     [
      170,
      1,
      4
     ],
     [
      171,
      1,
      1
     ],
     [
      183,
      1,
      2
     ],
     [
      184,
      1,
      9
     ],
     [
      185,
      1,
      2
     ],
     [
      187,
      1,
      6
     ],
     [
      188,
      1,
      9
     ],
     [
      189,
      14,
      10
     ],
     [
      203,
      1,
      2
     ],
     [
      205,
      1,
      7
     ],
     [
      206,
      44,
      10
     ],
     [
      250,
      1,
      8
     ],
     [
      251,
      1,
      1
     ]
    ],
    "98": [
     [
      50,
      1,
      2
     ],
     [
      53,
      1,
      8
     ],
     [
      54,
      1,
      7
     ],
     [
      55,
      1,
      3
     ],
     [
      56,
      1,
      6
     ],
     [
      57,
      11,
      10
     ],
     [
      68,
      1,
      6
     ],
     [
      69,
      1,
      4
     ],
     [
      70,
      1,
      7
     ],
     [
      71,
      1,
      8
     ],
     [
      74,
      1,
      8
     ],
     [
      75,
      1,
      1
     ],
     [
      77,
      1,
      3
     ],
     [
      78,
      3,
      10
     ],
     [
      81,
      1,
      6
     ],
     [
      82,
      1,
      3
     ],
     [
      83,
      1,
      6
     ],
     [
      84,
      1,
      10
     ],
     [
      87,
      1,
      9
     ],
     [
      88,
      43,
      10
     ],
     [
      131,
      1,
      9
     ],
     [
      132,
      1,
      5
     ],
     [
      133,
      1,
      9
     ],
     [
      134,
      1,
      8
     ],
     [
      135,
      1,
      3
     ],
     [
      136,
      2,
      5
     ],
     [
      140,
      1,
      7
     ],
     [
      141,
      1,
      3
     ],
     [
      144,
      1,
      1
     ],
     [
      145,
      1,
      2
     ],
     [
      146,
      1,
      1
     ],
     [
      148,
      1,
      7
     ],
     [
      149,
      1,
      8
     ],
     [
      152,
      1,
      3
     ],
     [
      153,
      4,
      10
     ],
     [
      157,
      1,
      7
     ],
     [
      158,
      1,
      3
     ],
     [
      160,
      1,
      3
     ],
     [
      161,
      3,
      10
     ],
     [
      164,
      1,
      6
     ],
     [
      165,
      1,
      2
     ],
     [
      166,
      1,
      3
     ],
     [
      170,
      1,
      6
     ],
     [
      171,
      1,
      1
     ],
     [
      176,
      1,
      3
     ],
     [
      177,
      1,
      10
     ],
     [
      178,
      1,
      7
     ],
     [
      179,
      1,
      6
     ],
     [
      182,
      1,
      1
     ],
     [
      183,
      1,
      8
     ],
     [
      184,
      6,
      10
     ],
     [
      190,
      1,
      9
     ],
     [
      191,
      1,
      7
     ],
     [
      192,
      1,
      9
     ],
     [
      193,
      11,
      10
     ],
     [
      204,
      2,
      9
     ],
     [
      206,
      44,
      10
     ],
     [
      250,
      1,
      4
     ]
    ],
    "99": [
     [
      45,
      1,
      2
     ],
     [
      53,
      1,
      2
     ],
     [
      54,
      1,
      1
     ],
     [
      56,
      1,
      3
     ],
     [
      57,
      4,
      10
     ],
     [
      61,
      1,
      8
     ],
     [
      62,
      1,
      3
     ],
     [
      63,
      1,
      6
     ],
     [
      64,
      9,
      10
     ],
     [
      73,
      1,
      8
     ],
     [
      74,
      1,
      10
     ],
     [
      75,
      1,
      6
     ],
     [
      76,
      1,
      4
     ],
     [
      77,
      1,
      6
     ],
     [
      78,
      7,
      10
     ],
     [
      85,
      1,
      9
     ],
     [
      86,
      1,
      7
     ],
     [
      87,
      43,
      10
     ],
     [
      130,
      1,
      8
     ],
     [
      131,
      1,
      2
     ],
     [
      133,
      1,
      3
     ],
     [
      134,
      1,
      10
     ],
     [
      135,
      1,
      3
     ],
     [
      136,
      1,
      4
     ],
     [
      137,
      1,
      5
     ],
     [
      138,
      1,
      2
     ],
     [
      139,
      1,
      3
     ],
     [
      140,
      1,
      8
     ],
     [
      146,
      1,
      3
     ],
     [
      147,
      1,
      9
     ],
     [
      148,
      2,
      2
     ],
     [
      150,
      1,
      3
     ],
     [
      151,
      1,
      4
     ],
     [
      152,
      1,
      7
     ],
     [
      153,
      3,
      10
     ],
     [
      156,
      1,
      5
     ],
     [
      158,
      1,
      1
     ],
     [
      159,
      2,
      3
     ],
     [
      161,
      1,
      2
     ],
     [
      162,
      1,
      8
     ],
     [
      163,
      2,
      10
     ],
     [
      165,
      1,
      6
     ],
     [
      168,
      1,
      2
     ],
     [
      169,
      1,
      5
     ],
     [
      177,
      1,
      6
     ],
     [
      178,
      1,
      1
     ],
     [
      181,
      1,
      2
     ],
     [
      182,
      1,
      8
     ],
     [
      183,
      7,
      10
     ],
     [
      190,
      1,
      5
     ],
     [
      193,
      1,
      6
     ],
     [
      194,
      4,
      10
     ],
     [
      198,
      2,
      8
     ],
     [
      200,
      51,
      10
     ]
    ],
    "100": [
     [
      42,
      1,
      3
     ],
     [
      43,
      1,
      8
     ],
     [
      45,
      1,
      2
     ],
     [
      55,
      1,
      3
     ],
     [
      56,
      1,
      9
     ],
     [
      57,
      4,
      10
     ],
     [
      61,
      1,
      4
     ],
     [
      63,
      1,
      4
     ],
     [
      64,
      11,
      10
     ],
     [
      75,
      1,
      9
     ],
     [
      76,
      1,
      8
     ],
     [
      77,
      1,
      10
     ],
     [
      78,
      1,
      8
     ],
     [
      79,
      1,
      6
     ],
     [
      80,
      1,
      8
     ],
     [
      81,
      49,
      10
     ],
     [
      130,
      1,
      7
     ],
     [
      132,
      1,
      1
     ],
     [
      133,
      1,
      7
     ],
     [
      134,
      1,
      10
     ],
     [
      137,
      1,
      10
     ],
     [
      138,
      1,
      6
     ],
     [
      140,
      1,
      3
     ],
     [
      141,
      1,
      10
     ],
     [
      142,
      1,
      8
     ],
     [
      143,
      1,
      4
     ],
     [
      146,
      1,
      6
     ],
     [
      147,
      1,
      4
     ],
     [
      150,
      1,
      10
     ],
     [
      151,
      1,
      6
     ],
     [
      153,
      1,
      3
     ],
     [
      154,
      1,
      10
     ],
     [
      155,
      1,
      8
     ],
     [
      158,
      1,
      6
     ],
     [
      159,
      1,
      5
     ],
     [
      160,
      1,
      1
     ],
     [
      162,
      1,
      7
     ],
     [
      163,
      1,
      6
     ],
     [
      164,
      1,
      2
     ],
     [
      165,
      1,
      1
     ],
     [
      167,
      1,
      5
     ],
     [
      168,
      1,
      10
     ],
     [
      169,
      1,
      8
     ],
     [
      170,
      1,
      3
     ],
     [
      171,
      1,
      4
     ],
     [
      172,
      1,
      2
     ],
     [
      174,
      1,
      3
     ],
     [
      175,
      1,
      2
     ],
     [
      176,
      1,
      3
     ],
     [
      179,
      1,
      1
     ],
     [
      180,
      1,
      3
     ],
     [
      181,
      3,
      10
     ],
     [
      184,
      1,
      7
     ],
     [
      185,
      1,
      3
     ],
     [
      186,
      1,
      6
     ],
     [
      187,
      3,
      10
     ],
     [
      190,
      1,
      3
     ],
     [
      192,
      1,
      2
     ],
     [
      193,
      1,
      8
     ],
     [
      194,
      1,
      3
     ],
     [
      195,
      1,
      4
     ],
     [
      196,
      2,
      10
     ],
     [
      198,
      1,
      3
     ],
     [
      201,
      1,
      9
     ],
     [
      202,
      48,
      10
     ],
     [
      250,
      1,
      7
     ]
    ],
    "101": [
     [
      38,
      2,
      1
     ],
     [
      41,
      1,
      1
     ],
     [
      42,
      1,
      8
     ],
     [
      43,
      1,
      2
     ],
     [
      46,
      1,
      6
     ],
     [
      49,
      1,
      3
     ],
     [
      50,
      1,
      7
     ],
     [
      55,
      1,
      1
     ],
     [
      56,
      1,
      6
     ],
     [
      57,
      1,
      7
     ],
     [
      58,
      1,
      1
     ],
     [
      59,
      2,
      3
     ],
     [
      61,
      1,
      2
     ],
     [
      63,
      1,
      6
     ],
     [
      64,
      11,
      10
     ],
     [
      75,
      1,
      7
     ],
     [
      77,
      1,
      2
     ],
     [
      78,
      1,
      5
     ],
     [
      80,
      1,
      4
     ],
     [
      81,
      51,
      10
     ],
     [
      132,
      1,
      9
     ],
     [
      133,
      3,
      10
     ],
     [
      136,
      1,
      8
     ],
     [
      137,
      1,
      3
     ],
     [
      138,
      1,
      1
     ],
     [
      139,
      1,
      4
     ],
     [
      140,
      1,
      5
     ],
     [
      141,
      1,
      9
     ],
     [
      142,
      1,
      10
     ],
     [
      143,
      1,
      6
     ],
     [
      146,
      1,
      2
     ],
     [
      149,
      1,
      5
     ],
     [
      150,
      1,
      10
     ],
     [
      151,
      1,
      6
     ],
     [
      152,
      1,
      4
     ],
     [
      153,
      1,
      8
     ],
     [
      154,
      1,
      10
     ],
     [
      155,
      1,
      8
     ],
     [
      156,
      1,
      4
     ],
     [
      157,
      1,
      5
     ],
     [
      158,
      1,
      10
     ],
     [
      159,
      1,
      2
     ],
     [
      161,
      1,
      6
     ],
     [
      162,
      1,
      8
     ],
     [
      165,
      1,
      3
     ],
     [
      166,
      1,
      8
     ],
     [
      167,
      4,
      10
     ],
     [
      171,
      1,
      4
     ],
     [
      173,
      1,
      1
     ],
     [
      174,
      1,
      8
     ],
     [
      175,
      1,
      7
     ],
     [
      178,
      1,
      6
     ],
     [
      179,
      1,
      4
     ],
     [
      180,
      1,
      3
     ],
     [
      181,
      1,
      8
     ],
     [
      182,
      2,
      10
     ],
     [
      184,
      1,
      3
     ],
     [
      186,
      1,
      4
     ],
     [
      187,
      3,
      10
     ],
     [
      190,
      1,
      6
     ],
     [
      191,
      1,
      2
     ],
     [
      192,
      1,
      3
     ],
     [
      193,
      1,
      2
     ],
     [
      196,
      1,
      8
     ],
     [
      197,
      1,
      10
     ],
     [
      198,
      1,
      6
     ],
     [
      199,
      1,
      4
     ],
     [
      200,
      1,
      2
     ],
     [
      201,
      16,
      10
     ],
     [
      217,
      2,
      8
     ],
     [
      219,
      1,
      3
     ],
     [
      220,
      1,
      5
     ],
     [
      221,
      29,
      10
     ],
     [
      250,
      1,
      6
     ]
    ],
    "102": [
     [
      35,
      1,
      5
     ],
     [
      36,
      1,
      1
     ],
     [
      38,
      1,
      3
     ],
     [
      39,
      1,
      10
     ],
     [
      40,
      1,
      9
     ],
     [
      41,
      1,
      6
     ],
     [
      42,
      1,
      10
     ],
     [
      45,
      1,
      5
     ],
     [
      46,
      1,
      6
     ],
     [
      49,
      1,
      6
     ],
     [
      50,
      1,
      1
     ],
     [
      56,
      2,
      3
     ],
     [
      65,
      1,
      2
     ],
     [
      66,
      1,
      5
     ],
     [
      67,
      8,
      10
     ],
     [
      75,
      1,
      7
     ],
     [
      76,
      1,
      4
     ],
     [
      77,
      1,
      6
     ],
     [
      78,
      1,
      8
     ],
     [
      79,
      1,
      5
     ],
     [
      80,
      1,
      8
     ],
     [
      81,
      55,
      10
     ],
     [
      136,
      1,
      7
     ],
     [
      138,
      1,
      2
     ],
     [
      139,
      1,
      10
     ],
     [
      140,
      1,
      3
     ],
     [
      142,
      1,
      6
     ],
     [
      143,
      1,
      8
     ],
     [
      148,
      1,
      4
     ],
     [
      151,
      1,
      10
     ],
     [
      152,
      1,
      6
     ],
     [
      153,
      1,
      4
     ],
     [
      154,
      1,
      7
     ],
     [
      155,
      5,
      10
     ],
     [
      160,
      1,
      9
     ],
     [
      161,
      2,
      2
     ],
     [
      163,
      1,
      3
     ],
     [
      164,
      1,
      4
     ],
     [
      165,
      1,
      6
     ],
     [
      166,
      5,
      10
     ],
     [
      171,
      1,
      6
     ],
     [
      172,
      1,
      3
     ],
     [
      173,
      1,
      8
     ],
     [
      174,
      1,
      10
     ],
     [
      175,
      1,
      8
     ],
     [
      176,
      1,
      3
     ],
     [
      177,
      1,
      6
     ],
     [
      178,
      1,
      10
     ],
     [
      179,
      1,
      1
     ],
     [
      181,
      1,
      7
     ],
     [
      182,
      4,
      10
     ],
     [
      186,
      1,
      9
     ],
     [
      187,
      5,
      10
     ],
     [
      194,
      1,
      7
     ],
     [
      195,
      1,
      5
     ],
     [
      197,
      1,
      1
     ],
     [
      198,
      1,
      10
     ],
     [
      199,
      1,
      5
     ],
     [
      200,
      1,
      3
     ],
     [
      201,
      1,
      8
     ],
     [
      202,
      15,
      10
     ],
     [
      217,
      1,
      3
     ],
     [
      220,
      1,
      1
     ],
     [
      221,
      29,
      10
     ],
     [
      250,
      1,
      4
     ]
    ],
    "103": [
     [
      36,
      1,
      1
     ],
     [
      39,
      1,
      6
     ],
     [
      40,
      1,
      5
     ],
     [
      42,
      1,
      2
     ],
     [
      43,
      1,
      6
     ],
     [
      44,
      1,
      1
     ],
     [
      49,
      1,
      8
     ],
     [
      55,
      1,
      1
     ],
     [
      56,
      1,
      2
     ],
     [
      57,
      1,
      1
     ],
     [
      66,
      1,
      5
     ],
     [
      67,
      71,
      10
     ],
     [
      138,
      1,
      8
     ],
     [
      139,
      1,
      10
     ],
     [
      140,
      1,
      5
     ],
     [
      141,
      1,
      3
     ],
     [
      142,
      1,
      6
     ],
     [
      143,
      1,
      7
     ],
     [
      145,
      1,
      2
     ],
     [
      146,
      1,
      9
     ],
     [
      147,
      1,
      2
     ],
     [
      149,
      2,
      2
     ],
     [
      151,
      1,
      3
     ],
     [
      152,
      1,
      1
     ],
     [
      154,
      1,
      4
     ],
     [
      155,
      1,
      8
     ],
     [
      156,
      5,
      10
     ],
     [
      163,
      1,
      7
     ],
     [
      164,
      1,
      2
     ],
     [
      166,
      1,
      3
     ],
     [
      167,
      1,
      8
     ],
     [
      168,
      1,
      3
     ],
     [
      169,
      1,
      4
     ],
     [
      170,
      1,
      8
     ],
     [
      171,
      1,
      9
     ],
     [
      172,
      1,
      8
     ],
     [
      173,
      7,
      10
     ],
     [
      180,
      1,
      8
     ],
     [
      181,
      12,
      10
     ],
     [
      193,
      1,
      8
     ],
     [
      194,
      1,
      10
     ],
     [
      195,
      1,
      8
     ],
     [
      196,
      1,
      3
     ],
     [
      197,
      1,
      6
     ],
     [
      198,
      1,
      10
     ],
     [
      201,
      1,
      8
     ],
     [
      202,
      15,
      10
     ],
     [
      217,
      1,
      6
     ],
     [
      218,
      1,
      4
     ],
     [
      219,
      1,
      2
     ],
     [
      220,
      1,
      8
     ],
     [
      221,
      29,
      10
     ],
     [
      250,
      1,
      1
     ]
    ],
    "104": [
     [
      46,
      1,
      2
     ],
     [
      49,
      1,
      3
     ],
     [
      50,
      1,
      6
     ],
     [
      55,
      2,
      1
     ],
     [
      66,
      1,
      5
     ],
     [
      67,
      1,
      8
     ],
     [
      68,
      11,
      10
     ],
     [
      79,
      1,
      5
     ],
     [
      80,
      1,
      4
     ],
     [
      81,
      1,
      8
     ],
     [
      82,
      60,
      10
     ],
     [
      144,
      1,
      9
     ],
     [
      145,
      1,
      6
     ],
     [
      146,
      1,
      3
     ],
     [
      147,
      1,
      2
     ],
     [
      148,
      1,
      4
     ],
     [
      149,
      1,
      8
     ],
     [
      150,
      1,
      2
     ],
     [
      152,
      1,
      2
     ],
     [
      153,
      1,
      9
     ],
     [
      154,
      1,
      2
     ],
     [
      156,
      1,
      6
     ],
     [
      157,
      5,
      10
     ],
     [
      162,
      1,
      8
     ],
     [
      163,
      1,
      6
     ],
     [
      165,
      1,
      1
     ],
     [
      166,
      1,
      7
     ],
     [
      167,
      1,
      2
     ],
     [
      170,
      1,
      7
     ],
     [
      171,
      1,
      2
     ],
     [
      173,
      1,
      3
     ],
     [
      174,
      2,
      8
     ],
     [
      176,
      24,
      10
     ],
     [
      200,
      1,
      9
     ],
     [
      201,
      49,
      10
     ]
    ],
    "105": [
     [
      37,
      1,
      3
     ],
     [
      38,
      1,
      4
     ],
     [
      41,
      1,
      2
     ],
     [
      42,
      1,
      7
     ],
     [
      43,
      1,
      4
     ],
     [
      45,
      1,
      5
     ],
     [
      46,
      1,
      6
     ],
     [
      48,
      1,
      1
     ],
     [
      49,
      1,
      8
     ],
     [
      50,
      1,
      10
     ],
     [
      65,
      1,
      4
     ],
     [
      68,
      1,
      8
     ],
     [
      69,
      1,
      7
     ],
     [
      70,
      1,
      3
     ],
     [
      71,
      1,
      6
     ],
     [
      72,
      1,
      10
     ],
     [
      73,
      1,
      8
     ],
     [
      74,
      1,
      9
     ],
     [
      75,
      4,
      10
     ],
     [
      81,
      1,
      8
     ],
     [
      82,
      15,
      10
     ],
     [
      97,
      1,
      9
     ],
     [
      98,
      1,
      8
     ],
     [
      99,
      42,
      10
     ],
     [
      141,
      1,
      9
     ],
     [
      142,
      1,
      4
     ],
     [
      143,
      1,
      2
     ],
     [
      144,
      1,
      10
     ],
     [
      145,
      1,
      3
     ],
     [
      147,
      1,
      5
     ],
     [
      148,
      1,
      10
     ],
     [
      149,
      1,
      2
     ],
     [
      151,
      1,
      1
     ],
     [
      152,
      1,
      9
     ],
     [
      153,
      1,
      10
     ],
     [
      154,
      1,
      5
     ],
     [
      155,
      1,
      4
     ],
     [
      156,
      1,
      9
     ],
     [
      157,
      3,
      10
     ],
     [
      160,
      1,
      8
     ],
     [
      161,
      1,
      9
     ],
     [
      162,
      3,
      10
     ],
     [
      165,
      1,
      8
     ],
     [
      166,
      1,
      10
     ],
     [
      167,
      1,
      5
     ],
     [
      168,
      1,
      3
     ],
     [
      169,
      1,
      5
     ],
     [
      170,
      1,
      6
     ],
     [
      172,
      1,
      1
     ],
     [
      173,
      1,
      8
     ],
     [
      174,
      1,
      2
     ],
     [
      176,
      1,
      6
     ],
     [
      177,
      72,
      10
     ],
     [
      249,
      1,
      7
     ]
    ],
    "106": [
     [
      19,
      2,
      1
     ],
     [
      34,
      1,
      2
     ],
     [
      35,
      1,
      4
     ],
     [
      37,
      1,
      3
     ],
     [
      38,
      1,
      8
     ],
     [
      39,
      1,
      9
     ],
     [
      40,
      1,
      4
     ],
     [
      42,
      1,
      3
     ],
     [
      43,
      1,
      4
     ],
     [
      45,
      1,
      1
     ],
     [
      46,
      1,
      8
     ],
     [
      48,
      1,
      1
     ],
     [
      49,
      1,
      4
     ],
     [
      50,
      1,
      7
     ],
     [
      51,
      1,
      6
     ],
     [
      56,
      1,
      3
     ],
     [
      57,
      1,
      1
     ],
     [
      60,
      1,
      2
     ],
     [
      67,
      1,
      2
     ],
     [
      68,
      1,
      10
     ],
     [
      69,
      1,
      4
     ],
     [
      71,
      1,
      3
     ],
     [
      72,
      1,
      10
     ],
     [
      75,
      1,
      8
     ],
     [
      76,
      4,
      10
     ],
     [
      80,
      1,
      8
     ],
     [
      81,
      16,
      10
     ],
     [
      97,
      1,
      7
     ],
     [
      99,
      1,
      3
     ],
     [
      100,
      38,
      10
     ],
     [
      138,
      1,
      7
     ],
     [
      139,
      4,
      10
     ],
     [
      143,
      1,
      3
     ],
     [
      144,
      1,
      4
     ],
     [
      145,
      1,
      10
     ],
     [
      146,
      1,
      8
     ],
     [
      147,
      2,
      7
     ],
     [
      151,
      1,
      6
     ],
     [
      152,
      8,
      10
     ],
     [
      160,
      1,
      3
     ],
     [
      162,
      1,
      6
     ],
     [
      163,
      1,
      9
     ],
     [
      164,
      1,
      3
     ],
     [
      165,
      1,
      4
     ],
     [
      166,
      1,
      10
     ],
     [
      167,
      2,
      8
     ],
     [
      171,
      1,
      10
     ],
     [
      172,
      1,
      9
     ],
     [
      173,
      1,
      10
     ],
     [
      174,
      1,
      5
     ],
     [
      175,
      1,
      4
     ],
     [
      176,
      1,
      8
     ],
     [
      177,
      1,
      3
     ],
     [
      178,
      1,
      4
     ],
     [
      179,
      70,
      10
     ],
     [
      249,
      1,
      6
     ]
    ],
    "107": [
     [
      19,
      2,
      1
     ],
     [
      34,
      1,
      4
     ],
     [
      35,
      1,
      10
     ],
     [
      38,
      1,
      9
     ],
     [
      39,
      1,
      7
     ],
     [
      42,
      1,
      5
     ],
     [
      43,
      1,
      8
     ],
     [
      46,
      1,
      4
     ],
     [
      50,
      1,
      4
     ],
     [
      51,
      1,
      9
     ],
     [
      60,
      1,
      2
     ],
     [
      63,
      1,
      4
     ],
     [
      67,
      1,
      4
     ],
     [
      68,
      3,
      10
     ],
     [
      71,
      1,
      9
     ],
     [
      72,
      1,
      10
     ],
     [
      73,
      1,
      4
     ],
     [
      74,
      1,
      3
     ],
     [
      75,
      8,
      10
     ],
     [
      83,
      1,
      8
     ],
     [
      84,
      1,
      3
     ],
     [
      85,
      1,
      6
     ],
     [
      86,
      1,
      10
     ],
     [
      87,
      1,
      8
     ],
     [
      88,
      9,
      10
     ],
     [
      97,
      1,
      6
     ],
     [
      98,
      1,
      4
     ],
     [
      99,
      1,
      7
     ],
     [
      100,
      37,
      10
     ],
     [
      137,
      1,
      7
     ],
     [
      140,
      1,
      10
     ],
     [
      141,
      1,
      5
     ],
     [
      142,
      1,
      2
     ],
     [
      145,
      1,
      5
     ],
     [
      146,
      1,
      1
     ],
     [
      148,
      1,
      4
     ],
     [
      149,
      1,
      7
     ],
     [
      150,
      1,
      4
     ],
     [
      152,
      1,
      1
     ],
     [
      153,
      5,
      10
     ],
     [
      158,
      1,
      7
     ],
     [
      159,
      1,
      3
     ],
     [
      160,
      1,
      2
     ],
     [
      161,
      1,
      4
     ],
     [
      162,
      1,
      8
     ],
     [
      163,
      1,
      7
     ],
     [
      165,
      1,
      2
     ],
     [
      166,
      1,
      8
     ],
     [
      167,
      1,
      3
     ],
     [
      169,
      1,
      3
     ],
     [
      170,
      1,
      4
     ],
     [
      171,
      5,
      10
     ],
     [
      176,
      1,
      7
     ],
     [
      178,
      1,
      2
     ],
     [
      179,
      70,
      10
     ],
     [
      249,
      1,
      3
     ]
    ],
    "108": [
     [
      34,
      1,
      2
     ],
     [
      35,
      1,
      5
     ],
     [
      36,
      1,
      4
     ],
     [
      38,
      1,
      9
     ],
     [
      39,
      1,
      3
     ],
     [
      41,
      1,
      4
     ],
     [
      42,
      1,
      9
     ],
     [
      43,
      1,
      8
     ],
     [
      44,
      1,
      2
     ],
     [
      52,
      1,
      2
     ],
     [
      64,
      2,
      1
     ],
     [
      67,
      1,
      6
     ],
     [
      68,
      15,
      10
     ],
     [
      83,
      1,
      3
     ],
     [
      85,
      1,
      4
     ],
     [
      86,
      1,
      10
     ],
     [
      89,
      1,
      8
     ],
     [
      90,
      1,
      7
     ],
     [
      91,
      1,
      3
     ],
     [
      92,
      1,
      6
     ],
     [
      93,
      44,
      10
     ],
     [
      137,
      1,
      8
     ],
     [
      138,
      1,
      4
     ],
     [
      139,
      1,
      6
     ],
     [
      140,
      1,
      10
     ],
     [
      143,
      1,
      7
     ],
     [
      144,
      1,
      5
     ],
     [
      147,
      1,
      1
     ],
     [
      148,
      1,
      3
     ],
     [
      151,
      1,
      2
     ],
     [
      152,
      2,
      3
     ],
     [
      154,
      1,
      6
     ],
     [
      155,
      3,
      10
     ],
     [
      158,
      1,
      3
     ],
     [
      160,
      1,
      4
     ],
     [
      161,
      1,
      5
     ],
     [
      162,
      1,
      3
     ],
     [
      163,
      1,
      8
     ],
     [
      164,
      1,
      10
     ],
     [
      165,
      1,
      6
     ],
     [
      166,
      1,
      1
     ],
     [
      168,
      1,
      2
     ],
     [
      169,
      1,
      8
     ],
     [
      170,
      1,
      3
     ],
     [
      171,
      1,
      4
     ],
     [
      172,
      6,
      10
     ],
     [
      178,
      1,
      8
     ],
     [
      179,
      70,
      10
     ],
     [
      249,
      1,
      1
     ]
    ],
    "109": [
     [
      35,
      1,
      4
     ],
     [
      36,
      1,
      5
     ],
     [
      39,
      1,
      8
     ],
     [
      40,
      1,
      4
     ],
     [
      41,
      1,
      2
     ],
     [
      42,
      1,
      6
     ],
     [
      43,
      1,
      10
     ],
     [
      44,
      1,
      2
     ],
     [
      52,
      1,
      2
     ],
     [
      54,
      1,
      4
     ],
     [
      55,
      1,
      9
     ],
     [
      56,
      1,
      2
     ],
     [
      64,
      1,
      6
     ],
     [
      65,
      1,
      1
     ],
     [
      67,
      1,
      6
     ],
     [
      68,
      1,
      7
     ],
     [
      69,
      1,
      4
     ],
     [
      70,
      1,
      5
     ],
     [
      71,
      13,
      10
     ],
     [
      84,
      2,
      9
     ],
     [
      86,
      1,
      10
     ],
     [
      87,
      1,
      4
     ],
     [
      88,
      1,
      2
     ],
     [
      89,
      1,
      10
     ],
     [
      90,
      1,
      3
     ],
     [
      92,
      1,
      4
     ],
     [
      93,
      49,
      10
     ],
     [
      142,
      1,
      9
     ],
     [
      143,
      1,
      10
     ],
     [
      144,
      1,
      9
     ],
     [
      145,
      1,
      4
     ],
     [
      146,
      1,
      6
     ],
     [
      147,
      1,
      9
     ],
     [
      150,
      1,
      2
     ],
     [
      151,
      1,
      10
     ],
     [
      152,
      1,
      4
     ],
     [
      154,
      1,
      4
     ],
     [
      155,
      4,
      10
     ],
     [
      159,
      2,
      9
     ],
     [
      163,
      1,
      8
     ],
     [
      164,
      1,
      10
     ],
     [
      165,
      1,
      3
     ],
     [
      167,
      1,
      1
     ],
     [
      168,
      2,
      2
     ],
     [
      171,
      1,
      1
     ],
     [
      172,
      77,
      10
     ]
    ],
    "110": [
     [
      15,
      1,
      1
     ],
     [
      16,
      1,
      3
     ],
     [
      34,
      1,
      4
     ],
     [
      35,
      1,
      9
     ],
     [
      38,
      1,
      2
     ],
     [
      39,
      1,
      7
     ],
     [
      42,
      1,
      4
     ],
     [
      43,
      1,
      5
     ],
     [
      54,
      1,
      6
     ],
     [
      55,
      1,
      5
     ],
     [
      64,
      1,
      8
     ],
     [
      65,
      1,
      5
     ],
     [
      66,
      1,
      3
     ],
     [
      67,
      1,
      10
     ],
     [
      68,
      1,
      6
     ],
     [
      70,
      1,
      3
     ],
     [
      71,
      20,
      10
     ],
     [
      91,
      1,
      8
     ],
     [
      92,
      1,
      9
     ],
     [
      93,
      56,
      10
     ],
     [
      149,
      1,
      9
     ],
     [
      150,
      4,
      10
     ],
     [
      154,
      1,
      4
     ],
     [
      155,
      1,
      2
     ],
     [
      156,
      1,
      8
     ],
     [
      157,
      1,
      10
     ],
     [
      158,
      1,
      7
     ],
     [
      159,
      1,
      9
     ],
     [
      160,
      2,
      10
     ],
     [
      162,
      1,
      9
     ],
     [
      163,
      2,
      3
     ],
     [
      165,
      1,
      10
     ],
     [
      166,
      2,
      9
     ],
     [
      170,
      2,
      8
     ],
     [
      172,
      76,
      10
     ],
     [
      248,
      1,
      7
     ]
    ],
    "111": [
     [
      27,
      1,
      1
     ],
     [
      28,
      1,
      3
     ],
     [
      31,
      1,
      2
     ],
     [
      32,
      1,
      10
     ],
     [
      33,
      2,
      8
     ],
     [
      35,
      1,
      10
     ],
     [
      36,
      1,
      3
     ],
     [
      37,
      1,
      1
     ],
     [
      38,
      1,
      3
     ],
     [
      39,
      1,
      1
     ],
     [
      41,
      1,
      3
     ],
     [
      42,
      1,
      9
     ],
     [
      45,
      1,
      3
     ],
     [
      46,
      1,
      5
     ],
     [
      49,
      1,
      2
     ],
     [
      57,
      1,
      5
     ],
     [
      58,
      1,
      1
     ],
     [
      63,
      1,
      4
     ],
     [
      64,
      5,
      10
     ],
     [
      69,
      1,
      9
     ],
     [
      70,
      1,
      6
     ],
     [
      71,
      19,
      10
     ],
     [
      90,
      1,
      8
     ],
     [
      91,
      1,
      3
     ],
     [
      92,
      1,
      6
     ],
     [
      93,
      56,
      10
     ],
     [
      149,
      1,
      3
     ],
     [
      150,
      1,
      4
     ],
     [
      151,
      1,
      9
     ],
     [
      152,
      2,
      10
     ],
     [
      154,
      1,
      1
     ],
     [
      156,
      1,
      7
     ],
     [
      157,
      1,
      6
     ],
     [
      160,
      2,
      10
     ],
     [
      162,
      1,
      8
     ],
     [
      165,
      1,
      7
     ],
     [
      166,
      1,
      9
     ],
     [
      167,
      2,
      10
     ],
     [
      169,
      1,
      9
     ],
     [
      170,
      8,
      10
     ],
     [
      178,
      1,
      7
     ],
     [
      179,
      1,
      9
     ],
     [
      180,
      68,
      10
     ],
     [
      248,
      1,
      4
     ]
    ],
    "112": [
     [
      27,
      2,
      2
     ],
     [
      32,
      1,
      5
     ],
     [
      33,
      1,
      1
     ],
     [
      36,
      1,
      2
     ],
     [
      40,
      1,
      4
     ],
     [
      41,
      1,
      2
     ],
     [
      42,
      1,
      6
     ],
     [
      43,
      1,
      3
     ],
     [
      45,
      1,
      3
     ],
     [
      46,
      1,
      8
     ],
     [
      47,
      1,
      9
     ],
     [
      48,
      1,
      6
     ],
     [
      49,
      1,
      8
     ],
     [
      53,
      1,
      4
     ],
     [
      57,
      1,
      2
     ],
     [
      59,
      2,
      2
     ],
     [
      63,
      6,
      10
     ],
     [
      69,
      1,
      6
     ],
     [
      71,
      1,
      3
     ],
     [
      72,
      18,
      10
     ],
     [
      90,
      1,
      4
     ],
     [
      92,
      1,
      3
     ],
     [
      93,
      53,
      10
     ],
     [
      146,
      1,
      9
     ],
     [
      147,
      1,
      7
     ],
     [
      148,
      1,
      9
     ],
     [
      151,
      4,
      10
     ],
     [
      155,
      1,
      7
     ],
     [
      156,
      1,
      2
     ],
     [
      159,
      1,
      6
     ],
     [
      160,
      4,
      10
     ],
     [
      164,
      1,
      4
     ],
     [
      166,
      1,
      1
     ],
     [
      167,
      10,
      10
     ],
     [
      177,
      1,
      7
     ],
     [
      179,
      1,
      1
     ],
     [
      180,
      68,
      10
     ],
     [
      248,
      1,
      3
     ]
    ],
    "113": [
     [
      31,
      1,
      5
     ],
     [
      34,
      1,
      1
     ],
     [
      35,
      1,
      2
     ],
     [
      38,
      1,
      2
     ],
     [
      39,
      1,
      5
     ],
     [
      42,
      1,
      4
     ],
     [
      43,
      1,
      10
     ],
     [
      46,
      1,
      8
     ],
     [
      47,
      1,
      6
     ],
     [
      59,
      2,
      2
     ],
     [
      63,
      1,
      2
     ],
     [
      64,
      1,
      8
     ],
     [
      65,
      4,
      10
     ],
     [
      69,
      1,
      6
     ],
     [
      70,
      1,
      3
     ],
     [
      71,
      1,
      7
     ],
     [
      72,
      19,
      10
     ],
     [
      91,
      2,
      9
     ],
     [
      93,
      53,
      10
     ],
     [
      146,
      1,
      5
     ],
     [
      148,
      1,
      3
     ],
     [
      149,
      1,
      10
     ],
     [
      150,
      1,
      8
     ],
     [
      151,
      4,
      10
     ],
     [
      155,
      1,
      2
     ],
     [
      158,
      1,
      2
     ],
     [
      159,
      1,
      3
     ],
     [
      160,
      1,
      4
     ],
     [
      161,
      2,
      10
     ],
     [
      163,
      1,
      8
     ],
     [
      166,
      1,
      6
     ],
     [
      167,
      10,
      10
     ],
     [
      177,
      1,
      9
     ],
     [
      178,
      1,
      4
     ],
     [
      179,
      1,
      6
     ],
     [
      180,
      68,
      10
     ],
     [
      248,
      1,
      1
     ]
    ],
    "114": [
     [
      29,
      1,
      4
     ],
     [
      30,
      1,
      6
     ],
     [
      31,
      1,
      9
     ],
     [
      32,
      1,
      4
     ],
     [
      33,
      1,
      2
     ],
     [
      34,
      1,
      1
     ],
     [
      35,
      1,
      6
     ],
     [
      36,
      1,
      7
     ],
     [
      38,
      1,
      5
     ],
     [
      39,
      1,
      9
     ],
     [
      41,
      1,
      2
     ],
     [
      42,
      1,
      7
     ],
     [
      43,
      1,
      10
     ],
     [
      44,
      1,
      4
     ],
     [
      45,
      1,
      2
     ],
     [
      46,
      1,
      10
     ],
     [
      47,
      1,
      3
     ],
     [
      53,
      1,
      3
     ],
     [
      54,
      1,
      5
     ],
     [
      64,
      1,
      3
     ],
     [
      65,
      81,
      10
     ],
     [
      146,
      1,
      7
     ],
     [
      147,
      1,
      4
     ],
     [
      148,
      1,
      6
     ],
     [
      149,
      1,
      9
     ],
     [
      150,
      5,
      10
     ],
     [
      155,
      1,
      5
     ],
     [
      156,
      1,
      3
     ],
     [
      157,
      1,
      8
     ],
     [
      158,
      1,
      6
     ],
     [
      160,
      1,
      3
     ],
     [
      161,
      2,
      10
     ],
     [
      163,
      1,
      8
     ],
     [
      164,
      1,
      5
     ],
     [
      165,
      1,
      2
     ],
     [
      166,
      1,
      3
     ],
     [
      167,
      1,
      4
     ],
     [
      168,
      80,
      10
     ]
    ],
    "115": [
     [
      31,
      1,
      7
     ],
     [
      32,
      1,
      5
     ],
     [
      33,
      1,
      1
     ],
     [
      35,
      1,
      2
     ],
     [
      36,
      1,
      4
     ],
     [
      39,
      1,
      7
     ],
     [
      43,
      1,
      4
     ],
     [
      44,
      1,
      10
     ],
     [
      45,
      2,
      3
     ],
     [
      47,
      1,
      10
     ],
     [
      48,
      1,
      4
     ],
     [
      50,
      1,
      2
     ],
     [
      51,
      1,
      4
     ],
     [
      53,
      1,
      7
     ],
     [
      54,
      1,
      1
     ],
     [
      56,
      2,
      1
     ],
     [
      64,
      1,
      6
     ],
     [
      65,
      83,
      10
     ],
     [
      148,
      1,
      3
     ],
     [
      150,
      1,
      6
     ],
     [
      151,
      1,
      8
     ],
     [
      152,
      1,
      3
     ],
     [
      153,
      1,
      4
     ],
     [
      154,
      1,
      10
     ],
     [
      155,
      2,
      8
     ],
     [
      157,
      3,
      10
     ],
     [
      160,
      1,
      9
     ],
     [
      161,
      4,
      10
     ],
     [
      165,
      1,
      6
     ],
     [
      167,
      1,
      3
     ],
     [
      168,
      1,
      8
     ],
     [
      169,
      1,
      9
     ],
     [
      170,
      77,
      10
     ],
     [
      247,
      1,
      6
     ]
    ],
    "116": [
     [
      27,
      1,
      2
     ],
     [
      31,
      1,
      5
     ],
     [
      36,
      1,
      2
     ],
     [
      39,
      1,
      2
     ],
     [
      43,
      2,
      2
     ],
     [
      47,
      1,
      5
     ],
     [
      51,
      1,
      2
     ],
     [
      56,
      1,
      2
     ],
     [
      63,
      1,
      2
     ],
     [
      64,
      1,
      9
     ],
     [
      65,
      83,
      10
     ],
     [
      148,
      1,
      5
     ],
     [
      149,
      1,
      3
     ],
     [
      150,
      1,
      9
     ],
     [
      151,
      1,
      7
     ],
     [
      153,
      1,
      2
     ],
     [
      154,
      1,
      10
     ],
     [
      155,
      1,
      3
     ],
     [
      157,
      1,
      6
     ],
     [
      158,
      7,
      10
     ],
     [
      165,
      1,
      7
     ],
     [
      166,
      1,
      4
     ],
     [
      167,
      1,
      6
     ],
     [
      168,
      1,
      2
     ],
     [
      170,
      1,
      6
     ],
     [
      171,
      4,
      10
     ],
     [
      175,
      2,
      8
     ],
     [
      177,
      70,
      10
     ],
     [
      247,
      1,
      5
     ]
    ],
    "117": [
     [
      27,
      1,
      2
     ],
     [
      30,
      1,
      4
     ],
     [
      33,
      1,
      2
     ],
     [
      34,
      1,
      4
     ],
     [
      39,
      2,
      4
     ],
     [
      45,
      2,
      4
     ],
     [
      49,
      1,
      3
     ],
     [
      50,
      1,
      2
     ],
     [
      64,
      1,
      2
     ],
     [
      65,
      71,
      10
     ],
     [
      136,
      1,
      5
     ],
     [
      137,
      1,
      3
     ],
     [
      138,
      1,
      8
     ],
     [
      139,
      14,
      10
     ],
     [
      153,
      1,
      6
     ],
     [
      154,
      1,
      3
     ],
     [
      155,
      1,
      2
     ],
     [
      156,
      1,
      3
     ],
     [
      157,
      1,
      9
     ],
     [
      158,
      10,
      10
     ],
     [
      168,
      1,
      5
     ],
     [
      169,
      1,
      4
     ],
     [
      170,
      1,
      6
     ],
     [
      171,
      4,
      10
     ],
     [
      175,
      1,
      2
     ],
     [
      177,
      1,
      6
     ],
     [
      178,
      69,
      10
     ],
     [
      247,
      1,
      3
     ]
    ],
    "118": [
     [
      27,
      1,
      2
     ],
     [
      28,
      1,
      8
     ],
     [
      31,
      3,
      2
     ],
     [
      40,
      1,
      1
     ],
     [
      43,
      2,
      6
     ],
     [
      47,
      3,
      3
     ],
     [
      50,
      1,
      6
     ],
     [
      51,
      1,
      7
     ],
     [
      57,
      1,
      4
     ],
     [
      61,
      1,
      2
     ],
     [
      64,
      1,
      3
     ],
     [
      65,
      1,
      9
     ],
     [
      66,
      18,
      10
     ],
     [
      84,
      1,
      9
     ],
     [
      85,
      1,
      8
     ],
     [
      86,
      19,
      10
     ],
     [
      105,
      2,
      9
     ],
     [
      107,
      29,
      10
     ],
     [
      138,
      1,
      8
     ],
     [
      139,
      14,
      10
     ],
     [
      153,
      1,
      3
     ],
     [
      155,
      1,
      5
     ],
     [
      156,
      14,
      10
     ],
     [
      172,
      1,
      9
     ],
     [
      173,
      2,
      10
     ],
     [
      175,
      1,
      5
     ],
     [
      176,
      1,
      4
     ],
     [
      177,
      1,
      9
     ],
     [
      178,
      69,
      10
     ]
    ],
    "119": [
     [
      28,
      1,
      2
     ],
     [
      31,
      1,
      10
     ],
     [
      32,
      1,
      5
     ],
     [
      35,
      1,
      5
     ],
     [
      39,
      1,
      2
     ],
     [
      47,
      1,
      2
     ],
     [
      48,
      1,
      1
     ],
     [
      50,
      2,
      3
     ],
     [
      60,
      2,
      1
     ],
     [
      66,
      1,
      4
     ],
     [
      67,
      17,
      10
     ],
     [
      84,
      1,
      7
     ],
     [
      86,
      1,
      3
     ],
     [
      87,
      18,
      10
     ],
     [
      105,
      1,
      5
     ],
     [
      107,
      1,
      3
     ],
     [
      108,
      29,
      10
     ],
     [
      137,
      1,
      9
     ],
     [
      138,
      4,
      10
     ],
     [
      142,
      1,
      5
     ],
     [
      143,
      1,
      3
     ],
     [
      144,
      1,
      8
     ],
     [
      145,
      1,
      10
     ],
     [
      146,
      1,
      7
     ],
     [
      147,
      7,
      10
     ],
     [
      154,
      2,
      9
     ],
     [
      156,
      3,
      10
     ],
     [
      159,
      1,
      8
     ],
     [
      160,
      1,
      3
     ],
     [
      161,
      1,
      6
     ],
     [
      162,
      5,
      10
     ],
     [
      167,
      1,
      9
     ],
     [
      168,
      1,
      8
     ],
     [
      169,
      1,
      9
     ],
     [
      170,
      1,
      4
     ],
     [
      171,
      1,
      3
     ],
     [
      172,
      4,
      10
     ],
     [
      176,
      1,
      8
     ],
     [
      177,
      69,
      10
     ],
     [
      246,
      1,
      9
     ]
    ],
    "120": [
     [
      28,
      1,
      2
     ],
     [
      29,
      1,
      7
     ],
     [
      31,
      1,
      4
     ],
     [
      32,
      1,
      2
     ],
     [
      35,
      1,
      2
     ],
     [
      38,
      1,
      8
     ],
     [
      39,
      1,
      5
     ],
     [
      41,
      1,
      1
     ],
     [
      42,
      1,
      6
     ],
     [
      46,
      1,
      2
     ],
     [
      50,
      1,
      6
     ],
     [
      53,
      1,
      2
     ],
     [
      54,
      1,
      5
     ],
     [
      65,
      1,
      1
     ],
     [
      66,
      1,
      6
     ],
     [
      67,
      17,
      10
     ],
     [
      84,
      1,
      6
     ],
     [
      85,
      1,
      4
     ],
     [
      86,
      1,
      7
     ],
     [
      87,
      18,
      10
     ],
     [
      105,
      1,
      7
     ],
     [
      106,
      1,
      3
     ],
     [
      107,
      1,
      7
     ],
     [
      108,
      34,
      10
     ],
     [
      144,
      2,
      7
     ],
     [
      148,
      1,
      10
     ],
     [
      149,
      1,
      5
     ],
     [
      150,
      1,
      3
     ],
     [
      151,
      1,
      8
     ],
     [
      152,
      7,
      10
     ],
     [
      159,
      1,
      4
     ],
     [
      161,
      1,
      4
     ],
     [
      162,
      4,
      10
     ],
     [
      166,
      1,
      5
     ],
     [
      167,
      1,
      1
     ],
     [
      169,
      1,
      4
     ],
     [
      170,
      1,
      8
     ],
     [
      171,
      1,
      3
     ],
     [
      172,
      1,
      4
     ],
     [
      173,
      3,
      10
     ],
     [
      178,
      2,
      8
     ],
     [
      180,
      1,
      3
     ],
     [
      181,
      1,
      6
     ],
     [
      182,
      64,
      10
     ],
     [
      246,
      1,
      7
     ]
    ],
    "121": [
     [
      38,
      1,
      2
     ],
     [
      41,
      1,
      1
     ],
     [
      42,
      1,
      4
     ],
     [
      46,
      1,
      2
     ],
     [
      50,
      1,
      3
     ],
     [
      51,
      3,
      6
     ],
     [
      54,
      1,
      2
     ],
     [
      57,
      1,
      4
     ],
     [
      65,
      1,
      6
     ],
     [
      68,
      1,
      8
     ],
     [
      69,
      74,
      10
     ],
     [
      143,
      1,
      8
     ],
     [
      144,
      2,
      2
     ],
     [
      146,
      1,
      3
     ],
     [
      147,
      1,
      5
     ],
     [
      148,
      1,
      8
     ],
     [
      151,
      1,
      7
     ],
     [
      152,
      8,
      10
     ],
     [
      160,
      1,
      6
     ],
     [
      161,
      1,
      2
     ],
     [
      162,
      1,
      6
     ],
     [
      163,
      2,
      10
     ],
     [
      165,
      1,
      7
     ],
     [
      168,
      1,
      1
     ],
     [
      169,
      1,
      2
     ],
     [
      173,
      3,
      10
     ],
     [
      176,
      2,
      3
     ],
     [
      178,
      1,
      10
     ],
     [
      179,
      1,
      3
     ],
     [
      181,
      1,
      4
     ],
     [
      182,
      64,
      10
     ],
     [
      246,
      1,
      5
     ]
    ],
    "122": [
     [
      42,
      1,
      3
     ],
     [
      43,
      1,
      9
     ],
     [
      47,
      1,
      2
     ],
     [
      65,
      1,
      6
     ],
     [
      66,
      2,
      3
     ],
     [
      68,
      75,
      10
     ],
     [
      143,
      1,
      9
     ],
     [
      146,
      1,
      10
     ],
     [
      147,
      1,
      4
     ],
     [
      149,
      1,
      3
     ],
     [
      150,
      1,
      9
     ],
     [
      151,
      9,
      10
     ],
     [
      160,
      1,
      4
     ],
     [
      162,
      1,
      3
     ],
     [
      163,
      2,
      10
     ],
     [
      165,
      1,
      8
     ],
     [
      166,
      1,
      3
     ],
     [
      167,
      1,
      5
     ],
     [
      168,
      1,
      9
     ],
     [
      171,
      1,
      2
     ],
     [
      172,
      1,
      8
     ],
     [
      173,
      7,
      10
     ],
     [
      180,
      1,
      8
     ],
     [
      181,
      1,
      7
     ],
     [
      182,
      64,
      10
     ],
     [
      246,
      1,
      3
     ]
    ],
    "123": [
     [
      42,
      2,
      4
     ],
     [
      46,
      1,
      7
     ],
     [
      47,
      1,
      5
     ],
     [
      49,
      1,
      1
     ],
     [
      50,
      1,
      6
     ],
     [
      54,
      1,
      5
     ],
     [
      57,
      2,
      1
     ],
     [
      66,
      1,
      7
     ],
     [
      67,
      3,
      10
     ],
     [
      70,
      1,
      7
     ],
     [
      71,
      1,
      3
     ],
     [
      72,
      1,
      6
     ],
     [
      73,
      63,
      10
     ],
     [
      136,
      1,
      8
     ],
     [
      137,
      1,
      9
     ],
     [
      138,
      7,
      10
     ],
     [
      145,
      1,
      5
     ],
     [
      146,
      1,
      10
     ],
     [
      147,
      1,
      6
     ],
     [
      148,
      1,
      4
     ],
     [
      149,
      1,
      8
     ],
     [
      150,
      12,
      10
     ],
     [
      162,
      1,
      9
     ],
     [
      163,
      7,
      10
     ],
     [
      170,
      1,
      9
     ],
     [
      171,
      4,
      10
     ],
     [
      175,
      1,
      5
     ],
     [
      176,
      1,
      2
     ],
     [
      177,
      1,
      8
     ],
     [
      178,
      2,
      10
     ],
     [
      180,
      1,
      4
     ],
     [
      182,
      1,
      3
     ],
     [
      183,
      63,
      10
     ]
    ],
    "124": [
     [
      46,
      1,
      2
     ],
     [
      49,
      1,
      4
     ],
     [
      50,
      1,
      9
     ],
     [
      53,
      1,
      6
     ],
     [
      54,
      1,
      5
     ],
     [
      56,
      1,
      1
     ],
     [
      57,
      1,
      7
     ],
     [
      58,
      1,
      1
     ],
     [
      61,
      1,
      6
     ],
     [
      65,
      1,
      2
     ],
     [
      66,
      4,
      10
     ],
     [
      70,
      1,
      4
     ],
     [
      72,
      1,
      4
     ],
     [
      73,
      63,
      10
     ],
     [
      136,
      1,
      2
     ],
     [
      138,
      1,
      6
     ],
     [
      139,
      1,
      8
     ],
     [
      140,
      1,
      3
     ],
     [
      141,
      1,
      4
     ],
     [
      142,
      2,
      10
     ],
     [
      144,
      1,
      9
     ],
     [
      147,
      1,
      10
     ],
     [
      148,
      1,
      6
     ],
     [
      149,
      1,
      4
     ],
     [
      150,
      1,
      7
     ],
     [
      151,
      22,
      10
     ],
     [
      173,
      2,
      9
     ],
     [
      175,
      1,
      1
     ],
     [
      177,
      1,
      7
     ],
     [
      178,
      2,
      10
     ],
     [
      180,
      1,
      6
     ],
     [
      181,
      1,
      3
     ],
     [
      182,
      1,
      8
     ],
     [
      183,
      62,
      10
     ],
     [
      245,
      1,
      9
     ]
    ],
    "125": [
     [
      50,
      1,
      3
     ],
     [
      51,
      1,
      9
     ],
     [
      54,
      1,
      3
     ],
     [
      55,
      1,
      2
     ],
     [
      56,
      1,
      1
     ],
     [
      57,
      1,
      4
     ],
     [
      61,
      1,
      2
     ],
     [
      63,
      1,
      1
     ],
     [
      64,
      1,
      2
     ],
     [
      65,
      1,
      9
     ],
     [
      66,
      5,
      10
     ],
     [
      71,
      2,
      9
     ],
     [
      73,
      63,
      10
     ],
     [
      136,
      1,
      5
     ],
     [
      137,
      1,
      4
     ],
     [
      138,
      2,
      6
     ],
     [
      141,
      1,
      3
     ],
     [
      142,
      2,
      10
     ],
     [
      144,
      1,
      8
     ],
     [
      145,
      1,
      4
     ],
     [
      146,
      1,
      2
     ],
     [
      147,
      1,
      3
     ],
     [
      148,
      1,
      1
     ],
     [
      150,
      1,
      7
     ],
     [
      151,
      12,
      10
     ],
     [
      163,
      2,
      8
     ],
     [
      165,
      8,
      10
     ],
     [
      173,
      1,
      5
     ],
     [
      175,
      1,
      3
     ],
     [
      176,
      1,
      7
     ],
     [
      177,
      1,
      8
     ],
     [
      178,
      67,
      10
     ],
     [
      245,
      1,
      7
     ]
    ],
    "126": [
     [
      50,
      1,
      6
     ],
     [
      51,
      1,
      4
     ],
     [
      54,
      1,
      7
     ],
     [
      55,
      1,
      2
     ],
     [
      63,
      1,
      1
     ],
     [
      64,
      1,
      6
     ],
     [
      65,
      67,
      10
     ],
     [
      132,
      1,
      9
     ],
     [
      133,
      1,
      3
     ],
     [
      134,
      1,
      4
     ],
     [
      135,
      1,
      10
     ],
     [
      136,
      2,
      8
     ],
     [
      140,
      1,
      8
     ],
     [
      141,
      1,
      1
     ],
     [
      142,
      1,
      3
     ],
     [
      143,
      1,
      6
     ],
     [
      144,
      1,
      10
     ],
     [
      145,
      1,
      3
     ],
     [
      146,
      1,
      2
     ],
     [
      148,
      1,
      3
     ],
     [
      149,
      2,
      9
     ],
     [
      151,
      7,
      10
     ],
     [
      158,
      1,
      3
     ],
     [
      159,
      1,
      4
     ],
     [
      160,
      1,
      8
     ],
     [
      161,
      2,
      10
     ],
     [
      163,
      1,
      2
     ],
     [
      165,
      1,
      6
     ],
     [
      166,
      7,
      10
     ],
     [
      173,
      1,
      7
     ],
     [
      174,
      1,
      3
     ],
     [
      175,
      1,
      7
     ],
     [
      176,
      1,
      2
     ],
     [
      178,
      1,
      6
     ],
     [
      179,
      66,
      10
     ],
     [
      245,
      1,
      3
     ]
    ],
    "127": [
     [
      50,
      1,
      2
     ],
     [
      53,
      1,
      1
     ],
     [
      54,
      1,
      6
     ],
     [
      61,
      1,
      3
     ],
     [
      64,
      1,
      3
     ],
     [
      65,
      66,
      10
     ],
     [
      131,
      2,
      7
     ],
     [
      134,
      1,
      2
     ],
     [
      135,
      1,
      10
     ],
     [
      136,
      1,
      3
     ],
     [
      138,
      3,
      2
     ],
     [
      143,
      1,
      3
     ],
     [
      144,
      1,
      8
     ],
     [
      147,
      1,
      10
     ],
     [
      148,
      1,
      9
     ],
     [
      149,
      7,
      10
     ],
     [
      156,
      1,
      8
     ],
     [
      157,
      1,
      9
     ],
     [
      160,
      3,
      10
     ],
     [
      163,
      1,
      5
     ],
     [
      164,
      1,
      4
     ],
     [
      165,
      1,
      9
     ],
     [
      166,
      10,
      10
     ],
     [
      176,
      1,
      5
     ],
     [
      177,
      1,
      4
     ],
     [
      178,
      1,
      6
     ],
     [
      179,
      66,
      10
     ],
     [
      245,
      1,
      3
     ]
    ],
    "128": [
     [
      24,
      1,
      2
     ],
     [
      61,
      1,
      4
     ],
     [
      62,
      1,
      8
     ],
     [
      63,
      1,
      10
     ],
     [
      64,
      1,
      8
     ],
     [
      65,
      66,
      10
     ],
     [
      133,
      1,
      8
     ],
     [
      134,
      1,
      7
     ],
     [
      135,
      1,
      9
     ],
     [
      136,
      1,
      6
     ],
     [
      137,
      1,
      4
     ],
     [
      138,
      1,
      8
     ],
     [
      139,
      1,
      2
     ],
     [
      141,
      1,
      1
     ],
     [
      142,
      1,
      6
     ],
     [
      143,
      1,
      2
     ],
     [
      145,
      1,
      6
     ],
     [
      146,
      10,
      10
     ],
     [
      156,
      1,
      3
     ],
     [
      158,
      1,
      6
     ],
     [
      159,
      1,
      9
     ],
     [
      160,
      18,
      10
     ],
     [
      180,
      65,
      10
     ]
    ],
    "129": [
     [
      23,
      2,
      3
     ],
     [
      50,
      1,
      6
     ],
     [
      51,
      1,
      1
     ],
     [
      53,
      1,
      2
     ],
     [
      54,
      1,
      3
     ],
     [
      62,
      68,
      10
     ],
     [
      130,
      1,
      9
     ],
     [
      131,
      1,
      5
     ],
     [
      132,
      1,
      2
     ],
     [
      133,
      1,
      7
     ],
     [
      135,
      1,
      1
     ],
     [
      136,
      1,
      10
     ],
     [
      137,
      1,
      5
     ],
     [
      138,
      1,
      2
     ],
     [
      141,
      1,
      4
     ],
     [
      144,
      1,
      2
     ],
     [
      145,
      1,
      8
     ],
     [
      146,
      10,
      10
     ],
     [
      156,
      1,
      5
     ],
     [
      157,
      1,
      4
     ],
     [
      158,
      1,
      8
     ],
     [
      159,
      18,
      10
     ],
     [
      177,
      1,
      8
     ],
     [
      178,
      1,
      5
     ],
     [
      179,
      1,
      4
     ],
     [
      180,
      64,
      10
     ],
     [
      244,
      1,
      9
     ]
    ],
    "130": [
     [
      50,
      2,
      2
     ],
     [
      52,
      1,
      4
     ],
     [
      53,
      1,
      2
     ],
     [
      54,
      1,
      3
     ],
     [
      55,
      1,
      8
     ],
     [
      56,
      1,
      9
     ],
     [
      57,
      1,
      5
     ],
     [
      58,
      1,
      6
     ],
     [
      59,
      1,
      5
     ],
     [
      60,
      1,
      3
     ],
     [
      61,
      1,
      8
     ],
     [
      62,
      69,
      10
     ],
     [
      131,
      1,
      8
     ],
     [
      132,
      1,
      3
     ],
     [
      133,
      1,
      1
     ],
     [
      134,
      2,
      4
     ],
     [
      136,
      1,
      8
     ],
     [
      139,
      1,
      8
     ],
     [
      140,
      1,
      5
     ],
     [
      142,
      2,
      2
     ],
     [
      144,
      2,
      3
     ],
     [
      146,
      1,
      8
     ],
     [
      147,
      97,
      10
     ],
     [
      244,
      1,
      6
     ]
    ],
    "131": [
     [
      51,
      1,
      3
     ],
     [
      52,
      1,
      4
     ],
     [
      55,
      1,
      10
     ],
     [
      56,
      1,
      6
     ],
     [
      58,
      1,
      3
     ],
     [
      59,
      72,
      10
     ],
     [
      134,
      1,
      5
     ],
     [
      135,
      1,
      1
     ],
     [
      137,
      1,
      3
     ],
     [
      138,
      1,
      7
     ],
     [
      139,
      1,
      8
     ],
     [
      140,
      1,
      9
     ],
     [
      141,
      1,
      4
     ],
     [
      142,
      1,
      6
     ],
     [
      143,
      1,
      10
     ],
     [
      146,
      1,
      8
     ],
     [
      147,
      97,
      10
     ],
     [
      244,
      1,
      4
     ]
    ],
    "132": [
     [
      39,
      1,
      1
     ],
     [
      42,
      1,
      2
     ],
     [
      54,
      1,
      2
     ],
     [
      55,
      1,
      3
     ],
     [
      56,
      1,
      1
     ],
     [
      58,
      1,
      6
     ],
     [
      59,
      72,
      10
     ],
     [
      131,
      1,
      4
     ],
     [
      132,
      1,
      3
     ],
     [
      133,
      1,
      5
     ],
     [
      136,
      1,
      1
     ],
     [
      137,
      1,
      3
     ],
     [
      140,
      1,
      7
     ],
     [
      141,
      4,
      10
     ],
     [
      145,
      1,
      9
     ],
     [
      146,
      98,
      10
     ],
     [
      244,
      1,
      3
     ]
    ],
    "133": [
     [
      38,
      1,
      1
     ],
     [
      39,
      1,
      2
     ],
     [
      42,
      1,
      2
     ],
     [
      54,
      1,
      7
     ],
     [
      56,
      1,
      1
     ],
     [
      57,
      1,
      5
     ],
     [
      58,
      1,
      9
     ],
     [
      59,
      60,
      10
     ],
     [
      119,
      1,
      7
     ],
     [
      120,
      3,
      10
     ],
     [
      123,
      1,
      4
     ],
     [
      124,
      1,
      3
     ],
     [
      125,
      1,
      8
     ],
     [
      126,
      7,
      10
     ],
     [
      133,
      1,
      9
     ],
     [
      134,
      1,
      5
     ],
     [
      135,
      1,
      6
     ],
     [
      136,
      1,
      9
     ],
     [
      137,
      1,
      1
     ],
     [
      139,
      1,
      2
     ],
     [
      140,
      104,
      10
     ]
    ],
    "134": [
     [
      50,
      1,
      1
     ],
     [
      51,
      1,
      4
     ],
     [
      58,
      1,
      3
     ],
     [
      59,
      59,
      10
     ],
     [
      118,
      1,
      9
     ],
     [
      121,
      1,
      10
     ],
     [
      122,
      1,
      5
     ],
     [
      123,
      1,
      1
     ],
     [
      125,
      2,
      7
     ],
     [
      127,
      11,
      10
     ],
     [
      138,
      1,
      9
     ],
     [
      139,
      104,
      10
     ],
     [
      243,
      1,
      8
     ]
    ],
    "135": [
     [
      43,
      1,
      4
     ],
     [
      47,
      1,
      2
     ],
     [
      50,
      1,
      3
     ],
     [
      51,
      1,
      8
     ],
     [
      54,
      1,
      3
     ],
     [
      55,
      1,
      5
     ],
     [
      58,
      1,
      5
     ],
     [
      59,
      59,
      10
     ],
     [
      118,
      1,
      8
     ],
     [
      119,
      1,
      4
     ],
     [
      120,
      1,
      2
     ],
     [
      121,
      1,
      3
     ],
     [
      122,
      1,
      1
     ],
     [
      124,
      1,
      4
     ],
     [
      125,
      1,
      6
     ],
     [
      128,
      115,
      10
     ],
     [
      243,
      1,
      7
     ]
    ],
    "136": [
     [
      46,
      2,
      1
     ],
     [
      54,
      1,
      7
     ],
     [
      55,
      1,
      1
     ],
     [
      57,
      1,
      3
     ],
     [
      58,
      1,
      9
     ],
     [
      59,
      61,
      10
     ],
     [
      120,
      1,
      6
     ],
     [
      122,
      1,
      3
     ],
     [
      123,
      1,
      9
     ],
     [
      124,
      1,
      1
     ],
     [
      126,
      1,
      3
     ],
     [
      127,
      1,
      2
     ],
     [
      128,
      1,
      3
     ],
     [
      129,
      1,
      4
     ],
     [
      130,
      113,
      10
     ],
     [
      243,
      1,
      4
     ]
    ],
    "137": [
     [
      48,
      1,
      3
     ],
     [
      56,
      1,
      3
     ],
     [
      57,
      1,
      9
     ],
     [
      58,
      63,
      10
     ],
     [
      121,
      1,
      9
     ],
     [
      122,
      1,
      6
     ],
     [
      123,
      1,
      10
     ],
     [
      124,
      1,
      5
     ],
     [
      125,
      1,
      4
     ],
     [
      126,
      1,
      10
     ],
     [
      127,
      1,
      6
     ],
     [
      129,
      1,
      3
     ],
     [
      130,
      113,
      10
     ],
     [
      243,
      1,
      2
     ]
    ],
    "138": [
     [
      56,
      1,
      7
     ],
     [
      57,
      6,
      10
     ],
     [
      63,
      1,
      8
     ],
     [
      64,
      1,
      3
     ],
     [
      65,
      1,
      6
     ],
     [
      66,
      55,
      10
     ],
     [
      121,
      1,
      6
     ],
     [
      123,
      1,
      3
     ],
     [
      124,
      5,
      10
     ],
     [
      129,
      1,
      9
     ],
     [
      130,
      37,
      10
     ],
     [
      167,
      1,
      9
     ],
     [
      168,
      1,
      3
     ],
     [
      169,
      1,
      4
     ],
     [
      170,
      73,
      10
     ]
    ],
    "139": [
     [
      56,
      1,
      4
     ],
     [
      57,
      1,
      9
     ],
     [
      58,
      1,
      8
     ],
     [
      59,
      4,
      10
     ],
     [
      63,
      1,
      3
     ],
     [
      65,
      1,
      4
     ],
     [
      66,
      55,
      10
     ],
     [
      121,
      1,
      7
     ],
     [
      122,
      1,
      4
     ],
     [
      123,
      1,
      6
     ],
     [
      124,
      43,
      10
     ],
     [
      167,
      1,
      7
     ],
     [
      169,
      1,
      2
     ],
     [
      170,
      1,
      8
     ],
     [
      171,
      1,
      9
     ],
     [
      172,
      70,
      10
     ],
     [
      242,
      1,
      8
     ]
    ],
    "140": [
     [
      56,
      2,
      1
     ],
     [
      59,
      1,
      4
     ],
     [
      60,
      1,
      8
     ],
     [
      61,
      2,
      3
     ],
     [
      63,
      2,
      8
     ],
     [
      65,
      1,
      9
     ],
     [
      66,
      102,
      10
     ],
     [
      168,
      1,
      9
     ],
     [
      169,
      1,
      7
     ],
     [
      170,
      1,
      3
     ],
     [
      172,
      1,
      4
     ],
     [
      173,
      69,
      10
     ],
     [
      242,
      1,
      6
     ]
    ],
    "141": [
     [
      20,
      1,
      4
     ],
     [
      23,
      1,
      1
     ],
     [
      24,
      1,
      3
     ],
     [
      59,
      1,
      2
     ],
     [
      63,
      1,
      2
     ],
     [
      64,
      104,
      10
     ],
     [
      168,
      1,
      7
     ],
     [
      170,
      2,
      2
     ],
     [
      172,
      2,
      3
     ],
     [
      174,
      1,
      8
     ],
     [
      175,
      67,
      10
     ],
     [
      242,
      1,
      3
     ]
    ],
    "142": [
     [
      65,
      93,
      10
     ],
     [
      158,
      1,
      5
     ],
     [
      159,
      1,
      3
     ],
     [
      160,
      1,
      8
     ],
     [
      161,
      1,
      10
     ],
     [
      162,
      1,
      7
     ],
     [
      163,
      5,
      10
     ],
     [
      168,
      1,
      9
     ],
     [
      169,
      1,
      3
     ],
     [
      170,
      1,
      6
     ],
     [
      171,
      1,
      10
     ],
     [
      174,
      1,
      8
     ],
     [
      175,
      67,
      10
     ],
     [
      242,
      1,
      2
     ]
    ],
    "143": [
     [
      28,
      1,
      2
     ],
     [
      59,
      2,
      3
     ],
     [
      63,
      1,
      3
     ],
     [
      64,
      1,
      6
     ],
     [
      65,
      49,
      10
     ],
     [
      114,
      1,
      7
     ],
     [
      115,
      41,
      10
     ],
     [
      156,
      1,
      7
     ],
     [
      157,
      1,
      3
     ],
     [
      160,
      2,
      7
     ],
     [
      164,
      9,
      10
     ],
     [
      173,
      1,
      9
     ],
     [
      174,
      4,
      10
     ],
     [
      178,
      1,
      5
     ],
     [
      179,
      1,
      2
     ],
     [
      180,
      1,
      8
     ],
     [
      181,
      61,
      10
     ]
    ],
    "144": [
     [
      28,
      1,
      8
     ],
     [
      31,
      1,
      1
     ],
     [
      32,
      1,
      3
     ],
     [
      47,
      1,
      2
     ],
     [
      58,
      1,
      1
     ],
     [
      59,
      1,
      7
     ],
     [
      60,
      1,
      1
     ],
     [
      63,
      50,
      10
     ],
     [
      113,
      1,
      7
     ],
     [
      116,
      1,
      10
     ],
     [
      117,
      1,
      5
     ],
     [
      118,
      1,
      2
     ],
     [
      119,
      1,
      8
     ],
     [
      120,
      1,
      10
     ],
     [
      121,
      1,
      7
     ],
     [
      122,
      34,
      10
     ],
     [
      156,
      1,
      4
     ],
     [
      158,
      1,
      3
     ],
     [
      159,
      1,
      8
     ],
     [
      160,
      1,
      10
     ],
     [
      161,
      1,
      8
     ],
     [
      162,
      1,
      4
     ],
     [
      163,
      1,
      6
     ],
     [
      164,
      14,
      10
     ],
     [
      178,
      1,
      1
     ],
     [
      180,
      2,
      7
     ],
     [
      182,
      59,
      10
     ],
     [
      241,
      1,
      8
     ]
    ],
    "145": [
     [
      39,
      2,
      2
     ],
     [
      47,
      1,
      2
     ],
     [
      50,
      1,
      4
     ],
     [
      57,
      1,
      1
     ],
     [
      58,
      1,
      7
     ],
     [
      59,
      1,
      10
     ],
     [
      60,
      1,
      5
     ],
     [
      61,
      1,
      3
     ],
     [
      62,
      1,
      8
     ],
     [
      63,
      50,
      10
     ],
     [
      113,
      1,
      8
     ],
     [
      114,
      1,
      4
     ],
     [
      115,
      1,
      5
     ],
     [
      116,
      1,
      8
     ],
     [
      117,
      1,
      1
     ],
     [
      119,
      1,
      7
     ],
     [
      120,
      1,
      8
     ],
     [
      123,
      35,
      10
     ],
     [
      158,
      1,
      9
     ],
     [
      159,
      16,
      10
     ],
     [
      175,
      1,
      7
     ],
     [
      176,
      1,
      3
     ],
     [
      177,
      1,
      4
     ],
     [
      178,
      1,
      10
     ],
     [
      179,
      1,
      8
     ],
     [
      180,
      1,
      6
     ],
     [
      183,
      5,
      10
     ],
     [
      188,
      1,
      7
     ],
     [
      189,
      1,
      3
     ],
     [
      190,
      1,
      4
     ],
     [
      191,
      50,
      10
     ],
     [
      241,
      1,
      6
     ]
    ],
    "146": [
     [
      57,
      1,
      1
     ],
     [
      58,
      1,
      4
     ],
     [
      59,
      1,
      10
     ],
     [
      60,
      1,
      8
     ],
     [
      61,
      1,
      9
     ],
     [
      62,
      2,
      10
     ],
     [
      64,
      1,
      9
     ],
     [
      65,
      1,
      8
     ],
     [
      66,
      49,
      10
     ],
     [
      115,
      1,
      5
     ],
     [
      117,
      1,
      3
     ],
     [
      118,
      1,
      9
     ],
     [
      119,
      2,
      2
     ],
     [
      121,
      1,
      3
     ],
     [
      122,
      1,
      6
     ],
     [
      123,
      52,
      10
     ],
     [
      175,
      1,
      6
     ],
     [
      177,
      1,
      3
     ],
     [
      178,
      1,
      10
     ],
     [
      179,
      1,
      2
     ],
     [
      181,
      1,
      3
     ],
     [
      182,
      1,
      5
     ],
     [
      183,
      4,
      10
     ],
     [
      187,
      1,
      7
     ],
     [
      188,
      1,
      6
     ],
     [
      190,
      1,
      3
     ],
     [
      191,
      50,
      10
     ],
     [
      241,
      1,
      4
     ]
    ],
    "147": [
     [
      51,
      1,
      2
     ],
     [
      55,
      1,
      3
     ],
     [
      58,
      1,
      3
     ],
     [
      59,
      1,
      10
     ],
     [
      60,
      1,
      1
     ],
     [
      62,
      1,
      6
     ],
     [
      63,
      1,
      10
     ],
     [
      64,
      1,
      6
     ],
     [
      66,
      1,
      3
     ],
     [
      67,
      48,
      10
     ],
     [
      115,
      1,
      6
     ],
     [
      116,
      1,
      3
     ],
     [
      117,
      1,
      7
     ],
     [
      118,
      1,
      9
     ],
     [
      121,
      1,
      7
     ],
     [
      122,
      1,
      3
     ],
     [
      123,
      1,
      4
     ],
     [
      124,
      53,
      10
     ],
     [
      177,
      1,
      6
     ],
     [
      178,
      1,
      3
     ],
     [
      179,
      1,
      2
     ],
     [
      180,
      1,
      4
     ],
     [
      181,
      1,
      9
     ],
     [
      182,
      3,
      10
     ],
     [
      185,
      2,
      8
     ],
     [
      189,
      1,
      10
     ],
     [
      190,
      1,
      9
     ],
     [
      191,
      50,
      10
     ],
     [
      241,
      1,
      1
     ]
    ],
    "148": [
     [
      44,
      1,
      4
     ],
     [
      51,
      1,
      2
     ],
     [
      54,
      1,
      1
     ],
     [
      55,
      1,
      10
     ],
     [
      56,
      1,
      7
     ],
     [
      57,
      1,
      3
     ],
     [
      58,
      1,
      7
     ],
     [
      59,
      1,
      10
     ],
     [
      62,
      2,
      10
     ],
     [
      64,
      1,
      6
     ],
     [
      65,
      1,
      3
     ],
     [
      66,
      1,
      7
     ],
     [
      67,
      53,
      10
     ],
     [
      120,
      1,
      8
     ],
     [
      121,
      1,
      6
     ],
     [
      123,
      1,
      3
     ],
     [
      124,
      51,
      10
     ],
     [
      175,
      1,
      9
     ],
     [
      176,
      1,
      3
     ],
     [
      177,
      1,
      1
     ],
     [
      179,
      1,
      6
     ],
     [
      180,
      5,
      10
     ],
     [
      185,
      1,
      3
     ],
     [
      187,
      1,
      2
     ],
     [
      188,
      1,
      4
     ],
     [
      189,
      52,
      10
     ]
    ],
    "149": [
     [
      57,
      1,
      3
     ],
     [
      58,
      1,
      4
     ],
     [
      59,
      1,
      9
     ],
     [
      60,
      1,
      6
     ],
     [
      61,
      1,
      1
     ],
     [
      62,
      1,
      4
     ],
     [
      63,
      1,
      8
     ],
     [
      64,
      59,
      10
     ],
     [
      123,
      1,
      9
     ],
     [
      124,
      51,
      10
     ],
     [
      175,
      1,
      7
     ],
     [
      177,
      1,
      2
     ],
     [
      178,
      2,
      9
     ],
     [
      180,
      2,
      10
     ],
     [
      182,
      1,
      9
     ],
     [
      183,
      1,
      8
     ],
     [
      184,
      1,
      10
     ],
     [
      185,
      1,
      5
     ],
     [
      186,
      1,
      4
     ],
     [
      187,
      1,
      8
     ],
     [
      188,
      1,
      3
     ],
     [
      189,
      1,
      4
     ],
     [
      190,
      6,
      10
     ],
     [
      196,
      1,
      7
     ],
     [
      197,
      43,
      10
     ],
     [
      240,
      1,
      7
     ]
    ],
    "150": [
     [
      55,
      1,
      1
     ],
     [
      58,
      2,
      3
     ],
     [
      63,
      1,
      8
     ],
     [
      64,
      1,
      3
     ],
     [
      65,
      1,
      4
     ],
     [
      66,
      111,
      10
     ],
     [
      177,
      1,
      9
     ],
     [
      178,
      4,
      10
     ],
     [
      182,
      1,
      7
     ],
     [
      184,
      1,
      1
     ],
     [
      185,
      2,
      10
     ],
     [
      187,
      1,
      7
     ],
     [
      190,
      5,
      10
     ],
     [
      195,
      1,
      7
     ],
     [
      197,
      1,
      1
     ],
     [
      198,
      42,
      10
     ],
     [
      240,
      1,
      6
     ]
    ],
    "151": [
     [
      55,
      1,
      1
     ],
     [
      56,
      1,
      8
     ],
     [
      57,
      1,
      10
     ],
     [
      58,
      1,
      9
     ],
     [
      59,
      1,
      8
     ],
     [
      60,
      1,
      5
     ],
     [
      61,
      1,
      4
     ],
     [
      62,
      2,
      7
     ],
     [
      65,
      1,
      2
     ],
     [
      66,
      116,
      10
     ],
     [
      182,
      1,
      8
     ],
     [
      183,
      1,
      3
     ],
     [
      184,
      1,
      6
     ],
     [
      185,
      4,
      10
     ],
     [
      189,
      1,
      8
     ],
     [
      190,
      5,
      10
     ],
     [
      195,
      1,
      8
     ],
     [
      196,
      1,
      3
     ],
     [
      197,
      1,
      6
     ],
     [
      198,
      42,
      10
     ],
     [
      240,
      1,
      3
     ]
    ],
    "152": [
     [
      56,
      1,
      9
     ],
     [
      57,
      8,
      10
     ],
     [
      65,
      1,
      6
     ],
     [
      66,
      1,
      3
     ],
     [
      67,
      1,
      7
     ],
     [
      68,
      172,
      10
     ],
     [
      240,
      1,
      1
     ]
    ],
    "153": [
     [
      24,
      1,
      4
     ],
     [
      55,
      1,
      6
     ],
     [
      56,
      7,
      10
     ],
     [
      63,
      1,
      9
     ],
     [
      64,
      1,
      3
     ],
     [
      65,
      1,
      1
     ],
     [
      67,
      1,
      5
     ],
     [
      68,
      127,
      10
     ],
     [
      195,
      1,
      7
     ],
     [
      196,
      44,
      10
     ]
    ],
    "154": [
     [
      55,
      1,
      3
     ],
     [
      56,
      7,
      10
     ],
     [
      63,
      1,
      7
     ],
     [
      65,
      1,
      2
     ],
     [
      66,
      2,
      9
     ],
     [
      68,
      125,
      10
     ],
     [
      193,
      1,
      8
     ],
     [
      194,
      1,
      7
     ],
     [
      197,
      1,
      9
     ],
     [
      198,
      1,
      7
     ],
     [
      199,
      40,
      10
     ],
     [
      239,
      1,
      7
     ]
    ],
    "155": [
     [
      25,
      1,
      2
     ],
     [
      55,
      1,
      6
     ],
     [
      56,
      9,
      10
     ],
     [
      65,
      1,
      9
     ],
     [
      66,
      127,
      10
     ],
     [
      193,
      1,
      2
     ],
     [
      195,
      1,
      2
     ],
     [
      196,
      1,
      5
     ],
     [
      197,
      1,
      6
     ],
     [
      199,
      1,
      3
     ],
     [
      200,
      39,
      10
     ],
     [
      239,
      1,
      5
     ]
    ],
    "156": [
     [
      24,
      2,
      3
     ],
     [
      28,
      1,
      4
     ],
     [
      32,
      2,
      2
     ],
     [
      36,
      1,
      4
     ],
     [
      44,
      1,
      5
     ],
     [
      48,
      1,
      2
     ],
     [
      55,
      1,
      8
     ],
     [
      56,
      8,
      10
     ],
     [
      64,
      1,
      7
     ],
     [
      65,
      1,
      3
     ],
     [
      66,
      1,
      6
     ],
     [
      67,
      126,
      10
     ],
     [
      193,
      1,
      5
     ],
     [
      194,
      1,
      4
     ],
     [
      195,
      1,
      9
     ],
     [
      196,
      1,
      10
     ],
     [
      197,
      1,
      7
     ],
     [
      198,
      1,
      4
     ],
     [
      199,
      1,
      6
     ],
     [
      200,
      39,
      10
     ],
     [
      239,
      1,
      3
     ]
    ],
    "157": [
     [
      44,
      1,
      3
     ],
     [
      47,
      2,
      1
     ],
     [
      52,
      1,
      2
     ],
     [
      53,
      1,
      6
     ],
     [
      54,
      1,
      8
     ],
     [
      55,
      9,
      10
     ],
     [
      64,
      1,
      3
     ],
     [
      66,
      1,
      4
     ],
     [
      67,
      172,
      10
     ],
     [
      239,
      1,
      1
     ]
    ],
    "158": [
     [
      52,
      1,
      4
     ],
     [
      53,
      12,
      10
     ],
     [
      65,
      1,
      8
     ],
     [
      66,
      1,
      9
     ],
     [
      67,
      172,
      10
     ]
    ],
    "159": [
     [
      52,
      1,
      5
     ],
     [
      53,
      185,
      10
     ],
     [
      238,
      1,
      7
     ]
    ],
    "160": [
     [
      54,
      1,
      5
     ],
     [
      55,
      1,
      9
     ],
     [
      56,
      182,
      10
     ],
     [
      238,
      1,
      5
     ]
    ],
    "161": [
     [
      56,
      1,
      7
     ],
     [
      57,
      181,
      10
     ],
     [
      238,
      1,
      4
     ]
    ],
    "162": [
     [
      55,
      1,
      2
     ],
     [
      56,
      182,
      10
     ]
    ],
    "163": [
     [
      38,
      1,
      2
     ],
     [
      55,
      1,
      8
     ],
     [
      56,
      182,
      10
     ]
    ],
    "164": [
     [
      38,
      1,
      7
     ],
     [
      56,
      1,
      7
     ],
     [
      57,
      8,
      10
     ],
     [
      65,
      1,
      9
     ],
     [
      66,
      1,
      8
     ],
     [
      67,
      170,
      10
     ],
     [
      237,
      1,
      6
     ]
    ],
    "165": [
     [
      55,
      1,
      2
     ],
     [
      56,
      9,
      10
     ],
     [
      65,
      1,
      6
     ],
     [
      67,
      1,
      3
     ],
     [
      68,
      169,
      10
     ],
     [
      237,
      1,
      6
     ]
    ],
    "166": [
     [
      55,
      1,
      9
     ],
     [
      56,
      2,
      10
     ],
     [
      58,
      1,
      7
     ],
     [
      59,
      1,
      2
     ],
     [
      60,
      1,
      4
     ],
     [
      61,
      4,
      10
     ],
     [
      65,
      1,
      6
     ],
     [
      66,
      1,
      3
     ],
     [
      67,
      1,
      7
     ],
     [
      68,
      169,
      10
     ],
     [
      237,
      1,
      3
     ]
    ],
    "167": [
     [
      58,
      1,
      7
     ],
     [
      60,
      1,
      3
     ],
     [
      61,
      176,
      10
     ]
    ],
    "168": [
     [
      64,
      172,
      10
     ],
     [
      236,
      1,
      9
     ]
    ],
    "169": [
     [
      71,
      165,
      10
     ],
     [
      236,
      1,
      7
     ]
    ],
    "170": [
     [
      78,
      158,
      10
     ],
     [
      236,
      1,
      4
     ]
    ],
    "171": [
     [
      85,
      8,
      10
     ],
     [
      93,
      2,
      3
     ],
     [
      95,
      1,
      8
     ],
     [
      96,
      1,
      9
     ],
     [
      97,
      2,
      8
     ],
     [
      99,
      137,
      10
     ],
     [
      236,
      1,
      3
     ]
    ],
    "172": [
     [
      92,
      1,
      10
     ],
     [
      95,
      1,
      7
     ],
     [
      96,
      1,
      6
     ],
     [
      98,
      1,
      2
     ],
     [
      99,
      1,
      10
     ],
     [
      100,
      1,
      4
     ],
     [
      101,
      1,
      3
     ],
     [
      102,
      1,
      8
     ],
     [
      103,
      1,
      10
     ],
     [
      104,
      1,
      7
     ],
     [
      105,
      1,
      8
     ],
     [
      106,
      130,
      10
     ]
    ],
    "173": [
     [
      99,
      1,
      10
     ],
     [
      102,
      1,
      7
     ],
     [
      103,
      1,
      6
     ],
     [
      105,
      1,
      1
     ],
     [
      106,
      129,
      10
     ],
     [
      235,
      1,
      9
     ]
    ],
    "174": [
     [
      106,
      129,
      10
     ],
     [
      235,
      1,
      6
     ]
    ],
    "175": [
     [
      113,
      122,
      10
     ],
     [
      235,
      1,
      4
     ]
    ],
    "176": [
     [
      121,
      114,
      10
     ],
     [
      235,
      1,
      3
     ]
    ],
    "177": [
     [
      128,
      107,
      10
     ]
    ],
    "178": [
     [
      135,
      8,
      10
     ],
     [
      143,
      1,
      4
     ],
     [
      144,
      1,
      2
     ],
     [
      145,
      1,
      8
     ],
     [
      146,
      1,
      10
     ],
     [
      147,
      1,
      7
     ],
     [
      148,
      1,
      8
     ],
     [
      149,
      85,
      10
     ],
     [
      234,
      1,
      8
     ]
    ],
    "179": [
     [
      142,
      1,
      10
     ],
     [
      145,
      2,
      7
     ],
     [
      148,
      1,
      1
     ],
     [
      149,
      85,
      10
     ],
     [
      234,
      1,
      7
     ]
    ],
    "180": [
     [
      149,
      85,
      10
     ],
     [
      234,
      1,
      4
     ]
    ],
    "181": [
     [
      157,
      8,
      10
     ],
     [
      165,
      2,
      3
     ],
     [
      167,
      1,
      8
     ],
     [
      168,
      66,
      10
     ],
     [
      234,
      1,
      2
     ]
    ],
    "182": [
     [
      164,
      1,
      10
     ],
     [
      167,
      1,
      7
     ],
     [
      168,
      66,
      10
     ]
    ],
    "183": [
     [
      171,
      62,
      10
     ],
     [
      233,
      1,
      8
     ]
    ],
    "184": [
     [
      179,
      54,
      10
     ],
     [
      233,
      1,
      7
     ]
    ],
    "185": [
     [
      186,
      47,
      10
     ],
     [
      233,
      1,
      3
     ]
    ],
    "186": [
     [
      194,
      12,
      10
     ],
     [
      206,
      1,
      8
     ],
     [
      207,
      1,
      7
     ],
     [
      208,
      25,
      10
     ],
     [
      233,
      1,
      2
     ]
    ],
    "187": [
     [
      201,
      5,
      10
     ],
     [
      206,
      1,
      1
     ],
     [
      208,
      1,
      7
     ],
     [
      209,
      24,
      10
     ]
    ],
    "188": [
     [
      209,
      23,
      10
     ],
     [
      232,
      1,
      8
     ]
    ],
    "189": [
     [
      216,
      16,
      10
     ],
     [
      232,
      1,
      6
     ]
    ],
    "190": [
     [
      224,
      8,
      10
     ],
     [
      232,
      1,
      3
     ]
    ],
    "191": [
     [
      232,
      1,
      3
     ]
    ]
   }
  },
  "clutter_headroom": 26.83,
  "clutter_at_floor": 0.669,
  "clutter_verdict": "vessels present",
  "detection_rate": 0.6667,
  "n_detections": 3,
  "n_reports": 3,
  "n_reports_with_fix": 3,
  "n_matched": 2,
  "n_reports_unsearched": 22,
  "n_reports_marginal": 0,
  "unsearched_by_length": {
   "<25 m": 19,
   "25-50 m": 2,
   "50-100 m": 0,
   "100-200 m": 0,
   ">200 m": 1,
   "unknown": 0
  },
  "k_sigma_match": 3.0,
  "gate_min_snr": 15.0,
  "gate_min_pixels": 6,
  "n_detections_before_gate": 405,
  "ais_window_s": 1800.0,
  "calibration": {
   "detectable_length_m": 25.0,
   "max_chance_match": 0.05,
   "density_per_km2": 0.00014,
   "max_scorable_radius_m": 10766,
   "n_unscorable": 0,
   "n_unscorable_matched": 0,
   "expected_chance_matches": 0.0,
   "strata": {
    ">=25 m": {
     "found": 2,
     "scored": 2,
     "rate": 1.0,
     "ci95": [
      0.3424,
      1.0
     ]
    },
    "<25 m": {
     "found": 0,
     "scored": 1,
     "rate": 0.0,
     "ci95": [
      0.0,
      0.7935
     ]
    },
    "unknown length": {
     "found": 0,
     "scored": 0,
     "rate": null,
     "ci95": [
      null,
      null
     ]
    },
    "all scored": {
     "found": 2,
     "scored": 3,
     "rate": 0.6667,
     "ci95": [
      0.2077,
      0.9385
     ]
    }
   },
   "curve_edges_m": [
    0.0,
    15.0,
    25.0,
    50.0,
    100.0
   ],
   "curve": {
    "0-15 m": {
     "found": 0,
     "scored": 0,
     "rate": null,
     "ci95": [
      null,
      null
     ]
    },
    "15-25 m": {
     "found": 0,
     "scored": 1,
     "rate": 0.0,
     "ci95": [
      0.0,
      0.7935
     ]
    },
    "25-50 m": {
     "found": 0,
     "scored": 0,
     "rate": null,
     "ci95": [
      null,
      null
     ]
    },
    "50-100 m": {
     "found": 0,
     "scored": 0,
     "rate": null,
     "ci95": [
      null,
      null
     ]
    },
    ">100 m": {
     "found": 2,
     "scored": 2,
     "rate": 1.0,
     "ci95": [
      0.3424,
      1.0
     ]
    },
    "unknown": {
     "found": 0,
     "scored": 0,
     "rate": null,
     "ci95": [
      null,
      null
     ]
    }
   }
  }
 },
 "features": [
  {
   "type": "Feature",
   "geometry": {
    "type": "Point",
    "coordinates": [
     -74.98229917311744,
     36.06499086900547
    ]
   },
   "properties": {
    "kind": "unmatched",
    "domain": "sea",
    "t_start": "2024-10-19T22:58:13+00:00",
    "t_end": "2024-10-19T22:58:13+00:00",
    "duration_s": 0.0,
    "confidence": 0.6333333333333333,
    "platform_ids": [],
    "evidence": {
     "sensor": "sentinel1-vv-cfar",
     "detector_confidence": 0.95,
     "detection_rate_this_pass": 0.667,
     "reports_considered": 3,
     "reports_with_a_fix": 3,
     "search_radius_m": 109.8,
     "snr": 20.93,
     "length_m_approx": 37.4,
     "pixels": 14,
     "scene": "S1A_IW_GRDH_1SDV_20241019T225813_20241019T225842_056178_06E050_9D33_COG.SAFE"
    }
   }
  }
 ]
}