{
 "type": "FeatureCollection",
 "properties": {
  "scene": "S1A_IW_GRDH_1SDV_20240901T225906_20240901T225931_055478_06C4A7_0344_COG.SAFE",
  "acquired": "2024-09-01T22:59:06+00:00",
  "geolocation_rms_m": 4.2,
  "geolocation_holdout_m": 15.1,
  "geolocation_median_m": 10.7,
  "geolocation_p90_m": 19.8,
  "geolocation_worst_m": 65.2,
  "geolocation_uneven": true,
  "geolocation_convergence": 2.53,
  "geolocation_method": "geolocation grid (bilinear)",
  "geolocation_validation": "holdout at 2x spacing",
  "tiles": 117,
  "tiles_skipped": 0,
  "k_sigma": 6.0,
  "land_masked": true,
  "water_fraction": 0.398,
  "land_sea_contrast": 3.9,
  "coast_blind_m": 605.0,
  "searched_km2": 16719.3,
  "refused_km2": 0.0,
  "tiles_without_water": 33,
  "outside_aoi": 43,
  "aoi_sea": [
   -77.2,
   36.0,
   -71.0,
   39.6
  ],
  "footprint": [
   [
    -76.58984,
    37.93202
   ],
   [
    -76.35151,
    37.96792
   ],
   [
    -76.11261,
    38.0034
   ],
   [
    -75.87339,
    38.03844
   ],
   [
    -75.6338,
    38.07297
   ],
   [
    -75.39414,
    38.10701
   ],
   [
    -75.15435,
    38.14057
   ],
   [
    -74.91422,
    38.17361
   ],
   [
    -74.67388,
    38.20619
   ],
   [
    -74.43335,
    38.23829
   ],
   [
    -74.19258,
    38.26986
   ],
   [
    -73.95162,
    38.30096
   ],
   [
    -73.71046,
    38.33158
   ],
   [
    -73.73632,
    38.45669
   ],
   [
    -73.76217,
    38.5818
   ],
   [
    -73.78803,
    38.70691
   ],
   [
    -73.81397,
    38.832
   ],
   [
    -73.8399,
    38.9571
   ],
   [
    -73.86584,
    39.08219
   ],
   [
    -73.89184,
    39.20728
   ],
   [
    -73.91785,
    39.33236
   ],
   [
    -73.94385,
    39.45744
   ],
   [
    -73.96984,
    39.58253
   ],
   [
    -73.9957,
    39.70763
   ],
   [
    -74.02156,
    39.83273
   ],
   [
    -74.26768,
    39.8024
   ],
   [
    -74.51381,
    39.77154
   ],
   [
    -74.75993,
    39.74016
   ],
   [
    -75.00548,
    39.70826
   ],
   [
    -75.25115,
    39.67582
   ],
   [
    -75.49667,
    39.64287
   ],
   [
    -75.74155,
    39.60941
   ],
   [
    -75.98615,
    39.57547
   ],
   [
    -76.23004,
    39.5411
   ],
   [
    -76.47386,
    39.50615
   ],
   [
    -76.71692,
    39.47079
   ],
   [
    -76.96034,
    39.43486
   ],
   [
    -76.92968,
    39.30958
   ],
   [
    -76.89893,
    39.18431
   ],
   [
    -76.86847,
    39.059
   ],
   [
    -76.83763,
    38.93375
   ],
   [
    -76.80652,
    38.80855
   ],
   [
    -76.7751,
    38.68339
   ],
   [
    -76.7442,
    38.55816
   ],
   [
    -76.71344,
    38.43291
   ],
   [
    -76.68258,
    38.30768
   ],
   [
    -76.65182,
    38.18243
   ],
   [
    -76.62092,
    38.05721
   ]
  ],
  "searched_grid": {
   "cell_deg": 0.01,
   "lon0": -76.78,
   "lat0": 37.93,
   "levels": 10,
   "rows": {
    "3": [
     [
      38,
      1,
      6
     ],
     [
      39,
      6,
      10
     ]
    ],
    "4": [
     [
      37,
      1,
      2
     ],
     [
      38,
      1,
      9
     ],
     [
      39,
      12,
      10
     ]
    ],
    "5": [
     [
      37,
      1,
      8
     ],
     [
      38,
      20,
      10
     ]
    ],
    "6": [
     [
      34,
      1,
      1
     ],
     [
      35,
      30,
      10
     ]
    ],
    "7": [
     [
      33,
      1,
      4
     ],
     [
      34,
      38,
      10
     ]
    ],
    "8": [
     [
      31,
      1,
      1
     ],
     [
      32,
      1,
      9
     ],
     [
      33,
      39,
      10
     ],
     [
      72,
      1,
      4
     ]
    ],
    "9": [
     [
      28,
      1,
      4
     ],
     [
      29,
      1,
      3
     ],
     [
      30,
      1,
      1
     ],
     [
      31,
      1,
      7
     ],
     [
      32,
      1,
      3
     ],
     [
      33,
      1,
      9
     ],
     [
      34,
      38,
      10
     ],
     [
      72,
      1,
      6
     ],
     [
      78,
      1,
      1
     ],
     [
      80,
      5,
      10
     ]
    ],
    "10": [
     [
      25,
      1,
      1
     ],
     [
      27,
      1,
      6
     ],
     [
      28,
      3,
      10
     ],
     [
      31,
      1,
      8
     ],
     [
      33,
      1,
      1
     ],
     [
      34,
      1,
      3
     ],
     [
      35,
      9,
      10
     ],
     [
      44,
      1,
      8
     ],
     [
      46,
      1,
      4
     ],
     [
      47,
      25,
      10
     ],
     [
      72,
      1,
      9
     ],
     [
      73,
      1,
      4
     ],
     [
      77,
      1,
      2
     ],
     [
      78,
      14,
      10
     ]
    ],
    "11": [
     [
      26,
      1,
      2
     ],
     [
      27,
      5,
      10
     ],
     [
      32,
      1,
      7
     ],
     [
      33,
      1,
      3
     ],
     [
      35,
      6,
      10
     ],
     [
      41,
      1,
      9
     ],
     [
      42,
      1,
      6
     ],
     [
      43,
      2,
      4
     ],
     [
      46,
      1,
      2
     ],
     [
      47,
      28,
      10
     ],
     [
      75,
      1,
      6
     ],
     [
      76,
      1,
      4
     ],
     [
      77,
      1,
      7
     ],
     [
      78,
      18,
      10
     ]
    ],
    "12": [
     [
      26,
      1,
      6
     ],
     [
      27,
      14,
      10
     ],
     [
      46,
      1,
      3
     ],
     [
      47,
      43,
      10
     ],
     [
      90,
      1,
      2
     ],
     [
      91,
      1,
      4
     ],
     [
      92,
      1,
      5
     ],
     [
      93,
      3,
      10
     ]
    ],
    "13": [
     [
      25,
      1,
      2
     ],
     [
      26,
      14,
      10
     ],
     [
      40,
      1,
      1
     ],
     [
      46,
      1,
      9
     ],
     [
      47,
      29,
      10
     ],
     [
      76,
      1,
      3
     ],
     [
      77,
      1,
      8
     ],
     [
      78,
      11,
      10
     ],
     [
      89,
      1,
      8
     ],
     [
      93,
      1,
      2
     ]
    ],
    "14": [
     [
      25,
      1,
      7
     ],
     [
      26,
      13,
      10
     ],
     [
      39,
      1,
      9
     ],
     [
      45,
      1,
      2
     ],
     [
      46,
      26,
      10
     ],
     [
      72,
      1,
      9
     ],
     [
      73,
      1,
      2
     ],
     [
      75,
      1,
      1
     ],
     [
      77,
      1,
      1
     ],
     [
      78,
      11,
      10
     ],
     [
      89,
      1,
      5
     ]
    ],
    "15": [
     [
      23,
      1,
      1
     ],
     [
      24,
      1,
      7
     ],
     [
      25,
      13,
      10
     ],
     [
      38,
      1,
      7
     ],
     [
      39,
      1,
      2
     ],
     [
      45,
      1,
      1
     ],
     [
      46,
      25,
      10
     ],
     [
      71,
      1,
      9
     ],
     [
      78,
      11,
      10
     ],
     [
      89,
      1,
      8
     ]
    ],
    "16": [
     [
      21,
      1,
      3
     ],
     [
      22,
      1,
      6
     ],
     [
      23,
      7,
      10
     ],
     [
      30,
      1,
      3
     ],
     [
      31,
      1,
      7
     ],
     [
      32,
      2,
      10
     ],
     [
      34,
      1,
      9
     ],
     [
      35,
      1,
      6
     ],
     [
      36,
      2,
      7
     ],
     [
      38,
      1,
      2
     ],
     [
      45,
      1,
      3
     ],
     [
      46,
      25,
      10
     ],
     [
      71,
      1,
      8
     ],
     [
      78,
      11,
      10
     ],
     [
      89,
      1,
      9
     ],
     [
      90,
      1,
      1
     ]
    ],
    "17": [
     [
      19,
      1,
      1
     ],
     [
      20,
      1,
      8
     ],
     [
      21,
      8,
      10
     ],
     [
      29,
      1,
      4
     ],
     [
      32,
      1,
      6
     ],
     [
      33,
      1,
      10
     ],
     [
      34,
      1,
      8
     ],
     [
      45,
      1,
      7
     ],
     [
      46,
      26,
      10
     ],
     [
      72,
      1,
      6
     ],
     [
      77,
      1,
      8
     ],
     [
      78,
      4,
      10
     ],
     [
      82,
      1,
      9
     ],
     [
      83,
      2,
      8
     ],
     [
      85,
      5,
      10
     ],
     [
      90,
      1,
      9
     ],
     [
      91,
      1,
      4
     ]
    ],
    "18": [
     [
      18,
      1,
      3
     ],
     [
      19,
      1,
      9
     ],
     [
      20,
      8,
      10
     ],
     [
      28,
      1,
      7
     ],
     [
      32,
      1,
      8
     ],
     [
      33,
      1,
      10
     ],
     [
      34,
      1,
      4
     ],
     [
      45,
      1,
      8
     ],
     [
      46,
      26,
      10
     ],
     [
      72,
      1,
      8
     ],
     [
      76,
      1,
      2
     ],
     [
      77,
      1,
      9
     ],
     [
      78,
      4,
      10
     ],
     [
      82,
      1,
      6
     ],
     [
      85,
      1,
      7
     ],
     [
      86,
      6,
      10
     ],
     [
      92,
      1,
      6
     ],
     [
      93,
      1,
      1
     ]
    ],
    "19": [
     [
      18,
      1,
      5
     ],
     [
      19,
      5,
      10
     ],
     [
      24,
      1,
      3
     ],
     [
      25,
      1,
      6
     ],
     [
      26,
      1,
      10
     ],
     [
      27,
      1,
      9
     ],
     [
      31,
      1,
      1
     ],
     [
      32,
      1,
      6
     ],
     [
      33,
      1,
      8
     ],
     [
      34,
      1,
      1
     ],
     [
      45,
      1,
      1
     ],
     [
      46,
      1,
      9
     ],
     [
      47,
      26,
      10
     ],
     [
      73,
      1,
      5
     ],
     [
      74,
      1,
      2
     ],
     [
      77,
      1,
      4
     ],
     [
      78,
      3,
      10
     ],
     [
      81,
      1,
      8
     ],
     [
      86,
      1,
      6
     ],
     [
      87,
      2,
      10
     ],
     [
      89,
      2,
      8
     ],
     [
      91,
      1,
      7
     ],
     [
      92,
      1,
      10
     ],
     [
      93,
      1,
      3
     ],
     [
      149,
      1,
      5
     ],
     [
      150,
      5,
      10
     ]
    ],
    "20": [
     [
      18,
      1,
      7
     ],
     [
      19,
      4,
      10
     ],
     [
      23,
      1,
      9
     ],
     [
      26,
      1,
      2
     ],
     [
      32,
      1,
      2
     ],
     [
      33,
      1,
      5
     ],
     [
      46,
      1,
      1
     ],
     [
      47,
      27,
      10
     ],
     [
      74,
      1,
      9
     ],
     [
      75,
      1,
      4
     ],
     [
      76,
      1,
      1
     ],
     [
      77,
      1,
      8
     ],
     [
      78,
      3,
      10
     ],
     [
      81,
      1,
      4
     ],
     [
      88,
      1,
      7
     ],
     [
      89,
      1,
      2
     ],
     [
      92,
      1,
      6
     ],
     [
      93,
      1,
      7
     ],
     [
      94,
      1,
      1
     ],
     [
      150,
      8,
      10
     ],
     [
      158,
      1,
      2
     ],
     [
      161,
      1,
      5
     ],
     [
      162,
      1,
      10
     ]
    ],
    "21": [
     [
      17,
      1,
      1
     ],
     [
      18,
      5,
      10
     ],
     [
      23,
      1,
      6
     ],
     [
      32,
      1,
      4
     ],
     [
      33,
      1,
      3
     ],
     [
      46,
      1,
      5
     ],
     [
      47,
      21,
      10
     ],
     [
      68,
      1,
      9
     ],
     [
      69,
      1,
      10
     ],
     [
      70,
      1,
      1
     ],
     [
      71,
      1,
      4
     ],
     [
      74,
      1,
      1
     ],
     [
      75,
      1,
      4
     ],
     [
      76,
      5,
      10
     ],
     [
      81,
      1,
      4
     ],
     [
      88,
      1,
      1
     ],
     [
      150,
      1,
      6
     ],
     [
      151,
      7,
      10
     ],
     [
      158,
      1,
      3
     ],
     [
      161,
      1,
      6
     ],
     [
      162,
      8,
      10
     ]
    ],
    "22": [
     [
      15,
      1,
      1
     ],
     [
      16,
      1,
      3
     ],
     [
      17,
      1,
      8
     ],
     [
      18,
      5,
      10
     ],
     [
      45,
      1,
      2
     ],
     [
      46,
      22,
      10
     ],
     [
      68,
      1,
      7
     ],
     [
      75,
      1,
      3
     ],
     [
      76,
      5,
      10
     ],
     [
      81,
      1,
      6
     ],
     [
      151,
      1,
      4
     ],
     [
      152,
      6,
      10
     ],
     [
      158,
      1,
      3
     ],
     [
      161,
      1,
      2
     ],
     [
      162,
      15,
      10
     ]
    ],
    "23": [
     [
      13,
      1,
      2
     ],
     [
      14,
      8,
      10
     ],
     [
      22,
      1,
      8
     ],
     [
      45,
      1,
      9
     ],
     [
      46,
      22,
      10
     ],
     [
      68,
      1,
      4
     ],
     [
      76,
      1,
      8
     ],
     [
      77,
      4,
      10
     ],
     [
      81,
      1,
      9
     ],
     [
      151,
      1,
      1
     ],
     [
      152,
      6,
      10
     ],
     [
      158,
      1,
      6
     ],
     [
      162,
      1,
      8
     ],
     [
      163,
      21,
      10
     ]
    ],
    "24": [
     [
      13,
      1,
      4
     ],
     [
      14,
      8,
      10
     ],
     [
      22,
      1,
      4
     ],
     [
      43,
      1,
      1
     ],
     [
      44,
      1,
      8
     ],
     [
      45,
      23,
      10
     ],
     [
      68,
      1,
      6
     ],
     [
      76,
      1,
      7
     ],
     [
      77,
      5,
      10
     ],
     [
      152,
      1,
      6
     ],
     [
      153,
      5,
      10
     ],
     [
      158,
      1,
      9
     ],
     [
      159,
      1,
      1
     ],
     [
      162,
      1,
      5
     ],
     [
      163,
      29,
      10
     ]
    ],
    "25": [
     [
      13,
      1,
      7
     ],
     [
      14,
      7,
      10
     ],
     [
      21,
      1,
      5
     ],
     [
      43,
      1,
      8
     ],
     [
      44,
      24,
      10
     ],
     [
      68,
      1,
      7
     ],
     [
      75,
      1,
      1
     ],
     [
      76,
      1,
      9
     ],
     [
      77,
      4,
      10
     ],
     [
      81,
      1,
      9
     ],
     [
      82,
      1,
      2
     ],
     [
      152,
      1,
      2
     ],
     [
      153,
      6,
      10
     ],
     [
      159,
      1,
      6
     ],
     [
      160,
      1,
      1
     ],
     [
      163,
      1,
      9
     ],
     [
      164,
      35,
      10
     ]
    ],
    "26": [
     [
      13,
      6,
      10
     ],
     [
      19,
      1,
      8
     ],
     [
      20,
      1,
      3
     ],
     [
      42,
      1,
      3
     ],
     [
      43,
      25,
      10
     ],
     [
      68,
      1,
      8
     ],
     [
      69,
      1,
      2
     ],
     [
      70,
      1,
      3
     ],
     [
      74,
      1,
      2
     ],
     [
      75,
      8,
      10
     ],
     [
      83,
      1,
      7
     ],
     [
      84,
      1,
      6
     ],
     [
      85,
      1,
      2
     ],
     [
      152,
      1,
      2
     ],
     [
      153,
      6,
      10
     ],
     [
      159,
      1,
      6
     ],
     [
      160,
      1,
      3
     ],
     [
      163,
      1,
      6
     ],
     [
      164,
      42,
      10
     ]
    ],
    "27": [
     [
      12,
      1,
      2
     ],
     [
      13,
      5,
      10
     ],
     [
      18,
      1,
      4
     ],
     [
      19,
      1,
      1
     ],
     [
      41,
      1,
      2
     ],
     [
      42,
      28,
      10
     ],
     [
      70,
      1,
      6
     ],
     [
      71,
      2,
      1
     ],
     [
      73,
      1,
      2
     ],
     [
      74,
      1,
      8
     ],
     [
      75,
      11,
      10
     ],
     [
      86,
      1,
      9
     ],
     [
      87,
      1,
      4
     ],
     [
      88,
      1,
      3
     ],
     [
      89,
      1,
      2
     ],
     [
      90,
      1,
      6
     ],
     [
      91,
      1,
      1
     ],
     [
      153,
      1,
      1
     ],
     [
      154,
      3,
      10
     ],
     [
      157,
      1,
      7
     ],
     [
      158,
      1,
      2
     ],
     [
      159,
      1,
      1
     ],
     [
      163,
      1,
      1
     ],
     [
      164,
      50,
      10
     ]
    ],
    "28": [
     [
      12,
      1,
      2
     ],
     [
      13,
      2,
      8
     ],
     [
      15,
      1,
      4
     ],
     [
      16,
      1,
      1
     ],
     [
      40,
      1,
      2
     ],
     [
      41,
      1,
      9
     ],
     [
      42,
      30,
      10
     ],
     [
      72,
      1,
      8
     ],
     [
      73,
      1,
      4
     ],
     [
      74,
      1,
      3
     ],
     [
      75,
      1,
      8
     ],
     [
      76,
      16,
      10
     ],
     [
      92,
      1,
      4
     ],
     [
      93,
      1,
      1
     ],
     [
      154,
      1,
      6
     ],
     [
      155,
      2,
      10
     ],
     [
      157,
      1,
      2
     ],
     [
      159,
      1,
      3
     ],
     [
      160,
      1,
      8
     ],
     [
      161,
      1,
      5
     ],
     [
      164,
      1,
      6
     ],
     [
      165,
      56,
      10
     ]
    ],
    "29": [
     [
      39,
      1,
      1
     ],
     [
      40,
      1,
      7
     ],
     [
      41,
      21,
      10
     ],
     [
      62,
      1,
      8
     ],
     [
      63,
      1,
      4
     ],
     [
      64,
      1,
      5
     ],
     [
      65,
      1,
      8
     ],
     [
      66,
      5,
      10
     ],
     [
      71,
      1,
      3
     ],
     [
      75,
      1,
      8
     ],
     [
      76,
      4,
      10
     ],
     [
      80,
      1,
      8
     ],
     [
      81,
      6,
      10
     ],
     [
      87,
      1,
      4
     ],
     [
      88,
      1,
      2
     ],
     [
      89,
      1,
      3
     ],
     [
      90,
      1,
      8
     ],
     [
      91,
      1,
      3
     ],
     [
      154,
      1,
      2
     ],
     [
      155,
      1,
      7
     ],
     [
      156,
      1,
      10
     ],
     [
      160,
      2,
      6
     ],
     [
      162,
      1,
      1
     ],
     [
      164,
      1,
      2
     ],
     [
      165,
      64,
      10
     ]
    ],
    "30": [
     [
      39,
      1,
      3
     ],
     [
      40,
      20,
      10
     ],
     [
      60,
      1,
      8
     ],
     [
      61,
      1,
      7
     ],
     [
      62,
      1,
      1
     ],
     [
      66,
      1,
      8
     ],
     [
      67,
      3,
      10
     ],
     [
      70,
      1,
      4
     ],
     [
      75,
      5,
      10
     ],
     [
      80,
      1,
      1
     ],
     [
      83,
      1,
      2
     ],
     [
      84,
      1,
      8
     ],
     [
      85,
      1,
      10
     ],
     [
      86,
      1,
      9
     ],
     [
      90,
      1,
      5
     ],
     [
      156,
      1,
      4
     ],
     [
      165,
      1,
      6
     ],
     [
      166,
      70,
      10
     ]
    ],
    "31": [
     [
      39,
      1,
      6
     ],
     [
      40,
      19,
      10
     ],
     [
      59,
      1,
      7
     ],
     [
      60,
      1,
      1
     ],
     [
      65,
      1,
      1
     ],
     [
      66,
      1,
      9
     ],
     [
      67,
      1,
      8
     ],
     [
      68,
      1,
      6
     ],
     [
      69,
      1,
      4
     ],
     [
      74,
      1,
      3
     ],
     [
      75,
      5,
      10
     ],
     [
      80,
      1,
      5
     ],
     [
      84,
      1,
      2
     ],
     [
      85,
      1,
      10
     ],
     [
      86,
      1,
      7
     ],
     [
      165,
      1,
      3
     ],
     [
      166,
      78,
      10
     ]
    ],
    "32": [
     [
      39,
      19,
      10
     ],
     [
      58,
      1,
      9
     ],
     [
      59,
      1,
      1
     ],
     [
      62,
      1,
      4
     ],
     [
      63,
      2,
      7
     ],
     [
      65,
      1,
      9
     ],
     [
      66,
      1,
      10
     ],
     [
      75,
      1,
      9
     ],
     [
      76,
      3,
      10
     ],
     [
      79,
      1,
      6
     ],
     [
      83,
      1,
      3
     ],
     [
      84,
      1,
      8
     ],
     [
      85,
      1,
      9
     ],
     [
      166,
      1,
      8
     ],
     [
      167,
      84,
      10
     ]
    ],
    "33": [
     [
      39,
      1,
      8
     ],
     [
      40,
      18,
      10
     ],
     [
      58,
      1,
      6
     ],
     [
      61,
      1,
      7
     ],
     [
      62,
      2,
      9
     ],
     [
      64,
      3,
      10
     ],
     [
      67,
      1,
      3
     ],
     [
      68,
      1,
      2
     ],
     [
      75,
      1,
      5
     ],
     [
      76,
      2,
      10
     ],
     [
      78,
      1,
      7
     ],
     [
      83,
      1,
      1
     ],
     [
      84,
      2,
      4
     ],
     [
      166,
      1,
      5
     ],
     [
      167,
      92,
      10
     ]
    ],
    "34": [
     [
      39,
      1,
      4
     ],
     [
      40,
      17,
      10
     ],
     [
      57,
      1,
      9
     ],
     [
      58,
      1,
      1
     ],
     [
      61,
      1,
      8
     ],
     [
      62,
      1,
      5
     ],
     [
      64,
      1,
      1
     ],
     [
      65,
      1,
      3
     ],
     [
      66,
      1,
      8
     ],
     [
      67,
      1,
      5
     ],
     [
      68,
      1,
      1
     ],
     [
      75,
      1,
      1
     ],
     [
      76,
      1,
      9
     ],
     [
      77,
      1,
      10
     ],
     [
      78,
      1,
      4
     ],
     [
      84,
      1,
      1
     ],
     [
      85,
      1,
      10
     ],
     [
      86,
      1,
      2
     ],
     [
      167,
      1,
      9
     ],
     [
      168,
      99,
      10
     ]
    ],
    "35": [
     [
      40,
      1,
      3
     ],
     [
      41,
      1,
      9
     ],
     [
      42,
      15,
      10
     ],
     [
      61,
      2,
      1
     ],
     [
      76,
      1,
      10
     ],
     [
      77,
      1,
      4
     ],
     [
      84,
      1,
      1
     ],
     [
      85,
      1,
      10
     ],
     [
      86,
      1,
      4
     ],
     [
      167,
      1,
      5
     ],
     [
      168,
      107,
      10
     ]
    ],
    "36": [
     [
      41,
      1,
      3
     ],
     [
      42,
      13,
      10
     ],
     [
      55,
      1,
      8
     ],
     [
      56,
      1,
      2
     ],
     [
      62,
      1,
      6
     ],
     [
      63,
      1,
      1
     ],
     [
      75,
      1,
      7
     ],
     [
      76,
      1,
      6
     ],
     [
      84,
      1,
      2
     ],
     [
      85,
      1,
      10
     ],
     [
      86,
      1,
      4
     ],
     [
      167,
      1,
      2
     ],
     [
      168,
      114,
      10
     ]
    ],
    "37": [
     [
      32,
      1,
      8
     ],
     [
      33,
      1,
      10
     ],
     [
      34,
      1,
      9
     ],
     [
      41,
      1,
      8
     ],
     [
      42,
      12,
      10
     ],
     [
      54,
      1,
      6
     ],
     [
      57,
      1,
      2
     ],
     [
      58,
      1,
      9
     ],
     [
      59,
      2,
      10
     ],
     [
      61,
      1,
      6
     ],
     [
      62,
      1,
      3
     ],
     [
      63,
      1,
      1
     ],
     [
      74,
      1,
      8
     ],
     [
      75,
      1,
      5
     ],
     [
      85,
      1,
      6
     ],
     [
      86,
      1,
      9
     ],
     [
      87,
      1,
      1
     ],
     [
      168,
      1,
      7
     ],
     [
      169,
      121,
      10
     ]
    ],
    "38": [
     [
      33,
      1,
      2
     ],
     [
      34,
      1,
      5
     ],
     [
      36,
      1,
      1
     ],
     [
      37,
      1,
      7
     ],
     [
      38,
      2,
      6
     ],
     [
      40,
      1,
      9
     ],
     [
      41,
      9,
      10
     ],
     [
      50,
      1,
      8
     ],
     [
      51,
      1,
      4
     ],
     [
      52,
      1,
      6
     ],
     [
      53,
      1,
      9
     ],
     [
      57,
      1,
      8
     ],
     [
      59,
      1,
      1
     ],
     [
      60,
      1,
      2
     ],
     [
      74,
      1,
      4
     ],
     [
      75,
      1,
      7
     ],
     [
      76,
      1,
      3
     ],
     [
      77,
      1,
      1
     ],
     [
      86,
      1,
      8
     ],
     [
      87,
      1,
      9
     ],
     [
      169,
      1,
      5
     ],
     [
      170,
      128,
      10
     ]
    ],
    "39": [
     [
      37,
      1,
      4
     ],
     [
      38,
      12,
      10
     ],
     [
      53,
      1,
      4
     ],
     [
      57,
      1,
      2
     ],
     [
      76,
      1,
      6
     ],
     [
      77,
      1,
      9
     ],
     [
      78,
      1,
      10
     ],
     [
      79,
      1,
      8
     ],
     [
      80,
      1,
      4
     ],
     [
      87,
      1,
      7
     ],
     [
      88,
      1,
      3
     ],
     [
      170,
      1,
      5
     ],
     [
      171,
      131,
      10
     ],
     [
      302,
      1,
      7
     ]
    ],
    "40": [
     [
      38,
      1,
      6
     ],
     [
      39,
      11,
      10
     ],
     [
      50,
      1,
      2
     ],
     [
      53,
      1,
      8
     ],
     [
      57,
      1,
      4
     ],
     [
      58,
      1,
      3
     ],
     [
      77,
      1,
      8
     ],
     [
      78,
      3,
      10
     ],
     [
      87,
      1,
      4
     ],
     [
      88,
      1,
      9
     ],
     [
      89,
      1,
      5
     ],
     [
      171,
      131,
      10
     ],
     [
      302,
      1,
      6
     ]
    ],
    "41": [
     [
      29,
      1,
      4
     ],
     [
      39,
      1,
      8
     ],
     [
      40,
      10,
      10
     ],
     [
      50,
      1,
      8
     ],
     [
      52,
      1,
      1
     ],
     [
      53,
      1,
      3
     ],
     [
      56,
      1,
      2
     ],
     [
      57,
      2,
      10
     ],
     [
      59,
      1,
      6
     ],
     [
      77,
      1,
      2
     ],
     [
      78,
      2,
      10
     ],
     [
      80,
      1,
      5
     ],
     [
      88,
      1,
      1
     ],
     [
      89,
      1,
      4
     ],
     [
      171,
      1,
      6
     ],
     [
      172,
      130,
      10
     ],
     [
      302,
      1,
      4
     ]
    ],
    "42": [
     [
      29,
      1,
      2
     ],
     [
      39,
      1,
      1
     ],
     [
      40,
      1,
      9
     ],
     [
      41,
      10,
      10
     ],
     [
      51,
      1,
      9
     ],
     [
      52,
      1,
      4
     ],
     [
      55,
      1,
      1
     ],
     [
      56,
      1,
      10
     ],
     [
      57,
      1,
      9
     ],
     [
      58,
      1,
      2
     ],
     [
      78,
      1,
      10
     ],
     [
      79,
      1,
      9
     ],
     [
      80,
      1,
      3
     ],
     [
      171,
      1,
      4
     ],
     [
      172,
      130,
      10
     ],
     [
      302,
      1,
      1
     ]
    ],
    "43": [
     [
      27,
      1,
      1
     ],
     [
      28,
      1,
      2
     ],
     [
      40,
      1,
      8
     ],
     [
      41,
      9,
      10
     ],
     [
      50,
      1,
      9
     ],
     [
      51,
      1,
      1
     ],
     [
      78,
      1,
      2
     ],
     [
      167,
      2,
      6
     ],
     [
      169,
      1,
      2
     ],
     [
      172,
      1,
      9
     ],
     [
      173,
      129,
      10
     ]
    ],
    "44": [
     [
      26,
      1,
      3
     ],
     [
      27,
      1,
      9
     ],
     [
      40,
      1,
      6
     ],
     [
      41,
      8,
      10
     ],
     [
      49,
      1,
      8
     ],
     [
      166,
      1,
      4
     ],
     [
      167,
      2,
      10
     ],
     [
      169,
      1,
      7
     ],
     [
      172,
      1,
      7
     ],
     [
      173,
      128,
      10
     ],
     [
      301,
      1,
      7
     ]
    ],
    "45": [
     [
      25,
      2,
      4
     ],
     [
      27,
      1,
      1
     ],
     [
      40,
      1,
      2
     ],
     [
      41,
      8,
      10
     ],
     [
      49,
      1,
      1
     ],
     [
      166,
      1,
      1
     ],
     [
      168,
      1,
      4
     ],
     [
      169,
      1,
      7
     ],
     [
      172,
      1,
      4
     ],
     [
      173,
      128,
      10
     ],
     [
      301,
      1,
      6
     ]
    ],
    "46": [
     [
      21,
      1,
      2
     ],
     [
      23,
      1,
      4
     ],
     [
      24,
      2,
      9
     ],
     [
      38,
      1,
      1
     ],
     [
      39,
      1,
      7
     ],
     [
      40,
      1,
      8
     ],
     [
      41,
      7,
      10
     ],
     [
      48,
      1,
      9
     ],
     [
      168,
      1,
      1
     ],
     [
      169,
      1,
      9
     ],
     [
      173,
      128,
      10
     ],
     [
      301,
      1,
      3
     ]
    ],
    "47": [
     [
      19,
      1,
      2
     ],
     [
      20,
      2,
      7
     ],
     [
      24,
      1,
      2
     ],
     [
      38,
      11,
      10
     ],
     [
      49,
      1,
      2
     ],
     [
      168,
      1,
      1
     ],
     [
      169,
      1,
      10
     ],
     [
      173,
      1,
      8
     ],
     [
      174,
      127,
      10
     ],
     [
      301,
      1,
      1
     ]
    ],
    "48": [
     [
      18,
      1,
      5
     ],
     [
      19,
      1,
      8
     ],
     [
      20,
      2,
      4
     ],
     [
      37,
      1,
      8
     ],
     [
      38,
      10,
      10
     ],
     [
      48,
      1,
      6
     ],
     [
      67,
      1,
      3
     ],
     [
      68,
      1,
      1
     ],
     [
      167,
      1,
      1
     ],
     [
      168,
      1,
      5
     ],
     [
      169,
      1,
      8
     ],
     [
      170,
      1,
      1
     ],
     [
      173,
      1,
      6
     ],
     [
      174,
      127,
      10
     ]
    ],
    "49": [
     [
      16,
      1,
      2
     ],
     [
      17,
      2,
      6
     ],
     [
      19,
      1,
      1
     ],
     [
      36,
      1,
      4
     ],
     [
      37,
      10,
      10
     ],
     [
      47,
      1,
      5
     ],
     [
      67,
      1,
      1
     ],
     [
      68,
      1,
      6
     ],
     [
      69,
      1,
      1
     ],
     [
      167,
      1,
      4
     ],
     [
      168,
      1,
      1
     ],
     [
      169,
      1,
      2
     ],
     [
      170,
      1,
      1
     ],
     [
      173,
      1,
      4
     ],
     [
      174,
      126,
      10
     ],
     [
      300,
      1,
      7
     ]
    ],
    "50": [
     [
      15,
      1,
      1
     ],
     [
      16,
      2,
      3
     ],
     [
      35,
      1,
      6
     ],
     [
      36,
      11,
      10
     ],
     [
      170,
      1,
      1
     ],
     [
      173,
      1,
      2
     ],
     [
      174,
      126,
      10
     ],
     [
      300,
      1,
      4
     ]
    ],
    "51": [
     [
      14,
      1,
      4
     ],
     [
      15,
      1,
      10
     ],
     [
      33,
      1,
      2
     ],
     [
      34,
      1,
      4
     ],
     [
      35,
      11,
      10
     ],
     [
      46,
      1,
      1
     ],
     [
      174,
      126,
      10
     ],
     [
      300,
      1,
      4
     ]
    ],
    "52": [
     [
      14,
      1,
      1
     ],
     [
      15,
      1,
      2
     ],
     [
      33,
      1,
      8
     ],
     [
      34,
      11,
      10
     ],
     [
      45,
      1,
      1
     ],
     [
      173,
      1,
      1
     ],
     [
      174,
      126,
      10
     ]
    ],
    "53": [
     [
      31,
      1,
      1
     ],
     [
      32,
      1,
      9
     ],
     [
      33,
      11,
      10
     ],
     [
      44,
      1,
      2
     ],
     [
      173,
      1,
      1
     ],
     [
      174,
      126,
      10
     ]
    ],
    "54": [
     [
      30,
      1,
      4
     ],
     [
      31,
      1,
      8
     ],
     [
      32,
      11,
      10
     ],
     [
      43,
      1,
      9
     ],
     [
      171,
      1,
      3
     ],
     [
      174,
      125,
      10
     ],
     [
      299,
      1,
      6
     ]
    ],
    "55": [
     [
      29,
      1,
      4
     ],
     [
      30,
      1,
      9
     ],
     [
      31,
      13,
      10
     ],
     [
      173,
      1,
      3
     ],
     [
      174,
      125,
      10
     ],
     [
      299,
      1,
      5
     ]
    ],
    "56": [
     [
      28,
      1,
      2
     ],
     [
      29,
      1,
      8
     ],
     [
      30,
      14,
      10
     ],
     [
      44,
      1,
      4
     ],
     [
      173,
      1,
      2
     ],
     [
      174,
      1,
      9
     ],
     [
      175,
      124,
      10
     ],
     [
      299,
      1,
      3
     ]
    ],
    "57": [
     [
      28,
      1,
      5
     ],
     [
      29,
      15,
      10
     ],
     [
      44,
      1,
      8
     ],
     [
      45,
      2,
      6
     ],
     [
      47,
      1,
      5
     ],
     [
      48,
      2,
      4
     ],
     [
      50,
      1,
      9
     ],
     [
      174,
      125,
      10
     ]
    ],
    "58": [
     [
      27,
      1,
      1
     ],
     [
      28,
      23,
      10
     ],
     [
      51,
      1,
      3
     ],
     [
      173,
      1,
      5
     ],
     [
      174,
      124,
      10
     ],
     [
      298,
      1,
      9
     ]
    ],
    "59": [
     [
      27,
      1,
      6
     ],
     [
      28,
      21,
      10
     ],
     [
      49,
      1,
      9
     ],
     [
      50,
      1,
      6
     ],
     [
      51,
      1,
      8
     ],
     [
      52,
      1,
      3
     ],
     [
      53,
      1,
      2
     ],
     [
      173,
      1,
      4
     ],
     [
      174,
      124,
      10
     ],
     [
      298,
      1,
      7
     ]
    ],
    "60": [
     [
      27,
      22,
      10
     ],
     [
      49,
      1,
      4
     ],
     [
      52,
      1,
      3
     ],
     [
      53,
      1,
      4
     ],
     [
      54,
      1,
      5
     ],
     [
      173,
      1,
      7
     ],
     [
      174,
      124,
      10
     ],
     [
      298,
      1,
      4
     ]
    ],
    "61": [
     [
      27,
      1,
      5
     ],
     [
      28,
      21,
      10
     ],
     [
      49,
      1,
      4
     ],
     [
      173,
      1,
      4
     ],
     [
      174,
      124,
      10
     ],
     [
      298,
      1,
      2
     ]
    ],
    "62": [
     [
      27,
      1,
      2
     ],
     [
      28,
      20,
      10
     ],
     [
      48,
      1,
      9
     ],
     [
      49,
      1,
      1
     ],
     [
      173,
      1,
      7
     ],
     [
      174,
      124,
      10
     ]
    ],
    "63": [
     [
      27,
      1,
      2
     ],
     [
      28,
      19,
      10
     ],
     [
      47,
      1,
      3
     ],
     [
      48,
      1,
      1
     ],
     [
      173,
      124,
      10
     ],
     [
      297,
      1,
      8
     ]
    ],
    "64": [
     [
      27,
      1,
      8
     ],
     [
      28,
      18,
      10
     ],
     [
      46,
      1,
      7
     ],
     [
      47,
      1,
      1
     ],
     [
      73,
      1,
      3
     ],
     [
      74,
      1,
      1
     ],
     [
      173,
      1,
      9
     ],
     [
      174,
      123,
      10
     ],
     [
      297,
      1,
      6
     ]
    ],
    "65": [
     [
      27,
      1,
      7
     ],
     [
      28,
      19,
      10
     ],
     [
      47,
      1,
      8
     ],
     [
      48,
      1,
      3
     ],
     [
      49,
      1,
      4
     ],
     [
      71,
      1,
      3
     ],
     [
      160,
      1,
      4
     ],
     [
      161,
      1,
      1
     ],
     [
      168,
      1,
      5
     ],
     [
      169,
      1,
      1
     ],
     [
      173,
      124,
      10
     ],
     [
      297,
      1,
      4
     ]
    ],
    "66": [
     [
      27,
      1,
      6
     ],
     [
      28,
      21,
      10
     ],
     [
      49,
      1,
      9
     ],
     [
      66,
      1,
      7
     ],
     [
      67,
      1,
      6
     ],
     [
      68,
      1,
      2
     ],
     [
      69,
      1,
      3
     ],
     [
      70,
      1,
      8
     ],
     [
      71,
      1,
      9
     ],
     [
      79,
      1,
      2
     ],
     [
      161,
      1,
      1
     ],
     [
      162,
      2,
      4
     ],
     [
      165,
      1,
      2
     ],
     [
      166,
      1,
      3
     ],
     [
      167,
      1,
      6
     ],
     [
      168,
      1,
      10
     ],
     [
      169,
      1,
      5
     ],
     [
      172,
      1,
      2
     ],
     [
      173,
      124,
      10
     ],
     [
      297,
      1,
      2
     ]
    ],
    "67": [
     [
      27,
      1,
      2
     ],
     [
      28,
      21,
      10
     ],
     [
      49,
      1,
      4
     ],
     [
      62,
      1,
      2
     ],
     [
      64,
      1,
      1
     ],
     [
      65,
      1,
      9
     ],
     [
      66,
      1,
      4
     ],
     [
      67,
      1,
      5
     ],
     [
      68,
      1,
      10
     ],
     [
      69,
      1,
      6
     ],
     [
      70,
      1,
      4
     ],
     [
      163,
      1,
      2
     ],
     [
      164,
      1,
      5
     ],
     [
      165,
      1,
      6
     ],
     [
      166,
      1,
      8
     ],
     [
      167,
      1,
      9
     ],
     [
      168,
      1,
      6
     ],
     [
      169,
      1,
      1
     ],
     [
      172,
      1,
      5
     ],
     [
      173,
      124,
      10
     ]
    ],
    "68": [
     [
      27,
      1,
      2
     ],
     [
      28,
      21,
      10
     ],
     [
      55,
      1,
      1
     ],
     [
      56,
      1,
      3
     ],
     [
      57,
      1,
      1
     ],
     [
      62,
      1,
      4
     ],
     [
      63,
      3,
      9
     ],
     [
      67,
      1,
      1
     ],
     [
      68,
      1,
      3
     ],
     [
      172,
      1,
      6
     ],
     [
      173,
      123,
      10
     ],
     [
      296,
      1,
      8
     ]
    ],
    "69": [
     [
      27,
      1,
      6
     ],
     [
      28,
      21,
      10
     ],
     [
      49,
      2,
      2
     ],
     [
      51,
      1,
      8
     ],
     [
      52,
      1,
      2
     ],
     [
      55,
      1,
      9
     ],
     [
      56,
      2,
      10
     ],
     [
      58,
      1,
      4
     ],
     [
      61,
      1,
      1
     ],
     [
      62,
      1,
      7
     ],
     [
      63,
      1,
      10
     ],
     [
      64,
      1,
      6
     ],
     [
      172,
      1,
      9
     ],
     [
      173,
      123,
      10
     ],
     [
      296,
      1,
      6
     ]
    ],
    "70": [
     [
      26,
      1,
      1
     ],
     [
      27,
      1,
      8
     ],
     [
      28,
      25,
      10
     ],
     [
      53,
      1,
      8
     ],
     [
      54,
      1,
      6
     ],
     [
      55,
      4,
      10
     ],
     [
      59,
      1,
      9
     ],
     [
      60,
      2,
      6
     ],
     [
      62,
      1,
      4
     ],
     [
      168,
      1,
      2
     ],
     [
      169,
      1,
      5
     ],
     [
      172,
      1,
      8
     ],
     [
      173,
      123,
      10
     ],
     [
      296,
      1,
      4
     ]
    ],
    "71": [
     [
      26,
      1,
      4
     ],
     [
      27,
      34,
      10
     ],
     [
      61,
      1,
      8
     ],
     [
      62,
      1,
      2
     ],
     [
      166,
      1,
      10
     ],
     [
      167,
      1,
      8
     ],
     [
      168,
      1,
      9
     ],
     [
      169,
      1,
      7
     ],
     [
      172,
      1,
      9
     ],
     [
      173,
      123,
      10
     ],
     [
      296,
      1,
      1
     ]
    ],
    "72": [
     [
      26,
      9,
      10
     ],
     [
      35,
      2,
      6
     ],
     [
      37,
      23,
      10
     ],
     [
      60,
      1,
      8
     ],
     [
      61,
      1,
      4
     ],
     [
      165,
      1,
      2
     ],
     [
      166,
      3,
      10
     ],
     [
      169,
      1,
      9
     ],
     [
      172,
      1,
      9
     ],
     [
      173,
      123,
      10
     ]
    ],
    "73": [
     [
      25,
      1,
      2
     ],
     [
      26,
      8,
      10
     ],
     [
      34,
      1,
      4
     ],
     [
      35,
      1,
      1
     ],
     [
      37,
      1,
      1
     ],
     [
      38,
      5,
      10
     ],
     [
      43,
      1,
      5
     ],
     [
      44,
      1,
      3
     ],
     [
      45,
      11,
      10
     ],
     [
      56,
      1,
      9
     ],
     [
      57,
      1,
      5
     ],
     [
      58,
      1,
      3
     ],
     [
      59,
      1,
      9
     ],
     [
      60,
      1,
      1
     ],
     [
      165,
      1,
      3
     ],
     [
      166,
      3,
      10
     ],
     [
      169,
      1,
      9
     ],
     [
      172,
      123,
      10
     ],
     [
      295,
      1,
      7
     ]
    ],
    "74": [
     [
      25,
      1,
      2
     ],
     [
      26,
      8,
      10
     ],
     [
      34,
      1,
      5
     ],
     [
      38,
      1,
      6
     ],
     [
      39,
      3,
      10
     ],
     [
      42,
      1,
      7
     ],
     [
      45,
      1,
      1
     ],
     [
      46,
      1,
      7
     ],
     [
      47,
      8,
      10
     ],
     [
      55,
      1,
      9
     ],
     [
      56,
      1,
      2
     ],
     [
      59,
      1,
      3
     ],
     [
      165,
      1,
      5
     ],
     [
      166,
      3,
      10
     ],
     [
      169,
      1,
      9
     ],
     [
      171,
      1,
      2
     ],
     [
      172,
      123,
      10
     ],
     [
      295,
      1,
      6
     ]
    ],
    "75": [
     [
      25,
      1,
      4
     ],
     [
      26,
      8,
      10
     ],
     [
      34,
      1,
      4
     ],
     [
      35,
      1,
      2
     ],
     [
      36,
      1,
      6
     ],
     [
      37,
      1,
      7
     ],
     [
      38,
      1,
      8
     ],
     [
      39,
      3,
      10
     ],
     [
      42,
      1,
      4
     ],
     [
      46,
      1,
      4
     ],
     [
      47,
      7,
      10
     ],
     [
      54,
      1,
      9
     ],
     [
      55,
      1,
      6
     ],
     [
      168,
      1,
      2
     ],
     [
      169,
      1,
      1
     ],
     [
      171,
      1,
      1
     ],
     [
      172,
      123,
      10
     ],
     [
      295,
      1,
      3
     ]
    ],
    "76": [
     [
      25,
      1,
      2
     ],
     [
      26,
      8,
      10
     ],
     [
      34,
      1,
      3
     ],
     [
      36,
      1,
      3
     ],
     [
      37,
      1,
      5
     ],
     [
      38,
      4,
      10
     ],
     [
      42,
      1,
      4
     ],
     [
      46,
      1,
      7
     ],
     [
      47,
      7,
      10
     ],
     [
      54,
      1,
      2
     ],
     [
      171,
      1,
      4
     ],
     [
      172,
      123,
      10
     ],
     [
      295,
      1,
      1
     ]
    ],
    "77": [
     [
      26,
      1,
      9
     ],
     [
      27,
      7,
      10
     ],
     [
      34,
      1,
      6
     ],
     [
      38,
      1,
      7
     ],
     [
      39,
      3,
      10
     ],
     [
      42,
      1,
      8
     ],
     [
      45,
      1,
      2
     ],
     [
      46,
      2,
      10
     ],
     [
      48,
      1,
      9
     ],
     [
      49,
      1,
      6
     ],
     [
      50,
      1,
      3
     ],
     [
      51,
      1,
      6
     ],
     [
      52,
      1,
      10
     ],
     [
      53,
      1,
      6
     ],
     [
      171,
      1,
      6
     ],
     [
      172,
      123,
      10
     ]
    ],
    "78": [
     [
      26,
      1,
      8
     ],
     [
      27,
      2,
      10
     ],
     [
      29,
      1,
      8
     ],
     [
      30,
      1,
      6
     ],
     [
      31,
      1,
      8
     ],
     [
      32,
      1,
      10
     ],
     [
      33,
      1,
      9
     ],
     [
      38,
      4,
      10
     ],
     [
      42,
      1,
      8
     ],
     [
      46,
      1,
      5
     ],
     [
      47,
      1,
      4
     ],
     [
      51,
      1,
      1
     ],
     [
      52,
      1,
      10
     ],
     [
      53,
      1,
      4
     ],
     [
      171,
      1,
      8
     ],
     [
      172,
      122,
      10
     ],
     [
      294,
      1,
      7
     ]
    ],
    "79": [
     [
      26,
      1,
      9
     ],
     [
      27,
      1,
      10
     ],
     [
      28,
      1,
      2
     ],
     [
      31,
      1,
      2
     ],
     [
      32,
      1,
      10
     ],
     [
      33,
      1,
      8
     ],
     [
      34,
      1,
      1
     ],
     [
      39,
      4,
      10
     ],
     [
      43,
      1,
      2
     ],
     [
      46,
      2,
      1
     ],
     [
      52,
      1,
      4
     ],
     [
      53,
      1,
      1
     ],
     [
      171,
      123,
      10
     ],
     [
      294,
      1,
      4
     ]
    ],
    "80": [
     [
      24,
      2,
      5
     ],
     [
      26,
      2,
      10
     ],
     [
      29,
      1,
      1
     ],
     [
      33,
      1,
      3
     ],
     [
      34,
      1,
      8
     ],
     [
      35,
      1,
      4
     ],
     [
      39,
      2,
      4
     ],
     [
      41,
      1,
      5
     ],
     [
      42,
      1,
      9
     ],
     [
      43,
      1,
      1
     ],
     [
      47,
      1,
      2
     ],
     [
      171,
      1,
      5
     ],
     [
      172,
      122,
      10
     ],
     [
      294,
      1,
      3
     ]
    ],
    "81": [
     [
      24,
      1,
      8
     ],
     [
      25,
      2,
      10
     ],
     [
      27,
      1,
      8
     ],
     [
      33,
      1,
      1
     ],
     [
      34,
      1,
      3
     ],
     [
      42,
      1,
      3
     ],
     [
      53,
      1,
      2
     ],
     [
      54,
      1,
      1
     ],
     [
      170,
      1,
      1
     ],
     [
      171,
      1,
      5
     ],
     [
      172,
      122,
      10
     ]
    ],
    "82": [
     [
      24,
      2,
      10
     ],
     [
      26,
      1,
      6
     ],
     [
      170,
      1,
      3
     ],
     [
      171,
      122,
      10
     ],
     [
      293,
      1,
      9
     ]
    ],
    "83": [
     [
      23,
      1,
      2
     ],
     [
      24,
      1,
      9
     ],
     [
      25,
      1,
      10
     ],
     [
      26,
      1,
      1
     ],
     [
      36,
      2,
      2
     ],
     [
      42,
      1,
      4
     ],
     [
      43,
      1,
      6
     ],
     [
      170,
      1,
      7
     ],
     [
      171,
      122,
      10
     ],
     [
      293,
      1,
      7
     ]
    ],
    "84": [
     [
      25,
      1,
      1
     ],
     [
      36,
      2,
      7
     ],
     [
      38,
      1,
      3
     ],
     [
      42,
      1,
      1
     ],
     [
      43,
      1,
      7
     ],
     [
      170,
      1,
      8
     ],
     [
      171,
      122,
      10
     ],
     [
      293,
      1,
      4
     ]
    ],
    "85": [
     [
      38,
      2,
      4
     ],
     [
      43,
      1,
      10
     ],
     [
      44,
      1,
      9
     ],
     [
      165,
      1,
      3
     ],
     [
      170,
      123,
      10
     ],
     [
      293,
      1,
      3
     ]
    ],
    "86": [
     [
      38,
      1,
      8
     ],
     [
      39,
      1,
      10
     ],
     [
      40,
      1,
      1
     ],
     [
      42,
      1,
      1
     ],
     [
      43,
      2,
      10
     ],
     [
      45,
      1,
      6
     ],
     [
      162,
      1,
      2
     ],
     [
      163,
      1,
      9
     ],
     [
      164,
      3,
      10
     ],
     [
      167,
      1,
      3
     ],
     [
      169,
      1,
      2
     ],
     [
      170,
      123,
      10
     ]
    ],
    "87": [
     [
      37,
      1,
      3
     ],
     [
      38,
      2,
      10
     ],
     [
      40,
      2,
      6
     ],
     [
      42,
      1,
      9
     ],
     [
      43,
      3,
      10
     ],
     [
      46,
      1,
      1
     ],
     [
      160,
      1,
      5
     ],
     [
      161,
      1,
      9
     ],
     [
      162,
      5,
      10
     ],
     [
      167,
      1,
      6
     ],
     [
      169,
      1,
      6
     ],
     [
      170,
      122,
      10
     ],
     [
      292,
      1,
      8
     ]
    ],
    "88": [
     [
      37,
      1,
      2
     ],
     [
      38,
      1,
      4
     ],
     [
      39,
      1,
      5
     ],
     [
      42,
      4,
      10
     ],
     [
      56,
      1,
      1
     ],
     [
      57,
      1,
      2
     ],
     [
      159,
      1,
      6
     ],
     [
      160,
      132,
      10
     ],
     [
      292,
      1,
      7
     ]
    ],
    "89": [
     [
      42,
      1,
      5
     ],
     [
      43,
      3,
      10
     ],
     [
      46,
      1,
      7
     ],
     [
      54,
      1,
      6
     ],
     [
      55,
      1,
      2
     ],
     [
      56,
      1,
      10
     ],
     [
      57,
      1,
      7
     ],
     [
      158,
      1,
      5
     ],
     [
      159,
      133,
      10
     ],
     [
      292,
      1,
      4
     ]
    ],
    "90": [
     [
      42,
      1,
      1
     ],
     [
      43,
      4,
      10
     ],
     [
      47,
      1,
      7
     ],
     [
      48,
      1,
      6
     ],
     [
      53,
      1,
      6
     ],
     [
      54,
      3,
      10
     ],
     [
      57,
      1,
      6
     ],
     [
      156,
      1,
      1
     ],
     [
      157,
      1,
      6
     ],
     [
      158,
      134,
      10
     ],
     [
      292,
      1,
      2
     ]
    ],
    "91": [
     [
      42,
      1,
      2
     ],
     [
      43,
      1,
      7
     ],
     [
      44,
      5,
      10
     ],
     [
      49,
      1,
      2
     ],
     [
      52,
      1,
      1
     ],
     [
      53,
      3,
      10
     ],
     [
      56,
      1,
      8
     ],
     [
      57,
      1,
      1
     ],
     [
      155,
      1,
      1
     ],
     [
      156,
      1,
      7
     ],
     [
      157,
      11,
      10
     ],
     [
      168,
      1,
      5
     ],
     [
      169,
      1,
      2
     ],
     [
      170,
      122,
      10
     ]
    ],
    "92": [
     [
      27,
      1,
      1
     ],
     [
      45,
      1,
      5
     ],
     [
      46,
      2,
      10
     ],
     [
      48,
      2,
      7
     ],
     [
      50,
      1,
      3
     ],
     [
      53,
      1,
      3
     ],
     [
      54,
      2,
      10
     ],
     [
      56,
      1,
      3
     ],
     [
      154,
      1,
      1
     ],
     [
      155,
      12,
      10
     ],
     [
      168,
      1,
      1
     ],
     [
      169,
      1,
      2
     ],
     [
      170,
      121,
      10
     ],
     [
      291,
      1,
      8
     ]
    ],
    "93": [
     [
      40,
      1,
      1
     ],
     [
      45,
      1,
      3
     ],
     [
      46,
      2,
      10
     ],
     [
      48,
      1,
      2
     ],
     [
      50,
      1,
      9
     ],
     [
      51,
      1,
      5
     ],
     [
      52,
      1,
      3
     ],
     [
      53,
      1,
      6
     ],
     [
      54,
      2,
      10
     ],
     [
      56,
      1,
      8
     ],
     [
      154,
      1,
      9
     ],
     [
      155,
      11,
      10
     ],
     [
      166,
      1,
      9
     ],
     [
      167,
      1,
      7
     ],
     [
      168,
      1,
      6
     ],
     [
      169,
      122,
      10
     ],
     [
      291,
      1,
      7
     ]
    ],
    "94": [
     [
      39,
      1,
      3
     ],
     [
      40,
      1,
      4
     ],
     [
      45,
      1,
      6
     ],
     [
      46,
      2,
      10
     ],
     [
      48,
      1,
      8
     ],
     [
      49,
      1,
      6
     ],
     [
      50,
      6,
      10
     ],
     [
      56,
      1,
      9
     ],
     [
      152,
      1,
      1
     ],
     [
      153,
      1,
      8
     ],
     [
      154,
      137,
      10
     ],
     [
      291,
      1,
      3
     ]
    ],
    "95": [
     [
      39,
      1,
      2
     ],
     [
      40,
      1,
      4
     ],
     [
      45,
      1,
      5
     ],
     [
      46,
      10,
      10
     ],
     [
      56,
      1,
      8
     ],
     [
      151,
      1,
      3
     ],
     [
      152,
      1,
      9
     ],
     [
      153,
      138,
      10
     ],
     [
      291,
      1,
      2
     ]
    ],
    "96": [
     [
      45,
      1,
      6
     ],
     [
      46,
      1,
      10
     ],
     [
      47,
      1,
      7
     ],
     [
      48,
      1,
      3
     ],
     [
      50,
      1,
      1
     ],
     [
      51,
      1,
      10
     ],
     [
      52,
      1,
      9
     ],
     [
      53,
      1,
      8
     ],
     [
      54,
      2,
      10
     ],
     [
      56,
      1,
      6
     ],
     [
      150,
      1,
      4
     ],
     [
      151,
      140,
      10
     ]
    ],
    "97": [
     [
      40,
      1,
      1
     ],
     [
      46,
      1,
      1
     ],
     [
      49,
      1,
      4
     ],
     [
      50,
      1,
      8
     ],
     [
      51,
      1,
      10
     ],
     [
      52,
      1,
      2
     ],
     [
      54,
      1,
      4
     ],
     [
      55,
      1,
      10
     ],
     [
      56,
      1,
      7
     ],
     [
      149,
      1,
      3
     ],
     [
      150,
      140,
      10
     ],
     [
      290,
      1,
      8
     ]
    ],
    "98": [
     [
      40,
      1,
      5
     ],
     [
      49,
      1,
      7
     ],
     [
      50,
      1,
      8
     ],
     [
      51,
      1,
      3
     ],
     [
      54,
      1,
      6
     ],
     [
      55,
      1,
      10
     ],
     [
      56,
      1,
      4
     ],
     [
      148,
      1,
      4
     ],
     [
      149,
      141,
      10
     ],
     [
      290,
      1,
      6
     ]
    ],
    "99": [
     [
      39,
      1,
      3
     ],
     [
      40,
      1,
      6
     ],
     [
      54,
      2,
      10
     ],
     [
      56,
      1,
      5
     ],
     [
      147,
      1,
      3
     ],
     [
      148,
      32,
      10
     ],
     [
      180,
      1,
      7
     ],
     [
      181,
      3,
      4
     ],
     [
      184,
      2,
      1
     ],
     [
      186,
      1,
      3
     ],
     [
      187,
      1,
      2
     ],
     [
      188,
      1,
      8
     ],
     [
      189,
      101,
      10
     ],
     [
      290,
      1,
      3
     ]
    ],
    "100": [
     [
      40,
      1,
      2
     ],
     [
      53,
      1,
      2
     ],
     [
      54,
      1,
      3
     ],
     [
      55,
      1,
      4
     ],
     [
      147,
      1,
      6
     ],
     [
      148,
      32,
      10
     ],
     [
      180,
      1,
      1
     ],
     [
      190,
      2,
      5
     ],
     [
      192,
      1,
      7
     ],
     [
      193,
      97,
      10
     ],
     [
      290,
      1,
      1
     ]
    ],
    "101": [
     [
      39,
      1,
      2
     ],
     [
      40,
      1,
      8
     ],
     [
      147,
      1,
      4
     ],
     [
      148,
      32,
      10
     ],
     [
      193,
      1,
      6
     ],
     [
      194,
      96,
      10
     ]
    ],
    "102": [
     [
      32,
      1,
      4
     ],
     [
      40,
      1,
      8
     ],
     [
      147,
      1,
      6
     ],
     [
      148,
      32,
      10
     ],
     [
      180,
      1,
      3
     ],
     [
      194,
      1,
      3
     ],
     [
      195,
      94,
      10
     ],
     [
      289,
      1,
      7
     ]
    ],
    "103": [
     [
      40,
      1,
      2
     ],
     [
      41,
      1,
      4
     ],
     [
      147,
      1,
      4
     ],
     [
      148,
      32,
      10
     ],
     [
      180,
      1,
      8
     ],
     [
      195,
      1,
      1
     ],
     [
      196,
      1,
      8
     ],
     [
      197,
      92,
      10
     ],
     [
      289,
      1,
      5
     ]
    ],
    "104": [
     [
      40,
      2,
      6
     ],
     [
      56,
      1,
      4
     ],
     [
      57,
      1,
      1
     ],
     [
      147,
      1,
      7
     ],
     [
      148,
      32,
      10
     ],
     [
      180,
      1,
      8
     ],
     [
      197,
      1,
      7
     ],
     [
      198,
      1,
      9
     ],
     [
      199,
      90,
      10
     ],
     [
      289,
      1,
      4
     ]
    ],
    "105": [
     [
      52,
      1,
      2
     ],
     [
      53,
      1,
      3
     ],
     [
      54,
      1,
      4
     ],
     [
      55,
      1,
      3
     ],
     [
      56,
      1,
      10
     ],
     [
      57,
      1,
      9
     ],
     [
      58,
      1,
      2
     ],
     [
      147,
      1,
      9
     ],
     [
      148,
      15,
      10
     ],
     [
      163,
      1,
      6
     ],
     [
      165,
      1,
      5
     ],
     [
      166,
      15,
      10
     ],
     [
      198,
      1,
      1
     ],
     [
      199,
      1,
      9
     ],
     [
      200,
      89,
      10
     ]
    ],
    "106": [
     [
      41,
      1,
      1
     ],
     [
      42,
      1,
      4
     ],
     [
      43,
      1,
      6
     ],
     [
      44,
      1,
      3
     ],
     [
      50,
      1,
      5
     ],
     [
      51,
      7,
      10
     ],
     [
      58,
      1,
      9
     ],
     [
      59,
      1,
      4
     ],
     [
      146,
      1,
      5
     ],
     [
      147,
      16,
      10
     ],
     [
      163,
      1,
      7
     ],
     [
      164,
      1,
      4
     ],
     [
      165,
      1,
      7
     ],
     [
      166,
      15,
      10
     ],
     [
      181,
      1,
      2
     ],
     [
      200,
      88,
      10
     ],
     [
      288,
      1,
      9
     ]
    ],
    "107": [
     [
      41,
      1,
      9
     ],
     [
      42,
      2,
      10
     ],
     [
      44,
      1,
      9
     ],
     [
      49,
      1,
      4
     ],
     [
      50,
      5,
      10
     ],
     [
      55,
      1,
      4
     ],
     [
      57,
      1,
      3
     ],
     [
      58,
      1,
      8
     ],
     [
      59,
      1,
      10
     ],
     [
      60,
      1,
      7
     ],
     [
      146,
      1,
      9
     ],
     [
      147,
      34,
      10
     ],
     [
      181,
      1,
      5
     ],
     [
      200,
      88,
      10
     ],
     [
      288,
      1,
      7
     ]
    ],
    "108": [
     [
      40,
      1,
      1
     ],
     [
      41,
      3,
      10
     ],
     [
      44,
      1,
      9
     ],
     [
      49,
      1,
      9
     ],
     [
      50,
      3,
      10
     ],
     [
      53,
      1,
      7
     ],
     [
      58,
      1,
      4
     ],
     [
      59,
      1,
      10
     ],
     [
      60,
      1,
      3
     ],
     [
      145,
      1,
      8
     ],
     [
      146,
      35,
      10
     ],
     [
      181,
      1,
      9
     ],
     [
      199,
      1,
      3
     ],
     [
      200,
      1,
      9
     ],
     [
      201,
      87,
      10
     ],
     [
      288,
      1,
      6
     ]
    ],
    "109": [
     [
      40,
      1,
      5
     ],
     [
      41,
      4,
      10
     ],
     [
      48,
      1,
      1
     ],
     [
      49,
      4,
      10
     ],
     [
      58,
      1,
      8
     ],
     [
      59,
      1,
      6
     ],
     [
      144,
      1,
      6
     ],
     [
      145,
      37,
      10
     ],
     [
      182,
      1,
      5
     ],
     [
      200,
      1,
      1
     ],
     [
      201,
      1,
      6
     ],
     [
      202,
      86,
      10
     ],
     [
      288,
      1,
      3
     ]
    ],
    "110": [
     [
      40,
      1,
      7
     ],
     [
      41,
      4,
      10
     ],
     [
      45,
      1,
      6
     ],
     [
      48,
      1,
      3
     ],
     [
      49,
      3,
      10
     ],
     [
      52,
      1,
      9
     ],
     [
      58,
      1,
      10
     ],
     [
      59,
      1,
      1
     ],
     [
      142,
      1,
      3
     ],
     [
      143,
      1,
      9
     ],
     [
      144,
      38,
      10
     ],
     [
      182,
      1,
      9
     ],
     [
      202,
      1,
      6
     ],
     [
      203,
      85,
      10
     ]
    ],
    "111": [
     [
      23,
      1,
      3
     ],
     [
      36,
      1,
      1
     ],
     [
      39,
      1,
      1
     ],
     [
      40,
      1,
      9
     ],
     [
      41,
      5,
      10
     ],
     [
      46,
      1,
      8
     ],
     [
      47,
      1,
      6
     ],
     [
      48,
      1,
      4
     ],
     [
      49,
      1,
      8
     ],
     [
      50,
      3,
      10
     ],
     [
      53,
      1,
      1
     ],
     [
      57,
      1,
      2
     ],
     [
      58,
      1,
      10
     ],
     [
      141,
      1,
      3
     ],
     [
      142,
      41,
      10
     ],
     [
      183,
      1,
      7
     ],
     [
      203,
      1,
      8
     ],
     [
      204,
      83,
      10
     ],
     [
      287,
      1,
      9
     ]
    ],
    "112": [
     [
      36,
      1,
      2
     ],
     [
      39,
      1,
      3
     ],
     [
      40,
      5,
      10
     ],
     [
      45,
      1,
      9
     ],
     [
      46,
      2,
      7
     ],
     [
      49,
      1,
      3
     ],
     [
      50,
      4,
      10
     ],
     [
      54,
      1,
      1
     ],
     [
      58,
      1,
      10
     ],
     [
      59,
      1,
      1
     ],
     [
      139,
      1,
      3
     ],
     [
      140,
      1,
      7
     ],
     [
      141,
      43,
      10
     ],
     [
      184,
      1,
      5
     ],
     [
      203,
      1,
      1
     ],
     [
      204,
      1,
      9
     ],
     [
      205,
      82,
      10
     ],
     [
      287,
      1,
      7
     ]
    ],
    "113": [
     [
      30,
      1,
      1
     ],
     [
      31,
      2,
      2
     ],
     [
      36,
      1,
      1
     ],
     [
      37,
      2,
      4
     ],
     [
      39,
      4,
      10
     ],
     [
      43,
      1,
      9
     ],
     [
      44,
      1,
      7
     ],
     [
      45,
      1,
      2
     ],
     [
      47,
      1,
      7
     ],
     [
      49,
      1,
      5
     ],
     [
      50,
      4,
      10
     ],
     [
      57,
      1,
      2
     ],
     [
      58,
      1,
      9
     ],
     [
      59,
      1,
      7
     ],
     [
      60,
      1,
      4
     ],
     [
      61,
      1,
      1
     ],
     [
      139,
      1,
      9
     ],
     [
      140,
      44,
      10
     ],
     [
      184,
      1,
      9
     ],
     [
      185,
      1,
      1
     ],
     [
      204,
      1,
      3
     ],
     [
      205,
      1,
      9
     ],
     [
      206,
      81,
      10
     ],
     [
      287,
      1,
      3
     ]
    ],
    "114": [
     [
      30,
      1,
      1
     ],
     [
      36,
      1,
      1
     ],
     [
      37,
      1,
      7
     ],
     [
      38,
      5,
      10
     ],
     [
      43,
      1,
      5
     ],
     [
      49,
      1,
      4
     ],
     [
      50,
      3,
      10
     ],
     [
      53,
      1,
      9
     ],
     [
      58,
      1,
      5
     ],
     [
      59,
      2,
      10
     ],
     [
      61,
      1,
      6
     ],
     [
      138,
      1,
      4
     ],
     [
      139,
      46,
      10
     ],
     [
      185,
      1,
      7
     ],
     [
      205,
      1,
      4
     ],
     [
      206,
      1,
      9
     ],
     [
      207,
      80,
      10
     ],
     [
      287,
      1,
      2
     ]
    ],
    "115": [
     [
      38,
      1,
      2
     ],
     [
      39,
      4,
      10
     ],
     [
      43,
      1,
      8
     ],
     [
      44,
      1,
      4
     ],
     [
      48,
      1,
      4
     ],
     [
      49,
      1,
      2
     ],
     [
      50,
      1,
      8
     ],
     [
      51,
      2,
      10
     ],
     [
      53,
      1,
      9
     ],
     [
      59,
      1,
      4
     ],
     [
      60,
      1,
      9
     ],
     [
      61,
      1,
      8
     ],
     [
      62,
      1,
      5
     ],
     [
      138,
      1,
      3
     ],
     [
      139,
      47,
      10
     ],
     [
      186,
      1,
      2
     ],
     [
      206,
      1,
      2
     ],
     [
      207,
      80,
      10
     ]
    ],
    "116": [
     [
      36,
      1,
      6
     ],
     [
      37,
      2,
      8
     ],
     [
      39,
      5,
      10
     ],
     [
      44,
      1,
      4
     ],
     [
      46,
      1,
      1
     ],
     [
      50,
      1,
      8
     ],
     [
      51,
      2,
      10
     ],
     [
      53,
      1,
      5
     ],
     [
      62,
      1,
      2
     ],
     [
      138,
      1,
      1
     ],
     [
      139,
      17,
      10
     ],
     [
      156,
      1,
      9
     ],
     [
      157,
      1,
      7
     ],
     [
      158,
      1,
      8
     ],
     [
      159,
      27,
      10
     ],
     [
      186,
      1,
      9
     ],
     [
      187,
      1,
      1
     ],
     [
      199,
      1,
      1
     ],
     [
      200,
      1,
      3
     ],
     [
      207,
      1,
      3
     ],
     [
      208,
      78,
      10
     ],
     [
      286,
      1,
      8
     ]
    ],
    "117": [
     [
      35,
      1,
      3
     ],
     [
      36,
      8,
      10
     ],
     [
      44,
      1,
      2
     ],
     [
      51,
      1,
      7
     ],
     [
      52,
      1,
      8
     ],
     [
      138,
      1,
      3
     ],
     [
      139,
      17,
      10
     ],
     [
      156,
      1,
      3
     ],
     [
      158,
      1,
      4
     ],
     [
      159,
      28,
      10
     ],
     [
      187,
      1,
      4
     ],
     [
      208,
      1,
      8
     ],
     [
      209,
      77,
      10
     ],
     [
      286,
      1,
      9
     ]
    ],
    "118": [
     [
      35,
      1,
      4
     ],
     [
      36,
      2,
      10
     ],
     [
      38,
      1,
      7
     ],
     [
      39,
      1,
      10
     ],
     [
      40,
      1,
      5
     ],
     [
      41,
      1,
      6
     ],
     [
      42,
      2,
      10
     ],
     [
      44,
      1,
      2
     ],
     [
      51,
      2,
      3
     ],
     [
      138,
      1,
      8
     ],
     [
      139,
      17,
      10
     ],
     [
      156,
      1,
      7
     ],
     [
      157,
      1,
      6
     ],
     [
      158,
      1,
      9
     ],
     [
      159,
      28,
      10
     ],
     [
      187,
      1,
      8
     ],
     [
      208,
      78,
      10
     ],
     [
      286,
      1,
      8
     ]
    ],
    "119": [
     [
      37,
      1,
      1
     ],
     [
      39,
      1,
      2
     ],
     [
      40,
      1,
      3
     ],
     [
      41,
      1,
      1
     ],
     [
      43,
      1,
      4
     ],
     [
      51,
      1,
      6
     ],
     [
      52,
      1,
      1
     ],
     [
      138,
      1,
      9
     ],
     [
      139,
      49,
      10
     ],
     [
      208,
      1,
      6
     ],
     [
      209,
      77,
      10
     ],
     [
      286,
      1,
      6
     ]
    ],
    "120": [
     [
      35,
      1,
      1
     ],
     [
      40,
      2,
      3
     ],
     [
      138,
      49,
      10
     ],
     [
      187,
      1,
      9
     ],
     [
      188,
      1,
      3
     ],
     [
      208,
      1,
      2
     ],
     [
      209,
      77,
      10
     ],
     [
      286,
      1,
      3
     ]
    ],
    "121": [
     [
      34,
      1,
      1
     ],
     [
      40,
      1,
      5
     ],
     [
      41,
      1,
      7
     ],
     [
      137,
      1,
      5
     ],
     [
      138,
      50,
      10
     ],
     [
      188,
      1,
      4
     ],
     [
      209,
      1,
      3
     ],
     [
      210,
      76,
      10
     ],
     [
      286,
      1,
      1
     ]
    ],
    "122": [
     [
      32,
      1,
      4
     ],
     [
      33,
      1,
      9
     ],
     [
      34,
      1,
      4
     ],
     [
      37,
      1,
      10
     ],
     [
      38,
      1,
      6
     ],
     [
      41,
      2,
      1
     ],
     [
      49,
      1,
      1
     ],
     [
      137,
      1,
      4
     ],
     [
      138,
      50,
      10
     ],
     [
      188,
      1,
      6
     ],
     [
      210,
      1,
      7
     ],
     [
      211,
      75,
      10
     ]
    ],
    "123": [
     [
      31,
      1,
      8
     ],
     [
      32,
      1,
      10
     ],
     [
      33,
      1,
      9
     ],
     [
      34,
      1,
      1
     ],
     [
      36,
      1,
      4
     ],
     [
      37,
      1,
      10
     ],
     [
      38,
      1,
      7
     ],
     [
      39,
      1,
      4
     ],
     [
      40,
      1,
      5
     ],
     [
      41,
      1,
      7
     ],
     [
      42,
      1,
      6
     ],
     [
      48,
      1,
      1
     ],
     [
      49,
      1,
      6
     ],
     [
      137,
      1,
      2
     ],
     [
      138,
      49,
      10
     ],
     [
      187,
      1,
      4
     ],
     [
      188,
      1,
      1
     ],
     [
      210,
      1,
      1
     ],
     [
      211,
      1,
      9
     ],
     [
      212,
      73,
      10
     ],
     [
      285,
      1,
      7
     ]
    ],
    "124": [
     [
      27,
      1,
      1
     ],
     [
      28,
      2,
      10
     ],
     [
      30,
      1,
      8
     ],
     [
      31,
      2,
      10
     ],
     [
      33,
      1,
      9
     ],
     [
      34,
      1,
      6
     ],
     [
      35,
      1,
      4
     ],
     [
      36,
      1,
      9
     ],
     [
      37,
      4,
      10
     ],
     [
      41,
      1,
      6
     ],
     [
      43,
      1,
      3
     ],
     [
      48,
      1,
      8
     ],
     [
      49,
      1,
      9
     ],
     [
      138,
      1,
      5
     ],
     [
      139,
      43,
      10
     ],
     [
      182,
      1,
      9
     ],
     [
      183,
      1,
      10
     ],
     [
      184,
      1,
      9
     ],
     [
      185,
      1,
      1
     ],
     [
      211,
      1,
      3
     ],
     [
      212,
      1,
      9
     ],
     [
      213,
      72,
      10
     ],
     [
      285,
      1,
      4
     ]
    ],
    "125": [
     [
      27,
      1,
      10
     ],
     [
      28,
      3,
      3
     ],
     [
      31,
      1,
      10
     ],
     [
      32,
      1,
      9
     ],
     [
      33,
      1,
      5
     ],
     [
      34,
      1,
      6
     ],
     [
      35,
      1,
      5
     ],
     [
      36,
      2,
      9
     ],
     [
      39,
      1,
      6
     ],
     [
      40,
      1,
      10
     ],
     [
      41,
      1,
      5
     ],
     [
      43,
      1,
      6
     ],
     [
      44,
      1,
      1
     ],
     [
      47,
      1,
      4
     ],
     [
      48,
      2,
      10
     ],
     [
      50,
      1,
      4
     ],
     [
      139,
      1,
      9
     ],
     [
      140,
      21,
      10
     ],
     [
      161,
      1,
      9
     ],
     [
      162,
      1,
      1
     ],
     [
      165,
      1,
      4
     ],
     [
      166,
      8,
      10
     ],
     [
      174,
      1,
      8
     ],
     [
      175,
      3,
      4
     ],
     [
      178,
      1,
      5
     ],
     [
      179,
      1,
      6
     ],
     [
      180,
      1,
      4
     ],
     [
      181,
      1,
      5
     ],
     [
      212,
      1,
      3
     ],
     [
      213,
      72,
      10
     ],
     [
      285,
      1,
      4
     ]
    ],
    "126": [
     [
      26,
      1,
      4
     ],
     [
      27,
      1,
      5
     ],
     [
      31,
      1,
      8
     ],
     [
      32,
      1,
      1
     ],
     [
      37,
      1,
      9
     ],
     [
      38,
      1,
      2
     ],
     [
      39,
      1,
      5
     ],
     [
      40,
      1,
      3
     ],
     [
      43,
      1,
      2
     ],
     [
      47,
      1,
      6
     ],
     [
      48,
      3,
      10
     ],
     [
      51,
      1,
      2
     ],
     [
      139,
      1,
      9
     ],
     [
      140,
      20,
      10
     ],
     [
      160,
      1,
      9
     ],
     [
      165,
      1,
      2
     ],
     [
      166,
      1,
      8
     ],
     [
      167,
      7,
      10
     ],
     [
      174,
      1,
      3
     ],
     [
      213,
      1,
      4
     ],
     [
      214,
      71,
      10
     ]
    ],
    "127": [
     [
      26,
      1,
      4
     ],
     [
      27,
      1,
      2
     ],
     [
      36,
      1,
      2
     ],
     [
      37,
      1,
      9
     ],
     [
      38,
      2,
      10
     ],
     [
      40,
      1,
      5
     ],
     [
      45,
      1,
      1
     ],
     [
      46,
      1,
      8
     ],
     [
      47,
      1,
      9
     ],
     [
      48,
      3,
      10
     ],
     [
      51,
      1,
      9
     ],
     [
      139,
      21,
      10
     ],
     [
      160,
      1,
      6
     ],
     [
      166,
      1,
      4
     ],
     [
      167,
      3,
      6
     ],
     [
      170,
      2,
      7
     ],
     [
      172,
      2,
      10
     ],
     [
      174,
      1,
      6
     ],
     [
      213,
      1,
      1
     ],
     [
      214,
      1,
      7
     ],
     [
      215,
      70,
      10
     ]
    ],
    "128": [
     [
      37,
      1,
      4
     ],
     [
      38,
      1,
      7
     ],
     [
      45,
      1,
      7
     ],
     [
      46,
      1,
      9
     ],
     [
      47,
      5,
      10
     ],
     [
      52,
      1,
      6
     ],
     [
      138,
      1,
      1
     ],
     [
      139,
      21,
      10
     ],
     [
      160,
      1,
      6
     ],
     [
      174,
      1,
      2
     ],
     [
      215,
      1,
      7
     ],
     [
      216,
      68,
      10
     ],
     [
      284,
      1,
      6
     ]
    ],
    "129": [
     [
      24,
      1,
      4
     ],
     [
      46,
      1,
      7
     ],
     [
      47,
      5,
      10
     ],
     [
      52,
      1,
      9
     ],
     [
      53,
      1,
      1
     ],
     [
      138,
      1,
      6
     ],
     [
      139,
      21,
      10
     ],
     [
      160,
      1,
      2
     ],
     [
      215,
      1,
      1
     ],
     [
      216,
      1,
      9
     ],
     [
      217,
      67,
      10
     ],
     [
      284,
      1,
      4
     ]
    ],
    "130": [
     [
      23,
      1,
      3
     ],
     [
      24,
      1,
      1
     ],
     [
      36,
      1,
      1
     ],
     [
      45,
      1,
      7
     ],
     [
      46,
      7,
      10
     ],
     [
      53,
      1,
      7
     ],
     [
      138,
      1,
      7
     ],
     [
      139,
      19,
      10
     ],
     [
      158,
      1,
      8
     ],
     [
      159,
      1,
      6
     ],
     [
      216,
      1,
      3
     ],
     [
      217,
      1,
      8
     ],
     [
      218,
      66,
      10
     ],
     [
      284,
      1,
      3
     ]
    ],
    "131": [
     [
      45,
      9,
      10
     ],
     [
      54,
      1,
      2
     ],
     [
      138,
      1,
      9
     ],
     [
      139,
      18,
      10
     ],
     [
      157,
      1,
      8
     ],
     [
      217,
      1,
      1
     ],
     [
      218,
      1,
      8
     ],
     [
      219,
      65,
      10
     ]
    ],
    "132": [
     [
      44,
      1,
      6
     ],
     [
      45,
      9,
      10
     ],
     [
      54,
      1,
      6
     ],
     [
      138,
      1,
      7
     ],
     [
      139,
      16,
      10
     ],
     [
      155,
      1,
      9
     ],
     [
      156,
      1,
      6
     ],
     [
      157,
      1,
      1
     ],
     [
      219,
      1,
      6
     ],
     [
      220,
      63,
      10
     ],
     [
      283,
      1,
      9
     ]
    ],
    "133": [
     [
      40,
      1,
      2
     ],
     [
      41,
      1,
      4
     ],
     [
      42,
      1,
      3
     ],
     [
      43,
      1,
      5
     ],
     [
      44,
      1,
      9
     ],
     [
      45,
      5,
      10
     ],
     [
      50,
      1,
      8
     ],
     [
      51,
      1,
      3
     ],
     [
      52,
      1,
      4
     ],
     [
      53,
      1,
      8
     ],
     [
      54,
      1,
      10
     ],
     [
      55,
      1,
      1
     ],
     [
      137,
      1,
      1
     ],
     [
      138,
      15,
      10
     ],
     [
      153,
      1,
      6
     ],
     [
      154,
      1,
      1
     ],
     [
      220,
      1,
      2
     ],
     [
      221,
      1,
      8
     ],
     [
      222,
      1,
      9
     ],
     [
      223,
      60,
      10
     ],
     [
      283,
      1,
      7
     ]
    ],
    "134": [
     [
      41,
      1,
      3
     ],
     [
      42,
      1,
      6
     ],
     [
      43,
      7,
      10
     ],
     [
      53,
      2,
      10
     ],
     [
      55,
      1,
      9
     ],
     [
      56,
      1,
      4
     ],
     [
      137,
      1,
      9
     ],
     [
      138,
      15,
      10
     ],
     [
      222,
      1,
      2
     ],
     [
      223,
      1,
      8
     ],
     [
      224,
      59,
      10
     ],
     [
      283,
      1,
      4
     ]
    ],
    "135": [
     [
      42,
      1,
      3
     ],
     [
      43,
      1,
      9
     ],
     [
      44,
      6,
      10
     ],
     [
      53,
      1,
      9
     ],
     [
      54,
      3,
      10
     ],
     [
      57,
      1,
      5
     ],
     [
      58,
      1,
      1
     ],
     [
      136,
      1,
      7
     ],
     [
      137,
      10,
      10
     ],
     [
      147,
      1,
      9
     ],
     [
      148,
      1,
      4
     ],
     [
      149,
      1,
      5
     ],
     [
      150,
      1,
      9
     ],
     [
      151,
      1,
      10
     ],
     [
      152,
      1,
      5
     ],
     [
      223,
      1,
      4
     ],
     [
      224,
      59,
      10
     ],
     [
      283,
      1,
      2
     ]
    ],
    "136": [
     [
      43,
      1,
      2
     ],
     [
      44,
      1,
      7
     ],
     [
      45,
      1,
      9
     ],
     [
      46,
      1,
      10
     ],
     [
      47,
      1,
      7
     ],
     [
      48,
      3,
      1
     ],
     [
      51,
      1,
      3
     ],
     [
      52,
      1,
      2
     ],
     [
      53,
      5,
      10
     ],
     [
      58,
      1,
      8
     ],
     [
      59,
      1,
      1
     ],
     [
      135,
      1,
      8
     ],
     [
      136,
      10,
      10
     ],
     [
      146,
      1,
      9
     ],
     [
      147,
      1,
      1
     ],
     [
      150,
      1,
      4
     ],
     [
      151,
      1,
      3
     ],
     [
      214,
      1,
      1
     ],
     [
      217,
      1,
      2
     ],
     [
      223,
      1,
      1
     ],
     [
      224,
      1,
      5
     ],
     [
      225,
      1,
      9
     ],
     [
      226,
      57,
      10
     ]
    ],
    "137": [
     [
      45,
      1,
      2
     ],
     [
      46,
      1,
      5
     ],
     [
      47,
      1,
      4
     ],
     [
      51,
      7,
      10
     ],
     [
      58,
      1,
      7
     ],
     [
      59,
      1,
      1
     ],
     [
      135,
      10,
      10
     ],
     [
      145,
      1,
      9
     ],
     [
      223,
      1,
      1
     ],
     [
      225,
      1,
      1
     ],
     [
      226,
      1,
      6
     ],
     [
      227,
      55,
      10
     ],
     [
      282,
      1,
      8
     ]
    ],
    "138": [
     [
      47,
      1,
      4
     ],
     [
      51,
      1,
      8
     ],
     [
      52,
      6,
      10
     ],
     [
      58,
      1,
      5
     ],
     [
      134,
      1,
      3
     ],
     [
      135,
      10,
      10
     ],
     [
      145,
      1,
      3
     ],
     [
      227,
      1,
      2
     ],
     [
      228,
      1,
      7
     ],
     [
      229,
      53,
      10
     ],
     [
      282,
      1,
      6
     ]
    ],
    "139": [
     [
      45,
      1,
      3
     ],
     [
      46,
      1,
      7
     ],
     [
      47,
      1,
      2
     ],
     [
      52,
      1,
      7
     ],
     [
      53,
      5,
      10
     ],
     [
      58,
      1,
      7
     ],
     [
      59,
      1,
      2
     ],
     [
      133,
      1,
      5
     ],
     [
      134,
      10,
      10
     ],
     [
      144,
      1,
      8
     ],
     [
      229,
      1,
      3
     ],
     [
      230,
      1,
      9
     ],
     [
      231,
      51,
      10
     ],
     [
      282,
      1,
      3
     ]
    ],
    "140": [
     [
      46,
      1,
      10
     ],
     [
      53,
      1,
      9
     ],
     [
      54,
      6,
      10
     ],
     [
      60,
      1,
      3
     ],
     [
      131,
      1,
      3
     ],
     [
      132,
      1,
      7
     ],
     [
      133,
      7,
      10
     ],
     [
      140,
      1,
      9
     ],
     [
      141,
      1,
      2
     ],
     [
      142,
      1,
      6
     ],
     [
      143,
      1,
      10
     ],
     [
      144,
      1,
      2
     ],
     [
      231,
      1,
      1
     ],
     [
      232,
      1,
      7
     ],
     [
      233,
      49,
      10
     ],
     [
      282,
      1,
      2
     ]
    ],
    "141": [
     [
      45,
      1,
      5
     ],
     [
      46,
      1,
      4
     ],
     [
      47,
      1,
      1
     ],
     [
      52,
      1,
      1
     ],
     [
      53,
      1,
      9
     ],
     [
      54,
      1,
      1
     ],
     [
      55,
      1,
      2
     ],
     [
      56,
      1,
      7
     ],
     [
      57,
      4,
      10
     ],
     [
      61,
      1,
      9
     ],
     [
      62,
      1,
      8
     ],
     [
      63,
      1,
      3
     ],
     [
      129,
      1,
      1
     ],
     [
      130,
      1,
      5
     ],
     [
      131,
      7,
      10
     ],
     [
      138,
      1,
      9
     ],
     [
      139,
      1,
      7
     ],
     [
      140,
      1,
      2
     ],
     [
      142,
      1,
      1
     ],
     [
      233,
      1,
      2
     ],
     [
      234,
      1,
      4
     ],
     [
      235,
      1,
      5
     ],
     [
      236,
      1,
      9
     ],
     [
      237,
      45,
      10
     ]
    ],
    "142": [
     [
      44,
      1,
      1
     ],
     [
      52,
      2,
      1
     ],
     [
      57,
      1,
      4
     ],
     [
      58,
      1,
      8
     ],
     [
      59,
      4,
      10
     ],
     [
      63,
      1,
      6
     ],
     [
      64,
      1,
      1
     ],
     [
      129,
      1,
      3
     ],
     [
      130,
      7,
      10
     ],
     [
      137,
      1,
      9
     ],
     [
      138,
      1,
      2
     ],
     [
      237,
      1,
      5
     ],
     [
      238,
      43,
      10
     ],
     [
      281,
      1,
      8
     ]
    ],
    "143": [
     [
      45,
      1,
      1
     ],
     [
      51,
      1,
      2
     ],
     [
      59,
      1,
      5
     ],
     [
      60,
      5,
      10
     ],
     [
      65,
      1,
      5
     ],
     [
      128,
      1,
      7
     ],
     [
      129,
      8,
      10
     ],
     [
      137,
      1,
      7
     ],
     [
      238,
      1,
      9
     ],
     [
      239,
      42,
      10
     ],
     [
      281,
      1,
      5
     ]
    ],
    "144": [
     [
      45,
      1,
      3
     ],
     [
      46,
      1,
      6
     ],
     [
      59,
      1,
      1
     ],
     [
      60,
      1,
      2
     ],
     [
      61,
      1,
      9
     ],
     [
      62,
      3,
      10
     ],
     [
      65,
      1,
      9
     ],
     [
      66,
      1,
      2
     ],
     [
      68,
      1,
      1
     ],
     [
      69,
      1,
      3
     ],
     [
      70,
      2,
      4
     ],
     [
      72,
      1,
      2
     ],
     [
      73,
      1,
      3
     ],
     [
      74,
      1,
      2
     ],
     [
      75,
      2,
      5
     ],
     [
      77,
      1,
      1
     ],
     [
      127,
      1,
      7
     ],
     [
      128,
      6,
      10
     ],
     [
      134,
      1,
      9
     ],
     [
      135,
      1,
      10
     ],
     [
      136,
      1,
      3
     ],
     [
      137,
      1,
      1
     ],
     [
      226,
      1,
      1
     ],
     [
      239,
      1,
      6
     ],
     [
      240,
      41,
      10
     ],
     [
      281,
      1,
      4
     ]
    ],
    "145": [
     [
      61,
      1,
      3
     ],
     [
      62,
      4,
      10
     ],
     [
      66,
      1,
      8
     ],
     [
      67,
      1,
      5
     ],
     [
      68,
      1,
      6
     ],
     [
      69,
      4,
      10
     ],
     [
      126,
      1,
      2
     ],
     [
      127,
      7,
      10
     ],
     [
      134,
      1,
      2
     ],
     [
      240,
      1,
      4
     ],
     [
      241,
      40,
      10
     ]
    ],
    "146": [
     [
      52,
      1,
      2
     ],
     [
      62,
      1,
      3
     ],
     [
      63,
      1,
      7
     ],
     [
      64,
      8,
      10
     ],
     [
      72,
      1,
      9
     ],
     [
      126,
      1,
      6
     ],
     [
      127,
      6,
      10
     ],
     [
      133,
      1,
      3
     ],
     [
      242,
      1,
      9
     ],
     [
      243,
      38,
      10
     ]
    ],
    "147": [
     [
      52,
      1,
      2
     ],
     [
      64,
      1,
      2
     ],
     [
      65,
      1,
      6
     ],
     [
      66,
      7,
      10
     ],
     [
      73,
      1,
      5
     ],
     [
      74,
      1,
      1
     ],
     [
      125,
      1,
      6
     ],
     [
      126,
      6,
      10
     ],
     [
      132,
      1,
      4
     ],
     [
      230,
      1,
      2
     ],
     [
      242,
      1,
      2
     ],
     [
      243,
      1,
      9
     ],
     [
      244,
      36,
      10
     ],
     [
      280,
      1,
      7
     ]
    ],
    "148": [
     [
      66,
      1,
      5
     ],
     [
      67,
      8,
      10
     ],
     [
      75,
      1,
      7
     ],
     [
      76,
      1,
      1
     ],
     [
      124,
      1,
      2
     ],
     [
      125,
      1,
      8
     ],
     [
      126,
      5,
      10
     ],
     [
      131,
      1,
      7
     ],
     [
      230,
      1,
      2
     ],
     [
      243,
      1,
      2
     ],
     [
      244,
      1,
      7
     ],
     [
      245,
      35,
      10
     ],
     [
      280,
      1,
      6
     ]
    ],
    "149": [
     [
      67,
      1,
      2
     ],
     [
      68,
      1,
      8
     ],
     [
      69,
      1,
      9
     ],
     [
      70,
      1,
      3
     ],
     [
      71,
      1,
      8
     ],
     [
      72,
      4,
      10
     ],
     [
      76,
      1,
      8
     ],
     [
      123,
      1,
      2
     ],
     [
      124,
      1,
      7
     ],
     [
      125,
      6,
      10
     ],
     [
      131,
      1,
      1
     ],
     [
      244,
      1,
      1
     ],
     [
      245,
      1,
      8
     ],
     [
      246,
      34,
      10
     ],
     [
      280,
      1,
      3
     ]
    ],
    "150": [
     [
      68,
      1,
      2
     ],
     [
      71,
      1,
      4
     ],
     [
      72,
      5,
      10
     ],
     [
      77,
      1,
      4
     ],
     [
      78,
      1,
      3
     ],
     [
      122,
      1,
      1
     ],
     [
      123,
      1,
      8
     ],
     [
      124,
      4,
      10
     ],
     [
      128,
      1,
      7
     ],
     [
      129,
      1,
      2
     ],
     [
      130,
      1,
      1
     ],
     [
      235,
      1,
      1
     ],
     [
      245,
      1,
      4
     ],
     [
      246,
      34,
      10
     ]
    ],
    "151": [
     [
      72,
      1,
      2
     ],
     [
      73,
      3,
      10
     ],
     [
      76,
      4,
      2
     ],
     [
      121,
      1,
      2
     ],
     [
      122,
      4,
      10
     ],
     [
      126,
      1,
      8
     ],
     [
      127,
      1,
      2
     ],
     [
      233,
      1,
      3
     ],
     [
      234,
      1,
      4
     ],
     [
      245,
      1,
      3
     ],
     [
      246,
      33,
      10
     ],
     [
      279,
      1,
      9
     ]
    ],
    "152": [
     [
      72,
      1,
      4
     ],
     [
      73,
      3,
      10
     ],
     [
      120,
      1,
      3
     ],
     [
      121,
      1,
      9
     ],
     [
      122,
      1,
      10
     ],
     [
      123,
      1,
      6
     ],
     [
      124,
      1,
      2
     ],
     [
      125,
      2,
      1
     ],
     [
      246,
      1,
      7
     ],
     [
      247,
      32,
      10
     ],
     [
      279,
      1,
      7
     ]
    ],
    "153": [
     [
      72,
      1,
      8
     ],
     [
      73,
      3,
      10
     ],
     [
      76,
      1,
      6
     ],
     [
      119,
      1,
      1
     ],
     [
      120,
      3,
      10
     ],
     [
      246,
      1,
      1
     ],
     [
      247,
      1,
      9
     ],
     [
      248,
      31,
      10
     ],
     [
      279,
      1,
      4
     ]
    ],
    "154": [
     [
      71,
      1,
      4
     ],
     [
      72,
      5,
      10
     ],
     [
      77,
      1,
      6
     ],
     [
      119,
      1,
      4
     ],
     [
      120,
      2,
      10
     ],
     [
      122,
      1,
      7
     ],
     [
      247,
      1,
      7
     ],
     [
      248,
      31,
      10
     ],
     [
      279,
      1,
      3
     ]
    ],
    "155": [
     [
      67,
      1,
      1
     ],
     [
      68,
      1,
      3
     ],
     [
      70,
      1,
      4
     ],
     [
      71,
      6,
      10
     ],
     [
      77,
      1,
      6
     ],
     [
      83,
      1,
      2
     ],
     [
      84,
      1,
      7
     ],
     [
      120,
      2,
      10
     ],
     [
      122,
      1,
      7
     ],
     [
      236,
      2,
      2
     ],
     [
      238,
      1,
      8
     ],
     [
      239,
      1,
      10
     ],
     [
      240,
      1,
      9
     ],
     [
      247,
      32,
      10
     ]
    ],
    "156": [
     [
      70,
      1,
      6
     ],
     [
      71,
      6,
      10
     ],
     [
      77,
      1,
      8
     ],
     [
      120,
      1,
      5
     ],
     [
      121,
      1,
      10
     ],
     [
      122,
      1,
      7
     ],
     [
      237,
      1,
      8
     ],
     [
      238,
      3,
      10
     ],
     [
      241,
      3,
      9
     ],
     [
      244,
      1,
      1
     ],
     [
      247,
      2,
      4
     ],
     [
      249,
      1,
      9
     ],
     [
      250,
      28,
      10
     ],
     [
      278,
      1,
      9
     ]
    ],
    "157": [
     [
      69,
      1,
      1
     ],
     [
      70,
      1,
      9
     ],
     [
      71,
      7,
      10
     ],
     [
      78,
      1,
      4
     ],
     [
      121,
      1,
      3
     ],
     [
      122,
      1,
      6
     ],
     [
      123,
      1,
      2
     ],
     [
      237,
      1,
      4
     ],
     [
      238,
      4,
      10
     ],
     [
      249,
      1,
      2
     ],
     [
      250,
      1,
      8
     ],
     [
      251,
      27,
      10
     ],
     [
      278,
      1,
      6
     ]
    ],
    "158": [
     [
      69,
      1,
      6
     ],
     [
      70,
      1,
      4
     ],
     [
      72,
      1,
      7
     ],
     [
      73,
      5,
      10
     ],
     [
      78,
      1,
      7
     ],
     [
      122,
      1,
      3
     ],
     [
      123,
      1,
      10
     ],
     [
      124,
      1,
      1
     ],
     [
      237,
      1,
      6
     ],
     [
      238,
      4,
      10
     ],
     [
      250,
      1,
      2
     ],
     [
      251,
      27,
      10
     ],
     [
      278,
      1,
      4
     ]
    ],
    "159": [
     [
      69,
      1,
      5
     ],
     [
      70,
      1,
      1
     ],
     [
      72,
      1,
      4
     ],
     [
      73,
      6,
      10
     ],
     [
      122,
      1,
      9
     ],
     [
      123,
      1,
      10
     ],
     [
      124,
      1,
      4
     ],
     [
      236,
      1,
      1
     ],
     [
      237,
      1,
      8
     ],
     [
      238,
      4,
      10
     ],
     [
      242,
      1,
      3
     ],
     [
      251,
      1,
      1
     ],
     [
      252,
      1,
      4
     ],
     [
      253,
      25,
      10
     ],
     [
      278,
      1,
      2
     ]
    ],
    "160": [
     [
      70,
      1,
      4
     ],
     [
      73,
      1,
      10
     ],
     [
      74,
      1,
      9
     ],
     [
      75,
      1,
      8
     ],
     [
      76,
      1,
      1
     ],
     [
      78,
      1,
      5
     ],
     [
      79,
      1,
      6
     ],
     [
      80,
      1,
      1
     ],
     [
      123,
      1,
      8
     ],
     [
      235,
      1,
      1
     ],
     [
      236,
      1,
      2
     ],
     [
      237,
      1,
      4
     ],
     [
      238,
      1,
      2
     ],
     [
      239,
      2,
      4
     ],
     [
      241,
      2,
      9
     ],
     [
      243,
      1,
      2
     ],
     [
      253,
      1,
      8
     ],
     [
      254,
      24,
      10
     ]
    ],
    "161": [
     [
      78,
      1,
      6
     ],
     [
      79,
      1,
      10
     ],
     [
      80,
      1,
      3
     ],
     [
      122,
      1,
      5
     ],
     [
      123,
      1,
      8
     ],
     [
      234,
      1,
      1
     ],
     [
      235,
      1,
      6
     ],
     [
      236,
      1,
      4
     ],
     [
      237,
      1,
      2
     ],
     [
      248,
      1,
      2
     ],
     [
      253,
      1,
      1
     ],
     [
      254,
      1,
      8
     ],
     [
      255,
      22,
      10
     ],
     [
      277,
      1,
      8
     ]
    ],
    "162": [
     [
      79,
      1,
      7
     ],
     [
      122,
      1,
      7
     ],
     [
      123,
      1,
      10
     ],
     [
      124,
      1,
      7
     ],
     [
      125,
      1,
      1
     ],
     [
      245,
      1,
      1
     ],
     [
      248,
      1,
      10
     ],
     [
      249,
      2,
      6
     ],
     [
      251,
      1,
      2
     ],
     [
      254,
      1,
      1
     ],
     [
      255,
      1,
      8
     ],
     [
      256,
      21,
      10
     ],
     [
      277,
      1,
      6
     ]
    ],
    "163": [
     [
      122,
      1,
      9
     ],
     [
      123,
      2,
      10
     ],
     [
      125,
      1,
      5
     ],
     [
      245,
      1,
      9
     ],
     [
      246,
      1,
      6
     ],
     [
      247,
      1,
      2
     ],
     [
      248,
      4,
      10
     ],
     [
      252,
      1,
      1
     ],
     [
      255,
      1,
      1
     ],
     [
      256,
      1,
      9
     ],
     [
      257,
      20,
      10
     ],
     [
      277,
      1,
      4
     ]
    ],
    "164": [
     [
      121,
      1,
      4
     ],
     [
      122,
      2,
      10
     ],
     [
      124,
      1,
      9
     ],
     [
      125,
      1,
      3
     ],
     [
      246,
      1,
      8
     ],
     [
      247,
      5,
      10
     ],
     [
      252,
      1,
      8
     ],
     [
      253,
      1,
      2
     ],
     [
      256,
      1,
      4
     ],
     [
      257,
      20,
      10
     ],
     [
      277,
      1,
      1
     ]
    ],
    "165": [
     [
      122,
      2,
      5
     ],
     [
      246,
      1,
      6
     ],
     [
      247,
      6,
      10
     ],
     [
      253,
      1,
      5
     ],
     [
      254,
      1,
      1
     ],
     [
      257,
      1,
      7
     ],
     [
      258,
      19,
      10
     ]
    ],
    "166": [
     [
      118,
      1,
      6
     ],
     [
      246,
      1,
      7
     ],
     [
      247,
      7,
      10
     ],
     [
      254,
      1,
      6
     ],
     [
      257,
      1,
      1
     ],
     [
      258,
      1,
      9
     ],
     [
      259,
      17,
      10
     ],
     [
      276,
      1,
      7
     ]
    ],
    "167": [
     [
      117,
      1,
      1
     ],
     [
      118,
      1,
      4
     ],
     [
      246,
      1,
      1
     ],
     [
      247,
      1,
      8
     ],
     [
      248,
      2,
      10
     ],
     [
      250,
      1,
      9
     ],
     [
      251,
      1,
      4
     ],
     [
      252,
      1,
      8
     ],
     [
      253,
      2,
      10
     ],
     [
      255,
      1,
      4
     ],
     [
      258,
      1,
      3
     ],
     [
      259,
      17,
      10
     ],
     [
      276,
      1,
      7
     ]
    ],
    "168": [
     [
      117,
      1,
      1
     ],
     [
      118,
      1,
      3
     ],
     [
      119,
      1,
      2
     ],
     [
      248,
      1,
      6
     ],
     [
      249,
      1,
      3
     ],
     [
      250,
      1,
      1
     ],
     [
      252,
      1,
      9
     ],
     [
      253,
      3,
      10
     ],
     [
      256,
      1,
      2
     ],
     [
      259,
      1,
      7
     ],
     [
      260,
      16,
      10
     ],
     [
      276,
      1,
      3
     ]
    ],
    "169": [
     [
      118,
      1,
      9
     ],
     [
      119,
      1,
      10
     ],
     [
      252,
      4,
      10
     ],
     [
      256,
      1,
      7
     ],
     [
      260,
      1,
      7
     ],
     [
      261,
      15,
      10
     ],
     [
      276,
      1,
      1
     ]
    ],
    "170": [
     [
      250,
      1,
      7
     ],
     [
      251,
      1,
      8
     ],
     [
      252,
      1,
      3
     ],
     [
      253,
      1,
      6
     ],
     [
      254,
      3,
      10
     ],
     [
      257,
      1,
      1
     ],
     [
      260,
      1,
      1
     ],
     [
      261,
      15,
      10
     ]
    ],
    "171": [
     [
      250,
      1,
      1
     ],
     [
      251,
      1,
      2
     ],
     [
      253,
      1,
      6
     ],
     [
      254,
      1,
      9
     ],
     [
      255,
      1,
      1
     ],
     [
      257,
      1,
      2
     ],
     [
      261,
      1,
      3
     ],
     [
      262,
      13,
      10
     ],
     [
      275,
      1,
      7
     ]
    ],
    "172": [
     [
      253,
      1,
      4
     ],
     [
      254,
      1,
      1
     ],
     [
      262,
      1,
      7
     ],
     [
      263,
      12,
      10
     ],
     [
      275,
      1,
      5
     ]
    ],
    "173": [
     [
      258,
      1,
      2
     ],
     [
      259,
      1,
      3
     ],
     [
      263,
      1,
      8
     ],
     [
      264,
      11,
      10
     ],
     [
      275,
      1,
      3
     ]
    ],
    "174": [
     [
      260,
      1,
      8
     ],
     [
      261,
      1,
      1
     ],
     [
      263,
      1,
      1
     ],
     [
      264,
      11,
      10
     ],
     [
      275,
      1,
      1
     ]
    ],
    "175": [
     [
      257,
      1,
      2
     ],
     [
      258,
      2,
      6
     ],
     [
      260,
      1,
      10
     ],
     [
      261,
      1,
      6
     ],
     [
      264,
      1,
      4
     ],
     [
      265,
      10,
      10
     ]
    ],
    "176": [
     [
      258,
      1,
      2
     ],
     [
      259,
      3,
      10
     ],
     [
      262,
      1,
      4
     ],
     [
      265,
      1,
      6
     ],
     [
      266,
      8,
      10
     ],
     [
      274,
      1,
      7
     ]
    ],
    "177": [
     [
      258,
      1,
      6
     ],
     [
      259,
      3,
      10
     ],
     [
      262,
      1,
      8
     ],
     [
      263,
      1,
      1
     ],
     [
      265,
      1,
      2
     ],
     [
      266,
      8,
      10
     ],
     [
      274,
      1,
      4
     ]
    ],
    "178": [
     [
      258,
      1,
      8
     ],
     [
      259,
      4,
      10
     ],
     [
      263,
      1,
      6
     ],
     [
      266,
      1,
      6
     ],
     [
      267,
      7,
      10
     ],
     [
      274,
      1,
      3
     ]
    ],
    "179": [
     [
      258,
      1,
      4
     ],
     [
      259,
      1,
      3
     ],
     [
      260,
      1,
      2
     ],
     [
      261,
      1,
      9
     ],
     [
      262,
      1,
      10
     ],
     [
      263,
      1,
      6
     ],
     [
      266,
      1,
      1
     ],
     [
      267,
      1,
      9
     ],
     [
      268,
      6,
      10
     ]
    ],
    "180": [
     [
      261,
      1,
      7
     ],
     [
      262,
      1,
      10
     ],
     [
      263,
      1,
      8
     ],
     [
      264,
      1,
      2
     ],
     [
      267,
      1,
      6
     ],
     [
      268,
      5,
      10
     ],
     [
      273,
      1,
      9
     ]
    ],
    "181": [
     [
      260,
      1,
      4
     ],
     [
      261,
      1,
      9
     ],
     [
      262,
      2,
      10
     ],
     [
      264,
      1,
      3
     ],
     [
      268,
      1,
      7
     ],
     [
      269,
      4,
      10
     ],
     [
      273,
      1,
      7
     ]
    ],
    "182": [
     [
      259,
      1,
      1
     ],
     [
      260,
      3,
      10
     ],
     [
      263,
      1,
      8
     ],
     [
      264,
      1,
      2
     ],
     [
      269,
      4,
      10
     ],
     [
      273,
      1,
      4
     ]
    ],
    "183": [
     [
      259,
      1,
      2
     ],
     [
      260,
      1,
      9
     ],
     [
      261,
      2,
      10
     ],
     [
      268,
      1,
      1
     ],
     [
      269,
      1,
      9
     ],
     [
      270,
      3,
      10
     ],
     [
      273,
      1,
      2
     ]
    ],
    "184": [
     [
      260,
      1,
      7
     ],
     [
      261,
      3,
      10
     ],
     [
      264,
      1,
      6
     ],
     [
      269,
      1,
      7
     ],
     [
      270,
      3,
      10
     ]
    ],
    "185": [
     [
      260,
      1,
      3
     ],
     [
      261,
      3,
      10
     ],
     [
      264,
      1,
      2
     ],
     [
      269,
      1,
      6
     ],
     [
      270,
      2,
      10
     ],
     [
      272,
      1,
      8
     ]
    ],
    "186": [
     [
      261,
      1,
      8
     ],
     [
      262,
      3,
      10
     ],
     [
      269,
      1,
      3
     ],
     [
      270,
      2,
      10
     ],
     [
      272,
      1,
      7
     ]
    ],
    "187": [
     [
      262,
      3,
      10
     ],
     [
      265,
      2,
      8
     ],
     [
      267,
      1,
      2
     ],
     [
      269,
      1,
      3
     ],
     [
      270,
      2,
      10
     ],
     [
      272,
      1,
      3
     ]
    ],
    "188": [
     [
      262,
      5,
      10
     ],
     [
      267,
      1,
      4
     ],
     [
      270,
      2,
      10
     ],
     [
      272,
      1,
      2
     ]
    ],
    "189": [
     [
      267,
      1,
      5
     ],
     [
      269,
      1,
      2
     ],
     [
      270,
      2,
      10
     ]
    ]
   }
  },
  "clutter_headroom": 55.47,
  "clutter_at_floor": 0.275,
  "clutter_verdict": "vessels present",
  "detection_rate": 0.5581,
  "n_detections": 155,
  "n_reports": 43,
  "n_reports_with_fix": 43,
  "n_matched": 24,
  "n_reports_unsearched": 810,
  "n_reports_marginal": 10,
  "unsearched_by_length": {
   "<25 m": 622,
   "25-50 m": 94,
   "50-100 m": 9,
   "100-200 m": 8,
   ">200 m": 16,
   "unknown": 61
  },
  "k_sigma_match": 3.0,
  "gate_min_snr": 15.0,
  "gate_min_pixels": 6,
  "n_detections_before_gate": 800,
  "ais_window_s": 1800.0,
  "calibration": {
   "detectable_length_m": 25.0,
   "max_chance_match": 0.05,
   "density_per_km2": 0.00927,
   "max_scorable_radius_m": 1327,
   "n_unscorable": 0,
   "n_unscorable_matched": 0,
   "expected_chance_matches": 0.18,
   "strata": {
    ">=25 m": {
     "found": 16,
     "scored": 21,
     "rate": 0.7619,
     "ci95": [
      0.5491,
      0.8937
     ]
    },
    "<25 m": {
     "found": 7,
     "scored": 20,
     "rate": 0.35,
     "ci95": [
      0.1812,
      0.5671
     ]
    },
    "unknown length": {
     "found": 1,
     "scored": 2,
     "rate": 0.5,
     "ci95": [
      0.0945,
      0.9055
     ]
    },
    "all scored": {
     "found": 24,
     "scored": 43,
     "rate": 0.5581,
     "ci95": [
      0.4111,
      0.6957
     ]
    }
   },
   "curve_edges_m": [
    0.0,
    15.0,
    25.0,
    50.0,
    100.0
   ],
   "curve": {
    "0-15 m": {
     "found": 1,
     "scored": 8,
     "rate": 0.125,
     "ci95": [
      0.0224,
      0.4709
     ]
    },
    "15-25 m": {
     "found": 6,
     "scored": 12,
     "rate": 0.5,
     "ci95": [
      0.2538,
      0.7462
     ]
    },
    "25-50 m": {
     "found": 6,
     "scored": 10,
     "rate": 0.6,
     "ci95": [
      0.3127,
      0.8318
     ]
    },
    "50-100 m": {
     "found": 0,
     "scored": 0,
     "rate": null,
     "ci95": [
      null,
      null
     ]
    },
    ">100 m": {
     "found": 10,
     "scored": 11,
     "rate": 0.9091,
     "ci95": [
      0.6226,
      0.9838
     ]
    },
    "unknown": {
     "found": 1,
     "scored": 2,
     "rate": 0.5,
     "ci95": [
      0.0945,
      0.9055
     ]
    }
   }
  }
 },
 "features": [
  {
   "type": "Feature",
   "geometry": {
    "type": "Point",
    "coordinates": [
     -76.43297731599674,
     38.075911064713
    ]
   },
   "properties": {
    "kind": "unmatched",
    "domain": "sea",
    "t_start": "2024-09-01T22:59:06+00:00",
    "t_end": "2024-09-01T22:59:06+00:00",
    "duration_s": 0.0,
    "confidence": 0.5302325581395348,
    "platform_ids": [],
    "evidence": {
     "sensor": "sentinel1-vv-cfar",
     "detector_confidence": 0.95,
     "detection_rate_this_pass": 0.558,
     "reports_considered": 43,
     "reports_with_a_fix": 43,
     "search_radius_m": 112.6,
     "snr": 27.76,
     "length_m_approx": 34.6,
     "pixels": 12,
     "scene": "S1A_IW_GRDH_1SDV_20240901T225906_20240901T225931_055478_06C4A7_0344_COG.SAFE"
    }
   }
  },
  {
   "type": "Feature",
   "geometry": {
    "type": "Point",
    "coordinates": [
     -76.4624147546071,
     38.05524965853556
    ]
   },
   "properties": {
    "kind": "unmatched",
    "domain": "sea",
    "t_start": "2024-09-01T22:59:06+00:00",
    "t_end": "2024-09-01T22:59:06+00:00",
    "duration_s": 0.0,
    "confidence": 0.5302325581395348,
    "platform_ids": [],
    "evidence": {
     "sensor": "sentinel1-vv-cfar",
     "detector_confidence": 0.95,
     "detection_rate_this_pass": 0.558,
     "reports_considered": 43,
     "reports_with_a_fix": 43,
     "search_radius_m": 114.5,
     "snr": 23.31,
     "length_m_approx": 36.1,
     "pixels": 13,
     "scene": "S1A_IW_GRDH_1SDV_20240901T225906_20240901T225931_055478_06C4A7_0344_COG.SAFE"
    }
   }
  },
  {
   "type": "Feature",
   "geometry": {
    "type": "Point",
    "coordinates": [
     -76.52992444909547,
     38.11518465364196
    ]
   },
   "properties": {
    "kind": "unmatched",
    "domain": "sea",
    "t_start": "2024-09-01T22:59:06+00:00",
    "t_end": "2024-09-01T22:59:06+00:00",
    "duration_s": 0.0,
    "confidence": 0.4749767441860465,
    "platform_ids": [],
    "evidence": {
     "sensor": "sentinel1-vv-cfar",
     "detector_confidence": 0.851,
     "detection_rate_this_pass": 0.558,
     "reports_considered": 43,
     "reports_with_a_fix": 43,
     "search_radius_m": 108.6,
     "snr": 17.02,
     "length_m_approx": 31.6,
     "pixels": 10,
     "scene": "S1A_IW_GRDH_1SDV_20240901T225906_20240901T225931_055478_06C4A7_0344_COG.SAFE"
    }
   }
  },
  {
   "type": "Feature",
   "geometry": {
    "type": "Point",
    "coordinates": [
     -76.15447194183085,
     38.039934932615445
    ]
   },
   "properties": {
    "kind": "unmatched",
    "domain": "sea",
    "t_start": "2024-09-01T22:59:06+00:00",
    "t_end": "2024-09-01T22:59:06+00:00",
    "duration_s": 0.0,
    "confidence": 0.5302325581395348,
    "platform_ids": [],
    "evidence": {
     "sensor": "sentinel1-vv-cfar",
     "detector_confidence": 0.95,
     "detection_rate_this_pass": 0.558,
     "reports_considered": 43,
     "reports_with_a_fix": 43,
     "search_radius_m": 212.2,
     "snr": 145.6,
     "length_m_approx": 92.2,
     "pixels": 85,
     "scene": "S1A_IW_GRDH_1SDV_20240901T225906_20240901T225931_055478_06C4A7_0344_COG.SAFE"
    }
   }
  },
  {
   "type": "Feature",
   "geometry": {
    "type": "Point",
    "coordinates": [
     -76.28956979913143,
     38.12824794900102
    ]
   },
   "properties": {
    "kind": "unmatched",
    "domain": "sea",
    "t_start": "2024-09-01T22:59:06+00:00",
    "t_end": "2024-09-01T22:59:06+00:00",
    "duration_s": 0.0,
    "confidence": 0.5302325581395348,
    "platform_ids": [],
    "evidence": {
     "sensor": "sentinel1-vv-cfar",
     "detector_confidence": 0.95,
     "detection_rate_this_pass": 0.558,
     "reports_considered": 43,
     "reports_with_a_fix": 43,
     "search_radius_m": 134.4,
     "snr": 74.32,
     "length_m_approx": 49.0,
     "pixels": 24,
     "scene": "S1A_IW_GRDH_1SDV_20240901T225906_20240901T225931_055478_06C4A7_0344_COG.SAFE"
    }
   }
  },
  {
   "type": "Feature",
   "geometry": {
    "type": "Point",
    "coordinates": [
     -76.2145171733557,
     38.115243551968724
    ]
   },
   "properties": {
    "kind": "unmatched",
    "domain": "sea",
    "t_start": "2024-09-01T22:59:06+00:00",
    "t_end": "2024-09-01T22:59:06+00:00",
    "duration_s": 0.0,
    "confidence": 0.5302325581395348,
    "platform_ids": [],
    "evidence": {
     "sensor": "sentinel1-vv-cfar",
     "detector_confidence": 0.95,
     "detection_rate_this_pass": 0.558,
     "reports_considered": 43,
     "reports_with_a_fix": 43,
     "search_radius_m": 120.4,
     "snr": 30.13,
     "length_m_approx": 40.0,
     "pixels": 16,
     "scene": "S1A_IW_GRDH_1SDV_20240901T225906_20240901T225931_055478_06C4A7_0344_COG.SAFE"
    }
   }
  },
  {
   "type": "Feature",
   "geometry": {
    "type": "Point",
    "coordinates": [
     -76.2252532638265,
     38.16679411656395
    ]
   },
   "properties": {
    "kind": "unmatched",
    "domain": "sea",
    "t_start": "2024-09-01T22:59:06+00:00",
    "t_end": "2024-09-01T22:59:06+00:00",
    "duration_s": 0.0,
    "confidence": 0.5302325581395348,
    "platform_ids": [],
    "evidence": {
     "sensor": "sentinel1-vv-cfar",
     "detector_confidence": 0.95,
     "detection_rate_this_pass": 0.558,
     "reports_considered": 43,
     "reports_with_a_fix": 43,
     "search_radius_m": 118.4,
     "snr": 24.62,
     "length_m_approx": 38.7,
     "pixels": 15,
     "scene": "S1A_IW_GRDH_1SDV_20240901T225906_20240901T225931_055478_06C4A7_0344_COG.SAFE"
    }
   }
  },
  {
   "type": "Feature",
   "geometry": {
    "type": "Point",
    "coordinates": [
     -76.19626590973607,
     37.998128856633066
    ]
   },
   "properties": {
    "kind": "unmatched",
    "domain": "sea",
    "t_start": "2024-09-01T22:59:06+00:00",
    "t_end": "2024-09-01T22:59:06+00:00",
    "duration_s": 0.0,
    "confidence": 0.5302325581395348,
    "platform_ids": [],
    "evidence": {
     "sensor": "sentinel1-vv-cfar",
     "detector_confidence": 0.95,
     "detection_rate_this_pass": 0.558,
     "reports_considered": 43,
     "reports_with_a_fix": 43,
     "search_radius_m": 108.6,
     "snr": 19.07,
     "length_m_approx": 31.6,
     "pixels": 10,
     "scene": "S1A_IW_GRDH_1SDV_20240901T225906_20240901T225931_055478_06C4A7_0344_COG.SAFE"
    }
   }
  },
  {
   "type": "Feature",
   "geometry": {
    "type": "Point",
    "coordinates": [
     -76.22042673914915,
     38.07267288856262
    ]
   },
   "properties": {
    "kind": "unmatched",
    "domain": "sea",
    "t_start": "2024-09-01T22:59:06+00:00",
    "t_end": "2024-09-01T22:59:06+00:00",
    "duration_s": 0.0,
    "confidence": 0.4543255813953488,
    "platform_ids": [],
    "evidence": {
     "sensor": "sentinel1-vv-cfar",
     "detector_confidence": 0.814,
     "detection_rate_this_pass": 0.558,
     "reports_considered": 43,
     "reports_with_a_fix": 43,
     "search_radius_m": 150.3,
     "snr": 16.29,
     "length_m_approx": 58.3,
     "pixels": 34,
     "scene": "S1A_IW_GRDH_1SDV_20240901T225906_20240901T225931_055478_06C4A7_0344_COG.SAFE"
    }
   }
  },
  {
   "type": "Feature",
   "geometry": {
    "type": "Point",
    "coordinates": [
     -76.2592804854607,
     38.153614460584535
    ]
   },
   "properties": {
    "kind": "unmatched",
    "domain": "sea",
    "t_start": "2024-09-01T22:59:06+00:00",
    "t_end": "2024-09-01T22:59:06+00:00",
    "duration_s": 0.0,
    "confidence": 0.4487441860465117,
    "platform_ids": [],
    "evidence": {
     "sensor": "sentinel1-vv-cfar",
     "detector_confidence": 0.804,
     "detection_rate_this_pass": 0.558,
     "reports_considered": 43,
     "reports_with_a_fix": 43,
     "search_radius_m": 125.8,
     "snr": 16.08,
     "length_m_approx": 43.6,
     "pixels": 19,
     "scene": "S1A_IW_GRDH_1SDV_20240901T225906_20240901T225931_055478_06C4A7_0344_COG.SAFE"
    }
   }
  },
  {
   "type": "Feature",
   "geometry": {
    "type": "Point",
    "coordinates": [
     -76.0143338256274,
     38.04806519278824
    ]
   },
   "properties": {
    "kind": "unmatched",
    "domain": "sea",
    "t_start": "2024-09-01T22:59:06+00:00",
    "t_end": "2024-09-01T22:59:06+00:00",
    "duration_s": 0.0,
    "confidence": 0.5302325581395348,
    "platform_ids": [],
    "evidence": {
     "sensor": "sentinel1-vv-cfar",
     "detector_confidence": 0.95,
     "detection_rate_this_pass": 0.558,
     "reports_considered": 43,
     "reports_with_a_fix": 43,
     "search_radius_m": 134.4,
     "snr": 57.2,
     "length_m_approx": 50.0,
     "pixels": 25,
     "scene": "S1A_IW_GRDH_1SDV_20240901T225906_20240901T225931_055478_06C4A7_0344_COG.SAFE"
    }
   }
  },
  {
   "type": "Feature",
   "geometry": {
    "type": "Point",
    "coordinates": [
     -75.99322910248087,
     38.04967748518488
    ]
   },
   "properties": {
    "kind": "unmatched",
    "domain": "sea",
    "t_start": "2024-09-01T22:59:06+00:00",
    "t_end": "2024-09-01T22:59:06+00:00",
    "duration_s": 0.0,
    "confidence": 0.5302325581395348,
    "platform_ids": [],
    "evidence": {
     "sensor": "sentinel1-vv-cfar",
     "detector_confidence": 0.95,
     "detection_rate_this_pass": 0.558,
     "reports_considered": 43,
     "reports_with_a_fix": 43,
     "search_radius_m": 112.6,
     "snr": 26.89,
     "length_m_approx": 36.1,
     "pixels": 13,
     "scene": "S1A_IW_GRDH_1SDV_20240901T225906_20240901T225931_055478_06C4A7_0344_COG.SAFE"
    }
   }
  },
  {
   "type": "Feature",
   "geometry": {
    "type": "Point",
    "coordinates": [
     -76.09510912096972,
     38.06872523300295
    ]
   },
   "properties": {
    "kind": "unmatched",
    "domain": "sea",
    "t_start": "2024-09-01T22:59:06+00:00",
    "t_end": "2024-09-01T22:59:06+00:00",
    "duration_s": 0.0,
    "confidence": 0.5302325581395348,
    "platform_ids": [],
    "evidence": {
     "sensor": "sentinel1-vv-cfar",
     "detector_confidence": 0.95,
     "detection_rate_this_pass": 0.558,
     "reports_considered": 43,
     "reports_with_a_fix": 43,
     "search_radius_m": 112.6,
     "snr": 24.66,
     "length_m_approx": 36.1,
     "pixels": 13,
     "scene": "S1A_IW_GRDH_1SDV_20240901T225906_20240901T225931_055478_06C4A7_0344_COG.SAFE"
    }
   }
  },
  {
   "type": "Feature",
   "geometry": {
    "type": "Point",
    "coordinates": [
     -76.06337301188924,
     38.12791404845296
    ]
   },
   "properties": {
    "kind": "unmatched",
    "domain": "sea",
    "t_start": "2024-09-01T22:59:06+00:00",
    "t_end": "2024-09-01T22:59:06+00:00",
    "duration_s": 0.0,
    "confidence": 0.5302325581395348,
    "platform_ids": [],
    "evidence": {
     "sensor": "sentinel1-vv-cfar",
     "detector_confidence": 0.95,
     "detection_rate_this_pass": 0.558,
     "reports_considered": 43,
     "reports_with_a_fix": 43,
     "search_radius_m": 232.6,
     "snr": 21.4,
     "length_m_approx": 102.5,
     "pixels": 105,
     "scene": "S1A_IW_GRDH_1SDV_20240901T225906_20240901T225931_055478_06C4A7_0344_COG.SAFE"
    }
   }
  },
  {
   "type": "Feature",
   "geometry": {
    "type": "Point",
    "coordinates": [
     -75.94646897751912,
     38.05202306438033
    ]
   },
   "properties": {
    "kind": "unmatched",
    "domain": "sea",
    "t_start": "2024-09-01T22:59:06+00:00",
    "t_end": "2024-09-01T22:59:06+00:00",
    "duration_s": 0.0,
    "confidence": 0.5302325581395348,
    "platform_ids": [],
    "evidence": {
     "sensor": "sentinel1-vv-cfar",
     "detector_confidence": 0.95,
     "detection_rate_this_pass": 0.558,
     "reports_considered": 43,
     "reports_with_a_fix": 43,
     "search_radius_m": 104.3,
     "snr": 19.36,
     "length_m_approx": 30.0,
     "pixels": 9,
     "scene": "S1A_IW_GRDH_1SDV_20240901T225906_20240901T225931_055478_06C4A7_0344_COG.SAFE"
    }
   }
  },
  {
   "type": "Feature",
   "geometry": {
    "type": "Point",
    "coordinates": [
     -75.92322178181023,
     38.03741190413183
    ]
   },
   "properties": {
    "kind": "unmatched",
    "domain": "sea",
    "t_start": "2024-09-01T22:59:06+00:00",
    "t_end": "2024-09-01T22:59:06+00:00",
    "duration_s": 0.0,
    "confidence": 0.5023255813953489,
    "platform_ids": [],
    "evidence": {
     "sensor": "sentinel1-vv-cfar",
     "detector_confidence": 0.9,
     "detection_rate_this_pass": 0.558,
     "reports_considered": 43,
     "reports_with_a_fix": 43,
     "search_radius_m": 104.3,
     "snr": 18.0,
     "length_m_approx": 30.0,
     "pixels": 9,
     "scene": "S1A_IW_GRDH_1SDV_20240901T225906_20240901T225931_055478_06C4A7_0344_COG.SAFE"
    }
   }
  },
  {
   "type": "Feature",
   "geometry": {
    "type": "Point",
    "coordinates": [
     -75.97300544961142,
     38.18857117857999
    ]
   },
   "properties": {
    "kind": "unmatched",
    "domain": "sea",
    "t_start": "2024-09-01T22:59:06+00:00",
    "t_end": "2024-09-01T22:59:06+00:00",
    "duration_s": 0.0,
    "confidence": 0.4772093023255814,
    "platform_ids": [],
    "evidence": {
     "sensor": "sentinel1-vv-cfar",
     "detector_confidence": 0.855,
     "detection_rate_this_pass": 0.558,
     "reports_considered": 43,
     "reports_with_a_fix": 43,
     "search_radius_m": 100.0,
     "snr": 17.09,
     "length_m_approx": 26.5,
     "pixels": 7,
     "scene": "S1A_IW_GRDH_1SDV_20240901T225906_20240901T225931_055478_06C4A7_0344_COG.SAFE"
    }
   }
  },
  {
   "type": "Feature",
   "geometry": {
    "type": "Point",
    "coordinates": [
     -76.0618199858169,
     38.12809374271782
    ]
   },
   "properties": {
    "kind": "unmatched",
    "domain": "sea",
    "t_start": "2024-09-01T22:59:06+00:00",
    "t_end": "2024-09-01T22:59:06+00:00",
    "duration_s": 0.0,
    "confidence": 0.4398139534883721,
    "platform_ids": [],
    "evidence": {
     "sensor": "sentinel1-vv-cfar",
     "detector_confidence": 0.788,
     "detection_rate_this_pass": 0.558,
     "reports_considered": 43,
     "reports_with_a_fix": 43,
     "search_radius_m": 196.9,
     "snr": 15.76,
     "length_m_approx": 84.3,
     "pixels": 71,
     "scene": "S1A_IW_GRDH_1SDV_20240901T225906_20240901T225931_055478_06C4A7_0344_COG.SAFE"
    }
   }
  },
  {
   "type": "Feature",
   "geometry": {
    "type": "Point",
    "coordinates": [
     -75.87872222811042,
     38.21445630129719
    ]
   },
   "properties": {
    "kind": "unmatched",
    "domain": "sea",
    "t_start": "2024-09-01T22:59:06+00:00",
    "t_end": "2024-09-01T22:59:06+00:00",
    "duration_s": 0.0,
    "confidence": 0.4392558139534884,
    "platform_ids": [],
    "evidence": {
     "sensor": "sentinel1-vv-cfar",
     "detector_confidence": 0.787,
     "detection_rate_this_pass": 0.558,
     "reports_considered": 43,
     "reports_with_a_fix": 43,
     "search_radius_m": 105.5,
     "snr": 15.74,
     "length_m_approx": 33.2,
     "pixels": 11,
     "scene": "S1A_IW_GRDH_1SDV_20240901T225906_20240901T225931_055478_06C4A7_0344_COG.SAFE"
    }
   }
  },
  {
   "type": "Feature",
   "geometry": {
    "type": "Point",
    "coordinates": [
     -75.82230042132245,
     38.04671965414317
    ]
   },
   "properties": {
    "kind": "unmatched",
    "domain": "sea",
    "t_start": "2024-09-01T22:59:06+00:00",
    "t_end": "2024-09-01T22:59:06+00:00",
    "duration_s": 0.0,
    "confidence": 0.421953488372093,
    "platform_ids": [],
    "evidence": {
     "sensor": "sentinel1-vv-cfar",
     "detector_confidence": 0.756,
     "detection_rate_this_pass": 0.558,
     "reports_considered": 43,
     "reports_with_a_fix": 43,
     "search_radius_m": 121.4,
     "snr": 15.13,
     "length_m_approx": 43.6,
     "pixels": 19,
     "scene": "S1A_IW_GRDH_1SDV_20240901T225906_20240901T225931_055478_06C4A7_0344_COG.SAFE"
    }
   }
  },
  {
   "type": "Feature",
   "geometry": {
    "type": "Point",
    "coordinates": [
     -74.92199414793298,
     38.33365530510681
    ]
   },
   "properties": {
    "kind": "unmatched",
    "domain": "sea",
    "t_start": "2024-09-01T22:59:06+00:00",
    "t_end": "2024-09-01T22:59:06+00:00",
    "duration_s": 0.0,
    "confidence": 0.5302325581395348,
    "platform_ids": [],
    "evidence": {
     "sensor": "sentinel1-vv-cfar",
     "detector_confidence": 0.95,
     "detection_rate_this_pass": 0.558,
     "reports_considered": 43,
     "reports_with_a_fix": 43,
     "search_radius_m": 200.4,
     "snr": 183.79,
     "length_m_approx": 87.2,
     "pixels": 76,
     "scene": "S1A_IW_GRDH_1SDV_20240901T225906_20240901T225931_055478_06C4A7_0344_COG.SAFE"
    }
   }
  },
  {
   "type": "Feature",
   "geometry": {
    "type": "Point",
    "coordinates": [
     -76.60022589749668,
     38.15458142194474
    ]
   },
   "properties": {
    "kind": "unmatched",
    "domain": "sea",
    "t_start": "2024-09-01T22:59:06+00:00",
    "t_end": "2024-09-01T22:59:06+00:00",
    "duration_s": 0.0,
    "confidence": 0.5028837209302326,
    "platform_ids": [],
    "evidence": {
     "sensor": "sentinel1-vv-cfar",
     "detector_confidence": 0.901,
     "detection_rate_this_pass": 0.558,
     "reports_considered": 43,
     "reports_with_a_fix": 43,
     "search_radius_m": 112.6,
     "snr": 18.02,
     "length_m_approx": 34.6,
     "pixels": 12,
     "scene": "S1A_IW_GRDH_1SDV_20240901T225906_20240901T225931_055478_06C4A7_0344_COG.SAFE"
    }
   }
  },
  {
   "type": "Feature",
   "geometry": {
    "type": "Point",
    "coordinates": [
     -76.24912099747644,
     38.25634567331444
    ]
   },
   "properties": {
    "kind": "unmatched",
    "domain": "sea",
    "t_start": "2024-09-01T22:59:06+00:00",
    "t_end": "2024-09-01T22:59:06+00:00",
    "duration_s": 0.0,
    "confidence": 0.5302325581395348,
    "platform_ids": [],
    "evidence": {
     "sensor": "sentinel1-vv-cfar",
     "detector_confidence": 0.95,
     "detection_rate_this_pass": 0.558,
     "reports_considered": 43,
     "reports_with_a_fix": 43,
     "search_radius_m": 157.7,
     "snr": 115.44,
     "length_m_approx": 62.4,
     "pixels": 39,
     "scene": "S1A_IW_GRDH_1SDV_20240901T225906_20240901T225931_055478_06C4A7_0344_COG.SAFE"
    }
   }
  },
  {
   "type": "Feature",
   "geometry": {
    "type": "Point",
    "coordinates": [
     -76.28351497145019,
     38.31564282664283
    ]
   },
   "properties": {
    "kind": "unmatched",
    "domain": "sea",
    "t_start": "2024-09-01T22:59:06+00:00",
    "t_end": "2024-09-01T22:59:06+00:00",
    "duration_s": 0.0,
    "confidence": 0.5302325581395348,
    "platform_ids": [],
    "evidence": {
     "sensor": "sentinel1-vv-cfar",
     "detector_confidence": 0.95,
     "detection_rate_this_pass": 0.558,
     "reports_considered": 43,
     "reports_with_a_fix": 43,
     "search_radius_m": 124.1,
     "snr": 53.04,
     "length_m_approx": 42.4,
     "pixels": 18,
     "scene": "S1A_IW_GRDH_1SDV_20240901T225906_20240901T225931_055478_06C4A7_0344_COG.SAFE"
    }
   }
  },
  {
   "type": "Feature",
   "geometry": {
    "type": "Point",
    "coordinates": [
     -76.28093775315362,
     38.32921115016522
    ]
   },
   "properties": {
    "kind": "unmatched",
    "domain": "sea",
    "t_start": "2024-09-01T22:59:06+00:00",
    "t_end": "2024-09-01T22:59:06+00:00",
    "duration_s": 0.0,
    "confidence": 0.5302325581395348,
    "platform_ids": [],
    "evidence": {
     "sensor": "sentinel1-vv-cfar",
     "detector_confidence": 0.95,
     "detection_rate_this_pass": 0.558,
     "reports_considered": 43,
     "reports_with_a_fix": 43,
     "search_radius_m": 182.8,
     "snr": 44.01,
     "length_m_approx": 76.2,
     "pixels": 58,
     "scene": "S1A_IW_GRDH_1SDV_20240901T225906_20240901T225931_055478_06C4A7_0344_COG.SAFE"
    }
   }
  },
  {
   "type": "Feature",
   "geometry": {
    "type": "Point",
    "coordinates": [
     -76.24190463706307,
     38.20554896898809
    ]
   },
   "properties": {
    "kind": "unmatched",
    "domain": "sea",
    "t_start": "2024-09-01T22:59:06+00:00",
    "t_end": "2024-09-01T22:59:06+00:00",
    "duration_s": 0.0,
    "confidence": 0.5302325581395348,
    "platform_ids": [],
    "evidence": {
     "sensor": "sentinel1-vv-cfar",
     "detector_confidence": 0.95,
     "detection_rate_this_pass": 0.558,
     "reports_considered": 43,
     "reports_with_a_fix": 43,
     "search_radius_m": 118.4,
     "snr": 28.27,
     "length_m_approx": 38.7,
     "pixels": 15,
     "scene": "S1A_IW_GRDH_1SDV_20240901T225906_20240901T225931_055478_06C4A7_0344_COG.SAFE"
    }
   }
  },
  {
   "type": "Feature",
   "geometry": {
    "type": "Point",
    "coordinates": [
     -76.35188289989134,
     38.30388832488936
    ]
   },
   "properties": {
    "kind": "unmatched",
    "domain": "sea",
    "t_start": "2024-09-01T22:59:06+00:00",
    "t_end": "2024-09-01T22:59:06+00:00",
    "duration_s": 0.0,
    "confidence": 0.5302325581395348,
    "platform_ids": [],
    "evidence": {
     "sensor": "sentinel1-vv-cfar",
     "detector_confidence": 0.95,
     "detection_rate_this_pass": 0.558,
     "reports_considered": 43,
     "reports_with_a_fix": 43,
     "search_radius_m": 114.5,
     "snr": 26.5,
     "length_m_approx": 36.1,
     "pixels": 13,
     "scene": "S1A_IW_GRDH_1SDV_20240901T225906_20240901T225931_055478_06C4A7_0344_COG.SAFE"
    }
   }
  },
  {
   "type": "Feature",
   "geometry": {
    "type": "Point",
    "coordinates": [
     -76.33015824727494,
     38.214356387849946
    ]
   },
   "properties": {
    "kind": "unmatched",
    "domain": "sea",
    "t_start": "2024-09-01T22:59:06+00:00",
    "t_end": "2024-09-01T22:59:06+00:00",
    "duration_s": 0.0,
    "confidence": 0.521860465116279,
    "platform_ids": [],
    "evidence": {
     "sensor": "sentinel1-vv-cfar",
     "detector_confidence": 0.935,
     "detection_rate_this_pass": 0.558,
     "reports_considered": 43,
     "reports_with_a_fix": 43,
     "search_radius_m": 106.4,
     "snr": 18.7,
     "length_m_approx": 30.0,
     "pixels": 9,
     "scene": "S1A_IW_GRDH_1SDV_20240901T225906_20240901T225931_055478_06C4A7_0344_COG.SAFE"
    }
   }
  },
  {
   "type": "Feature",
   "geometry": {
    "type": "Point",
    "coordinates": [
     -76.15490540573226,
     38.20495727113047
    ]
   },
   "properties": {
    "kind": "unmatched",
    "domain": "sea",
    "t_start": "2024-09-01T22:59:06+00:00",
    "t_end": "2024-09-01T22:59:06+00:00",
    "duration_s": 0.0,
    "confidence": 0.5302325581395348,
    "platform_ids": [],
    "evidence": {
     "sensor": "sentinel1-vv-cfar",
     "detector_confidence": 0.95,
     "detection_rate_this_pass": 0.558,
     "reports_considered": 43,
     "reports_with_a_fix": 43,
     "search_radius_m": 125.8,
     "snr": 43.54,
     "length_m_approx": 44.7,
     "pixels": 20,
     "scene": "S1A_IW_GRDH_1SDV_20240901T225906_20240901T225931_055478_06C4A7_0344_COG.SAFE"
    }
   }
  },
  {
   "type": "Feature",
   "geometry": {
    "type": "Point",
    "coordinates": [
     -76.04975471093978,
     38.21607957013201
    ]
   },
   "properties": {
    "kind": "unmatched",
    "domain": "sea",
    "t_start": "2024-09-01T22:59:06+00:00",
    "t_end": "2024-09-01T22:59:06+00:00",
    "duration_s": 0.0,
    "confidence": 0.5302325581395348,
    "platform_ids": [],
    "evidence": {
     "sensor": "sentinel1-vv-cfar",
     "detector_confidence": 0.95,
     "detection_rate_this_pass": 0.558,
     "reports_considered": 43,
     "reports_with_a_fix": 43,
     "search_radius_m": 110.7,
     "snr": 27.75,
     "length_m_approx": 34.6,
     "pixels": 12,
     "scene": "S1A_IW_GRDH_1SDV_20240901T225906_20240901T225931_055478_06C4A7_0344_COG.SAFE"
    }
   }
  },
  {
   "type": "Feature",
   "geometry": {
    "type": "Point",
    "coordinates": [
     -76.20731175292583,
     38.314217209589536
    ]
   },
   "properties": {
    "kind": "unmatched",
    "domain": "sea",
    "t_start": "2024-09-01T22:59:06+00:00",
    "t_end": "2024-09-01T22:59:06+00:00",
    "duration_s": 0.0,
    "confidence": 0.5302325581395348,
    "platform_ids": [],
    "evidence": {
     "sensor": "sentinel1-vv-cfar",
     "detector_confidence": 0.95,
     "detection_rate_this_pass": 0.558,
     "reports_considered": 43,
     "reports_with_a_fix": 43,
     "search_radius_m": 110.7,
     "snr": 24.82,
     "length_m_approx": 34.6,
     "pixels": 12,
     "scene": "S1A_IW_GRDH_1SDV_20240901T225906_20240901T225931_055478_06C4A7_0344_COG.SAFE"
    }
   }
  },
  {
   "type": "Feature",
   "geometry": {
    "type": "Point",
    "coordinates": [
     -76.15467699945107,
     38.29103404524848
    ]
   },
   "properties": {
    "kind": "unmatched",
    "domain": "sea",
    "t_start": "2024-09-01T22:59:06+00:00",
    "t_end": "2024-09-01T22:59:06+00:00",
    "duration_s": 0.0,
    "confidence": 0.5302325581395348,
    "platform_ids": [],
    "evidence": {
     "sensor": "sentinel1-vv-cfar",
     "detector_confidence": 0.95,
     "detection_rate_this_pass": 0.558,
     "reports_considered": 43,
     "reports_with_a_fix": 43,
     "search_radius_m": 108.6,
     "snr": 23.54,
     "length_m_approx": 33.2,
     "pixels": 11,
     "scene": "S1A_IW_GRDH_1SDV_20240901T225906_20240901T225931_055478_06C4A7_0344_COG.SAFE"
    }
   }
  },
  {
   "type": "Feature",
   "geometry": {
    "type": "Point",
    "coordinates": [
     -76.07496173301902,
     38.22682898136689
    ]
   },
   "properties": {
    "kind": "unmatched",
    "domain": "sea",
    "t_start": "2024-09-01T22:59:06+00:00",
    "t_end": "2024-09-01T22:59:06+00:00",
    "duration_s": 0.0,
    "confidence": 0.4749767441860465,
    "platform_ids": [],
    "evidence": {
     "sensor": "sentinel1-vv-cfar",
     "detector_confidence": 0.851,
     "detection_rate_this_pass": 0.558,
     "reports_considered": 43,
     "reports_with_a_fix": 43,
     "search_radius_m": 104.3,
     "snr": 17.01,
     "length_m_approx": 30.0,
     "pixels": 9,
     "scene": "S1A_IW_GRDH_1SDV_20240901T225906_20240901T225931_055478_06C4A7_0344_COG.SAFE"
    }
   }
  },
  {
   "type": "Feature",
   "geometry": {
    "type": "Point",
    "coordinates": [
     -75.92550890639767,
     38.302854016497335
    ]
   },
   "properties": {
    "kind": "unmatched",
    "domain": "sea",
    "t_start": "2024-09-01T22:59:06+00:00",
    "t_end": "2024-09-01T22:59:06+00:00",
    "duration_s": 0.0,
    "confidence": 0.4314418604651163,
    "platform_ids": [],
    "evidence": {
     "sensor": "sentinel1-vv-cfar",
     "detector_confidence": 0.773,
     "detection_rate_this_pass": 0.558,
     "reports_considered": 43,
     "reports_with_a_fix": 43,
     "search_radius_m": 96.7,
     "snr": 15.46,
     "length_m_approx": 26.5,
     "pixels": 7,
     "scene": "S1A_IW_GRDH_1SDV_20240901T225906_20240901T225931_055478_06C4A7_0344_COG.SAFE"
    }
   }
  },
  {
   "type": "Feature",
   "geometry": {
    "type": "Point",
    "coordinates": [
     -74.9559816561715,
     38.44682205363695
    ]
   },
   "properties": {
    "kind": "unmatched",
    "domain": "sea",
    "t_start": "2024-09-01T22:59:06+00:00",
    "t_end": "2024-09-01T22:59:06+00:00",
    "duration_s": 0.0,
    "confidence": 0.5302325581395348,
    "platform_ids": [],
    "evidence": {
     "sensor": "sentinel1-vv-cfar",
     "detector_confidence": 0.95,
     "detection_rate_this_pass": 0.558,
     "reports_considered": 43,
     "reports_with_a_fix": 43,
     "search_radius_m": 104.3,
     "snr": 21.36,
     "length_m_approx": 33.2,
     "pixels": 11,
     "scene": "S1A_IW_GRDH_1SDV_20240901T225906_20240901T225931_055478_06C4A7_0344_COG.SAFE"
    }
   }
  },
  {
   "type": "Feature",
   "geometry": {
    "type": "Point",
    "coordinates": [
     -74.90604856339883,
     38.48661803935498
    ]
   },
   "properties": {
    "kind": "unmatched",
    "domain": "sea",
    "t_start": "2024-09-01T22:59:06+00:00",
    "t_end": "2024-09-01T22:59:06+00:00",
    "duration_s": 0.0,
    "confidence": 0.44595348837209303,
    "platform_ids": [],
    "evidence": {
     "sensor": "sentinel1-vv-cfar",
     "detector_confidence": 0.799,
     "detection_rate_this_pass": 0.558,
     "reports_considered": 43,
     "reports_with_a_fix": 43,
     "search_radius_m": 108.6,
     "snr": 15.99,
     "length_m_approx": 36.1,
     "pixels": 13,
     "scene": "S1A_IW_GRDH_1SDV_20240901T225906_20240901T225931_055478_06C4A7_0344_COG.SAFE"
    }
   }
  },
  {
   "type": "Feature",
   "geometry": {
    "type": "Point",
    "coordinates": [
     -74.78169297232,
     38.5454832897664
    ]
   },
   "properties": {
    "kind": "unmatched",
    "domain": "sea",
    "t_start": "2024-09-01T22:59:06+00:00",
    "t_end": "2024-09-01T22:59:06+00:00",
    "duration_s": 0.0,
    "confidence": 0.48948837209302326,
    "platform_ids": [],
    "evidence": {
     "sensor": "sentinel1-vv-cfar",
     "detector_confidence": 0.877,
     "detection_rate_this_pass": 0.558,
     "reports_considered": 43,
     "reports_with_a_fix": 43,
     "search_radius_m": 100.0,
     "snr": 17.53,
     "length_m_approx": 30.0,
     "pixels": 9,
     "scene": "S1A_IW_GRDH_1SDV_20240901T225906_20240901T225931_055478_06C4A7_0344_COG.SAFE"
    }
   }
  },
  {
   "type": "Feature",
   "geometry": {
    "type": "Point",
    "coordinates": [
     -74.69569053067914,
     38.45487664807236
    ]
   },
   "properties": {
    "kind": "unmatched",
    "domain": "sea",
    "t_start": "2024-09-01T22:59:06+00:00",
    "t_end": "2024-09-01T22:59:06+00:00",
    "duration_s": 0.0,
    "confidence": 0.4314418604651163,
    "platform_ids": [],
    "evidence": {
     "sensor": "sentinel1-vv-cfar",
     "detector_confidence": 0.773,
     "detection_rate_this_pass": 0.558,
     "reports_considered": 43,
     "reports_with_a_fix": 43,
     "search_radius_m": 106.4,
     "snr": 15.47,
     "length_m_approx": 34.6,
     "pixels": 12,
     "scene": "S1A_IW_GRDH_1SDV_20240901T225906_20240901T225931_055478_06C4A7_0344_COG.SAFE"
    }
   }
  },
  {
   "type": "Feature",
   "geometry": {
    "type": "Point",
    "coordinates": [
     -74.00059621146463,
     38.574795210044876
    ]
   },
   "properties": {
    "kind": "unmatched",
    "domain": "sea",
    "t_start": "2024-09-01T22:59:06+00:00",
    "t_end": "2024-09-01T22:59:06+00:00",
    "duration_s": 0.0,
    "confidence": 0.5302325581395348,
    "platform_ids": [],
    "evidence": {
     "sensor": "sentinel1-vv-cfar",
     "detector_confidence": 0.95,
     "detection_rate_this_pass": 0.558,
     "reports_considered": 43,
     "reports_with_a_fix": 43,
     "search_radius_m": 157.7,
     "snr": 29.91,
     "length_m_approx": 64.8,
     "pixels": 42,
     "scene": "S1A_IW_GRDH_1SDV_20240901T225906_20240901T225931_055478_06C4A7_0344_COG.SAFE"
    }
   }
  },
  {
   "type": "Feature",
   "geometry": {
    "type": "Point",
    "coordinates": [
     -74.0457309771811,
     38.61576125148391
    ]
   },
   "properties": {
    "kind": "unmatched",
    "domain": "sea",
    "t_start": "2024-09-01T22:59:06+00:00",
    "t_end": "2024-09-01T22:59:06+00:00",
    "duration_s": 0.0,
    "confidence": 0.44372093023255815,
    "platform_ids": [],
    "evidence": {
     "sensor": "sentinel1-vv-cfar",
     "detector_confidence": 0.795,
     "detection_rate_this_pass": 0.558,
     "reports_considered": 43,
     "reports_with_a_fix": 43,
     "search_radius_m": 129.6,
     "snr": 15.91,
     "length_m_approx": 49.0,
     "pixels": 24,
     "scene": "S1A_IW_GRDH_1SDV_20240901T225906_20240901T225931_055478_06C4A7_0344_COG.SAFE"
    }
   }
  },
  {
   "type": "Feature",
   "geometry": {
    "type": "Point",
    "coordinates": [
     -76.60727508453738,
     38.430564226968436
    ]
   },
   "properties": {
    "kind": "unmatched",
    "domain": "sea",
    "t_start": "2024-09-01T22:59:06+00:00",
    "t_end": "2024-09-01T22:59:06+00:00",
    "duration_s": 0.0,
    "confidence": 0.5302325581395348,
    "platform_ids": [],
    "evidence": {
     "sensor": "sentinel1-vv-cfar",
     "detector_confidence": 0.95,
     "detection_rate_this_pass": 0.558,
     "reports_considered": 43,
     "reports_with_a_fix": 43,
     "search_radius_m": 110.4,
     "snr": 24.43,
     "length_m_approx": 33.2,
     "pixels": 11,
     "scene": "S1A_IW_GRDH_1SDV_20240901T225906_20240901T225931_055478_06C4A7_0344_COG.SAFE"
    }
   }
  },
  {
   "type": "Feature",
   "geometry": {
    "type": "Point",
    "coordinates": [
     -76.36057563423812,
     38.351432878538304
    ]
   },
   "properties": {
    "kind": "unmatched",
    "domain": "sea",
    "t_start": "2024-09-01T22:59:06+00:00",
    "t_end": "2024-09-01T22:59:06+00:00",
    "duration_s": 0.0,
    "confidence": 0.5302325581395348,
    "platform_ids": [],
    "evidence": {
     "sensor": "sentinel1-vv-cfar",
     "detector_confidence": 0.95,
     "detection_rate_this_pass": 0.558,
     "reports_considered": 43,
     "reports_with_a_fix": 43,
     "search_radius_m": 122.1,
     "snr": 44.13,
     "length_m_approx": 41.2,
     "pixels": 17,
     "scene": "S1A_IW_GRDH_1SDV_20240901T225906_20240901T225931_055478_06C4A7_0344_COG.SAFE"
    }
   }
  },
  {
   "type": "Feature",
   "geometry": {
    "type": "Point",
    "coordinates": [
     -76.38384805926935,
     38.40352518084069
    ]
   },
   "properties": {
    "kind": "unmatched",
    "domain": "sea",
    "t_start": "2024-09-01T22:59:06+00:00",
    "t_end": "2024-09-01T22:59:06+00:00",
    "duration_s": 0.0,
    "confidence": 0.5302325581395348,
    "platform_ids": [],
    "evidence": {
     "sensor": "sentinel1-vv-cfar",
     "detector_confidence": 0.95,
     "detection_rate_this_pass": 0.558,
     "reports_considered": 43,
     "reports_with_a_fix": 43,
     "search_radius_m": 210.3,
     "snr": 25.33,
     "length_m_approx": 90.6,
     "pixels": 82,
     "scene": "S1A_IW_GRDH_1SDV_20240901T225906_20240901T225931_055478_06C4A7_0344_COG.SAFE"
    }
   }
  },
  {
   "type": "Feature",
   "geometry": {
    "type": "Point",
    "coordinates": [
     -76.38282491062571,
     38.40244655698348
    ]
   },
   "properties": {
    "kind": "unmatched",
    "domain": "sea",
    "t_start": "2024-09-01T22:59:06+00:00",
    "t_end": "2024-09-01T22:59:06+00:00",
    "duration_s": 0.0,
    "confidence": 0.5302325581395348,
    "platform_ids": [],
    "evidence": {
     "sensor": "sentinel1-vv-cfar",
     "detector_confidence": 0.95,
     "detection_rate_this_pass": 0.558,
     "reports_considered": 43,
     "reports_with_a_fix": 43,
     "search_radius_m": 130.9,
     "snr": 24.72,
     "length_m_approx": 46.9,
     "pixels": 22,
     "scene": "S1A_IW_GRDH_1SDV_20240901T225906_20240901T225931_055478_06C4A7_0344_COG.SAFE"
    }
   }
  },
  {
   "type": "Feature",
   "geometry": {
    "type": "Point",
    "coordinates": [
     -76.30830919601874,
     38.3565273822991
    ]
   },
   "properties": {
    "kind": "unmatched",
    "domain": "sea",
    "t_start": "2024-09-01T22:59:06+00:00",
    "t_end": "2024-09-01T22:59:06+00:00",
    "duration_s": 0.0,
    "confidence": 0.5302325581395348,
    "platform_ids": [],
    "evidence": {
     "sensor": "sentinel1-vv-cfar",
     "detector_confidence": 0.95,
     "detection_rate_this_pass": 0.558,
     "reports_considered": 43,
     "reports_with_a_fix": 43,
     "search_radius_m": 114.5,
     "snr": 23.88,
     "length_m_approx": 36.1,
     "pixels": 13,
     "scene": "S1A_IW_GRDH_1SDV_20240901T225906_20240901T225931_055478_06C4A7_0344_COG.SAFE"
    }
   }
  },
  {
   "type": "Feature",
   "geometry": {
    "type": "Point",
    "coordinates": [
     -76.33781133443945,
     38.51645739595827
    ]
   },
   "properties": {
    "kind": "unmatched",
    "domain": "sea",
    "t_start": "2024-09-01T22:59:06+00:00",
    "t_end": "2024-09-01T22:59:06+00:00",
    "duration_s": 0.0,
    "confidence": 0.5302325581395348,
    "platform_ids": [],
    "evidence": {
     "sensor": "sentinel1-vv-cfar",
     "detector_confidence": 0.95,
     "detection_rate_this_pass": 0.558,
     "reports_considered": 43,
     "reports_with_a_fix": 43,
     "search_radius_m": 129.2,
     "snr": 21.16,
     "length_m_approx": 45.8,
     "pixels": 21,
     "scene": "S1A_IW_GRDH_1SDV_20240901T225906_20240901T225931_055478_06C4A7_0344_COG.SAFE"
    }
   }
  },
  {
   "type": "Feature",
   "geometry": {
    "type": "Point",
    "coordinates": [
     -76.38637307912985,
     38.534982361434835
    ]
   },
   "properties": {
    "kind": "unmatched",
    "domain": "sea",
    "t_start": "2024-09-01T22:59:06+00:00",
    "t_end": "2024-09-01T22:59:06+00:00",
    "duration_s": 0.0,
    "confidence": 0.5302325581395348,
    "platform_ids": [],
    "evidence": {
     "sensor": "sentinel1-vv-cfar",
     "detector_confidence": 0.95,
     "detection_rate_this_pass": 0.558,
     "reports_considered": 43,
     "reports_with_a_fix": 43,
     "search_radius_m": 106.4,
     "snr": 19.53,
     "length_m_approx": 31.6,
     "pixels": 10,
     "scene": "S1A_IW_GRDH_1SDV_20240901T225906_20240901T225931_055478_06C4A7_0344_COG.SAFE"
    }
   }
  },
  {
   "type": "Feature",
   "geometry": {
    "type": "Point",
    "coordinates": [
     -76.38455001002576,
     38.40244450655976
    ]
   },
   "properties": {
    "kind": "unmatched",
    "domain": "sea",
    "t_start": "2024-09-01T22:59:06+00:00",
    "t_end": "2024-09-01T22:59:06+00:00",
    "duration_s": 0.0,
    "confidence": 0.4593488372093023,
    "platform_ids": [],
    "evidence": {
     "sensor": "sentinel1-vv-cfar",
     "detector_confidence": 0.823,
     "detection_rate_this_pass": 0.558,
     "reports_considered": 43,
     "reports_with_a_fix": 43,
     "search_radius_m": 144.1,
     "snr": 16.47,
     "length_m_approx": 54.8,
     "pixels": 30,
     "scene": "S1A_IW_GRDH_1SDV_20240901T225906_20240901T225931_055478_06C4A7_0344_COG.SAFE"
    }
   }
  },
  {
   "type": "Feature",
   "geometry": {
    "type": "Point",
    "coordinates": [
     -76.27124804753886,
     38.50508297416899
    ]
   },
   "properties": {
    "kind": "unmatched",
    "domain": "sea",
    "t_start": "2024-09-01T22:59:06+00:00",
    "t_end": "2024-09-01T22:59:06+00:00",
    "duration_s": 0.0,
    "confidence": 0.4526511627906977,
    "platform_ids": [],
    "evidence": {
     "sensor": "sentinel1-vv-cfar",
     "detector_confidence": 0.811,
     "detection_rate_this_pass": 0.558,
     "reports_considered": 43,
     "reports_with_a_fix": 43,
     "search_radius_m": 102.3,
     "snr": 16.22,
     "length_m_approx": 28.3,
     "pixels": 8,
     "scene": "S1A_IW_GRDH_1SDV_20240901T225906_20240901T225931_055478_06C4A7_0344_COG.SAFE"
    }
   }
  },
  {
   "type": "Feature",
   "geometry": {
    "type": "Point",
    "coordinates": [
     -76.38490788572255,
     38.40474023197014
    ]
   },
   "properties": {
    "kind": "unmatched",
    "domain": "sea",
    "t_start": "2024-09-01T22:59:06+00:00",
    "t_end": "2024-09-01T22:59:06+00:00",
    "duration_s": 0.0,
    "confidence": 0.42641860465116277,
    "platform_ids": [],
    "evidence": {
     "sensor": "sentinel1-vv-cfar",
     "detector_confidence": 0.764,
     "detection_rate_this_pass": 0.558,
     "reports_considered": 43,
     "reports_with_a_fix": 43,
     "search_radius_m": 148.8,
     "snr": 15.27,
     "length_m_approx": 57.4,
     "pixels": 33,
     "scene": "S1A_IW_GRDH_1SDV_20240901T225906_20240901T225931_055478_06C4A7_0344_COG.SAFE"
    }
   }
  },
  {
   "type": "Feature",
   "geometry": {
    "type": "Point",
    "coordinates": [
     -75.09359720271422,
     38.59334003376224
    ]
   },
   "properties": {
    "kind": "unmatched",
    "domain": "sea",
    "t_start": "2024-09-01T22:59:06+00:00",
    "t_end": "2024-09-01T22:59:06+00:00",
    "duration_s": 0.0,
    "confidence": 0.5302325581395348,
    "platform_ids": [],
    "evidence": {
     "sensor": "sentinel1-vv-cfar",
     "detector_confidence": 0.95,
     "detection_rate_this_pass": 0.558,
     "reports_considered": 43,
     "reports_with_a_fix": 43,
     "search_radius_m": 141.2,
     "snr": 25.2,
     "length_m_approx": 55.7,
     "pixels": 31,
     "scene": "S1A_IW_GRDH_1SDV_20240901T225906_20240901T225931_055478_06C4A7_0344_COG.SAFE"
    }
   }
  },
  {
   "type": "Feature",
   "geometry": {
    "type": "Point",
    "coordinates": [
     -75.0994298322252,
     38.59747006768767
    ]
   },
   "properties": {
    "kind": "unmatched",
    "domain": "sea",
    "t_start": "2024-09-01T22:59:06+00:00",
    "t_end": "2024-09-01T22:59:06+00:00",
    "duration_s": 0.0,
    "confidence": 0.5302325581395348,
    "platform_ids": [],
    "evidence": {
     "sensor": "sentinel1-vv-cfar",
     "detector_confidence": 0.95,
     "detection_rate_this_pass": 0.558,
     "reports_considered": 43,
     "reports_with_a_fix": 43,
     "search_radius_m": 104.6,
     "snr": 20.38,
     "length_m_approx": 33.2,
     "pixels": 11,
     "scene": "S1A_IW_GRDH_1SDV_20240901T225906_20240901T225931_055478_06C4A7_0344_COG.SAFE"
    }
   }
  },
  {
   "type": "Feature",
   "geometry": {
    "type": "Point",
    "coordinates": [
     -75.10474880362419,
     38.67501965275708
    ]
   },
   "properties": {
    "kind": "unmatched",
    "domain": "sea",
    "t_start": "2024-09-01T22:59:06+00:00",
    "t_end": "2024-09-01T22:59:06+00:00",
    "duration_s": 0.0,
    "confidence": 0.5224186046511629,
    "platform_ids": [],
    "evidence": {
     "sensor": "sentinel1-vv-cfar",
     "detector_confidence": 0.936,
     "detection_rate_this_pass": 0.558,
     "reports_considered": 43,
     "reports_with_a_fix": 43,
     "search_radius_m": 136.6,
     "snr": 18.71,
     "length_m_approx": 52.9,
     "pixels": 28,
     "scene": "S1A_IW_GRDH_1SDV_20240901T225906_20240901T225931_055478_06C4A7_0344_COG.SAFE"
    }
   }
  },
  {
   "type": "Feature",
   "geometry": {
    "type": "Point",
    "coordinates": [
     -75.12254510709158,
     38.663372807895016
    ]
   },
   "properties": {
    "kind": "unmatched",
    "domain": "sea",
    "t_start": "2024-09-01T22:59:06+00:00",
    "t_end": "2024-09-01T22:59:06+00:00",
    "duration_s": 0.0,
    "confidence": 0.46493023255813953,
    "platform_ids": [],
    "evidence": {
     "sensor": "sentinel1-vv-cfar",
     "detector_confidence": 0.833,
     "detection_rate_this_pass": 0.558,
     "reports_considered": 43,
     "reports_with_a_fix": 43,
     "search_radius_m": 116.8,
     "snr": 16.66,
     "length_m_approx": 41.2,
     "pixels": 17,
     "scene": "S1A_IW_GRDH_1SDV_20240901T225906_20240901T225931_055478_06C4A7_0344_COG.SAFE"
    }
   }
  },
  {
   "type": "Feature",
   "geometry": {
    "type": "Point",
    "coordinates": [
     -75.12354537593578,
     38.66536956272358
    ]
   },
   "properties": {
    "kind": "unmatched",
    "domain": "sea",
    "t_start": "2024-09-01T22:59:06+00:00",
    "t_end": "2024-09-01T22:59:06+00:00",
    "duration_s": 0.0,
    "confidence": 0.421953488372093,
    "platform_ids": [],
    "evidence": {
     "sensor": "sentinel1-vv-cfar",
     "detector_confidence": 0.756,
     "detection_rate_this_pass": 0.558,
     "reports_considered": 43,
     "reports_with_a_fix": 43,
     "search_radius_m": 98.1,
     "snr": 15.11,
     "length_m_approx": 28.3,
     "pixels": 8,
     "scene": "S1A_IW_GRDH_1SDV_20240901T225906_20240901T225931_055478_06C4A7_0344_COG.SAFE"
    }
   }
  },
  {
   "type": "Feature",
   "geometry": {
    "type": "Point",
    "coordinates": [
     -75.08973598663553,
     38.67184039293066
    ]
   },
   "properties": {
    "kind": "unmatched",
    "domain": "sea",
    "t_start": "2024-09-01T22:59:06+00:00",
    "t_end": "2024-09-01T22:59:06+00:00",
    "duration_s": 0.0,
    "confidence": 0.5302325581395348,
    "platform_ids": [],
    "evidence": {
     "sensor": "sentinel1-vv-cfar",
     "detector_confidence": 0.95,
     "detection_rate_this_pass": 0.558,
     "reports_considered": 43,
     "reports_with_a_fix": 43,
     "search_radius_m": 190.2,
     "snr": 40.29,
     "length_m_approx": 81.9,
     "pixels": 67,
     "scene": "S1A_IW_GRDH_1SDV_20240901T225906_20240901T225931_055478_06C4A7_0344_COG.SAFE"
    }
   }
  },
  {
   "type": "Feature",
   "geometry": {
    "type": "Point",
    "coordinates": [
     -74.95864923167225,
     38.73015216949774
    ]
   },
   "properties": {
    "kind": "unmatched",
    "domain": "sea",
    "t_start": "2024-09-01T22:59:06+00:00",
    "t_end": "2024-09-01T22:59:06+00:00",
    "duration_s": 0.0,
    "confidence": 0.5302325581395348,
    "platform_ids": [],
    "evidence": {
     "sensor": "sentinel1-vv-cfar",
     "detector_confidence": 0.95,
     "detection_rate_this_pass": 0.558,
     "reports_considered": 43,
     "reports_with_a_fix": 43,
     "search_radius_m": 126.1,
     "snr": 27.76,
     "length_m_approx": 46.9,
     "pixels": 22,
     "scene": "S1A_IW_GRDH_1SDV_20240901T225906_20240901T225931_055478_06C4A7_0344_COG.SAFE"
    }
   }
  },
  {
   "type": "Feature",
   "geometry": {
    "type": "Point",
    "coordinates": [
     -74.9815793165599,
     38.7114641630545
    ]
   },
   "properties": {
    "kind": "unmatched",
    "domain": "sea",
    "t_start": "2024-09-01T22:59:06+00:00",
    "t_end": "2024-09-01T22:59:06+00:00",
    "duration_s": 0.0,
    "confidence": 0.5302325581395348,
    "platform_ids": [],
    "evidence": {
     "sensor": "sentinel1-vv-cfar",
     "detector_confidence": 0.95,
     "detection_rate_this_pass": 0.558,
     "reports_considered": 43,
     "reports_with_a_fix": 43,
     "search_radius_m": 122.4,
     "snr": 25.25,
     "length_m_approx": 44.7,
     "pixels": 20,
     "scene": "S1A_IW_GRDH_1SDV_20240901T225906_20240901T225931_055478_06C4A7_0344_COG.SAFE"
    }
   }
  },
  {
   "type": "Feature",
   "geometry": {
    "type": "Point",
    "coordinates": [
     -75.04539077285506,
     38.60914510704434
    ]
   },
   "properties": {
    "kind": "unmatched",
    "domain": "sea",
    "t_start": "2024-09-01T22:59:06+00:00",
    "t_end": "2024-09-01T22:59:06+00:00",
    "duration_s": 0.0,
    "confidence": 0.42586046511627906,
    "platform_ids": [],
    "evidence": {
     "sensor": "sentinel1-vv-cfar",
     "detector_confidence": 0.763,
     "detection_rate_this_pass": 0.558,
     "reports_considered": 43,
     "reports_with_a_fix": 43,
     "search_radius_m": 102.6,
     "snr": 15.27,
     "length_m_approx": 31.6,
     "pixels": 10,
     "scene": "S1A_IW_GRDH_1SDV_20240901T225906_20240901T225931_055478_06C4A7_0344_COG.SAFE"
    }
   }
  },
  {
   "type": "Feature",
   "geometry": {
    "type": "Point",
    "coordinates": [
     -74.57517362929484,
     38.780353340679945
    ]
   },
   "properties": {
    "kind": "unmatched",
    "domain": "sea",
    "t_start": "2024-09-01T22:59:06+00:00",
    "t_end": "2024-09-01T22:59:06+00:00",
    "duration_s": 0.0,
    "confidence": 0.5302325581395348,
    "platform_ids": [],
    "evidence": {
     "sensor": "sentinel1-vv-cfar",
     "detector_confidence": 0.95,
     "detection_rate_this_pass": 0.558,
     "reports_considered": 43,
     "reports_with_a_fix": 43,
     "search_radius_m": 112.9,
     "snr": 25.53,
     "length_m_approx": 38.7,
     "pixels": 15,
     "scene": "S1A_IW_GRDH_1SDV_20240901T225906_20240901T225931_055478_06C4A7_0344_COG.SAFE"
    }
   }
  },
  {
   "type": "Feature",
   "geometry": {
    "type": "Point",
    "coordinates": [
     -76.37514060381054,
     38.639329806888725
    ]
   },
   "properties": {
    "kind": "unmatched",
    "domain": "sea",
    "t_start": "2024-09-01T22:59:06+00:00",
    "t_end": "2024-09-01T22:59:06+00:00",
    "duration_s": 0.0,
    "confidence": 0.5185116279069768,
    "platform_ids": [],
    "evidence": {
     "sensor": "sentinel1-vv-cfar",
     "detector_confidence": 0.929,
     "detection_rate_this_pass": 0.558,
     "reports_considered": 43,
     "reports_with_a_fix": 43,
     "search_radius_m": 112.6,
     "snr": 18.57,
     "length_m_approx": 36.1,
     "pixels": 13,
     "scene": "S1A_IW_GRDH_1SDV_20240901T225906_20240901T225931_055478_06C4A7_0344_COG.SAFE"
    }
   }
  },
  {
   "type": "Feature",
   "geometry": {
    "type": "Point",
    "coordinates": [
     -76.42684663636184,
     38.555228720866694
    ]
   },
   "properties": {
    "kind": "unmatched",
    "domain": "sea",
    "t_start": "2024-09-01T22:59:06+00:00",
    "t_end": "2024-09-01T22:59:06+00:00",
    "duration_s": 0.0,
    "confidence": 0.47888372093023257,
    "platform_ids": [],
    "evidence": {
     "sensor": "sentinel1-vv-cfar",
     "detector_confidence": 0.858,
     "detection_rate_this_pass": 0.558,
     "reports_considered": 43,
     "reports_with_a_fix": 43,
     "search_radius_m": 100.0,
     "snr": 17.16,
     "length_m_approx": 26.5,
     "pixels": 7,
     "scene": "S1A_IW_GRDH_1SDV_20240901T225906_20240901T225931_055478_06C4A7_0344_COG.SAFE"
    }
   }
  },
  {
   "type": "Feature",
   "geometry": {
    "type": "Point",
    "coordinates": [
     -76.07710903911835,
     38.59855821381302
    ]
   },
   "properties": {
    "kind": "unmatched",
    "domain": "sea",
    "t_start": "2024-09-01T22:59:06+00:00",
    "t_end": "2024-09-01T22:59:06+00:00",
    "duration_s": 0.0,
    "confidence": 0.5123720930232558,
    "platform_ids": [],
    "evidence": {
     "sensor": "sentinel1-vv-cfar",
     "detector_confidence": 0.918,
     "detection_rate_this_pass": 0.558,
     "reports_considered": 43,
     "reports_with_a_fix": 43,
     "search_radius_m": 102.3,
     "snr": 18.36,
     "length_m_approx": 28.3,
     "pixels": 8,
     "scene": "S1A_IW_GRDH_1SDV_20240901T225906_20240901T225931_055478_06C4A7_0344_COG.SAFE"
    }
   }
  },
  {
   "type": "Feature",
   "geometry": {
    "type": "Point",
    "coordinates": [
     -75.18111123450646,
     38.83278238938362
    ]
   },
   "properties": {
    "kind": "unmatched",
    "domain": "sea",
    "t_start": "2024-09-01T22:59:06+00:00",
    "t_end": "2024-09-01T22:59:06+00:00",
    "duration_s": 0.0,
    "confidence": 0.5302325581395348,
    "platform_ids": [],
    "evidence": {
     "sensor": "sentinel1-vv-cfar",
     "detector_confidence": 0.95,
     "detection_rate_this_pass": 0.558,
     "reports_considered": 43,
     "reports_with_a_fix": 43,
     "search_radius_m": 164.8,
     "snr": 31.09,
     "length_m_approx": 68.6,
     "pixels": 47,
     "scene": "S1A_IW_GRDH_1SDV_20240901T225906_20240901T225931_055478_06C4A7_0344_COG.SAFE"
    }
   }
  },
  {
   "type": "Feature",
   "geometry": {
    "type": "Point",
    "coordinates": [
     -75.1598736132028,
     38.8265685730495
    ]
   },
   "properties": {
    "kind": "unmatched",
    "domain": "sea",
    "t_start": "2024-09-01T22:59:06+00:00",
    "t_end": "2024-09-01T22:59:06+00:00",
    "duration_s": 0.0,
    "confidence": 0.5302325581395348,
    "platform_ids": [],
    "evidence": {
     "sensor": "sentinel1-vv-cfar",
     "detector_confidence": 0.95,
     "detection_rate_this_pass": 0.558,
     "reports_considered": 43,
     "reports_with_a_fix": 43,
     "search_radius_m": 139.8,
     "snr": 21.63,
     "length_m_approx": 54.8,
     "pixels": 30,
     "scene": "S1A_IW_GRDH_1SDV_20240901T225906_20240901T225931_055478_06C4A7_0344_COG.SAFE"
    }
   }
  },
  {
   "type": "Feature",
   "geometry": {
    "type": "Point",
    "coordinates": [
     -75.19404223179727,
     38.8448038595909
    ]
   },
   "properties": {
    "kind": "unmatched",
    "domain": "sea",
    "t_start": "2024-09-01T22:59:06+00:00",
    "t_end": "2024-09-01T22:59:06+00:00",
    "duration_s": 0.0,
    "confidence": 0.5151627906976745,
    "platform_ids": [],
    "evidence": {
     "sensor": "sentinel1-vv-cfar",
     "detector_confidence": 0.923,
     "detection_rate_this_pass": 0.558,
     "reports_considered": 43,
     "reports_with_a_fix": 43,
     "search_radius_m": 129.6,
     "snr": 18.47,
     "length_m_approx": 49.0,
     "pixels": 24,
     "scene": "S1A_IW_GRDH_1SDV_20240901T225906_20240901T225931_055478_06C4A7_0344_COG.SAFE"
    }
   }
  },
  {
   "type": "Feature",
   "geometry": {
    "type": "Point",
    "coordinates": [
     -75.1441262637641,
     38.83277484253984
    ]
   },
   "properties": {
    "kind": "unmatched",
    "domain": "sea",
    "t_start": "2024-09-01T22:59:06+00:00",
    "t_end": "2024-09-01T22:59:06+00:00",
    "duration_s": 0.0,
    "confidence": 0.4805581395348837,
    "platform_ids": [],
    "evidence": {
     "sensor": "sentinel1-vv-cfar",
     "detector_confidence": 0.861,
     "detection_rate_this_pass": 0.558,
     "reports_considered": 43,
     "reports_with_a_fix": 43,
     "search_radius_m": 134.8,
     "snr": 17.21,
     "length_m_approx": 52.0,
     "pixels": 27,
     "scene": "S1A_IW_GRDH_1SDV_20240901T225906_20240901T225931_055478_06C4A7_0344_COG.SAFE"
    }
   }
  },
  {
   "type": "Feature",
   "geometry": {
    "type": "Point",
    "coordinates": [
     -75.14339128779109,
     38.80328140137071
    ]
   },
   "properties": {
    "kind": "unmatched",
    "domain": "sea",
    "t_start": "2024-09-01T22:59:06+00:00",
    "t_end": "2024-09-01T22:59:06+00:00",
    "duration_s": 0.0,
    "confidence": 0.43367441860465117,
    "platform_ids": [],
    "evidence": {
     "sensor": "sentinel1-vv-cfar",
     "detector_confidence": 0.777,
     "detection_rate_this_pass": 0.558,
     "reports_considered": 43,
     "reports_with_a_fix": 43,
     "search_radius_m": 116.8,
     "snr": 15.55,
     "length_m_approx": 41.2,
     "pixels": 17,
     "scene": "S1A_IW_GRDH_1SDV_20240901T225906_20240901T225931_055478_06C4A7_0344_COG.SAFE"
    }
   }
  },
  {
   "type": "Feature",
   "geometry": {
    "type": "Point",
    "coordinates": [
     -75.03718874142314,
     38.90851214756322
    ]
   },
   "properties": {
    "kind": "unmatched",
    "domain": "sea",
    "t_start": "2024-09-01T22:59:06+00:00",
    "t_end": "2024-09-01T22:59:06+00:00",
    "duration_s": 0.0,
    "confidence": 0.5302325581395348,
    "platform_ids": [],
    "evidence": {
     "sensor": "sentinel1-vv-cfar",
     "detector_confidence": 0.95,
     "detection_rate_this_pass": 0.558,
     "reports_considered": 43,
     "reports_with_a_fix": 43,
     "search_radius_m": 121.1,
     "snr": 52.46,
     "length_m_approx": 43.6,
     "pixels": 19,
     "scene": "S1A_IW_GRDH_1SDV_20240901T225906_20240901T225931_055478_06C4A7_0344_COG.SAFE"
    }
   }
  },
  {
   "type": "Feature",
   "geometry": {
    "type": "Point",
    "coordinates": [
     -75.0919593626281,
     38.81460430520097
    ]
   },
   "properties": {
    "kind": "unmatched",
    "domain": "sea",
    "t_start": "2024-09-01T22:59:06+00:00",
    "t_end": "2024-09-01T22:59:06+00:00",
    "duration_s": 0.0,
    "confidence": 0.5302325581395348,
    "platform_ids": [],
    "evidence": {
     "sensor": "sentinel1-vv-cfar",
     "detector_confidence": 0.95,
     "detection_rate_this_pass": 0.558,
     "reports_considered": 43,
     "reports_with_a_fix": 43,
     "search_radius_m": 160.7,
     "snr": 50.42,
     "length_m_approx": 66.3,
     "pixels": 44,
     "scene": "S1A_IW_GRDH_1SDV_20240901T225906_20240901T225931_055478_06C4A7_0344_COG.SAFE"
    }
   }
  },
  {
   "type": "Feature",
   "geometry": {
    "type": "Point",
    "coordinates": [
     -75.02991742850287,
     38.792422539793115
    ]
   },
   "properties": {
    "kind": "unmatched",
    "domain": "sea",
    "t_start": "2024-09-01T22:59:06+00:00",
    "t_end": "2024-09-01T22:59:06+00:00",
    "duration_s": 0.0,
    "confidence": 0.5302325581395348,
    "platform_ids": [],
    "evidence": {
     "sensor": "sentinel1-vv-cfar",
     "detector_confidence": 0.95,
     "detection_rate_this_pass": 0.558,
     "reports_considered": 43,
     "reports_with_a_fix": 43,
     "search_radius_m": 116.8,
     "snr": 48.61,
     "length_m_approx": 41.2,
     "pixels": 17,
     "scene": "S1A_IW_GRDH_1SDV_20240901T225906_20240901T225931_055478_06C4A7_0344_COG.SAFE"
    }
   }
  },
  {
   "type": "Feature",
   "geometry": {
    "type": "Point",
    "coordinates": [
     -74.97581235733888,
     38.79954865655108
    ]
   },
   "properties": {
    "kind": "unmatched",
    "domain": "sea",
    "t_start": "2024-09-01T22:59:06+00:00",
    "t_end": "2024-09-01T22:59:06+00:00",
    "duration_s": 0.0,
    "confidence": 0.5302325581395348,
    "platform_ids": [],
    "evidence": {
     "sensor": "sentinel1-vv-cfar",
     "detector_confidence": 0.95,
     "detection_rate_this_pass": 0.558,
     "reports_considered": 43,
     "reports_with_a_fix": 43,
     "search_radius_m": 111.0,
     "snr": 46.58,
     "length_m_approx": 37.4,
     "pixels": 14,
     "scene": "S1A_IW_GRDH_1SDV_20240901T225906_20240901T225931_055478_06C4A7_0344_COG.SAFE"
    }
   }
  },
  {
   "type": "Feature",
   "geometry": {
    "type": "Point",
    "coordinates": [
     -75.11213787110167,
     38.80511608915617
    ]
   },
   "properties": {
    "kind": "unmatched",
    "domain": "sea",
    "t_start": "2024-09-01T22:59:06+00:00",
    "t_end": "2024-09-01T22:59:06+00:00",
    "duration_s": 0.0,
    "confidence": 0.5302325581395348,
    "platform_ids": [],
    "evidence": {
     "sensor": "sentinel1-vv-cfar",
     "detector_confidence": 0.95,
     "detection_rate_this_pass": 0.558,
     "reports_considered": 43,
     "reports_with_a_fix": 43,
     "search_radius_m": 112.9,
     "snr": 41.48,
     "length_m_approx": 38.7,
     "pixels": 15,
     "scene": "S1A_IW_GRDH_1SDV_20240901T225906_20240901T225931_055478_06C4A7_0344_COG.SAFE"
    }
   }
  },
  {
   "type": "Feature",
   "geometry": {
    "type": "Point",
    "coordinates": [
     -75.0342867368742,
     38.83311433406675
    ]
   },
   "properties": {
    "kind": "unmatched",
    "domain": "sea",
    "t_start": "2024-09-01T22:59:06+00:00",
    "t_end": "2024-09-01T22:59:06+00:00",
    "duration_s": 0.0,
    "confidence": 0.5302325581395348,
    "platform_ids": [],
    "evidence": {
     "sensor": "sentinel1-vv-cfar",
     "detector_confidence": 0.95,
     "detection_rate_this_pass": 0.558,
     "reports_considered": 43,
     "reports_with_a_fix": 43,
     "search_radius_m": 102.6,
     "snr": 24.65,
     "length_m_approx": 31.6,
     "pixels": 10,
     "scene": "S1A_IW_GRDH_1SDV_20240901T225906_20240901T225931_055478_06C4A7_0344_COG.SAFE"
    }
   }
  },
  {
   "type": "Feature",
   "geometry": {
    "type": "Point",
    "coordinates": [
     -74.92618622356092,
     38.781456429776306
    ]
   },
   "properties": {
    "kind": "unmatched",
    "domain": "sea",
    "t_start": "2024-09-01T22:59:06+00:00",
    "t_end": "2024-09-01T22:59:06+00:00",
    "duration_s": 0.0,
    "confidence": 0.5302325581395348,
    "platform_ids": [],
    "evidence": {
     "sensor": "sentinel1-vv-cfar",
     "detector_confidence": 0.95,
     "detection_rate_this_pass": 0.558,
     "reports_considered": 43,
     "reports_with_a_fix": 43,
     "search_radius_m": 127.8,
     "snr": 23.51,
     "length_m_approx": 48.0,
     "pixels": 23,
     "scene": "S1A_IW_GRDH_1SDV_20240901T225906_20240901T225931_055478_06C4A7_0344_COG.SAFE"
    }
   }
  },
  {
   "type": "Feature",
   "geometry": {
    "type": "Point",
    "coordinates": [
     -75.02294346061919,
     38.7462665231285
    ]
   },
   "properties": {
    "kind": "unmatched",
    "domain": "sea",
    "t_start": "2024-09-01T22:59:06+00:00",
    "t_end": "2024-09-01T22:59:06+00:00",
    "duration_s": 0.0,
    "confidence": 0.5302325581395348,
    "platform_ids": [],
    "evidence": {
     "sensor": "sentinel1-vv-cfar",
     "detector_confidence": 0.95,
     "detection_rate_this_pass": 0.558,
     "reports_considered": 43,
     "reports_with_a_fix": 43,
     "search_radius_m": 124.4,
     "snr": 22.57,
     "length_m_approx": 45.8,
     "pixels": 21,
     "scene": "S1A_IW_GRDH_1SDV_20240901T225906_20240901T225931_055478_06C4A7_0344_COG.SAFE"
    }
   }
  },
  {
   "type": "Feature",
   "geometry": {
    "type": "Point",
    "coordinates": [
     -75.02591460249062,
     38.82195666031023
    ]
   },
   "properties": {
    "kind": "unmatched",
    "domain": "sea",
    "t_start": "2024-09-01T22:59:06+00:00",
    "t_end": "2024-09-01T22:59:06+00:00",
    "duration_s": 0.0,
    "confidence": 0.5302325581395348,
    "platform_ids": [],
    "evidence": {
     "sensor": "sentinel1-vv-cfar",
     "detector_confidence": 0.95,
     "detection_rate_this_pass": 0.558,
     "reports_considered": 43,
     "reports_with_a_fix": 43,
     "search_radius_m": 100.3,
     "snr": 19.39,
     "length_m_approx": 30.0,
     "pixels": 9,
     "scene": "S1A_IW_GRDH_1SDV_20240901T225906_20240901T225931_055478_06C4A7_0344_COG.SAFE"
    }
   }
  },
  {
   "type": "Feature",
   "geometry": {
    "type": "Point",
    "coordinates": [
     -75.05482630217053,
     38.81365744411538
    ]
   },
   "properties": {
    "kind": "unmatched",
    "domain": "sea",
    "t_start": "2024-09-01T22:59:06+00:00",
    "t_end": "2024-09-01T22:59:06+00:00",
    "duration_s": 0.0,
    "confidence": 0.5240930232558139,
    "platform_ids": [],
    "evidence": {
     "sensor": "sentinel1-vv-cfar",
     "detector_confidence": 0.939,
     "detection_rate_this_pass": 0.558,
     "reports_considered": 43,
     "reports_with_a_fix": 43,
     "search_radius_m": 133.0,
     "snr": 18.78,
     "length_m_approx": 51.0,
     "pixels": 26,
     "scene": "S1A_IW_GRDH_1SDV_20240901T225906_20240901T225931_055478_06C4A7_0344_COG.SAFE"
    }
   }
  },
  {
   "type": "Feature",
   "geometry": {
    "type": "Point",
    "coordinates": [
     -75.07927548525527,
     38.855677271661534
    ]
   },
   "properties": {
    "kind": "unmatched",
    "domain": "sea",
    "t_start": "2024-09-01T22:59:06+00:00",
    "t_end": "2024-09-01T22:59:06+00:00",
    "duration_s": 0.0,
    "confidence": 0.521860465116279,
    "platform_ids": [],
    "evidence": {
     "sensor": "sentinel1-vv-cfar",
     "detector_confidence": 0.935,
     "detection_rate_this_pass": 0.558,
     "reports_considered": 43,
     "reports_with_a_fix": 43,
     "search_radius_m": 164.8,
     "snr": 18.69,
     "length_m_approx": 68.6,
     "pixels": 47,
     "scene": "S1A_IW_GRDH_1SDV_20240901T225906_20240901T225931_055478_06C4A7_0344_COG.SAFE"
    }
   }
  },
  {
   "type": "Feature",
   "geometry": {
    "type": "Point",
    "coordinates": [
     -74.97892377995932,
     38.771723120240765
    ]
   },
   "properties": {
    "kind": "unmatched",
    "domain": "sea",
    "t_start": "2024-09-01T22:59:06+00:00",
    "t_end": "2024-09-01T22:59:06+00:00",
    "duration_s": 0.0,
    "confidence": 0.5067906976744186,
    "platform_ids": [],
    "evidence": {
     "sensor": "sentinel1-vv-cfar",
     "detector_confidence": 0.908,
     "detection_rate_this_pass": 0.558,
     "reports_considered": 43,
     "reports_with_a_fix": 43,
     "search_radius_m": 102.6,
     "snr": 18.16,
     "length_m_approx": 31.6,
     "pixels": 10,
     "scene": "S1A_IW_GRDH_1SDV_20240901T225906_20240901T225931_055478_06C4A7_0344_COG.SAFE"
    }
   }
  },
  {
   "type": "Feature",
   "geometry": {
    "type": "Point",
    "coordinates": [
     -74.94244279828665,
     38.89983908247316
    ]
   },
   "properties": {
    "kind": "unmatched",
    "domain": "sea",
    "t_start": "2024-09-01T22:59:06+00:00",
    "t_end": "2024-09-01T22:59:06+00:00",
    "duration_s": 0.0,
    "confidence": 0.4933953488372093,
    "platform_ids": [],
    "evidence": {
     "sensor": "sentinel1-vv-cfar",
     "detector_confidence": 0.884,
     "detection_rate_this_pass": 0.558,
     "reports_considered": 43,
     "reports_with_a_fix": 43,
     "search_radius_m": 106.7,
     "snr": 17.68,
     "length_m_approx": 34.6,
     "pixels": 12,
     "scene": "S1A_IW_GRDH_1SDV_20240901T225906_20240901T225931_055478_06C4A7_0344_COG.SAFE"
    }
   }
  },
  {
   "type": "Feature",
   "geometry": {
    "type": "Point",
    "coordinates": [
     -75.13530147886374,
     38.89756532689939
    ]
   },
   "properties": {
    "kind": "unmatched",
    "domain": "sea",
    "t_start": "2024-09-01T22:59:06+00:00",
    "t_end": "2024-09-01T22:59:06+00:00",
    "duration_s": 0.0,
    "confidence": 0.49116279069767443,
    "platform_ids": [],
    "evidence": {
     "sensor": "sentinel1-vv-cfar",
     "detector_confidence": 0.88,
     "detection_rate_this_pass": 0.558,
     "reports_considered": 43,
     "reports_with_a_fix": 43,
     "search_radius_m": 100.6,
     "snr": 17.61,
     "length_m_approx": 30.0,
     "pixels": 9,
     "scene": "S1A_IW_GRDH_1SDV_20240901T225906_20240901T225931_055478_06C4A7_0344_COG.SAFE"
    }
   }
  },
  {
   "type": "Feature",
   "geometry": {
    "type": "Point",
    "coordinates": [
     -75.02136667342826,
     38.770615640621585
    ]
   },
   "properties": {
    "kind": "unmatched",
    "domain": "sea",
    "t_start": "2024-09-01T22:59:06+00:00",
    "t_end": "2024-09-01T22:59:06+00:00",
    "duration_s": 0.0,
    "confidence": 0.4749767441860465,
    "platform_ids": [],
    "evidence": {
     "sensor": "sentinel1-vv-cfar",
     "detector_confidence": 0.851,
     "detection_rate_this_pass": 0.558,
     "reports_considered": 43,
     "reports_with_a_fix": 43,
     "search_radius_m": 114.8,
     "snr": 17.01,
     "length_m_approx": 40.0,
     "pixels": 16,
     "scene": "S1A_IW_GRDH_1SDV_20240901T225906_20240901T225931_055478_06C4A7_0344_COG.SAFE"
    }
   }
  },
  {
   "type": "Feature",
   "geometry": {
    "type": "Point",
    "coordinates": [
     -75.09380809871413,
     38.82012695255645
    ]
   },
   "properties": {
    "kind": "unmatched",
    "domain": "sea",
    "t_start": "2024-09-01T22:59:06+00:00",
    "t_end": "2024-09-01T22:59:06+00:00",
    "duration_s": 0.0,
    "confidence": 0.47330232558139534,
    "platform_ids": [],
    "evidence": {
     "sensor": "sentinel1-vv-cfar",
     "detector_confidence": 0.848,
     "detection_rate_this_pass": 0.558,
     "reports_considered": 43,
     "reports_with_a_fix": 43,
     "search_radius_m": 108.9,
     "snr": 16.95,
     "length_m_approx": 36.1,
     "pixels": 13,
     "scene": "S1A_IW_GRDH_1SDV_20240901T225906_20240901T225931_055478_06C4A7_0344_COG.SAFE"
    }
   }
  },
  {
   "type": "Feature",
   "geometry": {
    "type": "Point",
    "coordinates": [
     -74.97566853974755,
     38.799160973452885
    ]
   },
   "properties": {
    "kind": "unmatched",
    "domain": "sea",
    "t_start": "2024-09-01T22:59:06+00:00",
    "t_end": "2024-09-01T22:59:06+00:00",
    "duration_s": 0.0,
    "confidence": 0.4498604651162791,
    "platform_ids": [],
    "evidence": {
     "sensor": "sentinel1-vv-cfar",
     "detector_confidence": 0.806,
     "detection_rate_this_pass": 0.558,
     "reports_considered": 43,
     "reports_with_a_fix": 43,
     "search_radius_m": 95.7,
     "snr": 16.11,
     "length_m_approx": 26.5,
     "pixels": 7,
     "scene": "S1A_IW_GRDH_1SDV_20240901T225906_20240901T225931_055478_06C4A7_0344_COG.SAFE"
    }
   }
  },
  {
   "type": "Feature",
   "geometry": {
    "type": "Point",
    "coordinates": [
     -74.85544439580775,
     38.92934764161649
    ]
   },
   "properties": {
    "kind": "unmatched",
    "domain": "sea",
    "t_start": "2024-09-01T22:59:06+00:00",
    "t_end": "2024-09-01T22:59:06+00:00",
    "duration_s": 0.0,
    "confidence": 0.5302325581395348,
    "platform_ids": [],
    "evidence": {
     "sensor": "sentinel1-vv-cfar",
     "detector_confidence": 0.95,
     "detection_rate_this_pass": 0.558,
     "reports_considered": 43,
     "reports_with_a_fix": 43,
     "search_radius_m": 114.8,
     "snr": 46.64,
     "length_m_approx": 40.0,
     "pixels": 16,
     "scene": "S1A_IW_GRDH_1SDV_20240901T225906_20240901T225931_055478_06C4A7_0344_COG.SAFE"
    }
   }
  },
  {
   "type": "Feature",
   "geometry": {
    "type": "Point",
    "coordinates": [
     -74.81937211878336,
     38.922720160833386
    ]
   },
   "properties": {
    "kind": "unmatched",
    "domain": "sea",
    "t_start": "2024-09-01T22:59:06+00:00",
    "t_end": "2024-09-01T22:59:06+00:00",
    "duration_s": 0.0,
    "confidence": 0.5302325581395348,
    "platform_ids": [],
    "evidence": {
     "sensor": "sentinel1-vv-cfar",
     "detector_confidence": 0.95,
     "detection_rate_this_pass": 0.558,
     "reports_considered": 43,
     "reports_with_a_fix": 43,
     "search_radius_m": 131.3,
     "snr": 45.97,
     "length_m_approx": 50.0,
     "pixels": 25,
     "scene": "S1A_IW_GRDH_1SDV_20240901T225906_20240901T225931_055478_06C4A7_0344_COG.SAFE"
    }
   }
  },
  {
   "type": "Feature",
   "geometry": {
    "type": "Point",
    "coordinates": [
     -74.7368258446833,
     38.78049653283051
    ]
   },
   "properties": {
    "kind": "unmatched",
    "domain": "sea",
    "t_start": "2024-09-01T22:59:06+00:00",
    "t_end": "2024-09-01T22:59:06+00:00",
    "duration_s": 0.0,
    "confidence": 0.5302325581395348,
    "platform_ids": [],
    "evidence": {
     "sensor": "sentinel1-vv-cfar",
     "detector_confidence": 0.95,
     "detection_rate_this_pass": 0.558,
     "reports_considered": 43,
     "reports_with_a_fix": 43,
     "search_radius_m": 118.7,
     "snr": 41.88,
     "length_m_approx": 42.4,
     "pixels": 18,
     "scene": "S1A_IW_GRDH_1SDV_20240901T225906_20240901T225931_055478_06C4A7_0344_COG.SAFE"
    }
   }
  },
  {
   "type": "Feature",
   "geometry": {
    "type": "Point",
    "coordinates": [
     -74.70959101743404,
     38.957508902271336
    ]
   },
   "properties": {
    "kind": "unmatched",
    "domain": "sea",
    "t_start": "2024-09-01T22:59:06+00:00",
    "t_end": "2024-09-01T22:59:06+00:00",
    "duration_s": 0.0,
    "confidence": 0.5302325581395348,
    "platform_ids": [],
    "evidence": {
     "sensor": "sentinel1-vv-cfar",
     "detector_confidence": 0.95,
     "detection_rate_this_pass": 0.558,
     "reports_considered": 43,
     "reports_with_a_fix": 43,
     "search_radius_m": 106.7,
     "snr": 27.18,
     "length_m_approx": 34.6,
     "pixels": 12,
     "scene": "S1A_IW_GRDH_1SDV_20240901T225906_20240901T225931_055478_06C4A7_0344_COG.SAFE"
    }
   }
  },
  {
   "type": "Feature",
   "geometry": {
    "type": "Point",
    "coordinates": [
     -74.90044669965252,
     38.91651943970363
    ]
   },
   "properties": {
    "kind": "unmatched",
    "domain": "sea",
    "t_start": "2024-09-01T22:59:06+00:00",
    "t_end": "2024-09-01T22:59:06+00:00",
    "duration_s": 0.0,
    "confidence": 0.5302325581395348,
    "platform_ids": [],
    "evidence": {
     "sensor": "sentinel1-vv-cfar",
     "detector_confidence": 0.95,
     "detection_rate_this_pass": 0.558,
     "reports_considered": 43,
     "reports_with_a_fix": 43,
     "search_radius_m": 127.8,
     "snr": 20.55,
     "length_m_approx": 48.0,
     "pixels": 23,
     "scene": "S1A_IW_GRDH_1SDV_20240901T225906_20240901T225931_055478_06C4A7_0344_COG.SAFE"
    }
   }
  },
  {
   "type": "Feature",
   "geometry": {
    "type": "Point",
    "coordinates": [
     -74.61258724468834,
     38.82874899616413
    ]
   },
   "properties": {
    "kind": "unmatched",
    "domain": "sea",
    "t_start": "2024-09-01T22:59:06+00:00",
    "t_end": "2024-09-01T22:59:06+00:00",
    "duration_s": 0.0,
    "confidence": 0.5302325581395348,
    "platform_ids": [],
    "evidence": {
     "sensor": "sentinel1-vv-cfar",
     "detector_confidence": 0.95,
     "detection_rate_this_pass": 0.558,
     "reports_considered": 43,
     "reports_with_a_fix": 43,
     "search_radius_m": 133.0,
     "snr": 59.67,
     "length_m_approx": 51.0,
     "pixels": 26,
     "scene": "S1A_IW_GRDH_1SDV_20240901T225906_20240901T225931_055478_06C4A7_0344_COG.SAFE"
    }
   }
  },
  {
   "type": "Feature",
   "geometry": {
    "type": "Point",
    "coordinates": [
     -74.5257175524785,
     38.969991031771784
    ]
   },
   "properties": {
    "kind": "unmatched",
    "domain": "sea",
    "t_start": "2024-09-01T22:59:06+00:00",
    "t_end": "2024-09-01T22:59:06+00:00",
    "duration_s": 0.0,
    "confidence": 0.5302325581395348,
    "platform_ids": [],
    "evidence": {
     "sensor": "sentinel1-vv-cfar",
     "detector_confidence": 0.95,
     "detection_rate_this_pass": 0.558,
     "reports_considered": 43,
     "reports_with_a_fix": 43,
     "search_radius_m": 120.7,
     "snr": 40.3,
     "length_m_approx": 43.6,
     "pixels": 19,
     "scene": "S1A_IW_GRDH_1SDV_20240901T225906_20240901T225931_055478_06C4A7_0344_COG.SAFE"
    }
   }
  },
  {
   "type": "Feature",
   "geometry": {
    "type": "Point",
    "coordinates": [
     -75.19770812668568,
     38.98854687179889
    ]
   },
   "properties": {
    "kind": "unmatched",
    "domain": "sea",
    "t_start": "2024-09-01T22:59:06+00:00",
    "t_end": "2024-09-01T22:59:06+00:00",
    "duration_s": 0.0,
    "confidence": 0.5302325581395348,
    "platform_ids": [],
    "evidence": {
     "sensor": "sentinel1-vv-cfar",
     "detector_confidence": 0.95,
     "detection_rate_this_pass": 0.558,
     "reports_considered": 43,
     "reports_with_a_fix": 43,
     "search_radius_m": 102.9,
     "snr": 30.57,
     "length_m_approx": 31.6,
     "pixels": 10,
     "scene": "S1A_IW_GRDH_1SDV_20240901T225906_20240901T225931_055478_06C4A7_0344_COG.SAFE"
    }
   }
  },
  {
   "type": "Feature",
   "geometry": {
    "type": "Point",
    "coordinates": [
     -75.17787224364582,
     38.961121990484614
    ]
   },
   "properties": {
    "kind": "unmatched",
    "domain": "sea",
    "t_start": "2024-09-01T22:59:06+00:00",
    "t_end": "2024-09-01T22:59:06+00:00",
    "duration_s": 0.0,
    "confidence": 0.5302325581395348,
    "platform_ids": [],
    "evidence": {
     "sensor": "sentinel1-vv-cfar",
     "detector_confidence": 0.95,
     "detection_rate_this_pass": 0.558,
     "reports_considered": 43,
     "reports_with_a_fix": 43,
     "search_radius_m": 109.2,
     "snr": 25.51,
     "length_m_approx": 36.1,
     "pixels": 13,
     "scene": "S1A_IW_GRDH_1SDV_20240901T225906_20240901T225931_055478_06C4A7_0344_COG.SAFE"
    }
   }
  },
  {
   "type": "Feature",
   "geometry": {
    "type": "Point",
    "coordinates": [
     -75.20413596834709,
     39.00148057913196
    ]
   },
   "properties": {
    "kind": "unmatched",
    "domain": "sea",
    "t_start": "2024-09-01T22:59:06+00:00",
    "t_end": "2024-09-01T22:59:06+00:00",
    "duration_s": 0.0,
    "confidence": 0.5302325581395348,
    "platform_ids": [],
    "evidence": {
     "sensor": "sentinel1-vv-cfar",
     "detector_confidence": 0.95,
     "detection_rate_this_pass": 0.558,
     "reports_considered": 43,
     "reports_with_a_fix": 43,
     "search_radius_m": 100.6,
     "snr": 22.33,
     "length_m_approx": 30.0,
     "pixels": 9,
     "scene": "S1A_IW_GRDH_1SDV_20240901T225906_20240901T225931_055478_06C4A7_0344_COG.SAFE"
    }
   }
  },
  {
   "type": "Feature",
   "geometry": {
    "type": "Point",
    "coordinates": [
     -75.2257379456763,
     39.045282223306955
    ]
   },
   "properties": {
    "kind": "unmatched",
    "domain": "sea",
    "t_start": "2024-09-01T22:59:06+00:00",
    "t_end": "2024-09-01T22:59:06+00:00",
    "duration_s": 0.0,
    "confidence": 0.5302325581395348,
    "platform_ids": [],
    "evidence": {
     "sensor": "sentinel1-vv-cfar",
     "detector_confidence": 0.95,
     "detection_rate_this_pass": 0.558,
     "reports_considered": 43,
     "reports_with_a_fix": 43,
     "search_radius_m": 100.6,
     "snr": 20.97,
     "length_m_approx": 30.0,
     "pixels": 9,
     "scene": "S1A_IW_GRDH_1SDV_20240901T225906_20240901T225931_055478_06C4A7_0344_COG.SAFE"
    }
   }
  },
  {
   "type": "Feature",
   "geometry": {
    "type": "Point",
    "coordinates": [
     -75.32051229157165,
     39.01146254404762
    ]
   },
   "properties": {
    "kind": "unmatched",
    "domain": "sea",
    "t_start": "2024-09-01T22:59:06+00:00",
    "t_end": "2024-09-01T22:59:06+00:00",
    "duration_s": 0.0,
    "confidence": 0.5302325581395348,
    "platform_ids": [],
    "evidence": {
     "sensor": "sentinel1-vv-cfar",
     "detector_confidence": 0.95,
     "detection_rate_this_pass": 0.558,
     "reports_considered": 43,
     "reports_with_a_fix": 43,
     "search_radius_m": 102.9,
     "snr": 20.18,
     "length_m_approx": 31.6,
     "pixels": 10,
     "scene": "S1A_IW_GRDH_1SDV_20240901T225906_20240901T225931_055478_06C4A7_0344_COG.SAFE"
    }
   }
  },
  {
   "type": "Feature",
   "geometry": {
    "type": "Point",
    "coordinates": [
     -75.22130622035888,
     38.976972858683496
    ]
   },
   "properties": {
    "kind": "unmatched",
    "domain": "sea",
    "t_start": "2024-09-01T22:59:06+00:00",
    "t_end": "2024-09-01T22:59:06+00:00",
    "duration_s": 0.0,
    "confidence": 0.48948837209302326,
    "platform_ids": [],
    "evidence": {
     "sensor": "sentinel1-vv-cfar",
     "detector_confidence": 0.877,
     "detection_rate_this_pass": 0.558,
     "reports_considered": 43,
     "reports_with_a_fix": 43,
     "search_radius_m": 100.6,
     "snr": 17.53,
     "length_m_approx": 30.0,
     "pixels": 9,
     "scene": "S1A_IW_GRDH_1SDV_20240901T225906_20240901T225931_055478_06C4A7_0344_COG.SAFE"
    }
   }
  },
  {
   "type": "Feature",
   "geometry": {
    "type": "Point",
    "coordinates": [
     -75.29713652355403,
     38.937107780877334
    ]
   },
   "properties": {
    "kind": "unmatched",
    "domain": "sea",
    "t_start": "2024-09-01T22:59:06+00:00",
    "t_end": "2024-09-01T22:59:06+00:00",
    "duration_s": 0.0,
    "confidence": 0.4593488372093023,
    "platform_ids": [],
    "evidence": {
     "sensor": "sentinel1-vv-cfar",
     "detector_confidence": 0.823,
     "detection_rate_this_pass": 0.558,
     "reports_considered": 43,
     "reports_with_a_fix": 43,
     "search_radius_m": 104.9,
     "snr": 16.47,
     "length_m_approx": 33.2,
     "pixels": 11,
     "scene": "S1A_IW_GRDH_1SDV_20240901T225906_20240901T225931_055478_06C4A7_0344_COG.SAFE"
    }
   }
  },
  {
   "type": "Feature",
   "geometry": {
    "type": "Point",
    "coordinates": [
     -75.11260933392875,
     38.98603851531152
    ]
   },
   "properties": {
    "kind": "unmatched",
    "domain": "sea",
    "t_start": "2024-09-01T22:59:06+00:00",
    "t_end": "2024-09-01T22:59:06+00:00",
    "duration_s": 0.0,
    "confidence": 0.5302325581395348,
    "platform_ids": [],
    "evidence": {
     "sensor": "sentinel1-vv-cfar",
     "detector_confidence": 0.95,
     "detection_rate_this_pass": 0.558,
     "reports_considered": 43,
     "reports_with_a_fix": 43,
     "search_radius_m": 238.6,
     "snr": 94.67,
     "length_m_approx": 106.3,
     "pixels": 113,
     "scene": "S1A_IW_GRDH_1SDV_20240901T225906_20240901T225931_055478_06C4A7_0344_COG.SAFE"
    }
   }
  },
  {
   "type": "Feature",
   "geometry": {
    "type": "Point",
    "coordinates": [
     -75.10432253941218,
     38.94034917737103
    ]
   },
   "properties": {
    "kind": "unmatched",
    "domain": "sea",
    "t_start": "2024-09-01T22:59:06+00:00",
    "t_end": "2024-09-01T22:59:06+00:00",
    "duration_s": 0.0,
    "confidence": 0.5302325581395348,
    "platform_ids": [],
    "evidence": {
     "sensor": "sentinel1-vv-cfar",
     "detector_confidence": 0.95,
     "detection_rate_this_pass": 0.558,
     "reports_considered": 43,
     "reports_with_a_fix": 43,
     "search_radius_m": 113.2,
     "snr": 51.78,
     "length_m_approx": 38.7,
     "pixels": 15,
     "scene": "S1A_IW_GRDH_1SDV_20240901T225906_20240901T225931_055478_06C4A7_0344_COG.SAFE"
    }
   }
  },
  {
   "type": "Feature",
   "geometry": {
    "type": "Point",
    "coordinates": [
     -75.18176858817174,
     39.04831034022957
    ]
   },
   "properties": {
    "kind": "unmatched",
    "domain": "sea",
    "t_start": "2024-09-01T22:59:06+00:00",
    "t_end": "2024-09-01T22:59:06+00:00",
    "duration_s": 0.0,
    "confidence": 0.5302325581395348,
    "platform_ids": [],
    "evidence": {
     "sensor": "sentinel1-vv-cfar",
     "detector_confidence": 0.95,
     "detection_rate_this_pass": 0.558,
     "reports_considered": 43,
     "reports_with_a_fix": 43,
     "search_radius_m": 150.7,
     "snr": 40.81,
     "length_m_approx": 60.8,
     "pixels": 37,
     "scene": "S1A_IW_GRDH_1SDV_20240901T225906_20240901T225931_055478_06C4A7_0344_COG.SAFE"
    }
   }
  },
  {
   "type": "Feature",
   "geometry": {
    "type": "Point",
    "coordinates": [
     -75.09865051976801,
     38.92142404811088
    ]
   },
   "properties": {
    "kind": "unmatched",
    "domain": "sea",
    "t_start": "2024-09-01T22:59:06+00:00",
    "t_end": "2024-09-01T22:59:06+00:00",
    "duration_s": 0.0,
    "confidence": 0.5302325581395348,
    "platform_ids": [],
    "evidence": {
     "sensor": "sentinel1-vv-cfar",
     "detector_confidence": 0.95,
     "detection_rate_this_pass": 0.558,
     "reports_considered": 43,
     "reports_with_a_fix": 43,
     "search_radius_m": 119.1,
     "snr": 39.57,
     "length_m_approx": 42.4,
     "pixels": 18,
     "scene": "S1A_IW_GRDH_1SDV_20240901T225906_20240901T225931_055478_06C4A7_0344_COG.SAFE"
    }
   }
  },
  {
   "type": "Feature",
   "geometry": {
    "type": "Point",
    "coordinates": [
     -75.09964634662677,
     38.92254519951526
    ]
   },
   "properties": {
    "kind": "unmatched",
    "domain": "sea",
    "t_start": "2024-09-01T22:59:06+00:00",
    "t_end": "2024-09-01T22:59:06+00:00",
    "duration_s": 0.0,
    "confidence": 0.5302325581395348,
    "platform_ids": [],
    "evidence": {
     "sensor": "sentinel1-vv-cfar",
     "detector_confidence": 0.95,
     "detection_rate_this_pass": 0.558,
     "reports_considered": 43,
     "reports_with_a_fix": 43,
     "search_radius_m": 135.1,
     "snr": 39.31,
     "length_m_approx": 52.0,
     "pixels": 27,
     "scene": "S1A_IW_GRDH_1SDV_20240901T225906_20240901T225931_055478_06C4A7_0344_COG.SAFE"
    }
   }
  },
  {
   "type": "Feature",
   "geometry": {
    "type": "Point",
    "coordinates": [
     -75.15613877473388,
     39.035927858829204
    ]
   },
   "properties": {
    "kind": "unmatched",
    "domain": "sea",
    "t_start": "2024-09-01T22:59:06+00:00",
    "t_end": "2024-09-01T22:59:06+00:00",
    "duration_s": 0.0,
    "confidence": 0.5302325581395348,
    "platform_ids": [],
    "evidence": {
     "sensor": "sentinel1-vv-cfar",
     "detector_confidence": 0.95,
     "detection_rate_this_pass": 0.558,
     "reports_considered": 43,
     "reports_with_a_fix": 43,
     "search_radius_m": 119.1,
     "snr": 28.75,
     "length_m_approx": 42.4,
     "pixels": 18,
     "scene": "S1A_IW_GRDH_1SDV_20240901T225906_20240901T225931_055478_06C4A7_0344_COG.SAFE"
    }
   }
  },
  {
   "type": "Feature",
   "geometry": {
    "type": "Point",
    "coordinates": [
     -75.13974524781321,
     39.00544745088727
    ]
   },
   "properties": {
    "kind": "unmatched",
    "domain": "sea",
    "t_start": "2024-09-01T22:59:06+00:00",
    "t_end": "2024-09-01T22:59:06+00:00",
    "duration_s": 0.0,
    "confidence": 0.5302325581395348,
    "platform_ids": [],
    "evidence": {
     "sensor": "sentinel1-vv-cfar",
     "detector_confidence": 0.95,
     "detection_rate_this_pass": 0.558,
     "reports_considered": 43,
     "reports_with_a_fix": 43,
     "search_radius_m": 104.9,
     "snr": 23.25,
     "length_m_approx": 33.2,
     "pixels": 11,
     "scene": "S1A_IW_GRDH_1SDV_20240901T225906_20240901T225931_055478_06C4A7_0344_COG.SAFE"
    }
   }
  },
  {
   "type": "Feature",
   "geometry": {
    "type": "Point",
    "coordinates": [
     -75.1234318760082,
     38.94756941325653
    ]
   },
   "properties": {
    "kind": "unmatched",
    "domain": "sea",
    "t_start": "2024-09-01T22:59:06+00:00",
    "t_end": "2024-09-01T22:59:06+00:00",
    "duration_s": 0.0,
    "confidence": 0.4961860465116279,
    "platform_ids": [],
    "evidence": {
     "sensor": "sentinel1-vv-cfar",
     "detector_confidence": 0.889,
     "detection_rate_this_pass": 0.558,
     "reports_considered": 43,
     "reports_with_a_fix": 43,
     "search_radius_m": 117.1,
     "snr": 17.78,
     "length_m_approx": 41.2,
     "pixels": 17,
     "scene": "S1A_IW_GRDH_1SDV_20240901T225906_20240901T225931_055478_06C4A7_0344_COG.SAFE"
    }
   }
  },
  {
   "type": "Feature",
   "geometry": {
    "type": "Point",
    "coordinates": [
     -74.9789833872708,
     38.96616835963819
    ]
   },
   "properties": {
    "kind": "unmatched",
    "domain": "sea",
    "t_start": "2024-09-01T22:59:06+00:00",
    "t_end": "2024-09-01T22:59:06+00:00",
    "duration_s": 0.0,
    "confidence": 0.4933953488372093,
    "platform_ids": [],
    "evidence": {
     "sensor": "sentinel1-vv-cfar",
     "detector_confidence": 0.884,
     "detection_rate_this_pass": 0.558,
     "reports_considered": 43,
     "reports_with_a_fix": 43,
     "search_radius_m": 96.2,
     "snr": 17.68,
     "length_m_approx": 26.5,
     "pixels": 7,
     "scene": "S1A_IW_GRDH_1SDV_20240901T225906_20240901T225931_055478_06C4A7_0344_COG.SAFE"
    }
   }
  },
  {
   "type": "Feature",
   "geometry": {
    "type": "Point",
    "coordinates": [
     -75.01277790198964,
     38.92564862670562
    ]
   },
   "properties": {
    "kind": "unmatched",
    "domain": "sea",
    "t_start": "2024-09-01T22:59:06+00:00",
    "t_end": "2024-09-01T22:59:06+00:00",
    "duration_s": 0.0,
    "confidence": 0.4878139534883721,
    "platform_ids": [],
    "evidence": {
     "sensor": "sentinel1-vv-cfar",
     "detector_confidence": 0.874,
     "detection_rate_this_pass": 0.558,
     "reports_considered": 43,
     "reports_with_a_fix": 43,
     "search_radius_m": 109.2,
     "snr": 17.49,
     "length_m_approx": 36.1,
     "pixels": 13,
     "scene": "S1A_IW_GRDH_1SDV_20240901T225906_20240901T225931_055478_06C4A7_0344_COG.SAFE"
    }
   }
  },
  {
   "type": "Feature",
   "geometry": {
    "type": "Point",
    "coordinates": [
     -74.97362654918382,
     39.00885476020018
    ]
   },
   "properties": {
    "kind": "unmatched",
    "domain": "sea",
    "t_start": "2024-09-01T22:59:06+00:00",
    "t_end": "2024-09-01T22:59:06+00:00",
    "duration_s": 0.0,
    "confidence": 0.4772093023255814,
    "platform_ids": [],
    "evidence": {
     "sensor": "sentinel1-vv-cfar",
     "detector_confidence": 0.855,
     "detection_rate_this_pass": 0.558,
     "reports_considered": 43,
     "reports_with_a_fix": 43,
     "search_radius_m": 119.1,
     "snr": 17.1,
     "length_m_approx": 42.4,
     "pixels": 18,
     "scene": "S1A_IW_GRDH_1SDV_20240901T225906_20240901T225931_055478_06C4A7_0344_COG.SAFE"
    }
   }
  },
  {
   "type": "Feature",
   "geometry": {
    "type": "Point",
    "coordinates": [
     -74.99733654399031,
     39.08686093653393
    ]
   },
   "properties": {
    "kind": "unmatched",
    "domain": "sea",
    "t_start": "2024-09-01T22:59:06+00:00",
    "t_end": "2024-09-01T22:59:06+00:00",
    "duration_s": 0.0,
    "confidence": 0.45320930232558143,
    "platform_ids": [],
    "evidence": {
     "sensor": "sentinel1-vv-cfar",
     "detector_confidence": 0.812,
     "detection_rate_this_pass": 0.558,
     "reports_considered": 43,
     "reports_with_a_fix": 43,
     "search_radius_m": 98.4,
     "snr": 16.24,
     "length_m_approx": 28.3,
     "pixels": 8,
     "scene": "S1A_IW_GRDH_1SDV_20240901T225906_20240901T225931_055478_06C4A7_0344_COG.SAFE"
    }
   }
  },
  {
   "type": "Feature",
   "geometry": {
    "type": "Point",
    "coordinates": [
     -74.80714248923208,
     38.947746582687465
    ]
   },
   "properties": {
    "kind": "unmatched",
    "domain": "sea",
    "t_start": "2024-09-01T22:59:06+00:00",
    "t_end": "2024-09-01T22:59:06+00:00",
    "duration_s": 0.0,
    "confidence": 0.49730232558139537,
    "platform_ids": [],
    "evidence": {
     "sensor": "sentinel1-vv-cfar",
     "detector_confidence": 0.891,
     "detection_rate_this_pass": 0.558,
     "reports_considered": 43,
     "reports_with_a_fix": 43,
     "search_radius_m": 122.4,
     "snr": 17.82,
     "length_m_approx": 44.7,
     "pixels": 20,
     "scene": "S1A_IW_GRDH_1SDV_20240901T225906_20240901T225931_055478_06C4A7_0344_COG.SAFE"
    }
   }
  },
  {
   "type": "Feature",
   "geometry": {
    "type": "Point",
    "coordinates": [
     -74.74580922261214,
     39.00334589155716
    ]
   },
   "properties": {
    "kind": "unmatched",
    "domain": "sea",
    "t_start": "2024-09-01T22:59:06+00:00",
    "t_end": "2024-09-01T22:59:06+00:00",
    "duration_s": 0.0,
    "confidence": 0.442046511627907,
    "platform_ids": [],
    "evidence": {
     "sensor": "sentinel1-vv-cfar",
     "detector_confidence": 0.792,
     "detection_rate_this_pass": 0.558,
     "reports_considered": 43,
     "reports_with_a_fix": 43,
     "search_radius_m": 131.3,
     "snr": 15.85,
     "length_m_approx": 50.0,
     "pixels": 25,
     "scene": "S1A_IW_GRDH_1SDV_20240901T225906_20240901T225931_055478_06C4A7_0344_COG.SAFE"
    }
   }
  },
  {
   "type": "Feature",
   "geometry": {
    "type": "Point",
    "coordinates": [
     -74.51405170637732,
     39.109300208386955
    ]
   },
   "properties": {
    "kind": "unmatched",
    "domain": "sea",
    "t_start": "2024-09-01T22:59:06+00:00",
    "t_end": "2024-09-01T22:59:06+00:00",
    "duration_s": 0.0,
    "confidence": 0.5302325581395348,
    "platform_ids": [],
    "evidence": {
     "sensor": "sentinel1-vv-cfar",
     "detector_confidence": 0.95,
     "detection_rate_this_pass": 0.558,
     "reports_considered": 43,
     "reports_with_a_fix": 43,
     "search_radius_m": 111.0,
     "snr": 30.22,
     "length_m_approx": 37.4,
     "pixels": 14,
     "scene": "S1A_IW_GRDH_1SDV_20240901T225906_20240901T225931_055478_06C4A7_0344_COG.SAFE"
    }
   }
  },
  {
   "type": "Feature",
   "geometry": {
    "type": "Point",
    "coordinates": [
     -74.67681349089995,
     39.11784792437382
    ]
   },
   "properties": {
    "kind": "unmatched",
    "domain": "sea",
    "t_start": "2024-09-01T22:59:06+00:00",
    "t_end": "2024-09-01T22:59:06+00:00",
    "duration_s": 0.0,
    "confidence": 0.5302325581395348,
    "platform_ids": [],
    "evidence": {
     "sensor": "sentinel1-vv-cfar",
     "detector_confidence": 0.95,
     "detection_rate_this_pass": 0.558,
     "reports_considered": 43,
     "reports_with_a_fix": 43,
     "search_radius_m": 108.9,
     "snr": 20.06,
     "length_m_approx": 36.1,
     "pixels": 13,
     "scene": "S1A_IW_GRDH_1SDV_20240901T225906_20240901T225931_055478_06C4A7_0344_COG.SAFE"
    }
   }
  },
  {
   "type": "Feature",
   "geometry": {
    "type": "Point",
    "coordinates": [
     -74.2370627309192,
     39.13818145837163
    ]
   },
   "properties": {
    "kind": "unmatched",
    "domain": "sea",
    "t_start": "2024-09-01T22:59:06+00:00",
    "t_end": "2024-09-01T22:59:06+00:00",
    "duration_s": 0.0,
    "confidence": 0.43590697674418605,
    "platform_ids": [],
    "evidence": {
     "sensor": "sentinel1-vv-cfar",
     "detector_confidence": 0.781,
     "detection_rate_this_pass": 0.558,
     "reports_considered": 43,
     "reports_with_a_fix": 43,
     "search_radius_m": 126.5,
     "snr": 15.61,
     "length_m_approx": 46.9,
     "pixels": 22,
     "scene": "S1A_IW_GRDH_1SDV_20240901T225906_20240901T225931_055478_06C4A7_0344_COG.SAFE"
    }
   }
  },
  {
   "type": "Feature",
   "geometry": {
    "type": "Point",
    "coordinates": [
     -74.00231650187234,
     39.165996563961826
    ]
   },
   "properties": {
    "kind": "unmatched",
    "domain": "sea",
    "t_start": "2024-09-01T22:59:06+00:00",
    "t_end": "2024-09-01T22:59:06+00:00",
    "duration_s": 0.0,
    "confidence": 0.5302325581395348,
    "platform_ids": [],
    "evidence": {
     "sensor": "sentinel1-vv-cfar",
     "detector_confidence": 0.95,
     "detection_rate_this_pass": 0.558,
     "reports_considered": 43,
     "reports_with_a_fix": 43,
     "search_radius_m": 118.4,
     "snr": 37.89,
     "length_m_approx": 42.4,
     "pixels": 18,
     "scene": "S1A_IW_GRDH_1SDV_20240901T225906_20240901T225931_055478_06C4A7_0344_COG.SAFE"
    }
   }
  },
  {
   "type": "Feature",
   "geometry": {
    "type": "Point",
    "coordinates": [
     -75.2082208471214,
     39.12678014669454
    ]
   },
   "properties": {
    "kind": "unmatched",
    "domain": "sea",
    "t_start": "2024-09-01T22:59:06+00:00",
    "t_end": "2024-09-01T22:59:06+00:00",
    "duration_s": 0.0,
    "confidence": 0.5302325581395348,
    "platform_ids": [],
    "evidence": {
     "sensor": "sentinel1-vv-cfar",
     "detector_confidence": 0.95,
     "detection_rate_this_pass": 0.558,
     "reports_considered": 43,
     "reports_with_a_fix": 43,
     "search_radius_m": 142.6,
     "snr": 56.47,
     "length_m_approx": 55.7,
     "pixels": 31,
     "scene": "S1A_IW_GRDH_1SDV_20240901T225906_20240901T225931_055478_06C4A7_0344_COG.SAFE"
    }
   }
  },
  {
   "type": "Feature",
   "geometry": {
    "type": "Point",
    "coordinates": [
     -75.26799763274256,
     39.182291869383135
    ]
   },
   "properties": {
    "kind": "unmatched",
    "domain": "sea",
    "t_start": "2024-09-01T22:59:06+00:00",
    "t_end": "2024-09-01T22:59:06+00:00",
    "duration_s": 0.0,
    "confidence": 0.4225116279069767,
    "platform_ids": [],
    "evidence": {
     "sensor": "sentinel1-vv-cfar",
     "detector_confidence": 0.757,
     "detection_rate_this_pass": 0.558,
     "reports_considered": 43,
     "reports_with_a_fix": 43,
     "search_radius_m": 116.8,
     "snr": 15.13,
     "length_m_approx": 40.0,
     "pixels": 16,
     "scene": "S1A_IW_GRDH_1SDV_20240901T225906_20240901T225931_055478_06C4A7_0344_COG.SAFE"
    }
   }
  },
  {
   "type": "Feature",
   "geometry": {
    "type": "Point",
    "coordinates": [
     -75.03742814158302,
     39.17765311255742
    ]
   },
   "properties": {
    "kind": "unmatched",
    "domain": "sea",
    "t_start": "2024-09-01T22:59:06+00:00",
    "t_end": "2024-09-01T22:59:06+00:00",
    "duration_s": 0.0,
    "confidence": 0.5302325581395348,
    "platform_ids": [],
    "evidence": {
     "sensor": "sentinel1-vv-cfar",
     "detector_confidence": 0.95,
     "detection_rate_this_pass": 0.558,
     "reports_considered": 43,
     "reports_with_a_fix": 43,
     "search_radius_m": 106.7,
     "snr": 21.56,
     "length_m_approx": 33.2,
     "pixels": 11,
     "scene": "S1A_IW_GRDH_1SDV_20240901T225906_20240901T225931_055478_06C4A7_0344_COG.SAFE"
    }
   }
  },
  {
   "type": "Feature",
   "geometry": {
    "type": "Point",
    "coordinates": [
     -74.52724759302613,
     39.2827925734628
    ]
   },
   "properties": {
    "kind": "unmatched",
    "domain": "sea",
    "t_start": "2024-09-01T22:59:06+00:00",
    "t_end": "2024-09-01T22:59:06+00:00",
    "duration_s": 0.0,
    "confidence": 0.5302325581395348,
    "platform_ids": [],
    "evidence": {
     "sensor": "sentinel1-vv-cfar",
     "detector_confidence": 0.95,
     "detection_rate_this_pass": 0.558,
     "reports_considered": 43,
     "reports_with_a_fix": 43,
     "search_radius_m": 104.1,
     "snr": 22.64,
     "length_m_approx": 30.0,
     "pixels": 9,
     "scene": "S1A_IW_GRDH_1SDV_20240901T225906_20240901T225931_055478_06C4A7_0344_COG.SAFE"
    }
   }
  },
  {
   "type": "Feature",
   "geometry": {
    "type": "Point",
    "coordinates": [
     -74.40896228572437,
     39.30948258031054
    ]
   },
   "properties": {
    "kind": "unmatched",
    "domain": "sea",
    "t_start": "2024-09-01T22:59:06+00:00",
    "t_end": "2024-09-01T22:59:06+00:00",
    "duration_s": 0.0,
    "confidence": 0.5302325581395348,
    "platform_ids": [],
    "evidence": {
     "sensor": "sentinel1-vv-cfar",
     "detector_confidence": 0.95,
     "detection_rate_this_pass": 0.558,
     "reports_considered": 43,
     "reports_with_a_fix": 43,
     "search_radius_m": 134.1,
     "snr": 27.77,
     "length_m_approx": 50.0,
     "pixels": 25,
     "scene": "S1A_IW_GRDH_1SDV_20240901T225906_20240901T225931_055478_06C4A7_0344_COG.SAFE"
    }
   }
  },
  {
   "type": "Feature",
   "geometry": {
    "type": "Point",
    "coordinates": [
     -74.443899850542,
     39.29977093402445
    ]
   },
   "properties": {
    "kind": "unmatched",
    "domain": "sea",
    "t_start": "2024-09-01T22:59:06+00:00",
    "t_end": "2024-09-01T22:59:06+00:00",
    "duration_s": 0.0,
    "confidence": 0.5302325581395348,
    "platform_ids": [],
    "evidence": {
     "sensor": "sentinel1-vv-cfar",
     "detector_confidence": 0.95,
     "detection_rate_this_pass": 0.558,
     "reports_considered": 43,
     "reports_with_a_fix": 43,
     "search_radius_m": 154.4,
     "snr": 25.75,
     "length_m_approx": 61.6,
     "pixels": 38,
     "scene": "S1A_IW_GRDH_1SDV_20240901T225906_20240901T225931_055478_06C4A7_0344_COG.SAFE"
    }
   }
  },
  {
   "type": "Feature",
   "geometry": {
    "type": "Point",
    "coordinates": [
     -74.39657905731283,
     39.34792328176166
    ]
   },
   "properties": {
    "kind": "unmatched",
    "domain": "sea",
    "t_start": "2024-09-01T22:59:06+00:00",
    "t_end": "2024-09-01T22:59:06+00:00",
    "duration_s": 0.0,
    "confidence": 0.46883720930232553,
    "platform_ids": [],
    "evidence": {
     "sensor": "sentinel1-vv-cfar",
     "detector_confidence": 0.84,
     "detection_rate_this_pass": 0.558,
     "reports_considered": 43,
     "reports_with_a_fix": 43,
     "search_radius_m": 101.7,
     "snr": 16.8,
     "length_m_approx": 28.3,
     "pixels": 8,
     "scene": "S1A_IW_GRDH_1SDV_20240901T225906_20240901T225931_055478_06C4A7_0344_COG.SAFE"
    }
   }
  },
  {
   "type": "Feature",
   "geometry": {
    "type": "Point",
    "coordinates": [
     -74.39979510369788,
     39.346352759433096
    ]
   },
   "properties": {
    "kind": "unmatched",
    "domain": "sea",
    "t_start": "2024-09-01T22:59:06+00:00",
    "t_end": "2024-09-01T22:59:06+00:00",
    "duration_s": 0.0,
    "confidence": 0.4314418604651163,
    "platform_ids": [],
    "evidence": {
     "sensor": "sentinel1-vv-cfar",
     "detector_confidence": 0.773,
     "detection_rate_this_pass": 0.558,
     "reports_considered": 43,
     "reports_with_a_fix": 43,
     "search_radius_m": 99.5,
     "snr": 15.45,
     "length_m_approx": 26.5,
     "pixels": 7,
     "scene": "S1A_IW_GRDH_1SDV_20240901T225906_20240901T225931_055478_06C4A7_0344_COG.SAFE"
    }
   }
  },
  {
   "type": "Feature",
   "geometry": {
    "type": "Point",
    "coordinates": [
     -76.41161039523129,
     39.117807459721675
    ]
   },
   "properties": {
    "kind": "unmatched",
    "domain": "sea",
    "t_start": "2024-09-01T22:59:06+00:00",
    "t_end": "2024-09-01T22:59:06+00:00",
    "duration_s": 0.0,
    "confidence": 0.5302325581395348,
    "platform_ids": [],
    "evidence": {
     "sensor": "sentinel1-vv-cfar",
     "detector_confidence": 0.95,
     "detection_rate_this_pass": 0.558,
     "reports_considered": 43,
     "reports_with_a_fix": 43,
     "search_radius_m": 154.4,
     "snr": 29.4,
     "length_m_approx": 37.4,
     "pixels": 14,
     "scene": "S1A_IW_GRDH_1SDV_20240901T225906_20240901T225931_055478_06C4A7_0344_COG.SAFE"
    }
   }
  },
  {
   "type": "Feature",
   "geometry": {
    "type": "Point",
    "coordinates": [
     -74.22851693239646,
     39.41206246196036
    ]
   },
   "properties": {
    "kind": "unmatched",
    "domain": "sea",
    "t_start": "2024-09-01T22:59:06+00:00",
    "t_end": "2024-09-01T22:59:06+00:00",
    "duration_s": 0.0,
    "confidence": 0.5302325581395348,
    "platform_ids": [],
    "evidence": {
     "sensor": "sentinel1-vv-cfar",
     "detector_confidence": 0.95,
     "detection_rate_this_pass": 0.558,
     "reports_considered": 43,
     "reports_with_a_fix": 43,
     "search_radius_m": 114.2,
     "snr": 31.34,
     "length_m_approx": 37.4,
     "pixels": 14,
     "scene": "S1A_IW_GRDH_1SDV_20240901T225906_20240901T225931_055478_06C4A7_0344_COG.SAFE"
    }
   }
  },
  {
   "type": "Feature",
   "geometry": {
    "type": "Point",
    "coordinates": [
     -74.29265794346608,
     39.47294265411365
    ]
   },
   "properties": {
    "kind": "unmatched",
    "domain": "sea",
    "t_start": "2024-09-01T22:59:06+00:00",
    "t_end": "2024-09-01T22:59:06+00:00",
    "duration_s": 0.0,
    "confidence": 0.5302325581395348,
    "platform_ids": [],
    "evidence": {
     "sensor": "sentinel1-vv-cfar",
     "detector_confidence": 0.95,
     "detection_rate_this_pass": 0.558,
     "reports_considered": 43,
     "reports_with_a_fix": 43,
     "search_radius_m": 104.1,
     "snr": 19.84,
     "length_m_approx": 30.0,
     "pixels": 9,
     "scene": "S1A_IW_GRDH_1SDV_20240901T225906_20240901T225931_055478_06C4A7_0344_COG.SAFE"
    }
   }
  },
  {
   "type": "Feature",
   "geometry": {
    "type": "Point",
    "coordinates": [
     -74.30512737714292,
     39.48712219193585
    ]
   },
   "properties": {
    "kind": "unmatched",
    "domain": "sea",
    "t_start": "2024-09-01T22:59:06+00:00",
    "t_end": "2024-09-01T22:59:06+00:00",
    "duration_s": 0.0,
    "confidence": 0.5274418604651162,
    "platform_ids": [],
    "evidence": {
     "sensor": "sentinel1-vv-cfar",
     "detector_confidence": 0.945,
     "detection_rate_this_pass": 0.558,
     "reports_considered": 43,
     "reports_with_a_fix": 43,
     "search_radius_m": 106.1,
     "snr": 18.89,
     "length_m_approx": 31.6,
     "pixels": 10,
     "scene": "S1A_IW_GRDH_1SDV_20240901T225906_20240901T225931_055478_06C4A7_0344_COG.SAFE"
    }
   }
  },
  {
   "type": "Feature",
   "geometry": {
    "type": "Point",
    "coordinates": [
     -76.17830302611891,
     39.34000226526218
    ]
   },
   "properties": {
    "kind": "unmatched",
    "domain": "sea",
    "t_start": "2024-09-01T22:59:06+00:00",
    "t_end": "2024-09-01T22:59:06+00:00",
    "duration_s": 0.0,
    "confidence": 0.5235348837209302,
    "platform_ids": [],
    "evidence": {
     "sensor": "sentinel1-vv-cfar",
     "detector_confidence": 0.938,
     "detection_rate_this_pass": 0.558,
     "reports_considered": 43,
     "reports_with_a_fix": 43,
     "search_radius_m": 119.4,
     "snr": 18.75,
     "length_m_approx": 30.0,
     "pixels": 9,
     "scene": "S1A_IW_GRDH_1SDV_20240901T225906_20240901T225931_055478_06C4A7_0344_COG.SAFE"
    }
   }
  },
  {
   "type": "Feature",
   "geometry": {
    "type": "Point",
    "coordinates": [
     -75.56931916402809,
     39.46397265538235
    ]
   },
   "properties": {
    "kind": "unmatched",
    "domain": "sea",
    "t_start": "2024-09-01T22:59:06+00:00",
    "t_end": "2024-09-01T22:59:06+00:00",
    "duration_s": 0.0,
    "confidence": 0.5302325581395348,
    "platform_ids": [],
    "evidence": {
     "sensor": "sentinel1-vv-cfar",
     "detector_confidence": 0.95,
     "detection_rate_this_pass": 0.558,
     "reports_considered": 43,
     "reports_with_a_fix": 43,
     "search_radius_m": 124.4,
     "snr": 38.2,
     "length_m_approx": 44.7,
     "pixels": 20,
     "scene": "S1A_IW_GRDH_1SDV_20240901T225906_20240901T225931_055478_06C4A7_0344_COG.SAFE"
    }
   }
  }
 ]
}