{
 "type": "FeatureCollection",
 "properties": {
  "scene": "S1A_IW_GRDH_1SDV_20240410T225906_20240410T225931_053378_067942_A9AE_COG.SAFE",
  "acquired": "2024-04-10T22:59:06+00:00",
  "geolocation_rms_m": 4.2,
  "geolocation_holdout_m": 15.5,
  "geolocation_median_m": 10.7,
  "geolocation_p90_m": 20.8,
  "geolocation_worst_m": 65.7,
  "geolocation_uneven": true,
  "geolocation_convergence": 2.52,
  "geolocation_method": "geolocation grid (bilinear)",
  "geolocation_validation": "holdout at 2x spacing",
  "tiles": 117,
  "tiles_skipped": 0,
  "k_sigma": 6.0,
  "land_masked": true,
  "water_fraction": 0.403,
  "land_sea_contrast": 4.03,
  "coast_blind_m": 605.0,
  "searched_km2": 16911.5,
  "refused_km2": 0.0,
  "tiles_without_water": 35,
  "outside_aoi": 43,
  "aoi_sea": [
   -77.2,
   36.0,
   -71.0,
   39.6
  ],
  "footprint": [
   [
    -76.5845,
    37.93206
   ],
   [
    -76.34621,
    37.96795
   ],
   [
    -76.10735,
    38.00343
   ],
   [
    -75.86816,
    38.03846
   ],
   [
    -75.62861,
    38.07298
   ],
   [
    -75.38899,
    38.10702
   ],
   [
    -75.14923,
    38.14057
   ],
   [
    -74.90914,
    38.17361
   ],
   [
    -74.66884,
    38.20618
   ],
   [
    -74.42834,
    38.23828
   ],
   [
    -74.18761,
    38.26984
   ],
   [
    -73.94669,
    38.30094
   ],
   [
    -73.70557,
    38.33155
   ],
   [
    -73.73142,
    38.45667
   ],
   [
    -73.75728,
    38.58178
   ],
   [
    -73.78315,
    38.7069
   ],
   [
    -73.80908,
    38.832
   ],
   [
    -73.83501,
    38.9571
   ],
   [
    -73.86096,
    39.08221
   ],
   [
    -73.88697,
    39.2073
   ],
   [
    -73.91297,
    39.33239
   ],
   [
    -73.93898,
    39.45748
   ],
   [
    -73.965,
    39.58257
   ],
   [
    -73.99084,
    39.70768
   ],
   [
    -74.0167,
    39.83278
   ],
   [
    -74.26281,
    39.80246
   ],
   [
    -74.50888,
    39.77161
   ],
   [
    -74.75496,
    39.74023
   ],
   [
    -75.00047,
    39.70834
   ],
   [
    -75.2461,
    39.6759
   ],
   [
    -75.49158,
    39.64296
   ],
   [
    -75.73642,
    39.60951
   ],
   [
    -75.98114,
    39.57555
   ],
   [
    -76.22483,
    39.54121
   ],
   [
    -76.46862,
    39.50627
   ],
   [
    -76.71218,
    39.47084
   ],
   [
    -76.95502,
    39.43499
   ],
   [
    -76.92436,
    39.3097
   ],
   [
    -76.8936,
    39.18443
   ],
   [
    -76.86314,
    39.05911
   ],
   [
    -76.8323,
    38.93386
   ],
   [
    -76.80119,
    38.80864
   ],
   [
    -76.76976,
    38.68348
   ],
   [
    -76.73887,
    38.55824
   ],
   [
    -76.7081,
    38.43298
   ],
   [
    -76.67725,
    38.30774
   ],
   [
    -76.64648,
    38.18249
   ],
   [
    -76.61559,
    38.05726
   ]
  ],
  "searched_grid": {
   "cell_deg": 0.01,
   "lon0": -76.73,
   "lat0": 37.93,
   "levels": 10,
   "rows": {
    "3": [
     [
      33,
      1,
      2
     ],
     [
      34,
      6,
      10
     ]
    ],
    "4": [
     [
      31,
      1,
      5
     ],
     [
      32,
      1,
      9
     ],
     [
      33,
      14,
      10
     ]
    ],
    "5": [
     [
      29,
      1,
      2
     ],
     [
      30,
      1,
      7
     ],
     [
      31,
      1,
      9
     ],
     [
      32,
      22,
      10
     ]
    ],
    "6": [
     [
      28,
      1,
      2
     ],
     [
      29,
      1,
      4
     ],
     [
      30,
      7,
      10
     ],
     [
      37,
      1,
      7
     ],
     [
      38,
      1,
      3
     ],
     [
      39,
      1,
      8
     ],
     [
      40,
      5,
      10
     ],
     [
      45,
      1,
      7
     ],
     [
      46,
      14,
      10
     ]
    ],
    "7": [
     [
      30,
      1,
      8
     ],
     [
      31,
      6,
      10
     ],
     [
      37,
      1,
      3
     ],
     [
      38,
      1,
      1
     ],
     [
      39,
      1,
      8
     ],
     [
      40,
      4,
      10
     ],
     [
      44,
      1,
      8
     ],
     [
      46,
      1,
      3
     ],
     [
      47,
      20,
      10
     ]
    ],
    "8": [
     [
      26,
      1,
      4
     ],
     [
      27,
      1,
      1
     ],
     [
      30,
      1,
      6
     ],
     [
      31,
      7,
      10
     ],
     [
      38,
      1,
      9
     ],
     [
      39,
      1,
      8
     ],
     [
      40,
      1,
      3
     ],
     [
      41,
      2,
      8
     ],
     [
      43,
      1,
      10
     ],
     [
      44,
      1,
      5
     ],
     [
      46,
      1,
      4
     ],
     [
      47,
      20,
      10
     ],
     [
      67,
      1,
      7
     ]
    ],
    "9": [
     [
      23,
      1,
      3
     ],
     [
      24,
      1,
      6
     ],
     [
      25,
      1,
      8
     ],
     [
      26,
      2,
      10
     ],
     [
      28,
      1,
      4
     ],
     [
      30,
      1,
      7
     ],
     [
      31,
      8,
      10
     ],
     [
      39,
      1,
      5
     ],
     [
      42,
      1,
      6
     ],
     [
      43,
      1,
      10
     ],
     [
      44,
      1,
      8
     ],
     [
      47,
      1,
      5
     ],
     [
      48,
      19,
      10
     ],
     [
      67,
      1,
      5
     ],
     [
      75,
      6,
      10
     ]
    ],
    "10": [
     [
      23,
      2,
      6
     ],
     [
      25,
      14,
      10
     ],
     [
      39,
      1,
      6
     ],
     [
      42,
      1,
      7
     ],
     [
      43,
      2,
      10
     ],
     [
      45,
      1,
      1
     ],
     [
      48,
      1,
      6
     ],
     [
      49,
      19,
      10
     ],
     [
      68,
      1,
      2
     ],
     [
      73,
      2,
      9
     ],
     [
      75,
      13,
      10
     ]
    ],
    "11": [
     [
      23,
      1,
      1
     ],
     [
      24,
      1,
      4
     ],
     [
      25,
      1,
      10
     ],
     [
      26,
      1,
      7
     ],
     [
      27,
      1,
      9
     ],
     [
      28,
      8,
      10
     ],
     [
      36,
      1,
      7
     ],
     [
      38,
      2,
      1
     ],
     [
      42,
      3,
      10
     ],
     [
      45,
      1,
      6
     ],
     [
      48,
      1,
      7
     ],
     [
      49,
      21,
      10
     ],
     [
      70,
      1,
      6
     ],
     [
      71,
      1,
      5
     ],
     [
      72,
      1,
      6
     ],
     [
      73,
      16,
      10
     ],
     [
      89,
      1,
      4
     ]
    ],
    "12": [
     [
      21,
      1,
      6
     ],
     [
      24,
      1,
      2
     ],
     [
      25,
      1,
      1
     ],
     [
      27,
      1,
      4
     ],
     [
      28,
      1,
      10
     ],
     [
      29,
      1,
      6
     ],
     [
      30,
      1,
      3
     ],
     [
      31,
      1,
      8
     ],
     [
      32,
      3,
      10
     ],
     [
      35,
      1,
      4
     ],
     [
      41,
      1,
      4
     ],
     [
      42,
      3,
      10
     ],
     [
      45,
      1,
      8
     ],
     [
      46,
      1,
      2
     ],
     [
      47,
      1,
      7
     ],
     [
      48,
      37,
      10
     ],
     [
      85,
      1,
      1
     ],
     [
      86,
      2,
      3
     ],
     [
      88,
      2,
      10
     ],
     [
      90,
      1,
      6
     ]
    ],
    "13": [
     [
      20,
      1,
      4
     ],
     [
      21,
      1,
      10
     ],
     [
      22,
      1,
      2
     ],
     [
      27,
      1,
      8
     ],
     [
      28,
      1,
      10
     ],
     [
      29,
      1,
      8
     ],
     [
      30,
      1,
      5
     ],
     [
      31,
      1,
      9
     ],
     [
      32,
      2,
      10
     ],
     [
      34,
      1,
      9
     ],
     [
      41,
      1,
      9
     ],
     [
      42,
      28,
      10
     ],
     [
      70,
      2,
      8
     ],
     [
      72,
      1,
      7
     ],
     [
      73,
      11,
      10
     ],
     [
      84,
      1,
      9
     ]
    ],
    "14": [
     [
      27,
      1,
      8
     ],
     [
      28,
      5,
      10
     ],
     [
      33,
      1,
      8
     ],
     [
      34,
      1,
      7
     ],
     [
      40,
      1,
      1
     ],
     [
      41,
      26,
      10
     ],
     [
      67,
      1,
      9
     ],
     [
      68,
      1,
      1
     ],
     [
      73,
      1,
      9
     ],
     [
      74,
      10,
      10
     ],
     [
      84,
      1,
      7
     ]
    ],
    "15": [
     [
      21,
      1,
      2
     ],
     [
      22,
      1,
      7
     ],
     [
      23,
      1,
      1
     ],
     [
      27,
      2,
      2
     ],
     [
      29,
      1,
      6
     ],
     [
      30,
      1,
      10
     ],
     [
      31,
      1,
      9
     ],
     [
      32,
      1,
      10
     ],
     [
      33,
      1,
      2
     ],
     [
      40,
      1,
      2
     ],
     [
      41,
      25,
      10
     ],
     [
      66,
      1,
      8
     ],
     [
      73,
      11,
      10
     ],
     [
      84,
      1,
      8
     ]
    ],
    "16": [
     [
      16,
      1,
      3
     ],
     [
      17,
      1,
      6
     ],
     [
      18,
      1,
      4
     ],
     [
      19,
      1,
      6
     ],
     [
      20,
      1,
      8
     ],
     [
      21,
      1,
      1
     ],
     [
      22,
      1,
      3
     ],
     [
      26,
      2,
      2
     ],
     [
      29,
      1,
      3
     ],
     [
      30,
      1,
      2
     ],
     [
      40,
      1,
      3
     ],
     [
      41,
      25,
      10
     ],
     [
      66,
      1,
      6
     ],
     [
      72,
      1,
      4
     ],
     [
      73,
      12,
      10
     ],
     [
      85,
      1,
      4
     ]
    ],
    "17": [
     [
      15,
      1,
      3
     ],
     [
      16,
      1,
      2
     ],
     [
      17,
      1,
      8
     ],
     [
      18,
      2,
      10
     ],
     [
      20,
      1,
      9
     ],
     [
      27,
      1,
      3
     ],
     [
      28,
      2,
      6
     ],
     [
      40,
      1,
      5
     ],
     [
      41,
      26,
      10
     ],
     [
      67,
      1,
      6
     ],
     [
      72,
      1,
      8
     ],
     [
      73,
      5,
      10
     ],
     [
      78,
      1,
      6
     ],
     [
      79,
      1,
      7
     ],
     [
      80,
      5,
      10
     ],
     [
      85,
      1,
      9
     ],
     [
      86,
      1,
      2
     ]
    ],
    "18": [
     [
      17,
      1,
      1
     ],
     [
      18,
      1,
      8
     ],
     [
      19,
      1,
      7
     ],
     [
      20,
      1,
      2
     ],
     [
      27,
      1,
      8
     ],
     [
      28,
      1,
      10
     ],
     [
      29,
      1,
      1
     ],
     [
      40,
      1,
      8
     ],
     [
      41,
      26,
      10
     ],
     [
      67,
      1,
      8
     ],
     [
      72,
      1,
      7
     ],
     [
      73,
      4,
      10
     ],
     [
      77,
      1,
      8
     ],
     [
      80,
      1,
      7
     ],
     [
      81,
      5,
      10
     ],
     [
      86,
      1,
      9
     ],
     [
      87,
      1,
      5
     ],
     [
      88,
      1,
      1
     ]
    ],
    "19": [
     [
      13,
      1,
      2
     ],
     [
      14,
      1,
      1
     ],
     [
      18,
      2,
      1
     ],
     [
      27,
      1,
      5
     ],
     [
      28,
      1,
      8
     ],
     [
      40,
      1,
      1
     ],
     [
      41,
      1,
      8
     ],
     [
      42,
      26,
      10
     ],
     [
      68,
      1,
      6
     ],
     [
      69,
      1,
      3
     ],
     [
      72,
      1,
      7
     ],
     [
      73,
      3,
      10
     ],
     [
      76,
      1,
      7
     ],
     [
      80,
      1,
      1
     ],
     [
      81,
      1,
      4
     ],
     [
      82,
      2,
      10
     ],
     [
      84,
      1,
      9
     ],
     [
      85,
      2,
      6
     ],
     [
      87,
      1,
      10
     ],
     [
      88,
      1,
      3
     ],
     [
      144,
      1,
      5
     ],
     [
      145,
      6,
      10
     ]
    ],
    "20": [
     [
      21,
      1,
      1
     ],
     [
      27,
      1,
      1
     ],
     [
      28,
      1,
      3
     ],
     [
      41,
      1,
      3
     ],
     [
      42,
      21,
      10
     ],
     [
      63,
      1,
      6
     ],
     [
      65,
      1,
      7
     ],
     [
      66,
      3,
      10
     ],
     [
      69,
      1,
      9
     ],
     [
      70,
      2,
      3
     ],
     [
      72,
      1,
      9
     ],
     [
      73,
      3,
      10
     ],
     [
      76,
      1,
      2
     ],
     [
      83,
      1,
      6
     ],
     [
      84,
      1,
      4
     ],
     [
      87,
      1,
      3
     ],
     [
      88,
      1,
      6
     ],
     [
      89,
      2,
      1
     ],
     [
      145,
      1,
      9
     ],
     [
      146,
      7,
      10
     ],
     [
      156,
      1,
      7
     ],
     [
      157,
      1,
      10
     ]
    ],
    "21": [
     [
      27,
      1,
      2
     ],
     [
      28,
      1,
      1
     ],
     [
      41,
      1,
      7
     ],
     [
      42,
      21,
      10
     ],
     [
      63,
      1,
      3
     ],
     [
      66,
      1,
      5
     ],
     [
      68,
      1,
      2
     ],
     [
      70,
      1,
      3
     ],
     [
      71,
      5,
      10
     ],
     [
      76,
      1,
      3
     ],
     [
      145,
      1,
      7
     ],
     [
      146,
      7,
      10
     ],
     [
      156,
      1,
      6
     ],
     [
      157,
      8,
      10
     ]
    ],
    "22": [
     [
      10,
      1,
      1
     ],
     [
      11,
      1,
      2
     ],
     [
      14,
      1,
      1
     ],
     [
      40,
      1,
      3
     ],
     [
      41,
      1,
      9
     ],
     [
      42,
      21,
      10
     ],
     [
      63,
      1,
      3
     ],
     [
      66,
      1,
      1
     ],
     [
      70,
      1,
      1
     ],
     [
      71,
      5,
      10
     ],
     [
      76,
      1,
      6
     ],
     [
      146,
      1,
      1
     ],
     [
      147,
      1,
      9
     ],
     [
      148,
      5,
      10
     ],
     [
      153,
      1,
      2
     ],
     [
      156,
      1,
      2
     ],
     [
      157,
      15,
      10
     ]
    ],
    "23": [
     [
      9,
      1,
      3
     ],
     [
      10,
      1,
      7
     ],
     [
      11,
      1,
      3
     ],
     [
      14,
      1,
      8
     ],
     [
      15,
      1,
      2
     ],
     [
      40,
      1,
      8
     ],
     [
      41,
      22,
      10
     ],
     [
      63,
      1,
      3
     ],
     [
      70,
      1,
      1
     ],
     [
      71,
      1,
      7
     ],
     [
      72,
      4,
      10
     ],
     [
      76,
      1,
      9
     ],
     [
      77,
      1,
      1
     ],
     [
      147,
      1,
      9
     ],
     [
      148,
      5,
      10
     ],
     [
      153,
      1,
      3
     ],
     [
      157,
      1,
      8
     ],
     [
      158,
      22,
      10
     ]
    ],
    "24": [
     [
      14,
      1,
      8
     ],
     [
      15,
      1,
      2
     ],
     [
      38,
      1,
      1
     ],
     [
      39,
      1,
      7
     ],
     [
      40,
      23,
      10
     ],
     [
      63,
      1,
      7
     ],
     [
      71,
      1,
      4
     ],
     [
      72,
      5,
      10
     ],
     [
      77,
      1,
      1
     ],
     [
      147,
      1,
      5
     ],
     [
      148,
      4,
      10
     ],
     [
      152,
      1,
      6
     ],
     [
      157,
      1,
      5
     ],
     [
      158,
      29,
      10
     ]
    ],
    "25": [
     [
      37,
      1,
      1
     ],
     [
      38,
      1,
      7
     ],
     [
      39,
      24,
      10
     ],
     [
      63,
      1,
      6
     ],
     [
      71,
      1,
      8
     ],
     [
      72,
      5,
      10
     ],
     [
      77,
      1,
      4
     ],
     [
      148,
      1,
      9
     ],
     [
      149,
      3,
      10
     ],
     [
      152,
      1,
      8
     ],
     [
      153,
      1,
      7
     ],
     [
      154,
      1,
      2
     ],
     [
      158,
      1,
      9
     ],
     [
      159,
      35,
      10
     ]
    ],
    "26": [
     [
      11,
      1,
      2
     ],
     [
      12,
      1,
      7
     ],
     [
      13,
      1,
      4
     ],
     [
      37,
      1,
      5
     ],
     [
      38,
      25,
      10
     ],
     [
      63,
      1,
      6
     ],
     [
      64,
      1,
      4
     ],
     [
      65,
      1,
      1
     ],
     [
      70,
      8,
      10
     ],
     [
      78,
      1,
      6
     ],
     [
      79,
      1,
      2
     ],
     [
      80,
      1,
      3
     ],
     [
      148,
      6,
      10
     ],
     [
      154,
      1,
      6
     ],
     [
      158,
      1,
      5
     ],
     [
      159,
      43,
      10
     ]
    ],
    "27": [
     [
      11,
      1,
      8
     ],
     [
      12,
      1,
      9
     ],
     [
      13,
      1,
      4
     ],
     [
      36,
      1,
      1
     ],
     [
      37,
      28,
      10
     ],
     [
      65,
      1,
      4
     ],
     [
      69,
      1,
      8
     ],
     [
      70,
      11,
      10
     ],
     [
      81,
      1,
      8
     ],
     [
      82,
      1,
      6
     ],
     [
      83,
      1,
      1
     ],
     [
      85,
      1,
      4
     ],
     [
      86,
      1,
      1
     ],
     [
      148,
      1,
      1
     ],
     [
      149,
      3,
      10
     ],
     [
      152,
      1,
      7
     ],
     [
      153,
      1,
      1
     ],
     [
      158,
      1,
      1
     ],
     [
      159,
      50,
      10
     ]
    ],
    "28": [
     [
      35,
      1,
      2
     ],
     [
      36,
      30,
      10
     ],
     [
      66,
      1,
      1
     ],
     [
      67,
      2,
      2
     ],
     [
      69,
      1,
      3
     ],
     [
      70,
      1,
      6
     ],
     [
      71,
      16,
      10
     ],
     [
      87,
      1,
      5
     ],
     [
      149,
      1,
      4
     ],
     [
      150,
      2,
      10
     ],
     [
      154,
      1,
      1
     ],
     [
      155,
      1,
      6
     ],
     [
      156,
      1,
      2
     ],
     [
      159,
      1,
      6
     ],
     [
      160,
      57,
      10
     ]
    ],
    "29": [
     [
      35,
      1,
      9
     ],
     [
      36,
      21,
      10
     ],
     [
      57,
      1,
      7
     ],
     [
      58,
      1,
      3
     ],
     [
      59,
      1,
      6
     ],
     [
      60,
      1,
      7
     ],
     [
      61,
      4,
      10
     ],
     [
      65,
      1,
      9
     ],
     [
      66,
      1,
      1
     ],
     [
      70,
      1,
      6
     ],
     [
      71,
      4,
      10
     ],
     [
      75,
      1,
      9
     ],
     [
      76,
      1,
      8
     ],
     [
      77,
      5,
      10
     ],
     [
      82,
      1,
      5
     ],
     [
      84,
      1,
      3
     ],
     [
      85,
      1,
      9
     ],
     [
      86,
      1,
      4
     ],
     [
      149,
      1,
      1
     ],
     [
      150,
      2,
      10
     ],
     [
      154,
      1,
      1
     ],
     [
      155,
      1,
      3
     ],
     [
      156,
      1,
      6
     ],
     [
      157,
      1,
      1
     ],
     [
      159,
      1,
      2
     ],
     [
      160,
      64,
      10
     ]
    ],
    "30": [
     [
      34,
      1,
      2
     ],
     [
      35,
      20,
      10
     ],
     [
      55,
      1,
      9
     ],
     [
      56,
      1,
      4
     ],
     [
      61,
      1,
      8
     ],
     [
      62,
      3,
      10
     ],
     [
      65,
      1,
      3
     ],
     [
      70,
      5,
      10
     ],
     [
      75,
      1,
      4
     ],
     [
      78,
      1,
      2
     ],
     [
      79,
      1,
      8
     ],
     [
      80,
      1,
      10
     ],
     [
      81,
      1,
      8
     ],
     [
      85,
      1,
      5
     ],
     [
      151,
      1,
      4
     ],
     [
      160,
      1,
      7
     ],
     [
      161,
      71,
      10
     ]
    ],
    "31": [
     [
      34,
      1,
      8
     ],
     [
      35,
      19,
      10
     ],
     [
      54,
      1,
      9
     ],
     [
      60,
      1,
      1
     ],
     [
      61,
      1,
      10
     ],
     [
      62,
      2,
      6
     ],
     [
      64,
      1,
      4
     ],
     [
      69,
      1,
      2
     ],
     [
      70,
      5,
      10
     ],
     [
      75,
      1,
      4
     ],
     [
      79,
      1,
      5
     ],
     [
      80,
      1,
      10
     ],
     [
      81,
      1,
      3
     ],
     [
      160,
      1,
      2
     ],
     [
      161,
      78,
      10
     ]
    ],
    "32": [
     [
      34,
      1,
      9
     ],
     [
      35,
      18,
      10
     ],
     [
      53,
      1,
      9
     ],
     [
      54,
      1,
      1
     ],
     [
      57,
      2,
      4
     ],
     [
      59,
      1,
      7
     ],
     [
      60,
      1,
      9
     ],
     [
      61,
      1,
      8
     ],
     [
      70,
      1,
      8
     ],
     [
      71,
      3,
      10
     ],
     [
      74,
      1,
      4
     ],
     [
      78,
      1,
      2
     ],
     [
      79,
      1,
      8
     ],
     [
      80,
      1,
      6
     ],
     [
      81,
      1,
      1
     ],
     [
      158,
      1,
      1
     ],
     [
      160,
      1,
      1
     ],
     [
      161,
      1,
      9
     ],
     [
      162,
      85,
      10
     ]
    ],
    "33": [
     [
      34,
      1,
      7
     ],
     [
      35,
      18,
      10
     ],
     [
      53,
      1,
      4
     ],
     [
      56,
      1,
      5
     ],
     [
      57,
      2,
      8
     ],
     [
      59,
      2,
      10
     ],
     [
      61,
      1,
      9
     ],
     [
      62,
      1,
      5
     ],
     [
      70,
      1,
      6
     ],
     [
      71,
      2,
      10
     ],
     [
      73,
      1,
      9
     ],
     [
      78,
      1,
      1
     ],
     [
      79,
      1,
      4
     ],
     [
      80,
      1,
      1
     ],
     [
      161,
      1,
      3
     ],
     [
      162,
      93,
      10
     ]
    ],
    "34": [
     [
      34,
      1,
      2
     ],
     [
      35,
      1,
      9
     ],
     [
      36,
      16,
      10
     ],
     [
      52,
      1,
      8
     ],
     [
      53,
      1,
      2
     ],
     [
      56,
      1,
      8
     ],
     [
      57,
      1,
      3
     ],
     [
      59,
      1,
      1
     ],
     [
      60,
      1,
      4
     ],
     [
      61,
      1,
      7
     ],
     [
      62,
      1,
      4
     ],
     [
      63,
      1,
      2
     ],
     [
      70,
      1,
      1
     ],
     [
      71,
      2,
      10
     ],
     [
      73,
      1,
      4
     ],
     [
      80,
      1,
      8
     ],
     [
      81,
      1,
      1
     ],
     [
      162,
      101,
      10
     ]
    ],
    "35": [
     [
      35,
      1,
      2
     ],
     [
      36,
      14,
      10
     ],
     [
      50,
      1,
      9
     ],
     [
      51,
      1,
      7
     ],
     [
      52,
      1,
      2
     ],
     [
      56,
      1,
      2
     ],
     [
      70,
      1,
      2
     ],
     [
      71,
      1,
      10
     ],
     [
      72,
      1,
      5
     ],
     [
      80,
      1,
      10
     ],
     [
      81,
      1,
      6
     ],
     [
      162,
      1,
      7
     ],
     [
      163,
      107,
      10
     ]
    ],
    "36": [
     [
      28,
      1,
      1
     ],
     [
      37,
      13,
      10
     ],
     [
      50,
      1,
      3
     ],
     [
      56,
      1,
      1
     ],
     [
      57,
      1,
      4
     ],
     [
      58,
      1,
      1
     ],
     [
      70,
      2,
      7
     ],
     [
      80,
      1,
      10
     ],
     [
      81,
      1,
      5
     ],
     [
      162,
      1,
      2
     ],
     [
      163,
      115,
      10
     ]
    ],
    "37": [
     [
      28,
      1,
      1
     ],
     [
      29,
      1,
      5
     ],
     [
      35,
      1,
      1
     ],
     [
      36,
      1,
      8
     ],
     [
      37,
      10,
      10
     ],
     [
      47,
      1,
      6
     ],
     [
      48,
      2,
      7
     ],
     [
      52,
      1,
      1
     ],
     [
      53,
      1,
      6
     ],
     [
      54,
      1,
      10
     ],
     [
      55,
      1,
      8
     ],
     [
      56,
      2,
      5
     ],
     [
      69,
      2,
      7
     ],
     [
      80,
      1,
      6
     ],
     [
      81,
      1,
      9
     ],
     [
      82,
      1,
      1
     ],
     [
      163,
      1,
      7
     ],
     [
      164,
      122,
      10
     ]
    ],
    "38": [
     [
      32,
      1,
      3
     ],
     [
      33,
      1,
      6
     ],
     [
      34,
      1,
      7
     ],
     [
      35,
      10,
      10
     ],
     [
      45,
      1,
      9
     ],
     [
      46,
      1,
      5
     ],
     [
      48,
      1,
      1
     ],
     [
      49,
      1,
      2
     ],
     [
      51,
      1,
      2
     ],
     [
      52,
      1,
      7
     ],
     [
      54,
      1,
      1
     ],
     [
      55,
      1,
      2
     ],
     [
      69,
      1,
      3
     ],
     [
      70,
      1,
      6
     ],
     [
      71,
      2,
      2
     ],
     [
      81,
      2,
      8
     ],
     [
      164,
      1,
      4
     ],
     [
      165,
      1,
      9
     ],
     [
      166,
      128,
      10
     ]
    ],
    "39": [
     [
      32,
      1,
      3
     ],
     [
      33,
      10,
      10
     ],
     [
      43,
      1,
      8
     ],
     [
      44,
      1,
      1
     ],
     [
      48,
      1,
      4
     ],
     [
      70,
      1,
      1
     ],
     [
      71,
      1,
      5
     ],
     [
      72,
      1,
      9
     ],
     [
      73,
      1,
      10
     ],
     [
      74,
      1,
      9
     ],
     [
      75,
      1,
      4
     ],
     [
      82,
      1,
      5
     ],
     [
      83,
      1,
      4
     ],
     [
      165,
      1,
      6
     ],
     [
      166,
      132,
      10
     ]
    ],
    "40": [
     [
      33,
      1,
      7
     ],
     [
      34,
      9,
      10
     ],
     [
      43,
      1,
      6
     ],
     [
      45,
      1,
      2
     ],
     [
      48,
      1,
      3
     ],
     [
      52,
      2,
      6
     ],
     [
      72,
      1,
      6
     ],
     [
      73,
      2,
      10
     ],
     [
      75,
      1,
      8
     ],
     [
      82,
      1,
      4
     ],
     [
      83,
      1,
      9
     ],
     [
      84,
      1,
      4
     ],
     [
      166,
      1,
      9
     ],
     [
      167,
      130,
      10
     ],
     [
      297,
      1,
      7
     ]
    ],
    "41": [
     [
      24,
      1,
      2
     ],
     [
      33,
      1,
      1
     ],
     [
      34,
      1,
      6
     ],
     [
      35,
      8,
      10
     ],
     [
      43,
      1,
      9
     ],
     [
      44,
      1,
      8
     ],
     [
      45,
      1,
      7
     ],
     [
      46,
      2,
      1
     ],
     [
      48,
      1,
      2
     ],
     [
      51,
      1,
      4
     ],
     [
      52,
      1,
      8
     ],
     [
      53,
      1,
      10
     ],
     [
      54,
      1,
      7
     ],
     [
      72,
      1,
      2
     ],
     [
      73,
      2,
      10
     ],
     [
      75,
      1,
      7
     ],
     [
      84,
      1,
      3
     ],
     [
      166,
      1,
      7
     ],
     [
      167,
      130,
      10
     ],
     [
      297,
      1,
      6
     ]
    ],
    "42": [
     [
      23,
      1,
      3
     ],
     [
      24,
      1,
      1
     ],
     [
      35,
      1,
      8
     ],
     [
      36,
      10,
      10
     ],
     [
      46,
      1,
      9
     ],
     [
      47,
      1,
      6
     ],
     [
      51,
      2,
      8
     ],
     [
      53,
      1,
      3
     ],
     [
      73,
      1,
      8
     ],
     [
      74,
      1,
      10
     ],
     [
      75,
      1,
      1
     ],
     [
      166,
      1,
      2
     ],
     [
      167,
      130,
      10
     ],
     [
      297,
      1,
      3
     ]
    ],
    "43": [
     [
      23,
      1,
      3
     ],
     [
      35,
      10,
      10
     ],
     [
      45,
      1,
      7
     ],
     [
      46,
      1,
      2
     ],
     [
      162,
      1,
      8
     ],
     [
      163,
      1,
      4
     ],
     [
      167,
      130,
      10
     ],
     [
      297,
      1,
      1
     ]
    ],
    "44": [
     [
      21,
      2,
      3
     ],
     [
      23,
      1,
      1
     ],
     [
      35,
      1,
      8
     ],
     [
      36,
      8,
      10
     ],
     [
      44,
      1,
      7
     ],
     [
      45,
      1,
      1
     ],
     [
      161,
      1,
      5
     ],
     [
      162,
      2,
      10
     ],
     [
      164,
      1,
      7
     ],
     [
      167,
      1,
      6
     ],
     [
      168,
      129,
      10
     ]
    ],
    "45": [
     [
      20,
      1,
      3
     ],
     [
      21,
      1,
      2
     ],
     [
      35,
      1,
      3
     ],
     [
      36,
      8,
      10
     ],
     [
      44,
      1,
      1
     ],
     [
      161,
      1,
      1
     ],
     [
      163,
      1,
      3
     ],
     [
      164,
      1,
      9
     ],
     [
      167,
      1,
      4
     ],
     [
      168,
      128,
      10
     ],
     [
      296,
      1,
      6
     ]
    ],
    "46": [
     [
      16,
      1,
      1
     ],
     [
      19,
      1,
      5
     ],
     [
      20,
      1,
      8
     ],
     [
      34,
      1,
      4
     ],
     [
      35,
      1,
      8
     ],
     [
      36,
      8,
      10
     ],
     [
      164,
      1,
      8
     ],
     [
      165,
      1,
      1
     ],
     [
      168,
      1,
      9
     ],
     [
      169,
      127,
      10
     ],
     [
      296,
      1,
      5
     ]
    ],
    "47": [
     [
      14,
      1,
      2
     ],
     [
      15,
      1,
      6
     ],
     [
      16,
      1,
      3
     ],
     [
      20,
      1,
      1
     ],
     [
      33,
      1,
      8
     ],
     [
      34,
      10,
      10
     ],
     [
      164,
      1,
      10
     ],
     [
      168,
      1,
      7
     ],
     [
      169,
      127,
      10
     ],
     [
      296,
      1,
      3
     ]
    ],
    "48": [
     [
      14,
      1,
      3
     ],
     [
      32,
      1,
      5
     ],
     [
      33,
      10,
      10
     ],
     [
      43,
      1,
      5
     ],
     [
      62,
      1,
      4
     ],
     [
      163,
      1,
      5
     ],
     [
      164,
      1,
      10
     ],
     [
      165,
      1,
      1
     ],
     [
      168,
      1,
      6
     ],
     [
      169,
      127,
      10
     ]
    ],
    "49": [
     [
      31,
      1,
      5
     ],
     [
      32,
      10,
      10
     ],
     [
      42,
      1,
      8
     ],
     [
      62,
      1,
      2
     ],
     [
      63,
      1,
      4
     ],
     [
      163,
      3,
      1
     ],
     [
      168,
      1,
      4
     ],
     [
      169,
      126,
      10
     ],
     [
      295,
      1,
      9
     ]
    ],
    "50": [
     [
      30,
      1,
      4
     ],
     [
      31,
      11,
      10
     ],
     [
      42,
      1,
      3
     ],
     [
      60,
      1,
      1
     ],
     [
      168,
      1,
      1
     ],
     [
      169,
      126,
      10
     ],
     [
      295,
      1,
      7
     ]
    ],
    "51": [
     [
      30,
      1,
      1
     ],
     [
      31,
      1,
      3
     ],
     [
      32,
      9,
      10
     ],
     [
      41,
      1,
      4
     ],
     [
      168,
      1,
      2
     ],
     [
      169,
      126,
      10
     ],
     [
      295,
      1,
      5
     ]
    ],
    "52": [
     [
      31,
      1,
      4
     ],
     [
      32,
      7,
      10
     ],
     [
      39,
      1,
      9
     ],
     [
      40,
      1,
      2
     ],
     [
      168,
      1,
      1
     ],
     [
      169,
      126,
      10
     ],
     [
      295,
      1,
      3
     ]
    ],
    "53": [
     [
      31,
      1,
      6
     ],
     [
      32,
      7,
      10
     ],
     [
      39,
      1,
      4
     ],
     [
      169,
      126,
      10
     ]
    ],
    "54": [
     [
      29,
      1,
      3
     ],
     [
      30,
      1,
      8
     ],
     [
      31,
      8,
      10
     ],
     [
      166,
      1,
      1
     ],
     [
      168,
      1,
      3
     ],
     [
      169,
      125,
      10
     ],
     [
      294,
      1,
      9
     ]
    ],
    "55": [
     [
      29,
      1,
      3
     ],
     [
      30,
      8,
      10
     ],
     [
      38,
      1,
      8
     ],
     [
      168,
      1,
      4
     ],
     [
      169,
      125,
      10
     ],
     [
      294,
      1,
      7
     ]
    ],
    "56": [
     [
      28,
      1,
      1
     ],
     [
      29,
      1,
      4
     ],
     [
      30,
      9,
      10
     ],
     [
      39,
      1,
      6
     ],
     [
      168,
      1,
      2
     ],
     [
      169,
      125,
      10
     ],
     [
      294,
      1,
      3
     ]
    ],
    "57": [
     [
      27,
      1,
      2
     ],
     [
      28,
      1,
      8
     ],
     [
      29,
      10,
      10
     ],
     [
      39,
      1,
      9
     ],
     [
      40,
      1,
      6
     ],
     [
      41,
      1,
      5
     ],
     [
      42,
      1,
      3
     ],
     [
      43,
      1,
      2
     ],
     [
      168,
      1,
      2
     ],
     [
      169,
      125,
      10
     ],
     [
      294,
      1,
      2
     ]
    ],
    "58": [
     [
      26,
      1,
      1
     ],
     [
      27,
      18,
      10
     ],
     [
      45,
      1,
      9
     ],
     [
      46,
      1,
      4
     ],
     [
      168,
      1,
      3
     ],
     [
      169,
      125,
      10
     ]
    ],
    "59": [
     [
      26,
      1,
      4
     ],
     [
      27,
      1,
      9
     ],
     [
      28,
      16,
      10
     ],
     [
      44,
      1,
      7
     ],
     [
      45,
      1,
      3
     ],
     [
      46,
      1,
      8
     ],
     [
      47,
      1,
      4
     ],
     [
      48,
      1,
      2
     ],
     [
      168,
      1,
      6
     ],
     [
      169,
      124,
      10
     ],
     [
      293,
      1,
      9
     ]
    ],
    "60": [
     [
      27,
      1,
      2
     ],
     [
      28,
      1,
      9
     ],
     [
      29,
      15,
      10
     ],
     [
      44,
      1,
      3
     ],
     [
      46,
      2,
      2
     ],
     [
      49,
      1,
      1
     ],
     [
      168,
      1,
      4
     ],
     [
      169,
      124,
      10
     ],
     [
      293,
      1,
      6
     ]
    ],
    "61": [
     [
      28,
      16,
      10
     ],
     [
      44,
      1,
      3
     ],
     [
      168,
      1,
      3
     ],
     [
      169,
      124,
      10
     ],
     [
      293,
      1,
      4
     ]
    ],
    "62": [
     [
      28,
      1,
      9
     ],
     [
      29,
      14,
      10
     ],
     [
      43,
      1,
      8
     ],
     [
      44,
      1,
      1
     ],
     [
      168,
      1,
      9
     ],
     [
      169,
      124,
      10
     ],
     [
      293,
      1,
      2
     ]
    ],
    "63": [
     [
      28,
      1,
      8
     ],
     [
      29,
      13,
      10
     ],
     [
      42,
      1,
      1
     ],
     [
      168,
      1,
      7
     ],
     [
      169,
      124,
      10
     ]
    ],
    "64": [
     [
      26,
      1,
      3
     ],
     [
      27,
      1,
      6
     ],
     [
      28,
      13,
      10
     ],
     [
      41,
      1,
      9
     ],
     [
      68,
      1,
      4
     ],
     [
      69,
      1,
      1
     ],
     [
      168,
      124,
      10
     ],
     [
      292,
      1,
      7
     ]
    ],
    "65": [
     [
      26,
      1,
      8
     ],
     [
      27,
      15,
      10
     ],
     [
      42,
      1,
      8
     ],
     [
      43,
      1,
      1
     ],
     [
      45,
      1,
      2
     ],
     [
      66,
      1,
      6
     ],
     [
      155,
      1,
      3
     ],
     [
      156,
      1,
      2
     ],
     [
      163,
      1,
      2
     ],
     [
      164,
      1,
      1
     ],
     [
      167,
      1,
      1
     ],
     [
      168,
      124,
      10
     ],
     [
      292,
      1,
      6
     ]
    ],
    "66": [
     [
      24,
      1,
      1
     ],
     [
      25,
      1,
      7
     ],
     [
      26,
      19,
      10
     ],
     [
      60,
      1,
      1
     ],
     [
      61,
      1,
      7
     ],
     [
      62,
      1,
      6
     ],
     [
      63,
      1,
      3
     ],
     [
      64,
      1,
      1
     ],
     [
      65,
      1,
      10
     ],
     [
      66,
      1,
      7
     ],
     [
      74,
      1,
      2
     ],
     [
      157,
      1,
      1
     ],
     [
      158,
      1,
      4
     ],
     [
      159,
      1,
      2
     ],
     [
      160,
      1,
      3
     ],
     [
      161,
      1,
      2
     ],
     [
      162,
      1,
      7
     ],
     [
      163,
      1,
      10
     ],
     [
      164,
      1,
      5
     ],
     [
      168,
      124,
      10
     ],
     [
      292,
      1,
      3
     ]
    ],
    "67": [
     [
      24,
      1,
      1
     ],
     [
      25,
      1,
      7
     ],
     [
      26,
      1,
      9
     ],
     [
      27,
      17,
      10
     ],
     [
      44,
      1,
      6
     ],
     [
      57,
      1,
      1
     ],
     [
      59,
      1,
      2
     ],
     [
      60,
      3,
      7
     ],
     [
      63,
      1,
      10
     ],
     [
      64,
      1,
      7
     ],
     [
      65,
      1,
      3
     ],
     [
      158,
      1,
      1
     ],
     [
      159,
      1,
      4
     ],
     [
      160,
      1,
      6
     ],
     [
      161,
      1,
      10
     ],
     [
      162,
      2,
      8
     ],
     [
      164,
      1,
      1
     ],
     [
      167,
      1,
      3
     ],
     [
      168,
      124,
      10
     ],
     [
      292,
      1,
      1
     ]
    ],
    "68": [
     [
      26,
      1,
      8
     ],
     [
      27,
      17,
      10
     ],
     [
      44,
      1,
      2
     ],
     [
      51,
      1,
      4
     ],
     [
      57,
      1,
      7
     ],
     [
      58,
      1,
      10
     ],
     [
      59,
      1,
      9
     ],
     [
      60,
      1,
      7
     ],
     [
      63,
      1,
      2
     ],
     [
      167,
      1,
      5
     ],
     [
      168,
      124,
      10
     ]
    ],
    "69": [
     [
      22,
      1,
      1
     ],
     [
      26,
      18,
      10
     ],
     [
      44,
      1,
      1
     ],
     [
      45,
      1,
      2
     ],
     [
      46,
      1,
      4
     ],
     [
      47,
      1,
      3
     ],
     [
      50,
      1,
      6
     ],
     [
      51,
      1,
      10
     ],
     [
      52,
      1,
      9
     ],
     [
      53,
      1,
      5
     ],
     [
      54,
      1,
      1
     ],
     [
      57,
      2,
      9
     ],
     [
      59,
      1,
      8
     ],
     [
      167,
      1,
      7
     ],
     [
      168,
      123,
      10
     ],
     [
      291,
      1,
      7
     ]
    ],
    "70": [
     [
      25,
      1,
      2
     ],
     [
      26,
      4,
      10
     ],
     [
      30,
      1,
      9
     ],
     [
      31,
      17,
      10
     ],
     [
      48,
      1,
      8
     ],
     [
      49,
      1,
      7
     ],
     [
      50,
      4,
      10
     ],
     [
      54,
      1,
      8
     ],
     [
      55,
      2,
      7
     ],
     [
      57,
      1,
      4
     ],
     [
      163,
      1,
      2
     ],
     [
      167,
      1,
      8
     ],
     [
      168,
      123,
      10
     ],
     [
      291,
      1,
      6
     ]
    ],
    "71": [
     [
      21,
      1,
      2
     ],
     [
      24,
      1,
      2
     ],
     [
      25,
      5,
      10
     ],
     [
      30,
      1,
      3
     ],
     [
      32,
      1,
      4
     ],
     [
      33,
      24,
      10
     ],
     [
      161,
      1,
      8
     ],
     [
      162,
      1,
      9
     ],
     [
      163,
      1,
      10
     ],
     [
      164,
      1,
      1
     ],
     [
      167,
      1,
      9
     ],
     [
      168,
      123,
      10
     ],
     [
      291,
      1,
      5
     ]
    ],
    "72": [
     [
      23,
      1,
      2
     ],
     [
      24,
      1,
      8
     ],
     [
      25,
      5,
      10
     ],
     [
      30,
      1,
      8
     ],
     [
      31,
      1,
      2
     ],
     [
      32,
      1,
      7
     ],
     [
      33,
      23,
      10
     ],
     [
      56,
      1,
      3
     ],
     [
      161,
      3,
      10
     ],
     [
      164,
      1,
      5
     ],
     [
      167,
      124,
      10
     ],
     [
      291,
      1,
      6
     ]
    ],
    "73": [
     [
      23,
      1,
      4
     ],
     [
      24,
      14,
      10
     ],
     [
      38,
      2,
      3
     ],
     [
      40,
      12,
      10
     ],
     [
      52,
      1,
      2
     ],
     [
      53,
      1,
      3
     ],
     [
      54,
      1,
      7
     ],
     [
      55,
      1,
      1
     ],
     [
      160,
      1,
      4
     ],
     [
      161,
      3,
      10
     ],
     [
      164,
      1,
      8
     ],
     [
      167,
      1,
      9
     ],
     [
      168,
      123,
      10
     ],
     [
      291,
      1,
      3
     ]
    ],
    "74": [
     [
      20,
      1,
      3
     ],
     [
      21,
      2,
      8
     ],
     [
      23,
      15,
      10
     ],
     [
      41,
      1,
      5
     ],
     [
      42,
      9,
      10
     ],
     [
      51,
      1,
      2
     ],
     [
      54,
      1,
      1
     ],
     [
      160,
      1,
      2
     ],
     [
      161,
      1,
      9
     ],
     [
      162,
      2,
      10
     ],
     [
      164,
      1,
      7
     ],
     [
      166,
      1,
      1
     ],
     [
      167,
      124,
      10
     ]
    ],
    "75": [
     [
      21,
      1,
      2
     ],
     [
      22,
      15,
      10
     ],
     [
      37,
      1,
      6
     ],
     [
      41,
      1,
      4
     ],
     [
      42,
      8,
      10
     ],
     [
      50,
      1,
      7
     ],
     [
      162,
      1,
      2
     ],
     [
      163,
      2,
      1
     ],
     [
      166,
      1,
      3
     ],
     [
      167,
      123,
      10
     ],
     [
      290,
      1,
      9
     ]
    ],
    "76": [
     [
      21,
      1,
      8
     ],
     [
      22,
      15,
      10
     ],
     [
      37,
      1,
      5
     ],
     [
      41,
      1,
      6
     ],
     [
      42,
      7,
      10
     ],
     [
      49,
      1,
      2
     ],
     [
      166,
      1,
      6
     ],
     [
      167,
      123,
      10
     ],
     [
      290,
      1,
      7
     ]
    ],
    "77": [
     [
      21,
      1,
      4
     ],
     [
      22,
      15,
      10
     ],
     [
      37,
      1,
      6
     ],
     [
      40,
      1,
      3
     ],
     [
      41,
      1,
      9
     ],
     [
      42,
      2,
      10
     ],
     [
      44,
      1,
      7
     ],
     [
      45,
      1,
      2
     ],
     [
      46,
      1,
      5
     ],
     [
      47,
      1,
      10
     ],
     [
      48,
      1,
      4
     ],
     [
      166,
      1,
      4
     ],
     [
      167,
      123,
      10
     ],
     [
      290,
      1,
      4
     ]
    ],
    "78": [
     [
      21,
      1,
      6
     ],
     [
      22,
      15,
      10
     ],
     [
      37,
      1,
      7
     ],
     [
      41,
      1,
      5
     ],
     [
      42,
      1,
      7
     ],
     [
      43,
      1,
      1
     ],
     [
      46,
      1,
      3
     ],
     [
      47,
      1,
      10
     ],
     [
      48,
      1,
      2
     ],
     [
      166,
      1,
      7
     ],
     [
      167,
      123,
      10
     ],
     [
      290,
      1,
      3
     ]
    ],
    "79": [
     [
      21,
      1,
      7
     ],
     [
      22,
      16,
      10
     ],
     [
      42,
      1,
      1
     ],
     [
      47,
      1,
      3
     ],
     [
      48,
      1,
      2
     ],
     [
      166,
      1,
      9
     ],
     [
      167,
      123,
      10
     ]
    ],
    "80": [
     [
      20,
      1,
      7
     ],
     [
      21,
      1,
      9
     ],
     [
      22,
      12,
      10
     ],
     [
      34,
      2,
      5
     ],
     [
      36,
      1,
      6
     ],
     [
      37,
      1,
      9
     ],
     [
      165,
      1,
      1
     ],
     [
      166,
      123,
      10
     ],
     [
      289,
      1,
      9
     ]
    ],
    "81": [
     [
      20,
      1,
      8
     ],
     [
      21,
      12,
      10
     ],
     [
      33,
      1,
      7
     ],
     [
      37,
      1,
      4
     ],
     [
      49,
      1,
      2
     ],
     [
      165,
      1,
      3
     ],
     [
      166,
      123,
      10
     ],
     [
      289,
      1,
      6
     ]
    ],
    "82": [
     [
      20,
      1,
      4
     ],
     [
      21,
      12,
      10
     ],
     [
      33,
      1,
      4
     ],
     [
      37,
      1,
      5
     ],
     [
      165,
      1,
      3
     ],
     [
      166,
      123,
      10
     ],
     [
      289,
      1,
      4
     ]
    ],
    "83": [
     [
      20,
      1,
      7
     ],
     [
      21,
      12,
      10
     ],
     [
      37,
      1,
      5
     ],
     [
      38,
      1,
      7
     ],
     [
      165,
      1,
      4
     ],
     [
      166,
      123,
      10
     ],
     [
      289,
      1,
      2
     ]
    ],
    "84": [
     [
      20,
      1,
      4
     ],
     [
      21,
      12,
      10
     ],
     [
      33,
      1,
      2
     ],
     [
      37,
      1,
      1
     ],
     [
      38,
      1,
      9
     ],
     [
      165,
      1,
      6
     ],
     [
      166,
      123,
      10
     ]
    ],
    "85": [
     [
      21,
      1,
      8
     ],
     [
      22,
      11,
      10
     ],
     [
      33,
      1,
      9
     ],
     [
      34,
      1,
      4
     ],
     [
      37,
      1,
      1
     ],
     [
      38,
      1,
      10
     ],
     [
      39,
      1,
      8
     ],
     [
      52,
      1,
      1
     ],
     [
      53,
      1,
      2
     ],
     [
      159,
      1,
      1
     ],
     [
      165,
      1,
      9
     ],
     [
      166,
      122,
      10
     ],
     [
      288,
      1,
      7
     ]
    ],
    "86": [
     [
      22,
      1,
      3
     ],
     [
      23,
      12,
      10
     ],
     [
      35,
      1,
      5
     ],
     [
      37,
      1,
      4
     ],
     [
      38,
      2,
      10
     ],
     [
      40,
      1,
      6
     ],
     [
      52,
      1,
      1
     ],
     [
      157,
      2,
      6
     ],
     [
      159,
      2,
      10
     ],
     [
      161,
      1,
      9
     ],
     [
      162,
      1,
      3
     ],
     [
      165,
      123,
      10
     ],
     [
      288,
      1,
      6
     ]
    ],
    "87": [
     [
      23,
      1,
      4
     ],
     [
      24,
      17,
      10
     ],
     [
      41,
      1,
      1
     ],
     [
      155,
      1,
      3
     ],
     [
      156,
      1,
      9
     ],
     [
      157,
      5,
      10
     ],
     [
      162,
      1,
      8
     ],
     [
      163,
      1,
      3
     ],
     [
      164,
      1,
      8
     ],
     [
      165,
      12,
      10
     ],
     [
      177,
      1,
      8
     ],
     [
      178,
      2,
      3
     ],
     [
      180,
      108,
      10
     ],
     [
      288,
      1,
      4
     ]
    ],
    "88": [
     [
      24,
      1,
      8
     ],
     [
      25,
      16,
      10
     ],
     [
      41,
      1,
      4
     ],
     [
      51,
      1,
      2
     ],
     [
      52,
      1,
      1
     ],
     [
      154,
      1,
      7
     ],
     [
      155,
      22,
      10
     ],
     [
      177,
      1,
      8
     ],
     [
      178,
      2,
      3
     ],
     [
      180,
      108,
      10
     ],
     [
      288,
      1,
      1
     ]
    ],
    "89": [
     [
      24,
      1,
      5
     ],
     [
      25,
      10,
      10
     ],
     [
      35,
      1,
      8
     ],
     [
      36,
      5,
      10
     ],
     [
      41,
      1,
      7
     ],
     [
      48,
      1,
      1
     ],
     [
      49,
      1,
      2
     ],
     [
      50,
      1,
      3
     ],
     [
      51,
      1,
      9
     ],
     [
      52,
      1,
      7
     ],
     [
      153,
      1,
      6
     ],
     [
      154,
      134,
      10
     ]
    ],
    "90": [
     [
      24,
      1,
      3
     ],
     [
      25,
      9,
      10
     ],
     [
      34,
      1,
      7
     ],
     [
      37,
      1,
      8
     ],
     [
      38,
      4,
      10
     ],
     [
      42,
      2,
      8
     ],
     [
      48,
      1,
      5
     ],
     [
      49,
      3,
      10
     ],
     [
      52,
      1,
      7
     ],
     [
      152,
      1,
      6
     ],
     [
      153,
      134,
      10
     ],
     [
      287,
      1,
      7
     ]
    ],
    "91": [
     [
      24,
      1,
      7
     ],
     [
      25,
      9,
      10
     ],
     [
      34,
      1,
      5
     ],
     [
      37,
      1,
      2
     ],
     [
      38,
      1,
      7
     ],
     [
      39,
      1,
      8
     ],
     [
      40,
      4,
      10
     ],
     [
      44,
      1,
      3
     ],
     [
      48,
      3,
      10
     ],
     [
      51,
      1,
      8
     ],
     [
      52,
      1,
      4
     ],
     [
      150,
      1,
      1
     ],
     [
      151,
      1,
      9
     ],
     [
      152,
      135,
      10
     ],
     [
      287,
      1,
      7
     ]
    ],
    "92": [
     [
      21,
      1,
      1
     ],
     [
      22,
      1,
      2
     ],
     [
      23,
      1,
      3
     ],
     [
      24,
      1,
      9
     ],
     [
      25,
      9,
      10
     ],
     [
      34,
      1,
      6
     ],
     [
      40,
      1,
      6
     ],
     [
      41,
      4,
      10
     ],
     [
      45,
      1,
      4
     ],
     [
      48,
      1,
      3
     ],
     [
      49,
      2,
      10
     ],
     [
      51,
      1,
      5
     ],
     [
      149,
      1,
      2
     ],
     [
      150,
      1,
      9
     ],
     [
      151,
      136,
      10
     ],
     [
      287,
      1,
      3
     ]
    ],
    "93": [
     [
      22,
      1,
      2
     ],
     [
      23,
      1,
      9
     ],
     [
      24,
      11,
      10
     ],
     [
      40,
      1,
      3
     ],
     [
      41,
      5,
      10
     ],
     [
      46,
      1,
      7
     ],
     [
      47,
      1,
      3
     ],
     [
      48,
      1,
      8
     ],
     [
      49,
      2,
      10
     ],
     [
      51,
      1,
      8
     ],
     [
      148,
      1,
      1
     ],
     [
      149,
      1,
      9
     ],
     [
      150,
      137,
      10
     ],
     [
      287,
      1,
      1
     ]
    ],
    "94": [
     [
      23,
      1,
      1
     ],
     [
      24,
      1,
      6
     ],
     [
      25,
      10,
      10
     ],
     [
      35,
      1,
      5
     ],
     [
      40,
      1,
      4
     ],
     [
      41,
      11,
      10
     ],
     [
      147,
      1,
      1
     ],
     [
      148,
      1,
      9
     ],
     [
      149,
      138,
      10
     ]
    ],
    "95": [
     [
      25,
      10,
      10
     ],
     [
      35,
      1,
      7
     ],
     [
      40,
      1,
      6
     ],
     [
      41,
      11,
      10
     ],
     [
      146,
      1,
      4
     ],
     [
      147,
      1,
      9
     ],
     [
      148,
      138,
      10
     ],
     [
      286,
      1,
      7
     ]
    ],
    "96": [
     [
      24,
      1,
      3
     ],
     [
      25,
      10,
      10
     ],
     [
      35,
      1,
      6
     ],
     [
      40,
      1,
      9
     ],
     [
      41,
      1,
      10
     ],
     [
      42,
      2,
      6
     ],
     [
      44,
      1,
      9
     ],
     [
      45,
      6,
      10
     ],
     [
      51,
      1,
      7
     ],
     [
      145,
      1,
      4
     ],
     [
      146,
      1,
      9
     ],
     [
      147,
      139,
      10
     ],
     [
      286,
      1,
      4
     ]
    ],
    "97": [
     [
      24,
      2,
      4
     ],
     [
      26,
      1,
      1
     ],
     [
      27,
      1,
      3
     ],
     [
      28,
      7,
      10
     ],
     [
      35,
      1,
      6
     ],
     [
      40,
      1,
      2
     ],
     [
      41,
      1,
      5
     ],
     [
      44,
      1,
      6
     ],
     [
      45,
      2,
      10
     ],
     [
      47,
      1,
      3
     ],
     [
      49,
      1,
      5
     ],
     [
      50,
      1,
      10
     ],
     [
      51,
      1,
      7
     ],
     [
      144,
      1,
      4
     ],
     [
      145,
      1,
      9
     ],
     [
      146,
      140,
      10
     ],
     [
      286,
      1,
      3
     ]
    ],
    "98": [
     [
      23,
      1,
      2
     ],
     [
      28,
      1,
      10
     ],
     [
      29,
      2,
      9
     ],
     [
      31,
      4,
      10
     ],
     [
      35,
      1,
      4
     ],
     [
      44,
      1,
      9
     ],
     [
      45,
      1,
      10
     ],
     [
      46,
      1,
      2
     ],
     [
      49,
      1,
      7
     ],
     [
      50,
      1,
      10
     ],
     [
      51,
      1,
      6
     ],
     [
      143,
      1,
      4
     ],
     [
      144,
      142,
      10
     ]
    ],
    "99": [
     [
      27,
      1,
      2
     ],
     [
      28,
      1,
      10
     ],
     [
      29,
      1,
      2
     ],
     [
      31,
      1,
      2
     ],
     [
      32,
      1,
      7
     ],
     [
      33,
      2,
      10
     ],
     [
      35,
      1,
      8
     ],
     [
      44,
      1,
      3
     ],
     [
      45,
      1,
      5
     ],
     [
      48,
      1,
      3
     ],
     [
      49,
      2,
      10
     ],
     [
      51,
      1,
      3
     ],
     [
      142,
      1,
      1
     ],
     [
      143,
      32,
      10
     ],
     [
      175,
      1,
      8
     ],
     [
      176,
      1,
      4
     ],
     [
      177,
      1,
      5
     ],
     [
      178,
      2,
      3
     ],
     [
      181,
      1,
      2
     ],
     [
      182,
      1,
      4
     ],
     [
      183,
      1,
      7
     ],
     [
      184,
      1,
      9
     ],
     [
      185,
      1,
      10
     ],
     [
      186,
      1,
      9
     ],
     [
      187,
      99,
      10
     ]
    ],
    "100": [
     [
      28,
      1,
      1
     ],
     [
      29,
      1,
      8
     ],
     [
      30,
      1,
      2
     ],
     [
      32,
      1,
      4
     ],
     [
      33,
      2,
      10
     ],
     [
      35,
      1,
      8
     ],
     [
      48,
      1,
      2
     ],
     [
      49,
      2,
      4
     ],
     [
      142,
      1,
      5
     ],
     [
      143,
      32,
      10
     ],
     [
      175,
      1,
      2
     ],
     [
      184,
      1,
      2
     ],
     [
      185,
      1,
      3
     ],
     [
      187,
      1,
      3
     ],
     [
      188,
      97,
      10
     ],
     [
      285,
      1,
      6
     ]
    ],
    "101": [
     [
      28,
      1,
      4
     ],
     [
      29,
      2,
      10
     ],
     [
      33,
      1,
      9
     ],
     [
      34,
      2,
      10
     ],
     [
      142,
      1,
      2
     ],
     [
      143,
      32,
      10
     ],
     [
      188,
      1,
      6
     ],
     [
      189,
      96,
      10
     ],
     [
      285,
      1,
      4
     ]
    ],
    "102": [
     [
      27,
      1,
      5
     ],
     [
      28,
      3,
      10
     ],
     [
      31,
      1,
      1
     ],
     [
      33,
      1,
      9
     ],
     [
      34,
      2,
      10
     ],
     [
      36,
      1,
      4
     ],
     [
      142,
      1,
      3
     ],
     [
      143,
      32,
      10
     ],
     [
      175,
      1,
      4
     ],
     [
      189,
      1,
      5
     ],
     [
      190,
      95,
      10
     ],
     [
      285,
      1,
      3
     ]
    ],
    "103": [
     [
      26,
      1,
      4
     ],
     [
      27,
      1,
      7
     ],
     [
      28,
      3,
      10
     ],
     [
      31,
      1,
      5
     ],
     [
      33,
      1,
      2
     ],
     [
      34,
      2,
      10
     ],
     [
      36,
      1,
      9
     ],
     [
      142,
      1,
      3
     ],
     [
      143,
      32,
      10
     ],
     [
      175,
      1,
      7
     ],
     [
      190,
      1,
      3
     ],
     [
      191,
      1,
      9
     ],
     [
      192,
      93,
      10
     ]
    ],
    "104": [
     [
      28,
      1,
      1
     ],
     [
      29,
      1,
      9
     ],
     [
      30,
      1,
      8
     ],
     [
      31,
      5,
      10
     ],
     [
      36,
      1,
      5
     ],
     [
      142,
      1,
      8
     ],
     [
      143,
      32,
      10
     ],
     [
      175,
      1,
      8
     ],
     [
      192,
      1,
      4
     ],
     [
      193,
      91,
      10
     ],
     [
      284,
      1,
      8
     ]
    ],
    "105": [
     [
      29,
      1,
      6
     ],
     [
      31,
      1,
      2
     ],
     [
      32,
      1,
      9
     ],
     [
      33,
      1,
      5
     ],
     [
      34,
      1,
      2
     ],
     [
      35,
      1,
      1
     ],
     [
      47,
      1,
      3
     ],
     [
      48,
      2,
      4
     ],
     [
      50,
      1,
      6
     ],
     [
      51,
      1,
      10
     ],
     [
      52,
      1,
      6
     ],
     [
      53,
      1,
      3
     ],
     [
      142,
      34,
      10
     ],
     [
      193,
      1,
      2
     ],
     [
      194,
      1,
      9
     ],
     [
      195,
      89,
      10
     ],
     [
      284,
      1,
      7
     ]
    ],
    "106": [
     [
      36,
      1,
      2
     ],
     [
      37,
      1,
      3
     ],
     [
      38,
      1,
      7
     ],
     [
      39,
      1,
      2
     ],
     [
      45,
      1,
      7
     ],
     [
      46,
      8,
      10
     ],
     [
      54,
      1,
      4
     ],
     [
      141,
      1,
      5
     ],
     [
      142,
      34,
      10
     ],
     [
      176,
      1,
      3
     ],
     [
      194,
      1,
      1
     ],
     [
      195,
      1,
      8
     ],
     [
      196,
      88,
      10
     ],
     [
      284,
      1,
      4
     ]
    ],
    "107": [
     [
      34,
      2,
      4
     ],
     [
      36,
      3,
      10
     ],
     [
      39,
      1,
      9
     ],
     [
      44,
      1,
      4
     ],
     [
      45,
      4,
      10
     ],
     [
      49,
      1,
      9
     ],
     [
      50,
      1,
      6
     ],
     [
      51,
      2,
      1
     ],
     [
      53,
      1,
      8
     ],
     [
      54,
      1,
      10
     ],
     [
      55,
      1,
      9
     ],
     [
      140,
      1,
      1
     ],
     [
      141,
      35,
      10
     ],
     [
      176,
      1,
      5
     ],
     [
      195,
      89,
      10
     ],
     [
      284,
      1,
      2
     ]
    ],
    "108": [
     [
      34,
      1,
      9
     ],
     [
      35,
      4,
      10
     ],
     [
      39,
      1,
      8
     ],
     [
      44,
      1,
      9
     ],
     [
      45,
      3,
      10
     ],
     [
      48,
      1,
      8
     ],
     [
      49,
      1,
      1
     ],
     [
      53,
      1,
      4
     ],
     [
      54,
      1,
      9
     ],
     [
      55,
      1,
      4
     ],
     [
      140,
      1,
      8
     ],
     [
      141,
      36,
      10
     ],
     [
      195,
      89,
      10
     ]
    ],
    "109": [
     [
      33,
      1,
      1
     ],
     [
      34,
      6,
      10
     ],
     [
      40,
      1,
      1
     ],
     [
      43,
      1,
      2
     ],
     [
      44,
      4,
      10
     ],
     [
      48,
      1,
      2
     ],
     [
      53,
      1,
      9
     ],
     [
      54,
      1,
      6
     ],
     [
      139,
      1,
      6
     ],
     [
      140,
      37,
      10
     ],
     [
      177,
      1,
      4
     ],
     [
      195,
      1,
      3
     ],
     [
      196,
      1,
      4
     ],
     [
      197,
      86,
      10
     ],
     [
      283,
      1,
      8
     ]
    ],
    "110": [
     [
      33,
      1,
      6
     ],
     [
      34,
      6,
      10
     ],
     [
      40,
      1,
      7
     ],
     [
      43,
      1,
      2
     ],
     [
      44,
      4,
      10
     ],
     [
      52,
      1,
      2
     ],
     [
      53,
      1,
      10
     ],
     [
      54,
      1,
      2
     ],
     [
      137,
      1,
      2
     ],
     [
      138,
      1,
      8
     ],
     [
      139,
      38,
      10
     ],
     [
      177,
      1,
      9
     ],
     [
      178,
      1,
      1
     ],
     [
      197,
      1,
      5
     ],
     [
      198,
      85,
      10
     ],
     [
      283,
      1,
      7
     ]
    ],
    "111": [
     [
      31,
      1,
      1
     ],
     [
      32,
      1,
      7
     ],
     [
      33,
      8,
      10
     ],
     [
      41,
      2,
      8
     ],
     [
      43,
      1,
      7
     ],
     [
      44,
      4,
      10
     ],
     [
      53,
      1,
      7
     ],
     [
      136,
      1,
      4
     ],
     [
      137,
      1,
      9
     ],
     [
      138,
      40,
      10
     ],
     [
      178,
      1,
      7
     ],
     [
      198,
      1,
      8
     ],
     [
      199,
      84,
      10
     ],
     [
      283,
      1,
      3
     ]
    ],
    "112": [
     [
      30,
      1,
      1
     ],
     [
      31,
      18,
      10
     ],
     [
      49,
      1,
      3
     ],
     [
      52,
      1,
      1
     ],
     [
      53,
      1,
      10
     ],
     [
      54,
      1,
      2
     ],
     [
      134,
      1,
      1
     ],
     [
      135,
      1,
      7
     ],
     [
      136,
      43,
      10
     ],
     [
      179,
      1,
      5
     ],
     [
      199,
      1,
      8
     ],
     [
      200,
      83,
      10
     ],
     [
      283,
      1,
      2
     ]
    ],
    "113": [
     [
      25,
      1,
      1
     ],
     [
      27,
      1,
      3
     ],
     [
      31,
      1,
      6
     ],
     [
      32,
      17,
      10
     ],
     [
      49,
      1,
      1
     ],
     [
      53,
      2,
      8
     ],
     [
      55,
      1,
      4
     ],
     [
      56,
      1,
      1
     ],
     [
      134,
      46,
      10
     ],
     [
      180,
      1,
      2
     ],
     [
      199,
      1,
      2
     ],
     [
      200,
      83,
      10
     ]
    ],
    "114": [
     [
      25,
      1,
      1
     ],
     [
      31,
      1,
      2
     ],
     [
      32,
      16,
      10
     ],
     [
      48,
      1,
      9
     ],
     [
      53,
      1,
      7
     ],
     [
      54,
      2,
      10
     ],
     [
      56,
      1,
      6
     ],
     [
      133,
      1,
      4
     ],
     [
      134,
      46,
      10
     ],
     [
      180,
      1,
      6
     ],
     [
      200,
      1,
      3
     ],
     [
      201,
      1,
      9
     ],
     [
      202,
      80,
      10
     ],
     [
      282,
      1,
      8
     ]
    ],
    "115": [
     [
      31,
      1,
      4
     ],
     [
      32,
      17,
      10
     ],
     [
      53,
      1,
      1
     ],
     [
      54,
      1,
      5
     ],
     [
      55,
      2,
      7
     ],
     [
      57,
      1,
      4
     ],
     [
      133,
      1,
      3
     ],
     [
      134,
      47,
      10
     ],
     [
      181,
      1,
      3
     ],
     [
      201,
      1,
      3
     ],
     [
      202,
      1,
      8
     ],
     [
      203,
      79,
      10
     ],
     [
      282,
      1,
      6
     ]
    ],
    "116": [
     [
      31,
      17,
      10
     ],
     [
      48,
      1,
      4
     ],
     [
      57,
      1,
      1
     ],
     [
      133,
      1,
      3
     ],
     [
      134,
      48,
      10
     ],
     [
      195,
      1,
      5
     ],
     [
      202,
      1,
      1
     ],
     [
      203,
      79,
      10
     ],
     [
      282,
      1,
      3
     ]
    ],
    "117": [
     [
      30,
      1,
      2
     ],
     [
      31,
      16,
      10
     ],
     [
      47,
      1,
      7
     ],
     [
      48,
      1,
      1
     ],
     [
      133,
      1,
      4
     ],
     [
      134,
      48,
      10
     ],
     [
      182,
      1,
      6
     ],
     [
      203,
      1,
      10
     ],
     [
      204,
      2,
      8
     ],
     [
      206,
      76,
      10
     ],
     [
      282,
      1,
      1
     ]
    ],
    "118": [
     [
      30,
      1,
      3
     ],
     [
      31,
      16,
      10
     ],
     [
      47,
      1,
      6
     ],
     [
      133,
      1,
      7
     ],
     [
      134,
      48,
      10
     ],
     [
      182,
      1,
      9
     ],
     [
      202,
      1,
      1
     ],
     [
      203,
      1,
      10
     ],
     [
      204,
      1,
      4
     ],
     [
      206,
      1,
      8
     ],
     [
      207,
      75,
      10
     ]
    ],
    "119": [
     [
      30,
      1,
      3
     ],
     [
      31,
      15,
      10
     ],
     [
      46,
      1,
      9
     ],
     [
      47,
      1,
      3
     ],
     [
      133,
      49,
      10
     ],
     [
      182,
      1,
      9
     ],
     [
      203,
      1,
      5
     ],
     [
      204,
      1,
      6
     ],
     [
      205,
      1,
      2
     ],
     [
      206,
      1,
      7
     ],
     [
      207,
      74,
      10
     ],
     [
      281,
      1,
      6
     ]
    ],
    "120": [
     [
      29,
      1,
      1
     ],
     [
      30,
      1,
      6
     ],
     [
      31,
      13,
      10
     ],
     [
      44,
      1,
      9
     ],
     [
      45,
      1,
      7
     ],
     [
      46,
      1,
      1
     ],
     [
      132,
      1,
      2
     ],
     [
      133,
      50,
      10
     ],
     [
      183,
      1,
      2
     ],
     [
      203,
      1,
      1
     ],
     [
      204,
      77,
      10
     ],
     [
      281,
      1,
      5
     ]
    ],
    "121": [
     [
      28,
      1,
      1
     ],
     [
      29,
      1,
      7
     ],
     [
      30,
      14,
      10
     ],
     [
      44,
      1,
      5
     ],
     [
      132,
      1,
      4
     ],
     [
      133,
      50,
      10
     ],
     [
      183,
      1,
      6
     ],
     [
      204,
      1,
      5
     ],
     [
      205,
      76,
      10
     ],
     [
      281,
      1,
      4
     ]
    ],
    "122": [
     [
      27,
      1,
      6
     ],
     [
      28,
      16,
      10
     ],
     [
      44,
      1,
      4
     ],
     [
      132,
      1,
      2
     ],
     [
      133,
      50,
      10
     ],
     [
      183,
      1,
      5
     ],
     [
      205,
      1,
      6
     ],
     [
      206,
      75,
      10
     ]
    ],
    "123": [
     [
      23,
      1,
      1
     ],
     [
      26,
      1,
      8
     ],
     [
      27,
      17,
      10
     ],
     [
      44,
      1,
      6
     ],
     [
      132,
      1,
      2
     ],
     [
      133,
      48,
      10
     ],
     [
      181,
      1,
      9
     ],
     [
      182,
      1,
      6
     ],
     [
      206,
      1,
      9
     ],
     [
      207,
      73,
      10
     ],
     [
      280,
      1,
      9
     ]
    ],
    "124": [
     [
      22,
      1,
      3
     ],
     [
      23,
      1,
      10
     ],
     [
      24,
      1,
      7
     ],
     [
      25,
      1,
      8
     ],
     [
      26,
      18,
      10
     ],
     [
      44,
      1,
      9
     ],
     [
      45,
      1,
      1
     ],
     [
      133,
      1,
      3
     ],
     [
      134,
      24,
      10
     ],
     [
      158,
      1,
      8
     ],
     [
      159,
      1,
      7
     ],
     [
      160,
      1,
      9
     ],
     [
      161,
      16,
      10
     ],
     [
      177,
      2,
      9
     ],
     [
      179,
      1,
      8
     ],
     [
      180,
      1,
      1
     ],
     [
      206,
      1,
      2
     ],
     [
      207,
      1,
      9
     ],
     [
      208,
      72,
      10
     ],
     [
      280,
      1,
      7
     ]
    ],
    "125": [
     [
      21,
      1,
      3
     ],
     [
      22,
      5,
      10
     ],
     [
      27,
      1,
      9
     ],
     [
      28,
      1,
      7
     ],
     [
      29,
      1,
      9
     ],
     [
      30,
      15,
      10
     ],
     [
      45,
      1,
      6
     ],
     [
      134,
      1,
      9
     ],
     [
      135,
      21,
      10
     ],
     [
      156,
      1,
      9
     ],
     [
      157,
      1,
      1
     ],
     [
      160,
      1,
      3
     ],
     [
      161,
      8,
      10
     ],
     [
      169,
      1,
      8
     ],
     [
      170,
      1,
      6
     ],
     [
      171,
      1,
      5
     ],
     [
      172,
      1,
      3
     ],
     [
      173,
      1,
      2
     ],
     [
      174,
      1,
      6
     ],
     [
      175,
      1,
      4
     ],
     [
      176,
      1,
      3
     ],
     [
      177,
      1,
      1
     ],
     [
      207,
      1,
      2
     ],
     [
      208,
      1,
      9
     ],
     [
      209,
      71,
      10
     ],
     [
      280,
      1,
      4
     ]
    ],
    "126": [
     [
      21,
      1,
      2
     ],
     [
      23,
      1,
      1
     ],
     [
      24,
      1,
      4
     ],
     [
      25,
      1,
      5
     ],
     [
      26,
      1,
      6
     ],
     [
      27,
      1,
      4
     ],
     [
      30,
      1,
      6
     ],
     [
      31,
      1,
      9
     ],
     [
      32,
      14,
      10
     ],
     [
      46,
      1,
      5
     ],
     [
      134,
      22,
      10
     ],
     [
      156,
      1,
      1
     ],
     [
      161,
      1,
      9
     ],
     [
      162,
      7,
      10
     ],
     [
      169,
      1,
      4
     ],
     [
      208,
      1,
      5
     ],
     [
      209,
      71,
      10
     ],
     [
      280,
      1,
      3
     ]
    ],
    "127": [
     [
      31,
      1,
      2
     ],
     [
      32,
      15,
      10
     ],
     [
      47,
      1,
      2
     ],
     [
      134,
      1,
      7
     ],
     [
      135,
      20,
      10
     ],
     [
      155,
      1,
      6
     ],
     [
      161,
      1,
      2
     ],
     [
      162,
      1,
      5
     ],
     [
      163,
      1,
      8
     ],
     [
      164,
      2,
      5
     ],
     [
      166,
      2,
      8
     ],
     [
      168,
      1,
      10
     ],
     [
      169,
      1,
      6
     ],
     [
      208,
      1,
      2
     ],
     [
      209,
      1,
      7
     ],
     [
      210,
      70,
      10
     ]
    ],
    "128": [
     [
      32,
      1,
      6
     ],
     [
      33,
      14,
      10
     ],
     [
      47,
      1,
      5
     ],
     [
      134,
      21,
      10
     ],
     [
      155,
      1,
      7
     ],
     [
      169,
      1,
      2
     ],
     [
      210,
      1,
      7
     ],
     [
      211,
      68,
      10
     ],
     [
      279,
      1,
      9
     ]
    ],
    "129": [
     [
      18,
      1,
      2
     ],
     [
      20,
      1,
      1
     ],
     [
      33,
      1,
      1
     ],
     [
      34,
      1,
      5
     ],
     [
      35,
      13,
      10
     ],
     [
      133,
      1,
      5
     ],
     [
      134,
      21,
      10
     ],
     [
      155,
      1,
      3
     ],
     [
      211,
      1,
      8
     ],
     [
      212,
      67,
      10
     ],
     [
      279,
      1,
      7
     ]
    ],
    "130": [
     [
      31,
      1,
      1
     ],
     [
      36,
      1,
      2
     ],
     [
      37,
      1,
      4
     ],
     [
      38,
      10,
      10
     ],
     [
      48,
      1,
      8
     ],
     [
      133,
      1,
      4
     ],
     [
      134,
      19,
      10
     ],
     [
      153,
      1,
      7
     ],
     [
      154,
      1,
      6
     ],
     [
      212,
      1,
      9
     ],
     [
      213,
      66,
      10
     ],
     [
      279,
      1,
      3
     ]
    ],
    "131": [
     [
      38,
      1,
      1
     ],
     [
      39,
      1,
      9
     ],
     [
      40,
      9,
      10
     ],
     [
      49,
      1,
      4
     ],
     [
      133,
      1,
      6
     ],
     [
      134,
      18,
      10
     ],
     [
      152,
      1,
      7
     ],
     [
      212,
      1,
      1
     ],
     [
      213,
      1,
      8
     ],
     [
      214,
      65,
      10
     ],
     [
      279,
      1,
      2
     ]
    ],
    "132": [
     [
      34,
      1,
      4
     ],
     [
      39,
      1,
      8
     ],
     [
      40,
      9,
      10
     ],
     [
      49,
      1,
      5
     ],
     [
      133,
      17,
      10
     ],
     [
      150,
      1,
      9
     ],
     [
      151,
      1,
      6
     ],
     [
      213,
      1,
      1
     ],
     [
      214,
      1,
      6
     ],
     [
      215,
      64,
      10
     ]
    ],
    "133": [
     [
      34,
      1,
      4
     ],
     [
      35,
      1,
      8
     ],
     [
      36,
      1,
      6
     ],
     [
      37,
      1,
      4
     ],
     [
      38,
      1,
      3
     ],
     [
      39,
      6,
      10
     ],
     [
      45,
      1,
      5
     ],
     [
      46,
      1,
      7
     ],
     [
      47,
      3,
      10
     ],
     [
      50,
      1,
      2
     ],
     [
      132,
      1,
      1
     ],
     [
      133,
      15,
      10
     ],
     [
      148,
      1,
      7
     ],
     [
      149,
      1,
      2
     ],
     [
      215,
      1,
      3
     ],
     [
      216,
      1,
      6
     ],
     [
      217,
      61,
      10
     ],
     [
      278,
      1,
      8
     ]
    ],
    "134": [
     [
      35,
      1,
      4
     ],
     [
      36,
      8,
      10
     ],
     [
      44,
      1,
      8
     ],
     [
      47,
      1,
      5
     ],
     [
      48,
      2,
      10
     ],
     [
      50,
      1,
      9
     ],
     [
      51,
      1,
      6
     ],
     [
      132,
      1,
      9
     ],
     [
      133,
      15,
      10
     ],
     [
      217,
      1,
      2
     ],
     [
      218,
      1,
      9
     ],
     [
      219,
      59,
      10
     ],
     [
      278,
      1,
      6
     ]
    ],
    "135": [
     [
      35,
      1,
      5
     ],
     [
      36,
      9,
      10
     ],
     [
      45,
      1,
      1
     ],
     [
      48,
      4,
      10
     ],
     [
      52,
      1,
      6
     ],
     [
      53,
      1,
      2
     ],
     [
      131,
      1,
      5
     ],
     [
      132,
      10,
      10
     ],
     [
      142,
      1,
      9
     ],
     [
      143,
      1,
      4
     ],
     [
      144,
      1,
      3
     ],
     [
      145,
      1,
      9
     ],
     [
      146,
      1,
      10
     ],
     [
      147,
      1,
      5
     ],
     [
      218,
      1,
      4
     ],
     [
      219,
      59,
      10
     ],
     [
      278,
      1,
      3
     ]
    ],
    "136": [
     [
      35,
      1,
      2
     ],
     [
      36,
      1,
      5
     ],
     [
      37,
      1,
      10
     ],
     [
      38,
      1,
      6
     ],
     [
      39,
      1,
      5
     ],
     [
      40,
      2,
      10
     ],
     [
      42,
      1,
      8
     ],
     [
      43,
      1,
      2
     ],
     [
      45,
      2,
      2
     ],
     [
      47,
      1,
      5
     ],
     [
      48,
      5,
      10
     ],
     [
      53,
      1,
      8
     ],
     [
      54,
      1,
      1
     ],
     [
      130,
      1,
      6
     ],
     [
      131,
      10,
      10
     ],
     [
      141,
      1,
      7
     ],
     [
      142,
      1,
      1
     ],
     [
      145,
      1,
      3
     ],
     [
      146,
      1,
      4
     ],
     [
      212,
      1,
      3
     ],
     [
      218,
      1,
      2
     ],
     [
      219,
      1,
      4
     ],
     [
      220,
      1,
      8
     ],
     [
      221,
      57,
      10
     ],
     [
      278,
      1,
      2
     ]
    ],
    "137": [
     [
      37,
      1,
      2
     ],
     [
      40,
      1,
      4
     ],
     [
      41,
      1,
      8
     ],
     [
      42,
      1,
      7
     ],
     [
      46,
      1,
      9
     ],
     [
      47,
      6,
      10
     ],
     [
      53,
      1,
      6
     ],
     [
      54,
      1,
      1
     ],
     [
      130,
      10,
      10
     ],
     [
      140,
      1,
      9
     ],
     [
      221,
      1,
      6
     ],
     [
      222,
      56,
      10
     ]
    ],
    "138": [
     [
      40,
      1,
      1
     ],
     [
      41,
      1,
      4
     ],
     [
      42,
      1,
      8
     ],
     [
      46,
      1,
      9
     ],
     [
      47,
      6,
      10
     ],
     [
      53,
      1,
      4
     ],
     [
      129,
      1,
      2
     ],
     [
      130,
      10,
      10
     ],
     [
      140,
      1,
      2
     ],
     [
      222,
      1,
      2
     ],
     [
      223,
      1,
      8
     ],
     [
      224,
      53,
      10
     ],
     [
      277,
      1,
      7
     ]
    ],
    "139": [
     [
      40,
      1,
      2
     ],
     [
      41,
      1,
      10
     ],
     [
      42,
      1,
      4
     ],
     [
      47,
      1,
      5
     ],
     [
      48,
      5,
      10
     ],
     [
      53,
      1,
      7
     ],
     [
      54,
      1,
      2
     ],
     [
      128,
      1,
      7
     ],
     [
      129,
      10,
      10
     ],
     [
      139,
      1,
      8
     ],
     [
      224,
      1,
      3
     ],
     [
      225,
      1,
      8
     ],
     [
      226,
      51,
      10
     ],
     [
      277,
      1,
      6
     ]
    ],
    "140": [
     [
      40,
      1,
      3
     ],
     [
      41,
      1,
      10
     ],
     [
      42,
      1,
      3
     ],
     [
      48,
      1,
      8
     ],
     [
      49,
      5,
      10
     ],
     [
      54,
      1,
      9
     ],
     [
      55,
      1,
      2
     ],
     [
      126,
      1,
      1
     ],
     [
      127,
      1,
      6
     ],
     [
      128,
      7,
      10
     ],
     [
      135,
      1,
      8
     ],
     [
      136,
      1,
      3
     ],
     [
      137,
      1,
      4
     ],
     [
      138,
      1,
      9
     ],
     [
      139,
      1,
      3
     ],
     [
      226,
      1,
      2
     ],
     [
      227,
      1,
      6
     ],
     [
      228,
      49,
      10
     ],
     [
      277,
      1,
      3
     ]
    ],
    "141": [
     [
      40,
      1,
      5
     ],
     [
      41,
      1,
      7
     ],
     [
      48,
      1,
      8
     ],
     [
      49,
      2,
      4
     ],
     [
      51,
      1,
      7
     ],
     [
      52,
      5,
      10
     ],
     [
      57,
      1,
      8
     ],
     [
      58,
      1,
      5
     ],
     [
      124,
      1,
      1
     ],
     [
      125,
      1,
      6
     ],
     [
      126,
      7,
      10
     ],
     [
      133,
      1,
      9
     ],
     [
      134,
      1,
      6
     ],
     [
      135,
      1,
      4
     ],
     [
      228,
      1,
      2
     ],
     [
      229,
      2,
      6
     ],
     [
      231,
      1,
      8
     ],
     [
      232,
      45,
      10
     ],
     [
      277,
      1,
      1
     ]
    ],
    "142": [
     [
      48,
      1,
      1
     ],
     [
      52,
      1,
      4
     ],
     [
      53,
      1,
      7
     ],
     [
      54,
      4,
      10
     ],
     [
      58,
      1,
      6
     ],
     [
      124,
      1,
      6
     ],
     [
      125,
      8,
      10
     ],
     [
      133,
      1,
      1
     ],
     [
      222,
      1,
      1
     ],
     [
      232,
      1,
      4
     ],
     [
      233,
      44,
      10
     ]
    ],
    "143": [
     [
      40,
      1,
      8
     ],
     [
      41,
      1,
      2
     ],
     [
      46,
      1,
      1
     ],
     [
      54,
      1,
      5
     ],
     [
      55,
      5,
      10
     ],
     [
      60,
      1,
      3
     ],
     [
      122,
      1,
      1
     ],
     [
      123,
      1,
      7
     ],
     [
      124,
      8,
      10
     ],
     [
      132,
      1,
      9
     ],
     [
      222,
      1,
      7
     ],
     [
      232,
      1,
      2
     ],
     [
      233,
      1,
      8
     ],
     [
      234,
      42,
      10
     ],
     [
      276,
      1,
      7
     ]
    ],
    "144": [
     [
      39,
      1,
      2
     ],
     [
      40,
      1,
      10
     ],
     [
      41,
      1,
      8
     ],
     [
      46,
      1,
      2
     ],
     [
      55,
      1,
      2
     ],
     [
      56,
      1,
      8
     ],
     [
      57,
      4,
      10
     ],
     [
      61,
      1,
      3
     ],
     [
      62,
      2,
      2
     ],
     [
      64,
      2,
      3
     ],
     [
      66,
      1,
      2
     ],
     [
      67,
      3,
      3
     ],
     [
      70,
      1,
      5
     ],
     [
      71,
      1,
      6
     ],
     [
      72,
      1,
      1
     ],
     [
      122,
      1,
      6
     ],
     [
      123,
      7,
      10
     ],
     [
      130,
      1,
      8
     ],
     [
      132,
      1,
      2
     ],
     [
      222,
      1,
      2
     ],
     [
      233,
      1,
      1
     ],
     [
      234,
      1,
      6
     ],
     [
      235,
      41,
      10
     ],
     [
      276,
      1,
      6
     ]
    ],
    "145": [
     [
      56,
      1,
      3
     ],
     [
      57,
      11,
      10
     ],
     [
      68,
      1,
      2
     ],
     [
      121,
      1,
      2
     ],
     [
      122,
      1,
      8
     ],
     [
      123,
      6,
      10
     ],
     [
      129,
      1,
      2
     ],
     [
      235,
      1,
      4
     ],
     [
      236,
      40,
      10
     ],
     [
      276,
      1,
      3
     ]
    ],
    "146": [
     [
      47,
      1,
      1
     ],
     [
      57,
      1,
      4
     ],
     [
      58,
      1,
      8
     ],
     [
      59,
      1,
      9
     ],
     [
      60,
      8,
      10
     ],
     [
      121,
      1,
      7
     ],
     [
      122,
      6,
      10
     ],
     [
      128,
      1,
      1
     ],
     [
      236,
      1,
      1
     ],
     [
      237,
      1,
      9
     ],
     [
      238,
      38,
      10
     ]
    ],
    "147": [
     [
      47,
      1,
      1
     ],
     [
      59,
      1,
      1
     ],
     [
      60,
      1,
      7
     ],
     [
      61,
      7,
      10
     ],
     [
      68,
      1,
      6
     ],
     [
      120,
      1,
      4
     ],
     [
      121,
      6,
      10
     ],
     [
      127,
      1,
      5
     ],
     [
      225,
      1,
      3
     ],
     [
      238,
      1,
      8
     ],
     [
      239,
      36,
      10
     ],
     [
      275,
      1,
      9
     ]
    ],
    "148": [
     [
      61,
      1,
      3
     ],
     [
      62,
      8,
      10
     ],
     [
      70,
      1,
      8
     ],
     [
      71,
      1,
      4
     ],
     [
      120,
      1,
      9
     ],
     [
      121,
      5,
      10
     ],
     [
      126,
      1,
      8
     ],
     [
      225,
      1,
      1
     ],
     [
      239,
      1,
      9
     ],
     [
      240,
      35,
      10
     ],
     [
      275,
      1,
      7
     ]
    ],
    "149": [
     [
      48,
      2,
      1
     ],
     [
      62,
      1,
      2
     ],
     [
      63,
      1,
      8
     ],
     [
      64,
      6,
      10
     ],
     [
      70,
      1,
      8
     ],
     [
      71,
      1,
      2
     ],
     [
      118,
      1,
      1
     ],
     [
      119,
      1,
      7
     ],
     [
      120,
      6,
      10
     ],
     [
      126,
      1,
      4
     ],
     [
      239,
      1,
      1
     ],
     [
      240,
      1,
      9
     ],
     [
      241,
      34,
      10
     ],
     [
      275,
      1,
      3
     ]
    ],
    "150": [
     [
      63,
      1,
      3
     ],
     [
      66,
      1,
      5
     ],
     [
      67,
      3,
      10
     ],
     [
      70,
      1,
      6
     ],
     [
      72,
      1,
      4
     ],
     [
      73,
      1,
      2
     ],
     [
      117,
      1,
      1
     ],
     [
      118,
      1,
      8
     ],
     [
      119,
      4,
      10
     ],
     [
      123,
      1,
      8
     ],
     [
      124,
      1,
      1
     ],
     [
      229,
      1,
      1
     ],
     [
      230,
      1,
      3
     ],
     [
      240,
      1,
      2
     ],
     [
      241,
      34,
      10
     ],
     [
      275,
      1,
      3
     ]
    ],
    "151": [
     [
      67,
      1,
      1
     ],
     [
      68,
      3,
      10
     ],
     [
      71,
      1,
      1
     ],
     [
      73,
      1,
      4
     ],
     [
      74,
      1,
      1
     ],
     [
      116,
      1,
      2
     ],
     [
      117,
      4,
      10
     ],
     [
      121,
      1,
      9
     ],
     [
      122,
      1,
      3
     ],
     [
      228,
      1,
      2
     ],
     [
      229,
      1,
      6
     ],
     [
      240,
      1,
      2
     ],
     [
      241,
      34,
      10
     ],
     [
      275,
      1,
      4
     ]
    ],
    "152": [
     [
      67,
      1,
      4
     ],
     [
      68,
      2,
      10
     ],
     [
      70,
      1,
      8
     ],
     [
      74,
      1,
      1
     ],
     [
      115,
      1,
      3
     ],
     [
      116,
      2,
      10
     ],
     [
      118,
      1,
      4
     ],
     [
      119,
      1,
      2
     ],
     [
      121,
      1,
      1
     ],
     [
      241,
      1,
      5
     ],
     [
      242,
      33,
      10
     ],
     [
      275,
      1,
      2
     ]
    ],
    "153": [
     [
      67,
      1,
      9
     ],
     [
      68,
      3,
      10
     ],
     [
      71,
      1,
      6
     ],
     [
      115,
      1,
      8
     ],
     [
      116,
      2,
      10
     ],
     [
      118,
      1,
      1
     ],
     [
      242,
      1,
      7
     ],
     [
      243,
      32,
      10
     ]
    ],
    "154": [
     [
      66,
      1,
      1
     ],
     [
      67,
      5,
      10
     ],
     [
      72,
      1,
      7
     ],
     [
      78,
      1,
      1
     ],
     [
      115,
      1,
      4
     ],
     [
      116,
      1,
      10
     ],
     [
      117,
      1,
      9
     ],
     [
      242,
      1,
      7
     ],
     [
      243,
      31,
      10
     ],
     [
      274,
      1,
      8
     ]
    ],
    "155": [
     [
      62,
      1,
      1
     ],
     [
      63,
      2,
      3
     ],
     [
      65,
      1,
      5
     ],
     [
      66,
      1,
      9
     ],
     [
      67,
      5,
      10
     ],
     [
      72,
      1,
      7
     ],
     [
      78,
      1,
      1
     ],
     [
      79,
      1,
      9
     ],
     [
      115,
      1,
      7
     ],
     [
      116,
      1,
      10
     ],
     [
      117,
      1,
      7
     ],
     [
      235,
      1,
      1
     ],
     [
      242,
      1,
      8
     ],
     [
      243,
      31,
      10
     ],
     [
      274,
      1,
      6
     ]
    ],
    "156": [
     [
      62,
      1,
      3
     ],
     [
      65,
      1,
      3
     ],
     [
      66,
      6,
      10
     ],
     [
      72,
      1,
      8
     ],
     [
      115,
      1,
      2
     ],
     [
      116,
      1,
      3
     ],
     [
      117,
      1,
      2
     ],
     [
      234,
      1,
      6
     ],
     [
      235,
      1,
      9
     ],
     [
      236,
      1,
      10
     ],
     [
      237,
      1,
      8
     ],
     [
      238,
      1,
      6
     ],
     [
      239,
      1,
      1
     ],
     [
      241,
      1,
      4
     ],
     [
      242,
      1,
      5
     ],
     [
      243,
      1,
      6
     ],
     [
      244,
      1,
      9
     ],
     [
      245,
      29,
      10
     ],
     [
      274,
      1,
      3
     ]
    ],
    "157": [
     [
      62,
      1,
      1
     ],
     [
      63,
      1,
      9
     ],
     [
      64,
      1,
      10
     ],
     [
      65,
      1,
      9
     ],
     [
      66,
      7,
      10
     ],
     [
      73,
      1,
      3
     ],
     [
      118,
      1,
      2
     ],
     [
      232,
      1,
      1
     ],
     [
      233,
      4,
      10
     ],
     [
      237,
      3,
      2
     ],
     [
      241,
      1,
      1
     ],
     [
      244,
      1,
      2
     ],
     [
      245,
      1,
      9
     ],
     [
      246,
      28,
      10
     ],
     [
      274,
      1,
      2
     ]
    ],
    "158": [
     [
      63,
      1,
      4
     ],
     [
      64,
      9,
      10
     ],
     [
      73,
      1,
      6
     ],
     [
      117,
      1,
      2
     ],
     [
      118,
      1,
      10
     ],
     [
      119,
      1,
      3
     ],
     [
      232,
      1,
      4
     ],
     [
      233,
      4,
      10
     ],
     [
      237,
      1,
      2
     ],
     [
      245,
      1,
      4
     ],
     [
      246,
      1,
      9
     ],
     [
      247,
      27,
      10
     ]
    ],
    "159": [
     [
      64,
      1,
      6
     ],
     [
      65,
      9,
      10
     ],
     [
      117,
      1,
      1
     ],
     [
      118,
      1,
      9
     ],
     [
      119,
      1,
      3
     ],
     [
      232,
      1,
      4
     ],
     [
      233,
      4,
      10
     ],
     [
      237,
      1,
      4
     ],
     [
      238,
      1,
      2
     ],
     [
      244,
      1,
      3
     ],
     [
      246,
      1,
      2
     ],
     [
      247,
      1,
      6
     ],
     [
      248,
      25,
      10
     ],
     [
      273,
      1,
      7
     ]
    ],
    "160": [
     [
      65,
      1,
      3
     ],
     [
      66,
      1,
      8
     ],
     [
      67,
      1,
      7
     ],
     [
      68,
      2,
      10
     ],
     [
      70,
      1,
      7
     ],
     [
      73,
      2,
      5
     ],
     [
      75,
      1,
      1
     ],
     [
      118,
      1,
      7
     ],
     [
      119,
      1,
      1
     ],
     [
      233,
      1,
      1
     ],
     [
      234,
      1,
      3
     ],
     [
      235,
      1,
      4
     ],
     [
      236,
      1,
      8
     ],
     [
      237,
      1,
      7
     ],
     [
      238,
      1,
      2
     ],
     [
      239,
      1,
      1
     ],
     [
      248,
      1,
      7
     ],
     [
      249,
      24,
      10
     ],
     [
      273,
      1,
      6
     ]
    ],
    "161": [
     [
      69,
      1,
      1
     ],
     [
      73,
      1,
      4
     ],
     [
      74,
      1,
      10
     ],
     [
      75,
      1,
      2
     ],
     [
      249,
      1,
      6
     ],
     [
      250,
      23,
      10
     ],
     [
      273,
      1,
      4
     ]
    ],
    "162": [
     [
      73,
      1,
      1
     ],
     [
      74,
      1,
      6
     ],
     [
      75,
      1,
      1
     ],
     [
      117,
      1,
      3
     ],
     [
      118,
      1,
      5
     ],
     [
      119,
      1,
      6
     ],
     [
      240,
      2,
      1
     ],
     [
      246,
      1,
      1
     ],
     [
      250,
      1,
      8
     ],
     [
      251,
      22,
      10
     ]
    ],
    "163": [
     [
      117,
      1,
      2
     ],
     [
      118,
      1,
      5
     ],
     [
      119,
      1,
      7
     ],
     [
      240,
      1,
      7
     ],
     [
      241,
      1,
      5
     ],
     [
      246,
      1,
      9
     ],
     [
      247,
      1,
      2
     ],
     [
      250,
      1,
      2
     ],
     [
      251,
      1,
      9
     ],
     [
      252,
      21,
      10
     ]
    ],
    "164": [
     [
      116,
      1,
      1
     ],
     [
      118,
      1,
      1
     ],
     [
      119,
      1,
      8
     ],
     [
      120,
      1,
      4
     ],
     [
      241,
      1,
      9
     ],
     [
      242,
      2,
      10
     ],
     [
      244,
      1,
      7
     ],
     [
      245,
      1,
      6
     ],
     [
      246,
      1,
      10
     ],
     [
      247,
      1,
      9
     ],
     [
      248,
      1,
      1
     ],
     [
      251,
      1,
      3
     ],
     [
      252,
      20,
      10
     ],
     [
      272,
      1,
      6
     ]
    ],
    "165": [
     [
      119,
      1,
      1
     ],
     [
      242,
      1,
      8
     ],
     [
      243,
      5,
      10
     ],
     [
      248,
      1,
      1
     ],
     [
      252,
      1,
      8
     ],
     [
      253,
      19,
      10
     ],
     [
      272,
      1,
      6
     ]
    ],
    "166": [
     [
      113,
      1,
      4
     ],
     [
      114,
      1,
      2
     ],
     [
      117,
      1,
      1
     ],
     [
      243,
      2,
      8
     ],
     [
      245,
      1,
      9
     ],
     [
      246,
      1,
      8
     ],
     [
      247,
      2,
      9
     ],
     [
      249,
      1,
      5
     ],
     [
      252,
      1,
      1
     ],
     [
      253,
      1,
      9
     ],
     [
      254,
      18,
      10
     ],
     [
      272,
      1,
      3
     ]
    ],
    "167": [
     [
      112,
      1,
      1
     ],
     [
      113,
      1,
      4
     ],
     [
      114,
      1,
      1
     ],
     [
      244,
      1,
      2
     ],
     [
      245,
      1,
      1
     ],
     [
      247,
      1,
      4
     ],
     [
      248,
      1,
      10
     ],
     [
      249,
      1,
      6
     ],
     [
      250,
      1,
      1
     ],
     [
      253,
      1,
      2
     ],
     [
      254,
      18,
      10
     ]
    ],
    "168": [
     [
      113,
      1,
      4
     ],
     [
      114,
      1,
      2
     ],
     [
      247,
      1,
      3
     ],
     [
      248,
      1,
      9
     ],
     [
      249,
      2,
      10
     ],
     [
      251,
      1,
      2
     ],
     [
      254,
      1,
      4
     ],
     [
      255,
      16,
      10
     ],
     [
      271,
      1,
      9
     ]
    ],
    "169": [
     [
      113,
      1,
      7
     ],
     [
      114,
      1,
      9
     ],
     [
      248,
      1,
      6
     ],
     [
      249,
      2,
      10
     ],
     [
      251,
      1,
      5
     ],
     [
      254,
      1,
      1
     ],
     [
      255,
      1,
      9
     ],
     [
      256,
      15,
      10
     ],
     [
      271,
      1,
      7
     ]
    ],
    "170": [
     [
      248,
      1,
      1
     ],
     [
      249,
      1,
      9
     ],
     [
      250,
      1,
      8
     ],
     [
      255,
      1,
      1
     ],
     [
      256,
      15,
      10
     ],
     [
      271,
      1,
      4
     ]
    ],
    "171": [
     [
      256,
      1,
      4
     ],
     [
      257,
      14,
      10
     ],
     [
      271,
      1,
      3
     ]
    ],
    "172": [
     [
      257,
      1,
      5
     ],
     [
      258,
      13,
      10
     ]
    ],
    "173": [
     [
      253,
      1,
      2
     ],
     [
      254,
      1,
      1
     ],
     [
      258,
      1,
      8
     ],
     [
      259,
      11,
      10
     ],
     [
      270,
      1,
      9
     ]
    ],
    "174": [
     [
      254,
      1,
      2
     ],
     [
      255,
      1,
      9
     ],
     [
      256,
      1,
      1
     ],
     [
      258,
      1,
      1
     ],
     [
      259,
      1,
      8
     ],
     [
      260,
      10,
      10
     ],
     [
      270,
      1,
      6
     ]
    ],
    "175": [
     [
      254,
      1,
      1
     ],
     [
      255,
      1,
      9
     ],
     [
      256,
      1,
      8
     ],
     [
      259,
      1,
      3
     ],
     [
      260,
      10,
      10
     ],
     [
      270,
      1,
      4
     ]
    ],
    "176": [
     [
      255,
      1,
      1
     ],
     [
      256,
      1,
      6
     ],
     [
      257,
      1,
      3
     ],
     [
      260,
      1,
      7
     ],
     [
      261,
      9,
      10
     ],
     [
      270,
      1,
      3
     ]
    ],
    "177": [
     [
      260,
      1,
      1
     ],
     [
      261,
      9,
      10
     ]
    ],
    "178": [
     [
      257,
      1,
      2
     ],
     [
      258,
      1,
      3
     ],
     [
      261,
      1,
      7
     ],
     [
      262,
      7,
      10
     ],
     [
      269,
      1,
      8
     ]
    ],
    "179": [
     [
      257,
      1,
      9
     ],
     [
      258,
      1,
      6
     ],
     [
      261,
      1,
      2
     ],
     [
      262,
      7,
      10
     ],
     [
      269,
      1,
      6
     ]
    ],
    "180": [
     [
      257,
      1,
      6
     ],
     [
      258,
      1,
      10
     ],
     [
      262,
      1,
      4
     ],
     [
      263,
      6,
      10
     ],
     [
      269,
      1,
      4
     ]
    ],
    "181": [
     [
      254,
      1,
      1
     ],
     [
      255,
      1,
      3
     ],
     [
      256,
      1,
      6
     ],
     [
      257,
      1,
      10
     ],
     [
      258,
      1,
      5
     ],
     [
      263,
      1,
      8
     ],
     [
      264,
      5,
      10
     ],
     [
      269,
      1,
      1
     ]
    ],
    "182": [
     [
      254,
      1,
      3
     ],
     [
      255,
      3,
      10
     ],
     [
      263,
      1,
      4
     ],
     [
      264,
      5,
      10
     ]
    ],
    "183": [
     [
      254,
      1,
      1
     ],
     [
      255,
      1,
      9
     ],
     [
      256,
      1,
      10
     ],
     [
      257,
      1,
      9
     ],
     [
      264,
      1,
      9
     ],
     [
      265,
      3,
      10
     ],
     [
      268,
      1,
      8
     ]
    ],
    "184": [
     [
      255,
      1,
      6
     ],
     [
      256,
      2,
      10
     ],
     [
      258,
      1,
      7
     ],
     [
      259,
      1,
      1
     ],
     [
      264,
      1,
      2
     ],
     [
      265,
      1,
      8
     ],
     [
      266,
      2,
      10
     ],
     [
      268,
      1,
      7
     ]
    ],
    "185": [
     [
      255,
      1,
      3
     ],
     [
      256,
      3,
      10
     ],
     [
      259,
      1,
      5
     ],
     [
      265,
      1,
      7
     ],
     [
      266,
      2,
      10
     ]
    ],
    "186": [
     [
      255,
      1,
      1
     ],
     [
      256,
      1,
      9
     ],
     [
      257,
      3,
      10
     ],
     [
      260,
      1,
      2
     ],
     [
      264,
      1,
      4
     ],
     [
      265,
      2,
      10
     ],
     [
      267,
      1,
      7
     ]
    ],
    "187": [
     [
      256,
      1,
      1
     ],
     [
      257,
      4,
      10
     ],
     [
      261,
      1,
      7
     ],
     [
      262,
      1,
      1
     ],
     [
      264,
      1,
      1
     ],
     [
      265,
      2,
      10
     ],
     [
      267,
      1,
      6
     ]
    ],
    "188": [
     [
      256,
      1,
      3
     ],
     [
      257,
      5,
      10
     ],
     [
      262,
      1,
      6
     ],
     [
      264,
      1,
      2
     ],
     [
      265,
      2,
      10
     ],
     [
      267,
      1,
      4
     ]
    ],
    "189": [
     [
      265,
      2,
      10
     ],
     [
      267,
      1,
      2
     ]
    ]
   }
  },
  "clutter_headroom": 62.85,
  "clutter_at_floor": 0.186,
  "clutter_verdict": "vessels present",
  "detection_rate": 0.7931,
  "n_detections": 244,
  "n_reports": 29,
  "n_reports_with_fix": 29,
  "n_matched": 23,
  "n_reports_unsearched": 363,
  "n_reports_marginal": 5,
  "unsearched_by_length": {
   "<25 m": 250,
   "25-50 m": 65,
   "50-100 m": 5,
   "100-200 m": 12,
   ">200 m": 8,
   "unknown": 23
  },
  "k_sigma_match": 3.0,
  "gate_min_snr": 15.0,
  "gate_min_pixels": 6,
  "n_detections_before_gate": 767,
  "ais_window_s": 1800.0,
  "calibration": {
   "detectable_length_m": 25.0,
   "max_chance_match": 0.05,
   "density_per_km2": 0.01443,
   "max_scorable_radius_m": 1064,
   "n_unscorable": 1,
   "n_unscorable_matched": 0,
   "expected_chance_matches": 0.2,
   "strata": {
    ">=25 m": {
     "found": 18,
     "scored": 19,
     "rate": 0.9474,
     "ci95": [
      0.7536,
      0.9906
     ]
    },
    "<25 m": {
     "found": 5,
     "scored": 9,
     "rate": 0.5556,
     "ci95": [
      0.2666,
      0.8112
     ]
    },
    "unknown length": {
     "found": 0,
     "scored": 0,
     "rate": null,
     "ci95": [
      null,
      null
     ]
    },
    "all scored": {
     "found": 23,
     "scored": 28,
     "rate": 0.8214,
     "ci95": [
      0.6441,
      0.9212
     ]
    }
   },
   "curve_edges_m": [
    0.0,
    15.0,
    25.0,
    50.0,
    100.0
   ],
   "curve": {
    "0-15 m": {
     "found": 0,
     "scored": 1,
     "rate": 0.0,
     "ci95": [
      0.0,
      0.7935
     ]
    },
    "15-25 m": {
     "found": 5,
     "scored": 8,
     "rate": 0.625,
     "ci95": [
      0.3057,
      0.8632
     ]
    },
    "25-50 m": {
     "found": 6,
     "scored": 6,
     "rate": 1.0,
     "ci95": [
      0.6097,
      1.0
     ]
    },
    "50-100 m": {
     "found": 1,
     "scored": 1,
     "rate": 1.0,
     "ci95": [
      0.2065,
      1.0
     ]
    },
    ">100 m": {
     "found": 11,
     "scored": 12,
     "rate": 0.9167,
     "ci95": [
      0.6461,
      0.9851
     ]
    },
    "unknown": {
     "found": 0,
     "scored": 0,
     "rate": null,
     "ci95": [
      null,
      null
     ]
    }
   }
  }
 },
 "features": [
  {
   "type": "Feature",
   "geometry": {
    "type": "Point",
    "coordinates": [
     -76.1544313232957,
     38.03985253278812
    ]
   },
   "properties": {
    "kind": "unmatched",
    "domain": "sea",
    "t_start": "2024-04-10T22:59:06+00:00",
    "t_end": "2024-04-10T22:59:06+00:00",
    "duration_s": 0.0,
    "confidence": 0.753448275862069,
    "platform_ids": [],
    "evidence": {
     "sensor": "sentinel1-vv-cfar",
     "detector_confidence": 0.95,
     "detection_rate_this_pass": 0.793,
     "reports_considered": 29,
     "reports_with_a_fix": 29,
     "search_radius_m": 194.9,
     "snr": 78.53,
     "length_m_approx": 83.1,
     "pixels": 69,
     "scene": "S1A_IW_GRDH_1SDV_20240410T225906_20240410T225931_053378_067942_A9AE_COG.SAFE"
    }
   }
  },
  {
   "type": "Feature",
   "geometry": {
    "type": "Point",
    "coordinates": [
     -76.1960236440769,
     37.99824635192069
    ]
   },
   "properties": {
    "kind": "unmatched",
    "domain": "sea",
    "t_start": "2024-04-10T22:59:06+00:00",
    "t_end": "2024-04-10T22:59:06+00:00",
    "duration_s": 0.0,
    "confidence": 0.753448275862069,
    "platform_ids": [],
    "evidence": {
     "sensor": "sentinel1-vv-cfar",
     "detector_confidence": 0.95,
     "detection_rate_this_pass": 0.793,
     "reports_considered": 29,
     "reports_with_a_fix": 29,
     "search_radius_m": 106.4,
     "snr": 19.34,
     "length_m_approx": 30.0,
     "pixels": 9,
     "scene": "S1A_IW_GRDH_1SDV_20240410T225906_20240410T225931_053378_067942_A9AE_COG.SAFE"
    }
   }
  },
  {
   "type": "Feature",
   "geometry": {
    "type": "Point",
    "coordinates": [
     -75.87876903487026,
     38.21448325389659
    ]
   },
   "properties": {
    "kind": "unmatched",
    "domain": "sea",
    "t_start": "2024-04-10T22:59:06+00:00",
    "t_end": "2024-04-10T22:59:06+00:00",
    "duration_s": 0.0,
    "confidence": 0.753448275862069,
    "platform_ids": [],
    "evidence": {
     "sensor": "sentinel1-vv-cfar",
     "detector_confidence": 0.95,
     "detection_rate_this_pass": 0.793,
     "reports_considered": 29,
     "reports_with_a_fix": 29,
     "search_radius_m": 105.5,
     "snr": 19.14,
     "length_m_approx": 33.2,
     "pixels": 11,
     "scene": "S1A_IW_GRDH_1SDV_20240410T225906_20240410T225931_053378_067942_A9AE_COG.SAFE"
    }
   }
  },
  {
   "type": "Feature",
   "geometry": {
    "type": "Point",
    "coordinates": [
     -75.06079809239428,
     38.32368668677253
    ]
   },
   "properties": {
    "kind": "unmatched",
    "domain": "sea",
    "t_start": "2024-04-10T22:59:06+00:00",
    "t_end": "2024-04-10T22:59:06+00:00",
    "duration_s": 0.0,
    "confidence": 0.753448275862069,
    "platform_ids": [],
    "evidence": {
     "sensor": "sentinel1-vv-cfar",
     "detector_confidence": 0.95,
     "detection_rate_this_pass": 0.793,
     "reports_considered": 29,
     "reports_with_a_fix": 29,
     "search_radius_m": 106.7,
     "snr": 32.87,
     "length_m_approx": 34.6,
     "pixels": 12,
     "scene": "S1A_IW_GRDH_1SDV_20240410T225906_20240410T225931_053378_067942_A9AE_COG.SAFE"
    }
   }
  },
  {
   "type": "Feature",
   "geometry": {
    "type": "Point",
    "coordinates": [
     -74.07611846095337,
     38.33969955942483
    ]
   },
   "properties": {
    "kind": "unmatched",
    "domain": "sea",
    "t_start": "2024-04-10T22:59:06+00:00",
    "t_end": "2024-04-10T22:59:06+00:00",
    "duration_s": 0.0,
    "confidence": 0.753448275862069,
    "platform_ids": [],
    "evidence": {
     "sensor": "sentinel1-vv-cfar",
     "detector_confidence": 0.95,
     "detection_rate_this_pass": 0.793,
     "reports_considered": 29,
     "reports_with_a_fix": 29,
     "search_radius_m": 372.9,
     "snr": 182.52,
     "length_m_approx": 172.0,
     "pixels": 296,
     "scene": "S1A_IW_GRDH_1SDV_20240410T225906_20240410T225931_053378_067942_A9AE_COG.SAFE"
    }
   }
  },
  {
   "type": "Feature",
   "geometry": {
    "type": "Point",
    "coordinates": [
     -74.06463959138148,
     38.289155104333915
    ]
   },
   "properties": {
    "kind": "unmatched",
    "domain": "sea",
    "t_start": "2024-04-10T22:59:06+00:00",
    "t_end": "2024-04-10T22:59:06+00:00",
    "duration_s": 0.0,
    "confidence": 0.753448275862069,
    "platform_ids": [],
    "evidence": {
     "sensor": "sentinel1-vv-cfar",
     "detector_confidence": 0.95,
     "detection_rate_this_pass": 0.793,
     "reports_considered": 29,
     "reports_with_a_fix": 29,
     "search_radius_m": 185.2,
     "snr": 24.24,
     "length_m_approx": 79.4,
     "pixels": 63,
     "scene": "S1A_IW_GRDH_1SDV_20240410T225906_20240410T225931_053378_067942_A9AE_COG.SAFE"
    }
   }
  },
  {
   "type": "Feature",
   "geometry": {
    "type": "Point",
    "coordinates": [
     -73.88953659362082,
     38.416228664044596
    ]
   },
   "properties": {
    "kind": "unmatched",
    "domain": "sea",
    "t_start": "2024-04-10T22:59:06+00:00",
    "t_end": "2024-04-10T22:59:06+00:00",
    "duration_s": 0.0,
    "confidence": 0.753448275862069,
    "platform_ids": [],
    "evidence": {
     "sensor": "sentinel1-vv-cfar",
     "detector_confidence": 0.95,
     "detection_rate_this_pass": 0.793,
     "reports_considered": 29,
     "reports_with_a_fix": 29,
     "search_radius_m": 127.5,
     "snr": 42.26,
     "length_m_approx": 48.0,
     "pixels": 23,
     "scene": "S1A_IW_GRDH_1SDV_20240410T225906_20240410T225931_053378_067942_A9AE_COG.SAFE"
    }
   }
  },
  {
   "type": "Feature",
   "geometry": {
    "type": "Point",
    "coordinates": [
     -73.89162576491694,
     38.39972736085963
    ]
   },
   "properties": {
    "kind": "unmatched",
    "domain": "sea",
    "t_start": "2024-04-10T22:59:06+00:00",
    "t_end": "2024-04-10T22:59:06+00:00",
    "duration_s": 0.0,
    "confidence": 0.753448275862069,
    "platform_ids": [],
    "evidence": {
     "sensor": "sentinel1-vv-cfar",
     "detector_confidence": 0.95,
     "detection_rate_this_pass": 0.793,
     "reports_considered": 29,
     "reports_with_a_fix": 29,
     "search_radius_m": 130.9,
     "snr": 28.3,
     "length_m_approx": 50.0,
     "pixels": 25,
     "scene": "S1A_IW_GRDH_1SDV_20240410T225906_20240410T225931_053378_067942_A9AE_COG.SAFE"
    }
   }
  },
  {
   "type": "Feature",
   "geometry": {
    "type": "Point",
    "coordinates": [
     -74.0610192453914,
     38.42764854092056
    ]
   },
   "properties": {
    "kind": "unmatched",
    "domain": "sea",
    "t_start": "2024-04-10T22:59:06+00:00",
    "t_end": "2024-04-10T22:59:06+00:00",
    "duration_s": 0.0,
    "confidence": 0.753448275862069,
    "platform_ids": [],
    "evidence": {
     "sensor": "sentinel1-vv-cfar",
     "detector_confidence": 0.95,
     "detection_rate_this_pass": 0.793,
     "reports_considered": 29,
     "reports_with_a_fix": 29,
     "search_radius_m": 132.7,
     "snr": 25.73,
     "length_m_approx": 51.0,
     "pixels": 26,
     "scene": "S1A_IW_GRDH_1SDV_20240410T225906_20240410T225931_053378_067942_A9AE_COG.SAFE"
    }
   }
  },
  {
   "type": "Feature",
   "geometry": {
    "type": "Point",
    "coordinates": [
     -73.89179205387111,
     38.40034928040694
    ]
   },
   "properties": {
    "kind": "unmatched",
    "domain": "sea",
    "t_start": "2024-04-10T22:59:06+00:00",
    "t_end": "2024-04-10T22:59:06+00:00",
    "duration_s": 0.0,
    "confidence": 0.6241724137931035,
    "platform_ids": [],
    "evidence": {
     "sensor": "sentinel1-vv-cfar",
     "detector_confidence": 0.787,
     "detection_rate_this_pass": 0.793,
     "reports_considered": 29,
     "reports_with_a_fix": 29,
     "search_radius_m": 110.7,
     "snr": 15.75,
     "length_m_approx": 37.4,
     "pixels": 14,
     "scene": "S1A_IW_GRDH_1SDV_20240410T225906_20240410T225931_053378_067942_A9AE_COG.SAFE"
    }
   }
  },
  {
   "type": "Feature",
   "geometry": {
    "type": "Point",
    "coordinates": [
     -73.83299718160049,
     38.37975680902246
    ]
   },
   "properties": {
    "kind": "unmatched",
    "domain": "sea",
    "t_start": "2024-04-10T22:59:06+00:00",
    "t_end": "2024-04-10T22:59:06+00:00",
    "duration_s": 0.0,
    "confidence": 0.6424137931034484,
    "platform_ids": [],
    "evidence": {
     "sensor": "sentinel1-vv-cfar",
     "detector_confidence": 0.81,
     "detection_rate_this_pass": 0.793,
     "reports_considered": 29,
     "reports_with_a_fix": 29,
     "search_radius_m": 102.0,
     "snr": 16.2,
     "length_m_approx": 31.6,
     "pixels": 10,
     "scene": "S1A_IW_GRDH_1SDV_20240410T225906_20240410T225931_053378_067942_A9AE_COG.SAFE"
    }
   }
  },
  {
   "type": "Feature",
   "geometry": {
    "type": "Point",
    "coordinates": [
     -76.2491897215925,
     38.256265340316276
    ]
   },
   "properties": {
    "kind": "unmatched",
    "domain": "sea",
    "t_start": "2024-04-10T22:59:06+00:00",
    "t_end": "2024-04-10T22:59:06+00:00",
    "duration_s": 0.0,
    "confidence": 0.753448275862069,
    "platform_ids": [],
    "evidence": {
     "sensor": "sentinel1-vv-cfar",
     "detector_confidence": 0.95,
     "detection_rate_this_pass": 0.793,
     "reports_considered": 29,
     "reports_with_a_fix": 29,
     "search_radius_m": 136.2,
     "snr": 36.15,
     "length_m_approx": 50.0,
     "pixels": 25,
     "scene": "S1A_IW_GRDH_1SDV_20240410T225906_20240410T225931_053378_067942_A9AE_COG.SAFE"
    }
   }
  },
  {
   "type": "Feature",
   "geometry": {
    "type": "Point",
    "coordinates": [
     -76.24173552892042,
     38.20503829762245
    ]
   },
   "properties": {
    "kind": "unmatched",
    "domain": "sea",
    "t_start": "2024-04-10T22:59:06+00:00",
    "t_end": "2024-04-10T22:59:06+00:00",
    "duration_s": 0.0,
    "confidence": 0.753448275862069,
    "platform_ids": [],
    "evidence": {
     "sensor": "sentinel1-vv-cfar",
     "detector_confidence": 0.95,
     "detection_rate_this_pass": 0.793,
     "reports_considered": 29,
     "reports_with_a_fix": 29,
     "search_radius_m": 114.5,
     "snr": 26.03,
     "length_m_approx": 36.1,
     "pixels": 13,
     "scene": "S1A_IW_GRDH_1SDV_20240410T225906_20240410T225931_053378_067942_A9AE_COG.SAFE"
    }
   }
  },
  {
   "type": "Feature",
   "geometry": {
    "type": "Point",
    "coordinates": [
     -76.3332334436405,
     38.33913360641877
    ]
   },
   "properties": {
    "kind": "unmatched",
    "domain": "sea",
    "t_start": "2024-04-10T22:59:06+00:00",
    "t_end": "2024-04-10T22:59:06+00:00",
    "duration_s": 0.0,
    "confidence": 0.753448275862069,
    "platform_ids": [],
    "evidence": {
     "sensor": "sentinel1-vv-cfar",
     "detector_confidence": 0.95,
     "detection_rate_this_pass": 0.793,
     "reports_considered": 29,
     "reports_with_a_fix": 29,
     "search_radius_m": 110.7,
     "snr": 21.23,
     "length_m_approx": 33.2,
     "pixels": 11,
     "scene": "S1A_IW_GRDH_1SDV_20240410T225906_20240410T225931_053378_067942_A9AE_COG.SAFE"
    }
   }
  },
  {
   "type": "Feature",
   "geometry": {
    "type": "Point",
    "coordinates": [
     -76.26220754653161,
     38.25599749767716
    ]
   },
   "properties": {
    "kind": "unmatched",
    "domain": "sea",
    "t_start": "2024-04-10T22:59:06+00:00",
    "t_end": "2024-04-10T22:59:06+00:00",
    "duration_s": 0.0,
    "confidence": 0.7169655172413794,
    "platform_ids": [],
    "evidence": {
     "sensor": "sentinel1-vv-cfar",
     "detector_confidence": 0.904,
     "detection_rate_this_pass": 0.793,
     "reports_considered": 29,
     "reports_with_a_fix": 29,
     "search_radius_m": 108.6,
     "snr": 18.08,
     "length_m_approx": 31.6,
     "pixels": 10,
     "scene": "S1A_IW_GRDH_1SDV_20240410T225906_20240410T225931_053378_067942_A9AE_COG.SAFE"
    }
   }
  },
  {
   "type": "Feature",
   "geometry": {
    "type": "Point",
    "coordinates": [
     -76.31036389862304,
     38.3112302597876
    ]
   },
   "properties": {
    "kind": "unmatched",
    "domain": "sea",
    "t_start": "2024-04-10T22:59:06+00:00",
    "t_end": "2024-04-10T22:59:06+00:00",
    "duration_s": 0.0,
    "confidence": 0.7050689655172414,
    "platform_ids": [],
    "evidence": {
     "sensor": "sentinel1-vv-cfar",
     "detector_confidence": 0.889,
     "detection_rate_this_pass": 0.793,
     "reports_considered": 29,
     "reports_with_a_fix": 29,
     "search_radius_m": 106.4,
     "snr": 17.78,
     "length_m_approx": 30.0,
     "pixels": 9,
     "scene": "S1A_IW_GRDH_1SDV_20240410T225906_20240410T225931_053378_067942_A9AE_COG.SAFE"
    }
   }
  },
  {
   "type": "Feature",
   "geometry": {
    "type": "Point",
    "coordinates": [
     -74.95586321520634,
     38.44685884045859
    ]
   },
   "properties": {
    "kind": "unmatched",
    "domain": "sea",
    "t_start": "2024-04-10T22:59:06+00:00",
    "t_end": "2024-04-10T22:59:06+00:00",
    "duration_s": 0.0,
    "confidence": 0.753448275862069,
    "platform_ids": [],
    "evidence": {
     "sensor": "sentinel1-vv-cfar",
     "detector_confidence": 0.95,
     "detection_rate_this_pass": 0.793,
     "reports_considered": 29,
     "reports_with_a_fix": 29,
     "search_radius_m": 104.6,
     "snr": 30.6,
     "length_m_approx": 33.2,
     "pixels": 11,
     "scene": "S1A_IW_GRDH_1SDV_20240410T225906_20240410T225931_053378_067942_A9AE_COG.SAFE"
    }
   }
  },
  {
   "type": "Feature",
   "geometry": {
    "type": "Point",
    "coordinates": [
     -74.6957190214965,
     38.455205821551964
    ]
   },
   "properties": {
    "kind": "unmatched",
    "domain": "sea",
    "t_start": "2024-04-10T22:59:06+00:00",
    "t_end": "2024-04-10T22:59:06+00:00",
    "duration_s": 0.0,
    "confidence": 0.7090344827586207,
    "platform_ids": [],
    "evidence": {
     "sensor": "sentinel1-vv-cfar",
     "detector_confidence": 0.894,
     "detection_rate_this_pass": 0.793,
     "reports_considered": 29,
     "reports_with_a_fix": 29,
     "search_radius_m": 104.3,
     "snr": 17.88,
     "length_m_approx": 33.2,
     "pixels": 11,
     "scene": "S1A_IW_GRDH_1SDV_20240410T225906_20240410T225931_053378_067942_A9AE_COG.SAFE"
    }
   }
  },
  {
   "type": "Feature",
   "geometry": {
    "type": "Point",
    "coordinates": [
     -74.00012881876933,
     38.57502293633169
    ]
   },
   "properties": {
    "kind": "unmatched",
    "domain": "sea",
    "t_start": "2024-04-10T22:59:06+00:00",
    "t_end": "2024-04-10T22:59:06+00:00",
    "duration_s": 0.0,
    "confidence": 0.753448275862069,
    "platform_ids": [],
    "evidence": {
     "sensor": "sentinel1-vv-cfar",
     "detector_confidence": 0.95,
     "detection_rate_this_pass": 0.793,
     "reports_considered": 29,
     "reports_with_a_fix": 29,
     "search_radius_m": 148.8,
     "snr": 22.13,
     "length_m_approx": 60.0,
     "pixels": 36,
     "scene": "S1A_IW_GRDH_1SDV_20240410T225906_20240410T225931_053378_067942_A9AE_COG.SAFE"
    }
   }
  },
  {
   "type": "Feature",
   "geometry": {
    "type": "Point",
    "coordinates": [
     -76.35722883726213,
     38.379359741685356
    ]
   },
   "properties": {
    "kind": "unmatched",
    "domain": "sea",
    "t_start": "2024-04-10T22:59:06+00:00",
    "t_end": "2024-04-10T22:59:06+00:00",
    "duration_s": 0.0,
    "confidence": 0.753448275862069,
    "platform_ids": [],
    "evidence": {
     "sensor": "sentinel1-vv-cfar",
     "detector_confidence": 0.95,
     "detection_rate_this_pass": 0.793,
     "reports_considered": 29,
     "reports_with_a_fix": 29,
     "search_radius_m": 122.4,
     "snr": 45.13,
     "length_m_approx": 41.2,
     "pixels": 17,
     "scene": "S1A_IW_GRDH_1SDV_20240410T225906_20240410T225931_053378_067942_A9AE_COG.SAFE"
    }
   }
  },
  {
   "type": "Feature",
   "geometry": {
    "type": "Point",
    "coordinates": [
     -76.38353138650287,
     38.40299477165592
    ]
   },
   "properties": {
    "kind": "unmatched",
    "domain": "sea",
    "t_start": "2024-04-10T22:59:06+00:00",
    "t_end": "2024-04-10T22:59:06+00:00",
    "duration_s": 0.0,
    "confidence": 0.753448275862069,
    "platform_ids": [],
    "evidence": {
     "sensor": "sentinel1-vv-cfar",
     "detector_confidence": 0.95,
     "detection_rate_this_pass": 0.793,
     "reports_considered": 29,
     "reports_with_a_fix": 29,
     "search_radius_m": 243.1,
     "snr": 27.97,
     "length_m_approx": 107.2,
     "pixels": 115,
     "scene": "S1A_IW_GRDH_1SDV_20240410T225906_20240410T225931_053378_067942_A9AE_COG.SAFE"
    }
   }
  },
  {
   "type": "Feature",
   "geometry": {
    "type": "Point",
    "coordinates": [
     -76.38459949064631,
     38.40241534556564
    ]
   },
   "properties": {
    "kind": "unmatched",
    "domain": "sea",
    "t_start": "2024-04-10T22:59:06+00:00",
    "t_end": "2024-04-10T22:59:06+00:00",
    "duration_s": 0.0,
    "confidence": 0.753448275862069,
    "platform_ids": [],
    "evidence": {
     "sensor": "sentinel1-vv-cfar",
     "detector_confidence": 0.95,
     "detection_rate_this_pass": 0.793,
     "reports_considered": 29,
     "reports_with_a_fix": 29,
     "search_radius_m": 147.4,
     "snr": 25.53,
     "length_m_approx": 56.6,
     "pixels": 32,
     "scene": "S1A_IW_GRDH_1SDV_20240410T225906_20240410T225931_053378_067942_A9AE_COG.SAFE"
    }
   }
  },
  {
   "type": "Feature",
   "geometry": {
    "type": "Point",
    "coordinates": [
     -76.38640273524325,
     38.53497718709179
    ]
   },
   "properties": {
    "kind": "unmatched",
    "domain": "sea",
    "t_start": "2024-04-10T22:59:06+00:00",
    "t_end": "2024-04-10T22:59:06+00:00",
    "duration_s": 0.0,
    "confidence": 0.6471724137931034,
    "platform_ids": [],
    "evidence": {
     "sensor": "sentinel1-vv-cfar",
     "detector_confidence": 0.816,
     "detection_rate_this_pass": 0.793,
     "reports_considered": 29,
     "reports_with_a_fix": 29,
     "search_radius_m": 102.3,
     "snr": 16.31,
     "length_m_approx": 28.3,
     "pixels": 8,
     "scene": "S1A_IW_GRDH_1SDV_20240410T225906_20240410T225931_053378_067942_A9AE_COG.SAFE"
    }
   }
  },
  {
   "type": "Feature",
   "geometry": {
    "type": "Point",
    "coordinates": [
     -76.360595929908,
     38.35121171516108
    ]
   },
   "properties": {
    "kind": "unmatched",
    "domain": "sea",
    "t_start": "2024-04-10T22:59:06+00:00",
    "t_end": "2024-04-10T22:59:06+00:00",
    "duration_s": 0.0,
    "confidence": 0.603551724137931,
    "platform_ids": [],
    "evidence": {
     "sensor": "sentinel1-vv-cfar",
     "detector_confidence": 0.761,
     "detection_rate_this_pass": 0.793,
     "reports_considered": 29,
     "reports_with_a_fix": 29,
     "search_radius_m": 102.3,
     "snr": 15.21,
     "length_m_approx": 26.5,
     "pixels": 7,
     "scene": "S1A_IW_GRDH_1SDV_20240410T225906_20240410T225931_053378_067942_A9AE_COG.SAFE"
    }
   }
  },
  {
   "type": "Feature",
   "geometry": {
    "type": "Point",
    "coordinates": [
     -75.09358376805673,
     38.593321153163465
    ]
   },
   "properties": {
    "kind": "unmatched",
    "domain": "sea",
    "t_start": "2024-04-10T22:59:06+00:00",
    "t_end": "2024-04-10T22:59:06+00:00",
    "duration_s": 0.0,
    "confidence": 0.753448275862069,
    "platform_ids": [],
    "evidence": {
     "sensor": "sentinel1-vv-cfar",
     "detector_confidence": 0.95,
     "detection_rate_this_pass": 0.793,
     "reports_considered": 29,
     "reports_with_a_fix": 29,
     "search_radius_m": 129.6,
     "snr": 24.06,
     "length_m_approx": 49.0,
     "pixels": 24,
     "scene": "S1A_IW_GRDH_1SDV_20240410T225906_20240410T225931_053378_067942_A9AE_COG.SAFE"
    }
   }
  },
  {
   "type": "Feature",
   "geometry": {
    "type": "Point",
    "coordinates": [
     -75.11435505392379,
     38.66439032230207
    ]
   },
   "properties": {
    "kind": "unmatched",
    "domain": "sea",
    "t_start": "2024-04-10T22:59:06+00:00",
    "t_end": "2024-04-10T22:59:06+00:00",
    "duration_s": 0.0,
    "confidence": 0.753448275862069,
    "platform_ids": [],
    "evidence": {
     "sensor": "sentinel1-vv-cfar",
     "detector_confidence": 0.95,
     "detection_rate_this_pass": 0.793,
     "reports_considered": 29,
     "reports_with_a_fix": 29,
     "search_radius_m": 124.4,
     "snr": 19.98,
     "length_m_approx": 45.8,
     "pixels": 21,
     "scene": "S1A_IW_GRDH_1SDV_20240410T225906_20240410T225931_053378_067942_A9AE_COG.SAFE"
    }
   }
  },
  {
   "type": "Feature",
   "geometry": {
    "type": "Point",
    "coordinates": [
     -75.12068370155734,
     38.60722115306845
    ]
   },
   "properties": {
    "kind": "unmatched",
    "domain": "sea",
    "t_start": "2024-04-10T22:59:06+00:00",
    "t_end": "2024-04-10T22:59:06+00:00",
    "duration_s": 0.0,
    "confidence": 0.7391724137931035,
    "platform_ids": [],
    "evidence": {
     "sensor": "sentinel1-vv-cfar",
     "detector_confidence": 0.932,
     "detection_rate_this_pass": 0.793,
     "reports_considered": 29,
     "reports_with_a_fix": 29,
     "search_radius_m": 131.3,
     "snr": 18.64,
     "length_m_approx": 50.0,
     "pixels": 25,
     "scene": "S1A_IW_GRDH_1SDV_20240410T225906_20240410T225931_053378_067942_A9AE_COG.SAFE"
    }
   }
  },
  {
   "type": "Feature",
   "geometry": {
    "type": "Point",
    "coordinates": [
     -75.10475510631021,
     38.67504975077436
    ]
   },
   "properties": {
    "kind": "unmatched",
    "domain": "sea",
    "t_start": "2024-04-10T22:59:06+00:00",
    "t_end": "2024-04-10T22:59:06+00:00",
    "duration_s": 0.0,
    "confidence": 0.6574827586206896,
    "platform_ids": [],
    "evidence": {
     "sensor": "sentinel1-vv-cfar",
     "detector_confidence": 0.829,
     "detection_rate_this_pass": 0.793,
     "reports_considered": 29,
     "reports_with_a_fix": 29,
     "search_radius_m": 133.0,
     "snr": 16.58,
     "length_m_approx": 51.0,
     "pixels": 26,
     "scene": "S1A_IW_GRDH_1SDV_20240410T225906_20240410T225931_053378_067942_A9AE_COG.SAFE"
    }
   }
  },
  {
   "type": "Feature",
   "geometry": {
    "type": "Point",
    "coordinates": [
     -75.09059419486721,
     38.658781732340096
    ]
   },
   "properties": {
    "kind": "unmatched",
    "domain": "sea",
    "t_start": "2024-04-10T22:59:06+00:00",
    "t_end": "2024-04-10T22:59:06+00:00",
    "duration_s": 0.0,
    "confidence": 0.6424137931034484,
    "platform_ids": [],
    "evidence": {
     "sensor": "sentinel1-vv-cfar",
     "detector_confidence": 0.81,
     "detection_rate_this_pass": 0.793,
     "reports_considered": 29,
     "reports_with_a_fix": 29,
     "search_radius_m": 112.9,
     "snr": 16.2,
     "length_m_approx": 38.7,
     "pixels": 15,
     "scene": "S1A_IW_GRDH_1SDV_20240410T225906_20240410T225931_053378_067942_A9AE_COG.SAFE"
    }
   }
  },
  {
   "type": "Feature",
   "geometry": {
    "type": "Point",
    "coordinates": [
     -75.08976905214908,
     38.671888913699064
    ]
   },
   "properties": {
    "kind": "unmatched",
    "domain": "sea",
    "t_start": "2024-04-10T22:59:06+00:00",
    "t_end": "2024-04-10T22:59:06+00:00",
    "duration_s": 0.0,
    "confidence": 0.753448275862069,
    "platform_ids": [],
    "evidence": {
     "sensor": "sentinel1-vv-cfar",
     "detector_confidence": 0.95,
     "detection_rate_this_pass": 0.793,
     "reports_considered": 29,
     "reports_with_a_fix": 29,
     "search_radius_m": 192.5,
     "snr": 35.71,
     "length_m_approx": 83.1,
     "pixels": 69,
     "scene": "S1A_IW_GRDH_1SDV_20240410T225906_20240410T225931_053378_067942_A9AE_COG.SAFE"
    }
   }
  },
  {
   "type": "Feature",
   "geometry": {
    "type": "Point",
    "coordinates": [
     -74.95854945783432,
     38.73010103116125
    ]
   },
   "properties": {
    "kind": "unmatched",
    "domain": "sea",
    "t_start": "2024-04-10T22:59:06+00:00",
    "t_end": "2024-04-10T22:59:06+00:00",
    "duration_s": 0.0,
    "confidence": 0.6003793103448276,
    "platform_ids": [],
    "evidence": {
     "sensor": "sentinel1-vv-cfar",
     "detector_confidence": 0.757,
     "detection_rate_this_pass": 0.793,
     "reports_considered": 29,
     "reports_with_a_fix": 29,
     "search_radius_m": 102.6,
     "snr": 15.14,
     "length_m_approx": 31.6,
     "pixels": 10,
     "scene": "S1A_IW_GRDH_1SDV_20240410T225906_20240410T225931_053378_067942_A9AE_COG.SAFE"
    }
   }
  },
  {
   "type": "Feature",
   "geometry": {
    "type": "Point",
    "coordinates": [
     -76.375071990341,
     38.63921086283346
    ]
   },
   "properties": {
    "kind": "unmatched",
    "domain": "sea",
    "t_start": "2024-04-10T22:59:06+00:00",
    "t_end": "2024-04-10T22:59:06+00:00",
    "duration_s": 0.0,
    "confidence": 0.753448275862069,
    "platform_ids": [],
    "evidence": {
     "sensor": "sentinel1-vv-cfar",
     "detector_confidence": 0.95,
     "detection_rate_this_pass": 0.793,
     "reports_considered": 29,
     "reports_with_a_fix": 29,
     "search_radius_m": 126.1,
     "snr": 21.4,
     "length_m_approx": 44.7,
     "pixels": 20,
     "scene": "S1A_IW_GRDH_1SDV_20240410T225906_20240410T225931_053378_067942_A9AE_COG.SAFE"
    }
   }
  },
  {
   "type": "Feature",
   "geometry": {
    "type": "Point",
    "coordinates": [
     -76.42137198729073,
     38.70106835063108
    ]
   },
   "properties": {
    "kind": "unmatched",
    "domain": "sea",
    "t_start": "2024-04-10T22:59:06+00:00",
    "t_end": "2024-04-10T22:59:06+00:00",
    "duration_s": 0.0,
    "confidence": 0.753448275862069,
    "platform_ids": [],
    "evidence": {
     "sensor": "sentinel1-vv-cfar",
     "detector_confidence": 0.95,
     "detection_rate_this_pass": 0.793,
     "reports_considered": 29,
     "reports_with_a_fix": 29,
     "search_radius_m": 112.9,
     "snr": 20.7,
     "length_m_approx": 36.1,
     "pixels": 13,
     "scene": "S1A_IW_GRDH_1SDV_20240410T225906_20240410T225931_053378_067942_A9AE_COG.SAFE"
    }
   }
  },
  {
   "type": "Feature",
   "geometry": {
    "type": "Point",
    "coordinates": [
     -75.18112704380971,
     38.83280052249584
    ]
   },
   "properties": {
    "kind": "unmatched",
    "domain": "sea",
    "t_start": "2024-04-10T22:59:06+00:00",
    "t_end": "2024-04-10T22:59:06+00:00",
    "duration_s": 0.0,
    "confidence": 0.753448275862069,
    "platform_ids": [],
    "evidence": {
     "sensor": "sentinel1-vv-cfar",
     "detector_confidence": 0.95,
     "detection_rate_this_pass": 0.793,
     "reports_considered": 29,
     "reports_with_a_fix": 29,
     "search_radius_m": 171.7,
     "snr": 29.85,
     "length_m_approx": 72.1,
     "pixels": 52,
     "scene": "S1A_IW_GRDH_1SDV_20240410T225906_20240410T225931_053378_067942_A9AE_COG.SAFE"
    }
   }
  },
  {
   "type": "Feature",
   "geometry": {
    "type": "Point",
    "coordinates": [
     -75.15988816225243,
     38.826533183325935
    ]
   },
   "properties": {
    "kind": "unmatched",
    "domain": "sea",
    "t_start": "2024-04-10T22:59:06+00:00",
    "t_end": "2024-04-10T22:59:06+00:00",
    "duration_s": 0.0,
    "confidence": 0.753448275862069,
    "platform_ids": [],
    "evidence": {
     "sensor": "sentinel1-vv-cfar",
     "detector_confidence": 0.95,
     "detection_rate_this_pass": 0.793,
     "reports_considered": 29,
     "reports_with_a_fix": 29,
     "search_radius_m": 138.0,
     "snr": 23.08,
     "length_m_approx": 53.9,
     "pixels": 29,
     "scene": "S1A_IW_GRDH_1SDV_20240410T225906_20240410T225931_053378_067942_A9AE_COG.SAFE"
    }
   }
  },
  {
   "type": "Feature",
   "geometry": {
    "type": "Point",
    "coordinates": [
     -75.19406790765089,
     38.84481316071947
    ]
   },
   "properties": {
    "kind": "unmatched",
    "domain": "sea",
    "t_start": "2024-04-10T22:59:06+00:00",
    "t_end": "2024-04-10T22:59:06+00:00",
    "duration_s": 0.0,
    "confidence": 0.753448275862069,
    "platform_ids": [],
    "evidence": {
     "sensor": "sentinel1-vv-cfar",
     "detector_confidence": 0.95,
     "detection_rate_this_pass": 0.793,
     "reports_considered": 29,
     "reports_with_a_fix": 29,
     "search_radius_m": 136.6,
     "snr": 20.35,
     "length_m_approx": 52.9,
     "pixels": 28,
     "scene": "S1A_IW_GRDH_1SDV_20240410T225906_20240410T225931_053378_067942_A9AE_COG.SAFE"
    }
   }
  },
  {
   "type": "Feature",
   "geometry": {
    "type": "Point",
    "coordinates": [
     -75.16870680381533,
     38.86812811887672
    ]
   },
   "properties": {
    "kind": "unmatched",
    "domain": "sea",
    "t_start": "2024-04-10T22:59:06+00:00",
    "t_end": "2024-04-10T22:59:06+00:00",
    "duration_s": 0.0,
    "confidence": 0.6884137931034483,
    "platform_ids": [],
    "evidence": {
     "sensor": "sentinel1-vv-cfar",
     "detector_confidence": 0.868,
     "detection_rate_this_pass": 0.793,
     "reports_considered": 29,
     "reports_with_a_fix": 29,
     "search_radius_m": 116.8,
     "snr": 17.35,
     "length_m_approx": 41.2,
     "pixels": 17,
     "scene": "S1A_IW_GRDH_1SDV_20240410T225906_20240410T225931_053378_067942_A9AE_COG.SAFE"
    }
   }
  },
  {
   "type": "Feature",
   "geometry": {
    "type": "Point",
    "coordinates": [
     -75.02587358715093,
     38.82186967765654
    ]
   },
   "properties": {
    "kind": "unmatched",
    "domain": "sea",
    "t_start": "2024-04-10T22:59:06+00:00",
    "t_end": "2024-04-10T22:59:06+00:00",
    "duration_s": 0.0,
    "confidence": 0.753448275862069,
    "platform_ids": [],
    "evidence": {
     "sensor": "sentinel1-vv-cfar",
     "detector_confidence": 0.95,
     "detection_rate_this_pass": 0.793,
     "reports_considered": 29,
     "reports_with_a_fix": 29,
     "search_radius_m": 108.9,
     "snr": 32.52,
     "length_m_approx": 36.1,
     "pixels": 13,
     "scene": "S1A_IW_GRDH_1SDV_20240410T225906_20240410T225931_053378_067942_A9AE_COG.SAFE"
    }
   }
  },
  {
   "type": "Feature",
   "geometry": {
    "type": "Point",
    "coordinates": [
     -75.0919640497485,
     38.81461641605186
    ]
   },
   "properties": {
    "kind": "unmatched",
    "domain": "sea",
    "t_start": "2024-04-10T22:59:06+00:00",
    "t_end": "2024-04-10T22:59:06+00:00",
    "duration_s": 0.0,
    "confidence": 0.753448275862069,
    "platform_ids": [],
    "evidence": {
     "sensor": "sentinel1-vv-cfar",
     "detector_confidence": 0.95,
     "detection_rate_this_pass": 0.793,
     "reports_considered": 29,
     "reports_with_a_fix": 29,
     "search_radius_m": 145.9,
     "snr": 32.52,
     "length_m_approx": 58.3,
     "pixels": 34,
     "scene": "S1A_IW_GRDH_1SDV_20240410T225906_20240410T225931_053378_067942_A9AE_COG.SAFE"
    }
   }
  },
  {
   "type": "Feature",
   "geometry": {
    "type": "Point",
    "coordinates": [
     -74.9785801020018,
     38.77056607535237
    ]
   },
   "properties": {
    "kind": "unmatched",
    "domain": "sea",
    "t_start": "2024-04-10T22:59:06+00:00",
    "t_end": "2024-04-10T22:59:06+00:00",
    "duration_s": 0.0,
    "confidence": 0.753448275862069,
    "platform_ids": [],
    "evidence": {
     "sensor": "sentinel1-vv-cfar",
     "detector_confidence": 0.95,
     "detection_rate_this_pass": 0.793,
     "reports_considered": 29,
     "reports_with_a_fix": 29,
     "search_radius_m": 111.0,
     "snr": 29.75,
     "length_m_approx": 37.4,
     "pixels": 14,
     "scene": "S1A_IW_GRDH_1SDV_20240410T225906_20240410T225931_053378_067942_A9AE_COG.SAFE"
    }
   }
  },
  {
   "type": "Feature",
   "geometry": {
    "type": "Point",
    "coordinates": [
     -74.97559194676168,
     38.79928550325315
    ]
   },
   "properties": {
    "kind": "unmatched",
    "domain": "sea",
    "t_start": "2024-04-10T22:59:06+00:00",
    "t_end": "2024-04-10T22:59:06+00:00",
    "duration_s": 0.0,
    "confidence": 0.753448275862069,
    "platform_ids": [],
    "evidence": {
     "sensor": "sentinel1-vv-cfar",
     "detector_confidence": 0.95,
     "detection_rate_this_pass": 0.793,
     "reports_considered": 29,
     "reports_with_a_fix": 29,
     "search_radius_m": 108.9,
     "snr": 29.35,
     "length_m_approx": 36.1,
     "pixels": 13,
     "scene": "S1A_IW_GRDH_1SDV_20240410T225906_20240410T225931_053378_067942_A9AE_COG.SAFE"
    }
   }
  },
  {
   "type": "Feature",
   "geometry": {
    "type": "Point",
    "coordinates": [
     -75.03011663664182,
     38.792608161495174
    ]
   },
   "properties": {
    "kind": "unmatched",
    "domain": "sea",
    "t_start": "2024-04-10T22:59:06+00:00",
    "t_end": "2024-04-10T22:59:06+00:00",
    "duration_s": 0.0,
    "confidence": 0.753448275862069,
    "platform_ids": [],
    "evidence": {
     "sensor": "sentinel1-vv-cfar",
     "detector_confidence": 0.95,
     "detection_rate_this_pass": 0.793,
     "reports_considered": 29,
     "reports_with_a_fix": 29,
     "search_radius_m": 108.9,
     "snr": 26.64,
     "length_m_approx": 36.1,
     "pixels": 13,
     "scene": "S1A_IW_GRDH_1SDV_20240410T225906_20240410T225931_053378_067942_A9AE_COG.SAFE"
    }
   }
  },
  {
   "type": "Feature",
   "geometry": {
    "type": "Point",
    "coordinates": [
     -75.03422411719141,
     38.83338489365314
    ]
   },
   "properties": {
    "kind": "unmatched",
    "domain": "sea",
    "t_start": "2024-04-10T22:59:06+00:00",
    "t_end": "2024-04-10T22:59:06+00:00",
    "duration_s": 0.0,
    "confidence": 0.753448275862069,
    "platform_ids": [],
    "evidence": {
     "sensor": "sentinel1-vv-cfar",
     "detector_confidence": 0.95,
     "detection_rate_this_pass": 0.793,
     "reports_considered": 29,
     "reports_with_a_fix": 29,
     "search_radius_m": 102.6,
     "snr": 25.18,
     "length_m_approx": 31.6,
     "pixels": 10,
     "scene": "S1A_IW_GRDH_1SDV_20240410T225906_20240410T225931_053378_067942_A9AE_COG.SAFE"
    }
   }
  },
  {
   "type": "Feature",
   "geometry": {
    "type": "Point",
    "coordinates": [
     -75.05848811552096,
     38.77637515615458
    ]
   },
   "properties": {
    "kind": "unmatched",
    "domain": "sea",
    "t_start": "2024-04-10T22:59:06+00:00",
    "t_end": "2024-04-10T22:59:06+00:00",
    "duration_s": 0.0,
    "confidence": 0.753448275862069,
    "platform_ids": [],
    "evidence": {
     "sensor": "sentinel1-vv-cfar",
     "detector_confidence": 0.95,
     "detection_rate_this_pass": 0.793,
     "reports_considered": 29,
     "reports_with_a_fix": 29,
     "search_radius_m": 104.6,
     "snr": 23.46,
     "length_m_approx": 33.2,
     "pixels": 11,
     "scene": "S1A_IW_GRDH_1SDV_20240410T225906_20240410T225931_053378_067942_A9AE_COG.SAFE"
    }
   }
  },
  {
   "type": "Feature",
   "geometry": {
    "type": "Point",
    "coordinates": [
     -75.0227143557188,
     38.74604007301964
    ]
   },
   "properties": {
    "kind": "unmatched",
    "domain": "sea",
    "t_start": "2024-04-10T22:59:06+00:00",
    "t_end": "2024-04-10T22:59:06+00:00",
    "duration_s": 0.0,
    "confidence": 0.753448275862069,
    "platform_ids": [],
    "evidence": {
     "sensor": "sentinel1-vv-cfar",
     "detector_confidence": 0.95,
     "detection_rate_this_pass": 0.793,
     "reports_considered": 29,
     "reports_with_a_fix": 29,
     "search_radius_m": 111.0,
     "snr": 19.23,
     "length_m_approx": 37.4,
     "pixels": 14,
     "scene": "S1A_IW_GRDH_1SDV_20240410T225906_20240410T225931_053378_067942_A9AE_COG.SAFE"
    }
   }
  },
  {
   "type": "Feature",
   "geometry": {
    "type": "Point",
    "coordinates": [
     -75.09215126368181,
     38.81545757455542
    ]
   },
   "properties": {
    "kind": "unmatched",
    "domain": "sea",
    "t_start": "2024-04-10T22:59:06+00:00",
    "t_end": "2024-04-10T22:59:06+00:00",
    "duration_s": 0.0,
    "confidence": 0.6566896551724137,
    "platform_ids": [],
    "evidence": {
     "sensor": "sentinel1-vv-cfar",
     "detector_confidence": 0.828,
     "detection_rate_this_pass": 0.793,
     "reports_considered": 29,
     "reports_with_a_fix": 29,
     "search_radius_m": 124.4,
     "snr": 16.55,
     "length_m_approx": 45.8,
     "pixels": 21,
     "scene": "S1A_IW_GRDH_1SDV_20240410T225906_20240410T225931_053378_067942_A9AE_COG.SAFE"
    }
   }
  },
  {
   "type": "Feature",
   "geometry": {
    "type": "Point",
    "coordinates": [
     -74.8555731868342,
     38.92982101291028
    ]
   },
   "properties": {
    "kind": "unmatched",
    "domain": "sea",
    "t_start": "2024-04-10T22:59:06+00:00",
    "t_end": "2024-04-10T22:59:06+00:00",
    "duration_s": 0.0,
    "confidence": 0.753448275862069,
    "platform_ids": [],
    "evidence": {
     "sensor": "sentinel1-vv-cfar",
     "detector_confidence": 0.95,
     "detection_rate_this_pass": 0.793,
     "reports_considered": 29,
     "reports_with_a_fix": 29,
     "search_radius_m": 116.8,
     "snr": 47.91,
     "length_m_approx": 41.2,
     "pixels": 17,
     "scene": "S1A_IW_GRDH_1SDV_20240410T225906_20240410T225931_053378_067942_A9AE_COG.SAFE"
    }
   }
  },
  {
   "type": "Feature",
   "geometry": {
    "type": "Point",
    "coordinates": [
     -74.73681817512144,
     38.78036825577496
    ]
   },
   "properties": {
    "kind": "unmatched",
    "domain": "sea",
    "t_start": "2024-04-10T22:59:06+00:00",
    "t_end": "2024-04-10T22:59:06+00:00",
    "duration_s": 0.0,
    "confidence": 0.753448275862069,
    "platform_ids": [],
    "evidence": {
     "sensor": "sentinel1-vv-cfar",
     "detector_confidence": 0.95,
     "detection_rate_this_pass": 0.793,
     "reports_considered": 29,
     "reports_with_a_fix": 29,
     "search_radius_m": 111.0,
     "snr": 37.29,
     "length_m_approx": 37.4,
     "pixels": 14,
     "scene": "S1A_IW_GRDH_1SDV_20240410T225906_20240410T225931_053378_067942_A9AE_COG.SAFE"
    }
   }
  },
  {
   "type": "Feature",
   "geometry": {
    "type": "Point",
    "coordinates": [
     -74.7099045513611,
     38.95833228498907
    ]
   },
   "properties": {
    "kind": "unmatched",
    "domain": "sea",
    "t_start": "2024-04-10T22:59:06+00:00",
    "t_end": "2024-04-10T22:59:06+00:00",
    "duration_s": 0.0,
    "confidence": 0.753448275862069,
    "platform_ids": [],
    "evidence": {
     "sensor": "sentinel1-vv-cfar",
     "detector_confidence": 0.95,
     "detection_rate_this_pass": 0.793,
     "reports_considered": 29,
     "reports_with_a_fix": 29,
     "search_radius_m": 100.3,
     "snr": 20.54,
     "length_m_approx": 30.0,
     "pixels": 9,
     "scene": "S1A_IW_GRDH_1SDV_20240410T225906_20240410T225931_053378_067942_A9AE_COG.SAFE"
    }
   }
  },
  {
   "type": "Feature",
   "geometry": {
    "type": "Point",
    "coordinates": [
     -74.07125554712614,
     38.95840520128759
    ]
   },
   "properties": {
    "kind": "unmatched",
    "domain": "sea",
    "t_start": "2024-04-10T22:59:06+00:00",
    "t_end": "2024-04-10T22:59:06+00:00",
    "duration_s": 0.0,
    "confidence": 0.6146551724137932,
    "platform_ids": [],
    "evidence": {
     "sensor": "sentinel1-vv-cfar",
     "detector_confidence": 0.775,
     "detection_rate_this_pass": 0.793,
     "reports_considered": 29,
     "reports_with_a_fix": 29,
     "search_radius_m": 120.4,
     "snr": 15.5,
     "length_m_approx": 43.6,
     "pixels": 19,
     "scene": "S1A_IW_GRDH_1SDV_20240410T225906_20240410T225931_053378_067942_A9AE_COG.SAFE"
    }
   }
  },
  {
   "type": "Feature",
   "geometry": {
    "type": "Point",
    "coordinates": [
     -76.39103935973003,
     38.833771395313285
    ]
   },
   "properties": {
    "kind": "unmatched",
    "domain": "sea",
    "t_start": "2024-04-10T22:59:06+00:00",
    "t_end": "2024-04-10T22:59:06+00:00",
    "duration_s": 0.0,
    "confidence": 0.753448275862069,
    "platform_ids": [],
    "evidence": {
     "sensor": "sentinel1-vv-cfar",
     "detector_confidence": 0.95,
     "detection_rate_this_pass": 0.793,
     "reports_considered": 29,
     "reports_with_a_fix": 29,
     "search_radius_m": 150.7,
     "snr": 55.94,
     "length_m_approx": 59.2,
     "pixels": 35,
     "scene": "S1A_IW_GRDH_1SDV_20240410T225906_20240410T225931_053378_067942_A9AE_COG.SAFE"
    }
   }
  },
  {
   "type": "Feature",
   "geometry": {
    "type": "Point",
    "coordinates": [
     -76.44894919499598,
     38.86422956283477
    ]
   },
   "properties": {
    "kind": "unmatched",
    "domain": "sea",
    "t_start": "2024-04-10T22:59:06+00:00",
    "t_end": "2024-04-10T22:59:06+00:00",
    "duration_s": 0.0,
    "confidence": 0.753448275862069,
    "platform_ids": [],
    "evidence": {
     "sensor": "sentinel1-vv-cfar",
     "detector_confidence": 0.95,
     "detection_rate_this_pass": 0.793,
     "reports_considered": 29,
     "reports_with_a_fix": 29,
     "search_radius_m": 124.8,
     "snr": 48.25,
     "length_m_approx": 43.6,
     "pixels": 19,
     "scene": "S1A_IW_GRDH_1SDV_20240410T225906_20240410T225931_053378_067942_A9AE_COG.SAFE"
    }
   }
  },
  {
   "type": "Feature",
   "geometry": {
    "type": "Point",
    "coordinates": [
     -76.43521503138714,
     38.89902311326607
    ]
   },
   "properties": {
    "kind": "unmatched",
    "domain": "sea",
    "t_start": "2024-04-10T22:59:06+00:00",
    "t_end": "2024-04-10T22:59:06+00:00",
    "duration_s": 0.0,
    "confidence": 0.753448275862069,
    "platform_ids": [],
    "evidence": {
     "sensor": "sentinel1-vv-cfar",
     "detector_confidence": 0.95,
     "detection_rate_this_pass": 0.793,
     "reports_considered": 29,
     "reports_with_a_fix": 29,
     "search_radius_m": 166.7,
     "snr": 43.67,
     "length_m_approx": 46.9,
     "pixels": 22,
     "scene": "S1A_IW_GRDH_1SDV_20240410T225906_20240410T225931_053378_067942_A9AE_COG.SAFE"
    }
   }
  },
  {
   "type": "Feature",
   "geometry": {
    "type": "Point",
    "coordinates": [
     -76.39170729527524,
     38.866187001410225
    ]
   },
   "properties": {
    "kind": "unmatched",
    "domain": "sea",
    "t_start": "2024-04-10T22:59:06+00:00",
    "t_end": "2024-04-10T22:59:06+00:00",
    "duration_s": 0.0,
    "confidence": 0.753448275862069,
    "platform_ids": [],
    "evidence": {
     "sensor": "sentinel1-vv-cfar",
     "detector_confidence": 0.95,
     "detection_rate_this_pass": 0.793,
     "reports_considered": 29,
     "reports_with_a_fix": 29,
     "search_radius_m": 121.1,
     "snr": 38.22,
     "length_m_approx": 41.2,
     "pixels": 17,
     "scene": "S1A_IW_GRDH_1SDV_20240410T225906_20240410T225931_053378_067942_A9AE_COG.SAFE"
    }
   }
  },
  {
   "type": "Feature",
   "geometry": {
    "type": "Point",
    "coordinates": [
     -76.49811651506407,
     38.72639470809648
    ]
   },
   "properties": {
    "kind": "unmatched",
    "domain": "sea",
    "t_start": "2024-04-10T22:59:06+00:00",
    "t_end": "2024-04-10T22:59:06+00:00",
    "duration_s": 0.0,
    "confidence": 0.753448275862069,
    "platform_ids": [],
    "evidence": {
     "sensor": "sentinel1-vv-cfar",
     "detector_confidence": 0.95,
     "detection_rate_this_pass": 0.793,
     "reports_considered": 29,
     "reports_with_a_fix": 29,
     "search_radius_m": 108.6,
     "snr": 23.69,
     "length_m_approx": 31.6,
     "pixels": 10,
     "scene": "S1A_IW_GRDH_1SDV_20240410T225906_20240410T225931_053378_067942_A9AE_COG.SAFE"
    }
   }
  },
  {
   "type": "Feature",
   "geometry": {
    "type": "Point",
    "coordinates": [
     -76.39681402248551,
     38.907407311896286
    ]
   },
   "properties": {
    "kind": "unmatched",
    "domain": "sea",
    "t_start": "2024-04-10T22:59:06+00:00",
    "t_end": "2024-04-10T22:59:06+00:00",
    "duration_s": 0.0,
    "confidence": 0.753448275862069,
    "platform_ids": [],
    "evidence": {
     "sensor": "sentinel1-vv-cfar",
     "detector_confidence": 0.95,
     "detection_rate_this_pass": 0.793,
     "reports_considered": 29,
     "reports_with_a_fix": 29,
     "search_radius_m": 194.1,
     "snr": 20.05,
     "length_m_approx": 66.3,
     "pixels": 44,
     "scene": "S1A_IW_GRDH_1SDV_20240410T225906_20240410T225931_053378_067942_A9AE_COG.SAFE"
    }
   }
  },
  {
   "type": "Feature",
   "geometry": {
    "type": "Point",
    "coordinates": [
     -76.41082030376506,
     38.793267630994826
    ]
   },
   "properties": {
    "kind": "unmatched",
    "domain": "sea",
    "t_start": "2024-04-10T22:59:06+00:00",
    "t_end": "2024-04-10T22:59:06+00:00",
    "duration_s": 0.0,
    "confidence": 0.7312413793103449,
    "platform_ids": [],
    "evidence": {
     "sensor": "sentinel1-vv-cfar",
     "detector_confidence": 0.922,
     "detection_rate_this_pass": 0.793,
     "reports_considered": 29,
     "reports_with_a_fix": 29,
     "search_radius_m": 104.9,
     "snr": 18.44,
     "length_m_approx": 30.0,
     "pixels": 9,
     "scene": "S1A_IW_GRDH_1SDV_20240410T225906_20240410T225931_053378_067942_A9AE_COG.SAFE"
    }
   }
  },
  {
   "type": "Feature",
   "geometry": {
    "type": "Point",
    "coordinates": [
     -76.39246584836631,
     38.83332889655618
    ]
   },
   "properties": {
    "kind": "unmatched",
    "domain": "sea",
    "t_start": "2024-04-10T22:59:06+00:00",
    "t_end": "2024-04-10T22:59:06+00:00",
    "duration_s": 0.0,
    "confidence": 0.667,
    "platform_ids": [],
    "evidence": {
     "sensor": "sentinel1-vv-cfar",
     "detector_confidence": 0.841,
     "detection_rate_this_pass": 0.793,
     "reports_considered": 29,
     "reports_with_a_fix": 29,
     "search_radius_m": 102.9,
     "snr": 16.82,
     "length_m_approx": 28.3,
     "pixels": 8,
     "scene": "S1A_IW_GRDH_1SDV_20240410T225906_20240410T225931_053378_067942_A9AE_COG.SAFE"
    }
   }
  },
  {
   "type": "Feature",
   "geometry": {
    "type": "Point",
    "coordinates": [
     -76.48065555719062,
     38.870536421010215
    ]
   },
   "properties": {
    "kind": "unmatched",
    "domain": "sea",
    "t_start": "2024-04-10T22:59:06+00:00",
    "t_end": "2024-04-10T22:59:06+00:00",
    "duration_s": 0.0,
    "confidence": 0.6622413793103449,
    "platform_ids": [],
    "evidence": {
     "sensor": "sentinel1-vv-cfar",
     "detector_confidence": 0.835,
     "detection_rate_this_pass": 0.793,
     "reports_considered": 29,
     "reports_with_a_fix": 29,
     "search_radius_m": 102.9,
     "snr": 16.7,
     "length_m_approx": 28.3,
     "pixels": 8,
     "scene": "S1A_IW_GRDH_1SDV_20240410T225906_20240410T225931_053378_067942_A9AE_COG.SAFE"
    }
   }
  },
  {
   "type": "Feature",
   "geometry": {
    "type": "Point",
    "coordinates": [
     -76.47749287539091,
     38.86768394343841
    ]
   },
   "properties": {
    "kind": "unmatched",
    "domain": "sea",
    "t_start": "2024-04-10T22:59:06+00:00",
    "t_end": "2024-04-10T22:59:06+00:00",
    "duration_s": 0.0,
    "confidence": 0.6416206896551725,
    "platform_ids": [],
    "evidence": {
     "sensor": "sentinel1-vv-cfar",
     "detector_confidence": 0.809,
     "detection_rate_this_pass": 0.793,
     "reports_considered": 29,
     "reports_with_a_fix": 29,
     "search_radius_m": 100.6,
     "snr": 16.18,
     "length_m_approx": 26.5,
     "pixels": 7,
     "scene": "S1A_IW_GRDH_1SDV_20240410T225906_20240410T225931_053378_067942_A9AE_COG.SAFE"
    }
   }
  },
  {
   "type": "Feature",
   "geometry": {
    "type": "Point",
    "coordinates": [
     -76.49412117890537,
     38.76905110783126
    ]
   },
   "properties": {
    "kind": "unmatched",
    "domain": "sea",
    "t_start": "2024-04-10T22:59:06+00:00",
    "t_end": "2024-04-10T22:59:06+00:00",
    "duration_s": 0.0,
    "confidence": 0.6313103448275863,
    "platform_ids": [],
    "evidence": {
     "sensor": "sentinel1-vv-cfar",
     "detector_confidence": 0.796,
     "detection_rate_this_pass": 0.793,
     "reports_considered": 29,
     "reports_with_a_fix": 29,
     "search_radius_m": 112.6,
     "snr": 15.91,
     "length_m_approx": 34.6,
     "pixels": 12,
     "scene": "S1A_IW_GRDH_1SDV_20240410T225906_20240410T225931_053378_067942_A9AE_COG.SAFE"
    }
   }
  },
  {
   "type": "Feature",
   "geometry": {
    "type": "Point",
    "coordinates": [
     -76.41501839431295,
     38.88244072562118
    ]
   },
   "properties": {
    "kind": "unmatched",
    "domain": "sea",
    "t_start": "2024-04-10T22:59:06+00:00",
    "t_end": "2024-04-10T22:59:06+00:00",
    "duration_s": 0.0,
    "confidence": 0.626551724137931,
    "platform_ids": [],
    "evidence": {
     "sensor": "sentinel1-vv-cfar",
     "detector_confidence": 0.79,
     "detection_rate_this_pass": 0.793,
     "reports_considered": 29,
     "reports_with_a_fix": 29,
     "search_radius_m": 128.2,
     "snr": 15.81,
     "length_m_approx": 45.8,
     "pixels": 21,
     "scene": "S1A_IW_GRDH_1SDV_20240410T225906_20240410T225931_053378_067942_A9AE_COG.SAFE"
    }
   }
  },
  {
   "type": "Feature",
   "geometry": {
    "type": "Point",
    "coordinates": [
     -76.28904059862681,
     38.8689817058178
    ]
   },
   "properties": {
    "kind": "unmatched",
    "domain": "sea",
    "t_start": "2024-04-10T22:59:06+00:00",
    "t_end": "2024-04-10T22:59:06+00:00",
    "duration_s": 0.0,
    "confidence": 0.753448275862069,
    "platform_ids": [],
    "evidence": {
     "sensor": "sentinel1-vv-cfar",
     "detector_confidence": 0.95,
     "detection_rate_this_pass": 0.793,
     "reports_considered": 29,
     "reports_with_a_fix": 29,
     "search_radius_m": 174.4,
     "snr": 48.22,
     "length_m_approx": 72.1,
     "pixels": 52,
     "scene": "S1A_IW_GRDH_1SDV_20240410T225906_20240410T225931_053378_067942_A9AE_COG.SAFE"
    }
   }
  },
  {
   "type": "Feature",
   "geometry": {
    "type": "Point",
    "coordinates": [
     -76.22943155275607,
     38.90049446722618
    ]
   },
   "properties": {
    "kind": "unmatched",
    "domain": "sea",
    "t_start": "2024-04-10T22:59:06+00:00",
    "t_end": "2024-04-10T22:59:06+00:00",
    "duration_s": 0.0,
    "confidence": 0.753448275862069,
    "platform_ids": [],
    "evidence": {
     "sensor": "sentinel1-vv-cfar",
     "detector_confidence": 0.95,
     "detection_rate_this_pass": 0.793,
     "reports_considered": 29,
     "reports_with_a_fix": 29,
     "search_radius_m": 107.0,
     "snr": 32.5,
     "length_m_approx": 31.6,
     "pixels": 10,
     "scene": "S1A_IW_GRDH_1SDV_20240410T225906_20240410T225931_053378_067942_A9AE_COG.SAFE"
    }
   }
  },
  {
   "type": "Feature",
   "geometry": {
    "type": "Point",
    "coordinates": [
     -76.32523717201298,
     38.90098678826477
    ]
   },
   "properties": {
    "kind": "unmatched",
    "domain": "sea",
    "t_start": "2024-04-10T22:59:06+00:00",
    "t_end": "2024-04-10T22:59:06+00:00",
    "duration_s": 0.0,
    "confidence": 0.753448275862069,
    "platform_ids": [],
    "evidence": {
     "sensor": "sentinel1-vv-cfar",
     "detector_confidence": 0.95,
     "detection_rate_this_pass": 0.793,
     "reports_considered": 29,
     "reports_with_a_fix": 29,
     "search_radius_m": 113.2,
     "snr": 23.39,
     "length_m_approx": 36.1,
     "pixels": 13,
     "scene": "S1A_IW_GRDH_1SDV_20240410T225906_20240410T225931_053378_067942_A9AE_COG.SAFE"
    }
   }
  },
  {
   "type": "Feature",
   "geometry": {
    "type": "Point",
    "coordinates": [
     -76.23898328074334,
     38.934336933986636
    ]
   },
   "properties": {
    "kind": "unmatched",
    "domain": "sea",
    "t_start": "2024-04-10T22:59:06+00:00",
    "t_end": "2024-04-10T22:59:06+00:00",
    "duration_s": 0.0,
    "confidence": 0.753448275862069,
    "platform_ids": [],
    "evidence": {
     "sensor": "sentinel1-vv-cfar",
     "detector_confidence": 0.95,
     "detection_rate_this_pass": 0.793,
     "reports_considered": 29,
     "reports_with_a_fix": 29,
     "search_radius_m": 148.1,
     "snr": 20.62,
     "length_m_approx": 30.0,
     "pixels": 9,
     "scene": "S1A_IW_GRDH_1SDV_20240410T225906_20240410T225931_053378_067942_A9AE_COG.SAFE"
    }
   }
  },
  {
   "type": "Feature",
   "geometry": {
    "type": "Point",
    "coordinates": [
     -76.2358791553085,
     38.9197845312014
    ]
   },
   "properties": {
    "kind": "unmatched",
    "domain": "sea",
    "t_start": "2024-04-10T22:59:06+00:00",
    "t_end": "2024-04-10T22:59:06+00:00",
    "duration_s": 0.0,
    "confidence": 0.7090344827586207,
    "platform_ids": [],
    "evidence": {
     "sensor": "sentinel1-vv-cfar",
     "detector_confidence": 0.894,
     "detection_rate_this_pass": 0.793,
     "reports_considered": 29,
     "reports_with_a_fix": 29,
     "search_radius_m": 148.1,
     "snr": 17.88,
     "length_m_approx": 30.0,
     "pixels": 9,
     "scene": "S1A_IW_GRDH_1SDV_20240410T225906_20240410T225931_053378_067942_A9AE_COG.SAFE"
    }
   }
  },
  {
   "type": "Feature",
   "geometry": {
    "type": "Point",
    "coordinates": [
     -75.18172803293626,
     39.048313657183684
    ]
   },
   "properties": {
    "kind": "unmatched",
    "domain": "sea",
    "t_start": "2024-04-10T22:59:06+00:00",
    "t_end": "2024-04-10T22:59:06+00:00",
    "duration_s": 0.0,
    "confidence": 0.753448275862069,
    "platform_ids": [],
    "evidence": {
     "sensor": "sentinel1-vv-cfar",
     "detector_confidence": 0.95,
     "detection_rate_this_pass": 0.793,
     "reports_considered": 29,
     "reports_with_a_fix": 29,
     "search_radius_m": 162.2,
     "snr": 142.08,
     "length_m_approx": 67.1,
     "pixels": 45,
     "scene": "S1A_IW_GRDH_1SDV_20240410T225906_20240410T225931_053378_067942_A9AE_COG.SAFE"
    }
   }
  },
  {
   "type": "Feature",
   "geometry": {
    "type": "Point",
    "coordinates": [
     -75.22119891978889,
     38.976683053731286
    ]
   },
   "properties": {
    "kind": "unmatched",
    "domain": "sea",
    "t_start": "2024-04-10T22:59:06+00:00",
    "t_end": "2024-04-10T22:59:06+00:00",
    "duration_s": 0.0,
    "confidence": 0.753448275862069,
    "platform_ids": [],
    "evidence": {
     "sensor": "sentinel1-vv-cfar",
     "detector_confidence": 0.95,
     "detection_rate_this_pass": 0.793,
     "reports_considered": 29,
     "reports_with_a_fix": 29,
     "search_radius_m": 111.4,
     "snr": 39.96,
     "length_m_approx": 37.4,
     "pixels": 14,
     "scene": "S1A_IW_GRDH_1SDV_20240410T225906_20240410T225931_053378_067942_A9AE_COG.SAFE"
    }
   }
  },
  {
   "type": "Feature",
   "geometry": {
    "type": "Point",
    "coordinates": [
     -75.17785935531101,
     38.96110833767444
    ]
   },
   "properties": {
    "kind": "unmatched",
    "domain": "sea",
    "t_start": "2024-04-10T22:59:06+00:00",
    "t_end": "2024-04-10T22:59:06+00:00",
    "duration_s": 0.0,
    "confidence": 0.753448275862069,
    "platform_ids": [],
    "evidence": {
     "sensor": "sentinel1-vv-cfar",
     "detector_confidence": 0.95,
     "detection_rate_this_pass": 0.793,
     "reports_considered": 29,
     "reports_with_a_fix": 29,
     "search_radius_m": 121.1,
     "snr": 36.51,
     "length_m_approx": 43.6,
     "pixels": 19,
     "scene": "S1A_IW_GRDH_1SDV_20240410T225906_20240410T225931_053378_067942_A9AE_COG.SAFE"
    }
   }
  },
  {
   "type": "Feature",
   "geometry": {
    "type": "Point",
    "coordinates": [
     -75.22267838944528,
     39.022934461630314
    ]
   },
   "properties": {
    "kind": "unmatched",
    "domain": "sea",
    "t_start": "2024-04-10T22:59:06+00:00",
    "t_end": "2024-04-10T22:59:06+00:00",
    "duration_s": 0.0,
    "confidence": 0.753448275862069,
    "platform_ids": [],
    "evidence": {
     "sensor": "sentinel1-vv-cfar",
     "detector_confidence": 0.95,
     "detection_rate_this_pass": 0.793,
     "reports_considered": 29,
     "reports_with_a_fix": 29,
     "search_radius_m": 107.0,
     "snr": 25.73,
     "length_m_approx": 34.6,
     "pixels": 12,
     "scene": "S1A_IW_GRDH_1SDV_20240410T225906_20240410T225931_053378_067942_A9AE_COG.SAFE"
    }
   }
  },
  {
   "type": "Feature",
   "geometry": {
    "type": "Point",
    "coordinates": [
     -75.22279192775957,
     39.023298572004364
    ]
   },
   "properties": {
    "kind": "unmatched",
    "domain": "sea",
    "t_start": "2024-04-10T22:59:06+00:00",
    "t_end": "2024-04-10T22:59:06+00:00",
    "duration_s": 0.0,
    "confidence": 0.753448275862069,
    "platform_ids": [],
    "evidence": {
     "sensor": "sentinel1-vv-cfar",
     "detector_confidence": 0.95,
     "detection_rate_this_pass": 0.793,
     "reports_considered": 29,
     "reports_with_a_fix": 29,
     "search_radius_m": 100.6,
     "snr": 22.29,
     "length_m_approx": 30.0,
     "pixels": 9,
     "scene": "S1A_IW_GRDH_1SDV_20240410T225906_20240410T225931_053378_067942_A9AE_COG.SAFE"
    }
   }
  },
  {
   "type": "Feature",
   "geometry": {
    "type": "Point",
    "coordinates": [
     -75.20417657011589,
     39.0017272349154
    ]
   },
   "properties": {
    "kind": "unmatched",
    "domain": "sea",
    "t_start": "2024-04-10T22:59:06+00:00",
    "t_end": "2024-04-10T22:59:06+00:00",
    "duration_s": 0.0,
    "confidence": 0.753448275862069,
    "platform_ids": [],
    "evidence": {
     "sensor": "sentinel1-vv-cfar",
     "detector_confidence": 0.95,
     "detection_rate_this_pass": 0.793,
     "reports_considered": 29,
     "reports_with_a_fix": 29,
     "search_radius_m": 102.9,
     "snr": 21.45,
     "length_m_approx": 31.6,
     "pixels": 10,
     "scene": "S1A_IW_GRDH_1SDV_20240410T225906_20240410T225931_053378_067942_A9AE_COG.SAFE"
    }
   }
  },
  {
   "type": "Feature",
   "geometry": {
    "type": "Point",
    "coordinates": [
     -75.11257514651436,
     38.985989943568214
    ]
   },
   "properties": {
    "kind": "unmatched",
    "domain": "sea",
    "t_start": "2024-04-10T22:59:06+00:00",
    "t_end": "2024-04-10T22:59:06+00:00",
    "duration_s": 0.0,
    "confidence": 0.753448275862069,
    "platform_ids": [],
    "evidence": {
     "sensor": "sentinel1-vv-cfar",
     "detector_confidence": 0.95,
     "detection_rate_this_pass": 0.793,
     "reports_considered": 29,
     "reports_with_a_fix": 29,
     "search_radius_m": 262.1,
     "snr": 45.62,
     "length_m_approx": 117.9,
     "pixels": 139,
     "scene": "S1A_IW_GRDH_1SDV_20240410T225906_20240410T225931_053378_067942_A9AE_COG.SAFE"
    }
   }
  },
  {
   "type": "Feature",
   "geometry": {
    "type": "Point",
    "coordinates": [
     -75.10446902696046,
     38.940772527249365
    ]
   },
   "properties": {
    "kind": "unmatched",
    "domain": "sea",
    "t_start": "2024-04-10T22:59:06+00:00",
    "t_end": "2024-04-10T22:59:06+00:00",
    "duration_s": 0.0,
    "confidence": 0.753448275862069,
    "platform_ids": [],
    "evidence": {
     "sensor": "sentinel1-vv-cfar",
     "detector_confidence": 0.95,
     "detection_rate_this_pass": 0.793,
     "reports_considered": 29,
     "reports_with_a_fix": 29,
     "search_radius_m": 111.4,
     "snr": 38.48,
     "length_m_approx": 37.4,
     "pixels": 14,
     "scene": "S1A_IW_GRDH_1SDV_20240410T225906_20240410T225931_053378_067942_A9AE_COG.SAFE"
    }
   }
  },
  {
   "type": "Feature",
   "geometry": {
    "type": "Point",
    "coordinates": [
     -74.97275144382868,
     39.0092382092305
    ]
   },
   "properties": {
    "kind": "unmatched",
    "domain": "sea",
    "t_start": "2024-04-10T22:59:06+00:00",
    "t_end": "2024-04-10T22:59:06+00:00",
    "duration_s": 0.0,
    "confidence": 0.753448275862069,
    "platform_ids": [],
    "evidence": {
     "sensor": "sentinel1-vv-cfar",
     "detector_confidence": 0.95,
     "detection_rate_this_pass": 0.793,
     "reports_considered": 29,
     "reports_with_a_fix": 29,
     "search_radius_m": 152.1,
     "snr": 29.31,
     "length_m_approx": 61.6,
     "pixels": 38,
     "scene": "S1A_IW_GRDH_1SDV_20240410T225906_20240410T225931_053378_067942_A9AE_COG.SAFE"
    }
   }
  },
  {
   "type": "Feature",
   "geometry": {
    "type": "Point",
    "coordinates": [
     -75.09867335158692,
     38.92135389906789
    ]
   },
   "properties": {
    "kind": "unmatched",
    "domain": "sea",
    "t_start": "2024-04-10T22:59:06+00:00",
    "t_end": "2024-04-10T22:59:06+00:00",
    "duration_s": 0.0,
    "confidence": 0.753448275862069,
    "platform_ids": [],
    "evidence": {
     "sensor": "sentinel1-vv-cfar",
     "detector_confidence": 0.95,
     "detection_rate_this_pass": 0.793,
     "reports_considered": 29,
     "reports_with_a_fix": 29,
     "search_radius_m": 113.2,
     "snr": 20.46,
     "length_m_approx": 38.7,
     "pixels": 15,
     "scene": "S1A_IW_GRDH_1SDV_20240410T225906_20240410T225931_053378_067942_A9AE_COG.SAFE"
    }
   }
  },
  {
   "type": "Feature",
   "geometry": {
    "type": "Point",
    "coordinates": [
     -75.01203096476776,
     38.9419081730576
    ]
   },
   "properties": {
    "kind": "unmatched",
    "domain": "sea",
    "t_start": "2024-04-10T22:59:06+00:00",
    "t_end": "2024-04-10T22:59:06+00:00",
    "duration_s": 0.0,
    "confidence": 0.6003793103448276,
    "platform_ids": [],
    "evidence": {
     "sensor": "sentinel1-vv-cfar",
     "detector_confidence": 0.757,
     "detection_rate_this_pass": 0.793,
     "reports_considered": 29,
     "reports_with_a_fix": 29,
     "search_radius_m": 96.2,
     "snr": 15.13,
     "length_m_approx": 26.5,
     "pixels": 7,
     "scene": "S1A_IW_GRDH_1SDV_20240410T225906_20240410T225931_053378_067942_A9AE_COG.SAFE"
    }
   }
  },
  {
   "type": "Feature",
   "geometry": {
    "type": "Point",
    "coordinates": [
     -74.48501341863165,
     39.165200475361175
    ]
   },
   "properties": {
    "kind": "unmatched",
    "domain": "sea",
    "t_start": "2024-04-10T22:59:06+00:00",
    "t_end": "2024-04-10T22:59:06+00:00",
    "duration_s": 0.0,
    "confidence": 0.753448275862069,
    "platform_ids": [],
    "evidence": {
     "sensor": "sentinel1-vv-cfar",
     "detector_confidence": 0.95,
     "detection_rate_this_pass": 0.793,
     "reports_considered": 29,
     "reports_with_a_fix": 29,
     "search_radius_m": 123.1,
     "snr": 69.05,
     "length_m_approx": 42.4,
     "pixels": 18,
     "scene": "S1A_IW_GRDH_1SDV_20240410T225906_20240410T225931_053378_067942_A9AE_COG.SAFE"
    }
   }
  },
  {
   "type": "Feature",
   "geometry": {
    "type": "Point",
    "coordinates": [
     -74.48324818043868,
     39.16688161838302
    ]
   },
   "properties": {
    "kind": "unmatched",
    "domain": "sea",
    "t_start": "2024-04-10T22:59:06+00:00",
    "t_end": "2024-04-10T22:59:06+00:00",
    "duration_s": 0.0,
    "confidence": 0.753448275862069,
    "platform_ids": [],
    "evidence": {
     "sensor": "sentinel1-vv-cfar",
     "detector_confidence": 0.95,
     "detection_rate_this_pass": 0.793,
     "reports_considered": 29,
     "reports_with_a_fix": 29,
     "search_radius_m": 132.0,
     "snr": 55.63,
     "length_m_approx": 48.0,
     "pixels": 23,
     "scene": "S1A_IW_GRDH_1SDV_20240410T225906_20240410T225931_053378_067942_A9AE_COG.SAFE"
    }
   }
  },
  {
   "type": "Feature",
   "geometry": {
    "type": "Point",
    "coordinates": [
     -74.56525148121828,
     39.08962039699952
    ]
   },
   "properties": {
    "kind": "unmatched",
    "domain": "sea",
    "t_start": "2024-04-10T22:59:06+00:00",
    "t_end": "2024-04-10T22:59:06+00:00",
    "duration_s": 0.0,
    "confidence": 0.753448275862069,
    "platform_ids": [],
    "evidence": {
     "sensor": "sentinel1-vv-cfar",
     "detector_confidence": 0.95,
     "detection_rate_this_pass": 0.793,
     "reports_considered": 29,
     "reports_with_a_fix": 29,
     "search_radius_m": 115.2,
     "snr": 44.36,
     "length_m_approx": 40.0,
     "pixels": 16,
     "scene": "S1A_IW_GRDH_1SDV_20240410T225906_20240410T225931_053378_067942_A9AE_COG.SAFE"
    }
   }
  },
  {
   "type": "Feature",
   "geometry": {
    "type": "Point",
    "coordinates": [
     -74.63551132529423,
     39.12111462007378
    ]
   },
   "properties": {
    "kind": "unmatched",
    "domain": "sea",
    "t_start": "2024-04-10T22:59:06+00:00",
    "t_end": "2024-04-10T22:59:06+00:00",
    "duration_s": 0.0,
    "confidence": 0.753448275862069,
    "platform_ids": [],
    "evidence": {
     "sensor": "sentinel1-vv-cfar",
     "detector_confidence": 0.95,
     "detection_rate_this_pass": 0.793,
     "reports_considered": 29,
     "reports_with_a_fix": 29,
     "search_radius_m": 108.9,
     "snr": 28.93,
     "length_m_approx": 36.1,
     "pixels": 13,
     "scene": "S1A_IW_GRDH_1SDV_20240410T225906_20240410T225931_053378_067942_A9AE_COG.SAFE"
    }
   }
  },
  {
   "type": "Feature",
   "geometry": {
    "type": "Point",
    "coordinates": [
     -74.2365244311337,
     39.13832395901195
    ]
   },
   "properties": {
    "kind": "unmatched",
    "domain": "sea",
    "t_start": "2024-04-10T22:59:06+00:00",
    "t_end": "2024-04-10T22:59:06+00:00",
    "duration_s": 0.0,
    "confidence": 0.701896551724138,
    "platform_ids": [],
    "evidence": {
     "sensor": "sentinel1-vv-cfar",
     "detector_confidence": 0.885,
     "detection_rate_this_pass": 0.793,
     "reports_considered": 29,
     "reports_with_a_fix": 29,
     "search_radius_m": 122.7,
     "snr": 17.7,
     "length_m_approx": 44.7,
     "pixels": 20,
     "scene": "S1A_IW_GRDH_1SDV_20240410T225906_20240410T225931_053378_067942_A9AE_COG.SAFE"
    }
   }
  },
  {
   "type": "Feature",
   "geometry": {
    "type": "Point",
    "coordinates": [
     -76.39838395860723,
     39.05920810927708
    ]
   },
   "properties": {
    "kind": "unmatched",
    "domain": "sea",
    "t_start": "2024-04-10T22:59:06+00:00",
    "t_end": "2024-04-10T22:59:06+00:00",
    "duration_s": 0.0,
    "confidence": 0.753448275862069,
    "platform_ids": [],
    "evidence": {
     "sensor": "sentinel1-vv-cfar",
     "detector_confidence": 0.95,
     "detection_rate_this_pass": 0.793,
     "reports_considered": 29,
     "reports_with_a_fix": 29,
     "search_radius_m": 167.9,
     "snr": 130.56,
     "length_m_approx": 48.0,
     "pixels": 23,
     "scene": "S1A_IW_GRDH_1SDV_20240410T225906_20240410T225931_053378_067942_A9AE_COG.SAFE"
    }
   }
  },
  {
   "type": "Feature",
   "geometry": {
    "type": "Point",
    "coordinates": [
     -76.40796495261807,
     38.98048701455359
    ]
   },
   "properties": {
    "kind": "unmatched",
    "domain": "sea",
    "t_start": "2024-04-10T22:59:06+00:00",
    "t_end": "2024-04-10T22:59:06+00:00",
    "duration_s": 0.0,
    "confidence": 0.753448275862069,
    "platform_ids": [],
    "evidence": {
     "sensor": "sentinel1-vv-cfar",
     "detector_confidence": 0.95,
     "detection_rate_this_pass": 0.793,
     "reports_considered": 29,
     "reports_with_a_fix": 29,
     "search_radius_m": 222.2,
     "snr": 109.03,
     "length_m_approx": 83.7,
     "pixels": 70,
     "scene": "S1A_IW_GRDH_1SDV_20240410T225906_20240410T225931_053378_067942_A9AE_COG.SAFE"
    }
   }
  },
  {
   "type": "Feature",
   "geometry": {
    "type": "Point",
    "coordinates": [
     -76.38146804813161,
     38.93544879138253
    ]
   },
   "properties": {
    "kind": "unmatched",
    "domain": "sea",
    "t_start": "2024-04-10T22:59:06+00:00",
    "t_end": "2024-04-10T22:59:06+00:00",
    "duration_s": 0.0,
    "confidence": 0.753448275862069,
    "platform_ids": [],
    "evidence": {
     "sensor": "sentinel1-vv-cfar",
     "detector_confidence": 0.95,
     "detection_rate_this_pass": 0.793,
     "reports_considered": 29,
     "reports_with_a_fix": 29,
     "search_radius_m": 165.2,
     "snr": 48.72,
     "length_m_approx": 45.8,
     "pixels": 21,
     "scene": "S1A_IW_GRDH_1SDV_20240410T225906_20240410T225931_053378_067942_A9AE_COG.SAFE"
    }
   }
  },
  {
   "type": "Feature",
   "geometry": {
    "type": "Point",
    "coordinates": [
     -76.3839898006623,
     39.01595499951297
    ]
   },
   "properties": {
    "kind": "unmatched",
    "domain": "sea",
    "t_start": "2024-04-10T22:59:06+00:00",
    "t_end": "2024-04-10T22:59:06+00:00",
    "duration_s": 0.0,
    "confidence": 0.753448275862069,
    "platform_ids": [],
    "evidence": {
     "sensor": "sentinel1-vv-cfar",
     "detector_confidence": 0.95,
     "detection_rate_this_pass": 0.793,
     "reports_considered": 29,
     "reports_with_a_fix": 29,
     "search_radius_m": 162.6,
     "snr": 44.29,
     "length_m_approx": 43.6,
     "pixels": 19,
     "scene": "S1A_IW_GRDH_1SDV_20240410T225906_20240410T225931_053378_067942_A9AE_COG.SAFE"
    }
   }
  },
  {
   "type": "Feature",
   "geometry": {
    "type": "Point",
    "coordinates": [
     -76.3782717279395,
     39.00731259483078
    ]
   },
   "properties": {
    "kind": "unmatched",
    "domain": "sea",
    "t_start": "2024-04-10T22:59:06+00:00",
    "t_end": "2024-04-10T22:59:06+00:00",
    "duration_s": 0.0,
    "confidence": 0.753448275862069,
    "platform_ids": [],
    "evidence": {
     "sensor": "sentinel1-vv-cfar",
     "detector_confidence": 0.95,
     "detection_rate_this_pass": 0.793,
     "reports_considered": 29,
     "reports_with_a_fix": 29,
     "search_radius_m": 158.5,
     "snr": 37.38,
     "length_m_approx": 40.0,
     "pixels": 16,
     "scene": "S1A_IW_GRDH_1SDV_20240410T225906_20240410T225931_053378_067942_A9AE_COG.SAFE"
    }
   }
  },
  {
   "type": "Feature",
   "geometry": {
    "type": "Point",
    "coordinates": [
     -76.38535877797926,
     39.05171421555332
    ]
   },
   "properties": {
    "kind": "unmatched",
    "domain": "sea",
    "t_start": "2024-04-10T22:59:06+00:00",
    "t_end": "2024-04-10T22:59:06+00:00",
    "duration_s": 0.0,
    "confidence": 0.753448275862069,
    "platform_ids": [],
    "evidence": {
     "sensor": "sentinel1-vv-cfar",
     "detector_confidence": 0.95,
     "detection_rate_this_pass": 0.793,
     "reports_considered": 29,
     "reports_with_a_fix": 29,
     "search_radius_m": 149.6,
     "snr": 28.08,
     "length_m_approx": 31.6,
     "pixels": 10,
     "scene": "S1A_IW_GRDH_1SDV_20240410T225906_20240410T225931_053378_067942_A9AE_COG.SAFE"
    }
   }
  },
  {
   "type": "Feature",
   "geometry": {
    "type": "Point",
    "coordinates": [
     -76.3773835853221,
     39.023077115173365
    ]
   },
   "properties": {
    "kind": "unmatched",
    "domain": "sea",
    "t_start": "2024-04-10T22:59:06+00:00",
    "t_end": "2024-04-10T22:59:06+00:00",
    "duration_s": 0.0,
    "confidence": 0.753448275862069,
    "platform_ids": [],
    "evidence": {
     "sensor": "sentinel1-vv-cfar",
     "detector_confidence": 0.95,
     "detection_rate_this_pass": 0.793,
     "reports_considered": 29,
     "reports_with_a_fix": 29,
     "search_radius_m": 154.0,
     "snr": 27.72,
     "length_m_approx": 36.1,
     "pixels": 13,
     "scene": "S1A_IW_GRDH_1SDV_20240410T225906_20240410T225931_053378_067942_A9AE_COG.SAFE"
    }
   }
  },
  {
   "type": "Feature",
   "geometry": {
    "type": "Point",
    "coordinates": [
     -76.39179150048083,
     38.93270283894135
    ]
   },
   "properties": {
    "kind": "unmatched",
    "domain": "sea",
    "t_start": "2024-04-10T22:59:06+00:00",
    "t_end": "2024-04-10T22:59:06+00:00",
    "duration_s": 0.0,
    "confidence": 0.753448275862069,
    "platform_ids": [],
    "evidence": {
     "sensor": "sentinel1-vv-cfar",
     "detector_confidence": 0.95,
     "detection_rate_this_pass": 0.793,
     "reports_considered": 29,
     "reports_with_a_fix": 29,
     "search_radius_m": 149.6,
     "snr": 27.7,
     "length_m_approx": 31.6,
     "pixels": 10,
     "scene": "S1A_IW_GRDH_1SDV_20240410T225906_20240410T225931_053378_067942_A9AE_COG.SAFE"
    }
   }
  },
  {
   "type": "Feature",
   "geometry": {
    "type": "Point",
    "coordinates": [
     -76.37409169744488,
     39.023707059532825
    ]
   },
   "properties": {
    "kind": "unmatched",
    "domain": "sea",
    "t_start": "2024-04-10T22:59:06+00:00",
    "t_end": "2024-04-10T22:59:06+00:00",
    "duration_s": 0.0,
    "confidence": 0.753448275862069,
    "platform_ids": [],
    "evidence": {
     "sensor": "sentinel1-vv-cfar",
     "detector_confidence": 0.95,
     "detection_rate_this_pass": 0.793,
     "reports_considered": 29,
     "reports_with_a_fix": 29,
     "search_radius_m": 151.0,
     "snr": 27.57,
     "length_m_approx": 33.2,
     "pixels": 11,
     "scene": "S1A_IW_GRDH_1SDV_20240410T225906_20240410T225931_053378_067942_A9AE_COG.SAFE"
    }
   }
  },
  {
   "type": "Feature",
   "geometry": {
    "type": "Point",
    "coordinates": [
     -76.40585254415694,
     39.10200622400477
    ]
   },
   "properties": {
    "kind": "unmatched",
    "domain": "sea",
    "t_start": "2024-04-10T22:59:06+00:00",
    "t_end": "2024-04-10T22:59:06+00:00",
    "duration_s": 0.0,
    "confidence": 0.753448275862069,
    "platform_ids": [],
    "evidence": {
     "sensor": "sentinel1-vv-cfar",
     "detector_confidence": 0.95,
     "detection_rate_this_pass": 0.793,
     "reports_considered": 29,
     "reports_with_a_fix": 29,
     "search_radius_m": 154.0,
     "snr": 23.87,
     "length_m_approx": 36.1,
     "pixels": 13,
     "scene": "S1A_IW_GRDH_1SDV_20240410T225906_20240410T225931_053378_067942_A9AE_COG.SAFE"
    }
   }
  },
  {
   "type": "Feature",
   "geometry": {
    "type": "Point",
    "coordinates": [
     -76.3721829869943,
     38.9812252626853
    ]
   },
   "properties": {
    "kind": "unmatched",
    "domain": "sea",
    "t_start": "2024-04-10T22:59:06+00:00",
    "t_end": "2024-04-10T22:59:06+00:00",
    "duration_s": 0.0,
    "confidence": 0.753448275862069,
    "platform_ids": [],
    "evidence": {
     "sensor": "sentinel1-vv-cfar",
     "detector_confidence": 0.95,
     "detection_rate_this_pass": 0.793,
     "reports_considered": 29,
     "reports_with_a_fix": 29,
     "search_radius_m": 157.0,
     "snr": 23.86,
     "length_m_approx": 38.7,
     "pixels": 15,
     "scene": "S1A_IW_GRDH_1SDV_20240410T225906_20240410T225931_053378_067942_A9AE_COG.SAFE"
    }
   }
  },
  {
   "type": "Feature",
   "geometry": {
    "type": "Point",
    "coordinates": [
     -76.37994527040475,
     39.03767346522537
    ]
   },
   "properties": {
    "kind": "unmatched",
    "domain": "sea",
    "t_start": "2024-04-10T22:59:06+00:00",
    "t_end": "2024-04-10T22:59:06+00:00",
    "duration_s": 0.0,
    "confidence": 0.753448275862069,
    "platform_ids": [],
    "evidence": {
     "sensor": "sentinel1-vv-cfar",
     "detector_confidence": 0.95,
     "detection_rate_this_pass": 0.793,
     "reports_considered": 29,
     "reports_with_a_fix": 29,
     "search_radius_m": 148.1,
     "snr": 23.26,
     "length_m_approx": 30.0,
     "pixels": 9,
     "scene": "S1A_IW_GRDH_1SDV_20240410T225906_20240410T225931_053378_067942_A9AE_COG.SAFE"
    }
   }
  },
  {
   "type": "Feature",
   "geometry": {
    "type": "Point",
    "coordinates": [
     -76.39523237884536,
     39.086473954371144
    ]
   },
   "properties": {
    "kind": "unmatched",
    "domain": "sea",
    "t_start": "2024-04-10T22:59:06+00:00",
    "t_end": "2024-04-10T22:59:06+00:00",
    "duration_s": 0.0,
    "confidence": 0.753448275862069,
    "platform_ids": [],
    "evidence": {
     "sensor": "sentinel1-vv-cfar",
     "detector_confidence": 0.95,
     "detection_rate_this_pass": 0.793,
     "reports_considered": 29,
     "reports_with_a_fix": 29,
     "search_radius_m": 151.0,
     "snr": 23.19,
     "length_m_approx": 33.2,
     "pixels": 11,
     "scene": "S1A_IW_GRDH_1SDV_20240410T225906_20240410T225931_053378_067942_A9AE_COG.SAFE"
    }
   }
  },
  {
   "type": "Feature",
   "geometry": {
    "type": "Point",
    "coordinates": [
     -76.46243649485234,
     38.96594737556212
    ]
   },
   "properties": {
    "kind": "unmatched",
    "domain": "sea",
    "t_start": "2024-04-10T22:59:06+00:00",
    "t_end": "2024-04-10T22:59:06+00:00",
    "duration_s": 0.0,
    "confidence": 0.753448275862069,
    "platform_ids": [],
    "evidence": {
     "sensor": "sentinel1-vv-cfar",
     "detector_confidence": 0.95,
     "detection_rate_this_pass": 0.793,
     "reports_considered": 29,
     "reports_with_a_fix": 29,
     "search_radius_m": 154.0,
     "snr": 19.25,
     "length_m_approx": 36.1,
     "pixels": 13,
     "scene": "S1A_IW_GRDH_1SDV_20240410T225906_20240410T225931_053378_067942_A9AE_COG.SAFE"
    }
   }
  },
  {
   "type": "Feature",
   "geometry": {
    "type": "Point",
    "coordinates": [
     -76.38802291125855,
     38.9717516036347
    ]
   },
   "properties": {
    "kind": "unmatched",
    "domain": "sea",
    "t_start": "2024-04-10T22:59:06+00:00",
    "t_end": "2024-04-10T22:59:06+00:00",
    "duration_s": 0.0,
    "confidence": 0.7256896551724138,
    "platform_ids": [],
    "evidence": {
     "sensor": "sentinel1-vv-cfar",
     "detector_confidence": 0.915,
     "detection_rate_this_pass": 0.793,
     "reports_considered": 29,
     "reports_with_a_fix": 29,
     "search_radius_m": 148.1,
     "snr": 18.29,
     "length_m_approx": 30.0,
     "pixels": 9,
     "scene": "S1A_IW_GRDH_1SDV_20240410T225906_20240410T225931_053378_067942_A9AE_COG.SAFE"
    }
   }
  },
  {
   "type": "Feature",
   "geometry": {
    "type": "Point",
    "coordinates": [
     -76.38745930462318,
     38.98293950755195
    ]
   },
   "properties": {
    "kind": "unmatched",
    "domain": "sea",
    "t_start": "2024-04-10T22:59:06+00:00",
    "t_end": "2024-04-10T22:59:06+00:00",
    "duration_s": 0.0,
    "confidence": 0.661448275862069,
    "platform_ids": [],
    "evidence": {
     "sensor": "sentinel1-vv-cfar",
     "detector_confidence": 0.834,
     "detection_rate_this_pass": 0.793,
     "reports_considered": 29,
     "reports_with_a_fix": 29,
     "search_radius_m": 149.6,
     "snr": 16.67,
     "length_m_approx": 31.6,
     "pixels": 10,
     "scene": "S1A_IW_GRDH_1SDV_20240410T225906_20240410T225931_053378_067942_A9AE_COG.SAFE"
    }
   }
  },
  {
   "type": "Feature",
   "geometry": {
    "type": "Point",
    "coordinates": [
     -76.3907040045411,
     39.06583357508449
    ]
   },
   "properties": {
    "kind": "unmatched",
    "domain": "sea",
    "t_start": "2024-04-10T22:59:06+00:00",
    "t_end": "2024-04-10T22:59:06+00:00",
    "duration_s": 0.0,
    "confidence": 0.6519310344827586,
    "platform_ids": [],
    "evidence": {
     "sensor": "sentinel1-vv-cfar",
     "detector_confidence": 0.822,
     "detection_rate_this_pass": 0.793,
     "reports_considered": 29,
     "reports_with_a_fix": 29,
     "search_radius_m": 144.8,
     "snr": 16.44,
     "length_m_approx": 26.5,
     "pixels": 7,
     "scene": "S1A_IW_GRDH_1SDV_20240410T225906_20240410T225931_053378_067942_A9AE_COG.SAFE"
    }
   }
  },
  {
   "type": "Feature",
   "geometry": {
    "type": "Point",
    "coordinates": [
     -76.28978395071834,
     39.05405262276979
    ]
   },
   "properties": {
    "kind": "unmatched",
    "domain": "sea",
    "t_start": "2024-04-10T22:59:06+00:00",
    "t_end": "2024-04-10T22:59:06+00:00",
    "duration_s": 0.0,
    "confidence": 0.753448275862069,
    "platform_ids": [],
    "evidence": {
     "sensor": "sentinel1-vv-cfar",
     "detector_confidence": 0.95,
     "detection_rate_this_pass": 0.793,
     "reports_considered": 29,
     "reports_with_a_fix": 29,
     "search_radius_m": 166.7,
     "snr": 75.99,
     "length_m_approx": 46.9,
     "pixels": 22,
     "scene": "S1A_IW_GRDH_1SDV_20240410T225906_20240410T225931_053378_067942_A9AE_COG.SAFE"
    }
   }
  },
  {
   "type": "Feature",
   "geometry": {
    "type": "Point",
    "coordinates": [
     -76.29134770621579,
     39.060974338033326
    ]
   },
   "properties": {
    "kind": "unmatched",
    "domain": "sea",
    "t_start": "2024-04-10T22:59:06+00:00",
    "t_end": "2024-04-10T22:59:06+00:00",
    "duration_s": 0.0,
    "confidence": 0.753448275862069,
    "platform_ids": [],
    "evidence": {
     "sensor": "sentinel1-vv-cfar",
     "detector_confidence": 0.95,
     "detection_rate_this_pass": 0.793,
     "reports_considered": 29,
     "reports_with_a_fix": 29,
     "search_radius_m": 159.6,
     "snr": 36.01,
     "length_m_approx": 41.2,
     "pixels": 17,
     "scene": "S1A_IW_GRDH_1SDV_20240410T225906_20240410T225931_053378_067942_A9AE_COG.SAFE"
    }
   }
  },
  {
   "type": "Feature",
   "geometry": {
    "type": "Point",
    "coordinates": [
     -76.19165090813632,
     39.08111743275106
    ]
   },
   "properties": {
    "kind": "unmatched",
    "domain": "sea",
    "t_start": "2024-04-10T22:59:06+00:00",
    "t_end": "2024-04-10T22:59:06+00:00",
    "duration_s": 0.0,
    "confidence": 0.753448275862069,
    "platform_ids": [],
    "evidence": {
     "sensor": "sentinel1-vv-cfar",
     "detector_confidence": 0.95,
     "detection_rate_this_pass": 0.793,
     "reports_considered": 29,
     "reports_with_a_fix": 29,
     "search_radius_m": 135.5,
     "snr": 23.23,
     "length_m_approx": 31.6,
     "pixels": 10,
     "scene": "S1A_IW_GRDH_1SDV_20240410T225906_20240410T225931_053378_067942_A9AE_COG.SAFE"
    }
   }
  },
  {
   "type": "Feature",
   "geometry": {
    "type": "Point",
    "coordinates": [
     -76.34749233104776,
     38.99743781528278
    ]
   },
   "properties": {
    "kind": "unmatched",
    "domain": "sea",
    "t_start": "2024-04-10T22:59:06+00:00",
    "t_end": "2024-04-10T22:59:06+00:00",
    "duration_s": 0.0,
    "confidence": 0.753448275862069,
    "platform_ids": [],
    "evidence": {
     "sensor": "sentinel1-vv-cfar",
     "detector_confidence": 0.95,
     "detection_rate_this_pass": 0.793,
     "reports_considered": 29,
     "reports_with_a_fix": 29,
     "search_radius_m": 152.5,
     "snr": 22.04,
     "length_m_approx": 34.6,
     "pixels": 12,
     "scene": "S1A_IW_GRDH_1SDV_20240410T225906_20240410T225931_053378_067942_A9AE_COG.SAFE"
    }
   }
  },
  {
   "type": "Feature",
   "geometry": {
    "type": "Point",
    "coordinates": [
     -76.39221700612441,
     39.10157928231352
    ]
   },
   "properties": {
    "kind": "unmatched",
    "domain": "sea",
    "t_start": "2024-04-10T22:59:06+00:00",
    "t_end": "2024-04-10T22:59:06+00:00",
    "duration_s": 0.0,
    "confidence": 0.753448275862069,
    "platform_ids": [],
    "evidence": {
     "sensor": "sentinel1-vv-cfar",
     "detector_confidence": 0.95,
     "detection_rate_this_pass": 0.793,
     "reports_considered": 29,
     "reports_with_a_fix": 29,
     "search_radius_m": 148.1,
     "snr": 21.33,
     "length_m_approx": 30.0,
     "pixels": 9,
     "scene": "S1A_IW_GRDH_1SDV_20240410T225906_20240410T225931_053378_067942_A9AE_COG.SAFE"
    }
   }
  },
  {
   "type": "Feature",
   "geometry": {
    "type": "Point",
    "coordinates": [
     -76.36858439812445,
     39.00312970901008
    ]
   },
   "properties": {
    "kind": "unmatched",
    "domain": "sea",
    "t_start": "2024-04-10T22:59:06+00:00",
    "t_end": "2024-04-10T22:59:06+00:00",
    "duration_s": 0.0,
    "confidence": 0.753448275862069,
    "platform_ids": [],
    "evidence": {
     "sensor": "sentinel1-vv-cfar",
     "detector_confidence": 0.95,
     "detection_rate_this_pass": 0.793,
     "reports_considered": 29,
     "reports_with_a_fix": 29,
     "search_radius_m": 151.0,
     "snr": 20.91,
     "length_m_approx": 33.2,
     "pixels": 11,
     "scene": "S1A_IW_GRDH_1SDV_20240410T225906_20240410T225931_053378_067942_A9AE_COG.SAFE"
    }
   }
  },
  {
   "type": "Feature",
   "geometry": {
    "type": "Point",
    "coordinates": [
     -76.16414751001295,
     39.08723059138028
    ]
   },
   "properties": {
    "kind": "unmatched",
    "domain": "sea",
    "t_start": "2024-04-10T22:59:06+00:00",
    "t_end": "2024-04-10T22:59:06+00:00",
    "duration_s": 0.0,
    "confidence": 0.7153793103448276,
    "platform_ids": [],
    "evidence": {
     "sensor": "sentinel1-vv-cfar",
     "detector_confidence": 0.902,
     "detection_rate_this_pass": 0.793,
     "reports_considered": 29,
     "reports_with_a_fix": 29,
     "search_radius_m": 133.7,
     "snr": 18.04,
     "length_m_approx": 30.0,
     "pixels": 9,
     "scene": "S1A_IW_GRDH_1SDV_20240410T225906_20240410T225931_053378_067942_A9AE_COG.SAFE"
    }
   }
  },
  {
   "type": "Feature",
   "geometry": {
    "type": "Point",
    "coordinates": [
     -76.25062142136989,
     39.00683754049582
    ]
   },
   "properties": {
    "kind": "unmatched",
    "domain": "sea",
    "t_start": "2024-04-10T22:59:06+00:00",
    "t_end": "2024-04-10T22:59:06+00:00",
    "duration_s": 0.0,
    "confidence": 0.6646206896551724,
    "platform_ids": [],
    "evidence": {
     "sensor": "sentinel1-vv-cfar",
     "detector_confidence": 0.838,
     "detection_rate_this_pass": 0.793,
     "reports_considered": 29,
     "reports_with_a_fix": 29,
     "search_radius_m": 146.6,
     "snr": 16.76,
     "length_m_approx": 28.3,
     "pixels": 8,
     "scene": "S1A_IW_GRDH_1SDV_20240410T225906_20240410T225931_053378_067942_A9AE_COG.SAFE"
    }
   }
  },
  {
   "type": "Feature",
   "geometry": {
    "type": "Point",
    "coordinates": [
     -76.36630924400114,
     39.00202048693026
    ]
   },
   "properties": {
    "kind": "unmatched",
    "domain": "sea",
    "t_start": "2024-04-10T22:59:06+00:00",
    "t_end": "2024-04-10T22:59:06+00:00",
    "duration_s": 0.0,
    "confidence": 0.6598620689655172,
    "platform_ids": [],
    "evidence": {
     "sensor": "sentinel1-vv-cfar",
     "detector_confidence": 0.832,
     "detection_rate_this_pass": 0.793,
     "reports_considered": 29,
     "reports_with_a_fix": 29,
     "search_radius_m": 148.1,
     "snr": 16.65,
     "length_m_approx": 30.0,
     "pixels": 9,
     "scene": "S1A_IW_GRDH_1SDV_20240410T225906_20240410T225931_053378_067942_A9AE_COG.SAFE"
    }
   }
  },
  {
   "type": "Feature",
   "geometry": {
    "type": "Point",
    "coordinates": [
     -76.27164606502265,
     39.067135986166974
    ]
   },
   "properties": {
    "kind": "unmatched",
    "domain": "sea",
    "t_start": "2024-04-10T22:59:06+00:00",
    "t_end": "2024-04-10T22:59:06+00:00",
    "duration_s": 0.0,
    "confidence": 0.6566896551724137,
    "platform_ids": [],
    "evidence": {
     "sensor": "sentinel1-vv-cfar",
     "detector_confidence": 0.828,
     "detection_rate_this_pass": 0.793,
     "reports_considered": 29,
     "reports_with_a_fix": 29,
     "search_radius_m": 148.1,
     "snr": 16.55,
     "length_m_approx": 30.0,
     "pixels": 9,
     "scene": "S1A_IW_GRDH_1SDV_20240410T225906_20240410T225931_053378_067942_A9AE_COG.SAFE"
    }
   }
  },
  {
   "type": "Feature",
   "geometry": {
    "type": "Point",
    "coordinates": [
     -76.30457832564176,
     39.08971769664818
    ]
   },
   "properties": {
    "kind": "unmatched",
    "domain": "sea",
    "t_start": "2024-04-10T22:59:06+00:00",
    "t_end": "2024-04-10T22:59:06+00:00",
    "duration_s": 0.0,
    "confidence": 0.6289310344827587,
    "platform_ids": [],
    "evidence": {
     "sensor": "sentinel1-vv-cfar",
     "detector_confidence": 0.793,
     "detection_rate_this_pass": 0.793,
     "reports_considered": 29,
     "reports_with_a_fix": 29,
     "search_radius_m": 148.1,
     "snr": 15.86,
     "length_m_approx": 30.0,
     "pixels": 9,
     "scene": "S1A_IW_GRDH_1SDV_20240410T225906_20240410T225931_053378_067942_A9AE_COG.SAFE"
    }
   }
  },
  {
   "type": "Feature",
   "geometry": {
    "type": "Point",
    "coordinates": [
     -76.25344501165557,
     39.09288538702423
    ]
   },
   "properties": {
    "kind": "unmatched",
    "domain": "sea",
    "t_start": "2024-04-10T22:59:06+00:00",
    "t_end": "2024-04-10T22:59:06+00:00",
    "duration_s": 0.0,
    "confidence": 0.5995862068965517,
    "platform_ids": [],
    "evidence": {
     "sensor": "sentinel1-vv-cfar",
     "detector_confidence": 0.756,
     "detection_rate_this_pass": 0.793,
     "reports_considered": 29,
     "reports_with_a_fix": 29,
     "search_radius_m": 130.6,
     "snr": 15.12,
     "length_m_approx": 26.5,
     "pixels": 7,
     "scene": "S1A_IW_GRDH_1SDV_20240410T225906_20240410T225931_053378_067942_A9AE_COG.SAFE"
    }
   }
  },
  {
   "type": "Feature",
   "geometry": {
    "type": "Point",
    "coordinates": [
     -75.20826331694244,
     39.12670079120011
    ]
   },
   "properties": {
    "kind": "unmatched",
    "domain": "sea",
    "t_start": "2024-04-10T22:59:06+00:00",
    "t_end": "2024-04-10T22:59:06+00:00",
    "duration_s": 0.0,
    "confidence": 0.753448275862069,
    "platform_ids": [],
    "evidence": {
     "sensor": "sentinel1-vv-cfar",
     "detector_confidence": 0.95,
     "detection_rate_this_pass": 0.793,
     "reports_considered": 29,
     "reports_with_a_fix": 29,
     "search_radius_m": 147.0,
     "snr": 72.3,
     "length_m_approx": 58.3,
     "pixels": 34,
     "scene": "S1A_IW_GRDH_1SDV_20240410T225906_20240410T225931_053378_067942_A9AE_COG.SAFE"
    }
   }
  },
  {
   "type": "Feature",
   "geometry": {
    "type": "Point",
    "coordinates": [
     -75.31524732157195,
     39.24713518353001
    ]
   },
   "properties": {
    "kind": "unmatched",
    "domain": "sea",
    "t_start": "2024-04-10T22:59:06+00:00",
    "t_end": "2024-04-10T22:59:06+00:00",
    "duration_s": 0.0,
    "confidence": 0.753448275862069,
    "platform_ids": [],
    "evidence": {
     "sensor": "sentinel1-vv-cfar",
     "detector_confidence": 0.95,
     "detection_rate_this_pass": 0.793,
     "reports_considered": 29,
     "reports_with_a_fix": 29,
     "search_radius_m": 114.2,
     "snr": 52.67,
     "length_m_approx": 38.7,
     "pixels": 15,
     "scene": "S1A_IW_GRDH_1SDV_20240410T225906_20240410T225931_053378_067942_A9AE_COG.SAFE"
    }
   }
  },
  {
   "type": "Feature",
   "geometry": {
    "type": "Point",
    "coordinates": [
     -75.21920514063454,
     39.11977091178615
    ]
   },
   "properties": {
    "kind": "unmatched",
    "domain": "sea",
    "t_start": "2024-04-10T22:59:06+00:00",
    "t_end": "2024-04-10T22:59:06+00:00",
    "duration_s": 0.0,
    "confidence": 0.753448275862069,
    "platform_ids": [],
    "evidence": {
     "sensor": "sentinel1-vv-cfar",
     "detector_confidence": 0.95,
     "detection_rate_this_pass": 0.793,
     "reports_considered": 29,
     "reports_with_a_fix": 29,
     "search_radius_m": 116.1,
     "snr": 42.61,
     "length_m_approx": 40.0,
     "pixels": 16,
     "scene": "S1A_IW_GRDH_1SDV_20240410T225906_20240410T225931_053378_067942_A9AE_COG.SAFE"
    }
   }
  },
  {
   "type": "Feature",
   "geometry": {
    "type": "Point",
    "coordinates": [
     -75.23603808820111,
     39.1630960867719
    ]
   },
   "properties": {
    "kind": "unmatched",
    "domain": "sea",
    "t_start": "2024-04-10T22:59:06+00:00",
    "t_end": "2024-04-10T22:59:06+00:00",
    "duration_s": 0.0,
    "confidence": 0.753448275862069,
    "platform_ids": [],
    "evidence": {
     "sensor": "sentinel1-vv-cfar",
     "detector_confidence": 0.95,
     "detection_rate_this_pass": 0.793,
     "reports_considered": 29,
     "reports_with_a_fix": 29,
     "search_radius_m": 123.7,
     "snr": 40.31,
     "length_m_approx": 44.7,
     "pixels": 20,
     "scene": "S1A_IW_GRDH_1SDV_20240410T225906_20240410T225931_053378_067942_A9AE_COG.SAFE"
    }
   }
  },
  {
   "type": "Feature",
   "geometry": {
    "type": "Point",
    "coordinates": [
     -75.3731928576894,
     39.19443288075081
    ]
   },
   "properties": {
    "kind": "unmatched",
    "domain": "sea",
    "t_start": "2024-04-10T22:59:06+00:00",
    "t_end": "2024-04-10T22:59:06+00:00",
    "duration_s": 0.0,
    "confidence": 0.753448275862069,
    "platform_ids": [],
    "evidence": {
     "sensor": "sentinel1-vv-cfar",
     "detector_confidence": 0.95,
     "detection_rate_this_pass": 0.793,
     "reports_considered": 29,
     "reports_with_a_fix": 29,
     "search_radius_m": 112.3,
     "snr": 40.26,
     "length_m_approx": 37.4,
     "pixels": 14,
     "scene": "S1A_IW_GRDH_1SDV_20240410T225906_20240410T225931_053378_067942_A9AE_COG.SAFE"
    }
   }
  },
  {
   "type": "Feature",
   "geometry": {
    "type": "Point",
    "coordinates": [
     -75.25510379284145,
     39.15923544031463
    ]
   },
   "properties": {
    "kind": "unmatched",
    "domain": "sea",
    "t_start": "2024-04-10T22:59:06+00:00",
    "t_end": "2024-04-10T22:59:06+00:00",
    "duration_s": 0.0,
    "confidence": 0.753448275862069,
    "platform_ids": [],
    "evidence": {
     "sensor": "sentinel1-vv-cfar",
     "detector_confidence": 0.95,
     "detection_rate_this_pass": 0.793,
     "reports_considered": 29,
     "reports_with_a_fix": 29,
     "search_radius_m": 114.2,
     "snr": 39.98,
     "length_m_approx": 38.7,
     "pixels": 15,
     "scene": "S1A_IW_GRDH_1SDV_20240410T225906_20240410T225931_053378_067942_A9AE_COG.SAFE"
    }
   }
  },
  {
   "type": "Feature",
   "geometry": {
    "type": "Point",
    "coordinates": [
     -75.33215761234285,
     39.22857165291638
    ]
   },
   "properties": {
    "kind": "unmatched",
    "domain": "sea",
    "t_start": "2024-04-10T22:59:06+00:00",
    "t_end": "2024-04-10T22:59:06+00:00",
    "duration_s": 0.0,
    "confidence": 0.753448275862069,
    "platform_ids": [],
    "evidence": {
     "sensor": "sentinel1-vv-cfar",
     "detector_confidence": 0.95,
     "detection_rate_this_pass": 0.793,
     "reports_considered": 29,
     "reports_with_a_fix": 29,
     "search_radius_m": 116.1,
     "snr": 38.4,
     "length_m_approx": 40.0,
     "pixels": 16,
     "scene": "S1A_IW_GRDH_1SDV_20240410T225906_20240410T225931_053378_067942_A9AE_COG.SAFE"
    }
   }
  },
  {
   "type": "Feature",
   "geometry": {
    "type": "Point",
    "coordinates": [
     -75.29226846674726,
     39.21174490768107
    ]
   },
   "properties": {
    "kind": "unmatched",
    "domain": "sea",
    "t_start": "2024-04-10T22:59:06+00:00",
    "t_end": "2024-04-10T22:59:06+00:00",
    "duration_s": 0.0,
    "confidence": 0.753448275862069,
    "platform_ids": [],
    "evidence": {
     "sensor": "sentinel1-vv-cfar",
     "detector_confidence": 0.95,
     "detection_rate_this_pass": 0.793,
     "reports_considered": 29,
     "reports_with_a_fix": 29,
     "search_radius_m": 114.2,
     "snr": 32.29,
     "length_m_approx": 38.7,
     "pixels": 15,
     "scene": "S1A_IW_GRDH_1SDV_20240410T225906_20240410T225931_053378_067942_A9AE_COG.SAFE"
    }
   }
  },
  {
   "type": "Feature",
   "geometry": {
    "type": "Point",
    "coordinates": [
     -75.28998868240134,
     39.161734212790606
    ]
   },
   "properties": {
    "kind": "unmatched",
    "domain": "sea",
    "t_start": "2024-04-10T22:59:06+00:00",
    "t_end": "2024-04-10T22:59:06+00:00",
    "duration_s": 0.0,
    "confidence": 0.753448275862069,
    "platform_ids": [],
    "evidence": {
     "sensor": "sentinel1-vv-cfar",
     "detector_confidence": 0.95,
     "detection_rate_this_pass": 0.793,
     "reports_considered": 29,
     "reports_with_a_fix": 29,
     "search_radius_m": 110.4,
     "snr": 22.5,
     "length_m_approx": 36.1,
     "pixels": 13,
     "scene": "S1A_IW_GRDH_1SDV_20240410T225906_20240410T225931_053378_067942_A9AE_COG.SAFE"
    }
   }
  },
  {
   "type": "Feature",
   "geometry": {
    "type": "Point",
    "coordinates": [
     -75.37711961289874,
     39.16716427283451
    ]
   },
   "properties": {
    "kind": "unmatched",
    "domain": "sea",
    "t_start": "2024-04-10T22:59:06+00:00",
    "t_end": "2024-04-10T22:59:06+00:00",
    "duration_s": 0.0,
    "confidence": 0.753448275862069,
    "platform_ids": [],
    "evidence": {
     "sensor": "sentinel1-vv-cfar",
     "detector_confidence": 0.95,
     "detection_rate_this_pass": 0.793,
     "reports_considered": 29,
     "reports_with_a_fix": 29,
     "search_radius_m": 140.8,
     "snr": 19.88,
     "length_m_approx": 54.8,
     "pixels": 30,
     "scene": "S1A_IW_GRDH_1SDV_20240410T225906_20240410T225931_053378_067942_A9AE_COG.SAFE"
    }
   }
  },
  {
   "type": "Feature",
   "geometry": {
    "type": "Point",
    "coordinates": [
     -75.26881201777228,
     39.181441162602866
    ]
   },
   "properties": {
    "kind": "unmatched",
    "domain": "sea",
    "t_start": "2024-04-10T22:59:06+00:00",
    "t_end": "2024-04-10T22:59:06+00:00",
    "duration_s": 0.0,
    "confidence": 0.753448275862069,
    "platform_ids": [],
    "evidence": {
     "sensor": "sentinel1-vv-cfar",
     "detector_confidence": 0.95,
     "detection_rate_this_pass": 0.793,
     "reports_considered": 29,
     "reports_with_a_fix": 29,
     "search_radius_m": 104.1,
     "snr": 19.37,
     "length_m_approx": 31.6,
     "pixels": 10,
     "scene": "S1A_IW_GRDH_1SDV_20240410T225906_20240410T225931_053378_067942_A9AE_COG.SAFE"
    }
   }
  },
  {
   "type": "Feature",
   "geometry": {
    "type": "Point",
    "coordinates": [
     -75.27387997566761,
     39.18035606269797
    ]
   },
   "properties": {
    "kind": "unmatched",
    "domain": "sea",
    "t_start": "2024-04-10T22:59:06+00:00",
    "t_end": "2024-04-10T22:59:06+00:00",
    "duration_s": 0.0,
    "confidence": 0.6868275862068965,
    "platform_ids": [],
    "evidence": {
     "sensor": "sentinel1-vv-cfar",
     "detector_confidence": 0.866,
     "detection_rate_this_pass": 0.793,
     "reports_considered": 29,
     "reports_with_a_fix": 29,
     "search_radius_m": 104.1,
     "snr": 17.33,
     "length_m_approx": 31.6,
     "pixels": 10,
     "scene": "S1A_IW_GRDH_1SDV_20240410T225906_20240410T225931_053378_067942_A9AE_COG.SAFE"
    }
   }
  },
  {
   "type": "Feature",
   "geometry": {
    "type": "Point",
    "coordinates": [
     -75.26798282068691,
     39.182253322243966
    ]
   },
   "properties": {
    "kind": "unmatched",
    "domain": "sea",
    "t_start": "2024-04-10T22:59:06+00:00",
    "t_end": "2024-04-10T22:59:06+00:00",
    "duration_s": 0.0,
    "confidence": 0.6527241379310345,
    "platform_ids": [],
    "evidence": {
     "sensor": "sentinel1-vv-cfar",
     "detector_confidence": 0.823,
     "detection_rate_this_pass": 0.793,
     "reports_considered": 29,
     "reports_with_a_fix": 29,
     "search_radius_m": 120.1,
     "snr": 16.46,
     "length_m_approx": 42.4,
     "pixels": 18,
     "scene": "S1A_IW_GRDH_1SDV_20240410T225906_20240410T225931_053378_067942_A9AE_COG.SAFE"
    }
   }
  },
  {
   "type": "Feature",
   "geometry": {
    "type": "Point",
    "coordinates": [
     -75.13134651200923,
     39.17235786358924
    ]
   },
   "properties": {
    "kind": "unmatched",
    "domain": "sea",
    "t_start": "2024-04-10T22:59:06+00:00",
    "t_end": "2024-04-10T22:59:06+00:00",
    "duration_s": 0.0,
    "confidence": 0.753448275862069,
    "platform_ids": [],
    "evidence": {
     "sensor": "sentinel1-vv-cfar",
     "detector_confidence": 0.95,
     "detection_rate_this_pass": 0.793,
     "reports_considered": 29,
     "reports_with_a_fix": 29,
     "search_radius_m": 112.3,
     "snr": 32.61,
     "length_m_approx": 37.4,
     "pixels": 14,
     "scene": "S1A_IW_GRDH_1SDV_20240410T225906_20240410T225931_053378_067942_A9AE_COG.SAFE"
    }
   }
  },
  {
   "type": "Feature",
   "geometry": {
    "type": "Point",
    "coordinates": [
     -75.18799976542951,
     39.17013731620453
    ]
   },
   "properties": {
    "kind": "unmatched",
    "domain": "sea",
    "t_start": "2024-04-10T22:59:06+00:00",
    "t_end": "2024-04-10T22:59:06+00:00",
    "duration_s": 0.0,
    "confidence": 0.753448275862069,
    "platform_ids": [],
    "evidence": {
     "sensor": "sentinel1-vv-cfar",
     "detector_confidence": 0.95,
     "detection_rate_this_pass": 0.793,
     "reports_considered": 29,
     "reports_with_a_fix": 29,
     "search_radius_m": 249.1,
     "snr": 19.97,
     "length_m_approx": 111.4,
     "pixels": 124,
     "scene": "S1A_IW_GRDH_1SDV_20240410T225906_20240410T225931_053378_067942_A9AE_COG.SAFE"
    }
   }
  },
  {
   "type": "Feature",
   "geometry": {
    "type": "Point",
    "coordinates": [
     -75.012716759498,
     39.18466003427986
    ]
   },
   "properties": {
    "kind": "unmatched",
    "domain": "sea",
    "t_start": "2024-04-10T22:59:06+00:00",
    "t_end": "2024-04-10T22:59:06+00:00",
    "duration_s": 0.0,
    "confidence": 0.7478965517241379,
    "platform_ids": [],
    "evidence": {
     "sensor": "sentinel1-vv-cfar",
     "detector_confidence": 0.943,
     "detection_rate_this_pass": 0.793,
     "reports_considered": 29,
     "reports_with_a_fix": 29,
     "search_radius_m": 125.4,
     "snr": 18.86,
     "length_m_approx": 45.8,
     "pixels": 21,
     "scene": "S1A_IW_GRDH_1SDV_20240410T225906_20240410T225931_053378_067942_A9AE_COG.SAFE"
    }
   }
  },
  {
   "type": "Feature",
   "geometry": {
    "type": "Point",
    "coordinates": [
     -75.03027943182332,
     39.183543991897004
    ]
   },
   "properties": {
    "kind": "unmatched",
    "domain": "sea",
    "t_start": "2024-04-10T22:59:06+00:00",
    "t_end": "2024-04-10T22:59:06+00:00",
    "duration_s": 0.0,
    "confidence": 0.7471034482758621,
    "platform_ids": [],
    "evidence": {
     "sensor": "sentinel1-vv-cfar",
     "detector_confidence": 0.942,
     "detection_rate_this_pass": 0.793,
     "reports_considered": 29,
     "reports_with_a_fix": 29,
     "search_radius_m": 132.3,
     "snr": 18.84,
     "length_m_approx": 50.0,
     "pixels": 25,
     "scene": "S1A_IW_GRDH_1SDV_20240410T225906_20240410T225931_053378_067942_A9AE_COG.SAFE"
    }
   }
  },
  {
   "type": "Feature",
   "geometry": {
    "type": "Point",
    "coordinates": [
     -74.98560744502586,
     39.143101826440144
    ]
   },
   "properties": {
    "kind": "unmatched",
    "domain": "sea",
    "t_start": "2024-04-10T22:59:06+00:00",
    "t_end": "2024-04-10T22:59:06+00:00",
    "duration_s": 0.0,
    "confidence": 0.7352068965517242,
    "platform_ids": [],
    "evidence": {
     "sensor": "sentinel1-vv-cfar",
     "detector_confidence": 0.927,
     "detection_rate_this_pass": 0.793,
     "reports_considered": 29,
     "reports_with_a_fix": 29,
     "search_radius_m": 123.7,
     "snr": 18.55,
     "length_m_approx": 44.7,
     "pixels": 20,
     "scene": "S1A_IW_GRDH_1SDV_20240410T225906_20240410T225931_053378_067942_A9AE_COG.SAFE"
    }
   }
  },
  {
   "type": "Feature",
   "geometry": {
    "type": "Point",
    "coordinates": [
     -75.03903969792628,
     39.178456547151754
    ]
   },
   "properties": {
    "kind": "unmatched",
    "domain": "sea",
    "t_start": "2024-04-10T22:59:06+00:00",
    "t_end": "2024-04-10T22:59:06+00:00",
    "duration_s": 0.0,
    "confidence": 0.724896551724138,
    "platform_ids": [],
    "evidence": {
     "sensor": "sentinel1-vv-cfar",
     "detector_confidence": 0.914,
     "detection_rate_this_pass": 0.793,
     "reports_considered": 29,
     "reports_with_a_fix": 29,
     "search_radius_m": 97.3,
     "snr": 18.28,
     "length_m_approx": 26.5,
     "pixels": 7,
     "scene": "S1A_IW_GRDH_1SDV_20240410T225906_20240410T225931_053378_067942_A9AE_COG.SAFE"
    }
   }
  },
  {
   "type": "Feature",
   "geometry": {
    "type": "Point",
    "coordinates": [
     -74.63529567735678,
     39.30053871492541
    ]
   },
   "properties": {
    "kind": "unmatched",
    "domain": "sea",
    "t_start": "2024-04-10T22:59:06+00:00",
    "t_end": "2024-04-10T22:59:06+00:00",
    "duration_s": 0.0,
    "confidence": 0.6225862068965518,
    "platform_ids": [],
    "evidence": {
     "sensor": "sentinel1-vv-cfar",
     "detector_confidence": 0.785,
     "detection_rate_this_pass": 0.793,
     "reports_considered": 29,
     "reports_with_a_fix": 29,
     "search_radius_m": 105.5,
     "snr": 15.7,
     "length_m_approx": 30.0,
     "pixels": 9,
     "scene": "S1A_IW_GRDH_1SDV_20240410T225906_20240410T225931_053378_067942_A9AE_COG.SAFE"
    }
   }
  },
  {
   "type": "Feature",
   "geometry": {
    "type": "Point",
    "coordinates": [
     -74.42017281234834,
     39.336157922110544
    ]
   },
   "properties": {
    "kind": "unmatched",
    "domain": "sea",
    "t_start": "2024-04-10T22:59:06+00:00",
    "t_end": "2024-04-10T22:59:06+00:00",
    "duration_s": 0.0,
    "confidence": 0.753448275862069,
    "platform_ids": [],
    "evidence": {
     "sensor": "sentinel1-vv-cfar",
     "detector_confidence": 0.95,
     "detection_rate_this_pass": 0.793,
     "reports_considered": 29,
     "reports_with_a_fix": 29,
     "search_radius_m": 121.4,
     "snr": 45.62,
     "length_m_approx": 41.2,
     "pixels": 17,
     "scene": "S1A_IW_GRDH_1SDV_20240410T225906_20240410T225931_053378_067942_A9AE_COG.SAFE"
    }
   }
  },
  {
   "type": "Feature",
   "geometry": {
    "type": "Point",
    "coordinates": [
     -74.4011831063596,
     39.35858319591254
    ]
   },
   "properties": {
    "kind": "unmatched",
    "domain": "sea",
    "t_start": "2024-04-10T22:59:06+00:00",
    "t_end": "2024-04-10T22:59:06+00:00",
    "duration_s": 0.0,
    "confidence": 0.753448275862069,
    "platform_ids": [],
    "evidence": {
     "sensor": "sentinel1-vv-cfar",
     "detector_confidence": 0.95,
     "detection_rate_this_pass": 0.793,
     "reports_considered": 29,
     "reports_with_a_fix": 29,
     "search_radius_m": 109.8,
     "snr": 28.62,
     "length_m_approx": 33.2,
     "pixels": 11,
     "scene": "S1A_IW_GRDH_1SDV_20240410T225906_20240410T225931_053378_067942_A9AE_COG.SAFE"
    }
   }
  },
  {
   "type": "Feature",
   "geometry": {
    "type": "Point",
    "coordinates": [
     -74.44388852633097,
     39.29978946313378
    ]
   },
   "properties": {
    "kind": "unmatched",
    "domain": "sea",
    "t_start": "2024-04-10T22:59:06+00:00",
    "t_end": "2024-04-10T22:59:06+00:00",
    "duration_s": 0.0,
    "confidence": 0.753448275862069,
    "platform_ids": [],
    "evidence": {
     "sensor": "sentinel1-vv-cfar",
     "detector_confidence": 0.95,
     "detection_rate_this_pass": 0.793,
     "reports_considered": 29,
     "reports_with_a_fix": 29,
     "search_radius_m": 151.0,
     "snr": 25.81,
     "length_m_approx": 59.2,
     "pixels": 35,
     "scene": "S1A_IW_GRDH_1SDV_20240410T225906_20240410T225931_053378_067942_A9AE_COG.SAFE"
    }
   }
  },
  {
   "type": "Feature",
   "geometry": {
    "type": "Point",
    "coordinates": [
     -74.40898103519774,
     39.30951322419918
    ]
   },
   "properties": {
    "kind": "unmatched",
    "domain": "sea",
    "t_start": "2024-04-10T22:59:06+00:00",
    "t_end": "2024-04-10T22:59:06+00:00",
    "duration_s": 0.0,
    "confidence": 0.753448275862069,
    "platform_ids": [],
    "evidence": {
     "sensor": "sentinel1-vv-cfar",
     "detector_confidence": 0.95,
     "detection_rate_this_pass": 0.793,
     "reports_considered": 29,
     "reports_with_a_fix": 29,
     "search_radius_m": 141.9,
     "snr": 25.14,
     "length_m_approx": 53.9,
     "pixels": 29,
     "scene": "S1A_IW_GRDH_1SDV_20240410T225906_20240410T225931_053378_067942_A9AE_COG.SAFE"
    }
   }
  },
  {
   "type": "Feature",
   "geometry": {
    "type": "Point",
    "coordinates": [
     -74.40276636297776,
     39.35656556302718
    ]
   },
   "properties": {
    "kind": "unmatched",
    "domain": "sea",
    "t_start": "2024-04-10T22:59:06+00:00",
    "t_end": "2024-04-10T22:59:06+00:00",
    "duration_s": 0.0,
    "confidence": 0.753448275862069,
    "platform_ids": [],
    "evidence": {
     "sensor": "sentinel1-vv-cfar",
     "detector_confidence": 0.95,
     "detection_rate_this_pass": 0.793,
     "reports_considered": 29,
     "reports_with_a_fix": 29,
     "search_radius_m": 107.6,
     "snr": 21.25,
     "length_m_approx": 31.6,
     "pixels": 10,
     "scene": "S1A_IW_GRDH_1SDV_20240410T225906_20240410T225931_053378_067942_A9AE_COG.SAFE"
    }
   }
  },
  {
   "type": "Feature",
   "geometry": {
    "type": "Point",
    "coordinates": [
     -74.39974706634794,
     39.345908921812224
    ]
   },
   "properties": {
    "kind": "unmatched",
    "domain": "sea",
    "t_start": "2024-04-10T22:59:06+00:00",
    "t_end": "2024-04-10T22:59:06+00:00",
    "duration_s": 0.0,
    "confidence": 0.7066551724137932,
    "platform_ids": [],
    "evidence": {
     "sensor": "sentinel1-vv-cfar",
     "detector_confidence": 0.891,
     "detection_rate_this_pass": 0.793,
     "reports_considered": 29,
     "reports_with_a_fix": 29,
     "search_radius_m": 103.5,
     "snr": 17.82,
     "length_m_approx": 28.3,
     "pixels": 8,
     "scene": "S1A_IW_GRDH_1SDV_20240410T225906_20240410T225931_053378_067942_A9AE_COG.SAFE"
    }
   }
  },
  {
   "type": "Feature",
   "geometry": {
    "type": "Point",
    "coordinates": [
     -74.3964171175321,
     39.34735119526876
    ]
   },
   "properties": {
    "kind": "unmatched",
    "domain": "sea",
    "t_start": "2024-04-10T22:59:06+00:00",
    "t_end": "2024-04-10T22:59:06+00:00",
    "duration_s": 0.0,
    "confidence": 0.6566896551724137,
    "platform_ids": [],
    "evidence": {
     "sensor": "sentinel1-vv-cfar",
     "detector_confidence": 0.828,
     "detection_rate_this_pass": 0.793,
     "reports_considered": 29,
     "reports_with_a_fix": 29,
     "search_radius_m": 103.5,
     "snr": 16.55,
     "length_m_approx": 28.3,
     "pixels": 8,
     "scene": "S1A_IW_GRDH_1SDV_20240410T225906_20240410T225931_053378_067942_A9AE_COG.SAFE"
    }
   }
  },
  {
   "type": "Feature",
   "geometry": {
    "type": "Point",
    "coordinates": [
     -76.4117890156244,
     39.11785832446006
    ]
   },
   "properties": {
    "kind": "unmatched",
    "domain": "sea",
    "t_start": "2024-04-10T22:59:06+00:00",
    "t_end": "2024-04-10T22:59:06+00:00",
    "duration_s": 0.0,
    "confidence": 0.753448275862069,
    "platform_ids": [],
    "evidence": {
     "sensor": "sentinel1-vv-cfar",
     "detector_confidence": 0.95,
     "detection_rate_this_pass": 0.793,
     "reports_considered": 29,
     "reports_with_a_fix": 29,
     "search_radius_m": 165.2,
     "snr": 74.69,
     "length_m_approx": 45.8,
     "pixels": 21,
     "scene": "S1A_IW_GRDH_1SDV_20240410T225906_20240410T225931_053378_067942_A9AE_COG.SAFE"
    }
   }
  },
  {
   "type": "Feature",
   "geometry": {
    "type": "Point",
    "coordinates": [
     -76.44347467006413,
     39.18251921168668
    ]
   },
   "properties": {
    "kind": "unmatched",
    "domain": "sea",
    "t_start": "2024-04-10T22:59:06+00:00",
    "t_end": "2024-04-10T22:59:06+00:00",
    "duration_s": 0.0,
    "confidence": 0.753448275862069,
    "platform_ids": [],
    "evidence": {
     "sensor": "sentinel1-vv-cfar",
     "detector_confidence": 0.95,
     "detection_rate_this_pass": 0.793,
     "reports_considered": 29,
     "reports_with_a_fix": 29,
     "search_radius_m": 155.5,
     "snr": 43.12,
     "length_m_approx": 37.4,
     "pixels": 14,
     "scene": "S1A_IW_GRDH_1SDV_20240410T225906_20240410T225931_053378_067942_A9AE_COG.SAFE"
    }
   }
  },
  {
   "type": "Feature",
   "geometry": {
    "type": "Point",
    "coordinates": [
     -76.40829679121781,
     39.15537247941214
    ]
   },
   "properties": {
    "kind": "unmatched",
    "domain": "sea",
    "t_start": "2024-04-10T22:59:06+00:00",
    "t_end": "2024-04-10T22:59:06+00:00",
    "duration_s": 0.0,
    "confidence": 0.753448275862069,
    "platform_ids": [],
    "evidence": {
     "sensor": "sentinel1-vv-cfar",
     "detector_confidence": 0.95,
     "detection_rate_this_pass": 0.793,
     "reports_considered": 29,
     "reports_with_a_fix": 29,
     "search_radius_m": 155.5,
     "snr": 30.01,
     "length_m_approx": 37.4,
     "pixels": 14,
     "scene": "S1A_IW_GRDH_1SDV_20240410T225906_20240410T225931_053378_067942_A9AE_COG.SAFE"
    }
   }
  },
  {
   "type": "Feature",
   "geometry": {
    "type": "Point",
    "coordinates": [
     -76.43198819945482,
     39.178926483588484
    ]
   },
   "properties": {
    "kind": "unmatched",
    "domain": "sea",
    "t_start": "2024-04-10T22:59:06+00:00",
    "t_end": "2024-04-10T22:59:06+00:00",
    "duration_s": 0.0,
    "confidence": 0.753448275862069,
    "platform_ids": [],
    "evidence": {
     "sensor": "sentinel1-vv-cfar",
     "detector_confidence": 0.95,
     "detection_rate_this_pass": 0.793,
     "reports_considered": 29,
     "reports_with_a_fix": 29,
     "search_radius_m": 149.6,
     "snr": 26.05,
     "length_m_approx": 31.6,
     "pixels": 10,
     "scene": "S1A_IW_GRDH_1SDV_20240410T225906_20240410T225931_053378_067942_A9AE_COG.SAFE"
    }
   }
  },
  {
   "type": "Feature",
   "geometry": {
    "type": "Point",
    "coordinates": [
     -76.45473077718123,
     39.18588042263855
    ]
   },
   "properties": {
    "kind": "unmatched",
    "domain": "sea",
    "t_start": "2024-04-10T22:59:06+00:00",
    "t_end": "2024-04-10T22:59:06+00:00",
    "duration_s": 0.0,
    "confidence": 0.753448275862069,
    "platform_ids": [],
    "evidence": {
     "sensor": "sentinel1-vv-cfar",
     "detector_confidence": 0.95,
     "detection_rate_this_pass": 0.793,
     "reports_considered": 29,
     "reports_with_a_fix": 29,
     "search_radius_m": 151.0,
     "snr": 24.49,
     "length_m_approx": 33.2,
     "pixels": 11,
     "scene": "S1A_IW_GRDH_1SDV_20240410T225906_20240410T225931_053378_067942_A9AE_COG.SAFE"
    }
   }
  },
  {
   "type": "Feature",
   "geometry": {
    "type": "Point",
    "coordinates": [
     -76.41219913644163,
     39.17060583177593
    ]
   },
   "properties": {
    "kind": "unmatched",
    "domain": "sea",
    "t_start": "2024-04-10T22:59:06+00:00",
    "t_end": "2024-04-10T22:59:06+00:00",
    "duration_s": 0.0,
    "confidence": 0.753448275862069,
    "platform_ids": [],
    "evidence": {
     "sensor": "sentinel1-vv-cfar",
     "detector_confidence": 0.95,
     "detection_rate_this_pass": 0.793,
     "reports_considered": 29,
     "reports_with_a_fix": 29,
     "search_radius_m": 148.1,
     "snr": 21.98,
     "length_m_approx": 30.0,
     "pixels": 9,
     "scene": "S1A_IW_GRDH_1SDV_20240410T225906_20240410T225931_053378_067942_A9AE_COG.SAFE"
    }
   }
  },
  {
   "type": "Feature",
   "geometry": {
    "type": "Point",
    "coordinates": [
     -76.42339424612524,
     39.149636035511804
    ]
   },
   "properties": {
    "kind": "unmatched",
    "domain": "sea",
    "t_start": "2024-04-10T22:59:06+00:00",
    "t_end": "2024-04-10T22:59:06+00:00",
    "duration_s": 0.0,
    "confidence": 0.753448275862069,
    "platform_ids": [],
    "evidence": {
     "sensor": "sentinel1-vv-cfar",
     "detector_confidence": 0.95,
     "detection_rate_this_pass": 0.793,
     "reports_considered": 29,
     "reports_with_a_fix": 29,
     "search_radius_m": 151.0,
     "snr": 21.23,
     "length_m_approx": 33.2,
     "pixels": 11,
     "scene": "S1A_IW_GRDH_1SDV_20240410T225906_20240410T225931_053378_067942_A9AE_COG.SAFE"
    }
   }
  },
  {
   "type": "Feature",
   "geometry": {
    "type": "Point",
    "coordinates": [
     -76.41681407367271,
     39.136206850063566
    ]
   },
   "properties": {
    "kind": "unmatched",
    "domain": "sea",
    "t_start": "2024-04-10T22:59:06+00:00",
    "t_end": "2024-04-10T22:59:06+00:00",
    "duration_s": 0.0,
    "confidence": 0.753448275862069,
    "platform_ids": [],
    "evidence": {
     "sensor": "sentinel1-vv-cfar",
     "detector_confidence": 0.95,
     "detection_rate_this_pass": 0.793,
     "reports_considered": 29,
     "reports_with_a_fix": 29,
     "search_radius_m": 148.1,
     "snr": 20.83,
     "length_m_approx": 30.0,
     "pixels": 9,
     "scene": "S1A_IW_GRDH_1SDV_20240410T225906_20240410T225931_053378_067942_A9AE_COG.SAFE"
    }
   }
  },
  {
   "type": "Feature",
   "geometry": {
    "type": "Point",
    "coordinates": [
     -76.4112580393612,
     39.17263039018635
    ]
   },
   "properties": {
    "kind": "unmatched",
    "domain": "sea",
    "t_start": "2024-04-10T22:59:06+00:00",
    "t_end": "2024-04-10T22:59:06+00:00",
    "duration_s": 0.0,
    "confidence": 0.753448275862069,
    "platform_ids": [],
    "evidence": {
     "sensor": "sentinel1-vv-cfar",
     "detector_confidence": 0.95,
     "detection_rate_this_pass": 0.793,
     "reports_considered": 29,
     "reports_with_a_fix": 29,
     "search_radius_m": 151.0,
     "snr": 20.67,
     "length_m_approx": 33.2,
     "pixels": 11,
     "scene": "S1A_IW_GRDH_1SDV_20240410T225906_20240410T225931_053378_067942_A9AE_COG.SAFE"
    }
   }
  },
  {
   "type": "Feature",
   "geometry": {
    "type": "Point",
    "coordinates": [
     -76.40676249476239,
     39.14114839061638
    ]
   },
   "properties": {
    "kind": "unmatched",
    "domain": "sea",
    "t_start": "2024-04-10T22:59:06+00:00",
    "t_end": "2024-04-10T22:59:06+00:00",
    "duration_s": 0.0,
    "confidence": 0.7050689655172414,
    "platform_ids": [],
    "evidence": {
     "sensor": "sentinel1-vv-cfar",
     "detector_confidence": 0.889,
     "detection_rate_this_pass": 0.793,
     "reports_considered": 29,
     "reports_with_a_fix": 29,
     "search_radius_m": 152.5,
     "snr": 17.79,
     "length_m_approx": 34.6,
     "pixels": 12,
     "scene": "S1A_IW_GRDH_1SDV_20240410T225906_20240410T225931_053378_067942_A9AE_COG.SAFE"
    }
   }
  },
  {
   "type": "Feature",
   "geometry": {
    "type": "Point",
    "coordinates": [
     -76.48727373927866,
     39.1732420618594
    ]
   },
   "properties": {
    "kind": "unmatched",
    "domain": "sea",
    "t_start": "2024-04-10T22:59:06+00:00",
    "t_end": "2024-04-10T22:59:06+00:00",
    "duration_s": 0.0,
    "confidence": 0.6781034482758621,
    "platform_ids": [],
    "evidence": {
     "sensor": "sentinel1-vv-cfar",
     "detector_confidence": 0.855,
     "detection_rate_this_pass": 0.793,
     "reports_considered": 29,
     "reports_with_a_fix": 29,
     "search_radius_m": 151.0,
     "snr": 17.09,
     "length_m_approx": 33.2,
     "pixels": 11,
     "scene": "S1A_IW_GRDH_1SDV_20240410T225906_20240410T225931_053378_067942_A9AE_COG.SAFE"
    }
   }
  },
  {
   "type": "Feature",
   "geometry": {
    "type": "Point",
    "coordinates": [
     -76.40086765914441,
     39.12863153016007
    ]
   },
   "properties": {
    "kind": "unmatched",
    "domain": "sea",
    "t_start": "2024-04-10T22:59:06+00:00",
    "t_end": "2024-04-10T22:59:06+00:00",
    "duration_s": 0.0,
    "confidence": 0.6765172413793104,
    "platform_ids": [],
    "evidence": {
     "sensor": "sentinel1-vv-cfar",
     "detector_confidence": 0.853,
     "detection_rate_this_pass": 0.793,
     "reports_considered": 29,
     "reports_with_a_fix": 29,
     "search_radius_m": 146.6,
     "snr": 17.07,
     "length_m_approx": 28.3,
     "pixels": 8,
     "scene": "S1A_IW_GRDH_1SDV_20240410T225906_20240410T225931_053378_067942_A9AE_COG.SAFE"
    }
   }
  },
  {
   "type": "Feature",
   "geometry": {
    "type": "Point",
    "coordinates": [
     -76.42878521070367,
     39.169974834316136
    ]
   },
   "properties": {
    "kind": "unmatched",
    "domain": "sea",
    "t_start": "2024-04-10T22:59:06+00:00",
    "t_end": "2024-04-10T22:59:06+00:00",
    "duration_s": 0.0,
    "confidence": 0.6749310344827586,
    "platform_ids": [],
    "evidence": {
     "sensor": "sentinel1-vv-cfar",
     "detector_confidence": 0.851,
     "detection_rate_this_pass": 0.793,
     "reports_considered": 29,
     "reports_with_a_fix": 29,
     "search_radius_m": 146.6,
     "snr": 17.02,
     "length_m_approx": 28.3,
     "pixels": 8,
     "scene": "S1A_IW_GRDH_1SDV_20240410T225906_20240410T225931_053378_067942_A9AE_COG.SAFE"
    }
   }
  },
  {
   "type": "Feature",
   "geometry": {
    "type": "Point",
    "coordinates": [
     -76.48990054235531,
     39.19113037140863
    ]
   },
   "properties": {
    "kind": "unmatched",
    "domain": "sea",
    "t_start": "2024-04-10T22:59:06+00:00",
    "t_end": "2024-04-10T22:59:06+00:00",
    "duration_s": 0.0,
    "confidence": 0.655896551724138,
    "platform_ids": [],
    "evidence": {
     "sensor": "sentinel1-vv-cfar",
     "detector_confidence": 0.827,
     "detection_rate_this_pass": 0.793,
     "reports_considered": 29,
     "reports_with_a_fix": 29,
     "search_radius_m": 166.7,
     "snr": 16.55,
     "length_m_approx": 46.9,
     "pixels": 22,
     "scene": "S1A_IW_GRDH_1SDV_20240410T225906_20240410T225931_053378_067942_A9AE_COG.SAFE"
    }
   }
  },
  {
   "type": "Feature",
   "geometry": {
    "type": "Point",
    "coordinates": [
     -76.4442323560143,
     39.180125988365134
    ]
   },
   "properties": {
    "kind": "unmatched",
    "domain": "sea",
    "t_start": "2024-04-10T22:59:06+00:00",
    "t_end": "2024-04-10T22:59:06+00:00",
    "duration_s": 0.0,
    "confidence": 0.6408275862068966,
    "platform_ids": [],
    "evidence": {
     "sensor": "sentinel1-vv-cfar",
     "detector_confidence": 0.808,
     "detection_rate_this_pass": 0.793,
     "reports_considered": 29,
     "reports_with_a_fix": 29,
     "search_radius_m": 148.1,
     "snr": 16.17,
     "length_m_approx": 30.0,
     "pixels": 9,
     "scene": "S1A_IW_GRDH_1SDV_20240410T225906_20240410T225931_053378_067942_A9AE_COG.SAFE"
    }
   }
  },
  {
   "type": "Feature",
   "geometry": {
    "type": "Point",
    "coordinates": [
     -76.45711778464143,
     39.19418269710384
    ]
   },
   "properties": {
    "kind": "unmatched",
    "domain": "sea",
    "t_start": "2024-04-10T22:59:06+00:00",
    "t_end": "2024-04-10T22:59:06+00:00",
    "duration_s": 0.0,
    "confidence": 0.6083103448275863,
    "platform_ids": [],
    "evidence": {
     "sensor": "sentinel1-vv-cfar",
     "detector_confidence": 0.767,
     "detection_rate_this_pass": 0.793,
     "reports_considered": 29,
     "reports_with_a_fix": 29,
     "search_radius_m": 146.6,
     "snr": 15.34,
     "length_m_approx": 28.3,
     "pixels": 8,
     "scene": "S1A_IW_GRDH_1SDV_20240410T225906_20240410T225931_053378_067942_A9AE_COG.SAFE"
    }
   }
  },
  {
   "type": "Feature",
   "geometry": {
    "type": "Point",
    "coordinates": [
     -76.23589806970303,
     39.30199167696435
    ]
   },
   "properties": {
    "kind": "unmatched",
    "domain": "sea",
    "t_start": "2024-04-10T22:59:06+00:00",
    "t_end": "2024-04-10T22:59:06+00:00",
    "duration_s": 0.0,
    "confidence": 0.753448275862069,
    "platform_ids": [],
    "evidence": {
     "sensor": "sentinel1-vv-cfar",
     "detector_confidence": 0.95,
     "detection_rate_this_pass": 0.793,
     "reports_considered": 29,
     "reports_with_a_fix": 29,
     "search_radius_m": 158.5,
     "snr": 123.87,
     "length_m_approx": 50.0,
     "pixels": 25,
     "scene": "S1A_IW_GRDH_1SDV_20240410T225906_20240410T225931_053378_067942_A9AE_COG.SAFE"
    }
   }
  },
  {
   "type": "Feature",
   "geometry": {
    "type": "Point",
    "coordinates": [
     -76.39369349667274,
     39.18859484187716
    ]
   },
   "properties": {
    "kind": "unmatched",
    "domain": "sea",
    "t_start": "2024-04-10T22:59:06+00:00",
    "t_end": "2024-04-10T22:59:06+00:00",
    "duration_s": 0.0,
    "confidence": 0.753448275862069,
    "platform_ids": [],
    "evidence": {
     "sensor": "sentinel1-vv-cfar",
     "detector_confidence": 0.95,
     "detection_rate_this_pass": 0.793,
     "reports_considered": 29,
     "reports_with_a_fix": 29,
     "search_radius_m": 170.5,
     "snr": 58.11,
     "length_m_approx": 50.0,
     "pixels": 25,
     "scene": "S1A_IW_GRDH_1SDV_20240410T225906_20240410T225931_053378_067942_A9AE_COG.SAFE"
    }
   }
  },
  {
   "type": "Feature",
   "geometry": {
    "type": "Point",
    "coordinates": [
     -76.34827119075534,
     39.12353948018398
    ]
   },
   "properties": {
    "kind": "unmatched",
    "domain": "sea",
    "t_start": "2024-04-10T22:59:06+00:00",
    "t_end": "2024-04-10T22:59:06+00:00",
    "duration_s": 0.0,
    "confidence": 0.753448275862069,
    "platform_ids": [],
    "evidence": {
     "sensor": "sentinel1-vv-cfar",
     "detector_confidence": 0.95,
     "detection_rate_this_pass": 0.793,
     "reports_considered": 29,
     "reports_with_a_fix": 29,
     "search_radius_m": 165.2,
     "snr": 53.66,
     "length_m_approx": 45.8,
     "pixels": 21,
     "scene": "S1A_IW_GRDH_1SDV_20240410T225906_20240410T225931_053378_067942_A9AE_COG.SAFE"
    }
   }
  },
  {
   "type": "Feature",
   "geometry": {
    "type": "Point",
    "coordinates": [
     -76.23595639696187,
     39.292257354065924
    ]
   },
   "properties": {
    "kind": "unmatched",
    "domain": "sea",
    "t_start": "2024-04-10T22:59:06+00:00",
    "t_end": "2024-04-10T22:59:06+00:00",
    "duration_s": 0.0,
    "confidence": 0.753448275862069,
    "platform_ids": [],
    "evidence": {
     "sensor": "sentinel1-vv-cfar",
     "detector_confidence": 0.95,
     "detection_rate_this_pass": 0.793,
     "reports_considered": 29,
     "reports_with_a_fix": 29,
     "search_radius_m": 146.6,
     "snr": 45.87,
     "length_m_approx": 41.2,
     "pixels": 17,
     "scene": "S1A_IW_GRDH_1SDV_20240410T225906_20240410T225931_053378_067942_A9AE_COG.SAFE"
    }
   }
  },
  {
   "type": "Feature",
   "geometry": {
    "type": "Point",
    "coordinates": [
     -76.27719523041397,
     39.262340694122265
    ]
   },
   "properties": {
    "kind": "unmatched",
    "domain": "sea",
    "t_start": "2024-04-10T22:59:06+00:00",
    "t_end": "2024-04-10T22:59:06+00:00",
    "duration_s": 0.0,
    "confidence": 0.753448275862069,
    "platform_ids": [],
    "evidence": {
     "sensor": "sentinel1-vv-cfar",
     "detector_confidence": 0.95,
     "detection_rate_this_pass": 0.793,
     "reports_considered": 29,
     "reports_with_a_fix": 29,
     "search_radius_m": 141.9,
     "snr": 41.18,
     "length_m_approx": 37.4,
     "pixels": 14,
     "scene": "S1A_IW_GRDH_1SDV_20240410T225906_20240410T225931_053378_067942_A9AE_COG.SAFE"
    }
   }
  },
  {
   "type": "Feature",
   "geometry": {
    "type": "Point",
    "coordinates": [
     -76.23704444229452,
     39.24375520256978
    ]
   },
   "properties": {
    "kind": "unmatched",
    "domain": "sea",
    "t_start": "2024-04-10T22:59:06+00:00",
    "t_end": "2024-04-10T22:59:06+00:00",
    "duration_s": 0.0,
    "confidence": 0.753448275862069,
    "platform_ids": [],
    "evidence": {
     "sensor": "sentinel1-vv-cfar",
     "detector_confidence": 0.95,
     "detection_rate_this_pass": 0.793,
     "reports_considered": 29,
     "reports_with_a_fix": 29,
     "search_radius_m": 132.3,
     "snr": 36.19,
     "length_m_approx": 28.3,
     "pixels": 8,
     "scene": "S1A_IW_GRDH_1SDV_20240410T225906_20240410T225931_053378_067942_A9AE_COG.SAFE"
    }
   }
  },
  {
   "type": "Feature",
   "geometry": {
    "type": "Point",
    "coordinates": [
     -76.228947005348,
     39.27873535807461
    ]
   },
   "properties": {
    "kind": "unmatched",
    "domain": "sea",
    "t_start": "2024-04-10T22:59:06+00:00",
    "t_end": "2024-04-10T22:59:06+00:00",
    "duration_s": 0.0,
    "confidence": 0.753448275862069,
    "platform_ids": [],
    "evidence": {
     "sensor": "sentinel1-vv-cfar",
     "detector_confidence": 0.95,
     "detection_rate_this_pass": 0.793,
     "reports_considered": 29,
     "reports_with_a_fix": 29,
     "search_radius_m": 141.9,
     "snr": 35.78,
     "length_m_approx": 37.4,
     "pixels": 14,
     "scene": "S1A_IW_GRDH_1SDV_20240410T225906_20240410T225931_053378_067942_A9AE_COG.SAFE"
    }
   }
  },
  {
   "type": "Feature",
   "geometry": {
    "type": "Point",
    "coordinates": [
     -76.28728049677827,
     39.139557273354704
    ]
   },
   "properties": {
    "kind": "unmatched",
    "domain": "sea",
    "t_start": "2024-04-10T22:59:06+00:00",
    "t_end": "2024-04-10T22:59:06+00:00",
    "duration_s": 0.0,
    "confidence": 0.753448275862069,
    "platform_ids": [],
    "evidence": {
     "sensor": "sentinel1-vv-cfar",
     "detector_confidence": 0.95,
     "detection_rate_this_pass": 0.793,
     "reports_considered": 29,
     "reports_with_a_fix": 29,
     "search_radius_m": 155.5,
     "snr": 34.9,
     "length_m_approx": 37.4,
     "pixels": 14,
     "scene": "S1A_IW_GRDH_1SDV_20240410T225906_20240410T225931_053378_067942_A9AE_COG.SAFE"
    }
   }
  },
  {
   "type": "Feature",
   "geometry": {
    "type": "Point",
    "coordinates": [
     -76.22545802834011,
     39.295619278370424
    ]
   },
   "properties": {
    "kind": "unmatched",
    "domain": "sea",
    "t_start": "2024-04-10T22:59:06+00:00",
    "t_end": "2024-04-10T22:59:06+00:00",
    "duration_s": 0.0,
    "confidence": 0.753448275862069,
    "platform_ids": [],
    "evidence": {
     "sensor": "sentinel1-vv-cfar",
     "detector_confidence": 0.95,
     "detection_rate_this_pass": 0.793,
     "reports_considered": 29,
     "reports_with_a_fix": 29,
     "search_radius_m": 141.9,
     "snr": 30.25,
     "length_m_approx": 37.4,
     "pixels": 14,
     "scene": "S1A_IW_GRDH_1SDV_20240410T225906_20240410T225931_053378_067942_A9AE_COG.SAFE"
    }
   }
  },
  {
   "type": "Feature",
   "geometry": {
    "type": "Point",
    "coordinates": [
     -76.4016059816582,
     39.13866580362144
    ]
   },
   "properties": {
    "kind": "unmatched",
    "domain": "sea",
    "t_start": "2024-04-10T22:59:06+00:00",
    "t_end": "2024-04-10T22:59:06+00:00",
    "duration_s": 0.0,
    "confidence": 0.753448275862069,
    "platform_ids": [],
    "evidence": {
     "sensor": "sentinel1-vv-cfar",
     "detector_confidence": 0.95,
     "detection_rate_this_pass": 0.793,
     "reports_considered": 29,
     "reports_with_a_fix": 29,
     "search_radius_m": 152.5,
     "snr": 28.91,
     "length_m_approx": 34.6,
     "pixels": 12,
     "scene": "S1A_IW_GRDH_1SDV_20240410T225906_20240410T225931_053378_067942_A9AE_COG.SAFE"
    }
   }
  },
  {
   "type": "Feature",
   "geometry": {
    "type": "Point",
    "coordinates": [
     -76.22635783405006,
     39.3088120612992
    ]
   },
   "properties": {
    "kind": "unmatched",
    "domain": "sea",
    "t_start": "2024-04-10T22:59:06+00:00",
    "t_end": "2024-04-10T22:59:06+00:00",
    "duration_s": 0.0,
    "confidence": 0.753448275862069,
    "platform_ids": [],
    "evidence": {
     "sensor": "sentinel1-vv-cfar",
     "detector_confidence": 0.95,
     "detection_rate_this_pass": 0.793,
     "reports_considered": 29,
     "reports_with_a_fix": 29,
     "search_radius_m": 141.9,
     "snr": 28.47,
     "length_m_approx": 37.4,
     "pixels": 14,
     "scene": "S1A_IW_GRDH_1SDV_20240410T225906_20240410T225931_053378_067942_A9AE_COG.SAFE"
    }
   }
  },
  {
   "type": "Feature",
   "geometry": {
    "type": "Point",
    "coordinates": [
     -76.2919166460645,
     39.17592869270179
    ]
   },
   "properties": {
    "kind": "unmatched",
    "domain": "sea",
    "t_start": "2024-04-10T22:59:06+00:00",
    "t_end": "2024-04-10T22:59:06+00:00",
    "duration_s": 0.0,
    "confidence": 0.753448275862069,
    "platform_ids": [],
    "evidence": {
     "sensor": "sentinel1-vv-cfar",
     "detector_confidence": 0.95,
     "detection_rate_this_pass": 0.793,
     "reports_considered": 29,
     "reports_with_a_fix": 29,
     "search_radius_m": 149.6,
     "snr": 26.08,
     "length_m_approx": 31.6,
     "pixels": 10,
     "scene": "S1A_IW_GRDH_1SDV_20240410T225906_20240410T225931_053378_067942_A9AE_COG.SAFE"
    }
   }
  },
  {
   "type": "Feature",
   "geometry": {
    "type": "Point",
    "coordinates": [
     -76.23850549937066,
     39.27030560356918
    ]
   },
   "properties": {
    "kind": "unmatched",
    "domain": "sea",
    "t_start": "2024-04-10T22:59:06+00:00",
    "t_end": "2024-04-10T22:59:06+00:00",
    "duration_s": 0.0,
    "confidence": 0.753448275862069,
    "platform_ids": [],
    "evidence": {
     "sensor": "sentinel1-vv-cfar",
     "detector_confidence": 0.95,
     "detection_rate_this_pass": 0.793,
     "reports_considered": 29,
     "reports_with_a_fix": 29,
     "search_radius_m": 138.7,
     "snr": 26.05,
     "length_m_approx": 34.6,
     "pixels": 12,
     "scene": "S1A_IW_GRDH_1SDV_20240410T225906_20240410T225931_053378_067942_A9AE_COG.SAFE"
    }
   }
  },
  {
   "type": "Feature",
   "geometry": {
    "type": "Point",
    "coordinates": [
     -76.26824718298002,
     39.1281042127848
    ]
   },
   "properties": {
    "kind": "unmatched",
    "domain": "sea",
    "t_start": "2024-04-10T22:59:06+00:00",
    "t_end": "2024-04-10T22:59:06+00:00",
    "duration_s": 0.0,
    "confidence": 0.753448275862069,
    "platform_ids": [],
    "evidence": {
     "sensor": "sentinel1-vv-cfar",
     "detector_confidence": 0.95,
     "detection_rate_this_pass": 0.793,
     "reports_considered": 29,
     "reports_with_a_fix": 29,
     "search_radius_m": 152.9,
     "snr": 26.01,
     "length_m_approx": 45.8,
     "pixels": 21,
     "scene": "S1A_IW_GRDH_1SDV_20240410T225906_20240410T225931_053378_067942_A9AE_COG.SAFE"
    }
   }
  },
  {
   "type": "Feature",
   "geometry": {
    "type": "Point",
    "coordinates": [
     -76.23466519436785,
     39.26245626880862
    ]
   },
   "properties": {
    "kind": "unmatched",
    "domain": "sea",
    "t_start": "2024-04-10T22:59:06+00:00",
    "t_end": "2024-04-10T22:59:06+00:00",
    "duration_s": 0.0,
    "confidence": 0.753448275862069,
    "platform_ids": [],
    "evidence": {
     "sensor": "sentinel1-vv-cfar",
     "detector_confidence": 0.95,
     "detection_rate_this_pass": 0.793,
     "reports_considered": 29,
     "reports_with_a_fix": 29,
     "search_radius_m": 137.3,
     "snr": 24.9,
     "length_m_approx": 33.2,
     "pixels": 11,
     "scene": "S1A_IW_GRDH_1SDV_20240410T225906_20240410T225931_053378_067942_A9AE_COG.SAFE"
    }
   }
  },
  {
   "type": "Feature",
   "geometry": {
    "type": "Point",
    "coordinates": [
     -76.29592057784403,
     39.2460363296615
    ]
   },
   "properties": {
    "kind": "unmatched",
    "domain": "sea",
    "t_start": "2024-04-10T22:59:06+00:00",
    "t_end": "2024-04-10T22:59:06+00:00",
    "duration_s": 0.0,
    "confidence": 0.753448275862069,
    "platform_ids": [],
    "evidence": {
     "sensor": "sentinel1-vv-cfar",
     "detector_confidence": 0.95,
     "detection_rate_this_pass": 0.793,
     "reports_considered": 29,
     "reports_with_a_fix": 29,
     "search_radius_m": 137.3,
     "snr": 24.82,
     "length_m_approx": 33.2,
     "pixels": 11,
     "scene": "S1A_IW_GRDH_1SDV_20240410T225906_20240410T225931_053378_067942_A9AE_COG.SAFE"
    }
   }
  },
  {
   "type": "Feature",
   "geometry": {
    "type": "Point",
    "coordinates": [
     -76.21783375844437,
     39.31096937925275
    ]
   },
   "properties": {
    "kind": "unmatched",
    "domain": "sea",
    "t_start": "2024-04-10T22:59:06+00:00",
    "t_end": "2024-04-10T22:59:06+00:00",
    "duration_s": 0.0,
    "confidence": 0.753448275862069,
    "platform_ids": [],
    "evidence": {
     "sensor": "sentinel1-vv-cfar",
     "detector_confidence": 0.95,
     "detection_rate_this_pass": 0.793,
     "reports_considered": 29,
     "reports_with_a_fix": 29,
     "search_radius_m": 137.3,
     "snr": 23.46,
     "length_m_approx": 33.2,
     "pixels": 11,
     "scene": "S1A_IW_GRDH_1SDV_20240410T225906_20240410T225931_053378_067942_A9AE_COG.SAFE"
    }
   }
  },
  {
   "type": "Feature",
   "geometry": {
    "type": "Point",
    "coordinates": [
     -76.23730138267156,
     39.26263772375894
    ]
   },
   "properties": {
    "kind": "unmatched",
    "domain": "sea",
    "t_start": "2024-04-10T22:59:06+00:00",
    "t_end": "2024-04-10T22:59:06+00:00",
    "duration_s": 0.0,
    "confidence": 0.753448275862069,
    "platform_ids": [],
    "evidence": {
     "sensor": "sentinel1-vv-cfar",
     "detector_confidence": 0.95,
     "detection_rate_this_pass": 0.793,
     "reports_considered": 29,
     "reports_with_a_fix": 29,
     "search_radius_m": 137.3,
     "snr": 23.05,
     "length_m_approx": 33.2,
     "pixels": 11,
     "scene": "S1A_IW_GRDH_1SDV_20240410T225906_20240410T225931_053378_067942_A9AE_COG.SAFE"
    }
   }
  },
  {
   "type": "Feature",
   "geometry": {
    "type": "Point",
    "coordinates": [
     -76.28964257868823,
     39.17422408378911
    ]
   },
   "properties": {
    "kind": "unmatched",
    "domain": "sea",
    "t_start": "2024-04-10T22:59:06+00:00",
    "t_end": "2024-04-10T22:59:06+00:00",
    "duration_s": 0.0,
    "confidence": 0.753448275862069,
    "platform_ids": [],
    "evidence": {
     "sensor": "sentinel1-vv-cfar",
     "detector_confidence": 0.95,
     "detection_rate_this_pass": 0.793,
     "reports_considered": 29,
     "reports_with_a_fix": 29,
     "search_radius_m": 151.0,
     "snr": 22.85,
     "length_m_approx": 33.2,
     "pixels": 11,
     "scene": "S1A_IW_GRDH_1SDV_20240410T225906_20240410T225931_053378_067942_A9AE_COG.SAFE"
    }
   }
  },
  {
   "type": "Feature",
   "geometry": {
    "type": "Point",
    "coordinates": [
     -76.321827732494,
     39.231529384319046
    ]
   },
   "properties": {
    "kind": "unmatched",
    "domain": "sea",
    "t_start": "2024-04-10T22:59:06+00:00",
    "t_end": "2024-04-10T22:59:06+00:00",
    "duration_s": 0.0,
    "confidence": 0.753448275862069,
    "platform_ids": [],
    "evidence": {
     "sensor": "sentinel1-vv-cfar",
     "detector_confidence": 0.95,
     "detection_rate_this_pass": 0.793,
     "reports_considered": 29,
     "reports_with_a_fix": 29,
     "search_radius_m": 148.1,
     "snr": 22.0,
     "length_m_approx": 30.0,
     "pixels": 9,
     "scene": "S1A_IW_GRDH_1SDV_20240410T225906_20240410T225931_053378_067942_A9AE_COG.SAFE"
    }
   }
  },
  {
   "type": "Feature",
   "geometry": {
    "type": "Point",
    "coordinates": [
     -76.27110195766188,
     39.190735942410384
    ]
   },
   "properties": {
    "kind": "unmatched",
    "domain": "sea",
    "t_start": "2024-04-10T22:59:06+00:00",
    "t_end": "2024-04-10T22:59:06+00:00",
    "duration_s": 0.0,
    "confidence": 0.753448275862069,
    "platform_ids": [],
    "evidence": {
     "sensor": "sentinel1-vv-cfar",
     "detector_confidence": 0.95,
     "detection_rate_this_pass": 0.793,
     "reports_considered": 29,
     "reports_with_a_fix": 29,
     "search_radius_m": 135.5,
     "snr": 21.11,
     "length_m_approx": 31.6,
     "pixels": 10,
     "scene": "S1A_IW_GRDH_1SDV_20240410T225906_20240410T225931_053378_067942_A9AE_COG.SAFE"
    }
   }
  },
  {
   "type": "Feature",
   "geometry": {
    "type": "Point",
    "coordinates": [
     -76.35151509497523,
     39.152327330344384
    ]
   },
   "properties": {
    "kind": "unmatched",
    "domain": "sea",
    "t_start": "2024-04-10T22:59:06+00:00",
    "t_end": "2024-04-10T22:59:06+00:00",
    "duration_s": 0.0,
    "confidence": 0.753448275862069,
    "platform_ids": [],
    "evidence": {
     "sensor": "sentinel1-vv-cfar",
     "detector_confidence": 0.95,
     "detection_rate_this_pass": 0.793,
     "reports_considered": 29,
     "reports_with_a_fix": 29,
     "search_radius_m": 154.0,
     "snr": 20.79,
     "length_m_approx": 36.1,
     "pixels": 13,
     "scene": "S1A_IW_GRDH_1SDV_20240410T225906_20240410T225931_053378_067942_A9AE_COG.SAFE"
    }
   }
  },
  {
   "type": "Feature",
   "geometry": {
    "type": "Point",
    "coordinates": [
     -76.39213770818641,
     39.11649300462502
    ]
   },
   "properties": {
    "kind": "unmatched",
    "domain": "sea",
    "t_start": "2024-04-10T22:59:06+00:00",
    "t_end": "2024-04-10T22:59:06+00:00",
    "duration_s": 0.0,
    "confidence": 0.753448275862069,
    "platform_ids": [],
    "evidence": {
     "sensor": "sentinel1-vv-cfar",
     "detector_confidence": 0.95,
     "detection_rate_this_pass": 0.793,
     "reports_considered": 29,
     "reports_with_a_fix": 29,
     "search_radius_m": 148.1,
     "snr": 20.55,
     "length_m_approx": 30.0,
     "pixels": 9,
     "scene": "S1A_IW_GRDH_1SDV_20240410T225906_20240410T225931_053378_067942_A9AE_COG.SAFE"
    }
   }
  },
  {
   "type": "Feature",
   "geometry": {
    "type": "Point",
    "coordinates": [
     -76.21552278563993,
     39.320214073926145
    ]
   },
   "properties": {
    "kind": "unmatched",
    "domain": "sea",
    "t_start": "2024-04-10T22:59:06+00:00",
    "t_end": "2024-04-10T22:59:06+00:00",
    "duration_s": 0.0,
    "confidence": 0.753448275862069,
    "platform_ids": [],
    "evidence": {
     "sensor": "sentinel1-vv-cfar",
     "detector_confidence": 0.95,
     "detection_rate_this_pass": 0.793,
     "reports_considered": 29,
     "reports_with_a_fix": 29,
     "search_radius_m": 140.5,
     "snr": 20.19,
     "length_m_approx": 36.1,
     "pixels": 13,
     "scene": "S1A_IW_GRDH_1SDV_20240410T225906_20240410T225931_053378_067942_A9AE_COG.SAFE"
    }
   }
  },
  {
   "type": "Feature",
   "geometry": {
    "type": "Point",
    "coordinates": [
     -76.26208109417729,
     39.21231741894729
    ]
   },
   "properties": {
    "kind": "unmatched",
    "domain": "sea",
    "t_start": "2024-04-10T22:59:06+00:00",
    "t_end": "2024-04-10T22:59:06+00:00",
    "duration_s": 0.0,
    "confidence": 0.753448275862069,
    "platform_ids": [],
    "evidence": {
     "sensor": "sentinel1-vv-cfar",
     "detector_confidence": 0.95,
     "detection_rate_this_pass": 0.793,
     "reports_considered": 29,
     "reports_with_a_fix": 29,
     "search_radius_m": 132.3,
     "snr": 19.46,
     "length_m_approx": 28.3,
     "pixels": 8,
     "scene": "S1A_IW_GRDH_1SDV_20240410T225906_20240410T225931_053378_067942_A9AE_COG.SAFE"
    }
   }
  },
  {
   "type": "Feature",
   "geometry": {
    "type": "Point",
    "coordinates": [
     -76.23109274961705,
     39.27936181400464
    ]
   },
   "properties": {
    "kind": "unmatched",
    "domain": "sea",
    "t_start": "2024-04-10T22:59:06+00:00",
    "t_end": "2024-04-10T22:59:06+00:00",
    "duration_s": 0.0,
    "confidence": 0.753448275862069,
    "platform_ids": [],
    "evidence": {
     "sensor": "sentinel1-vv-cfar",
     "detector_confidence": 0.95,
     "detection_rate_this_pass": 0.793,
     "reports_considered": 29,
     "reports_with_a_fix": 29,
     "search_radius_m": 135.5,
     "snr": 19.34,
     "length_m_approx": 31.6,
     "pixels": 10,
     "scene": "S1A_IW_GRDH_1SDV_20240410T225906_20240410T225931_053378_067942_A9AE_COG.SAFE"
    }
   }
  },
  {
   "type": "Feature",
   "geometry": {
    "type": "Point",
    "coordinates": [
     -76.37180193769682,
     39.15829708521801
    ]
   },
   "properties": {
    "kind": "unmatched",
    "domain": "sea",
    "t_start": "2024-04-10T22:59:06+00:00",
    "t_end": "2024-04-10T22:59:06+00:00",
    "duration_s": 0.0,
    "confidence": 0.753448275862069,
    "platform_ids": [],
    "evidence": {
     "sensor": "sentinel1-vv-cfar",
     "detector_confidence": 0.95,
     "detection_rate_this_pass": 0.793,
     "reports_considered": 29,
     "reports_with_a_fix": 29,
     "search_radius_m": 146.6,
     "snr": 19.15,
     "length_m_approx": 28.3,
     "pixels": 8,
     "scene": "S1A_IW_GRDH_1SDV_20240410T225906_20240410T225931_053378_067942_A9AE_COG.SAFE"
    }
   }
  },
  {
   "type": "Feature",
   "geometry": {
    "type": "Point",
    "coordinates": [
     -76.22329637453646,
     39.29510400018949
    ]
   },
   "properties": {
    "kind": "unmatched",
    "domain": "sea",
    "t_start": "2024-04-10T22:59:06+00:00",
    "t_end": "2024-04-10T22:59:06+00:00",
    "duration_s": 0.0,
    "confidence": 0.7169655172413794,
    "platform_ids": [],
    "evidence": {
     "sensor": "sentinel1-vv-cfar",
     "detector_confidence": 0.904,
     "detection_rate_this_pass": 0.793,
     "reports_considered": 29,
     "reports_with_a_fix": 29,
     "search_radius_m": 135.5,
     "snr": 18.08,
     "length_m_approx": 31.6,
     "pixels": 10,
     "scene": "S1A_IW_GRDH_1SDV_20240410T225906_20240410T225931_053378_067942_A9AE_COG.SAFE"
    }
   }
  },
  {
   "type": "Feature",
   "geometry": {
    "type": "Point",
    "coordinates": [
     -76.21274343321323,
     39.317130618135515
    ]
   },
   "properties": {
    "kind": "unmatched",
    "domain": "sea",
    "t_start": "2024-04-10T22:59:06+00:00",
    "t_end": "2024-04-10T22:59:06+00:00",
    "duration_s": 0.0,
    "confidence": 0.7098275862068966,
    "platform_ids": [],
    "evidence": {
     "sensor": "sentinel1-vv-cfar",
     "detector_confidence": 0.895,
     "detection_rate_this_pass": 0.793,
     "reports_considered": 29,
     "reports_with_a_fix": 29,
     "search_radius_m": 133.7,
     "snr": 17.9,
     "length_m_approx": 30.0,
     "pixels": 9,
     "scene": "S1A_IW_GRDH_1SDV_20240410T225906_20240410T225931_053378_067942_A9AE_COG.SAFE"
    }
   }
  },
  {
   "type": "Feature",
   "geometry": {
    "type": "Point",
    "coordinates": [
     -76.37076749906304,
     39.16021357704079
    ]
   },
   "properties": {
    "kind": "unmatched",
    "domain": "sea",
    "t_start": "2024-04-10T22:59:06+00:00",
    "t_end": "2024-04-10T22:59:06+00:00",
    "duration_s": 0.0,
    "confidence": 0.6400344827586207,
    "platform_ids": [],
    "evidence": {
     "sensor": "sentinel1-vv-cfar",
     "detector_confidence": 0.807,
     "detection_rate_this_pass": 0.793,
     "reports_considered": 29,
     "reports_with_a_fix": 29,
     "search_radius_m": 148.1,
     "snr": 16.14,
     "length_m_approx": 30.0,
     "pixels": 9,
     "scene": "S1A_IW_GRDH_1SDV_20240410T225906_20240410T225931_053378_067942_A9AE_COG.SAFE"
    }
   }
  },
  {
   "type": "Feature",
   "geometry": {
    "type": "Point",
    "coordinates": [
     -76.32195495239431,
     39.13956520910064
    ]
   },
   "properties": {
    "kind": "unmatched",
    "domain": "sea",
    "t_start": "2024-04-10T22:59:06+00:00",
    "t_end": "2024-04-10T22:59:06+00:00",
    "duration_s": 0.0,
    "confidence": 0.638448275862069,
    "platform_ids": [],
    "evidence": {
     "sensor": "sentinel1-vv-cfar",
     "detector_confidence": 0.805,
     "detection_rate_this_pass": 0.793,
     "reports_considered": 29,
     "reports_with_a_fix": 29,
     "search_radius_m": 146.6,
     "snr": 16.09,
     "length_m_approx": 28.3,
     "pixels": 8,
     "scene": "S1A_IW_GRDH_1SDV_20240410T225906_20240410T225931_053378_067942_A9AE_COG.SAFE"
    }
   }
  },
  {
   "type": "Feature",
   "geometry": {
    "type": "Point",
    "coordinates": [
     -75.37605241308907,
     39.30537277095439
    ]
   },
   "properties": {
    "kind": "unmatched",
    "domain": "sea",
    "t_start": "2024-04-10T22:59:06+00:00",
    "t_end": "2024-04-10T22:59:06+00:00",
    "duration_s": 0.0,
    "confidence": 0.753448275862069,
    "platform_ids": [],
    "evidence": {
     "sensor": "sentinel1-vv-cfar",
     "detector_confidence": 0.95,
     "detection_rate_this_pass": 0.793,
     "reports_considered": 29,
     "reports_with_a_fix": 29,
     "search_radius_m": 140.8,
     "snr": 52.62,
     "length_m_approx": 54.8,
     "pixels": 30,
     "scene": "S1A_IW_GRDH_1SDV_20240410T225906_20240410T225931_053378_067942_A9AE_COG.SAFE"
    }
   }
  },
  {
   "type": "Feature",
   "geometry": {
    "type": "Point",
    "coordinates": [
     -75.43607350406151,
     39.351183384353995
    ]
   },
   "properties": {
    "kind": "unmatched",
    "domain": "sea",
    "t_start": "2024-04-10T22:59:06+00:00",
    "t_end": "2024-04-10T22:59:06+00:00",
    "duration_s": 0.0,
    "confidence": 0.753448275862069,
    "platform_ids": [],
    "evidence": {
     "sensor": "sentinel1-vv-cfar",
     "detector_confidence": 0.95,
     "detection_rate_this_pass": 0.793,
     "reports_considered": 29,
     "reports_with_a_fix": 29,
     "search_radius_m": 112.3,
     "snr": 25.62,
     "length_m_approx": 37.4,
     "pixels": 14,
     "scene": "S1A_IW_GRDH_1SDV_20240410T225906_20240410T225931_053378_067942_A9AE_COG.SAFE"
    }
   }
  },
  {
   "type": "Feature",
   "geometry": {
    "type": "Point",
    "coordinates": [
     -75.3719948752613,
     39.29621142955224
    ]
   },
   "properties": {
    "kind": "unmatched",
    "domain": "sea",
    "t_start": "2024-04-10T22:59:06+00:00",
    "t_end": "2024-04-10T22:59:06+00:00",
    "duration_s": 0.0,
    "confidence": 0.753448275862069,
    "platform_ids": [],
    "evidence": {
     "sensor": "sentinel1-vv-cfar",
     "detector_confidence": 0.95,
     "detection_rate_this_pass": 0.793,
     "reports_considered": 29,
     "reports_with_a_fix": 29,
     "search_radius_m": 106.1,
     "snr": 24.6,
     "length_m_approx": 33.2,
     "pixels": 11,
     "scene": "S1A_IW_GRDH_1SDV_20240410T225906_20240410T225931_053378_067942_A9AE_COG.SAFE"
    }
   }
  },
  {
   "type": "Feature",
   "geometry": {
    "type": "Point",
    "coordinates": [
     -74.37784684818851,
     39.46109084614157
    ]
   },
   "properties": {
    "kind": "unmatched",
    "domain": "sea",
    "t_start": "2024-04-10T22:59:06+00:00",
    "t_end": "2024-04-10T22:59:06+00:00",
    "duration_s": 0.0,
    "confidence": 0.753448275862069,
    "platform_ids": [],
    "evidence": {
     "sensor": "sentinel1-vv-cfar",
     "detector_confidence": 0.95,
     "detection_rate_this_pass": 0.793,
     "reports_considered": 29,
     "reports_with_a_fix": 29,
     "search_radius_m": 149.6,
     "snr": 23.93,
     "length_m_approx": 58.3,
     "pixels": 34,
     "scene": "S1A_IW_GRDH_1SDV_20240410T225906_20240410T225931_053378_067942_A9AE_COG.SAFE"
    }
   }
  },
  {
   "type": "Feature",
   "geometry": {
    "type": "Point",
    "coordinates": [
     -74.22837913654314,
     39.41123044745605
    ]
   },
   "properties": {
    "kind": "unmatched",
    "domain": "sea",
    "t_start": "2024-04-10T22:59:06+00:00",
    "t_end": "2024-04-10T22:59:06+00:00",
    "duration_s": 0.0,
    "confidence": 0.753448275862069,
    "platform_ids": [],
    "evidence": {
     "sensor": "sentinel1-vv-cfar",
     "detector_confidence": 0.95,
     "detection_rate_this_pass": 0.793,
     "reports_considered": 29,
     "reports_with_a_fix": 29,
     "search_radius_m": 128.5,
     "snr": 39.57,
     "length_m_approx": 45.8,
     "pixels": 21,
     "scene": "S1A_IW_GRDH_1SDV_20240410T225906_20240410T225931_053378_067942_A9AE_COG.SAFE"
    }
   }
  },
  {
   "type": "Feature",
   "geometry": {
    "type": "Point",
    "coordinates": [
     -74.29263303765094,
     39.47272023325944
    ]
   },
   "properties": {
    "kind": "unmatched",
    "domain": "sea",
    "t_start": "2024-04-10T22:59:06+00:00",
    "t_end": "2024-04-10T22:59:06+00:00",
    "duration_s": 0.0,
    "confidence": 0.753448275862069,
    "platform_ids": [],
    "evidence": {
     "sensor": "sentinel1-vv-cfar",
     "detector_confidence": 0.95,
     "detection_rate_this_pass": 0.793,
     "reports_considered": 29,
     "reports_with_a_fix": 29,
     "search_radius_m": 111.7,
     "snr": 19.46,
     "length_m_approx": 34.6,
     "pixels": 12,
     "scene": "S1A_IW_GRDH_1SDV_20240410T225906_20240410T225931_053378_067942_A9AE_COG.SAFE"
    }
   }
  },
  {
   "type": "Feature",
   "geometry": {
    "type": "Point",
    "coordinates": [
     -74.25491770980014,
     39.58357091375957
    ]
   },
   "properties": {
    "kind": "unmatched",
    "domain": "sea",
    "t_start": "2024-04-10T22:59:06+00:00",
    "t_end": "2024-04-10T22:59:06+00:00",
    "duration_s": 0.0,
    "confidence": 0.6106896551724138,
    "platform_ids": [],
    "evidence": {
     "sensor": "sentinel1-vv-cfar",
     "detector_confidence": 0.77,
     "detection_rate_this_pass": 0.793,
     "reports_considered": 29,
     "reports_with_a_fix": 29,
     "search_radius_m": 207.5,
     "snr": 15.4,
     "length_m_approx": 89.4,
     "pixels": 80,
     "scene": "S1A_IW_GRDH_1SDV_20240410T225906_20240410T225931_053378_067942_A9AE_COG.SAFE"
    }
   }
  },
  {
   "type": "Feature",
   "geometry": {
    "type": "Point",
    "coordinates": [
     -76.21307783214489,
     39.32703599756176
    ]
   },
   "properties": {
    "kind": "unmatched",
    "domain": "sea",
    "t_start": "2024-04-10T22:59:06+00:00",
    "t_end": "2024-04-10T22:59:06+00:00",
    "duration_s": 0.0,
    "confidence": 0.753448275862069,
    "platform_ids": [],
    "evidence": {
     "sensor": "sentinel1-vv-cfar",
     "detector_confidence": 0.95,
     "detection_rate_this_pass": 0.793,
     "reports_considered": 29,
     "reports_with_a_fix": 29,
     "search_radius_m": 152.9,
     "snr": 29.68,
     "length_m_approx": 45.8,
     "pixels": 21,
     "scene": "S1A_IW_GRDH_1SDV_20240410T225906_20240410T225931_053378_067942_A9AE_COG.SAFE"
    }
   }
  },
  {
   "type": "Feature",
   "geometry": {
    "type": "Point",
    "coordinates": [
     -76.21573184990095,
     39.33763899119863
    ]
   },
   "properties": {
    "kind": "unmatched",
    "domain": "sea",
    "t_start": "2024-04-10T22:59:06+00:00",
    "t_end": "2024-04-10T22:59:06+00:00",
    "duration_s": 0.0,
    "confidence": 0.6535172413793103,
    "platform_ids": [],
    "evidence": {
     "sensor": "sentinel1-vv-cfar",
     "detector_confidence": 0.824,
     "detection_rate_this_pass": 0.793,
     "reports_considered": 29,
     "reports_with_a_fix": 29,
     "search_radius_m": 158.5,
     "snr": 16.49,
     "length_m_approx": 50.0,
     "pixels": 25,
     "scene": "S1A_IW_GRDH_1SDV_20240410T225906_20240410T225931_053378_067942_A9AE_COG.SAFE"
    }
   }
  },
  {
   "type": "Feature",
   "geometry": {
    "type": "Point",
    "coordinates": [
     -76.02609255674449,
     39.416674289257216
    ]
   },
   "properties": {
    "kind": "unmatched",
    "domain": "sea",
    "t_start": "2024-04-10T22:59:06+00:00",
    "t_end": "2024-04-10T22:59:06+00:00",
    "duration_s": 0.0,
    "confidence": 0.753448275862069,
    "platform_ids": [],
    "evidence": {
     "sensor": "sentinel1-vv-cfar",
     "detector_confidence": 0.95,
     "detection_rate_this_pass": 0.793,
     "reports_considered": 29,
     "reports_with_a_fix": 29,
     "search_radius_m": 132.0,
     "snr": 37.27,
     "length_m_approx": 40.0,
     "pixels": 16,
     "scene": "S1A_IW_GRDH_1SDV_20240410T225906_20240410T225931_053378_067942_A9AE_COG.SAFE"
    }
   }
  },
  {
   "type": "Feature",
   "geometry": {
    "type": "Point",
    "coordinates": [
     -76.02755767468133,
     39.41770559022059
    ]
   },
   "properties": {
    "kind": "unmatched",
    "domain": "sea",
    "t_start": "2024-04-10T22:59:06+00:00",
    "t_end": "2024-04-10T22:59:06+00:00",
    "duration_s": 0.0,
    "confidence": 0.753448275862069,
    "platform_ids": [],
    "evidence": {
     "sensor": "sentinel1-vv-cfar",
     "detector_confidence": 0.95,
     "detection_rate_this_pass": 0.793,
     "reports_considered": 29,
     "reports_with_a_fix": 29,
     "search_radius_m": 126.8,
     "snr": 36.25,
     "length_m_approx": 36.1,
     "pixels": 13,
     "scene": "S1A_IW_GRDH_1SDV_20240410T225906_20240410T225931_053378_067942_A9AE_COG.SAFE"
    }
   }
  },
  {
   "type": "Feature",
   "geometry": {
    "type": "Point",
    "coordinates": [
     -76.19227653945035,
     39.33423997262664
    ]
   },
   "properties": {
    "kind": "unmatched",
    "domain": "sea",
    "t_start": "2024-04-10T22:59:06+00:00",
    "t_end": "2024-04-10T22:59:06+00:00",
    "duration_s": 0.0,
    "confidence": 0.753448275862069,
    "platform_ids": [],
    "evidence": {
     "sensor": "sentinel1-vv-cfar",
     "detector_confidence": 0.95,
     "detection_rate_this_pass": 0.793,
     "reports_considered": 29,
     "reports_with_a_fix": 29,
     "search_radius_m": 138.7,
     "snr": 33.6,
     "length_m_approx": 34.6,
     "pixels": 12,
     "scene": "S1A_IW_GRDH_1SDV_20240410T225906_20240410T225931_053378_067942_A9AE_COG.SAFE"
    }
   }
  },
  {
   "type": "Feature",
   "geometry": {
    "type": "Point",
    "coordinates": [
     -76.03446110363635,
     39.44428012851057
    ]
   },
   "properties": {
    "kind": "unmatched",
    "domain": "sea",
    "t_start": "2024-04-10T22:59:06+00:00",
    "t_end": "2024-04-10T22:59:06+00:00",
    "duration_s": 0.0,
    "confidence": 0.753448275862069,
    "platform_ids": [],
    "evidence": {
     "sensor": "sentinel1-vv-cfar",
     "detector_confidence": 0.95,
     "detection_rate_this_pass": 0.793,
     "reports_considered": 29,
     "reports_with_a_fix": 29,
     "search_radius_m": 125.1,
     "snr": 32.75,
     "length_m_approx": 34.6,
     "pixels": 12,
     "scene": "S1A_IW_GRDH_1SDV_20240410T225906_20240410T225931_053378_067942_A9AE_COG.SAFE"
    }
   }
  },
  {
   "type": "Feature",
   "geometry": {
    "type": "Point",
    "coordinates": [
     -76.07771602175124,
     39.387423720650034
    ]
   },
   "properties": {
    "kind": "unmatched",
    "domain": "sea",
    "t_start": "2024-04-10T22:59:06+00:00",
    "t_end": "2024-04-10T22:59:06+00:00",
    "duration_s": 0.0,
    "confidence": 0.753448275862069,
    "platform_ids": [],
    "evidence": {
     "sensor": "sentinel1-vv-cfar",
     "detector_confidence": 0.95,
     "detection_rate_this_pass": 0.793,
     "reports_considered": 29,
     "reports_with_a_fix": 29,
     "search_radius_m": 119.4,
     "snr": 25.82,
     "length_m_approx": 30.0,
     "pixels": 9,
     "scene": "S1A_IW_GRDH_1SDV_20240410T225906_20240410T225931_053378_067942_A9AE_COG.SAFE"
    }
   }
  },
  {
   "type": "Feature",
   "geometry": {
    "type": "Point",
    "coordinates": [
     -76.12858739559012,
     39.3696959009875
    ]
   },
   "properties": {
    "kind": "unmatched",
    "domain": "sea",
    "t_start": "2024-04-10T22:59:06+00:00",
    "t_end": "2024-04-10T22:59:06+00:00",
    "duration_s": 0.0,
    "confidence": 0.753448275862069,
    "platform_ids": [],
    "evidence": {
     "sensor": "sentinel1-vv-cfar",
     "detector_confidence": 0.95,
     "detection_rate_this_pass": 0.793,
     "reports_considered": 29,
     "reports_with_a_fix": 29,
     "search_radius_m": 119.4,
     "snr": 25.38,
     "length_m_approx": 30.0,
     "pixels": 9,
     "scene": "S1A_IW_GRDH_1SDV_20240410T225906_20240410T225931_053378_067942_A9AE_COG.SAFE"
    }
   }
  },
  {
   "type": "Feature",
   "geometry": {
    "type": "Point",
    "coordinates": [
     -76.1020417434265,
     39.380773658537244
    ]
   },
   "properties": {
    "kind": "unmatched",
    "domain": "sea",
    "t_start": "2024-04-10T22:59:06+00:00",
    "t_end": "2024-04-10T22:59:06+00:00",
    "duration_s": 0.0,
    "confidence": 0.753448275862069,
    "platform_ids": [],
    "evidence": {
     "sensor": "sentinel1-vv-cfar",
     "detector_confidence": 0.95,
     "detection_rate_this_pass": 0.793,
     "reports_considered": 29,
     "reports_with_a_fix": 29,
     "search_radius_m": 123.4,
     "snr": 24.59,
     "length_m_approx": 33.2,
     "pixels": 11,
     "scene": "S1A_IW_GRDH_1SDV_20240410T225906_20240410T225931_053378_067942_A9AE_COG.SAFE"
    }
   }
  },
  {
   "type": "Feature",
   "geometry": {
    "type": "Point",
    "coordinates": [
     -76.1500793545092,
     39.35918374429845
    ]
   },
   "properties": {
    "kind": "unmatched",
    "domain": "sea",
    "t_start": "2024-04-10T22:59:06+00:00",
    "t_end": "2024-04-10T22:59:06+00:00",
    "duration_s": 0.0,
    "confidence": 0.753448275862069,
    "platform_ids": [],
    "evidence": {
     "sensor": "sentinel1-vv-cfar",
     "detector_confidence": 0.95,
     "detection_rate_this_pass": 0.793,
     "reports_considered": 29,
     "reports_with_a_fix": 29,
     "search_radius_m": 121.4,
     "snr": 22.79,
     "length_m_approx": 31.6,
     "pixels": 10,
     "scene": "S1A_IW_GRDH_1SDV_20240410T225906_20240410T225931_053378_067942_A9AE_COG.SAFE"
    }
   }
  },
  {
   "type": "Feature",
   "geometry": {
    "type": "Point",
    "coordinates": [
     -76.07450059714603,
     39.42967867586605
    ]
   },
   "properties": {
    "kind": "unmatched",
    "domain": "sea",
    "t_start": "2024-04-10T22:59:06+00:00",
    "t_end": "2024-04-10T22:59:06+00:00",
    "duration_s": 0.0,
    "confidence": 0.753448275862069,
    "platform_ids": [],
    "evidence": {
     "sensor": "sentinel1-vv-cfar",
     "detector_confidence": 0.95,
     "detection_rate_this_pass": 0.793,
     "reports_considered": 29,
     "reports_with_a_fix": 29,
     "search_radius_m": 149.6,
     "snr": 21.51,
     "length_m_approx": 52.0,
     "pixels": 27,
     "scene": "S1A_IW_GRDH_1SDV_20240410T225906_20240410T225931_053378_067942_A9AE_COG.SAFE"
    }
   }
  },
  {
   "type": "Feature",
   "geometry": {
    "type": "Point",
    "coordinates": [
     -76.09242897547345,
     39.502790352214376
    ]
   },
   "properties": {
    "kind": "unmatched",
    "domain": "sea",
    "t_start": "2024-04-10T22:59:06+00:00",
    "t_end": "2024-04-10T22:59:06+00:00",
    "duration_s": 0.0,
    "confidence": 0.753448275862069,
    "platform_ids": [],
    "evidence": {
     "sensor": "sentinel1-vv-cfar",
     "detector_confidence": 0.95,
     "detection_rate_this_pass": 0.793,
     "reports_considered": 29,
     "reports_with_a_fix": 29,
     "search_radius_m": 190.6,
     "snr": 20.89,
     "length_m_approx": 76.2,
     "pixels": 58,
     "scene": "S1A_IW_GRDH_1SDV_20240410T225906_20240410T225931_053378_067942_A9AE_COG.SAFE"
    }
   }
  },
  {
   "type": "Feature",
   "geometry": {
    "type": "Point",
    "coordinates": [
     -76.1275049343433,
     39.36821437200699
    ]
   },
   "properties": {
    "kind": "unmatched",
    "domain": "sea",
    "t_start": "2024-04-10T22:59:06+00:00",
    "t_end": "2024-04-10T22:59:06+00:00",
    "duration_s": 0.0,
    "confidence": 0.753448275862069,
    "platform_ids": [],
    "evidence": {
     "sensor": "sentinel1-vv-cfar",
     "detector_confidence": 0.95,
     "detection_rate_this_pass": 0.793,
     "reports_considered": 29,
     "reports_with_a_fix": 29,
     "search_radius_m": 121.4,
     "snr": 19.88,
     "length_m_approx": 31.6,
     "pixels": 10,
     "scene": "S1A_IW_GRDH_1SDV_20240410T225906_20240410T225931_053378_067942_A9AE_COG.SAFE"
    }
   }
  },
  {
   "type": "Feature",
   "geometry": {
    "type": "Point",
    "coordinates": [
     -76.16988019653377,
     39.34742040602377
    ]
   },
   "properties": {
    "kind": "unmatched",
    "domain": "sea",
    "t_start": "2024-04-10T22:59:06+00:00",
    "t_end": "2024-04-10T22:59:06+00:00",
    "duration_s": 0.0,
    "confidence": 0.753448275862069,
    "platform_ids": [],
    "evidence": {
     "sensor": "sentinel1-vv-cfar",
     "detector_confidence": 0.95,
     "detection_rate_this_pass": 0.793,
     "reports_considered": 29,
     "reports_with_a_fix": 29,
     "search_radius_m": 121.4,
     "snr": 19.21,
     "length_m_approx": 31.6,
     "pixels": 10,
     "scene": "S1A_IW_GRDH_1SDV_20240410T225906_20240410T225931_053378_067942_A9AE_COG.SAFE"
    }
   }
  },
  {
   "type": "Feature",
   "geometry": {
    "type": "Point",
    "coordinates": [
     -76.05236083731438,
     39.441143834364325
    ]
   },
   "properties": {
    "kind": "unmatched",
    "domain": "sea",
    "t_start": "2024-04-10T22:59:06+00:00",
    "t_end": "2024-04-10T22:59:06+00:00",
    "duration_s": 0.0,
    "confidence": 0.7399655172413794,
    "platform_ids": [],
    "evidence": {
     "sensor": "sentinel1-vv-cfar",
     "detector_confidence": 0.933,
     "detection_rate_this_pass": 0.793,
     "reports_considered": 29,
     "reports_with_a_fix": 29,
     "search_radius_m": 117.8,
     "snr": 18.66,
     "length_m_approx": 28.3,
     "pixels": 8,
     "scene": "S1A_IW_GRDH_1SDV_20240410T225906_20240410T225931_053378_067942_A9AE_COG.SAFE"
    }
   }
  },
  {
   "type": "Feature",
   "geometry": {
    "type": "Point",
    "coordinates": [
     -76.19000468846835,
     39.33851270169877
    ]
   },
   "properties": {
    "kind": "unmatched",
    "domain": "sea",
    "t_start": "2024-04-10T22:59:06+00:00",
    "t_end": "2024-04-10T22:59:06+00:00",
    "duration_s": 0.0,
    "confidence": 0.7328275862068966,
    "platform_ids": [],
    "evidence": {
     "sensor": "sentinel1-vv-cfar",
     "detector_confidence": 0.924,
     "detection_rate_this_pass": 0.793,
     "reports_considered": 29,
     "reports_with_a_fix": 29,
     "search_radius_m": 137.3,
     "snr": 18.48,
     "length_m_approx": 33.2,
     "pixels": 11,
     "scene": "S1A_IW_GRDH_1SDV_20240410T225906_20240410T225931_053378_067942_A9AE_COG.SAFE"
    }
   }
  },
  {
   "type": "Feature",
   "geometry": {
    "type": "Point",
    "coordinates": [
     -76.18195755933768,
     39.35670130934382
    ]
   },
   "properties": {
    "kind": "unmatched",
    "domain": "sea",
    "t_start": "2024-04-10T22:59:06+00:00",
    "t_end": "2024-04-10T22:59:06+00:00",
    "duration_s": 0.0,
    "confidence": 0.7225172413793104,
    "platform_ids": [],
    "evidence": {
     "sensor": "sentinel1-vv-cfar",
     "detector_confidence": 0.911,
     "detection_rate_this_pass": 0.793,
     "reports_considered": 29,
     "reports_with_a_fix": 29,
     "search_radius_m": 133.7,
     "snr": 18.22,
     "length_m_approx": 30.0,
     "pixels": 9,
     "scene": "S1A_IW_GRDH_1SDV_20240410T225906_20240410T225931_053378_067942_A9AE_COG.SAFE"
    }
   }
  },
  {
   "type": "Feature",
   "geometry": {
    "type": "Point",
    "coordinates": [
     -76.19129980671048,
     39.332605490610106
    ]
   },
   "properties": {
    "kind": "unmatched",
    "domain": "sea",
    "t_start": "2024-04-10T22:59:06+00:00",
    "t_end": "2024-04-10T22:59:06+00:00",
    "duration_s": 0.0,
    "confidence": 0.7217241379310345,
    "platform_ids": [],
    "evidence": {
     "sensor": "sentinel1-vv-cfar",
     "detector_confidence": 0.91,
     "detection_rate_this_pass": 0.793,
     "reports_considered": 29,
     "reports_with_a_fix": 29,
     "search_radius_m": 132.3,
     "snr": 18.2,
     "length_m_approx": 28.3,
     "pixels": 8,
     "scene": "S1A_IW_GRDH_1SDV_20240410T225906_20240410T225931_053378_067942_A9AE_COG.SAFE"
    }
   }
  },
  {
   "type": "Feature",
   "geometry": {
    "type": "Point",
    "coordinates": [
     -76.1914703684732,
     39.32969477425955
    ]
   },
   "properties": {
    "kind": "unmatched",
    "domain": "sea",
    "t_start": "2024-04-10T22:59:06+00:00",
    "t_end": "2024-04-10T22:59:06+00:00",
    "duration_s": 0.0,
    "confidence": 0.6638275862068965,
    "platform_ids": [],
    "evidence": {
     "sensor": "sentinel1-vv-cfar",
     "detector_confidence": 0.837,
     "detection_rate_this_pass": 0.793,
     "reports_considered": 29,
     "reports_with_a_fix": 29,
     "search_radius_m": 138.7,
     "snr": 16.73,
     "length_m_approx": 34.6,
     "pixels": 12,
     "scene": "S1A_IW_GRDH_1SDV_20240410T225906_20240410T225931_053378_067942_A9AE_COG.SAFE"
    }
   }
  },
  {
   "type": "Feature",
   "geometry": {
    "type": "Point",
    "coordinates": [
     -76.17852073084077,
     39.339904246447865
    ]
   },
   "properties": {
    "kind": "unmatched",
    "domain": "sea",
    "t_start": "2024-04-10T22:59:06+00:00",
    "t_end": "2024-04-10T22:59:06+00:00",
    "duration_s": 0.0,
    "confidence": 0.6416206896551725,
    "platform_ids": [],
    "evidence": {
     "sensor": "sentinel1-vv-cfar",
     "detector_confidence": 0.809,
     "detection_rate_this_pass": 0.793,
     "reports_considered": 29,
     "reports_with_a_fix": 29,
     "search_radius_m": 137.3,
     "snr": 16.19,
     "length_m_approx": 33.2,
     "pixels": 11,
     "scene": "S1A_IW_GRDH_1SDV_20240410T225906_20240410T225931_053378_067942_A9AE_COG.SAFE"
    }
   }
  },
  {
   "type": "Feature",
   "geometry": {
    "type": "Point",
    "coordinates": [
     -76.07599244472759,
     39.4301020880861
    ]
   },
   "properties": {
    "kind": "unmatched",
    "domain": "sea",
    "t_start": "2024-04-10T22:59:06+00:00",
    "t_end": "2024-04-10T22:59:06+00:00",
    "duration_s": 0.0,
    "confidence": 0.621,
    "platform_ids": [],
    "evidence": {
     "sensor": "sentinel1-vv-cfar",
     "detector_confidence": 0.783,
     "detection_rate_this_pass": 0.793,
     "reports_considered": 29,
     "reports_with_a_fix": 29,
     "search_radius_m": 140.5,
     "snr": 15.65,
     "length_m_approx": 45.8,
     "pixels": 21,
     "scene": "S1A_IW_GRDH_1SDV_20240410T225906_20240410T225931_053378_067942_A9AE_COG.SAFE"
    }
   }
  },
  {
   "type": "Feature",
   "geometry": {
    "type": "Point",
    "coordinates": [
     -76.10113794902901,
     39.37918688934698
    ]
   },
   "properties": {
    "kind": "unmatched",
    "domain": "sea",
    "t_start": "2024-04-10T22:59:06+00:00",
    "t_end": "2024-04-10T22:59:06+00:00",
    "duration_s": 0.0,
    "confidence": 0.6114827586206897,
    "platform_ids": [],
    "evidence": {
     "sensor": "sentinel1-vv-cfar",
     "detector_confidence": 0.771,
     "detection_rate_this_pass": 0.793,
     "reports_considered": 29,
     "reports_with_a_fix": 29,
     "search_radius_m": 115.8,
     "snr": 15.41,
     "length_m_approx": 26.5,
     "pixels": 7,
     "scene": "S1A_IW_GRDH_1SDV_20240410T225906_20240410T225931_053378_067942_A9AE_COG.SAFE"
    }
   }
  },
  {
   "type": "Feature",
   "geometry": {
    "type": "Point",
    "coordinates": [
     -76.17181259158491,
     39.34883791464211
    ]
   },
   "properties": {
    "kind": "unmatched",
    "domain": "sea",
    "t_start": "2024-04-10T22:59:06+00:00",
    "t_end": "2024-04-10T22:59:06+00:00",
    "duration_s": 0.0,
    "confidence": 0.6003793103448276,
    "platform_ids": [],
    "evidence": {
     "sensor": "sentinel1-vv-cfar",
     "detector_confidence": 0.757,
     "detection_rate_this_pass": 0.793,
     "reports_considered": 29,
     "reports_with_a_fix": 29,
     "search_radius_m": 121.4,
     "snr": 15.14,
     "length_m_approx": 31.6,
     "pixels": 10,
     "scene": "S1A_IW_GRDH_1SDV_20240410T225906_20240410T225931_053378_067942_A9AE_COG.SAFE"
    }
   }
  },
  {
   "type": "Feature",
   "geometry": {
    "type": "Point",
    "coordinates": [
     -75.54081246080997,
     39.51653139779209
    ]
   },
   "properties": {
    "kind": "unmatched",
    "domain": "sea",
    "t_start": "2024-04-10T22:59:06+00:00",
    "t_end": "2024-04-10T22:59:06+00:00",
    "duration_s": 0.0,
    "confidence": 0.753448275862069,
    "platform_ids": [],
    "evidence": {
     "sensor": "sentinel1-vv-cfar",
     "detector_confidence": 0.95,
     "detection_rate_this_pass": 0.793,
     "reports_considered": 29,
     "reports_with_a_fix": 29,
     "search_radius_m": 104.6,
     "snr": 28.13,
     "length_m_approx": 31.6,
     "pixels": 10,
     "scene": "S1A_IW_GRDH_1SDV_20240410T225906_20240410T225931_053378_067942_A9AE_COG.SAFE"
    }
   }
  },
  {
   "type": "Feature",
   "geometry": {
    "type": "Point",
    "coordinates": [
     -75.54262557176898,
     39.43859061000789
    ]
   },
   "properties": {
    "kind": "unmatched",
    "domain": "sea",
    "t_start": "2024-04-10T22:59:06+00:00",
    "t_end": "2024-04-10T22:59:06+00:00",
    "duration_s": 0.0,
    "confidence": 0.753448275862069,
    "platform_ids": [],
    "evidence": {
     "sensor": "sentinel1-vv-cfar",
     "detector_confidence": 0.95,
     "detection_rate_this_pass": 0.793,
     "reports_considered": 29,
     "reports_with_a_fix": 29,
     "search_radius_m": 110.7,
     "snr": 27.04,
     "length_m_approx": 36.1,
     "pixels": 13,
     "scene": "S1A_IW_GRDH_1SDV_20240410T225906_20240410T225931_053378_067942_A9AE_COG.SAFE"
    }
   }
  },
  {
   "type": "Feature",
   "geometry": {
    "type": "Point",
    "coordinates": [
     -75.56106022528198,
     39.45491749347031
    ]
   },
   "properties": {
    "kind": "unmatched",
    "domain": "sea",
    "t_start": "2024-04-10T22:59:06+00:00",
    "t_end": "2024-04-10T22:59:06+00:00",
    "duration_s": 0.0,
    "confidence": 0.7471034482758621,
    "platform_ids": [],
    "evidence": {
     "sensor": "sentinel1-vv-cfar",
     "detector_confidence": 0.942,
     "detection_rate_this_pass": 0.793,
     "reports_considered": 29,
     "reports_with_a_fix": 29,
     "search_radius_m": 102.3,
     "snr": 18.83,
     "length_m_approx": 30.0,
     "pixels": 9,
     "scene": "S1A_IW_GRDH_1SDV_20240410T225906_20240410T225931_053378_067942_A9AE_COG.SAFE"
    }
   }
  },
  {
   "type": "Feature",
   "geometry": {
    "type": "Point",
    "coordinates": [
     -75.56933812597791,
     39.463999881320944
    ]
   },
   "properties": {
    "kind": "unmatched",
    "domain": "sea",
    "t_start": "2024-04-10T22:59:06+00:00",
    "t_end": "2024-04-10T22:59:06+00:00",
    "duration_s": 0.0,
    "confidence": 0.6741379310344827,
    "platform_ids": [],
    "evidence": {
     "sensor": "sentinel1-vv-cfar",
     "detector_confidence": 0.85,
     "detection_rate_this_pass": 0.793,
     "reports_considered": 29,
     "reports_with_a_fix": 29,
     "search_radius_m": 122.4,
     "snr": 16.99,
     "length_m_approx": 43.6,
     "pixels": 19,
     "scene": "S1A_IW_GRDH_1SDV_20240410T225906_20240410T225931_053378_067942_A9AE_COG.SAFE"
    }
   }
  },
  {
   "type": "Feature",
   "geometry": {
    "type": "Point",
    "coordinates": [
     -75.53668954676941,
     39.55215877947403
    ]
   },
   "properties": {
    "kind": "unmatched",
    "domain": "sea",
    "t_start": "2024-04-10T22:59:06+00:00",
    "t_end": "2024-04-10T22:59:06+00:00",
    "duration_s": 0.0,
    "confidence": 0.5956206896551725,
    "platform_ids": [],
    "evidence": {
     "sensor": "sentinel1-vv-cfar",
     "detector_confidence": 0.751,
     "detection_rate_this_pass": 0.793,
     "reports_considered": 29,
     "reports_with_a_fix": 29,
     "search_radius_m": 102.3,
     "snr": 15.02,
     "length_m_approx": 30.0,
     "pixels": 9,
     "scene": "S1A_IW_GRDH_1SDV_20240410T225906_20240410T225931_053378_067942_A9AE_COG.SAFE"
    }
   }
  }
 ]
}