{
 "type": "FeatureCollection",
 "properties": {
  "scene": "S1A_IW_GRDH_1SDV_20240715T225812_20240715T225841_054778_06AB8D_C664_COG.SAFE",
  "acquired": "2024-07-15T22:58:12+00:00",
  "geolocation_rms_m": 2.6,
  "geolocation_holdout_m": 8.2,
  "geolocation_median_m": 9.4,
  "geolocation_p90_m": 9.7,
  "geolocation_worst_m": 14.8,
  "geolocation_uneven": false,
  "geolocation_convergence": 3.56,
  "geolocation_method": "geolocation grid (bilinear)",
  "geolocation_validation": "holdout at 2x spacing",
  "tiles": 130,
  "tiles_skipped": 0,
  "k_sigma": 6.0,
  "land_masked": true,
  "water_fraction": 0.777,
  "land_sea_contrast": 2.1,
  "coast_blind_m": 605.0,
  "searched_km2": 36621.6,
  "refused_km2": 0.0,
  "tiles_without_water": 11,
  "outside_aoi": 80,
  "aoi_sea": [
   -77.2,
   36.0,
   -71.0,
   39.6
  ],
  "footprint": [
   [
    -75.80793,
    34.68062
   ],
   [
    -75.57906,
    34.71657
   ],
   [
    -75.35,
    34.7521
   ],
   [
    -75.12076,
    34.78722
   ],
   [
    -74.8913,
    34.82188
   ],
   [
    -74.66166,
    34.85612
   ],
   [
    -74.43184,
    34.88994
   ],
   [
    -74.20182,
    34.9233
   ],
   [
    -73.97162,
    34.95624
   ],
   [
    -73.74125,
    34.98876
   ],
   [
    -73.51068,
    35.0208
   ],
   [
    -73.27994,
    35.05243
   ],
   [
    -73.04903,
    35.08364
   ],
   [
    -73.07838,
    35.22914
   ],
   [
    -73.10775,
    35.37464
   ],
   [
    -73.13715,
    35.52014
   ],
   [
    -73.16657,
    35.66563
   ],
   [
    -73.19603,
    35.81111
   ],
   [
    -73.22551,
    35.95659
   ],
   [
    -73.25502,
    36.10206
   ],
   [
    -73.28456,
    36.24753
   ],
   [
    -73.31412,
    36.39299
   ],
   [
    -73.34372,
    36.53845
   ],
   [
    -73.37334,
    36.6839
   ],
   [
    -73.40299,
    36.82935
   ],
   [
    -73.6391,
    36.79848
   ],
   [
    -73.87503,
    36.76716
   ],
   [
    -74.11078,
    36.73539
   ],
   [
    -74.34631,
    36.70313
   ],
   [
    -74.58166,
    36.67041
   ],
   [
    -74.81681,
    36.63725
   ],
   [
    -75.05174,
    36.60359
   ],
   [
    -75.28648,
    36.56949
   ],
   [
    -75.52101,
    36.53494
   ],
   [
    -75.75532,
    36.4999
   ],
   [
    -75.98942,
    36.46442
   ],
   [
    -76.22328,
    36.42851
   ],
   [
    -76.18831,
    36.28289
   ],
   [
    -76.15345,
    36.13726
   ],
   [
    -76.11861,
    35.99163
   ],
   [
    -76.08384,
    35.84599
   ],
   [
    -76.04912,
    35.70035
   ],
   [
    -76.01446,
    35.5547
   ],
   [
    -75.9799,
    35.40903
   ],
   [
    -75.94539,
    35.26336
   ],
   [
    -75.91094,
    35.11769
   ],
   [
    -75.87655,
    34.97201
   ],
   [
    -75.84221,
    34.82632
   ]
  ],
  "searched_grid": {
   "cell_deg": 0.01,
   "lon0": -76.23,
   "lat0": 34.74,
   "levels": 10,
   "rows": {
    "5": [
     [
      111,
      1,
      1
     ],
     [
      115,
      1,
      1
     ],
     [
      116,
      2,
      4
     ]
    ],
    "6": [
     [
      116,
      1,
      6
     ],
     [
      117,
      1,
      1
     ],
     [
      118,
      2,
      8
     ],
     [
      120,
      2,
      7
     ],
     [
      122,
      2,
      5
     ]
    ],
    "7": [
     [
      118,
      1,
      2
     ],
     [
      119,
      1,
      10
     ],
     [
      120,
      1,
      8
     ],
     [
      121,
      3,
      10
     ],
     [
      124,
      1,
      3
     ],
     [
      125,
      1,
      6
     ],
     [
      126,
      1,
      7
     ],
     [
      127,
      2,
      6
     ]
    ],
    "8": [
     [
      121,
      1,
      3
     ],
     [
      122,
      1,
      10
     ],
     [
      123,
      1,
      8
     ],
     [
      124,
      2,
      1
     ],
     [
      126,
      1,
      8
     ],
     [
      127,
      1,
      10
     ],
     [
      128,
      1,
      6
     ],
     [
      131,
      2,
      9
     ],
     [
      133,
      1,
      7
     ],
     [
      134,
      1,
      2
     ]
    ],
    "9": [
     [
      120,
      1,
      2
     ],
     [
      121,
      1,
      6
     ],
     [
      122,
      2,
      10
     ],
     [
      124,
      1,
      8
     ],
     [
      125,
      1,
      3
     ],
     [
      126,
      2,
      7
     ],
     [
      128,
      1,
      5
     ],
     [
      131,
      1,
      5
     ],
     [
      132,
      2,
      10
     ],
     [
      134,
      1,
      2
     ]
    ],
    "10": [
     [
      120,
      1,
      5
     ],
     [
      121,
      1,
      6
     ],
     [
      122,
      4,
      10
     ],
     [
      126,
      1,
      2
     ],
     [
      128,
      1,
      4
     ],
     [
      129,
      1,
      3
     ],
     [
      130,
      1,
      2
     ],
     [
      131,
      1,
      6
     ],
     [
      132,
      2,
      10
     ]
    ],
    "11": [
     [
      119,
      1,
      3
     ],
     [
      120,
      6,
      10
     ],
     [
      126,
      2,
      1
     ],
     [
      128,
      1,
      9
     ],
     [
      129,
      4,
      10
     ],
     [
      133,
      1,
      7
     ]
    ],
    "12": [
     [
      119,
      1,
      3
     ],
     [
      121,
      1,
      7
     ],
     [
      122,
      4,
      10
     ],
     [
      126,
      1,
      4
     ],
     [
      128,
      1,
      9
     ],
     [
      129,
      3,
      10
     ],
     [
      132,
      1,
      8
     ],
     [
      133,
      1,
      3
     ]
    ],
    "13": [
     [
      109,
      1,
      1
     ],
     [
      122,
      1,
      9
     ],
     [
      123,
      3,
      10
     ],
     [
      126,
      1,
      8
     ],
     [
      127,
      1,
      3
     ],
     [
      128,
      4,
      10
     ],
     [
      132,
      1,
      2
     ]
    ],
    "14": [
     [
      108,
      1,
      1
     ],
     [
      115,
      1,
      2
     ],
     [
      118,
      1,
      4
     ],
     [
      119,
      1,
      10
     ],
     [
      120,
      1,
      7
     ],
     [
      122,
      1,
      8
     ],
     [
      123,
      8,
      10
     ],
     [
      131,
      1,
      7
     ]
    ],
    "15": [
     [
      107,
      1,
      2
     ],
     [
      111,
      1,
      3
     ],
     [
      112,
      1,
      1
     ],
     [
      114,
      1,
      2
     ],
     [
      115,
      1,
      10
     ],
     [
      116,
      2,
      2
     ],
     [
      118,
      2,
      10
     ],
     [
      120,
      1,
      7
     ],
     [
      122,
      1,
      5
     ],
     [
      123,
      8,
      10
     ],
     [
      131,
      1,
      1
     ],
     [
      133,
      1,
      3
     ],
     [
      135,
      1,
      5
     ],
     [
      136,
      2,
      7
     ],
     [
      138,
      1,
      4
     ],
     [
      139,
      1,
      2
     ],
     [
      140,
      1,
      1
     ]
    ],
    "16": [
     [
      107,
      1,
      1
     ],
     [
      112,
      1,
      3
     ],
     [
      113,
      1,
      1
     ],
     [
      114,
      1,
      4
     ],
     [
      115,
      5,
      10
     ],
     [
      120,
      1,
      8
     ],
     [
      121,
      1,
      2
     ],
     [
      122,
      1,
      8
     ],
     [
      123,
      8,
      10
     ],
     [
      131,
      1,
      4
     ],
     [
      133,
      9,
      10
     ],
     [
      142,
      1,
      8
     ],
     [
      143,
      1,
      7
     ],
     [
      144,
      1,
      5
     ],
     [
      145,
      1,
      4
     ],
     [
      146,
      1,
      3
     ]
    ],
    "17": [
     [
      111,
      1,
      7
     ],
     [
      113,
      1,
      4
     ],
     [
      115,
      1,
      1
     ],
     [
      116,
      1,
      6
     ],
     [
      117,
      14,
      10
     ],
     [
      133,
      1,
      5
     ],
     [
      134,
      15,
      10
     ],
     [
      149,
      2,
      7
     ],
     [
      151,
      1,
      5
     ],
     [
      152,
      1,
      3
     ],
     [
      153,
      1,
      2
     ]
    ],
    "18": [
     [
      108,
      1,
      1
     ],
     [
      111,
      1,
      5
     ],
     [
      112,
      1,
      3
     ],
     [
      113,
      1,
      1
     ],
     [
      114,
      1,
      5
     ],
     [
      116,
      1,
      5
     ],
     [
      117,
      13,
      10
     ],
     [
      130,
      1,
      9
     ],
     [
      131,
      1,
      1
     ],
     [
      133,
      1,
      8
     ],
     [
      134,
      21,
      10
     ],
     [
      155,
      1,
      9
     ],
     [
      156,
      1,
      7
     ],
     [
      157,
      1,
      8
     ],
     [
      158,
      1,
      4
     ],
     [
      159,
      2,
      2
     ]
    ],
    "19": [
     [
      107,
      1,
      4
     ],
     [
      108,
      1,
      3
     ],
     [
      112,
      1,
      7
     ],
     [
      113,
      1,
      2
     ],
     [
      115,
      1,
      6
     ],
     [
      116,
      1,
      9
     ],
     [
      117,
      14,
      10
     ],
     [
      131,
      1,
      8
     ],
     [
      132,
      1,
      5
     ],
     [
      133,
      29,
      10
     ],
     [
      162,
      1,
      9
     ],
     [
      163,
      1,
      7
     ],
     [
      164,
      1,
      5
     ],
     [
      165,
      1,
      4
     ],
     [
      166,
      1,
      3
     ],
     [
      167,
      1,
      1
     ]
    ],
    "20": [
     [
      107,
      1,
      4
     ],
     [
      108,
      1,
      10
     ],
     [
      109,
      1,
      8
     ],
     [
      110,
      1,
      10
     ],
     [
      111,
      1,
      9
     ],
     [
      112,
      1,
      10
     ],
     [
      113,
      1,
      5
     ],
     [
      115,
      1,
      3
     ],
     [
      116,
      53,
      10
     ],
     [
      169,
      1,
      8
     ],
     [
      170,
      1,
      7
     ],
     [
      171,
      1,
      5
     ],
     [
      172,
      1,
      4
     ],
     [
      173,
      1,
      3
     ]
    ],
    "21": [
     [
      105,
      1,
      2
     ],
     [
      106,
      1,
      4
     ],
     [
      107,
      1,
      6
     ],
     [
      108,
      5,
      10
     ],
     [
      113,
      1,
      9
     ],
     [
      114,
      2,
      5
     ],
     [
      116,
      60,
      10
     ],
     [
      176,
      2,
      8
     ],
     [
      178,
      1,
      5
     ],
     [
      179,
      1,
      2
     ],
     [
      180,
      1,
      3
     ]
    ],
    "22": [
     [
      102,
      1,
      1
     ],
     [
      103,
      1,
      4
     ],
     [
      104,
      1,
      3
     ],
     [
      105,
      1,
      8
     ],
     [
      106,
      35,
      10
     ],
     [
      141,
      1,
      9
     ],
     [
      142,
      1,
      7
     ],
     [
      143,
      1,
      9
     ],
     [
      144,
      39,
      10
     ],
     [
      183,
      2,
      7
     ],
     [
      185,
      1,
      5
     ],
     [
      186,
      1,
      3
     ],
     [
      187,
      1,
      2
     ]
    ],
    "23": [
     [
      103,
      1,
      8
     ],
     [
      104,
      37,
      10
     ],
     [
      141,
      1,
      3
     ],
     [
      143,
      1,
      9
     ],
     [
      144,
      46,
      10
     ],
     [
      190,
      1,
      7
     ],
     [
      191,
      1,
      6
     ],
     [
      192,
      1,
      5
     ],
     [
      193,
      1,
      3
     ],
     [
      194,
      1,
      2
     ]
    ],
    "24": [
     [
      103,
      38,
      10
     ],
     [
      141,
      1,
      8
     ],
     [
      142,
      1,
      2
     ],
     [
      143,
      53,
      10
     ],
     [
      196,
      1,
      9
     ],
     [
      197,
      1,
      8
     ],
     [
      198,
      1,
      7
     ],
     [
      199,
      2,
      3
     ],
     [
      201,
      1,
      2
     ]
    ],
    "25": [
     [
      102,
      1,
      2
     ],
     [
      103,
      100,
      10
     ],
     [
      203,
      1,
      9
     ],
     [
      204,
      2,
      7
     ],
     [
      206,
      1,
      5
     ],
     [
      207,
      1,
      4
     ],
     [
      208,
      1,
      1
     ]
    ],
    "26": [
     [
      103,
      1,
      7
     ],
     [
      104,
      1,
      3
     ],
     [
      105,
      1,
      8
     ],
     [
      106,
      104,
      10
     ],
     [
      210,
      1,
      9
     ],
     [
      211,
      1,
      7
     ],
     [
      212,
      1,
      6
     ],
     [
      213,
      1,
      5
     ],
     [
      214,
      1,
      4
     ],
     [
      215,
      1,
      2
     ]
    ],
    "27": [
     [
      103,
      1,
      1
     ],
     [
      105,
      1,
      8
     ],
     [
      106,
      111,
      10
     ],
     [
      217,
      1,
      9
     ],
     [
      218,
      1,
      7
     ],
     [
      219,
      1,
      6
     ],
     [
      220,
      1,
      5
     ],
     [
      221,
      1,
      3
     ],
     [
      222,
      1,
      2
     ]
    ],
    "28": [
     [
      105,
      1,
      7
     ],
     [
      106,
      118,
      10
     ],
     [
      224,
      1,
      9
     ],
     [
      225,
      1,
      7
     ],
     [
      226,
      1,
      8
     ],
     [
      227,
      1,
      3
     ]
    ],
    "29": [
     [
      105,
      1,
      4
     ],
     [
      106,
      1,
      9
     ],
     [
      107,
      120,
      10
     ],
     [
      227,
      1,
      6
     ]
    ],
    "30": [
     [
      106,
      1,
      5
     ],
     [
      107,
      120,
      10
     ],
     [
      227,
      1,
      4
     ]
    ],
    "31": [
     [
      105,
      1,
      4
     ],
     [
      106,
      1,
      9
     ],
     [
      107,
      120,
      10
     ],
     [
      227,
      1,
      3
     ]
    ],
    "32": [
     [
      105,
      1,
      9
     ],
     [
      106,
      121,
      10
     ]
    ],
    "33": [
     [
      105,
      1,
      7
     ],
     [
      106,
      120,
      10
     ],
     [
      226,
      1,
      8
     ]
    ],
    "34": [
     [
      105,
      1,
      2
     ],
     [
      106,
      120,
      10
     ],
     [
      226,
      1,
      9
     ],
     [
      227,
      1,
      5
     ],
     [
      228,
      2,
      3
     ]
    ],
    "35": [
     [
      104,
      1,
      8
     ],
     [
      105,
      1,
      6
     ],
     [
      106,
      1,
      8
     ],
     [
      107,
      1,
      7
     ],
     [
      108,
      1,
      5
     ],
     [
      109,
      1,
      2
     ],
     [
      110,
      1,
      6
     ],
     [
      111,
      121,
      10
     ],
     [
      232,
      1,
      8
     ],
     [
      233,
      1,
      7
     ],
     [
      234,
      1,
      5
     ],
     [
      235,
      1,
      4
     ],
     [
      236,
      1,
      3
     ],
     [
      237,
      1,
      1
     ]
    ],
    "36": [
     [
      104,
      1,
      7
     ],
     [
      105,
      1,
      10
     ],
     [
      110,
      1,
      4
     ],
     [
      111,
      128,
      10
     ],
     [
      239,
      2,
      8
     ],
     [
      241,
      1,
      6
     ],
     [
      242,
      2,
      3
     ],
     [
      244,
      1,
      1
     ]
    ],
    "37": [
     [
      103,
      1,
      1
     ],
     [
      104,
      2,
      7
     ],
     [
      106,
      1,
      6
     ],
     [
      107,
      1,
      5
     ],
     [
      108,
      1,
      2
     ],
     [
      110,
      136,
      10
     ],
     [
      246,
      1,
      8
     ],
     [
      247,
      1,
      7
     ],
     [
      248,
      1,
      6
     ],
     [
      249,
      1,
      4
     ],
     [
      250,
      2,
      2
     ]
    ],
    "38": [
     [
      103,
      1,
      6
     ],
     [
      104,
      1,
      9
     ],
     [
      106,
      1,
      2
     ],
     [
      107,
      1,
      7
     ],
     [
      109,
      1,
      2
     ],
     [
      110,
      143,
      10
     ],
     [
      253,
      1,
      9
     ],
     [
      254,
      1,
      7
     ],
     [
      255,
      1,
      6
     ],
     [
      256,
      1,
      5
     ],
     [
      257,
      1,
      3
     ],
     [
      258,
      1,
      2
     ]
    ],
    "39": [
     [
      103,
      1,
      4
     ],
     [
      104,
      1,
      8
     ],
     [
      106,
      1,
      3
     ],
     [
      107,
      1,
      5
     ],
     [
      109,
      1,
      6
     ],
     [
      110,
      151,
      10
     ],
     [
      261,
      2,
      7
     ],
     [
      263,
      1,
      5
     ],
     [
      264,
      2,
      3
     ]
    ],
    "40": [
     [
      96,
      1,
      1
     ],
     [
      97,
      1,
      2
     ],
     [
      102,
      1,
      8
     ],
     [
      103,
      1,
      10
     ],
     [
      104,
      1,
      9
     ],
     [
      105,
      1,
      7
     ],
     [
      106,
      1,
      8
     ],
     [
      107,
      1,
      2
     ],
     [
      109,
      159,
      10
     ],
     [
      268,
      1,
      8
     ],
     [
      269,
      1,
      7
     ],
     [
      270,
      1,
      5
     ],
     [
      271,
      1,
      4
     ],
     [
      272,
      1,
      3
     ],
     [
      273,
      1,
      1
     ]
    ],
    "41": [
     [
      96,
      1,
      1
     ],
     [
      97,
      1,
      10
     ],
     [
      98,
      1,
      1
     ],
     [
      102,
      5,
      10
     ],
     [
      108,
      1,
      5
     ],
     [
      109,
      166,
      10
     ],
     [
      275,
      2,
      8
     ],
     [
      277,
      1,
      6
     ],
     [
      278,
      1,
      4
     ],
     [
      279,
      1,
      3
     ],
     [
      280,
      1,
      2
     ]
    ],
    "42": [
     [
      96,
      1,
      1
     ],
     [
      97,
      2,
      10
     ],
     [
      99,
      1,
      7
     ],
     [
      100,
      1,
      1
     ],
     [
      102,
      1,
      9
     ],
     [
      103,
      3,
      10
     ],
     [
      106,
      1,
      7
     ],
     [
      108,
      1,
      4
     ],
     [
      109,
      173,
      10
     ],
     [
      282,
      1,
      9
     ],
     [
      283,
      2,
      7
     ],
     [
      285,
      1,
      5
     ],
     [
      286,
      2,
      2
     ]
    ],
    "43": [
     [
      97,
      1,
      7
     ],
     [
      98,
      2,
      10
     ],
     [
      100,
      1,
      8
     ],
     [
      101,
      1,
      7
     ],
     [
      102,
      4,
      10
     ],
     [
      106,
      1,
      7
     ],
     [
      108,
      1,
      6
     ],
     [
      109,
      181,
      10
     ],
     [
      290,
      1,
      8
     ],
     [
      291,
      1,
      7
     ],
     [
      292,
      1,
      5
     ],
     [
      293,
      1,
      4
     ],
     [
      294,
      1,
      3
     ]
    ],
    "44": [
     [
      97,
      1,
      4
     ],
     [
      98,
      199,
      10
     ],
     [
      297,
      1,
      8
     ],
     [
      298,
      1,
      7
     ],
     [
      299,
      1,
      5
     ],
     [
      300,
      1,
      4
     ],
     [
      301,
      1,
      3
     ],
     [
      302,
      1,
      1
     ]
    ],
    "45": [
     [
      97,
      1,
      5
     ],
     [
      98,
      207,
      10
     ],
     [
      305,
      2,
      7
     ],
     [
      307,
      1,
      5
     ],
     [
      308,
      2,
      3
     ]
    ],
    "46": [
     [
      97,
      1,
      7
     ],
     [
      98,
      212,
      10
     ],
     [
      310,
      1,
      7
     ]
    ],
    "47": [
     [
      95,
      1,
      1
     ],
     [
      96,
      1,
      6
     ],
     [
      97,
      1,
      10
     ],
     [
      98,
      1,
      4
     ],
     [
      99,
      1,
      7
     ],
     [
      100,
      1,
      8
     ],
     [
      101,
      209,
      10
     ],
     [
      310,
      1,
      4
     ]
    ],
    "48": [
     [
      95,
      1,
      3
     ],
     [
      96,
      2,
      10
     ],
     [
      98,
      1,
      2
     ],
     [
      100,
      1,
      3
     ],
     [
      101,
      23,
      10
     ],
     [
      125,
      1,
      4
     ],
     [
      126,
      1,
      10
     ],
     [
      127,
      1,
      8
     ],
     [
      128,
      182,
      10
     ],
     [
      310,
      1,
      4
     ]
    ],
    "49": [
     [
      96,
      1,
      8
     ],
     [
      97,
      1,
      10
     ],
     [
      98,
      2,
      8
     ],
     [
      100,
      1,
      7
     ],
     [
      101,
      22,
      10
     ],
     [
      123,
      1,
      6
     ],
     [
      125,
      1,
      2
     ],
     [
      126,
      1,
      4
     ],
     [
      129,
      1,
      8
     ],
     [
      130,
      180,
      10
     ]
    ],
    "50": [
     [
      96,
      1,
      1
     ],
     [
      97,
      25,
      10
     ],
     [
      122,
      1,
      8
     ],
     [
      123,
      1,
      2
     ],
     [
      127,
      1,
      1
     ],
     [
      128,
      1,
      4
     ],
     [
      129,
      1,
      8
     ],
     [
      130,
      180,
      10
     ]
    ],
    "51": [
     [
      97,
      15,
      10
     ],
     [
      112,
      1,
      3
     ],
     [
      113,
      1,
      2
     ],
     [
      114,
      8,
      10
     ],
     [
      122,
      1,
      3
     ],
     [
      126,
      1,
      2
     ],
     [
      127,
      1,
      7
     ],
     [
      128,
      181,
      10
     ],
     [
      309,
      1,
      6
     ]
    ],
    "52": [
     [
      97,
      1,
      6
     ],
     [
      98,
      14,
      10
     ],
     [
      112,
      1,
      2
     ],
     [
      115,
      1,
      4
     ],
     [
      116,
      1,
      9
     ],
     [
      117,
      3,
      10
     ],
     [
      120,
      1,
      7
     ],
     [
      126,
      1,
      9
     ],
     [
      127,
      182,
      10
     ],
     [
      309,
      1,
      6
     ]
    ],
    "53": [
     [
      97,
      1,
      1
     ],
     [
      98,
      14,
      10
     ],
     [
      112,
      1,
      7
     ],
     [
      113,
      1,
      3
     ],
     [
      116,
      1,
      1
     ],
     [
      117,
      1,
      9
     ],
     [
      118,
      2,
      10
     ],
     [
      120,
      1,
      7
     ],
     [
      121,
      1,
      1
     ],
     [
      125,
      1,
      2
     ],
     [
      126,
      183,
      10
     ],
     [
      309,
      1,
      3
     ]
    ],
    "54": [
     [
      97,
      1,
      3
     ],
     [
      98,
      15,
      10
     ],
     [
      113,
      1,
      8
     ],
     [
      114,
      1,
      1
     ],
     [
      117,
      1,
      1
     ],
     [
      118,
      1,
      7
     ],
     [
      119,
      1,
      10
     ],
     [
      120,
      1,
      8
     ],
     [
      125,
      1,
      2
     ],
     [
      126,
      183,
      10
     ]
    ],
    "55": [
     [
      97,
      1,
      6
     ],
     [
      98,
      17,
      10
     ],
     [
      115,
      1,
      3
     ],
     [
      119,
      1,
      5
     ],
     [
      120,
      1,
      8
     ],
     [
      124,
      1,
      7
     ],
     [
      125,
      183,
      10
     ],
     [
      308,
      1,
      9
     ]
    ],
    "56": [
     [
      97,
      1,
      1
     ],
     [
      98,
      17,
      10
     ],
     [
      115,
      1,
      5
     ],
     [
      116,
      1,
      6
     ],
     [
      117,
      1,
      2
     ],
     [
      121,
      1,
      9
     ],
     [
      122,
      1,
      8
     ],
     [
      123,
      1,
      4
     ],
     [
      124,
      184,
      10
     ],
     [
      308,
      1,
      7
     ]
    ],
    "57": [
     [
      95,
      2,
      1
     ],
     [
      97,
      1,
      7
     ],
     [
      98,
      19,
      10
     ],
     [
      117,
      1,
      6
     ],
     [
      118,
      1,
      4
     ],
     [
      119,
      1,
      3
     ],
     [
      122,
      1,
      6
     ],
     [
      123,
      1,
      9
     ],
     [
      124,
      1,
      7
     ],
     [
      125,
      1,
      4
     ],
     [
      126,
      1,
      9
     ],
     [
      127,
      181,
      10
     ],
     [
      308,
      1,
      4
     ]
    ],
    "58": [
     [
      93,
      1,
      1
     ],
     [
      95,
      1,
      3
     ],
     [
      96,
      24,
      10
     ],
     [
      120,
      1,
      5
     ],
     [
      123,
      1,
      3
     ],
     [
      124,
      1,
      5
     ],
     [
      126,
      182,
      10
     ],
     [
      308,
      1,
      3
     ]
    ],
    "59": [
     [
      93,
      1,
      4
     ],
     [
      94,
      1,
      3
     ],
     [
      95,
      1,
      8
     ],
     [
      96,
      24,
      10
     ],
     [
      120,
      1,
      9
     ],
     [
      121,
      1,
      3
     ],
     [
      123,
      1,
      4
     ],
     [
      124,
      1,
      9
     ],
     [
      125,
      1,
      8
     ],
     [
      126,
      182,
      10
     ]
    ],
    "60": [
     [
      93,
      1,
      4
     ],
     [
      94,
      26,
      10
     ],
     [
      120,
      1,
      7
     ],
     [
      123,
      1,
      2
     ],
     [
      124,
      1,
      5
     ],
     [
      126,
      1,
      4
     ],
     [
      127,
      180,
      10
     ],
     [
      307,
      1,
      9
     ]
    ],
    "61": [
     [
      92,
      1,
      4
     ],
     [
      93,
      1,
      7
     ],
     [
      94,
      26,
      10
     ],
     [
      120,
      1,
      8
     ],
     [
      125,
      1,
      4
     ],
     [
      126,
      1,
      8
     ],
     [
      127,
      180,
      10
     ],
     [
      307,
      1,
      7
     ]
    ],
    "62": [
     [
      92,
      1,
      4
     ],
     [
      93,
      1,
      7
     ],
     [
      94,
      26,
      10
     ],
     [
      120,
      1,
      6
     ],
     [
      122,
      1,
      1
     ],
     [
      125,
      1,
      2
     ],
     [
      126,
      1,
      4
     ],
     [
      127,
      180,
      10
     ],
     [
      307,
      1,
      4
     ]
    ],
    "63": [
     [
      94,
      1,
      5
     ],
     [
      95,
      25,
      10
     ],
     [
      120,
      1,
      5
     ],
     [
      122,
      1,
      9
     ],
     [
      127,
      1,
      3
     ],
     [
      128,
      179,
      10
     ],
     [
      307,
      1,
      3
     ]
    ],
    "64": [
     [
      93,
      1,
      1
     ],
     [
      94,
      1,
      4
     ],
     [
      95,
      1,
      8
     ],
     [
      96,
      27,
      10
     ],
     [
      123,
      1,
      3
     ],
     [
      128,
      179,
      10
     ]
    ],
    "65": [
     [
      95,
      25,
      10
     ],
     [
      120,
      1,
      2
     ],
     [
      121,
      1,
      3
     ],
     [
      122,
      1,
      9
     ],
     [
      123,
      1,
      6
     ],
     [
      127,
      1,
      8
     ],
     [
      128,
      178,
      10
     ],
     [
      306,
      1,
      8
     ]
    ],
    "66": [
     [
      93,
      1,
      1
     ],
     [
      94,
      1,
      5
     ],
     [
      95,
      25,
      10
     ],
     [
      120,
      1,
      6
     ],
     [
      121,
      1,
      3
     ],
     [
      122,
      1,
      9
     ],
     [
      123,
      1,
      6
     ],
     [
      124,
      1,
      3
     ],
     [
      125,
      1,
      5
     ],
     [
      126,
      1,
      6
     ],
     [
      127,
      179,
      10
     ],
     [
      306,
      1,
      7
     ]
    ],
    "67": [
     [
      95,
      1,
      5
     ],
     [
      96,
      23,
      10
     ],
     [
      119,
      1,
      6
     ],
     [
      120,
      1,
      2
     ],
     [
      121,
      1,
      3
     ],
     [
      122,
      1,
      1
     ],
     [
      124,
      1,
      2
     ],
     [
      125,
      1,
      9
     ],
     [
      126,
      3,
      7
     ],
     [
      130,
      1,
      7
     ],
     [
      131,
      175,
      10
     ],
     [
      306,
      1,
      4
     ]
    ],
    "68": [
     [
      95,
      1,
      1
     ],
     [
      96,
      23,
      10
     ],
     [
      119,
      1,
      1
     ],
     [
      121,
      1,
      1
     ],
     [
      125,
      1,
      2
     ],
     [
      131,
      175,
      10
     ],
     [
      306,
      1,
      2
     ]
    ],
    "69": [
     [
      96,
      1,
      2
     ],
     [
      97,
      1,
      4
     ],
     [
      98,
      21,
      10
     ],
     [
      121,
      1,
      8
     ],
     [
      122,
      1,
      6
     ],
     [
      123,
      1,
      1
     ],
     [
      130,
      1,
      6
     ],
     [
      131,
      175,
      10
     ]
    ],
    "70": [
     [
      85,
      1,
      2
     ],
     [
      98,
      1,
      6
     ],
     [
      99,
      19,
      10
     ],
     [
      118,
      1,
      6
     ],
     [
      121,
      2,
      3
     ],
     [
      129,
      1,
      2
     ],
     [
      130,
      175,
      10
     ],
     [
      305,
      1,
      8
     ]
    ],
    "71": [
     [
      87,
      2,
      4
     ],
     [
      89,
      1,
      2
     ],
     [
      99,
      1,
      7
     ],
     [
      100,
      19,
      10
     ],
     [
      119,
      1,
      6
     ],
     [
      121,
      1,
      10
     ],
     [
      122,
      1,
      4
     ],
     [
      129,
      1,
      7
     ],
     [
      130,
      175,
      10
     ],
     [
      305,
      1,
      7
     ]
    ],
    "72": [
     [
      86,
      1,
      2
     ],
     [
      87,
      2,
      10
     ],
     [
      89,
      1,
      9
     ],
     [
      92,
      1,
      1
     ],
     [
      94,
      1,
      1
     ],
     [
      100,
      23,
      10
     ],
     [
      123,
      1,
      4
     ],
     [
      129,
      176,
      10
     ],
     [
      305,
      1,
      3
     ]
    ],
    "73": [
     [
      86,
      1,
      2
     ],
     [
      87,
      2,
      10
     ],
     [
      89,
      1,
      8
     ],
     [
      90,
      1,
      3
     ],
     [
      91,
      1,
      5
     ],
     [
      92,
      1,
      3
     ],
     [
      94,
      1,
      1
     ],
     [
      95,
      1,
      4
     ],
     [
      99,
      1,
      4
     ],
     [
      100,
      23,
      10
     ],
     [
      123,
      1,
      1
     ],
     [
      129,
      1,
      7
     ],
     [
      130,
      175,
      10
     ],
     [
      305,
      1,
      2
     ]
    ],
    "74": [
     [
      84,
      1,
      1
     ],
     [
      87,
      1,
      7
     ],
     [
      88,
      5,
      10
     ],
     [
      93,
      1,
      7
     ],
     [
      94,
      2,
      3
     ],
     [
      96,
      1,
      1
     ],
     [
      99,
      1,
      2
     ],
     [
      100,
      23,
      10
     ],
     [
      129,
      1,
      4
     ],
     [
      130,
      175,
      10
     ]
    ],
    "75": [
     [
      85,
      1,
      2
     ],
     [
      86,
      1,
      8
     ],
     [
      87,
      7,
      10
     ],
     [
      94,
      1,
      7
     ],
     [
      95,
      1,
      1
     ],
     [
      98,
      1,
      1
     ],
     [
      99,
      1,
      3
     ],
     [
      100,
      22,
      10
     ],
     [
      122,
      1,
      5
     ],
     [
      128,
      1,
      1
     ],
     [
      129,
      1,
      9
     ],
     [
      130,
      174,
      10
     ],
     [
      304,
      1,
      8
     ]
    ],
    "76": [
     [
      86,
      1,
      3
     ],
     [
      87,
      8,
      10
     ],
     [
      96,
      1,
      1
     ],
     [
      97,
      1,
      2
     ],
     [
      98,
      24,
      10
     ],
     [
      122,
      1,
      8
     ],
     [
      123,
      1,
      5
     ],
     [
      124,
      1,
      6
     ],
     [
      125,
      1,
      5
     ],
     [
      129,
      1,
      8
     ],
     [
      130,
      6,
      10
     ],
     [
      136,
      1,
      9
     ],
     [
      137,
      1,
      7
     ],
     [
      138,
      166,
      10
     ],
     [
      304,
      1,
      6
     ]
    ],
    "77": [
     [
      87,
      1,
      7
     ],
     [
      88,
      7,
      10
     ],
     [
      95,
      1,
      6
     ],
     [
      96,
      1,
      7
     ],
     [
      97,
      26,
      10
     ],
     [
      123,
      1,
      5
     ],
     [
      125,
      1,
      3
     ],
     [
      127,
      1,
      2
     ],
     [
      129,
      1,
      7
     ],
     [
      130,
      6,
      10
     ],
     [
      136,
      1,
      5
     ],
     [
      138,
      1,
      7
     ],
     [
      139,
      165,
      10
     ],
     [
      304,
      1,
      3
     ]
    ],
    "78": [
     [
      87,
      1,
      1
     ],
     [
      88,
      1,
      4
     ],
     [
      89,
      1,
      9
     ],
     [
      90,
      33,
      10
     ],
     [
      123,
      1,
      6
     ],
     [
      125,
      1,
      4
     ],
     [
      128,
      1,
      2
     ],
     [
      129,
      7,
      10
     ],
     [
      136,
      1,
      2
     ],
     [
      138,
      166,
      10
     ],
     [
      304,
      1,
      2
     ]
    ],
    "79": [
     [
      89,
      1,
      3
     ],
     [
      90,
      32,
      10
     ],
     [
      124,
      1,
      4
     ],
     [
      125,
      1,
      7
     ],
     [
      126,
      1,
      1
     ],
     [
      128,
      1,
      5
     ],
     [
      129,
      8,
      10
     ],
     [
      137,
      1,
      8
     ],
     [
      138,
      166,
      10
     ]
    ],
    "80": [
     [
      89,
      1,
      1
     ],
     [
      90,
      32,
      10
     ],
     [
      122,
      1,
      7
     ],
     [
      123,
      1,
      8
     ],
     [
      124,
      1,
      9
     ],
     [
      125,
      1,
      10
     ],
     [
      126,
      1,
      8
     ],
     [
      127,
      1,
      1
     ],
     [
      129,
      174,
      10
     ],
     [
      303,
      1,
      7
     ]
    ],
    "81": [
     [
      89,
      1,
      2
     ],
     [
      90,
      38,
      10
     ],
     [
      128,
      1,
      9
     ],
     [
      129,
      24,
      10
     ],
     [
      153,
      1,
      9
     ],
     [
      154,
      2,
      8
     ],
     [
      156,
      147,
      10
     ],
     [
      303,
      1,
      7
     ]
    ],
    "82": [
     [
      86,
      1,
      2
     ],
     [
      90,
      1,
      1
     ],
     [
      91,
      61,
      10
     ],
     [
      152,
      1,
      3
     ],
     [
      155,
      1,
      2
     ],
     [
      156,
      147,
      10
     ],
     [
      303,
      1,
      4
     ]
    ],
    "83": [
     [
      87,
      2,
      3
     ],
     [
      89,
      1,
      7
     ],
     [
      90,
      1,
      6
     ],
     [
      91,
      61,
      10
     ],
     [
      152,
      2,
      8
     ],
     [
      154,
      2,
      1
     ],
     [
      156,
      147,
      10
     ],
     [
      303,
      1,
      2
     ]
    ],
    "84": [
     [
      88,
      1,
      3
     ],
     [
      89,
      61,
      10
     ],
     [
      150,
      1,
      6
     ],
     [
      151,
      1,
      5
     ],
     [
      152,
      1,
      9
     ],
     [
      153,
      1,
      10
     ],
     [
      154,
      2,
      7
     ],
     [
      156,
      147,
      10
     ]
    ],
    "85": [
     [
      89,
      26,
      10
     ],
     [
      115,
      2,
      6
     ],
     [
      117,
      1,
      9
     ],
     [
      118,
      32,
      10
     ],
     [
      150,
      1,
      3
     ],
     [
      151,
      1,
      1
     ],
     [
      152,
      1,
      7
     ],
     [
      153,
      4,
      10
     ],
     [
      157,
      1,
      8
     ],
     [
      158,
      1,
      5
     ],
     [
      159,
      1,
      9
     ],
     [
      160,
      142,
      10
     ],
     [
      302,
      1,
      8
     ]
    ],
    "86": [
     [
      86,
      1,
      1
     ],
     [
      87,
      1,
      4
     ],
     [
      90,
      25,
      10
     ],
     [
      117,
      1,
      5
     ],
     [
      118,
      32,
      10
     ],
     [
      150,
      1,
      9
     ],
     [
      151,
      1,
      8
     ],
     [
      152,
      5,
      10
     ],
     [
      157,
      1,
      7
     ],
     [
      159,
      1,
      3
     ],
     [
      160,
      1,
      9
     ],
     [
      161,
      1,
      8
     ],
     [
      162,
      140,
      10
     ],
     [
      302,
      1,
      7
     ]
    ],
    "87": [
     [
      87,
      1,
      3
     ],
     [
      88,
      1,
      10
     ],
     [
      89,
      1,
      8
     ],
     [
      90,
      19,
      10
     ],
     [
      109,
      1,
      9
     ],
     [
      110,
      1,
      6
     ],
     [
      111,
      1,
      9
     ],
     [
      112,
      2,
      10
     ],
     [
      114,
      1,
      7
     ],
     [
      117,
      1,
      2
     ],
     [
      118,
      40,
      10
     ],
     [
      158,
      1,
      7
     ],
     [
      159,
      1,
      9
     ],
     [
      160,
      1,
      4
     ],
     [
      162,
      1,
      7
     ],
     [
      163,
      139,
      10
     ],
     [
      302,
      1,
      3
     ]
    ],
    "88": [
     [
      86,
      1,
      1
     ],
     [
      87,
      1,
      4
     ],
     [
      88,
      21,
      10
     ],
     [
      109,
      1,
      6
     ],
     [
      111,
      1,
      1
     ],
     [
      112,
      1,
      7
     ],
     [
      113,
      1,
      10
     ],
     [
      114,
      1,
      3
     ],
     [
      118,
      40,
      10
     ],
     [
      158,
      1,
      8
     ],
     [
      159,
      1,
      9
     ],
     [
      160,
      1,
      4
     ],
     [
      162,
      1,
      3
     ],
     [
      163,
      1,
      8
     ],
     [
      164,
      138,
      10
     ],
     [
      302,
      1,
      2
     ]
    ],
    "89": [
     [
      86,
      24,
      10
     ],
     [
      110,
      1,
      5
     ],
     [
      111,
      1,
      1
     ],
     [
      112,
      1,
      8
     ],
     [
      113,
      1,
      10
     ],
     [
      114,
      1,
      1
     ],
     [
      118,
      1,
      4
     ],
     [
      119,
      39,
      10
     ],
     [
      158,
      1,
      2
     ],
     [
      162,
      1,
      1
     ],
     [
      164,
      138,
      10
     ]
    ],
    "90": [
     [
      81,
      1,
      1
     ],
     [
      85,
      1,
      2
     ],
     [
      86,
      28,
      10
     ],
     [
      114,
      1,
      4
     ],
     [
      119,
      1,
      3
     ],
     [
      120,
      1,
      8
     ],
     [
      121,
      38,
      10
     ],
     [
      159,
      2,
      3
     ],
     [
      161,
      1,
      2
     ],
     [
      162,
      1,
      6
     ],
     [
      163,
      138,
      10
     ],
     [
      301,
      1,
      8
     ]
    ],
    "91": [
     [
      80,
      1,
      1
     ],
     [
      81,
      1,
      7
     ],
     [
      82,
      1,
      2
     ],
     [
      86,
      1,
      8
     ],
     [
      87,
      4,
      10
     ],
     [
      91,
      1,
      1
     ],
     [
      92,
      1,
      5
     ],
     [
      93,
      21,
      10
     ],
     [
      114,
      1,
      8
     ],
     [
      119,
      1,
      2
     ],
     [
      120,
      39,
      10
     ],
     [
      159,
      1,
      5
     ],
     [
      160,
      1,
      3
     ],
     [
      161,
      2,
      1
     ],
     [
      163,
      1,
      4
     ],
     [
      164,
      1,
      9
     ],
     [
      165,
      1,
      8
     ],
     [
      166,
      1,
      7
     ],
     [
      167,
      134,
      10
     ],
     [
      301,
      1,
      6
     ]
    ],
    "92": [
     [
      80,
      1,
      1
     ],
     [
      81,
      2,
      10
     ],
     [
      83,
      1,
      9
     ],
     [
      86,
      4,
      10
     ],
     [
      90,
      1,
      9
     ],
     [
      91,
      1,
      2
     ],
     [
      93,
      1,
      9
     ],
     [
      94,
      20,
      10
     ],
     [
      114,
      1,
      1
     ],
     [
      119,
      1,
      6
     ],
     [
      120,
      1,
      9
     ],
     [
      121,
      38,
      10
     ],
     [
      159,
      1,
      2
     ],
     [
      161,
      1,
      3
     ],
     [
      163,
      1,
      5
     ],
     [
      164,
      1,
      10
     ],
     [
      167,
      1,
      5
     ],
     [
      168,
      133,
      10
     ],
     [
      301,
      1,
      3
     ]
    ],
    "93": [
     [
      79,
      1,
      1
     ],
     [
      80,
      1,
      6
     ],
     [
      81,
      1,
      10
     ],
     [
      82,
      1,
      8
     ],
     [
      83,
      1,
      3
     ],
     [
      85,
      1,
      8
     ],
     [
      86,
      5,
      10
     ],
     [
      91,
      1,
      7
     ],
     [
      93,
      1,
      7
     ],
     [
      94,
      19,
      10
     ],
     [
      113,
      1,
      9
     ],
     [
      120,
      1,
      2
     ],
     [
      121,
      38,
      10
     ],
     [
      159,
      1,
      9
     ],
     [
      160,
      1,
      3
     ],
     [
      161,
      3,
      10
     ],
     [
      164,
      1,
      9
     ],
     [
      165,
      1,
      8
     ],
     [
      166,
      1,
      2
     ],
     [
      167,
      1,
      3
     ],
     [
      168,
      133,
      10
     ],
     [
      301,
      1,
      2
     ]
    ],
    "94": [
     [
      80,
      1,
      4
     ],
     [
      81,
      1,
      10
     ],
     [
      82,
      1,
      5
     ],
     [
      84,
      1,
      1
     ],
     [
      85,
      29,
      10
     ],
     [
      114,
      1,
      7
     ],
     [
      121,
      1,
      5
     ],
     [
      122,
      42,
      10
     ],
     [
      164,
      1,
      3
     ],
     [
      166,
      1,
      1
     ],
     [
      167,
      134,
      10
     ]
    ],
    "95": [
     [
      79,
      1,
      5
     ],
     [
      80,
      1,
      9
     ],
     [
      81,
      2,
      10
     ],
     [
      83,
      1,
      7
     ],
     [
      84,
      1,
      8
     ],
     [
      85,
      30,
      10
     ],
     [
      115,
      1,
      6
     ],
     [
      116,
      1,
      2
     ],
     [
      121,
      1,
      3
     ],
     [
      122,
      43,
      10
     ],
     [
      165,
      1,
      1
     ],
     [
      167,
      1,
      7
     ],
     [
      168,
      132,
      10
     ],
     [
      300,
      1,
      7
     ]
    ],
    "96": [
     [
      78,
      1,
      2
     ],
     [
      79,
      37,
      10
     ],
     [
      116,
      1,
      6
     ],
     [
      120,
      1,
      3
     ],
     [
      121,
      1,
      7
     ],
     [
      122,
      43,
      10
     ],
     [
      165,
      1,
      8
     ],
     [
      166,
      1,
      2
     ],
     [
      167,
      133,
      10
     ],
     [
      300,
      1,
      6
     ]
    ],
    "97": [
     [
      78,
      1,
      2
     ],
     [
      79,
      39,
      10
     ],
     [
      118,
      1,
      7
     ],
     [
      119,
      45,
      10
     ],
     [
      164,
      1,
      8
     ],
     [
      165,
      1,
      2
     ],
     [
      166,
      1,
      5
     ],
     [
      167,
      2,
      10
     ],
     [
      169,
      1,
      7
     ],
     [
      170,
      1,
      6
     ],
     [
      171,
      129,
      10
     ],
     [
      300,
      1,
      4
     ]
    ],
    "98": [
     [
      78,
      1,
      2
     ],
     [
      79,
      85,
      10
     ],
     [
      164,
      2,
      1
     ],
     [
      166,
      1,
      4
     ],
     [
      167,
      1,
      10
     ],
     [
      168,
      1,
      8
     ],
     [
      169,
      1,
      1
     ],
     [
      171,
      129,
      10
     ],
     [
      300,
      1,
      1
     ]
    ],
    "99": [
     [
      78,
      1,
      7
     ],
     [
      79,
      85,
      10
     ],
     [
      164,
      2,
      5
     ],
     [
      166,
      1,
      1
     ],
     [
      167,
      1,
      4
     ],
     [
      168,
      1,
      1
     ],
     [
      170,
      1,
      7
     ],
     [
      171,
      129,
      10
     ]
    ],
    "100": [
     [
      78,
      87,
      10
     ],
     [
      165,
      1,
      8
     ],
     [
      166,
      1,
      1
     ],
     [
      170,
      1,
      9
     ],
     [
      171,
      128,
      10
     ],
     [
      299,
      1,
      7
     ]
    ],
    "101": [
     [
      75,
      1,
      2
     ],
     [
      76,
      1,
      9
     ],
     [
      77,
      89,
      10
     ],
     [
      166,
      1,
      3
     ],
     [
      167,
      1,
      6
     ],
     [
      171,
      1,
      7
     ],
     [
      172,
      127,
      10
     ],
     [
      299,
      1,
      6
     ]
    ],
    "102": [
     [
      76,
      1,
      8
     ],
     [
      77,
      88,
      10
     ],
     [
      165,
      1,
      8
     ],
     [
      166,
      1,
      1
     ],
     [
      172,
      2,
      8
     ],
     [
      174,
      125,
      10
     ],
     [
      299,
      1,
      3
     ]
    ],
    "103": [
     [
      73,
      1,
      1
     ],
     [
      74,
      1,
      3
     ],
     [
      76,
      90,
      10
     ],
     [
      166,
      1,
      3
     ],
     [
      173,
      1,
      7
     ],
     [
      174,
      125,
      10
     ],
     [
      299,
      1,
      1
     ]
    ],
    "104": [
     [
      62,
      1,
      1
     ],
     [
      63,
      1,
      4
     ],
     [
      64,
      1,
      3
     ],
     [
      66,
      1,
      1
     ],
     [
      73,
      1,
      1
     ],
     [
      74,
      92,
      10
     ],
     [
      166,
      1,
      7
     ],
     [
      173,
      1,
      2
     ],
     [
      174,
      125,
      10
     ]
    ],
    "105": [
     [
      58,
      1,
      1
     ],
     [
      59,
      1,
      3
     ],
     [
      70,
      1,
      7
     ],
     [
      71,
      1,
      3
     ],
     [
      73,
      1,
      2
     ],
     [
      74,
      92,
      10
     ],
     [
      166,
      1,
      4
     ],
     [
      169,
      1,
      1
     ],
     [
      170,
      1,
      4
     ],
     [
      171,
      1,
      7
     ],
     [
      172,
      1,
      3
     ],
     [
      173,
      1,
      5
     ],
     [
      174,
      124,
      10
     ],
     [
      298,
      1,
      7
     ]
    ],
    "106": [
     [
      22,
      1,
      3
     ],
     [
      58,
      1,
      4
     ],
     [
      59,
      1,
      8
     ],
     [
      69,
      1,
      2
     ],
     [
      70,
      1,
      10
     ],
     [
      71,
      1,
      8
     ],
     [
      72,
      2,
      3
     ],
     [
      74,
      29,
      10
     ],
     [
      103,
      1,
      4
     ],
     [
      104,
      1,
      6
     ],
     [
      105,
      62,
      10
     ],
     [
      167,
      1,
      9
     ],
     [
      168,
      1,
      3
     ],
     [
      169,
      1,
      1
     ],
     [
      170,
      1,
      3
     ],
     [
      171,
      1,
      8
     ],
     [
      172,
      126,
      10
     ],
     [
      298,
      1,
      4
     ]
    ],
    "107": [
     [
      22,
      1,
      1
     ],
     [
      59,
      1,
      1
     ],
     [
      62,
      1,
      1
     ],
     [
      68,
      1,
      1
     ],
     [
      69,
      1,
      9
     ],
     [
      70,
      32,
      10
     ],
     [
      102,
      1,
      7
     ],
     [
      104,
      1,
      4
     ],
     [
      105,
      62,
      10
     ],
     [
      167,
      1,
      8
     ],
     [
      168,
      1,
      6
     ],
     [
      170,
      1,
      1
     ],
     [
      171,
      1,
      9
     ],
     [
      172,
      126,
      10
     ],
     [
      298,
      1,
      4
     ]
    ],
    "108": [
     [
      62,
      1,
      4
     ],
     [
      63,
      1,
      3
     ],
     [
      64,
      1,
      2
     ],
     [
      68,
      1,
      3
     ],
     [
      69,
      33,
      10
     ],
     [
      102,
      1,
      7
     ],
     [
      104,
      1,
      5
     ],
     [
      105,
      62,
      10
     ],
     [
      167,
      1,
      4
     ],
     [
      169,
      1,
      1
     ],
     [
      170,
      1,
      5
     ],
     [
      171,
      127,
      10
     ]
    ],
    "109": [
     [
      63,
      2,
      1
     ],
     [
      68,
      34,
      10
     ],
     [
      102,
      1,
      9
     ],
     [
      103,
      1,
      4
     ],
     [
      104,
      1,
      8
     ],
     [
      105,
      62,
      10
     ],
     [
      167,
      1,
      9
     ],
     [
      168,
      1,
      7
     ],
     [
      169,
      129,
      10
     ]
    ],
    "110": [
     [
      49,
      1,
      2
     ],
     [
      53,
      1,
      2
     ],
     [
      54,
      1,
      6
     ],
     [
      55,
      1,
      1
     ],
     [
      67,
      1,
      3
     ],
     [
      68,
      229,
      10
     ],
     [
      297,
      1,
      6
     ]
    ],
    "111": [
     [
      23,
      1,
      1
     ],
     [
      49,
      1,
      8
     ],
     [
      50,
      1,
      3
     ],
     [
      53,
      1,
      2
     ],
     [
      55,
      1,
      1
     ],
     [
      62,
      1,
      2
     ],
     [
      67,
      1,
      7
     ],
     [
      68,
      229,
      10
     ],
     [
      297,
      1,
      5
     ]
    ],
    "112": [
     [
      49,
      1,
      2
     ],
     [
      54,
      1,
      1
     ],
     [
      55,
      1,
      2
     ],
     [
      66,
      1,
      3
     ],
     [
      67,
      101,
      10
     ],
     [
      168,
      1,
      9
     ],
     [
      169,
      128,
      10
     ],
     [
      297,
      1,
      5
     ]
    ],
    "113": [
     [
      66,
      1,
      8
     ],
     [
      67,
      101,
      10
     ],
     [
      169,
      1,
      5
     ],
     [
      170,
      127,
      10
     ],
     [
      297,
      1,
      4
     ]
    ],
    "114": [
     [
      65,
      1,
      2
     ],
     [
      66,
      102,
      10
     ],
     [
      168,
      1,
      1
     ],
     [
      170,
      1,
      6
     ],
     [
      171,
      126,
      10
     ],
     [
      297,
      1,
      3
     ]
    ],
    "115": [
     [
      65,
      1,
      6
     ],
     [
      66,
      102,
      10
     ],
     [
      168,
      1,
      8
     ],
     [
      169,
      1,
      7
     ],
     [
      170,
      127,
      10
     ]
    ],
    "116": [
     [
      25,
      1,
      6
     ],
     [
      59,
      1,
      3
     ],
     [
      60,
      1,
      5
     ],
     [
      64,
      1,
      2
     ],
     [
      65,
      231,
      10
     ],
     [
      296,
      1,
      9
     ]
    ],
    "117": [
     [
      24,
      1,
      5
     ],
     [
      25,
      1,
      7
     ],
     [
      58,
      1,
      5
     ],
     [
      59,
      1,
      10
     ],
     [
      60,
      1,
      7
     ],
     [
      64,
      1,
      7
     ],
     [
      65,
      231,
      10
     ],
     [
      296,
      1,
      6
     ]
    ],
    "118": [
     [
      25,
      2,
      6
     ],
     [
      27,
      1,
      2
     ],
     [
      57,
      1,
      5
     ],
     [
      58,
      1,
      10
     ],
     [
      59,
      1,
      6
     ],
     [
      60,
      1,
      1
     ],
     [
      63,
      1,
      4
     ],
     [
      64,
      232,
      10
     ],
     [
      296,
      1,
      4
     ]
    ],
    "119": [
     [
      18,
      1,
      1
     ],
     [
      21,
      1,
      2
     ],
     [
      22,
      1,
      4
     ],
     [
      25,
      1,
      1
     ],
     [
      55,
      1,
      2
     ],
     [
      56,
      1,
      7
     ],
     [
      57,
      1,
      10
     ],
     [
      58,
      1,
      7
     ],
     [
      62,
      1,
      1
     ],
     [
      63,
      1,
      9
     ],
     [
      64,
      232,
      10
     ],
     [
      296,
      1,
      2
     ]
    ],
    "120": [
     [
      54,
      1,
      3
     ],
     [
      55,
      2,
      7
     ],
     [
      57,
      1,
      10
     ],
     [
      58,
      1,
      4
     ],
     [
      62,
      1,
      6
     ],
     [
      63,
      233,
      10
     ]
    ],
    "121": [
     [
      57,
      1,
      4
     ],
     [
      58,
      1,
      1
     ],
     [
      61,
      1,
      1
     ],
     [
      62,
      233,
      10
     ],
     [
      295,
      1,
      8
     ]
    ],
    "122": [
     [
      61,
      1,
      8
     ],
     [
      62,
      233,
      10
     ],
     [
      295,
      1,
      7
     ]
    ],
    "123": [
     [
      60,
      1,
      2
     ],
     [
      61,
      234,
      10
     ],
     [
      295,
      1,
      4
     ]
    ],
    "124": [
     [
      59,
      1,
      1
     ],
     [
      60,
      1,
      7
     ],
     [
      61,
      234,
      10
     ],
     [
      295,
      1,
      2
     ]
    ],
    "125": [
     [
      59,
      1,
      3
     ],
     [
      60,
      235,
      10
     ]
    ],
    "126": [
     [
      59,
      1,
      8
     ],
     [
      60,
      234,
      10
     ],
     [
      294,
      1,
      8
     ]
    ],
    "127": [
     [
      59,
      1,
      8
     ],
     [
      60,
      234,
      10
     ],
     [
      294,
      1,
      6
     ]
    ],
    "128": [
     [
      57,
      1,
      1
     ],
     [
      58,
      1,
      9
     ],
     [
      59,
      235,
      10
     ],
     [
      294,
      1,
      3
     ]
    ],
    "129": [
     [
      57,
      1,
      5
     ],
     [
      58,
      236,
      10
     ],
     [
      294,
      1,
      2
     ]
    ],
    "130": [
     [
      56,
      1,
      4
     ],
     [
      57,
      237,
      10
     ]
    ],
    "131": [
     [
      46,
      1,
      5
     ],
     [
      47,
      1,
      4
     ],
     [
      55,
      1,
      1
     ],
     [
      56,
      237,
      10
     ],
     [
      293,
      1,
      7
     ]
    ],
    "132": [
     [
      43,
      1,
      3
     ],
     [
      44,
      1,
      6
     ],
     [
      45,
      1,
      8
     ],
     [
      46,
      2,
      10
     ],
     [
      48,
      1,
      1
     ],
     [
      55,
      1,
      5
     ],
     [
      56,
      237,
      10
     ],
     [
      293,
      1,
      6
     ]
    ],
    "133": [
     [
      39,
      1,
      4
     ],
     [
      40,
      1,
      1
     ],
     [
      44,
      1,
      1
     ],
     [
      45,
      1,
      6
     ],
     [
      46,
      1,
      9
     ],
     [
      47,
      1,
      10
     ],
     [
      54,
      1,
      1
     ],
     [
      55,
      238,
      10
     ],
     [
      293,
      1,
      4
     ]
    ],
    "134": [
     [
      39,
      1,
      1
     ],
     [
      47,
      1,
      3
     ],
     [
      54,
      1,
      9
     ],
     [
      55,
      238,
      10
     ],
     [
      293,
      1,
      1
     ]
    ],
    "135": [
     [
      35,
      1,
      2
     ],
     [
      36,
      1,
      3
     ],
     [
      37,
      1,
      4
     ],
     [
      44,
      1,
      9
     ],
     [
      45,
      1,
      8
     ],
     [
      46,
      1,
      6
     ],
     [
      47,
      1,
      3
     ],
     [
      53,
      1,
      7
     ],
     [
      54,
      239,
      10
     ]
    ],
    "136": [
     [
      34,
      1,
      3
     ],
     [
      35,
      1,
      10
     ],
     [
      36,
      1,
      8
     ],
     [
      43,
      1,
      2
     ],
     [
      44,
      3,
      10
     ],
     [
      47,
      1,
      3
     ],
     [
      52,
      1,
      2
     ],
     [
      53,
      239,
      10
     ],
     [
      292,
      1,
      7
     ]
    ],
    "137": [
     [
      31,
      1,
      2
     ],
     [
      32,
      1,
      3
     ],
     [
      33,
      2,
      10
     ],
     [
      35,
      1,
      9
     ],
     [
      36,
      1,
      1
     ],
     [
      43,
      1,
      1
     ],
     [
      44,
      3,
      10
     ],
     [
      47,
      1,
      1
     ],
     [
      52,
      1,
      8
     ],
     [
      53,
      239,
      10
     ],
     [
      292,
      1,
      7
     ]
    ],
    "138": [
     [
      30,
      1,
      1
     ],
     [
      31,
      1,
      9
     ],
     [
      32,
      3,
      10
     ],
     [
      35,
      1,
      6
     ],
     [
      43,
      1,
      6
     ],
     [
      44,
      2,
      10
     ],
     [
      46,
      1,
      9
     ],
     [
      51,
      1,
      4
     ],
     [
      52,
      240,
      10
     ],
     [
      292,
      1,
      3
     ]
    ],
    "139": [
     [
      30,
      1,
      5
     ],
     [
      31,
      4,
      10
     ],
     [
      35,
      1,
      6
     ],
     [
      42,
      1,
      2
     ],
     [
      43,
      4,
      10
     ],
     [
      47,
      1,
      4
     ],
     [
      51,
      1,
      9
     ],
     [
      52,
      240,
      10
     ],
     [
      292,
      1,
      2
     ]
    ],
    "140": [
     [
      30,
      1,
      1
     ],
     [
      31,
      1,
      6
     ],
     [
      32,
      1,
      8
     ],
     [
      33,
      2,
      10
     ],
     [
      35,
      1,
      7
     ],
     [
      42,
      1,
      9
     ],
     [
      43,
      4,
      10
     ],
     [
      47,
      1,
      3
     ],
     [
      50,
      1,
      5
     ],
     [
      51,
      241,
      10
     ]
    ],
    "141": [
     [
      32,
      1,
      6
     ],
     [
      33,
      2,
      10
     ],
     [
      35,
      1,
      6
     ],
     [
      41,
      1,
      4
     ],
     [
      42,
      4,
      10
     ],
     [
      46,
      1,
      9
     ],
     [
      49,
      1,
      1
     ],
     [
      50,
      1,
      9
     ],
     [
      51,
      240,
      10
     ],
     [
      291,
      1,
      8
     ]
    ],
    "142": [
     [
      32,
      1,
      5
     ],
     [
      33,
      2,
      10
     ],
     [
      35,
      1,
      1
     ],
     [
      41,
      1,
      4
     ],
     [
      42,
      4,
      10
     ],
     [
      46,
      1,
      7
     ],
     [
      49,
      1,
      4
     ],
     [
      50,
      241,
      10
     ],
     [
      291,
      1,
      6
     ]
    ],
    "143": [
     [
      31,
      1,
      1
     ],
     [
      32,
      1,
      8
     ],
     [
      33,
      1,
      10
     ],
     [
      34,
      1,
      7
     ],
     [
      40,
      1,
      6
     ],
     [
      41,
      5,
      10
     ],
     [
      46,
      1,
      3
     ],
     [
      49,
      1,
      6
     ],
     [
      50,
      241,
      10
     ],
     [
      291,
      1,
      3
     ]
    ],
    "144": [
     [
      29,
      1,
      2
     ],
     [
      30,
      1,
      8
     ],
     [
      31,
      1,
      7
     ],
     [
      32,
      1,
      2
     ],
     [
      33,
      1,
      4
     ],
     [
      34,
      1,
      1
     ],
     [
      39,
      1,
      1
     ],
     [
      40,
      1,
      3
     ],
     [
      41,
      5,
      10
     ],
     [
      46,
      1,
      2
     ],
     [
      48,
      1,
      2
     ],
     [
      49,
      242,
      10
     ],
     [
      291,
      1,
      2
     ]
    ],
    "145": [
     [
      28,
      1,
      2
     ],
     [
      29,
      1,
      8
     ],
     [
      30,
      1,
      10
     ],
     [
      31,
      1,
      7
     ],
     [
      40,
      1,
      1
     ],
     [
      41,
      4,
      10
     ],
     [
      45,
      1,
      6
     ],
     [
      48,
      1,
      7
     ],
     [
      49,
      242,
      10
     ]
    ],
    "146": [
     [
      28,
      1,
      2
     ],
     [
      29,
      2,
      10
     ],
     [
      31,
      1,
      4
     ],
     [
      40,
      1,
      8
     ],
     [
      41,
      1,
      10
     ],
     [
      42,
      1,
      8
     ],
     [
      43,
      1,
      6
     ],
     [
      44,
      1,
      9
     ],
     [
      45,
      1,
      4
     ],
     [
      48,
      242,
      10
     ],
     [
      290,
      1,
      7
     ]
    ],
    "147": [
     [
      29,
      2,
      10
     ],
     [
      39,
      1,
      4
     ],
     [
      40,
      2,
      10
     ],
     [
      42,
      1,
      7
     ],
     [
      47,
      1,
      7
     ],
     [
      48,
      242,
      10
     ],
     [
      290,
      1,
      6
     ]
    ],
    "148": [
     [
      29,
      1,
      10
     ],
     [
      30,
      1,
      7
     ],
     [
      38,
      1,
      5
     ],
     [
      39,
      1,
      8
     ],
     [
      40,
      2,
      10
     ],
     [
      42,
      1,
      7
     ],
     [
      46,
      1,
      1
     ],
     [
      47,
      243,
      10
     ],
     [
      290,
      1,
      4
     ]
    ],
    "149": [
     [
      28,
      1,
      3
     ],
     [
      29,
      1,
      8
     ],
     [
      30,
      1,
      4
     ],
     [
      37,
      1,
      5
     ],
     [
      38,
      3,
      10
     ],
     [
      46,
      1,
      6
     ],
     [
      47,
      243,
      10
     ],
     [
      290,
      1,
      1
     ]
    ],
    "150": [
     [
      28,
      1,
      1
     ],
     [
      37,
      1,
      1
     ],
     [
      38,
      1,
      7
     ],
     [
      39,
      1,
      10
     ],
     [
      40,
      1,
      4
     ],
     [
      45,
      1,
      1
     ],
     [
      46,
      1,
      7
     ],
     [
      47,
      243,
      10
     ]
    ],
    "151": [
     [
      38,
      1,
      7
     ],
     [
      39,
      1,
      9
     ],
     [
      45,
      1,
      3
     ],
     [
      46,
      243,
      10
     ],
     [
      289,
      1,
      7
     ]
    ],
    "152": [
     [
      37,
      1,
      2
     ],
     [
      38,
      1,
      4
     ],
     [
      39,
      1,
      1
     ],
     [
      45,
      1,
      7
     ],
     [
      46,
      243,
      10
     ],
     [
      289,
      1,
      7
     ]
    ],
    "153": [
     [
      44,
      1,
      2
     ],
     [
      45,
      244,
      10
     ],
     [
      289,
      1,
      3
     ]
    ],
    "154": [
     [
      44,
      1,
      5
     ],
     [
      45,
      244,
      10
     ],
     [
      289,
      1,
      1
     ]
    ],
    "155": [
     [
      34,
      1,
      1
     ],
     [
      35,
      1,
      8
     ],
     [
      36,
      1,
      10
     ],
     [
      44,
      245,
      10
     ]
    ],
    "156": [
     [
      34,
      1,
      3
     ],
     [
      35,
      2,
      10
     ],
     [
      37,
      1,
      1
     ],
     [
      43,
      1,
      3
     ],
     [
      44,
      244,
      10
     ],
     [
      288,
      1,
      7
     ]
    ],
    "157": [
     [
      34,
      1,
      6
     ],
     [
      35,
      2,
      10
     ],
     [
      37,
      1,
      4
     ],
     [
      43,
      1,
      4
     ],
     [
      44,
      244,
      10
     ],
     [
      288,
      1,
      4
     ]
    ],
    "158": [
     [
      33,
      1,
      1
     ],
     [
      34,
      1,
      8
     ],
     [
      35,
      2,
      10
     ],
     [
      42,
      1,
      1
     ],
     [
      43,
      1,
      8
     ],
     [
      44,
      244,
      10
     ],
     [
      288,
      1,
      3
     ]
    ],
    "159": [
     [
      33,
      1,
      5
     ],
     [
      34,
      3,
      10
     ],
     [
      37,
      2,
      2
     ],
     [
      39,
      1,
      1
     ],
     [
      42,
      1,
      3
     ],
     [
      43,
      245,
      10
     ],
     [
      288,
      1,
      1
     ]
    ],
    "160": [
     [
      32,
      1,
      2
     ],
     [
      33,
      6,
      10
     ],
     [
      39,
      1,
      6
     ],
     [
      42,
      1,
      6
     ],
     [
      43,
      245,
      10
     ]
    ],
    "161": [
     [
      32,
      1,
      8
     ],
     [
      33,
      6,
      10
     ],
     [
      42,
      1,
      8
     ],
     [
      43,
      244,
      10
     ],
     [
      287,
      1,
      6
     ]
    ],
    "162": [
     [
      31,
      1,
      4
     ],
     [
      32,
      5,
      10
     ],
     [
      37,
      1,
      9
     ],
     [
      38,
      1,
      5
     ],
     [
      42,
      245,
      10
     ],
     [
      287,
      1,
      5
     ]
    ],
    "163": [
     [
      32,
      1,
      9
     ],
     [
      33,
      4,
      10
     ],
     [
      37,
      1,
      4
     ],
     [
      41,
      1,
      3
     ],
     [
      42,
      245,
      10
     ],
     [
      287,
      1,
      4
     ]
    ],
    "164": [
     [
      32,
      5,
      10
     ],
     [
      37,
      1,
      6
     ],
     [
      41,
      1,
      9
     ],
     [
      42,
      245,
      10
     ]
    ],
    "165": [
     [
      31,
      1,
      2
     ],
     [
      32,
      5,
      10
     ],
     [
      37,
      1,
      8
     ],
     [
      40,
      1,
      1
     ],
     [
      41,
      245,
      10
     ],
     [
      286,
      1,
      9
     ]
    ],
    "166": [
     [
      25,
      1,
      3
     ],
     [
      31,
      1,
      1
     ],
     [
      32,
      5,
      10
     ],
     [
      37,
      1,
      5
     ],
     [
      40,
      1,
      3
     ],
     [
      41,
      245,
      10
     ],
     [
      286,
      1,
      7
     ]
    ],
    "167": [
     [
      24,
      2,
      1
     ],
     [
      27,
      1,
      1
     ],
     [
      31,
      1,
      4
     ],
     [
      32,
      4,
      10
     ],
     [
      36,
      1,
      9
     ],
     [
      37,
      1,
      3
     ],
     [
      40,
      1,
      6
     ],
     [
      41,
      245,
      10
     ],
     [
      286,
      1,
      5
     ]
    ],
    "168": [
     [
      27,
      1,
      3
     ],
     [
      31,
      1,
      4
     ],
     [
      32,
      2,
      10
     ],
     [
      34,
      1,
      8
     ],
     [
      35,
      1,
      9
     ],
     [
      36,
      1,
      1
     ],
     [
      40,
      1,
      9
     ],
     [
      41,
      245,
      10
     ],
     [
      286,
      1,
      3
     ]
    ],
    "169": [
     [
      26,
      1,
      1
     ],
     [
      27,
      1,
      7
     ],
     [
      28,
      1,
      2
     ],
     [
      30,
      1,
      4
     ],
     [
      31,
      2,
      10
     ],
     [
      33,
      1,
      5
     ],
     [
      40,
      246,
      10
     ]
    ],
    "170": [
     [
      23,
      1,
      3
     ],
     [
      24,
      3,
      7
     ],
     [
      27,
      1,
      3
     ],
     [
      31,
      1,
      6
     ],
     [
      32,
      1,
      10
     ],
     [
      33,
      1,
      1
     ],
     [
      39,
      1,
      4
     ],
     [
      40,
      245,
      10
     ],
     [
      285,
      1,
      9
     ]
    ],
    "171": [
     [
      22,
      1,
      8
     ],
     [
      23,
      2,
      10
     ],
     [
      25,
      1,
      5
     ],
     [
      26,
      1,
      1
     ],
     [
      31,
      1,
      4
     ],
     [
      32,
      1,
      9
     ],
     [
      33,
      1,
      2
     ],
     [
      39,
      1,
      4
     ],
     [
      40,
      245,
      10
     ],
     [
      285,
      1,
      7
     ]
    ],
    "172": [
     [
      22,
      2,
      10
     ],
     [
      24,
      1,
      7
     ],
     [
      30,
      1,
      6
     ],
     [
      31,
      1,
      10
     ],
     [
      32,
      1,
      4
     ],
     [
      39,
      1,
      8
     ],
     [
      40,
      245,
      10
     ],
     [
      285,
      1,
      3
     ]
    ],
    "173": [
     [
      30,
      1,
      7
     ],
     [
      31,
      1,
      10
     ],
     [
      32,
      1,
      1
     ],
     [
      38,
      1,
      1
     ],
     [
      39,
      246,
      10
     ],
     [
      285,
      1,
      3
     ]
    ],
    "174": [
     [
      38,
      1,
      7
     ],
     [
      39,
      246,
      10
     ]
    ],
    "175": [
     [
      41,
      243,
      10
     ],
     [
      284,
      1,
      9
     ]
    ],
    "176": [
     [
      48,
      236,
      10
     ],
     [
      284,
      1,
      6
     ]
    ],
    "177": [
     [
      54,
      230,
      10
     ],
     [
      284,
      1,
      4
     ]
    ],
    "178": [
     [
      61,
      223,
      10
     ],
     [
      284,
      1,
      3
     ]
    ],
    "179": [
     [
      68,
      216,
      10
     ]
    ],
    "180": [
     [
      75,
      208,
      10
     ],
     [
      283,
      1,
      8
     ]
    ],
    "181": [
     [
      81,
      202,
      10
     ],
     [
      283,
      1,
      7
     ]
    ],
    "182": [
     [
      88,
      195,
      10
     ],
     [
      283,
      1,
      4
     ]
    ],
    "183": [
     [
      95,
      188,
      10
     ],
     [
      283,
      1,
      2
     ]
    ],
    "184": [
     [
      102,
      181,
      10
     ]
    ],
    "185": [
     [
      109,
      173,
      10
     ],
     [
      282,
      1,
      8
     ]
    ],
    "186": [
     [
      115,
      167,
      10
     ],
     [
      282,
      1,
      6
     ]
    ],
    "187": [
     [
      122,
      160,
      10
     ],
     [
      282,
      1,
      3
     ]
    ],
    "188": [
     [
      129,
      153,
      10
     ],
     [
      282,
      1,
      2
     ]
    ],
    "189": [
     [
      137,
      145,
      10
     ]
    ],
    "190": [
     [
      143,
      138,
      10
     ],
     [
      281,
      1,
      8
     ]
    ],
    "191": [
     [
      151,
      130,
      10
     ],
     [
      281,
      1,
      6
     ]
    ],
    "192": [
     [
      158,
      123,
      10
     ],
     [
      281,
      1,
      4
     ]
    ],
    "193": [
     [
      165,
      116,
      10
     ],
     [
      281,
      1,
      1
     ]
    ],
    "194": [
     [
      172,
      109,
      10
     ]
    ],
    "195": [
     [
      179,
      101,
      10
     ],
     [
      280,
      1,
      7
     ]
    ],
    "196": [
     [
      186,
      94,
      10
     ],
     [
      280,
      1,
      6
     ]
    ],
    "197": [
     [
      194,
      86,
      10
     ],
     [
      280,
      1,
      3
     ]
    ],
    "198": [
     [
      201,
      79,
      10
     ],
     [
      280,
      1,
      1
     ]
    ],
    "199": [
     [
      208,
      72,
      10
     ]
    ],
    "200": [
     [
      216,
      63,
      10
     ],
     [
      279,
      1,
      7
     ]
    ],
    "201": [
     [
      223,
      56,
      10
     ],
     [
      279,
      1,
      6
     ]
    ],
    "202": [
     [
      230,
      49,
      10
     ],
     [
      279,
      1,
      3
     ]
    ],
    "203": [
     [
      238,
      41,
      10
     ],
     [
      279,
      1,
      1
     ]
    ],
    "204": [
     [
      245,
      34,
      10
     ]
    ],
    "205": [
     [
      253,
      25,
      10
     ],
     [
      278,
      1,
      7
     ]
    ],
    "206": [
     [
      260,
      18,
      10
     ],
     [
      278,
      1,
      5
     ]
    ],
    "207": [
     [
      268,
      10,
      10
     ],
     [
      278,
      1,
      4
     ]
    ],
    "208": [
     [
      276,
      2,
      10
     ]
    ]
   }
  },
  "clutter_headroom": 26.2,
  "clutter_at_floor": 0.49,
  "clutter_verdict": "vessels present"
 },
 "features": [
  {
   "type": "Feature",
   "geometry": {
    "type": "Point",
    "coordinates": [
     -74.02711989278714,
     36.011934896169514
    ]
   },
   "properties": {
    "confidence": 0.625,
    "snr": 12.51,
    "peak_dn": 266.0,
    "background_dn": 67.8,
    "sigma_dn": 15.85,
    "pixels": 19,
    "length_m_approx": 43.6,
    "pixel": [
     18588.0,
     11467.3
    ],
    "scene": "S1A_IW_GRDH_1SDV_20240715T225812_20240715T225841_054778_06AB8D_C664_COG.SAFE",
    "t": "2024-07-15T22:58:12+00:00",
    "sensor": "sentinel1-vv-cfar",
    "uncertainty_m": 22.0
   }
  },
  {
   "type": "Feature",
   "geometry": {
    "type": "Point",
    "coordinates": [
     -74.02727579734595,
     36.01264987132228
    ]
   },
   "properties": {
    "confidence": 0.541,
    "snr": 10.82,
    "peak_dn": 240.0,
    "background_dn": 67.8,
    "sigma_dn": 15.91,
    "pixels": 7,
    "length_m_approx": 26.5,
    "pixel": [
     18588.0,
     11475.3
    ],
    "scene": "S1A_IW_GRDH_1SDV_20240715T225812_20240715T225841_054778_06AB8D_C664_COG.SAFE",
    "t": "2024-07-15T22:58:12+00:00",
    "sensor": "sentinel1-vv-cfar",
    "uncertainty_m": 13.5
   }
  },
  {
   "type": "Feature",
   "geometry": {
    "type": "Point",
    "coordinates": [
     -75.28268163098026,
     36.07834127347452
    ]
   },
   "properties": {
    "confidence": 0.406,
    "snr": 8.12,
    "peak_dn": 241.0,
    "background_dn": 79.2,
    "sigma_dn": 19.93,
    "pixels": 2,
    "length_m_approx": 14.1,
    "pixel": [
     7581.0,
     14117.5
    ],
    "scene": "S1A_IW_GRDH_1SDV_20240715T225812_20240715T225841_054778_06AB8D_C664_COG.SAFE",
    "t": "2024-07-15T22:58:12+00:00",
    "sensor": "sentinel1-vv-cfar",
    "uncertainty_m": 7.6
   }
  },
  {
   "type": "Feature",
   "geometry": {
    "type": "Point",
    "coordinates": [
     -75.20811267985812,
     36.030629911378554
    ]
   },
   "properties": {
    "confidence": 0.353,
    "snr": 7.05,
    "peak_dn": 197.0,
    "background_dn": 72.4,
    "sigma_dn": 17.66,
    "pixels": 3,
    "length_m_approx": 17.3,
    "pixel": [
     8145.3,
     13486.7
    ],
    "scene": "S1A_IW_GRDH_1SDV_20240715T225812_20240715T225841_054778_06AB8D_C664_COG.SAFE",
    "t": "2024-07-15T22:58:12+00:00",
    "sensor": "sentinel1-vv-cfar",
    "uncertainty_m": 9.1
   }
  },
  {
   "type": "Feature",
   "geometry": {
    "type": "Point",
    "coordinates": [
     -74.98225514049467,
     36.064967039033
    ]
   },
   "properties": {
    "confidence": 0.95,
    "snr": 37.47,
    "peak_dn": 759.0,
    "background_dn": 77.0,
    "sigma_dn": 18.2,
    "pixels": 24,
    "length_m_approx": 49.0,
    "pixel": [
     10215.9,
     13499.0
    ],
    "scene": "S1A_IW_GRDH_1SDV_20240715T225812_20240715T225841_054778_06AB8D_C664_COG.SAFE",
    "t": "2024-07-15T22:58:12+00:00",
    "sensor": "sentinel1-vv-cfar",
    "uncertainty_m": 24.6
   }
  },
  {
   "type": "Feature",
   "geometry": {
    "type": "Point",
    "coordinates": [
     -75.17399362502785,
     36.03499381310099
    ]
   },
   "properties": {
    "confidence": 0.459,
    "snr": 9.19,
    "peak_dn": 230.0,
    "background_dn": 72.8,
    "sigma_dn": 17.11,
    "pixels": 12,
    "length_m_approx": 34.6,
    "pixel": [
     8456.5,
     13479.4
    ],
    "scene": "S1A_IW_GRDH_1SDV_20240715T225812_20240715T225841_054778_06AB8D_C664_COG.SAFE",
    "t": "2024-07-15T22:58:12+00:00",
    "sensor": "sentinel1-vv-cfar",
    "uncertainty_m": 17.5
   }
  },
  {
   "type": "Feature",
   "geometry": {
    "type": "Point",
    "coordinates": [
     -74.98203261148593,
     36.064530390374316
    ]
   },
   "properties": {
    "confidence": 0.361,
    "snr": 7.22,
    "peak_dn": 209.0,
    "background_dn": 76.9,
    "sigma_dn": 18.3,
    "pixels": 3,
    "length_m_approx": 17.3,
    "pixel": [
     10217.0,
     13494.0
    ],
    "scene": "S1A_IW_GRDH_1SDV_20240715T225812_20240715T225841_054778_06AB8D_C664_COG.SAFE",
    "t": "2024-07-15T22:58:12+00:00",
    "sensor": "sentinel1-vv-cfar",
    "uncertainty_m": 9.1
   }
  },
  {
   "type": "Feature",
   "geometry": {
    "type": "Point",
    "coordinates": [
     -74.78764071272485,
     36.040600523882006
    ]
   },
   "properties": {
    "confidence": 0.349,
    "snr": 6.98,
    "peak_dn": 187.0,
    "background_dn": 68.3,
    "sigma_dn": 17.0,
    "pixels": 2,
    "length_m_approx": 14.1,
    "pixel": [
     11893.0,
     12933.5
    ],
    "scene": "S1A_IW_GRDH_1SDV_20240715T225812_20240715T225841_054778_06AB8D_C664_COG.SAFE",
    "t": "2024-07-15T22:58:12+00:00",
    "sensor": "sentinel1-vv-cfar",
    "uncertainty_m": 7.6
   }
  },
  {
   "type": "Feature",
   "geometry": {
    "type": "Point",
    "coordinates": [
     -74.88207737117344,
     36.0643095422734
    ]
   },
   "properties": {
    "confidence": 0.313,
    "snr": 6.26,
    "peak_dn": 195.0,
    "background_dn": 74.4,
    "sigma_dn": 19.27,
    "pixels": 2,
    "length_m_approx": 14.1,
    "pixel": [
     11102.5,
     13335.5
    ],
    "scene": "S1A_IW_GRDH_1SDV_20240715T225812_20240715T225841_054778_06AB8D_C664_COG.SAFE",
    "t": "2024-07-15T22:58:12+00:00",
    "sensor": "sentinel1-vv-cfar",
    "uncertainty_m": 7.6
   }
  },
  {
   "type": "Feature",
   "geometry": {
    "type": "Point",
    "coordinates": [
     -74.75829068986933,
     36.072989834562186
    ]
   },
   "properties": {
    "confidence": 0.307,
    "snr": 6.14,
    "peak_dn": 163.0,
    "background_dn": 66.4,
    "sigma_dn": 15.74,
    "pixels": 2,
    "length_m_approx": 14.1,
    "pixel": [
     12217.0,
     13236.5
    ],
    "scene": "S1A_IW_GRDH_1SDV_20240715T225812_20240715T225841_054778_06AB8D_C664_COG.SAFE",
    "t": "2024-07-15T22:58:12+00:00",
    "sensor": "sentinel1-vv-cfar",
    "uncertainty_m": 7.6
   }
  },
  {
   "type": "Feature",
   "geometry": {
    "type": "Point",
    "coordinates": [
     -74.73879215433368,
     36.07472021796421
    ]
   },
   "properties": {
    "confidence": 0.95,
    "snr": 152.42,
    "peak_dn": 2730.0,
    "background_dn": 66.1,
    "sigma_dn": 17.48,
    "pixels": 146,
    "length_m_approx": 120.8,
    "pixel": [
     12393.3,
     13224.9
    ],
    "scene": "S1A_IW_GRDH_1SDV_20240715T225812_20240715T225841_054778_06AB8D_C664_COG.SAFE",
    "t": "2024-07-15T22:58:12+00:00",
    "sensor": "sentinel1-vv-cfar",
    "uncertainty_m": 60.5
   }
  },
  {
   "type": "Feature",
   "geometry": {
    "type": "Point",
    "coordinates": [
     -74.63992322582793,
     36.15675968433775
    ]
   },
   "properties": {
    "confidence": 0.333,
    "snr": 6.65,
    "peak_dn": 171.0,
    "background_dn": 65.3,
    "sigma_dn": 15.9,
    "pixels": 2,
    "length_m_approx": 14.1,
    "pixel": [
     13430.0,
     13955.5
    ],
    "scene": "S1A_IW_GRDH_1SDV_20240715T225812_20240715T225841_054778_06AB8D_C664_COG.SAFE",
    "t": "2024-07-15T22:58:12+00:00",
    "sensor": "sentinel1-vv-cfar",
    "uncertainty_m": 7.6
   }
  },
  {
   "type": "Feature",
   "geometry": {
    "type": "Point",
    "coordinates": [
     -74.60022410759277,
     36.10093327647808
    ]
   },
   "properties": {
    "confidence": 0.323,
    "snr": 6.46,
    "peak_dn": 172.0,
    "background_dn": 67.8,
    "sigma_dn": 16.13,
    "pixels": 2,
    "length_m_approx": 14.1,
    "pixel": [
     13673.0,
     13293.5
    ],
    "scene": "S1A_IW_GRDH_1SDV_20240715T225812_20240715T225841_054778_06AB8D_C664_COG.SAFE",
    "t": "2024-07-15T22:58:12+00:00",
    "sensor": "sentinel1-vv-cfar",
    "uncertainty_m": 7.6
   }
  },
  {
   "type": "Feature",
   "geometry": {
    "type": "Point",
    "coordinates": [
     -73.78920458187764,
     36.164803447009135
    ]
   },
   "properties": {
    "confidence": 0.317,
    "snr": 6.33,
    "peak_dn": 158.0,
    "background_dn": 63.1,
    "sigma_dn": 14.98,
    "pixels": 2,
    "length_m_approx": 14.1,
    "pixel": [
     20986.5,
     12766.0
    ],
    "scene": "S1A_IW_GRDH_1SDV_20240715T225812_20240715T225841_054778_06AB8D_C664_COG.SAFE",
    "t": "2024-07-15T22:58:12+00:00",
    "sensor": "sentinel1-vv-cfar",
    "uncertainty_m": 7.6
   }
  },
  {
   "type": "Feature",
   "geometry": {
    "type": "Point",
    "coordinates": [
     -75.88939167605564,
     36.16381931567967
    ]
   },
   "properties": {
    "confidence": 0.383,
    "snr": 7.66,
    "peak_dn": 239.0,
    "background_dn": 87.2,
    "sigma_dn": 19.81,
    "pixels": 2,
    "length_m_approx": 14.1,
    "pixel": [
     2389.0,
     16014.5
    ],
    "scene": "S1A_IW_GRDH_1SDV_20240715T225812_20240715T225841_054778_06AB8D_C664_COG.SAFE",
    "t": "2024-07-15T22:58:12+00:00",
    "sensor": "sentinel1-vv-cfar",
    "uncertainty_m": 8.1
   }
  },
  {
   "type": "Feature",
   "geometry": {
    "type": "Point",
    "coordinates": [
     -75.78871807916003,
     36.20747783536976
    ]
   },
   "properties": {
    "confidence": 0.354,
    "snr": 7.07,
    "peak_dn": 188.0,
    "background_dn": 66.1,
    "sigma_dn": 17.24,
    "pixels": 2,
    "length_m_approx": 14.1,
    "pixel": [
     3369.5,
     16318.0
    ],
    "scene": "S1A_IW_GRDH_1SDV_20240715T225812_20240715T225841_054778_06AB8D_C664_COG.SAFE",
    "t": "2024-07-15T22:58:12+00:00",
    "sensor": "sentinel1-vv-cfar",
    "uncertainty_m": 8.1
   }
  },
  {
   "type": "Feature",
   "geometry": {
    "type": "Point",
    "coordinates": [
     -75.66431766061666,
     36.22803745769794
    ]
   },
   "properties": {
    "confidence": 0.314,
    "snr": 6.29,
    "peak_dn": 121.0,
    "background_dn": 46.4,
    "sigma_dn": 11.86,
    "pixels": 2,
    "length_m_approx": 14.1,
    "pixel": [
     4511.0,
     16336.5
    ],
    "scene": "S1A_IW_GRDH_1SDV_20240715T225812_20240715T225841_054778_06AB8D_C664_COG.SAFE",
    "t": "2024-07-15T22:58:12+00:00",
    "sensor": "sentinel1-vv-cfar",
    "uncertainty_m": 8.1
   }
  },
  {
   "type": "Feature",
   "geometry": {
    "type": "Point",
    "coordinates": [
     -75.5000566694912,
     36.13034674864208
    ]
   },
   "properties": {
    "confidence": 0.307,
    "snr": 6.14,
    "peak_dn": 116.0,
    "background_dn": 44.6,
    "sigma_dn": 11.64,
    "pixels": 3,
    "length_m_approx": 17.3,
    "pixel": [
     5762.7,
     15023.7
    ],
    "scene": "S1A_IW_GRDH_1SDV_20240715T225812_20240715T225841_054778_06AB8D_C664_COG.SAFE",
    "t": "2024-07-15T22:58:12+00:00",
    "sensor": "sentinel1-vv-cfar",
    "uncertainty_m": 9.6
   }
  },
  {
   "type": "Feature",
   "geometry": {
    "type": "Point",
    "coordinates": [
     -75.24944974152255,
     36.22670014248151
    ]
   },
   "properties": {
    "confidence": 0.95,
    "snr": 63.68,
    "peak_dn": 1156.0,
    "background_dn": 73.0,
    "sigma_dn": 17.01,
    "pixels": 32,
    "length_m_approx": 56.6,
    "pixel": [
     8174.7,
     15658.1
    ],
    "scene": "S1A_IW_GRDH_1SDV_20240715T225812_20240715T225841_054778_06AB8D_C664_COG.SAFE",
    "t": "2024-07-15T22:58:12+00:00",
    "sensor": "sentinel1-vv-cfar",
    "uncertainty_m": 28.4
   }
  },
  {
   "type": "Feature",
   "geometry": {
    "type": "Point",
    "coordinates": [
     -75.31198324408734,
     36.15780911500446
    ]
   },
   "properties": {
    "confidence": 0.508,
    "snr": 10.17,
    "peak_dn": 258.0,
    "background_dn": 75.0,
    "sigma_dn": 18.0,
    "pixels": 8,
    "length_m_approx": 28.3,
    "pixel": [
     7482.5,
     15017.5
    ],
    "scene": "S1A_IW_GRDH_1SDV_20240715T225812_20240715T225841_054778_06AB8D_C664_COG.SAFE",
    "t": "2024-07-15T22:58:12+00:00",
    "sensor": "sentinel1-vv-cfar",
    "uncertainty_m": 14.4
   }
  },
  {
   "type": "Feature",
   "geometry": {
    "type": "Point",
    "coordinates": [
     -75.31199245760033,
     36.15734846067568
    ]
   },
   "properties": {
    "confidence": 0.393,
    "snr": 7.85,
    "peak_dn": 216.0,
    "background_dn": 74.9,
    "sigma_dn": 17.98,
    "pixels": 4,
    "length_m_approx": 20.0,
    "pixel": [
     7481.5,
     15012.5
    ],
    "scene": "S1A_IW_GRDH_1SDV_20240715T225812_20240715T225841_054778_06AB8D_C664_COG.SAFE",
    "t": "2024-07-15T22:58:12+00:00",
    "sensor": "sentinel1-vv-cfar",
    "uncertainty_m": 10.4
   }
  },
  {
   "type": "Feature",
   "geometry": {
    "type": "Point",
    "coordinates": [
     -75.4432607976712,
     36.25517139499219
    ]
   },
   "properties": {
    "confidence": 0.361,
    "snr": 7.23,
    "peak_dn": 156.0,
    "background_dn": 53.0,
    "sigma_dn": 14.25,
    "pixels": 2,
    "length_m_approx": 14.1,
    "pixel": [
     6519.5,
     16272.0
    ],
    "scene": "S1A_IW_GRDH_1SDV_20240715T225812_20240715T225841_054778_06AB8D_C664_COG.SAFE",
    "t": "2024-07-15T22:58:12+00:00",
    "sensor": "sentinel1-vv-cfar",
    "uncertainty_m": 7.6
   }
  },
  {
   "type": "Feature",
   "geometry": {
    "type": "Point",
    "coordinates": [
     -75.41544059602484,
     36.23931776997309
    ]
   },
   "properties": {
    "confidence": 0.354,
    "snr": 7.09,
    "peak_dn": 162.0,
    "background_dn": 57.7,
    "sigma_dn": 14.71,
    "pixels": 2,
    "length_m_approx": 14.1,
    "pixel": [
     6733.0,
     16057.5
    ],
    "scene": "S1A_IW_GRDH_1SDV_20240715T225812_20240715T225841_054778_06AB8D_C664_COG.SAFE",
    "t": "2024-07-15T22:58:12+00:00",
    "sensor": "sentinel1-vv-cfar",
    "uncertainty_m": 7.6
   }
  },
  {
   "type": "Feature",
   "geometry": {
    "type": "Point",
    "coordinates": [
     -75.43057597624667,
     36.224107811402696
    ]
   },
   "properties": {
    "confidence": 0.349,
    "snr": 6.98,
    "peak_dn": 167.0,
    "background_dn": 60.0,
    "sigma_dn": 15.32,
    "pixels": 3,
    "length_m_approx": 17.3,
    "pixel": [
     6568.3,
     15918.3
    ],
    "scene": "S1A_IW_GRDH_1SDV_20240715T225812_20240715T225841_054778_06AB8D_C664_COG.SAFE",
    "t": "2024-07-15T22:58:12+00:00",
    "sensor": "sentinel1-vv-cfar",
    "uncertainty_m": 9.1
   }
  },
  {
   "type": "Feature",
   "geometry": {
    "type": "Point",
    "coordinates": [
     -75.46489537311415,
     36.26038134413525
    ]
   },
   "properties": {
    "confidence": 0.349,
    "snr": 6.98,
    "peak_dn": 158.0,
    "background_dn": 54.4,
    "sigma_dn": 14.84,
    "pixels": 2,
    "length_m_approx": 14.1,
    "pixel": [
     6339.0,
     16362.5
    ],
    "scene": "S1A_IW_GRDH_1SDV_20240715T225812_20240715T225841_054778_06AB8D_C664_COG.SAFE",
    "t": "2024-07-15T22:58:12+00:00",
    "sensor": "sentinel1-vv-cfar",
    "uncertainty_m": 8.1
   }
  },
  {
   "type": "Feature",
   "geometry": {
    "type": "Point",
    "coordinates": [
     -75.43053242840723,
     36.223758272471194
    ]
   },
   "properties": {
    "confidence": 0.342,
    "snr": 6.84,
    "peak_dn": 165.0,
    "background_dn": 60.1,
    "sigma_dn": 15.34,
    "pixels": 2,
    "length_m_approx": 14.1,
    "pixel": [
     6568.0,
     15914.5
    ],
    "scene": "S1A_IW_GRDH_1SDV_20240715T225812_20240715T225841_054778_06AB8D_C664_COG.SAFE",
    "t": "2024-07-15T22:58:12+00:00",
    "sensor": "sentinel1-vv-cfar",
    "uncertainty_m": 7.6
   }
  },
  {
   "type": "Feature",
   "geometry": {
    "type": "Point",
    "coordinates": [
     -75.46272030459409,
     36.25413884594179
    ]
   },
   "properties": {
    "confidence": 0.335,
    "snr": 6.7,
    "peak_dn": 155.0,
    "background_dn": 53.3,
    "sigma_dn": 15.18,
    "pixels": 2,
    "length_m_approx": 14.1,
    "pixel": [
     6345.5,
     16292.0
    ],
    "scene": "S1A_IW_GRDH_1SDV_20240715T225812_20240715T225841_054778_06AB8D_C664_COG.SAFE",
    "t": "2024-07-15T22:58:12+00:00",
    "sensor": "sentinel1-vv-cfar",
    "uncertainty_m": 8.1
   }
  },
  {
   "type": "Feature",
   "geometry": {
    "type": "Point",
    "coordinates": [
     -75.45053149685157,
     36.22805380954352
    ]
   },
   "properties": {
    "confidence": 0.307,
    "snr": 6.14,
    "peak_dn": 145.0,
    "background_dn": 52.5,
    "sigma_dn": 15.07,
    "pixels": 2,
    "length_m_approx": 14.1,
    "pixel": [
     6400.0,
     15992.5
    ],
    "scene": "S1A_IW_GRDH_1SDV_20240715T225812_20240715T225841_054778_06AB8D_C664_COG.SAFE",
    "t": "2024-07-15T22:58:12+00:00",
    "sensor": "sentinel1-vv-cfar",
    "uncertainty_m": 8.1
   }
  },
  {
   "type": "Feature",
   "geometry": {
    "type": "Point",
    "coordinates": [
     -74.86913080944812,
     36.240992653756145
    ]
   },
   "properties": {
    "confidence": 0.356,
    "snr": 7.12,
    "peak_dn": 201.0,
    "background_dn": 71.1,
    "sigma_dn": 18.24,
    "pixels": 4,
    "length_m_approx": 20.0,
    "pixel": [
     11566.5,
     15215.5
    ],
    "scene": "S1A_IW_GRDH_1SDV_20240715T225812_20240715T225841_054778_06AB8D_C664_COG.SAFE",
    "t": "2024-07-15T22:58:12+00:00",
    "sensor": "sentinel1-vv-cfar",
    "uncertainty_m": 10.4
   }
  },
  {
   "type": "Feature",
   "geometry": {
    "type": "Point",
    "coordinates": [
     -74.9317313445411,
     36.278747133290146
    ]
   },
   "properties": {
    "confidence": 0.34,
    "snr": 6.79,
    "peak_dn": 187.0,
    "background_dn": 70.4,
    "sigma_dn": 17.16,
    "pixels": 2,
    "length_m_approx": 14.1,
    "pixel": [
     11087.5,
     15719.0
    ],
    "scene": "S1A_IW_GRDH_1SDV_20240715T225812_20240715T225841_054778_06AB8D_C664_COG.SAFE",
    "t": "2024-07-15T22:58:12+00:00",
    "sensor": "sentinel1-vv-cfar",
    "uncertainty_m": 7.6
   }
  },
  {
   "type": "Feature",
   "geometry": {
    "type": "Point",
    "coordinates": [
     -74.61413096085114,
     36.296251412315186
    ]
   },
   "properties": {
    "confidence": 0.95,
    "snr": 157.2,
    "peak_dn": 3190.0,
    "background_dn": 64.6,
    "sigma_dn": 19.88,
    "pixels": 269,
    "length_m_approx": 164.0,
    "pixel": [
     13930.1,
     15417.8
    ],
    "scene": "S1A_IW_GRDH_1SDV_20240715T225812_20240715T225841_054778_06AB8D_C664_COG.SAFE",
    "t": "2024-07-15T22:58:12+00:00",
    "sensor": "sentinel1-vv-cfar",
    "uncertainty_m": 82.1
   }
  },
  {
   "type": "Feature",
   "geometry": {
    "type": "Point",
    "coordinates": [
     -74.60480266408454,
     36.25494262428842
    ]
   },
   "properties": {
    "confidence": 0.469,
    "snr": 9.38,
    "peak_dn": 198.0,
    "background_dn": 61.1,
    "sigma_dn": 14.59,
    "pixels": 3,
    "length_m_approx": 17.3,
    "pixel": [
     13932.3,
     14958.7
    ],
    "scene": "S1A_IW_GRDH_1SDV_20240715T225812_20240715T225841_054778_06AB8D_C664_COG.SAFE",
    "t": "2024-07-15T22:58:12+00:00",
    "sensor": "sentinel1-vv-cfar",
    "uncertainty_m": 9.1
   }
  },
  {
   "type": "Feature",
   "geometry": {
    "type": "Point",
    "coordinates": [
     -74.60466383127282,
     36.25452744732399
    ]
   },
   "properties": {
    "confidence": 0.42,
    "snr": 8.39,
    "peak_dn": 183.0,
    "background_dn": 61.0,
    "sigma_dn": 14.54,
    "pixels": 4,
    "length_m_approx": 20.0,
    "pixel": [
     13932.7,
     14954.0
    ],
    "scene": "S1A_IW_GRDH_1SDV_20240715T225812_20240715T225841_054778_06AB8D_C664_COG.SAFE",
    "t": "2024-07-15T22:58:12+00:00",
    "sensor": "sentinel1-vv-cfar",
    "uncertainty_m": 10.4
   }
  },
  {
   "type": "Feature",
   "geometry": {
    "type": "Point",
    "coordinates": [
     -74.61516484638364,
     36.2962634107631
    ]
   },
   "properties": {
    "confidence": 0.355,
    "snr": 7.09,
    "peak_dn": 194.0,
    "background_dn": 64.5,
    "sigma_dn": 18.25,
    "pixels": 2,
    "length_m_approx": 14.1,
    "pixel": [
     13921.0,
     15419.5
    ],
    "scene": "S1A_IW_GRDH_1SDV_20240715T225812_20240715T225841_054778_06AB8D_C664_COG.SAFE",
    "t": "2024-07-15T22:58:12+00:00",
    "sensor": "sentinel1-vv-cfar",
    "uncertainty_m": 7.6
   }
  },
  {
   "type": "Feature",
   "geometry": {
    "type": "Point",
    "coordinates": [
     -74.11113985203518,
     36.45026781086877
    ]
   },
   "properties": {
    "confidence": 0.4,
    "snr": 8.0,
    "peak_dn": 180.0,
    "background_dn": 60.7,
    "sigma_dn": 14.9,
    "pixels": 3,
    "length_m_approx": 17.3,
    "pixel": [
     18671.0,
     16322.0
    ],
    "scene": "S1A_IW_GRDH_1SDV_20240715T225812_20240715T225841_054778_06AB8D_C664_COG.SAFE",
    "t": "2024-07-15T22:58:12+00:00",
    "sensor": "sentinel1-vv-cfar",
    "uncertainty_m": 9.1
   }
  },
  {
   "type": "Feature",
   "geometry": {
    "type": "Point",
    "coordinates": [
     -73.71072186897356,
     36.36738808454339
    ]
   },
   "properties": {
    "confidence": 0.364,
    "snr": 7.27,
    "peak_dn": 184.0,
    "background_dn": 66.9,
    "sigma_dn": 16.1,
    "pixels": 2,
    "length_m_approx": 14.1,
    "pixel": [
     22057.0,
     14840.5
    ],
    "scene": "S1A_IW_GRDH_1SDV_20240715T225812_20240715T225841_054778_06AB8D_C664_COG.SAFE",
    "t": "2024-07-15T22:58:12+00:00",
    "sensor": "sentinel1-vv-cfar",
    "uncertainty_m": 7.6
   }
  },
  {
   "type": "Feature",
   "geometry": {
    "type": "Point",
    "coordinates": [
     -75.93858825865003,
     36.199257452767675
    ]
   },
   "properties": {
    "confidence": 0.388,
    "snr": 7.76,
    "peak_dn": 254.0,
    "background_dn": 89.6,
    "sigma_dn": 21.18,
    "pixels": 2,
    "length_m_approx": 14.1,
    "pixel": [
     2028.5,
     16475.0
    ],
    "scene": "S1A_IW_GRDH_1SDV_20240715T225812_20240715T225841_054778_06AB8D_C664_COG.SAFE",
    "t": "2024-07-15T22:58:12+00:00",
    "sensor": "sentinel1-vv-cfar",
    "uncertainty_m": 8.1
   }
  },
  {
   "type": "Feature",
   "geometry": {
    "type": "Point",
    "coordinates": [
     -75.79977662141891,
     36.22015586498117
    ]
   },
   "properties": {
    "confidence": 0.937,
    "snr": 18.74,
    "peak_dn": 398.0,
    "background_dn": 60.4,
    "sigma_dn": 18.01,
    "pixels": 50,
    "length_m_approx": 70.7,
    "pixel": [
     3298.1,
     16471.9
    ],
    "scene": "S1A_IW_GRDH_1SDV_20240715T225812_20240715T225841_054778_06AB8D_C664_COG.SAFE",
    "t": "2024-07-15T22:58:12+00:00",
    "sensor": "sentinel1-vv-cfar",
    "uncertainty_m": 35.6
   }
  },
  {
   "type": "Feature",
   "geometry": {
    "type": "Point",
    "coordinates": [
     -75.74641510961966,
     36.25658386045963
    ]
   },
   "properties": {
    "confidence": 0.736,
    "snr": 14.71,
    "peak_dn": 315.0,
    "background_dn": 66.7,
    "sigma_dn": 16.88,
    "pixels": 14,
    "length_m_approx": 37.4,
    "pixel": [
     3845.0,
     16775.4
    ],
    "scene": "S1A_IW_GRDH_1SDV_20240715T225812_20240715T225841_054778_06AB8D_C664_COG.SAFE",
    "t": "2024-07-15T22:58:12+00:00",
    "sensor": "sentinel1-vv-cfar",
    "uncertainty_m": 19.1
   }
  },
  {
   "type": "Feature",
   "geometry": {
    "type": "Point",
    "coordinates": [
     -75.86020882237375,
     36.38741815909083
    ]
   },
   "properties": {
    "confidence": 0.544,
    "snr": 10.87,
    "peak_dn": 333.0,
    "background_dn": 78.0,
    "sigma_dn": 23.45,
    "pixels": 32,
    "length_m_approx": 56.6,
    "pixel": [
     3112.3,
     18363.1
    ],
    "scene": "S1A_IW_GRDH_1SDV_20240715T225812_20240715T225841_054778_06AB8D_C664_COG.SAFE",
    "t": "2024-07-15T22:58:12+00:00",
    "sensor": "sentinel1-vv-cfar",
    "uncertainty_m": 28.4
   }
  },
  {
   "type": "Feature",
   "geometry": {
    "type": "Point",
    "coordinates": [
     -75.79995471424013,
     36.21939038928397
    ]
   },
   "properties": {
    "confidence": 0.409,
    "snr": 8.18,
    "peak_dn": 216.0,
    "background_dn": 61.9,
    "sigma_dn": 18.84,
    "pixels": 3,
    "length_m_approx": 17.3,
    "pixel": [
     3295.0,
     16464.0
    ],
    "scene": "S1A_IW_GRDH_1SDV_20240715T225812_20240715T225841_054778_06AB8D_C664_COG.SAFE",
    "t": "2024-07-15T22:58:12+00:00",
    "sensor": "sentinel1-vv-cfar",
    "uncertainty_m": 9.6
   }
  },
  {
   "type": "Feature",
   "geometry": {
    "type": "Point",
    "coordinates": [
     -75.7296465530782,
     36.34519609216159
    ]
   },
   "properties": {
    "confidence": 0.313,
    "snr": 6.25,
    "peak_dn": 210.0,
    "background_dn": 83.6,
    "sigma_dn": 20.21,
    "pixels": 2,
    "length_m_approx": 14.1,
    "pixel": [
     4176.0,
     17698.5
    ],
    "scene": "S1A_IW_GRDH_1SDV_20240715T225812_20240715T225841_054778_06AB8D_C664_COG.SAFE",
    "t": "2024-07-15T22:58:12+00:00",
    "sensor": "sentinel1-vv-cfar",
    "uncertainty_m": 8.1
   }
  },
  {
   "type": "Feature",
   "geometry": {
    "type": "Point",
    "coordinates": [
     -75.66978697626418,
     36.37509824498137
    ]
   },
   "properties": {
    "confidence": 0.312,
    "snr": 6.25,
    "peak_dn": 194.0,
    "background_dn": 77.1,
    "sigma_dn": 18.7,
    "pixels": 2,
    "length_m_approx": 14.1,
    "pixel": [
     4765.5,
     17922.5
    ],
    "scene": "S1A_IW_GRDH_1SDV_20240715T225812_20240715T225841_054778_06AB8D_C664_COG.SAFE",
    "t": "2024-07-15T22:58:12+00:00",
    "sensor": "sentinel1-vv-cfar",
    "uncertainty_m": 8.1
   }
  },
  {
   "type": "Feature",
   "geometry": {
    "type": "Point",
    "coordinates": [
     -74.88001577341747,
     36.48614374488198
    ]
   },
   "properties": {
    "confidence": 0.319,
    "snr": 6.38,
    "peak_dn": 169.0,
    "background_dn": 67.2,
    "sigma_dn": 15.95,
    "pixels": 2,
    "length_m_approx": 14.1,
    "pixel": [
     11953.5,
     17870.0
    ],
    "scene": "S1A_IW_GRDH_1SDV_20240715T225812_20240715T225841_054778_06AB8D_C664_COG.SAFE",
    "t": "2024-07-15T22:58:12+00:00",
    "sensor": "sentinel1-vv-cfar",
    "uncertainty_m": 7.6
   }
  },
  {
   "type": "Feature",
   "geometry": {
    "type": "Point",
    "coordinates": [
     -74.09664430341911,
     36.46543975155302
    ]
   },
   "properties": {
    "confidence": 0.35,
    "snr": 6.99,
    "peak_dn": 161.0,
    "background_dn": 60.3,
    "sigma_dn": 14.4,
    "pixels": 3,
    "length_m_approx": 17.3,
    "pixel": [
     18827.7,
     16464.3
    ],
    "scene": "S1A_IW_GRDH_1SDV_20240715T225812_20240715T225841_054778_06AB8D_C664_COG.SAFE",
    "t": "2024-07-15T22:58:12+00:00",
    "sensor": "sentinel1-vv-cfar",
    "uncertainty_m": 9.1
   }
  },
  {
   "type": "Feature",
   "geometry": {
    "type": "Point",
    "coordinates": [
     -75.86952755431471,
     36.40507006245168
    ]
   },
   "properties": {
    "confidence": 0.788,
    "snr": 15.75,
    "peak_dn": 405.0,
    "background_dn": 85.9,
    "sigma_dn": 20.26,
    "pixels": 31,
    "length_m_approx": 55.7,
    "pixel": [
     3066.8,
     18567.4
    ],
    "scene": "S1A_IW_GRDH_1SDV_20240715T225812_20240715T225841_054778_06AB8D_C664_COG.SAFE",
    "t": "2024-07-15T22:58:12+00:00",
    "sensor": "sentinel1-vv-cfar",
    "uncertainty_m": 28.0
   }
  },
  {
   "type": "Feature",
   "geometry": {
    "type": "Point",
    "coordinates": [
     -75.86991075857097,
     36.40589099934246
    ]
   },
   "properties": {
    "confidence": 0.361,
    "snr": 7.22,
    "peak_dn": 232.0,
    "background_dn": 86.3,
    "sigma_dn": 20.19,
    "pixels": 8,
    "length_m_approx": 28.3,
    "pixel": [
     3065.1,
     18576.9
    ],
    "scene": "S1A_IW_GRDH_1SDV_20240715T225812_20240715T225841_054778_06AB8D_C664_COG.SAFE",
    "t": "2024-07-15T22:58:12+00:00",
    "sensor": "sentinel1-vv-cfar",
    "uncertainty_m": 14.5
   }
  },
  {
   "type": "Feature",
   "geometry": {
    "type": "Point",
    "coordinates": [
     -75.86958910021261,
     36.425871552230674
    ]
   },
   "properties": {
    "confidence": 0.361,
    "snr": 7.21,
    "peak_dn": 216.0,
    "background_dn": 70.7,
    "sigma_dn": 20.14,
    "pixels": 4,
    "length_m_approx": 20.0,
    "pixel": [
     3109.5,
     18790.5
    ],
    "scene": "S1A_IW_GRDH_1SDV_20240715T225812_20240715T225841_054778_06AB8D_C664_COG.SAFE",
    "t": "2024-07-15T22:58:12+00:00",
    "sensor": "sentinel1-vv-cfar",
    "uncertainty_m": 10.5
   }
  },
  {
   "type": "Feature",
   "geometry": {
    "type": "Point",
    "coordinates": [
     -75.86937137594458,
     36.405940835026634
    ]
   },
   "properties": {
    "confidence": 0.325,
    "snr": 6.5,
    "peak_dn": 218.0,
    "background_dn": 86.4,
    "sigma_dn": 20.23,
    "pixels": 2,
    "length_m_approx": 14.1,
    "pixel": [
     3070.0,
     18576.5
    ],
    "scene": "S1A_IW_GRDH_1SDV_20240715T225812_20240715T225841_054778_06AB8D_C664_COG.SAFE",
    "t": "2024-07-15T22:58:12+00:00",
    "sensor": "sentinel1-vv-cfar",
    "uncertainty_m": 7.7
   }
  },
  {
   "type": "Feature",
   "geometry": {
    "type": "Point",
    "coordinates": [
     -75.54285297757961,
     36.457375163024366
    ]
   },
   "properties": {
    "confidence": 0.339,
    "snr": 6.77,
    "peak_dn": 213.0,
    "background_dn": 79.9,
    "sigma_dn": 19.65,
    "pixels": 2,
    "length_m_approx": 14.1,
    "pixel": [
     6053.0,
     18601.5
    ],
    "scene": "S1A_IW_GRDH_1SDV_20240715T225812_20240715T225841_054778_06AB8D_C664_COG.SAFE",
    "t": "2024-07-15T22:58:12+00:00",
    "sensor": "sentinel1-vv-cfar",
    "uncertainty_m": 7.6
   }
  },
  {
   "type": "Feature",
   "geometry": {
    "type": "Point",
    "coordinates": [
     -75.55319211307845,
     36.50607635079219
    ]
   },
   "properties": {
    "confidence": 0.337,
    "snr": 6.74,
    "peak_dn": 211.0,
    "background_dn": 80.0,
    "sigma_dn": 19.45,
    "pixels": 3,
    "length_m_approx": 17.3,
    "pixel": [
     6061.3,
     19140.7
    ],
    "scene": "S1A_IW_GRDH_1SDV_20240715T225812_20240715T225841_054778_06AB8D_C664_COG.SAFE",
    "t": "2024-07-15T22:58:12+00:00",
    "sensor": "sentinel1-vv-cfar",
    "uncertainty_m": 9.1
   }
  }
 ]
}