{
 "type": "FeatureCollection",
 "properties": {
  "scene": "S1A_IW_GRDH_1SDV_20240925T225812_20240925T225841_055828_06D27E_789A_COG.SAFE",
  "acquired": "2024-09-25T22:58:12+00:00",
  "geolocation_rms_m": 2.6,
  "geolocation_holdout_m": 8.2,
  "geolocation_median_m": 9.4,
  "geolocation_p90_m": 9.7,
  "geolocation_worst_m": 14.8,
  "geolocation_uneven": false,
  "geolocation_convergence": 3.56,
  "geolocation_method": "geolocation grid (bilinear)",
  "geolocation_validation": "holdout at 2x spacing",
  "tiles": 130,
  "tiles_skipped": 0,
  "k_sigma": 6.0,
  "land_masked": true,
  "water_fraction": 0.49,
  "land_sea_contrast": 1.92,
  "coast_blind_m": 605.0,
  "searched_km2": 23068.8,
  "refused_km2": 0.0,
  "tiles_without_water": 33,
  "outside_aoi": 469,
  "aoi_sea": [
   -77.2,
   36.0,
   -71.0,
   39.6
  ],
  "footprint": [
   [
    -75.81032,
    34.68138
   ],
   [
    -75.58145,
    34.71734
   ],
   [
    -75.3524,
    34.75289
   ],
   [
    -75.12315,
    34.78803
   ],
   [
    -74.8937,
    34.8227
   ],
   [
    -74.66406,
    34.85696
   ],
   [
    -74.43424,
    34.8908
   ],
   [
    -74.20422,
    34.92417
   ],
   [
    -73.97402,
    34.95712
   ],
   [
    -73.74365,
    34.98966
   ],
   [
    -73.51308,
    35.02173
   ],
   [
    -73.28234,
    35.05337
   ],
   [
    -73.05143,
    35.08459
   ],
   [
    -73.08078,
    35.23004
   ],
   [
    -73.11016,
    35.37547
   ],
   [
    -73.13957,
    35.52091
   ],
   [
    -73.16899,
    35.66633
   ],
   [
    -73.19845,
    35.81176
   ],
   [
    -73.22794,
    35.95717
   ],
   [
    -73.25745,
    36.10259
   ],
   [
    -73.28699,
    36.24799
   ],
   [
    -73.31656,
    36.39339
   ],
   [
    -73.34616,
    36.53879
   ],
   [
    -73.37579,
    36.68418
   ],
   [
    -73.40544,
    36.82956
   ],
   [
    -73.64155,
    36.79868
   ],
   [
    -73.87748,
    36.76734
   ],
   [
    -74.11322,
    36.73556
   ],
   [
    -74.34876,
    36.70328
   ],
   [
    -74.5841,
    36.67055
   ],
   [
    -74.81924,
    36.63737
   ],
   [
    -75.05417,
    36.60369
   ],
   [
    -75.28891,
    36.56958
   ],
   [
    -75.52344,
    36.53501
   ],
   [
    -75.75775,
    36.49996
   ],
   [
    -75.99183,
    36.46446
   ],
   [
    -76.22569,
    36.42853
   ],
   [
    -76.19073,
    36.28297
   ],
   [
    -76.15586,
    36.1374
   ],
   [
    -76.12102,
    35.99184
   ],
   [
    -76.08625,
    35.84626
   ],
   [
    -76.05153,
    35.70068
   ],
   [
    -76.01686,
    35.55509
   ],
   [
    -75.9823,
    35.40948
   ],
   [
    -75.94779,
    35.26388
   ],
   [
    -75.91334,
    35.11826
   ],
   [
    -75.87894,
    34.97264
   ],
   [
    -75.8446,
    34.82702
   ]
  ],
  "searched_grid": {
   "cell_deg": 0.01,
   "lon0": -75.99,
   "lat0": 34.68,
   "levels": 10,
   "rows": {
    "16": [
     [
      16,
      1,
      1
     ]
    ],
    "17": [
     [
      14,
      1,
      10
     ],
     [
      15,
      1,
      9
     ],
     [
      16,
      1,
      10
     ],
     [
      17,
      1,
      7
     ]
    ],
    "18": [
     [
      13,
      1,
      3
     ],
     [
      14,
      4,
      10
     ],
     [
      18,
      1,
      9
     ],
     [
      19,
      1,
      5
     ],
     [
      20,
      1,
      2
     ]
    ],
    "19": [
     [
      13,
      1,
      5
     ],
     [
      14,
      7,
      10
     ],
     [
      21,
      1,
      6
     ]
    ],
    "20": [
     [
      13,
      1,
      6
     ],
     [
      14,
      5,
      10
     ],
     [
      19,
      1,
      9
     ],
     [
      20,
      1,
      7
     ],
     [
      21,
      1,
      9
     ],
     [
      22,
      1,
      6
     ]
    ],
    "21": [
     [
      13,
      1,
      9
     ],
     [
      14,
      5,
      10
     ],
     [
      19,
      1,
      5
     ],
     [
      21,
      1,
      1
     ],
     [
      22,
      1,
      8
     ],
     [
      23,
      1,
      7
     ]
    ],
    "22": [
     [
      12,
      1,
      2
     ],
     [
      13,
      6,
      10
     ],
     [
      19,
      1,
      8
     ],
     [
      22,
      1,
      8
     ],
     [
      23,
      1,
      10
     ],
     [
      24,
      1,
      7
     ],
     [
      25,
      1,
      1
     ]
    ],
    "23": [
     [
      12,
      1,
      5
     ],
     [
      13,
      7,
      10
     ],
     [
      20,
      1,
      9
     ],
     [
      21,
      1,
      7
     ],
     [
      22,
      1,
      9
     ],
     [
      23,
      1,
      6
     ],
     [
      24,
      1,
      7
     ],
     [
      25,
      1,
      8
     ]
    ],
    "24": [
     [
      12,
      1,
      6
     ],
     [
      13,
      8,
      10
     ],
     [
      21,
      1,
      2
     ],
     [
      25,
      1,
      8
     ]
    ],
    "25": [
     [
      12,
      1,
      9
     ],
     [
      13,
      7,
      10
     ],
     [
      20,
      1,
      9
     ],
     [
      27,
      1,
      3
     ],
     [
      28,
      1,
      4
     ]
    ],
    "26": [
     [
      12,
      9,
      10
     ],
     [
      27,
      1,
      3
     ],
     [
      28,
      1,
      10
     ]
    ],
    "27": [
     [
      11,
      1,
      6
     ],
     [
      12,
      9,
      10
     ],
     [
      21,
      1,
      5
     ],
     [
      27,
      2,
      9
     ],
     [
      30,
      2,
      1
     ]
    ],
    "28": [
     [
      11,
      1,
      6
     ],
     [
      12,
      9,
      10
     ],
     [
      21,
      1,
      9
     ],
     [
      22,
      1,
      4
     ],
     [
      23,
      1,
      7
     ],
     [
      26,
      1,
      5
     ],
     [
      27,
      2,
      10
     ],
     [
      29,
      2,
      9
     ],
     [
      31,
      1,
      6
     ]
    ],
    "29": [
     [
      11,
      1,
      8
     ],
     [
      12,
      12,
      10
     ],
     [
      24,
      1,
      9
     ],
     [
      25,
      1,
      8
     ],
     [
      26,
      5,
      10
     ],
     [
      31,
      1,
      4
     ]
    ],
    "30": [
     [
      11,
      20,
      10
     ],
     [
      31,
      1,
      5
     ],
     [
      32,
      1,
      3
     ],
     [
      33,
      1,
      4
     ]
    ],
    "31": [
     [
      10,
      1,
      5
     ],
     [
      11,
      23,
      10
     ],
     [
      34,
      1,
      3
     ]
    ],
    "32": [
     [
      10,
      1,
      6
     ],
     [
      11,
      19,
      10
     ],
     [
      30,
      1,
      8
     ],
     [
      31,
      1,
      7
     ],
     [
      32,
      1,
      1
     ],
     [
      34,
      1,
      5
     ]
    ],
    "33": [
     [
      10,
      1,
      7
     ],
     [
      11,
      18,
      10
     ],
     [
      29,
      1,
      5
     ],
     [
      34,
      1,
      8
     ],
     [
      35,
      1,
      6
     ],
     [
      192,
      1,
      1
     ],
     [
      193,
      1,
      4
     ],
     [
      194,
      1,
      1
     ],
     [
      196,
      1,
      3
     ],
     [
      197,
      1,
      2
     ]
    ],
    "34": [
     [
      10,
      17,
      10
     ],
     [
      27,
      1,
      3
     ],
     [
      35,
      1,
      3
     ],
     [
      36,
      1,
      2
     ],
     [
      190,
      2,
      1
     ],
     [
      193,
      1,
      1
     ],
     [
      195,
      1,
      2
     ],
     [
      196,
      1,
      7
     ],
     [
      197,
      1,
      4
     ],
     [
      198,
      1,
      8
     ],
     [
      199,
      1,
      1
     ]
    ],
    "35": [
     [
      9,
      1,
      3
     ],
     [
      10,
      16,
      10
     ],
     [
      26,
      1,
      4
     ],
     [
      195,
      1,
      2
     ],
     [
      197,
      1,
      4
     ],
     [
      198,
      1,
      8
     ],
     [
      199,
      1,
      1
     ]
    ],
    "36": [
     [
      9,
      1,
      5
     ],
     [
      10,
      14,
      10
     ],
     [
      24,
      1,
      9
     ],
     [
      25,
      1,
      2
     ],
     [
      35,
      1,
      2
     ],
     [
      194,
      1,
      2
     ],
     [
      195,
      1,
      5
     ],
     [
      196,
      2,
      7
     ],
     [
      198,
      1,
      4
     ]
    ],
    "37": [
     [
      9,
      1,
      6
     ],
     [
      10,
      13,
      10
     ],
     [
      23,
      1,
      3
     ],
     [
      33,
      1,
      1
     ],
     [
      34,
      1,
      5
     ],
     [
      35,
      1,
      10
     ],
     [
      36,
      1,
      6
     ],
     [
      37,
      1,
      2
     ],
     [
      192,
      1,
      2
     ],
     [
      196,
      1,
      9
     ],
     [
      199,
      1,
      4
     ],
     [
      200,
      1,
      6
     ],
     [
      201,
      1,
      7
     ],
     [
      202,
      1,
      4
     ]
    ],
    "38": [
     [
      9,
      11,
      10
     ],
     [
      20,
      1,
      7
     ],
     [
      21,
      1,
      4
     ],
     [
      22,
      1,
      2
     ],
     [
      35,
      1,
      1
     ],
     [
      36,
      2,
      7
     ],
     [
      186,
      1,
      5
     ],
     [
      187,
      1,
      1
     ],
     [
      200,
      1,
      5
     ],
     [
      201,
      1,
      6
     ]
    ],
    "39": [
     [
      8,
      1,
      3
     ],
     [
      9,
      9,
      10
     ],
     [
      18,
      1,
      9
     ],
     [
      19,
      1,
      2
     ],
     [
      36,
      1,
      3
     ],
     [
      37,
      1,
      5
     ],
     [
      186,
      1,
      4
     ],
     [
      193,
      1,
      2
     ]
    ],
    "40": [
     [
      8,
      1,
      5
     ],
     [
      9,
      9,
      10
     ],
     [
      18,
      1,
      1
     ],
     [
      32,
      1,
      1
     ],
     [
      36,
      1,
      3
     ],
     [
      198,
      1,
      2
     ],
     [
      201,
      1,
      3
     ],
     [
      203,
      2,
      3
     ]
    ],
    "41": [
     [
      8,
      1,
      6
     ],
     [
      9,
      8,
      10
     ],
     [
      17,
      1,
      4
     ],
     [
      185,
      1,
      1
     ],
     [
      200,
      1,
      9
     ],
     [
      201,
      1,
      8
     ],
     [
      202,
      3,
      10
     ],
     [
      205,
      1,
      7
     ],
     [
      206,
      1,
      10
     ],
     [
      207,
      1,
      4
     ],
     [
      209,
      2,
      4
     ],
     [
      211,
      1,
      3
     ],
     [
      212,
      1,
      1
     ]
    ],
    "42": [
     [
      8,
      1,
      4
     ],
     [
      9,
      1,
      3
     ],
     [
      10,
      1,
      6
     ],
     [
      11,
      1,
      10
     ],
     [
      12,
      1,
      9
     ],
     [
      13,
      4,
      10
     ],
     [
      17,
      1,
      3
     ],
     [
      200,
      1,
      2
     ],
     [
      202,
      1,
      6
     ],
     [
      203,
      1,
      10
     ],
     [
      204,
      1,
      9
     ],
     [
      206,
      1,
      2
     ],
     [
      207,
      1,
      1
     ],
     [
      209,
      1,
      6
     ],
     [
      210,
      1,
      8
     ],
     [
      211,
      3,
      10
     ],
     [
      214,
      1,
      9
     ],
     [
      215,
      1,
      7
     ],
     [
      216,
      1,
      6
     ],
     [
      217,
      1,
      5
     ],
     [
      218,
      1,
      3
     ],
     [
      219,
      1,
      1
     ]
    ],
    "43": [
     [
      10,
      1,
      6
     ],
     [
      11,
      1,
      10
     ],
     [
      12,
      1,
      2
     ],
     [
      14,
      1,
      4
     ],
     [
      15,
      2,
      9
     ],
     [
      17,
      1,
      2
     ],
     [
      202,
      2,
      10
     ],
     [
      204,
      1,
      6
     ],
     [
      206,
      1,
      2
     ],
     [
      207,
      1,
      1
     ],
     [
      209,
      1,
      2
     ],
     [
      210,
      1,
      1
     ],
     [
      211,
      1,
      7
     ],
     [
      212,
      9,
      10
     ],
     [
      221,
      2,
      8
     ],
     [
      223,
      1,
      6
     ],
     [
      224,
      2,
      3
     ],
     [
      226,
      1,
      2
     ]
    ],
    "44": [
     [
      9,
      1,
      5
     ],
     [
      10,
      1,
      9
     ],
     [
      11,
      1,
      10
     ],
     [
      12,
      1,
      1
     ],
     [
      15,
      1,
      3
     ],
     [
      16,
      1,
      4
     ],
     [
      32,
      1,
      2
     ],
     [
      33,
      1,
      7
     ],
     [
      34,
      1,
      1
     ],
     [
      45,
      1,
      1
     ],
     [
      46,
      1,
      5
     ],
     [
      188,
      1,
      1
     ],
     [
      202,
      1,
      8
     ],
     [
      203,
      1,
      7
     ],
     [
      204,
      1,
      1
     ],
     [
      207,
      3,
      3
     ],
     [
      210,
      1,
      1
     ],
     [
      211,
      1,
      2
     ],
     [
      212,
      2,
      10
     ],
     [
      214,
      1,
      2
     ],
     [
      216,
      1,
      9
     ],
     [
      217,
      11,
      10
     ],
     [
      228,
      1,
      9
     ],
     [
      229,
      2,
      7
     ],
     [
      231,
      1,
      5
     ],
     [
      232,
      1,
      3
     ],
     [
      233,
      1,
      2
     ]
    ],
    "45": [
     [
      10,
      1,
      1
     ],
     [
      12,
      1,
      1
     ],
     [
      15,
      1,
      3
     ],
     [
      16,
      1,
      5
     ],
     [
      31,
      1,
      1
     ],
     [
      32,
      1,
      8
     ],
     [
      33,
      1,
      2
     ],
     [
      202,
      1,
      2
     ],
     [
      203,
      1,
      8
     ],
     [
      207,
      1,
      2
     ],
     [
      208,
      1,
      4
     ],
     [
      210,
      1,
      3
     ],
     [
      211,
      1,
      5
     ],
     [
      212,
      1,
      10
     ],
     [
      213,
      1,
      8
     ],
     [
      215,
      1,
      1
     ],
     [
      216,
      20,
      10
     ],
     [
      236,
      2,
      7
     ],
     [
      238,
      1,
      5
     ],
     [
      239,
      1,
      4
     ],
     [
      240,
      1,
      3
     ]
    ],
    "46": [
     [
      7,
      1,
      5
     ],
     [
      8,
      1,
      2
     ],
     [
      16,
      1,
      2
     ],
     [
      32,
      1,
      2
     ],
     [
      44,
      1,
      3
     ],
     [
      204,
      1,
      3
     ],
     [
      211,
      1,
      6
     ],
     [
      212,
      31,
      10
     ],
     [
      243,
      1,
      8
     ],
     [
      244,
      1,
      7
     ],
     [
      245,
      1,
      5
     ],
     [
      246,
      1,
      4
     ],
     [
      247,
      1,
      3
     ],
     [
      248,
      1,
      1
     ]
    ],
    "47": [
     [
      7,
      1,
      4
     ],
     [
      8,
      1,
      5
     ],
     [
      9,
      1,
      6
     ],
     [
      10,
      1,
      1
     ],
     [
      43,
      1,
      2
     ],
     [
      44,
      1,
      6
     ],
     [
      67,
      1,
      4
     ],
     [
      68,
      1,
      1
     ],
     [
      206,
      2,
      1
     ],
     [
      210,
      1,
      4
     ],
     [
      212,
      1,
      3
     ],
     [
      213,
      37,
      10
     ],
     [
      250,
      1,
      9
     ],
     [
      251,
      1,
      7
     ],
     [
      252,
      1,
      6
     ],
     [
      253,
      1,
      5
     ],
     [
      254,
      1,
      3
     ],
     [
      255,
      1,
      2
     ]
    ],
    "48": [
     [
      12,
      1,
      4
     ],
     [
      13,
      1,
      2
     ],
     [
      43,
      2,
      6
     ],
     [
      45,
      1,
      2
     ],
     [
      46,
      1,
      10
     ],
     [
      47,
      1,
      2
     ],
     [
      50,
      1,
      1
     ],
     [
      68,
      1,
      8
     ],
     [
      69,
      1,
      7
     ],
     [
      70,
      1,
      4
     ],
     [
      211,
      2,
      2
     ],
     [
      213,
      1,
      6
     ],
     [
      214,
      1,
      8
     ],
     [
      215,
      42,
      10
     ],
     [
      257,
      1,
      9
     ],
     [
      258,
      1,
      8
     ],
     [
      259,
      1,
      6
     ],
     [
      260,
      1,
      5
     ],
     [
      261,
      1,
      3
     ],
     [
      262,
      1,
      2
     ]
    ],
    "49": [
     [
      43,
      2,
      6
     ],
     [
      45,
      1,
      4
     ],
     [
      46,
      1,
      7
     ],
     [
      61,
      1,
      2
     ],
     [
      62,
      1,
      7
     ],
     [
      63,
      1,
      2
     ],
     [
      65,
      1,
      2
     ],
     [
      66,
      1,
      3
     ],
     [
      67,
      1,
      4
     ],
     [
      68,
      5,
      10
     ],
     [
      73,
      1,
      6
     ],
     [
      74,
      1,
      4
     ],
     [
      75,
      1,
      2
     ],
     [
      211,
      2,
      1
     ],
     [
      214,
      1,
      6
     ],
     [
      215,
      50,
      10
     ],
     [
      265,
      1,
      8
     ],
     [
      266,
      1,
      7
     ],
     [
      267,
      1,
      6
     ],
     [
      268,
      1,
      2
     ],
     [
      269,
      1,
      3
     ],
     [
      270,
      1,
      1
     ]
    ],
    "50": [
     [
      46,
      1,
      6
     ],
     [
      47,
      1,
      4
     ],
     [
      64,
      1,
      3
     ],
     [
      65,
      10,
      10
     ],
     [
      75,
      1,
      4
     ],
     [
      77,
      1,
      1
     ],
     [
      207,
      1,
      4
     ],
     [
      210,
      1,
      5
     ],
     [
      211,
      2,
      3
     ],
     [
      213,
      1,
      8
     ],
     [
      214,
      1,
      10
     ],
     [
      215,
      1,
      9
     ],
     [
      216,
      1,
      7
     ],
     [
      217,
      55,
      10
     ],
     [
      272,
      1,
      8
     ],
     [
      273,
      1,
      7
     ],
     [
      274,
      1,
      6
     ],
     [
      275,
      1,
      4
     ],
     [
      276,
      1,
      3
     ],
     [
      277,
      1,
      1
     ]
    ],
    "51": [
     [
      45,
      1,
      4
     ],
     [
      46,
      1,
      8
     ],
     [
      47,
      1,
      6
     ],
     [
      64,
      1,
      9
     ],
     [
      65,
      8,
      10
     ],
     [
      73,
      1,
      7
     ],
     [
      74,
      1,
      1
     ],
     [
      208,
      1,
      2
     ],
     [
      210,
      1,
      3
     ],
     [
      211,
      1,
      5
     ],
     [
      212,
      1,
      3
     ],
     [
      213,
      1,
      6
     ],
     [
      214,
      1,
      10
     ],
     [
      215,
      1,
      4
     ],
     [
      216,
      1,
      2
     ],
     [
      217,
      63,
      10
     ],
     [
      280,
      2,
      7
     ],
     [
      282,
      1,
      5
     ],
     [
      283,
      1,
      4
     ],
     [
      284,
      1,
      3
     ]
    ],
    "52": [
     [
      21,
      1,
      1
     ],
     [
      35,
      1,
      1
     ],
     [
      36,
      1,
      3
     ],
     [
      37,
      1,
      1
     ],
     [
      41,
      1,
      1
     ],
     [
      45,
      1,
      1
     ],
     [
      46,
      1,
      5
     ],
     [
      62,
      1,
      4
     ],
     [
      63,
      1,
      2
     ],
     [
      65,
      1,
      9
     ],
     [
      66,
      2,
      10
     ],
     [
      68,
      2,
      8
     ],
     [
      70,
      3,
      10
     ],
     [
      73,
      1,
      7
     ],
     [
      74,
      1,
      1
     ],
     [
      81,
      1,
      1
     ],
     [
      210,
      2,
      2
     ],
     [
      213,
      1,
      3
     ],
     [
      214,
      1,
      10
     ],
     [
      215,
      1,
      6
     ],
     [
      216,
      1,
      5
     ],
     [
      217,
      69,
      10
     ],
     [
      286,
      1,
      4
     ]
    ],
    "53": [
     [
      35,
      1,
      4
     ],
     [
      39,
      2,
      1
     ],
     [
      42,
      1,
      3
     ],
     [
      43,
      1,
      2
     ],
     [
      45,
      1,
      2
     ],
     [
      62,
      2,
      1
     ],
     [
      65,
      1,
      5
     ],
     [
      66,
      1,
      8
     ],
     [
      67,
      2,
      1
     ],
     [
      70,
      5,
      10
     ],
     [
      75,
      1,
      9
     ],
     [
      76,
      1,
      8
     ],
     [
      77,
      1,
      6
     ],
     [
      78,
      1,
      1
     ],
     [
      81,
      2,
      1
     ],
     [
      210,
      1,
      8
     ],
     [
      211,
      1,
      6
     ],
     [
      212,
      1,
      3
     ],
     [
      213,
      1,
      8
     ],
     [
      214,
      72,
      10
     ],
     [
      286,
      1,
      3
     ]
    ],
    "54": [
     [
      42,
      1,
      1
     ],
     [
      67,
      1,
      2
     ],
     [
      69,
      10,
      10
     ],
     [
      81,
      1,
      4
     ],
     [
      82,
      1,
      3
     ],
     [
      84,
      2,
      1
     ],
     [
      210,
      1,
      4
     ],
     [
      211,
      75,
      10
     ]
    ],
    "55": [
     [
      66,
      1,
      1
     ],
     [
      67,
      1,
      3
     ],
     [
      68,
      1,
      4
     ],
     [
      69,
      1,
      8
     ],
     [
      70,
      9,
      10
     ],
     [
      79,
      1,
      8
     ],
     [
      80,
      2,
      9
     ],
     [
      82,
      1,
      10
     ],
     [
      83,
      1,
      3
     ],
     [
      84,
      1,
      1
     ],
     [
      85,
      1,
      2
     ],
     [
      211,
      1,
      5
     ],
     [
      212,
      1,
      9
     ],
     [
      213,
      72,
      10
     ],
     [
      285,
      1,
      8
     ]
    ],
    "56": [
     [
      16,
      1,
      2
     ],
     [
      65,
      1,
      4
     ],
     [
      69,
      1,
      3
     ],
     [
      70,
      13,
      10
     ],
     [
      83,
      1,
      4
     ],
     [
      84,
      1,
      2
     ],
     [
      90,
      2,
      2
     ],
     [
      92,
      1,
      1
     ],
     [
      212,
      1,
      7
     ],
     [
      213,
      72,
      10
     ],
     [
      285,
      1,
      7
     ]
    ],
    "57": [
     [
      15,
      1,
      5
     ],
     [
      16,
      1,
      1
     ],
     [
      27,
      2,
      1
     ],
     [
      65,
      1,
      7
     ],
     [
      66,
      1,
      3
     ],
     [
      67,
      1,
      4
     ],
     [
      69,
      1,
      1
     ],
     [
      70,
      14,
      10
     ],
     [
      84,
      1,
      3
     ],
     [
      88,
      1,
      1
     ],
     [
      89,
      1,
      6
     ],
     [
      90,
      3,
      10
     ],
     [
      93,
      1,
      7
     ],
     [
      94,
      1,
      4
     ],
     [
      186,
      1,
      1
     ],
     [
      210,
      1,
      1
     ],
     [
      212,
      1,
      6
     ],
     [
      213,
      72,
      10
     ],
     [
      285,
      1,
      5
     ]
    ],
    "58": [
     [
      14,
      2,
      1
     ],
     [
      65,
      1,
      2
     ],
     [
      66,
      1,
      3
     ],
     [
      67,
      1,
      7
     ],
     [
      68,
      2,
      3
     ],
     [
      70,
      1,
      10
     ],
     [
      71,
      1,
      6
     ],
     [
      72,
      1,
      7
     ],
     [
      73,
      12,
      10
     ],
     [
      85,
      1,
      6
     ],
     [
      87,
      1,
      5
     ],
     [
      88,
      1,
      6
     ],
     [
      89,
      5,
      10
     ],
     [
      94,
      1,
      8
     ],
     [
      205,
      1,
      1
     ],
     [
      212,
      1,
      4
     ],
     [
      213,
      1,
      9
     ],
     [
      214,
      71,
      10
     ],
     [
      285,
      1,
      3
     ]
    ],
    "59": [
     [
      40,
      1,
      1
     ],
     [
      41,
      1,
      5
     ],
     [
      42,
      1,
      4
     ],
     [
      43,
      2,
      1
     ],
     [
      68,
      2,
      7
     ],
     [
      73,
      14,
      10
     ],
     [
      87,
      1,
      6
     ],
     [
      88,
      1,
      1
     ],
     [
      89,
      1,
      4
     ],
     [
      90,
      5,
      10
     ],
     [
      188,
      1,
      2
     ],
     [
      204,
      1,
      2
     ],
     [
      205,
      1,
      1
     ],
     [
      210,
      1,
      3
     ],
     [
      211,
      1,
      1
     ],
     [
      213,
      1,
      3
     ],
     [
      215,
      1,
      3
     ],
     [
      216,
      69,
      10
     ]
    ],
    "60": [
     [
      39,
      1,
      2
     ],
     [
      40,
      1,
      8
     ],
     [
      41,
      1,
      4
     ],
     [
      42,
      1,
      7
     ],
     [
      43,
      1,
      9
     ],
     [
      44,
      1,
      10
     ],
     [
      45,
      1,
      8
     ],
     [
      67,
      1,
      5
     ],
     [
      68,
      1,
      2
     ],
     [
      70,
      1,
      2
     ],
     [
      71,
      1,
      1
     ],
     [
      72,
      15,
      10
     ],
     [
      87,
      1,
      8
     ],
     [
      88,
      1,
      6
     ],
     [
      89,
      1,
      8
     ],
     [
      90,
      6,
      10
     ],
     [
      96,
      1,
      5
     ],
     [
      214,
      1,
      2
     ],
     [
      215,
      1,
      8
     ],
     [
      216,
      68,
      10
     ],
     [
      284,
      1,
      9
     ]
    ],
    "61": [
     [
      40,
      1,
      2
     ],
     [
      43,
      3,
      10
     ],
     [
      46,
      1,
      3
     ],
     [
      68,
      1,
      4
     ],
     [
      69,
      1,
      7
     ],
     [
      70,
      1,
      9
     ],
     [
      71,
      25,
      10
     ],
     [
      96,
      1,
      3
     ],
     [
      212,
      1,
      1
     ],
     [
      215,
      69,
      10
     ],
     [
      284,
      1,
      7
     ]
    ],
    "62": [
     [
      43,
      1,
      6
     ],
     [
      44,
      1,
      10
     ],
     [
      45,
      1,
      4
     ],
     [
      67,
      1,
      1
     ],
     [
      68,
      1,
      9
     ],
     [
      69,
      18,
      10
     ],
     [
      87,
      1,
      5
     ],
     [
      88,
      1,
      3
     ],
     [
      89,
      1,
      8
     ],
     [
      90,
      6,
      10
     ],
     [
      96,
      1,
      8
     ],
     [
      97,
      1,
      7
     ],
     [
      209,
      1,
      5
     ],
     [
      210,
      1,
      8
     ],
     [
      211,
      1,
      3
     ],
     [
      214,
      1,
      4
     ],
     [
      215,
      69,
      10
     ],
     [
      284,
      1,
      3
     ]
    ],
    "63": [
     [
      43,
      1,
      5
     ],
     [
      44,
      2,
      9
     ],
     [
      46,
      1,
      2
     ],
     [
      56,
      1,
      1
     ],
     [
      57,
      1,
      3
     ],
     [
      58,
      1,
      6
     ],
     [
      68,
      16,
      10
     ],
     [
      84,
      1,
      7
     ],
     [
      85,
      1,
      3
     ],
     [
      86,
      1,
      6
     ],
     [
      89,
      1,
      8
     ],
     [
      90,
      7,
      10
     ],
     [
      97,
      1,
      7
     ],
     [
      204,
      1,
      2
     ],
     [
      205,
      1,
      7
     ],
     [
      206,
      1,
      9
     ],
     [
      209,
      3,
      10
     ],
     [
      212,
      1,
      6
     ],
     [
      214,
      1,
      3
     ],
     [
      215,
      69,
      10
     ],
     [
      284,
      1,
      3
     ]
    ],
    "64": [
     [
      44,
      1,
      2
     ],
     [
      45,
      1,
      6
     ],
     [
      46,
      1,
      3
     ],
     [
      58,
      1,
      2
     ],
     [
      59,
      1,
      1
     ],
     [
      65,
      1,
      2
     ],
     [
      66,
      1,
      4
     ],
     [
      67,
      1,
      9
     ],
     [
      68,
      16,
      10
     ],
     [
      84,
      1,
      3
     ],
     [
      86,
      1,
      1
     ],
     [
      87,
      1,
      9
     ],
     [
      88,
      1,
      6
     ],
     [
      89,
      2,
      10
     ],
     [
      91,
      1,
      7
     ],
     [
      92,
      5,
      10
     ],
     [
      97,
      1,
      8
     ],
     [
      98,
      1,
      2
     ],
     [
      206,
      1,
      1
     ],
     [
      208,
      1,
      1
     ],
     [
      209,
      1,
      4
     ],
     [
      210,
      74,
      10
     ]
    ],
    "65": [
     [
      65,
      1,
      8
     ],
     [
      66,
      19,
      10
     ],
     [
      85,
      1,
      4
     ],
     [
      87,
      2,
      10
     ],
     [
      89,
      1,
      8
     ],
     [
      90,
      1,
      1
     ],
     [
      92,
      1,
      7
     ],
     [
      93,
      5,
      10
     ],
     [
      98,
      1,
      7
     ],
     [
      206,
      4,
      1
     ],
     [
      210,
      73,
      10
     ],
     [
      283,
      1,
      9
     ]
    ],
    "66": [
     [
      65,
      1,
      2
     ],
     [
      66,
      1,
      3
     ],
     [
      67,
      22,
      10
     ],
     [
      89,
      1,
      8
     ],
     [
      90,
      1,
      3
     ],
     [
      91,
      1,
      5
     ],
     [
      92,
      1,
      8
     ],
     [
      93,
      1,
      9
     ],
     [
      94,
      5,
      10
     ],
     [
      99,
      1,
      3
     ],
     [
      208,
      2,
      8
     ],
     [
      210,
      73,
      10
     ],
     [
      283,
      1,
      6
     ]
    ],
    "67": [
     [
      46,
      1,
      2
     ],
     [
      66,
      1,
      4
     ],
     [
      67,
      23,
      10
     ],
     [
      90,
      1,
      5
     ],
     [
      91,
      1,
      1
     ],
     [
      93,
      1,
      4
     ],
     [
      94,
      5,
      10
     ],
     [
      99,
      1,
      2
     ],
     [
      207,
      1,
      2
     ],
     [
      208,
      75,
      10
     ],
     [
      283,
      1,
      4
     ]
    ],
    "68": [
     [
      66,
      1,
      1
     ],
     [
      67,
      1,
      9
     ],
     [
      68,
      22,
      10
     ],
     [
      90,
      1,
      6
     ],
     [
      91,
      1,
      3
     ],
     [
      92,
      1,
      5
     ],
     [
      93,
      1,
      9
     ],
     [
      94,
      5,
      10
     ],
     [
      99,
      1,
      9
     ],
     [
      100,
      1,
      3
     ],
     [
      208,
      1,
      3
     ],
     [
      209,
      74,
      10
     ],
     [
      283,
      1,
      3
     ]
    ],
    "69": [
     [
      67,
      1,
      8
     ],
     [
      68,
      32,
      10
     ],
     [
      100,
      1,
      7
     ],
     [
      101,
      1,
      1
     ],
     [
      205,
      1,
      1
     ],
     [
      208,
      1,
      7
     ],
     [
      209,
      74,
      10
     ]
    ],
    "70": [
     [
      66,
      1,
      3
     ],
     [
      67,
      1,
      9
     ],
     [
      68,
      33,
      10
     ],
     [
      101,
      1,
      1
     ],
     [
      202,
      1,
      1
     ],
     [
      205,
      1,
      1
     ],
     [
      208,
      1,
      5
     ],
     [
      209,
      73,
      10
     ],
     [
      282,
      1,
      8
     ]
    ],
    "71": [
     [
      67,
      1,
      7
     ],
     [
      68,
      33,
      10
     ],
     [
      101,
      1,
      1
     ],
     [
      202,
      1,
      1
     ],
     [
      205,
      1,
      1
     ],
     [
      208,
      1,
      2
     ],
     [
      209,
      73,
      10
     ],
     [
      282,
      1,
      7
     ]
    ],
    "72": [
     [
      64,
      2,
      6
     ],
     [
      66,
      1,
      7
     ],
     [
      67,
      36,
      10
     ],
     [
      103,
      1,
      7
     ],
     [
      104,
      1,
      2
     ],
     [
      207,
      2,
      1
     ],
     [
      209,
      73,
      10
     ],
     [
      282,
      1,
      4
     ]
    ],
    "73": [
     [
      58,
      1,
      1
     ],
     [
      64,
      1,
      8
     ],
     [
      65,
      38,
      10
     ],
     [
      103,
      1,
      7
     ],
     [
      105,
      1,
      5
     ],
     [
      106,
      1,
      1
     ],
     [
      197,
      1,
      2
     ],
     [
      207,
      1,
      2
     ],
     [
      209,
      73,
      10
     ],
     [
      282,
      1,
      2
     ]
    ],
    "74": [
     [
      58,
      1,
      1
     ],
     [
      59,
      1,
      2
     ],
     [
      60,
      1,
      1
     ],
     [
      62,
      1,
      6
     ],
     [
      64,
      1,
      6
     ],
     [
      65,
      38,
      10
     ],
     [
      103,
      1,
      9
     ],
     [
      104,
      1,
      6
     ],
     [
      105,
      1,
      8
     ],
     [
      106,
      1,
      4
     ],
     [
      205,
      1,
      1
     ],
     [
      206,
      1,
      4
     ],
     [
      207,
      1,
      2
     ],
     [
      208,
      1,
      5
     ],
     [
      209,
      73,
      10
     ]
    ],
    "75": [
     [
      61,
      1,
      3
     ],
     [
      62,
      1,
      10
     ],
     [
      63,
      2,
      9
     ],
     [
      65,
      42,
      10
     ],
     [
      107,
      1,
      1
     ],
     [
      207,
      1,
      7
     ],
     [
      208,
      1,
      4
     ],
     [
      209,
      1,
      6
     ],
     [
      210,
      71,
      10
     ],
     [
      281,
      1,
      8
     ]
    ],
    "76": [
     [
      61,
      1,
      3
     ],
     [
      62,
      1,
      8
     ],
     [
      63,
      44,
      10
     ],
     [
      210,
      71,
      10
     ],
     [
      281,
      1,
      6
     ]
    ],
    "77": [
     [
      63,
      1,
      6
     ],
     [
      64,
      43,
      10
     ],
     [
      107,
      1,
      8
     ],
     [
      108,
      2,
      6
     ],
     [
      206,
      1,
      2
     ],
     [
      207,
      1,
      3
     ],
     [
      208,
      1,
      6
     ],
     [
      209,
      1,
      7
     ],
     [
      210,
      71,
      10
     ],
     [
      281,
      1,
      3
     ]
    ],
    "78": [
     [
      60,
      1,
      1
     ],
     [
      64,
      1,
      7
     ],
     [
      65,
      44,
      10
     ],
     [
      109,
      1,
      7
     ],
     [
      110,
      1,
      8
     ],
     [
      111,
      1,
      3
     ],
     [
      208,
      1,
      7
     ],
     [
      209,
      72,
      10
     ],
     [
      281,
      1,
      2
     ]
    ],
    "79": [
     [
      61,
      1,
      1
     ],
     [
      63,
      1,
      3
     ],
     [
      64,
      1,
      10
     ],
     [
      65,
      1,
      9
     ],
     [
      66,
      1,
      5
     ],
     [
      67,
      1,
      3
     ],
     [
      68,
      1,
      5
     ],
     [
      69,
      39,
      10
     ],
     [
      108,
      1,
      9
     ],
     [
      111,
      1,
      6
     ],
     [
      112,
      1,
      5
     ],
     [
      207,
      1,
      2
     ],
     [
      208,
      1,
      9
     ],
     [
      209,
      72,
      10
     ]
    ],
    "80": [
     [
      61,
      1,
      1
     ],
     [
      63,
      2,
      8
     ],
     [
      65,
      1,
      5
     ],
     [
      68,
      1,
      2
     ],
     [
      69,
      39,
      10
     ],
     [
      108,
      1,
      9
     ],
     [
      109,
      2,
      7
     ],
     [
      111,
      1,
      9
     ],
     [
      112,
      1,
      10
     ],
     [
      113,
      1,
      3
     ],
     [
      209,
      1,
      6
     ],
     [
      210,
      70,
      10
     ],
     [
      280,
      1,
      8
     ]
    ],
    "81": [
     [
      61,
      1,
      2
     ],
     [
      62,
      1,
      1
     ],
     [
      63,
      1,
      7
     ],
     [
      68,
      1,
      6
     ],
     [
      69,
      1,
      8
     ],
     [
      70,
      43,
      10
     ],
     [
      113,
      1,
      6
     ],
     [
      198,
      1,
      1
     ],
     [
      203,
      1,
      1
     ],
     [
      204,
      1,
      3
     ],
     [
      209,
      1,
      6
     ],
     [
      210,
      70,
      10
     ],
     [
      280,
      1,
      6
     ]
    ],
    "82": [
     [
      61,
      1,
      4
     ],
     [
      62,
      1,
      10
     ],
     [
      63,
      1,
      9
     ],
     [
      64,
      1,
      1
     ],
     [
      69,
      2,
      1
     ],
     [
      71,
      1,
      4
     ],
     [
      72,
      41,
      10
     ],
     [
      113,
      1,
      9
     ],
     [
      114,
      1,
      5
     ],
     [
      115,
      1,
      4
     ],
     [
      116,
      1,
      1
     ],
     [
      118,
      1,
      3
     ],
     [
      202,
      1,
      1
     ],
     [
      203,
      1,
      4
     ],
     [
      204,
      1,
      7
     ],
     [
      207,
      1,
      3
     ],
     [
      208,
      1,
      2
     ],
     [
      209,
      71,
      10
     ],
     [
      280,
      1,
      4
     ]
    ],
    "83": [
     [
      62,
      1,
      4
     ],
     [
      63,
      1,
      8
     ],
     [
      64,
      1,
      2
     ],
     [
      71,
      1,
      8
     ],
     [
      72,
      1,
      2
     ],
     [
      73,
      1,
      4
     ],
     [
      74,
      43,
      10
     ],
     [
      117,
      1,
      7
     ],
     [
      118,
      1,
      3
     ],
     [
      120,
      1,
      6
     ],
     [
      121,
      1,
      4
     ],
     [
      122,
      1,
      1
     ],
     [
      195,
      1,
      1
     ],
     [
      207,
      1,
      4
     ],
     [
      208,
      72,
      10
     ],
     [
      280,
      1,
      1
     ]
    ],
    "84": [
     [
      63,
      2,
      1
     ],
     [
      69,
      1,
      2
     ],
     [
      70,
      2,
      9
     ],
     [
      73,
      1,
      1
     ],
     [
      74,
      47,
      10
     ],
     [
      121,
      1,
      3
     ],
     [
      195,
      1,
      1
     ],
     [
      203,
      1,
      1
     ],
     [
      204,
      1,
      4
     ],
     [
      205,
      1,
      2
     ],
     [
      207,
      1,
      3
     ],
     [
      208,
      72,
      10
     ]
    ],
    "85": [
     [
      64,
      2,
      1
     ],
     [
      68,
      1,
      1
     ],
     [
      69,
      1,
      9
     ],
     [
      70,
      2,
      10
     ],
     [
      72,
      2,
      8
     ],
     [
      74,
      48,
      10
     ],
     [
      122,
      1,
      9
     ],
     [
      123,
      1,
      6
     ],
     [
      200,
      1,
      3
     ],
     [
      208,
      1,
      4
     ],
     [
      209,
      70,
      10
     ],
     [
      279,
      1,
      7
     ]
    ],
    "86": [
     [
      67,
      1,
      5
     ],
     [
      68,
      1,
      8
     ],
     [
      69,
      1,
      3
     ],
     [
      71,
      1,
      3
     ],
     [
      72,
      1,
      6
     ],
     [
      73,
      1,
      9
     ],
     [
      74,
      49,
      10
     ],
     [
      123,
      1,
      5
     ],
     [
      195,
      1,
      1
     ],
     [
      198,
      1,
      4
     ],
     [
      200,
      1,
      3
     ],
     [
      201,
      1,
      5
     ],
     [
      204,
      1,
      2
     ],
     [
      205,
      1,
      1
     ],
     [
      208,
      1,
      7
     ],
     [
      209,
      70,
      10
     ],
     [
      279,
      1,
      6
     ]
    ],
    "87": [
     [
      68,
      1,
      3
     ],
     [
      73,
      1,
      7
     ],
     [
      74,
      50,
      10
     ],
     [
      124,
      1,
      7
     ],
     [
      125,
      1,
      3
     ],
     [
      196,
      1,
      2
     ],
     [
      198,
      1,
      4
     ],
     [
      205,
      1,
      3
     ],
     [
      206,
      1,
      1
     ],
     [
      208,
      1,
      5
     ],
     [
      209,
      70,
      10
     ],
     [
      279,
      1,
      3
     ]
    ],
    "88": [
     [
      70,
      1,
      2
     ],
     [
      72,
      1,
      6
     ],
     [
      73,
      7,
      10
     ],
     [
      80,
      2,
      9
     ],
     [
      82,
      44,
      10
     ],
     [
      126,
      1,
      6
     ],
     [
      195,
      1,
      4
     ],
     [
      196,
      1,
      8
     ],
     [
      197,
      1,
      1
     ],
     [
      202,
      1,
      1
     ],
     [
      203,
      1,
      7
     ],
     [
      206,
      1,
      1
     ],
     [
      207,
      1,
      5
     ],
     [
      208,
      1,
      8
     ],
     [
      209,
      70,
      10
     ],
     [
      279,
      1,
      1
     ]
    ],
    "89": [
     [
      71,
      1,
      3
     ],
     [
      72,
      8,
      10
     ],
     [
      80,
      1,
      3
     ],
     [
      81,
      1,
      1
     ],
     [
      82,
      44,
      10
     ],
     [
      126,
      1,
      9
     ],
     [
      127,
      1,
      5
     ],
     [
      195,
      1,
      3
     ],
     [
      196,
      1,
      2
     ],
     [
      197,
      1,
      4
     ],
     [
      199,
      1,
      2
     ],
     [
      200,
      1,
      3
     ],
     [
      202,
      1,
      4
     ],
     [
      203,
      2,
      6
     ],
     [
      205,
      1,
      1
     ],
     [
      206,
      1,
      3
     ],
     [
      207,
      1,
      8
     ],
     [
      208,
      71,
      10
     ]
    ],
    "90": [
     [
      70,
      1,
      1
     ],
     [
      71,
      1,
      4
     ],
     [
      72,
      7,
      10
     ],
     [
      79,
      1,
      8
     ],
     [
      82,
      45,
      10
     ],
     [
      127,
      1,
      6
     ],
     [
      197,
      1,
      4
     ],
     [
      199,
      1,
      8
     ],
     [
      200,
      1,
      10
     ],
     [
      201,
      1,
      7
     ],
     [
      202,
      1,
      1
     ],
     [
      204,
      1,
      8
     ],
     [
      205,
      1,
      6
     ],
     [
      207,
      1,
      1
     ],
     [
      208,
      70,
      10
     ],
     [
      278,
      1,
      7
     ]
    ],
    "91": [
     [
      69,
      1,
      1
     ],
     [
      70,
      4,
      7
     ],
     [
      74,
      1,
      4
     ],
     [
      75,
      1,
      6
     ],
     [
      76,
      1,
      8
     ],
     [
      77,
      2,
      10
     ],
     [
      79,
      1,
      9
     ],
     [
      80,
      1,
      3
     ],
     [
      81,
      1,
      4
     ],
     [
      82,
      45,
      10
     ],
     [
      127,
      1,
      5
     ],
     [
      196,
      1,
      2
     ],
     [
      197,
      1,
      3
     ],
     [
      199,
      1,
      10
     ],
     [
      200,
      1,
      9
     ],
     [
      201,
      2,
      10
     ],
     [
      204,
      1,
      4
     ],
     [
      205,
      1,
      1
     ],
     [
      207,
      1,
      3
     ],
     [
      208,
      70,
      10
     ],
     [
      278,
      1,
      6
     ]
    ],
    "92": [
     [
      73,
      1,
      1
     ],
     [
      76,
      1,
      6
     ],
     [
      77,
      51,
      10
     ],
     [
      128,
      1,
      1
     ],
     [
      194,
      2,
      1
     ],
     [
      196,
      1,
      2
     ],
     [
      197,
      1,
      8
     ],
     [
      198,
      1,
      9
     ],
     [
      199,
      1,
      10
     ],
     [
      200,
      1,
      3
     ],
     [
      202,
      1,
      10
     ],
     [
      203,
      1,
      4
     ],
     [
      206,
      1,
      1
     ],
     [
      207,
      1,
      3
     ],
     [
      208,
      1,
      8
     ],
     [
      209,
      69,
      10
     ],
     [
      278,
      1,
      3
     ]
    ],
    "93": [
     [
      75,
      1,
      6
     ],
     [
      76,
      1,
      8
     ],
     [
      77,
      51,
      10
     ],
     [
      128,
      1,
      8
     ],
     [
      129,
      1,
      3
     ],
     [
      197,
      1,
      1
     ],
     [
      199,
      1,
      5
     ],
     [
      200,
      1,
      8
     ],
     [
      202,
      1,
      2
     ],
     [
      203,
      1,
      5
     ],
     [
      204,
      1,
      1
     ],
     [
      208,
      1,
      2
     ],
     [
      209,
      69,
      10
     ],
     [
      278,
      1,
      2
     ]
    ],
    "94": [
     [
      75,
      1,
      6
     ],
     [
      76,
      1,
      8
     ],
     [
      77,
      1,
      9
     ],
     [
      78,
      52,
      10
     ],
     [
      130,
      1,
      9
     ],
     [
      131,
      1,
      2
     ],
     [
      198,
      2,
      1
     ],
     [
      200,
      1,
      5
     ],
     [
      201,
      1,
      4
     ],
     [
      204,
      1,
      3
     ],
     [
      205,
      1,
      4
     ],
     [
      207,
      1,
      4
     ],
     [
      208,
      1,
      2
     ],
     [
      209,
      69,
      10
     ]
    ],
    "95": [
     [
      78,
      54,
      10
     ],
     [
      132,
      1,
      5
     ],
     [
      200,
      1,
      4
     ],
     [
      201,
      1,
      9
     ],
     [
      202,
      1,
      1
     ],
     [
      204,
      1,
      8
     ],
     [
      205,
      1,
      3
     ],
     [
      207,
      1,
      7
     ],
     [
      208,
      69,
      10
     ],
     [
      277,
      1,
      7
     ]
    ],
    "96": [
     [
      77,
      1,
      1
     ],
     [
      78,
      1,
      6
     ],
     [
      79,
      53,
      10
     ],
     [
      132,
      1,
      4
     ],
     [
      196,
      1,
      2
     ],
     [
      200,
      1,
      7
     ],
     [
      201,
      1,
      10
     ],
     [
      202,
      1,
      6
     ],
     [
      205,
      1,
      6
     ],
     [
      206,
      1,
      1
     ],
     [
      207,
      1,
      2
     ],
     [
      208,
      1,
      9
     ],
     [
      209,
      68,
      10
     ],
     [
      277,
      1,
      6
     ]
    ],
    "97": [
     [
      78,
      1,
      4
     ],
     [
      79,
      53,
      10
     ],
     [
      132,
      1,
      9
     ],
     [
      133,
      1,
      6
     ],
     [
      179,
      1,
      1
     ],
     [
      199,
      1,
      1
     ],
     [
      201,
      1,
      1
     ],
     [
      202,
      1,
      3
     ],
     [
      205,
      1,
      6
     ],
     [
      206,
      1,
      3
     ],
     [
      208,
      1,
      9
     ],
     [
      209,
      68,
      10
     ],
     [
      277,
      1,
      4
     ]
    ],
    "98": [
     [
      48,
      1,
      1
     ],
     [
      72,
      1,
      1
     ],
     [
      74,
      3,
      3
     ],
     [
      77,
      1,
      7
     ],
     [
      78,
      57,
      10
     ],
     [
      135,
      1,
      1
     ],
     [
      199,
      1,
      3
     ],
     [
      200,
      1,
      1
     ],
     [
      205,
      2,
      10
     ],
     [
      207,
      1,
      9
     ],
     [
      208,
      69,
      10
     ],
     [
      277,
      1,
      1
     ]
    ],
    "99": [
     [
      70,
      1,
      2
     ],
     [
      71,
      2,
      7
     ],
     [
      73,
      62,
      10
     ],
     [
      135,
      1,
      4
     ],
     [
      193,
      1,
      1
     ],
     [
      200,
      1,
      6
     ],
     [
      201,
      1,
      7
     ],
     [
      202,
      1,
      3
     ],
     [
      205,
      1,
      8
     ],
     [
      206,
      71,
      10
     ]
    ],
    "100": [
     [
      74,
      61,
      10
     ],
     [
      135,
      1,
      4
     ],
     [
      199,
      1,
      2
     ],
     [
      200,
      1,
      5
     ],
     [
      201,
      1,
      7
     ],
     [
      202,
      1,
      1
     ],
     [
      205,
      1,
      4
     ],
     [
      206,
      70,
      10
     ],
     [
      276,
      1,
      7
     ]
    ],
    "101": [
     [
      73,
      1,
      5
     ],
     [
      74,
      61,
      10
     ],
     [
      135,
      1,
      6
     ],
     [
      176,
      1,
      2
     ],
     [
      194,
      1,
      1
     ],
     [
      202,
      1,
      4
     ],
     [
      203,
      1,
      6
     ],
     [
      204,
      1,
      4
     ],
     [
      207,
      69,
      10
     ],
     [
      276,
      1,
      7
     ]
    ],
    "102": [
     [
      74,
      1,
      8
     ],
     [
      75,
      60,
      10
     ],
     [
      135,
      1,
      8
     ],
     [
      136,
      1,
      3
     ],
     [
      137,
      1,
      1
     ],
     [
      199,
      1,
      5
     ],
     [
      200,
      1,
      2
     ],
     [
      202,
      4,
      10
     ],
     [
      206,
      1,
      9
     ],
     [
      207,
      69,
      10
     ],
     [
      276,
      1,
      3
     ]
    ],
    "103": [
     [
      74,
      62,
      10
     ],
     [
      136,
      1,
      2
     ],
     [
      180,
      1,
      2
     ],
     [
      198,
      1,
      4
     ],
     [
      199,
      1,
      10
     ],
     [
      200,
      1,
      8
     ],
     [
      201,
      1,
      1
     ],
     [
      203,
      1,
      8
     ],
     [
      204,
      72,
      10
     ],
     [
      276,
      1,
      1
     ]
    ],
    "104": [
     [
      73,
      1,
      6
     ],
     [
      74,
      62,
      10
     ],
     [
      136,
      1,
      4
     ],
     [
      180,
      1,
      2
     ],
     [
      197,
      1,
      4
     ],
     [
      198,
      2,
      10
     ],
     [
      200,
      1,
      7
     ],
     [
      202,
      1,
      1
     ],
     [
      203,
      73,
      10
     ]
    ],
    "105": [
     [
      72,
      1,
      3
     ],
     [
      73,
      63,
      10
     ],
     [
      136,
      1,
      4
     ],
     [
      196,
      1,
      1
     ],
     [
      197,
      1,
      2
     ],
     [
      198,
      1,
      8
     ],
     [
      199,
      1,
      10
     ],
     [
      200,
      1,
      7
     ],
     [
      202,
      1,
      1
     ],
     [
      203,
      1,
      8
     ],
     [
      204,
      71,
      10
     ],
     [
      275,
      1,
      7
     ]
    ],
    "106": [
     [
      72,
      1,
      4
     ],
     [
      73,
      63,
      10
     ],
     [
      136,
      1,
      6
     ],
     [
      137,
      1,
      1
     ],
     [
      139,
      1,
      1
     ],
     [
      176,
      1,
      1
     ],
     [
      179,
      1,
      4
     ],
     [
      183,
      1,
      2
     ],
     [
      184,
      1,
      8
     ],
     [
      191,
      2,
      2
     ],
     [
      196,
      1,
      1
     ],
     [
      197,
      1,
      4
     ],
     [
      199,
      1,
      2
     ],
     [
      200,
      1,
      5
     ],
     [
      201,
      1,
      1
     ],
     [
      204,
      1,
      9
     ],
     [
      205,
      70,
      10
     ],
     [
      275,
      1,
      5
     ]
    ],
    "107": [
     [
      72,
      1,
      9
     ],
     [
      73,
      64,
      10
     ],
     [
      176,
      1,
      4
     ],
     [
      177,
      1,
      3
     ],
     [
      182,
      1,
      1
     ],
     [
      196,
      1,
      1
     ],
     [
      197,
      1,
      4
     ],
     [
      198,
      1,
      5
     ],
     [
      199,
      1,
      6
     ],
     [
      200,
      1,
      8
     ],
     [
      201,
      1,
      4
     ],
     [
      202,
      1,
      3
     ],
     [
      203,
      72,
      10
     ],
     [
      275,
      1,
      3
     ]
    ],
    "108": [
     [
      71,
      1,
      6
     ],
     [
      72,
      65,
      10
     ],
     [
      137,
      1,
      7
     ],
     [
      175,
      1,
      5
     ],
     [
      176,
      2,
      3
     ],
     [
      178,
      1,
      1
     ],
     [
      181,
      1,
      1
     ],
     [
      182,
      1,
      4
     ],
     [
      196,
      1,
      1
     ],
     [
      197,
      1,
      4
     ],
     [
      198,
      1,
      10
     ],
     [
      199,
      1,
      7
     ],
     [
      200,
      1,
      1
     ],
     [
      201,
      1,
      2
     ],
     [
      202,
      1,
      1
     ],
     [
      203,
      1,
      5
     ],
     [
      204,
      1,
      9
     ],
     [
      205,
      70,
      10
     ],
     [
      275,
      1,
      1
     ]
    ],
    "109": [
     [
      71,
      1,
      6
     ],
     [
      72,
      65,
      10
     ],
     [
      137,
      1,
      6
     ],
     [
      138,
      1,
      1
     ],
     [
      163,
      1,
      1
     ],
     [
      175,
      1,
      1
     ],
     [
      180,
      1,
      7
     ],
     [
      191,
      1,
      2
     ],
     [
      192,
      1,
      1
     ],
     [
      196,
      1,
      1
     ],
     [
      197,
      1,
      4
     ],
     [
      199,
      1,
      1
     ],
     [
      201,
      1,
      2
     ],
     [
      204,
      1,
      2
     ],
     [
      205,
      1,
      6
     ],
     [
      206,
      69,
      10
     ]
    ],
    "110": [
     [
      71,
      1,
      6
     ],
     [
      72,
      66,
      10
     ],
     [
      138,
      1,
      5
     ],
     [
      139,
      1,
      2
     ],
     [
      140,
      1,
      1
     ],
     [
      168,
      1,
      1
     ],
     [
      180,
      1,
      4
     ],
     [
      182,
      1,
      1
     ],
     [
      191,
      1,
      5
     ],
     [
      196,
      1,
      2
     ],
     [
      199,
      1,
      1
     ],
     [
      201,
      1,
      6
     ],
     [
      202,
      1,
      3
     ],
     [
      206,
      1,
      9
     ],
     [
      207,
      67,
      10
     ],
     [
      274,
      1,
      7
     ]
    ],
    "111": [
     [
      70,
      1,
      5
     ],
     [
      71,
      1,
      9
     ],
     [
      72,
      67,
      10
     ],
     [
      139,
      1,
      6
     ],
     [
      140,
      1,
      2
     ],
     [
      168,
      1,
      1
     ],
     [
      171,
      1,
      2
     ],
     [
      181,
      1,
      1
     ],
     [
      182,
      1,
      8
     ],
     [
      196,
      1,
      1
     ],
     [
      197,
      1,
      5
     ],
     [
      198,
      1,
      1
     ],
     [
      199,
      1,
      5
     ],
     [
      200,
      1,
      4
     ],
     [
      202,
      1,
      1
     ],
     [
      207,
      1,
      8
     ],
     [
      208,
      66,
      10
     ],
     [
      274,
      1,
      5
     ]
    ],
    "112": [
     [
      69,
      2,
      1
     ],
     [
      71,
      1,
      8
     ],
     [
      72,
      69,
      10
     ],
     [
      141,
      1,
      1
     ],
     [
      170,
      1,
      1
     ],
     [
      182,
      2,
      10
     ],
     [
      184,
      1,
      4
     ],
     [
      187,
      1,
      2
     ],
     [
      188,
      1,
      4
     ],
     [
      190,
      1,
      1
     ],
     [
      194,
      1,
      1
     ],
     [
      196,
      1,
      4
     ],
     [
      197,
      1,
      6
     ],
     [
      200,
      1,
      2
     ],
     [
      204,
      2,
      6
     ],
     [
      206,
      1,
      5
     ],
     [
      207,
      1,
      9
     ],
     [
      208,
      66,
      10
     ],
     [
      274,
      1,
      4
     ]
    ],
    "113": [
     [
      69,
      1,
      1
     ],
     [
      70,
      1,
      9
     ],
     [
      71,
      72,
      10
     ],
     [
      143,
      1,
      8
     ],
     [
      144,
      1,
      3
     ],
     [
      165,
      1,
      1
     ],
     [
      168,
      1,
      2
     ],
     [
      169,
      1,
      1
     ],
     [
      170,
      1,
      3
     ],
     [
      171,
      2,
      7
     ],
     [
      173,
      1,
      4
     ],
     [
      182,
      1,
      5
     ],
     [
      183,
      1,
      10
     ],
     [
      184,
      1,
      4
     ],
     [
      196,
      1,
      2
     ],
     [
      197,
      1,
      10
     ],
     [
      198,
      1,
      2
     ],
     [
      204,
      1,
      1
     ],
     [
      205,
      1,
      3
     ],
     [
      206,
      1,
      8
     ],
     [
      207,
      67,
      10
     ]
    ],
    "114": [
     [
      70,
      74,
      10
     ],
     [
      144,
      1,
      7
     ],
     [
      163,
      1,
      2
     ],
     [
      164,
      1,
      7
     ],
     [
      165,
      1,
      2
     ],
     [
      170,
      1,
      2
     ],
     [
      171,
      2,
      10
     ],
     [
      173,
      1,
      9
     ],
     [
      174,
      1,
      2
     ],
     [
      177,
      1,
      3
     ],
     [
      178,
      1,
      2
     ],
     [
      183,
      1,
      3
     ],
     [
      189,
      1,
      1
     ],
     [
      190,
      1,
      5
     ],
     [
      191,
      1,
      2
     ],
     [
      196,
      1,
      2
     ],
     [
      197,
      1,
      5
     ],
     [
      198,
      1,
      1
     ],
     [
      203,
      1,
      1
     ],
     [
      204,
      1,
      2
     ],
     [
      206,
      1,
      3
     ],
     [
      207,
      67,
      10
     ]
    ],
    "115": [
     [
      70,
      1,
      9
     ],
     [
      71,
      74,
      10
     ],
     [
      145,
      1,
      8
     ],
     [
      146,
      1,
      1
     ],
     [
      164,
      1,
      1
     ],
     [
      168,
      1,
      3
     ],
     [
      169,
      1,
      1
     ],
     [
      171,
      1,
      7
     ],
     [
      172,
      1,
      10
     ],
     [
      173,
      1,
      8
     ],
     [
      175,
      1,
      3
     ],
     [
      176,
      1,
      5
     ],
     [
      180,
      1,
      1
     ],
     [
      183,
      1,
      3
     ],
     [
      184,
      1,
      2
     ],
     [
      189,
      1,
      1
     ],
     [
      190,
      1,
      6
     ],
     [
      191,
      1,
      5
     ],
     [
      193,
      1,
      4
     ],
     [
      198,
      1,
      3
     ],
     [
      204,
      1,
      5
     ],
     [
      205,
      1,
      4
     ],
     [
      206,
      1,
      6
     ],
     [
      207,
      66,
      10
     ],
     [
      273,
      1,
      6
     ]
    ],
    "116": [
     [
      70,
      76,
      10
     ],
     [
      146,
      1,
      4
     ],
     [
      164,
      1,
      1
     ],
     [
      170,
      1,
      1
     ],
     [
      172,
      1,
      4
     ],
     [
      173,
      1,
      10
     ],
     [
      174,
      2,
      3
     ],
     [
      181,
      1,
      1
     ],
     [
      186,
      1,
      2
     ],
     [
      187,
      1,
      6
     ],
     [
      188,
      1,
      4
     ],
     [
      191,
      1,
      1
     ],
     [
      196,
      1,
      2
     ],
     [
      197,
      1,
      1
     ],
     [
      198,
      1,
      3
     ],
     [
      200,
      2,
      1
     ],
     [
      203,
      1,
      3
     ],
     [
      204,
      1,
      4
     ],
     [
      206,
      1,
      7
     ],
     [
      207,
      66,
      10
     ],
     [
      273,
      1,
      6
     ]
    ],
    "117": [
     [
      70,
      1,
      3
     ],
     [
      71,
      76,
      10
     ],
     [
      147,
      1,
      2
     ],
     [
      169,
      1,
      5
     ],
     [
      170,
      1,
      1
     ],
     [
      173,
      1,
      6
     ],
     [
      174,
      1,
      1
     ],
     [
      175,
      1,
      6
     ],
     [
      176,
      1,
      4
     ],
     [
      177,
      1,
      1
     ],
     [
      182,
      1,
      2
     ],
     [
      184,
      1,
      1
     ],
     [
      188,
      1,
      8
     ],
     [
      191,
      1,
      5
     ],
     [
      193,
      1,
      1
     ],
     [
      194,
      1,
      4
     ],
     [
      195,
      1,
      1
     ],
     [
      197,
      1,
      1
     ],
     [
      200,
      1,
      1
     ],
     [
      201,
      1,
      5
     ],
     [
      202,
      1,
      2
     ],
     [
      204,
      1,
      3
     ],
     [
      206,
      1,
      6
     ],
     [
      207,
      66,
      10
     ],
     [
      273,
      1,
      3
     ]
    ],
    "118": [
     [
      70,
      1,
      3
     ],
     [
      71,
      76,
      10
     ],
     [
      147,
      1,
      2
     ],
     [
      165,
      2,
      2
     ],
     [
      169,
      1,
      1
     ],
     [
      171,
      1,
      1
     ],
     [
      172,
      1,
      7
     ],
     [
      173,
      1,
      2
     ],
     [
      175,
      1,
      3
     ],
     [
      176,
      1,
      2
     ],
     [
      177,
      2,
      1
     ],
     [
      182,
      1,
      2
     ],
     [
      185,
      1,
      1
     ],
     [
      186,
      1,
      8
     ],
     [
      187,
      1,
      2
     ],
     [
      190,
      1,
      1
     ],
     [
      191,
      1,
      3
     ],
     [
      192,
      1,
      4
     ],
     [
      193,
      1,
      3
     ],
     [
      196,
      1,
      2
     ],
     [
      202,
      1,
      3
     ],
     [
      204,
      1,
      4
     ],
     [
      206,
      1,
      8
     ],
     [
      207,
      66,
      10
     ],
     [
      273,
      1,
      1
     ]
    ],
    "119": [
     [
      68,
      1,
      1
     ],
     [
      69,
      1,
      6
     ],
     [
      70,
      1,
      9
     ],
     [
      71,
      77,
      10
     ],
     [
      148,
      1,
      5
     ],
     [
      165,
      1,
      2
     ],
     [
      172,
      1,
      5
     ],
     [
      177,
      1,
      2
     ],
     [
      178,
      1,
      6
     ],
     [
      179,
      1,
      5
     ],
     [
      180,
      1,
      8
     ],
     [
      185,
      2,
      4
     ],
     [
      191,
      2,
      1
     ],
     [
      194,
      1,
      2
     ],
     [
      195,
      1,
      4
     ],
     [
      198,
      1,
      4
     ],
     [
      200,
      1,
      3
     ],
     [
      201,
      1,
      2
     ],
     [
      202,
      1,
      1
     ],
     [
      204,
      1,
      5
     ],
     [
      205,
      68,
      10
     ],
     [
      273,
      1,
      3
     ]
    ],
    "120": [
     [
      69,
      1,
      9
     ],
     [
      70,
      78,
      10
     ],
     [
      148,
      1,
      9
     ],
     [
      149,
      1,
      7
     ],
     [
      150,
      1,
      1
     ],
     [
      164,
      1,
      2
     ],
     [
      165,
      1,
      1
     ],
     [
      167,
      1,
      1
     ],
     [
      173,
      1,
      4
     ],
     [
      174,
      1,
      6
     ],
     [
      175,
      1,
      1
     ],
     [
      177,
      1,
      4
     ],
     [
      178,
      2,
      10
     ],
     [
      182,
      1,
      3
     ],
     [
      183,
      1,
      2
     ],
     [
      184,
      1,
      7
     ],
     [
      185,
      1,
      10
     ],
     [
      186,
      1,
      1
     ],
     [
      190,
      2,
      5
     ],
     [
      195,
      1,
      2
     ],
     [
      197,
      1,
      3
     ],
     [
      198,
      1,
      9
     ],
     [
      199,
      1,
      2
     ],
     [
      200,
      1,
      1
     ],
     [
      202,
      1,
      2
     ],
     [
      204,
      1,
      4
     ],
     [
      205,
      67,
      10
     ],
     [
      272,
      1,
      3
     ]
    ],
    "121": [
     [
      69,
      1,
      1
     ],
     [
      70,
      1,
      6
     ],
     [
      71,
      1,
      7
     ],
     [
      72,
      1,
      8
     ],
     [
      73,
      77,
      10
     ],
     [
      150,
      1,
      2
     ],
     [
      166,
      1,
      3
     ],
     [
      167,
      2,
      8
     ],
     [
      169,
      1,
      7
     ],
     [
      170,
      1,
      5
     ],
     [
      171,
      1,
      1
     ],
     [
      173,
      1,
      7
     ],
     [
      174,
      1,
      10
     ],
     [
      175,
      1,
      7
     ],
     [
      176,
      1,
      8
     ],
     [
      177,
      1,
      6
     ],
     [
      178,
      2,
      4
     ],
     [
      181,
      1,
      1
     ],
     [
      182,
      1,
      2
     ],
     [
      184,
      1,
      7
     ],
     [
      185,
      1,
      4
     ],
     [
      189,
      1,
      5
     ],
     [
      190,
      1,
      10
     ],
     [
      191,
      1,
      2
     ],
     [
      194,
      1,
      5
     ],
     [
      195,
      1,
      4
     ],
     [
      197,
      1,
      9
     ],
     [
      198,
      1,
      7
     ],
     [
      199,
      1,
      1
     ],
     [
      202,
      1,
      5
     ],
     [
      204,
      1,
      6
     ],
     [
      205,
      66,
      10
     ],
     [
      271,
      1,
      7
     ]
    ],
    "122": [
     [
      73,
      1,
      5
     ],
     [
      74,
      1,
      4
     ],
     [
      75,
      1,
      7
     ],
     [
      76,
      74,
      10
     ],
     [
      150,
      1,
      1
     ],
     [
      167,
      1,
      7
     ],
     [
      168,
      1,
      10
     ],
     [
      169,
      1,
      4
     ],
     [
      171,
      1,
      4
     ],
     [
      172,
      1,
      9
     ],
     [
      173,
      3,
      10
     ],
     [
      176,
      1,
      8
     ],
     [
      177,
      1,
      3
     ],
     [
      181,
      1,
      4
     ],
     [
      184,
      2,
      3
     ],
     [
      189,
      1,
      9
     ],
     [
      190,
      1,
      10
     ],
     [
      191,
      1,
      3
     ],
     [
      193,
      1,
      6
     ],
     [
      194,
      1,
      9
     ],
     [
      195,
      1,
      4
     ],
     [
      197,
      1,
      4
     ],
     [
      201,
      1,
      2
     ],
     [
      202,
      69,
      10
     ],
     [
      271,
      1,
      9
     ],
     [
      272,
      1,
      4
     ]
    ],
    "123": [
     [
      73,
      1,
      2
     ],
     [
      75,
      1,
      1
     ],
     [
      76,
      1,
      3
     ],
     [
      77,
      72,
      10
     ],
     [
      149,
      1,
      9
     ],
     [
      152,
      1,
      2
     ],
     [
      165,
      1,
      1
     ],
     [
      168,
      1,
      8
     ],
     [
      169,
      1,
      2
     ],
     [
      175,
      1,
      3
     ],
     [
      176,
      1,
      5
     ],
     [
      184,
      1,
      1
     ],
     [
      186,
      1,
      9
     ],
     [
      187,
      1,
      4
     ],
     [
      188,
      1,
      3
     ],
     [
      189,
      2,
      10
     ],
     [
      191,
      1,
      9
     ],
     [
      192,
      1,
      6
     ],
     [
      193,
      1,
      3
     ],
     [
      194,
      1,
      1
     ],
     [
      195,
      1,
      2
     ],
     [
      197,
      1,
      1
     ],
     [
      199,
      1,
      5
     ],
     [
      200,
      1,
      3
     ],
     [
      201,
      1,
      2
     ],
     [
      202,
      1,
      5
     ],
     [
      203,
      2,
      10
     ],
     [
      205,
      1,
      4
     ],
     [
      206,
      1,
      3
     ],
     [
      207,
      65,
      10
     ],
     [
      272,
      1,
      4
     ]
    ],
    "124": [
     [
      76,
      1,
      3
     ],
     [
      77,
      2,
      10
     ],
     [
      79,
      1,
      6
     ],
     [
      80,
      3,
      5
     ],
     [
      83,
      1,
      6
     ],
     [
      84,
      1,
      5
     ],
     [
      86,
      1,
      7
     ],
     [
      87,
      63,
      10
     ],
     [
      150,
      1,
      3
     ],
     [
      170,
      1,
      2
     ],
     [
      173,
      1,
      1
     ],
     [
      175,
      1,
      1
     ],
     [
      176,
      1,
      6
     ],
     [
      177,
      1,
      2
     ],
     [
      179,
      1,
      2
     ],
     [
      187,
      1,
      2
     ],
     [
      188,
      4,
      10
     ],
     [
      193,
      1,
      1
     ],
     [
      194,
      1,
      2
     ],
     [
      195,
      1,
      4
     ],
     [
      196,
      1,
      5
     ],
     [
      199,
      1,
      5
     ],
     [
      201,
      1,
      3
     ],
     [
      202,
      1,
      9
     ],
     [
      203,
      2,
      10
     ],
     [
      205,
      1,
      2
     ],
     [
      206,
      1,
      3
     ],
     [
      207,
      65,
      10
     ],
     [
      272,
      1,
      2
     ]
    ],
    "125": [
     [
      77,
      2,
      1
     ],
     [
      86,
      1,
      6
     ],
     [
      87,
      63,
      10
     ],
     [
      150,
      1,
      9
     ],
     [
      151,
      1,
      4
     ],
     [
      152,
      1,
      6
     ],
     [
      153,
      1,
      7
     ],
     [
      168,
      2,
      3
     ],
     [
      176,
      1,
      2
     ],
     [
      177,
      1,
      1
     ],
     [
      180,
      1,
      5
     ],
     [
      186,
      2,
      5
     ],
     [
      188,
      1,
      7
     ],
     [
      189,
      3,
      8
     ],
     [
      193,
      1,
      3
     ],
     [
      194,
      3,
      10
     ],
     [
      197,
      1,
      6
     ],
     [
      198,
      2,
      3
     ],
     [
      201,
      1,
      7
     ],
     [
      202,
      70,
      10
     ]
    ],
    "126": [
     [
      86,
      1,
      6
     ],
     [
      87,
      66,
      10
     ],
     [
      153,
      1,
      9
     ],
     [
      154,
      1,
      2
     ],
     [
      168,
      1,
      2
     ],
     [
      170,
      1,
      2
     ],
     [
      187,
      1,
      8
     ],
     [
      190,
      1,
      2
     ],
     [
      191,
      1,
      4
     ],
     [
      192,
      1,
      3
     ],
     [
      193,
      1,
      8
     ],
     [
      194,
      5,
      10
     ],
     [
      199,
      1,
      5
     ],
     [
      201,
      1,
      7
     ],
     [
      202,
      69,
      10
     ],
     [
      271,
      1,
      8
     ]
    ],
    "127": [
     [
      85,
      1,
      2
     ],
     [
      86,
      1,
      9
     ],
     [
      87,
      68,
      10
     ],
     [
      155,
      1,
      8
     ],
     [
      156,
      1,
      3
     ],
     [
      175,
      1,
      2
     ],
     [
      179,
      1,
      2
     ],
     [
      180,
      1,
      1
     ],
     [
      184,
      1,
      2
     ],
     [
      185,
      1,
      3
     ],
     [
      186,
      1,
      5
     ],
     [
      187,
      1,
      10
     ],
     [
      188,
      1,
      3
     ],
     [
      190,
      1,
      2
     ],
     [
      193,
      1,
      1
     ],
     [
      194,
      2,
      2
     ],
     [
      196,
      1,
      8
     ],
     [
      197,
      2,
      10
     ],
     [
      199,
      1,
      7
     ],
     [
      201,
      1,
      6
     ],
     [
      202,
      69,
      10
     ],
     [
      271,
      1,
      7
     ]
    ],
    "128": [
     [
      85,
      1,
      4
     ],
     [
      86,
      71,
      10
     ],
     [
      163,
      1,
      3
     ],
     [
      164,
      1,
      2
     ],
     [
      168,
      1,
      1
     ],
     [
      175,
      1,
      1
     ],
     [
      178,
      1,
      2
     ],
     [
      179,
      1,
      4
     ],
     [
      180,
      1,
      2
     ],
     [
      184,
      1,
      5
     ],
     [
      185,
      3,
      10
     ],
     [
      188,
      1,
      9
     ],
     [
      189,
      1,
      6
     ],
     [
      191,
      1,
      4
     ],
     [
      193,
      1,
      3
     ],
     [
      196,
      1,
      2
     ],
     [
      197,
      2,
      8
     ],
     [
      199,
      1,
      4
     ],
     [
      201,
      1,
      4
     ],
     [
      202,
      69,
      10
     ],
     [
      271,
      1,
      3
     ]
    ],
    "129": [
     [
      85,
      1,
      7
     ],
     [
      86,
      2,
      4
     ],
     [
      88,
      1,
      9
     ],
     [
      89,
      68,
      10
     ],
     [
      157,
      1,
      9
     ],
     [
      158,
      1,
      7
     ],
     [
      159,
      1,
      2
     ],
     [
      163,
      1,
      4
     ],
     [
      164,
      1,
      3
     ],
     [
      169,
      1,
      2
     ],
     [
      170,
      1,
      5
     ],
     [
      178,
      1,
      4
     ],
     [
      184,
      1,
      2
     ],
     [
      185,
      1,
      7
     ],
     [
      186,
      1,
      3
     ],
     [
      187,
      1,
      1
     ],
     [
      191,
      1,
      1
     ],
     [
      197,
      1,
      4
     ],
     [
      198,
      1,
      2
     ],
     [
      200,
      71,
      10
     ],
     [
      271,
      1,
      2
     ]
    ],
    "130": [
     [
      85,
      1,
      8
     ],
     [
      86,
      1,
      3
     ],
     [
      88,
      71,
      10
     ],
     [
      159,
      1,
      1
     ],
     [
      162,
      2,
      5
     ],
     [
      167,
      1,
      1
     ],
     [
      176,
      1,
      4
     ],
     [
      183,
      1,
      5
     ],
     [
      184,
      1,
      8
     ],
     [
      185,
      1,
      3
     ],
     [
      188,
      1,
      1
     ],
     [
      189,
      1,
      6
     ],
     [
      193,
      1,
      2
     ],
     [
      196,
      1,
      2
     ],
     [
      199,
      1,
      5
     ],
     [
      200,
      71,
      10
     ]
    ],
    "131": [
     [
      85,
      1,
      4
     ],
     [
      86,
      75,
      10
     ],
     [
      161,
      1,
      9
     ],
     [
      162,
      1,
      4
     ],
     [
      165,
      1,
      1
     ],
     [
      166,
      1,
      3
     ],
     [
      167,
      1,
      1
     ],
     [
      175,
      1,
      3
     ],
     [
      180,
      1,
      1
     ],
     [
      181,
      1,
      5
     ],
     [
      183,
      1,
      5
     ],
     [
      184,
      1,
      10
     ],
     [
      185,
      1,
      9
     ],
     [
      189,
      1,
      1
     ],
     [
      190,
      1,
      10
     ],
     [
      191,
      1,
      5
     ],
     [
      193,
      1,
      4
     ],
     [
      194,
      1,
      1
     ],
     [
      198,
      1,
      2
     ],
     [
      199,
      1,
      9
     ],
     [
      200,
      70,
      10
     ],
     [
      270,
      1,
      8
     ]
    ],
    "132": [
     [
      86,
      1,
      4
     ],
     [
      87,
      74,
      10
     ],
     [
      161,
      1,
      5
     ],
     [
      162,
      1,
      1
     ],
     [
      164,
      1,
      3
     ],
     [
      165,
      1,
      6
     ],
     [
      166,
      1,
      5
     ],
     [
      175,
      1,
      7
     ],
     [
      178,
      1,
      5
     ],
     [
      181,
      1,
      2
     ],
     [
      183,
      1,
      3
     ],
     [
      184,
      2,
      2
     ],
     [
      186,
      1,
      7
     ],
     [
      190,
      1,
      6
     ],
     [
      194,
      1,
      7
     ],
     [
      195,
      1,
      1
     ],
     [
      197,
      1,
      4
     ],
     [
      198,
      1,
      2
     ],
     [
      199,
      1,
      3
     ],
     [
      200,
      70,
      10
     ],
     [
      270,
      1,
      6
     ]
    ],
    "133": [
     [
      83,
      1,
      1
     ],
     [
      84,
      1,
      3
     ],
     [
      85,
      1,
      2
     ],
     [
      86,
      75,
      10
     ],
     [
      161,
      1,
      8
     ],
     [
      162,
      1,
      6
     ],
     [
      163,
      2,
      10
     ],
     [
      165,
      1,
      1
     ],
     [
      177,
      1,
      4
     ],
     [
      178,
      1,
      9
     ],
     [
      179,
      1,
      2
     ],
     [
      183,
      1,
      4
     ],
     [
      184,
      1,
      1
     ],
     [
      189,
      1,
      4
     ],
     [
      190,
      1,
      3
     ],
     [
      192,
      1,
      2
     ],
     [
      193,
      1,
      5
     ],
     [
      194,
      1,
      7
     ],
     [
      196,
      1,
      1
     ],
     [
      197,
      1,
      10
     ],
     [
      198,
      1,
      2
     ],
     [
      200,
      1,
      2
     ],
     [
      201,
      1,
      8
     ],
     [
      202,
      68,
      10
     ],
     [
      270,
      1,
      3
     ]
    ],
    "134": [
     [
      83,
      1,
      6
     ],
     [
      84,
      81,
      10
     ],
     [
      165,
      1,
      6
     ],
     [
      166,
      1,
      2
     ],
     [
      168,
      2,
      2
     ],
     [
      177,
      1,
      6
     ],
     [
      178,
      1,
      2
     ],
     [
      181,
      1,
      2
     ],
     [
      182,
      1,
      6
     ],
     [
      183,
      1,
      9
     ],
     [
      184,
      1,
      10
     ],
     [
      185,
      1,
      1
     ],
     [
      189,
      1,
      4
     ],
     [
      190,
      1,
      7
     ],
     [
      193,
      2,
      8
     ],
     [
      195,
      1,
      7
     ],
     [
      196,
      2,
      10
     ],
     [
      198,
      1,
      6
     ],
     [
      201,
      69,
      10
     ],
     [
      270,
      1,
      2
     ]
    ],
    "135": [
     [
      83,
      1,
      7
     ],
     [
      84,
      81,
      10
     ],
     [
      165,
      2,
      1
     ],
     [
      167,
      1,
      10
     ],
     [
      168,
      1,
      8
     ],
     [
      169,
      1,
      2
     ],
     [
      177,
      1,
      2
     ],
     [
      181,
      1,
      5
     ],
     [
      182,
      1,
      9
     ],
     [
      183,
      1,
      1
     ],
     [
      185,
      1,
      3
     ],
     [
      189,
      1,
      9
     ],
     [
      190,
      1,
      10
     ],
     [
      193,
      1,
      4
     ],
     [
      196,
      1,
      9
     ],
     [
      197,
      1,
      10
     ],
     [
      198,
      1,
      3
     ],
     [
      200,
      1,
      8
     ],
     [
      201,
      69,
      10
     ]
    ],
    "136": [
     [
      82,
      1,
      2
     ],
     [
      83,
      1,
      3
     ],
     [
      84,
      1,
      6
     ],
     [
      85,
      80,
      10
     ],
     [
      166,
      1,
      4
     ],
     [
      167,
      1,
      10
     ],
     [
      168,
      1,
      2
     ],
     [
      181,
      1,
      4
     ],
     [
      182,
      1,
      5
     ],
     [
      184,
      1,
      3
     ],
     [
      185,
      1,
      1
     ],
     [
      188,
      1,
      1
     ],
     [
      189,
      1,
      7
     ],
     [
      190,
      1,
      4
     ],
     [
      193,
      1,
      9
     ],
     [
      194,
      1,
      1
     ],
     [
      197,
      1,
      10
     ],
     [
      198,
      1,
      8
     ],
     [
      199,
      1,
      5
     ],
     [
      200,
      69,
      10
     ],
     [
      269,
      1,
      7
     ]
    ],
    "137": [
     [
      84,
      1,
      3
     ],
     [
      85,
      79,
      10
     ],
     [
      164,
      1,
      9
     ],
     [
      165,
      2,
      8
     ],
     [
      167,
      1,
      10
     ],
     [
      168,
      1,
      8
     ],
     [
      169,
      1,
      2
     ],
     [
      176,
      1,
      2
     ],
     [
      180,
      1,
      2
     ],
     [
      181,
      1,
      4
     ],
     [
      183,
      1,
      6
     ],
     [
      184,
      1,
      5
     ],
     [
      189,
      1,
      1
     ],
     [
      190,
      1,
      2
     ],
     [
      193,
      1,
      9
     ],
     [
      194,
      1,
      8
     ],
     [
      195,
      1,
      7
     ],
     [
      196,
      1,
      5
     ],
     [
      197,
      1,
      10
     ],
     [
      198,
      1,
      5
     ],
     [
      200,
      1,
      7
     ],
     [
      201,
      68,
      10
     ],
     [
      269,
      1,
      6
     ]
    ],
    "138": [
     [
      84,
      1,
      9
     ],
     [
      85,
      84,
      10
     ],
     [
      169,
      1,
      6
     ],
     [
      170,
      2,
      3
     ],
     [
      178,
      1,
      4
     ],
     [
      179,
      1,
      9
     ],
     [
      180,
      1,
      6
     ],
     [
      183,
      1,
      3
     ],
     [
      186,
      1,
      1
     ],
     [
      189,
      1,
      1
     ],
     [
      190,
      1,
      3
     ],
     [
      193,
      1,
      6
     ],
     [
      194,
      4,
      10
     ],
     [
      200,
      1,
      4
     ],
     [
      201,
      68,
      10
     ],
     [
      269,
      1,
      3
     ]
    ],
    "139": [
     [
      84,
      1,
      4
     ],
     [
      85,
      1,
      8
     ],
     [
      86,
      1,
      7
     ],
     [
      87,
      84,
      10
     ],
     [
      171,
      1,
      1
     ],
     [
      173,
      1,
      4
     ],
     [
      178,
      2,
      2
     ],
     [
      180,
      1,
      4
     ],
     [
      184,
      1,
      1
     ],
     [
      186,
      2,
      5
     ],
     [
      188,
      1,
      4
     ],
     [
      189,
      1,
      6
     ],
     [
      190,
      1,
      3
     ],
     [
      191,
      1,
      5
     ],
     [
      192,
      1,
      6
     ],
     [
      193,
      1,
      9
     ],
     [
      194,
      3,
      10
     ],
     [
      197,
      1,
      7
     ],
     [
      198,
      1,
      8
     ],
     [
      199,
      1,
      5
     ],
     [
      200,
      1,
      8
     ],
     [
      201,
      68,
      10
     ],
     [
      269,
      1,
      1
     ]
    ],
    "140": [
     [
      85,
      1,
      1
     ],
     [
      86,
      1,
      2
     ],
     [
      87,
      84,
      10
     ],
     [
      171,
      2,
      7
     ],
     [
      173,
      1,
      2
     ],
     [
      177,
      1,
      1
     ],
     [
      180,
      1,
      7
     ],
     [
      181,
      1,
      4
     ],
     [
      183,
      1,
      1
     ],
     [
      186,
      1,
      9
     ],
     [
      187,
      1,
      2
     ],
     [
      193,
      1,
      4
     ],
     [
      194,
      1,
      6
     ],
     [
      195,
      1,
      8
     ],
     [
      196,
      1,
      6
     ],
     [
      198,
      1,
      2
     ],
     [
      199,
      70,
      10
     ]
    ],
    "141": [
     [
      86,
      1,
      2
     ],
     [
      87,
      1,
      9
     ],
     [
      88,
      38,
      10
     ],
     [
      126,
      1,
      4
     ],
     [
      127,
      1,
      2
     ],
     [
      128,
      47,
      10
     ],
     [
      181,
      2,
      4
     ],
     [
      183,
      1,
      2
     ],
     [
      186,
      1,
      2
     ],
     [
      187,
      1,
      3
     ],
     [
      195,
      1,
      1
     ],
     [
      196,
      1,
      3
     ],
     [
      198,
      1,
      2
     ],
     [
      199,
      69,
      10
     ],
     [
      268,
      1,
      7
     ]
    ],
    "142": [
     [
      87,
      1,
      3
     ],
     [
      88,
      38,
      10
     ],
     [
      126,
      1,
      3
     ],
     [
      127,
      1,
      1
     ],
     [
      128,
      48,
      10
     ],
     [
      176,
      1,
      9
     ],
     [
      177,
      2,
      7
     ],
     [
      182,
      1,
      1
     ],
     [
      187,
      1,
      1
     ],
     [
      196,
      1,
      1
     ],
     [
      197,
      1,
      5
     ],
     [
      199,
      1,
      4
     ],
     [
      200,
      68,
      10
     ],
     [
      268,
      1,
      6
     ]
    ],
    "143": [
     [
      87,
      1,
      6
     ],
     [
      88,
      91,
      10
     ],
     [
      179,
      1,
      5
     ],
     [
      184,
      1,
      4
     ],
     [
      187,
      1,
      4
     ],
     [
      194,
      1,
      3
     ],
     [
      196,
      1,
      3
     ],
     [
      197,
      1,
      5
     ],
     [
      199,
      1,
      1
     ],
     [
      200,
      1,
      7
     ],
     [
      201,
      1,
      8
     ],
     [
      202,
      66,
      10
     ],
     [
      268,
      1,
      3
     ]
    ],
    "144": [
     [
      85,
      1,
      1
     ],
     [
      86,
      1,
      6
     ],
     [
      87,
      94,
      10
     ],
     [
      181,
      1,
      6
     ],
     [
      182,
      1,
      5
     ],
     [
      183,
      1,
      6
     ],
     [
      184,
      1,
      3
     ],
     [
      194,
      1,
      8
     ],
     [
      195,
      1,
      2
     ],
     [
      197,
      1,
      10
     ],
     [
      198,
      1,
      2
     ],
     [
      201,
      1,
      7
     ],
     [
      202,
      66,
      10
     ],
     [
      268,
      1,
      1
     ]
    ],
    "145": [
     [
      86,
      99,
      10
     ],
     [
      185,
      1,
      5
     ],
     [
      191,
      1,
      1
     ],
     [
      194,
      2,
      9
     ],
     [
      196,
      2,
      7
     ],
     [
      198,
      1,
      1
     ],
     [
      200,
      2,
      6
     ],
     [
      202,
      1,
      3
     ],
     [
      204,
      64,
      10
     ]
    ],
    "146": [
     [
      86,
      1,
      8
     ],
     [
      87,
      100,
      10
     ],
     [
      187,
      1,
      5
     ],
     [
      188,
      1,
      3
     ],
     [
      189,
      1,
      9
     ],
     [
      190,
      1,
      6
     ],
     [
      194,
      1,
      3
     ],
     [
      195,
      1,
      10
     ],
     [
      196,
      1,
      3
     ],
     [
      200,
      1,
      10
     ],
     [
      202,
      1,
      1
     ],
     [
      203,
      1,
      2
     ],
     [
      204,
      63,
      10
     ],
     [
      267,
      1,
      7
     ]
    ],
    "147": [
     [
      84,
      1,
      1
     ],
     [
      85,
      1,
      3
     ],
     [
      86,
      104,
      10
     ],
     [
      190,
      1,
      7
     ],
     [
      196,
      1,
      2
     ],
     [
      199,
      1,
      7
     ],
     [
      200,
      1,
      10
     ],
     [
      201,
      1,
      9
     ],
     [
      202,
      1,
      8
     ],
     [
      203,
      64,
      10
     ],
     [
      267,
      1,
      4
     ]
    ],
    "148": [
     [
      84,
      1,
      2
     ],
     [
      85,
      106,
      10
     ],
     [
      191,
      1,
      6
     ],
     [
      192,
      1,
      2
     ],
     [
      194,
      1,
      2
     ],
     [
      198,
      1,
      5
     ],
     [
      199,
      68,
      10
     ],
     [
      267,
      1,
      4
     ]
    ],
    "149": [
     [
      86,
      1,
      9
     ],
     [
      87,
      41,
      10
     ],
     [
      128,
      1,
      9
     ],
     [
      129,
      1,
      8
     ],
     [
      131,
      1,
      7
     ],
     [
      132,
      60,
      10
     ],
     [
      192,
      1,
      9
     ],
     [
      193,
      1,
      7
     ],
     [
      194,
      1,
      9
     ],
     [
      195,
      1,
      7
     ],
     [
      196,
      1,
      2
     ],
     [
      198,
      2,
      8
     ],
     [
      200,
      67,
      10
     ]
    ],
    "150": [
     [
      86,
      1,
      7
     ],
     [
      87,
      41,
      10
     ],
     [
      128,
      1,
      7
     ],
     [
      130,
      1,
      5
     ],
     [
      131,
      1,
      8
     ],
     [
      132,
      65,
      10
     ],
     [
      197,
      1,
      9
     ],
     [
      198,
      1,
      4
     ],
     [
      201,
      66,
      10
     ]
    ],
    "151": [
     [
      84,
      1,
      7
     ],
     [
      85,
      43,
      10
     ],
     [
      128,
      1,
      9
     ],
     [
      129,
      1,
      7
     ],
     [
      130,
      68,
      10
     ],
     [
      198,
      1,
      4
     ],
     [
      200,
      1,
      9
     ],
     [
      201,
      65,
      10
     ],
     [
      266,
      1,
      6
     ]
    ],
    "152": [
     [
      76,
      1,
      1
     ],
     [
      81,
      1,
      2
     ],
     [
      82,
      1,
      5
     ],
     [
      83,
      1,
      8
     ],
     [
      84,
      119,
      10
     ],
     [
      203,
      2,
      6
     ],
     [
      205,
      61,
      10
     ],
     [
      266,
      1,
      5
     ]
    ],
    "153": [
     [
      81,
      1,
      6
     ],
     [
      82,
      121,
      10
     ],
     [
      203,
      1,
      1
     ],
     [
      205,
      1,
      5
     ],
     [
      206,
      60,
      10
     ],
     [
      266,
      1,
      3
     ]
    ],
    "154": [
     [
      80,
      1,
      1
     ],
     [
      81,
      1,
      7
     ],
     [
      82,
      121,
      10
     ],
     [
      203,
      1,
      4
     ],
     [
      205,
      1,
      7
     ],
     [
      206,
      60,
      10
     ]
    ],
    "155": [
     [
      78,
      1,
      3
     ],
     [
      79,
      124,
      10
     ],
     [
      203,
      1,
      8
     ],
     [
      204,
      1,
      3
     ],
     [
      205,
      60,
      10
     ],
     [
      265,
      1,
      9
     ]
    ],
    "156": [
     [
      78,
      1,
      4
     ],
     [
      79,
      186,
      10
     ],
     [
      265,
      1,
      7
     ]
    ],
    "157": [
     [
      78,
      1,
      3
     ],
     [
      79,
      186,
      10
     ],
     [
      265,
      1,
      5
     ]
    ],
    "158": [
     [
      75,
      1,
      2
     ],
     [
      77,
      1,
      6
     ],
     [
      78,
      1,
      9
     ],
     [
      79,
      186,
      10
     ],
     [
      265,
      1,
      3
     ]
    ],
    "159": [
     [
      77,
      1,
      2
     ],
     [
      78,
      187,
      10
     ]
    ],
    "160": [
     [
      77,
      1,
      4
     ],
     [
      78,
      186,
      10
     ],
     [
      264,
      1,
      9
     ]
    ],
    "161": [
     [
      77,
      187,
      10
     ],
     [
      264,
      1,
      7
     ]
    ],
    "162": [
     [
      75,
      1,
      1
     ],
     [
      76,
      1,
      4
     ],
     [
      77,
      1,
      9
     ],
     [
      78,
      186,
      10
     ],
     [
      264,
      1,
      4
     ]
    ],
    "163": [
     [
      80,
      1,
      5
     ],
     [
      81,
      1,
      8
     ],
     [
      82,
      1,
      5
     ],
     [
      83,
      1,
      3
     ],
     [
      84,
      180,
      10
     ],
     [
      264,
      1,
      3
     ]
    ],
    "164": [
     [
      70,
      1,
      1
     ],
     [
      83,
      1,
      1
     ],
     [
      84,
      180,
      10
     ]
    ],
    "165": [
     [
      83,
      2,
      2
     ],
     [
      85,
      178,
      10
     ],
     [
      263,
      1,
      9
     ]
    ],
    "166": [
     [
      85,
      178,
      10
     ],
     [
      263,
      1,
      6
     ]
    ],
    "167": [
     [
      65,
      1,
      1
     ],
     [
      80,
      1,
      3
     ],
     [
      81,
      1,
      2
     ],
     [
      84,
      1,
      4
     ],
     [
      85,
      178,
      10
     ],
     [
      263,
      1,
      4
     ]
    ],
    "168": [
     [
      80,
      1,
      9
     ],
     [
      81,
      1,
      10
     ],
     [
      82,
      1,
      9
     ],
     [
      83,
      1,
      6
     ],
     [
      84,
      1,
      7
     ],
     [
      85,
      178,
      10
     ],
     [
      263,
      1,
      2
     ]
    ],
    "169": [
     [
      81,
      1,
      2
     ],
     [
      82,
      1,
      9
     ],
     [
      83,
      180,
      10
     ]
    ],
    "170": [
     [
      82,
      1,
      4
     ],
     [
      83,
      1,
      3
     ],
     [
      84,
      1,
      6
     ],
     [
      85,
      177,
      10
     ],
     [
      262,
      1,
      8
     ]
    ],
    "171": [
     [
      79,
      1,
      8
     ],
     [
      80,
      1,
      1
     ],
     [
      84,
      1,
      1
     ],
     [
      85,
      1,
      9
     ],
     [
      86,
      176,
      10
     ],
     [
      262,
      1,
      7
     ]
    ],
    "172": [
     [
      76,
      2,
      2
     ],
     [
      79,
      1,
      8
     ],
     [
      80,
      1,
      4
     ],
     [
      81,
      1,
      1
     ],
     [
      84,
      1,
      2
     ],
     [
      85,
      177,
      10
     ],
     [
      262,
      1,
      4
     ]
    ],
    "173": [
     [
      65,
      1,
      4
     ],
     [
      76,
      1,
      2
     ],
     [
      77,
      3,
      10
     ],
     [
      80,
      1,
      5
     ],
     [
      83,
      1,
      2
     ],
     [
      84,
      1,
      4
     ],
     [
      85,
      1,
      3
     ],
     [
      86,
      1,
      6
     ],
     [
      87,
      175,
      10
     ],
     [
      262,
      1,
      2
     ]
    ],
    "174": [
     [
      65,
      1,
      2
     ],
     [
      76,
      1,
      6
     ],
     [
      77,
      4,
      10
     ],
     [
      81,
      1,
      9
     ],
     [
      82,
      1,
      8
     ],
     [
      83,
      1,
      10
     ],
     [
      84,
      1,
      3
     ],
     [
      86,
      1,
      7
     ],
     [
      87,
      175,
      10
     ]
    ],
    "175": [
     [
      75,
      1,
      2
     ],
     [
      76,
      8,
      10
     ],
     [
      84,
      1,
      3
     ],
     [
      86,
      1,
      4
     ],
     [
      87,
      1,
      3
     ],
     [
      88,
      173,
      10
     ],
     [
      261,
      1,
      8
     ]
    ],
    "176": [
     [
      75,
      1,
      7
     ],
     [
      76,
      7,
      10
     ],
     [
      83,
      1,
      7
     ],
     [
      86,
      1,
      1
     ],
     [
      88,
      1,
      2
     ],
     [
      89,
      172,
      10
     ],
     [
      261,
      1,
      6
     ]
    ],
    "177": [
     [
      75,
      1,
      1
     ],
     [
      76,
      7,
      10
     ],
     [
      83,
      1,
      1
     ],
     [
      86,
      1,
      2
     ],
     [
      87,
      2,
      6
     ],
     [
      89,
      172,
      10
     ],
     [
      261,
      1,
      3
     ]
    ],
    "178": [
     [
      68,
      1,
      1
     ],
     [
      75,
      1,
      3
     ],
     [
      76,
      7,
      10
     ],
     [
      83,
      1,
      4
     ],
     [
      84,
      1,
      1
     ],
     [
      86,
      1,
      6
     ],
     [
      87,
      174,
      10
     ],
     [
      261,
      1,
      2
     ]
    ],
    "179": [
     [
      68,
      1,
      2
     ],
     [
      74,
      1,
      4
     ],
     [
      75,
      1,
      8
     ],
     [
      76,
      8,
      10
     ],
     [
      84,
      1,
      1
     ],
     [
      86,
      1,
      2
     ],
     [
      87,
      174,
      10
     ]
    ],
    "180": [
     [
      72,
      1,
      1
     ],
     [
      73,
      1,
      10
     ],
     [
      74,
      1,
      9
     ],
     [
      75,
      9,
      10
     ],
     [
      84,
      1,
      6
     ],
     [
      87,
      1,
      8
     ],
     [
      88,
      172,
      10
     ],
     [
      260,
      1,
      7
     ]
    ],
    "181": [
     [
      72,
      1,
      2
     ],
     [
      73,
      187,
      10
     ],
     [
      260,
      1,
      6
     ]
    ],
    "182": [
     [
      72,
      1,
      6
     ],
     [
      73,
      1,
      7
     ],
     [
      74,
      1,
      9
     ],
     [
      75,
      185,
      10
     ],
     [
      260,
      1,
      4
     ]
    ],
    "183": [
     [
      74,
      1,
      6
     ],
     [
      75,
      167,
      10
     ],
     [
      242,
      2,
      9
     ],
     [
      244,
      16,
      10
     ],
     [
      260,
      1,
      1
     ]
    ],
    "184": [
     [
      67,
      1,
      1
     ],
     [
      74,
      1,
      3
     ],
     [
      75,
      167,
      10
     ],
     [
      242,
      1,
      7
     ],
     [
      244,
      1,
      2
     ],
     [
      245,
      15,
      10
     ]
    ],
    "185": [
     [
      62,
      1,
      1
     ],
     [
      63,
      1,
      2
     ],
     [
      75,
      1,
      6
     ],
     [
      76,
      166,
      10
     ],
     [
      242,
      1,
      8
     ],
     [
      244,
      1,
      1
     ],
     [
      245,
      14,
      10
     ],
     [
      259,
      1,
      7
     ]
    ],
    "186": [
     [
      63,
      1,
      3
     ],
     [
      64,
      2,
      1
     ],
     [
      66,
      1,
      3
     ],
     [
      73,
      1,
      1
     ],
     [
      76,
      1,
      8
     ],
     [
      77,
      166,
      10
     ],
     [
      243,
      1,
      2
     ],
     [
      244,
      1,
      3
     ],
     [
      245,
      14,
      10
     ],
     [
      259,
      1,
      7
     ]
    ],
    "187": [
     [
      63,
      1,
      1
     ],
     [
      64,
      1,
      6
     ],
     [
      65,
      1,
      10
     ],
     [
      66,
      1,
      5
     ],
     [
      75,
      1,
      3
     ],
     [
      76,
      1,
      9
     ],
     [
      77,
      182,
      10
     ],
     [
      259,
      1,
      3
     ]
    ],
    "188": [
     [
      65,
      1,
      10
     ],
     [
      66,
      1,
      3
     ],
     [
      75,
      1,
      1
     ],
     [
      76,
      1,
      8
     ],
     [
      77,
      182,
      10
     ],
     [
      259,
      1,
      1
     ]
    ],
    "189": [
     [
      76,
      183,
      10
     ]
    ],
    "190": [
     [
      79,
      179,
      10
     ],
     [
      258,
      1,
      7
     ]
    ],
    "191": [
     [
      86,
      172,
      10
     ],
     [
      258,
      1,
      5
     ]
    ],
    "192": [
     [
      93,
      165,
      10
     ],
     [
      258,
      1,
      3
     ]
    ],
    "193": [
     [
      100,
      158,
      10
     ],
     [
      258,
      1,
      1
     ]
    ],
    "194": [
     [
      107,
      151,
      10
     ]
    ],
    "195": [
     [
      114,
      143,
      10
     ],
     [
      257,
      1,
      7
     ]
    ],
    "196": [
     [
      121,
      136,
      10
     ],
     [
      257,
      1,
      5
     ]
    ],
    "197": [
     [
      128,
      129,
      10
     ],
     [
      257,
      1,
      4
     ]
    ],
    "198": [
     [
      135,
      122,
      10
     ]
    ],
    "199": [
     [
      142,
      114,
      10
     ],
     [
      256,
      1,
      9
     ]
    ],
    "200": [
     [
      149,
      107,
      10
     ],
     [
      256,
      1,
      7
     ]
    ],
    "201": [
     [
      156,
      100,
      10
     ],
     [
      256,
      1,
      6
     ]
    ],
    "202": [
     [
      163,
      93,
      10
     ],
     [
      256,
      1,
      3
     ]
    ],
    "203": [
     [
      171,
      85,
      10
     ]
    ],
    "204": [
     [
      178,
      77,
      10
     ],
     [
      255,
      1,
      9
     ]
    ],
    "205": [
     [
      185,
      70,
      10
     ],
     [
      255,
      1,
      7
     ]
    ],
    "206": [
     [
      193,
      62,
      10
     ],
     [
      255,
      1,
      3
     ]
    ],
    "207": [
     [
      200,
      55,
      10
     ],
     [
      255,
      1,
      3
     ]
    ],
    "208": [
     [
      208,
      47,
      10
     ]
    ],
    "209": [
     [
      215,
      39,
      10
     ],
     [
      254,
      1,
      9
     ]
    ],
    "210": [
     [
      222,
      32,
      10
     ],
     [
      254,
      1,
      6
     ]
    ],
    "211": [
     [
      230,
      24,
      10
     ],
     [
      254,
      1,
      4
     ]
    ],
    "212": [
     [
      238,
      16,
      10
     ],
     [
      254,
      1,
      3
     ]
    ],
    "213": [
     [
      245,
      9,
      10
     ]
    ],
    "214": [
     [
      253,
      1,
      10
     ]
    ]
   }
  },
  "clutter_headroom": 61.82,
  "clutter_at_floor": 0.654,
  "clutter_verdict": "vessels present"
 },
 "features": [
  {
   "type": "Feature",
   "geometry": {
    "type": "Point",
    "coordinates": [
     -74.51880770013274,
     36.01233530142851
    ]
   },
   "properties": {
    "confidence": 0.334,
    "snr": 6.68,
    "peak_dn": 141.0,
    "background_dn": 44.8,
    "sigma_dn": 14.41,
    "pixels": 2,
    "length_m_approx": 14.1,
    "pixel": [
     14243.5,
     12201.5
    ],
    "scene": "S1A_IW_GRDH_1SDV_20240925T225812_20240925T225841_055828_06D27E_789A_COG.SAFE",
    "t": "2024-09-25T22:58:12+00:00",
    "sensor": "sentinel1-vv-cfar",
    "uncertainty_m": 7.6
   }
  },
  {
   "type": "Feature",
   "geometry": {
    "type": "Point",
    "coordinates": [
     -74.49706089085507,
     36.01009265307839
    ]
   },
   "properties": {
    "confidence": 0.95,
    "snr": 318.16,
    "peak_dn": 16141.0,
    "background_dn": 62.2,
    "sigma_dn": 50.54,
    "pixels": 282,
    "length_m_approx": 167.9,
    "pixel": [
     14432.2,
     12144.1
    ],
    "scene": "S1A_IW_GRDH_1SDV_20240925T225812_20240925T225841_055828_06D27E_789A_COG.SAFE",
    "t": "2024-09-25T22:58:12+00:00",
    "sensor": "sentinel1-vv-cfar",
    "uncertainty_m": 84.0
   }
  },
  {
   "type": "Feature",
   "geometry": {
    "type": "Point",
    "coordinates": [
     -74.44097248351825,
     36.0213556103135
    ]
   },
   "properties": {
    "confidence": 0.724,
    "snr": 14.49,
    "peak_dn": 301.0,
    "background_dn": 60.2,
    "sigma_dn": 16.62,
    "pixels": 29,
    "length_m_approx": 53.9,
    "pixel": [
     14951.8,
     12179.8
    ],
    "scene": "S1A_IW_GRDH_1SDV_20240925T225812_20240925T225841_055828_06D27E_789A_COG.SAFE",
    "t": "2024-09-25T22:58:12+00:00",
    "sensor": "sentinel1-vv-cfar",
    "uncertainty_m": 27.1
   }
  },
  {
   "type": "Feature",
   "geometry": {
    "type": "Point",
    "coordinates": [
     -74.4979203345003,
     36.00982162555458
    ]
   },
   "properties": {
    "confidence": 0.691,
    "snr": 13.81,
    "peak_dn": 694.0,
    "background_dn": 61.4,
    "sigma_dn": 45.8,
    "pixels": 4,
    "length_m_approx": 20.0,
    "pixel": [
     14424.0,
     12142.5
    ],
    "scene": "S1A_IW_GRDH_1SDV_20240925T225812_20240925T225841_055828_06D27E_789A_COG.SAFE",
    "t": "2024-09-25T22:58:12+00:00",
    "sensor": "sentinel1-vv-cfar",
    "uncertainty_m": 10.4
   }
  },
  {
   "type": "Feature",
   "geometry": {
    "type": "Point",
    "coordinates": [
     -74.498145482506,
     36.00982075818223
    ]
   },
   "properties": {
    "confidence": 0.594,
    "snr": 11.88,
    "peak_dn": 594.0,
    "background_dn": 61.4,
    "sigma_dn": 44.83,
    "pixels": 3,
    "length_m_approx": 17.3,
    "pixel": [
     14422.0,
     12142.9
    ],
    "scene": "S1A_IW_GRDH_1SDV_20240925T225812_20240925T225841_055828_06D27E_789A_COG.SAFE",
    "t": "2024-09-25T22:58:12+00:00",
    "sensor": "sentinel1-vv-cfar",
    "uncertainty_m": 9.1
   }
  },
  {
   "type": "Feature",
   "geometry": {
    "type": "Point",
    "coordinates": [
     -74.49835668013142,
     36.00975614747041
    ]
   },
   "properties": {
    "confidence": 0.439,
    "snr": 8.78,
    "peak_dn": 476.0,
    "background_dn": 61.8,
    "sigma_dn": 47.17,
    "pixels": 2,
    "length_m_approx": 14.1,
    "pixel": [
     14420.0,
     12142.5
    ],
    "scene": "S1A_IW_GRDH_1SDV_20240925T225812_20240925T225841_055828_06D27E_789A_COG.SAFE",
    "t": "2024-09-25T22:58:12+00:00",
    "sensor": "sentinel1-vv-cfar",
    "uncertainty_m": 7.6
   }
  },
  {
   "type": "Feature",
   "geometry": {
    "type": "Point",
    "coordinates": [
     -74.41121288854825,
     36.01905249700913
    ]
   },
   "properties": {
    "confidence": 0.407,
    "snr": 8.14,
    "peak_dn": 205.0,
    "background_dn": 61.8,
    "sigma_dn": 17.6,
    "pixels": 4,
    "length_m_approx": 20.0,
    "pixel": [
     15211.5,
     12109.5
    ],
    "scene": "S1A_IW_GRDH_1SDV_20240925T225812_20240925T225841_055828_06D27E_789A_COG.SAFE",
    "t": "2024-09-25T22:58:12+00:00",
    "sensor": "sentinel1-vv-cfar",
    "uncertainty_m": 10.4
   }
  },
  {
   "type": "Feature",
   "geometry": {
    "type": "Point",
    "coordinates": [
     -74.39056991623112,
     36.026016351824126
    ]
   },
   "properties": {
    "confidence": 0.372,
    "snr": 7.44,
    "peak_dn": 196.0,
    "background_dn": 63.9,
    "sigma_dn": 17.76,
    "pixels": 4,
    "length_m_approx": 20.0,
    "pixel": [
     15408.2,
     12153.0
    ],
    "scene": "S1A_IW_GRDH_1SDV_20240925T225812_20240925T225841_055828_06D27E_789A_COG.SAFE",
    "t": "2024-09-25T22:58:12+00:00",
    "sensor": "sentinel1-vv-cfar",
    "uncertainty_m": 10.4
   }
  },
  {
   "type": "Feature",
   "geometry": {
    "type": "Point",
    "coordinates": [
     -74.4848310198695,
     36.00406352393795
    ]
   },
   "properties": {
    "confidence": 0.351,
    "snr": 7.02,
    "peak_dn": 172.0,
    "background_dn": 56.9,
    "sigma_dn": 16.39,
    "pixels": 2,
    "length_m_approx": 14.1,
    "pixel": [
     14529.0,
     12060.5
    ],
    "scene": "S1A_IW_GRDH_1SDV_20240925T225812_20240925T225841_055828_06D27E_789A_COG.SAFE",
    "t": "2024-09-25T22:58:12+00:00",
    "sensor": "sentinel1-vv-cfar",
    "uncertainty_m": 7.6
   }
  },
  {
   "type": "Feature",
   "geometry": {
    "type": "Point",
    "coordinates": [
     -74.49676324328487,
     36.008915002904914
    ]
   },
   "properties": {
    "confidence": 0.35,
    "snr": 7.0,
    "peak_dn": 571.0,
    "background_dn": 66.3,
    "sigma_dn": 72.07,
    "pixels": 2,
    "length_m_approx": 14.1,
    "pixel": [
     14432.5,
     12131.0
    ],
    "scene": "S1A_IW_GRDH_1SDV_20240925T225812_20240925T225841_055828_06D27E_789A_COG.SAFE",
    "t": "2024-09-25T22:58:12+00:00",
    "sensor": "sentinel1-vv-cfar",
    "uncertainty_m": 7.6
   }
  },
  {
   "type": "Feature",
   "geometry": {
    "type": "Point",
    "coordinates": [
     -74.49857543393964,
     36.00972606315327
    ]
   },
   "properties": {
    "confidence": 0.339,
    "snr": 6.79,
    "peak_dn": 390.0,
    "background_dn": 62.2,
    "sigma_dn": 48.28,
    "pixels": 2,
    "length_m_approx": 14.1,
    "pixel": [
     14418.0,
     12142.5
    ],
    "scene": "S1A_IW_GRDH_1SDV_20240925T225812_20240925T225841_055828_06D27E_789A_COG.SAFE",
    "t": "2024-09-25T22:58:12+00:00",
    "sensor": "sentinel1-vv-cfar",
    "uncertainty_m": 7.6
   }
  },
  {
   "type": "Feature",
   "geometry": {
    "type": "Point",
    "coordinates": [
     -74.38942247947467,
     36.0369409559841
    ]
   },
   "properties": {
    "confidence": 0.327,
    "snr": 6.55,
    "peak_dn": 175.0,
    "background_dn": 62.6,
    "sigma_dn": 17.17,
    "pixels": 2,
    "length_m_approx": 14.1,
    "pixel": [
     15439.5,
     12269.0
    ],
    "scene": "S1A_IW_GRDH_1SDV_20240925T225812_20240925T225841_055828_06D27E_789A_COG.SAFE",
    "t": "2024-09-25T22:58:12+00:00",
    "sensor": "sentinel1-vv-cfar",
    "uncertainty_m": 7.6
   }
  },
  {
   "type": "Feature",
   "geometry": {
    "type": "Point",
    "coordinates": [
     -74.37365696059965,
     36.02584032536224
    ]
   },
   "properties": {
    "confidence": 0.318,
    "snr": 6.36,
    "peak_dn": 186.0,
    "background_dn": 67.0,
    "sigma_dn": 18.72,
    "pixels": 2,
    "length_m_approx": 14.1,
    "pixel": [
     15558.0,
     12125.5
    ],
    "scene": "S1A_IW_GRDH_1SDV_20240925T225812_20240925T225841_055828_06D27E_789A_COG.SAFE",
    "t": "2024-09-25T22:58:12+00:00",
    "sensor": "sentinel1-vv-cfar",
    "uncertainty_m": 7.6
   }
  },
  {
   "type": "Feature",
   "geometry": {
    "type": "Point",
    "coordinates": [
     -73.95153309132748,
     36.0371731829539
    ]
   },
   "properties": {
    "confidence": 0.419,
    "snr": 8.37,
    "peak_dn": 215.0,
    "background_dn": 63.9,
    "sigma_dn": 18.04,
    "pixels": 3,
    "length_m_approx": 17.3,
    "pixel": [
     19327.7,
     11613.7
    ],
    "scene": "S1A_IW_GRDH_1SDV_20240925T225812_20240925T225841_055828_06D27E_789A_COG.SAFE",
    "t": "2024-09-25T22:58:12+00:00",
    "sensor": "sentinel1-vv-cfar",
    "uncertainty_m": 9.1
   }
  },
  {
   "type": "Feature",
   "geometry": {
    "type": "Point",
    "coordinates": [
     -73.97431254882349,
     36.039351890665145
    ]
   },
   "properties": {
    "confidence": 0.368,
    "snr": 7.36,
    "peak_dn": 215.0,
    "background_dn": 69.9,
    "sigma_dn": 19.71,
    "pixels": 2,
    "length_m_approx": 14.1,
    "pixel": [
     19129.5,
     11671.0
    ],
    "scene": "S1A_IW_GRDH_1SDV_20240925T225812_20240925T225841_055828_06D27E_789A_COG.SAFE",
    "t": "2024-09-25T22:58:12+00:00",
    "sensor": "sentinel1-vv-cfar",
    "uncertainty_m": 7.6
   }
  },
  {
   "type": "Feature",
   "geometry": {
    "type": "Point",
    "coordinates": [
     -73.83127305074962,
     36.014731472206805
    ]
   },
   "properties": {
    "confidence": 0.349,
    "snr": 6.99,
    "peak_dn": 179.0,
    "background_dn": 60.2,
    "sigma_dn": 17.01,
    "pixels": 2,
    "length_m_approx": 14.1,
    "pixel": [
     20354.0,
     11193.5
    ],
    "scene": "S1A_IW_GRDH_1SDV_20240925T225812_20240925T225841_055828_06D27E_789A_COG.SAFE",
    "t": "2024-09-25T22:58:12+00:00",
    "sensor": "sentinel1-vv-cfar",
    "uncertainty_m": 7.6
   }
  },
  {
   "type": "Feature",
   "geometry": {
    "type": "Point",
    "coordinates": [
     -74.05091833564008,
     36.053911866600984
    ]
   },
   "properties": {
    "confidence": 0.342,
    "snr": 6.84,
    "peak_dn": 204.0,
    "background_dn": 70.3,
    "sigma_dn": 19.54,
    "pixels": 3,
    "length_m_approx": 17.3,
    "pixel": [
     18476.7,
     11942.3
    ],
    "scene": "S1A_IW_GRDH_1SDV_20240925T225812_20240925T225841_055828_06D27E_789A_COG.SAFE",
    "t": "2024-09-25T22:58:12+00:00",
    "sensor": "sentinel1-vv-cfar",
    "uncertainty_m": 9.1
   }
  },
  {
   "type": "Feature",
   "geometry": {
    "type": "Point",
    "coordinates": [
     -73.82070534517149,
     36.02173779045704
    ]
   },
   "properties": {
    "confidence": 0.332,
    "snr": 6.63,
    "peak_dn": 168.0,
    "background_dn": 58.2,
    "sigma_dn": 16.55,
    "pixels": 2,
    "length_m_approx": 14.1,
    "pixel": [
     20461.0,
     11253.5
    ],
    "scene": "S1A_IW_GRDH_1SDV_20240925T225812_20240925T225841_055828_06D27E_789A_COG.SAFE",
    "t": "2024-09-25T22:58:12+00:00",
    "sensor": "sentinel1-vv-cfar",
    "uncertainty_m": 7.6
   }
  },
  {
   "type": "Feature",
   "geometry": {
    "type": "Point",
    "coordinates": [
     -73.90145193180238,
     36.06838012665074
    ]
   },
   "properties": {
    "confidence": 0.325,
    "snr": 6.49,
    "peak_dn": 174.0,
    "background_dn": 60.7,
    "sigma_dn": 17.44,
    "pixels": 2,
    "length_m_approx": 14.1,
    "pixel": [
     19831.0,
     11876.5
    ],
    "scene": "S1A_IW_GRDH_1SDV_20240925T225812_20240925T225841_055828_06D27E_789A_COG.SAFE",
    "t": "2024-09-25T22:58:12+00:00",
    "sensor": "sentinel1-vv-cfar",
    "uncertainty_m": 7.6
   }
  },
  {
   "type": "Feature",
   "geometry": {
    "type": "Point",
    "coordinates": [
     -73.97339580023879,
     36.07195932025532
    ]
   },
   "properties": {
    "confidence": 0.312,
    "snr": 6.25,
    "peak_dn": 190.0,
    "background_dn": 67.9,
    "sigma_dn": 19.54,
    "pixels": 2,
    "length_m_approx": 14.1,
    "pixel": [
     19199.0,
     12021.5
    ],
    "scene": "S1A_IW_GRDH_1SDV_20240925T225812_20240925T225841_055828_06D27E_789A_COG.SAFE",
    "t": "2024-09-25T22:58:12+00:00",
    "sensor": "sentinel1-vv-cfar",
    "uncertainty_m": 7.6
   }
  },
  {
   "type": "Feature",
   "geometry": {
    "type": "Point",
    "coordinates": [
     -73.86187113883929,
     36.0889912060455
    ]
   },
   "properties": {
    "confidence": 0.308,
    "snr": 6.16,
    "peak_dn": 183.0,
    "background_dn": 63.4,
    "sigma_dn": 19.41,
    "pixels": 2,
    "length_m_approx": 14.1,
    "pixel": [
     20221.0,
     12040.5
    ],
    "scene": "S1A_IW_GRDH_1SDV_20240925T225812_20240925T225841_055828_06D27E_789A_COG.SAFE",
    "t": "2024-09-25T22:58:12+00:00",
    "sensor": "sentinel1-vv-cfar",
    "uncertainty_m": 7.6
   }
  },
  {
   "type": "Feature",
   "geometry": {
    "type": "Point",
    "coordinates": [
     -73.74310280725477,
     36.1075970724816
    ]
   },
   "properties": {
    "confidence": 0.432,
    "snr": 8.65,
    "peak_dn": 205.0,
    "background_dn": 58.1,
    "sigma_dn": 16.99,
    "pixels": 5,
    "length_m_approx": 22.4,
    "pixel": [
     21310.0,
     12067.0
    ],
    "scene": "S1A_IW_GRDH_1SDV_20240925T225812_20240925T225841_055828_06D27E_789A_COG.SAFE",
    "t": "2024-09-25T22:58:12+00:00",
    "sensor": "sentinel1-vv-cfar",
    "uncertainty_m": 11.5
   }
  },
  {
   "type": "Feature",
   "geometry": {
    "type": "Point",
    "coordinates": [
     -73.69440660070023,
     36.064111297393154
    ]
   },
   "properties": {
    "confidence": 0.411,
    "snr": 8.22,
    "peak_dn": 178.0,
    "background_dn": 53.8,
    "sigma_dn": 15.11,
    "pixels": 6,
    "length_m_approx": 24.5,
    "pixel": [
     21661.8,
     11525.8
    ],
    "scene": "S1A_IW_GRDH_1SDV_20240925T225812_20240925T225841_055828_06D27E_789A_COG.SAFE",
    "t": "2024-09-25T22:58:12+00:00",
    "sensor": "sentinel1-vv-cfar",
    "uncertainty_m": 12.5
   }
  },
  {
   "type": "Feature",
   "geometry": {
    "type": "Point",
    "coordinates": [
     -73.76830247193989,
     36.04273380034623
    ]
   },
   "properties": {
    "confidence": 0.403,
    "snr": 8.07,
    "peak_dn": 173.0,
    "background_dn": 54.2,
    "sigma_dn": 14.72,
    "pixels": 3,
    "length_m_approx": 17.3,
    "pixel": [
     20965.7,
     11403.3
    ],
    "scene": "S1A_IW_GRDH_1SDV_20240925T225812_20240925T225841_055828_06D27E_789A_COG.SAFE",
    "t": "2024-09-25T22:58:12+00:00",
    "sensor": "sentinel1-vv-cfar",
    "uncertainty_m": 9.1
   }
  },
  {
   "type": "Feature",
   "geometry": {
    "type": "Point",
    "coordinates": [
     -73.78043337531052,
     36.110792351604
    ]
   },
   "properties": {
    "confidence": 0.398,
    "snr": 7.96,
    "peak_dn": 204.0,
    "background_dn": 60.4,
    "sigma_dn": 18.05,
    "pixels": 5,
    "length_m_approx": 22.4,
    "pixel": [
     20984.6,
     12156.2
    ],
    "scene": "S1A_IW_GRDH_1SDV_20240925T225812_20240925T225841_055828_06D27E_789A_COG.SAFE",
    "t": "2024-09-25T22:58:12+00:00",
    "sensor": "sentinel1-vv-cfar",
    "uncertainty_m": 11.5
   }
  },
  {
   "type": "Feature",
   "geometry": {
    "type": "Point",
    "coordinates": [
     -73.77158107098279,
     36.121459028681834
    ]
   },
   "properties": {
    "confidence": 0.38,
    "snr": 7.6,
    "peak_dn": 185.0,
    "background_dn": 57.7,
    "sigma_dn": 16.73,
    "pixels": 2,
    "length_m_approx": 14.1,
    "pixel": [
     21083.0,
     12258.5
    ],
    "scene": "S1A_IW_GRDH_1SDV_20240925T225812_20240925T225841_055828_06D27E_789A_COG.SAFE",
    "t": "2024-09-25T22:58:12+00:00",
    "sensor": "sentinel1-vv-cfar",
    "uncertainty_m": 7.6
   }
  },
  {
   "type": "Feature",
   "geometry": {
    "type": "Point",
    "coordinates": [
     -73.82746574494045,
     36.11321855177641
    ]
   },
   "properties": {
    "confidence": 0.376,
    "snr": 7.52,
    "peak_dn": 183.0,
    "background_dn": 57.7,
    "sigma_dn": 16.67,
    "pixels": 3,
    "length_m_approx": 17.3,
    "pixel": [
     20571.7,
     12251.3
    ],
    "scene": "S1A_IW_GRDH_1SDV_20240925T225812_20240925T225841_055828_06D27E_789A_COG.SAFE",
    "t": "2024-09-25T22:58:12+00:00",
    "sensor": "sentinel1-vv-cfar",
    "uncertainty_m": 9.1
   }
  },
  {
   "type": "Feature",
   "geometry": {
    "type": "Point",
    "coordinates": [
     -73.69369290394262,
     36.0975028703123
    ]
   },
   "properties": {
    "confidence": 0.373,
    "snr": 7.46,
    "peak_dn": 182.0,
    "background_dn": 57.2,
    "sigma_dn": 16.72,
    "pixels": 2,
    "length_m_approx": 14.1,
    "pixel": [
     21730.0,
     11885.5
    ],
    "scene": "S1A_IW_GRDH_1SDV_20240925T225812_20240925T225841_055828_06D27E_789A_COG.SAFE",
    "t": "2024-09-25T22:58:12+00:00",
    "sensor": "sentinel1-vv-cfar",
    "uncertainty_m": 7.6
   }
  },
  {
   "type": "Feature",
   "geometry": {
    "type": "Point",
    "coordinates": [
     -73.67218754674018,
     36.11503653665961
    ]
   },
   "properties": {
    "confidence": 0.371,
    "snr": 7.42,
    "peak_dn": 187.0,
    "background_dn": 59.8,
    "sigma_dn": 17.13,
    "pixels": 3,
    "length_m_approx": 17.3,
    "pixel": [
     21953.3,
     12043.7
    ],
    "scene": "S1A_IW_GRDH_1SDV_20240925T225812_20240925T225841_055828_06D27E_789A_COG.SAFE",
    "t": "2024-09-25T22:58:12+00:00",
    "sensor": "sentinel1-vv-cfar",
    "uncertainty_m": 9.1
   }
  },
  {
   "type": "Feature",
   "geometry": {
    "type": "Point",
    "coordinates": [
     -73.79134771834987,
     36.03969809999348
    ]
   },
   "properties": {
    "confidence": 0.365,
    "snr": 7.3,
    "peak_dn": 174.0,
    "background_dn": 57.3,
    "sigma_dn": 15.98,
    "pixels": 3,
    "length_m_approx": 17.3,
    "pixel": [
     20755.3,
     11404.3
    ],
    "scene": "S1A_IW_GRDH_1SDV_20240925T225812_20240925T225841_055828_06D27E_789A_COG.SAFE",
    "t": "2024-09-25T22:58:12+00:00",
    "sensor": "sentinel1-vv-cfar",
    "uncertainty_m": 9.1
   }
  },
  {
   "type": "Feature",
   "geometry": {
    "type": "Point",
    "coordinates": [
     -73.6341415556813,
     36.14028750728224
    ]
   },
   "properties": {
    "confidence": 0.357,
    "snr": 7.14,
    "peak_dn": 167.0,
    "background_dn": 54.2,
    "sigma_dn": 15.79,
    "pixels": 3,
    "length_m_approx": 17.3,
    "pixel": [
     22337.7,
     12261.3
    ],
    "scene": "S1A_IW_GRDH_1SDV_20240925T225812_20240925T225841_055828_06D27E_789A_COG.SAFE",
    "t": "2024-09-25T22:58:12+00:00",
    "sensor": "sentinel1-vv-cfar",
    "uncertainty_m": 9.1
   }
  },
  {
   "type": "Feature",
   "geometry": {
    "type": "Point",
    "coordinates": [
     -73.60858510075846,
     36.10580713667539
    ]
   },
   "properties": {
    "confidence": 0.35,
    "snr": 7.0,
    "peak_dn": 150.0,
    "background_dn": 51.3,
    "sigma_dn": 14.11,
    "pixels": 2,
    "length_m_approx": 14.1,
    "pixel": [
     22501.0,
     11851.5
    ],
    "scene": "S1A_IW_GRDH_1SDV_20240925T225812_20240925T225841_055828_06D27E_789A_COG.SAFE",
    "t": "2024-09-25T22:58:12+00:00",
    "sensor": "sentinel1-vv-cfar",
    "uncertainty_m": 7.6
   }
  },
  {
   "type": "Feature",
   "geometry": {
    "type": "Point",
    "coordinates": [
     -73.6238973282585,
     36.08380771463313
    ]
   },
   "properties": {
    "confidence": 0.337,
    "snr": 6.74,
    "peak_dn": 151.0,
    "background_dn": 51.2,
    "sigma_dn": 14.79,
    "pixels": 2,
    "length_m_approx": 14.1,
    "pixel": [
     22324.5,
     11636.0
    ],
    "scene": "S1A_IW_GRDH_1SDV_20240925T225812_20240925T225841_055828_06D27E_789A_COG.SAFE",
    "t": "2024-09-25T22:58:12+00:00",
    "sensor": "sentinel1-vv-cfar",
    "uncertainty_m": 7.6
   }
  },
  {
   "type": "Feature",
   "geometry": {
    "type": "Point",
    "coordinates": [
     -73.75515268296516,
     36.08578013982935
    ]
   },
   "properties": {
    "confidence": 0.328,
    "snr": 6.56,
    "peak_dn": 167.0,
    "background_dn": 58.7,
    "sigma_dn": 16.51,
    "pixels": 2,
    "length_m_approx": 14.1,
    "pixel": [
     21162.5,
     11849.0
    ],
    "scene": "S1A_IW_GRDH_1SDV_20240925T225812_20240925T225841_055828_06D27E_789A_COG.SAFE",
    "t": "2024-09-25T22:58:12+00:00",
    "sensor": "sentinel1-vv-cfar",
    "uncertainty_m": 7.6
   }
  },
  {
   "type": "Feature",
   "geometry": {
    "type": "Point",
    "coordinates": [
     -73.80554485439633,
     36.10264286197914
    ]
   },
   "properties": {
    "confidence": 0.326,
    "snr": 6.51,
    "peak_dn": 180.0,
    "background_dn": 61.7,
    "sigma_dn": 18.16,
    "pixels": 2,
    "length_m_approx": 14.1,
    "pixel": [
     20746.5,
     12105.0
    ],
    "scene": "S1A_IW_GRDH_1SDV_20240925T225812_20240925T225841_055828_06D27E_789A_COG.SAFE",
    "t": "2024-09-25T22:58:12+00:00",
    "sensor": "sentinel1-vv-cfar",
    "uncertainty_m": 7.6
   }
  },
  {
   "type": "Feature",
   "geometry": {
    "type": "Point",
    "coordinates": [
     -73.80087171472582,
     36.053002341769144
    ]
   },
   "properties": {
    "confidence": 0.324,
    "snr": 6.49,
    "peak_dn": 164.0,
    "background_dn": 58.3,
    "sigma_dn": 16.29,
    "pixels": 2,
    "length_m_approx": 14.1,
    "pixel": [
     20695.5,
     11562.0
    ],
    "scene": "S1A_IW_GRDH_1SDV_20240925T225812_20240925T225841_055828_06D27E_789A_COG.SAFE",
    "t": "2024-09-25T22:58:12+00:00",
    "sensor": "sentinel1-vv-cfar",
    "uncertainty_m": 7.6
   }
  },
  {
   "type": "Feature",
   "geometry": {
    "type": "Point",
    "coordinates": [
     -73.80579883186334,
     36.00756520614625
    ]
   },
   "properties": {
    "confidence": 0.322,
    "snr": 6.43,
    "peak_dn": 161.0,
    "background_dn": 57.9,
    "sigma_dn": 16.03,
    "pixels": 2,
    "length_m_approx": 14.1,
    "pixel": [
     20567.0,
     11078.5
    ],
    "scene": "S1A_IW_GRDH_1SDV_20240925T225812_20240925T225841_055828_06D27E_789A_COG.SAFE",
    "t": "2024-09-25T22:58:12+00:00",
    "sensor": "sentinel1-vv-cfar",
    "uncertainty_m": 7.6
   }
  },
  {
   "type": "Feature",
   "geometry": {
    "type": "Point",
    "coordinates": [
     -73.69917280907673,
     36.12305965369933
    ]
   },
   "properties": {
    "confidence": 0.319,
    "snr": 6.38,
    "peak_dn": 156.0,
    "background_dn": 54.4,
    "sigma_dn": 15.93,
    "pixels": 3,
    "length_m_approx": 17.3,
    "pixel": [
     21728.7,
     12169.7
    ],
    "scene": "S1A_IW_GRDH_1SDV_20240925T225812_20240925T225841_055828_06D27E_789A_COG.SAFE",
    "t": "2024-09-25T22:58:12+00:00",
    "sensor": "sentinel1-vv-cfar",
    "uncertainty_m": 9.1
   }
  },
  {
   "type": "Feature",
   "geometry": {
    "type": "Point",
    "coordinates": [
     -73.65265598668977,
     36.10922442992374
    ]
   },
   "properties": {
    "confidence": 0.318,
    "snr": 6.36,
    "peak_dn": 159.0,
    "background_dn": 55.4,
    "sigma_dn": 16.29,
    "pixels": 2,
    "length_m_approx": 14.1,
    "pixel": [
     22116.0,
     11952.5
    ],
    "scene": "S1A_IW_GRDH_1SDV_20240925T225812_20240925T225841_055828_06D27E_789A_COG.SAFE",
    "t": "2024-09-25T22:58:12+00:00",
    "sensor": "sentinel1-vv-cfar",
    "uncertainty_m": 7.6
   }
  },
  {
   "type": "Feature",
   "geometry": {
    "type": "Point",
    "coordinates": [
     -73.48961315459881,
     36.00392214900708
    ]
   },
   "properties": {
    "confidence": 0.425,
    "snr": 8.5,
    "peak_dn": 192.0,
    "background_dn": 58.1,
    "sigma_dn": 15.75,
    "pixels": 2,
    "length_m_approx": 14.1,
    "pixel": [
     23371.0,
     10577.5
    ],
    "scene": "S1A_IW_GRDH_1SDV_20240925T225812_20240925T225841_055828_06D27E_789A_COG.SAFE",
    "t": "2024-09-25T22:58:12+00:00",
    "sensor": "sentinel1-vv-cfar",
    "uncertainty_m": 7.6
   }
  },
  {
   "type": "Feature",
   "geometry": {
    "type": "Point",
    "coordinates": [
     -73.55154694443605,
     36.145298079071544
    ]
   },
   "properties": {
    "confidence": 0.37,
    "snr": 7.4,
    "peak_dn": 164.0,
    "background_dn": 50.4,
    "sigma_dn": 15.36,
    "pixels": 2,
    "length_m_approx": 14.1,
    "pixel": [
     23080.0,
     12195.5
    ],
    "scene": "S1A_IW_GRDH_1SDV_20240925T225812_20240925T225841_055828_06D27E_789A_COG.SAFE",
    "t": "2024-09-25T22:58:12+00:00",
    "sensor": "sentinel1-vv-cfar",
    "uncertainty_m": 7.6
   }
  },
  {
   "type": "Feature",
   "geometry": {
    "type": "Point",
    "coordinates": [
     -73.56951535613612,
     36.1363172624202
    ]
   },
   "properties": {
    "confidence": 0.348,
    "snr": 6.97,
    "peak_dn": 153.0,
    "background_dn": 50.7,
    "sigma_dn": 14.68,
    "pixels": 2,
    "length_m_approx": 14.1,
    "pixel": [
     22904.0,
     12124.5
    ],
    "scene": "S1A_IW_GRDH_1SDV_20240925T225812_20240925T225841_055828_06D27E_789A_COG.SAFE",
    "t": "2024-09-25T22:58:12+00:00",
    "sensor": "sentinel1-vv-cfar",
    "uncertainty_m": 7.6
   }
  },
  {
   "type": "Feature",
   "geometry": {
    "type": "Point",
    "coordinates": [
     -73.41779013394466,
     36.02243438927666
    ]
   },
   "properties": {
    "confidence": 0.347,
    "snr": 6.93,
    "peak_dn": 156.0,
    "background_dn": 55.3,
    "sigma_dn": 14.52,
    "pixels": 2,
    "length_m_approx": 14.1,
    "pixel": [
     24043.5,
     10674.0
    ],
    "scene": "S1A_IW_GRDH_1SDV_20240925T225812_20240925T225841_055828_06D27E_789A_COG.SAFE",
    "t": "2024-09-25T22:58:12+00:00",
    "sensor": "sentinel1-vv-cfar",
    "uncertainty_m": 7.6
   }
  },
  {
   "type": "Feature",
   "geometry": {
    "type": "Point",
    "coordinates": [
     -73.49945411800057,
     36.100821154321835
    ]
   },
   "properties": {
    "confidence": 0.345,
    "snr": 6.9,
    "peak_dn": 148.0,
    "background_dn": 50.6,
    "sigma_dn": 14.12,
    "pixels": 2,
    "length_m_approx": 14.1,
    "pixel": [
     23461.0,
     11639.5
    ],
    "scene": "S1A_IW_GRDH_1SDV_20240925T225812_20240925T225841_055828_06D27E_789A_COG.SAFE",
    "t": "2024-09-25T22:58:12+00:00",
    "sensor": "sentinel1-vv-cfar",
    "uncertainty_m": 7.6
   }
  },
  {
   "type": "Feature",
   "geometry": {
    "type": "Point",
    "coordinates": [
     -73.3896455873291,
     36.02586968339758
    ]
   },
   "properties": {
    "confidence": 0.344,
    "snr": 6.88,
    "peak_dn": 166.0,
    "background_dn": 59.1,
    "sigma_dn": 15.54,
    "pixels": 2,
    "length_m_approx": 14.1,
    "pixel": [
     24300.0,
     10670.5
    ],
    "scene": "S1A_IW_GRDH_1SDV_20240925T225812_20240925T225841_055828_06D27E_789A_COG.SAFE",
    "t": "2024-09-25T22:58:12+00:00",
    "sensor": "sentinel1-vv-cfar",
    "uncertainty_m": 7.6
   }
  },
  {
   "type": "Feature",
   "geometry": {
    "type": "Point",
    "coordinates": [
     -73.39989612709566,
     36.133912611113765
    ]
   },
   "properties": {
    "confidence": 0.322,
    "snr": 6.44,
    "peak_dn": 158.0,
    "background_dn": 57.1,
    "sigma_dn": 15.68,
    "pixels": 2,
    "length_m_approx": 14.1,
    "pixel": [
     24405.5,
     11854.0
    ],
    "scene": "S1A_IW_GRDH_1SDV_20240925T225812_20240925T225841_055828_06D27E_789A_COG.SAFE",
    "t": "2024-09-25T22:58:12+00:00",
    "sensor": "sentinel1-vv-cfar",
    "uncertainty_m": 7.6
   }
  },
  {
   "type": "Feature",
   "geometry": {
    "type": "Point",
    "coordinates": [
     -73.57992031122036,
     36.023988404267655
    ]
   },
   "properties": {
    "confidence": 0.321,
    "snr": 6.43,
    "peak_dn": 147.0,
    "background_dn": 51.8,
    "sigma_dn": 14.8,
    "pixels": 2,
    "length_m_approx": 14.1,
    "pixel": [
     22605.0,
     10925.5
    ],
    "scene": "S1A_IW_GRDH_1SDV_20240925T225812_20240925T225841_055828_06D27E_789A_COG.SAFE",
    "t": "2024-09-25T22:58:12+00:00",
    "sensor": "sentinel1-vv-cfar",
    "uncertainty_m": 7.6
   }
  },
  {
   "type": "Feature",
   "geometry": {
    "type": "Point",
    "coordinates": [
     -73.55947301214155,
     36.022487867935396
    ]
   },
   "properties": {
    "confidence": 0.32,
    "snr": 6.41,
    "peak_dn": 142.0,
    "background_dn": 50.6,
    "sigma_dn": 14.27,
    "pixels": 2,
    "length_m_approx": 14.1,
    "pixel": [
     22784.0,
     10879.5
    ],
    "scene": "S1A_IW_GRDH_1SDV_20240925T225812_20240925T225841_055828_06D27E_789A_COG.SAFE",
    "t": "2024-09-25T22:58:12+00:00",
    "sensor": "sentinel1-vv-cfar",
    "uncertainty_m": 7.6
   }
  },
  {
   "type": "Feature",
   "geometry": {
    "type": "Point",
    "coordinates": [
     -73.5456586344216,
     36.103723735242575
    ]
   },
   "properties": {
    "confidence": 0.317,
    "snr": 6.34,
    "peak_dn": 143.0,
    "background_dn": 51.6,
    "sigma_dn": 14.42,
    "pixels": 2,
    "length_m_approx": 14.1,
    "pixel": [
     23056.0,
     11737.5
    ],
    "scene": "S1A_IW_GRDH_1SDV_20240925T225812_20240925T225841_055828_06D27E_789A_COG.SAFE",
    "t": "2024-09-25T22:58:12+00:00",
    "sensor": "sentinel1-vv-cfar",
    "uncertainty_m": 7.6
   }
  },
  {
   "type": "Feature",
   "geometry": {
    "type": "Point",
    "coordinates": [
     -73.44838172528468,
     36.137492684069514
    ]
   },
   "properties": {
    "confidence": 0.313,
    "snr": 6.27,
    "peak_dn": 155.0,
    "background_dn": 56.7,
    "sigma_dn": 15.69,
    "pixels": 4,
    "length_m_approx": 20.0,
    "pixel": [
     23981.5,
     11962.5
    ],
    "scene": "S1A_IW_GRDH_1SDV_20240925T225812_20240925T225841_055828_06D27E_789A_COG.SAFE",
    "t": "2024-09-25T22:58:12+00:00",
    "sensor": "sentinel1-vv-cfar",
    "uncertainty_m": 10.4
   }
  },
  {
   "type": "Feature",
   "geometry": {
    "type": "Point",
    "coordinates": [
     -73.51787868651692,
     36.069509511397726
    ]
   },
   "properties": {
    "confidence": 0.309,
    "snr": 6.19,
    "peak_dn": 136.0,
    "background_dn": 50.4,
    "sigma_dn": 13.83,
    "pixels": 2,
    "length_m_approx": 14.1,
    "pixel": [
     23240.0,
     11327.5
    ],
    "scene": "S1A_IW_GRDH_1SDV_20240925T225812_20240925T225841_055828_06D27E_789A_COG.SAFE",
    "t": "2024-09-25T22:58:12+00:00",
    "sensor": "sentinel1-vv-cfar",
    "uncertainty_m": 7.6
   }
  },
  {
   "type": "Feature",
   "geometry": {
    "type": "Point",
    "coordinates": [
     -73.3694751005548,
     36.00645090882082
    ]
   },
   "properties": {
    "confidence": 0.308,
    "snr": 6.16,
    "peak_dn": 150.0,
    "background_dn": 57.6,
    "sigma_dn": 15.0,
    "pixels": 2,
    "length_m_approx": 14.1,
    "pixel": [
     24444.0,
     10431.5
    ],
    "scene": "S1A_IW_GRDH_1SDV_20240925T225812_20240925T225841_055828_06D27E_789A_COG.SAFE",
    "t": "2024-09-25T22:58:12+00:00",
    "sensor": "sentinel1-vv-cfar",
    "uncertainty_m": 7.6
   }
  },
  {
   "type": "Feature",
   "geometry": {
    "type": "Point",
    "coordinates": [
     -73.36592285196008,
     36.13959940021621
    ]
   },
   "properties": {
    "confidence": 0.358,
    "snr": 7.16,
    "peak_dn": 166.0,
    "background_dn": 57.2,
    "sigma_dn": 15.18,
    "pixels": 2,
    "length_m_approx": 14.1,
    "pixel": [
     24717.5,
     11867.0
    ],
    "scene": "S1A_IW_GRDH_1SDV_20240925T225812_20240925T225841_055828_06D27E_789A_COG.SAFE",
    "t": "2024-09-25T22:58:12+00:00",
    "sensor": "sentinel1-vv-cfar",
    "uncertainty_m": 7.6
   }
  },
  {
   "type": "Feature",
   "geometry": {
    "type": "Point",
    "coordinates": [
     -73.34600023992348,
     36.048145894681014
    ]
   },
   "properties": {
    "confidence": 0.353,
    "snr": 7.06,
    "peak_dn": 168.0,
    "background_dn": 59.6,
    "sigma_dn": 15.35,
    "pixels": 2,
    "length_m_approx": 14.1,
    "pixel": [
     24728.5,
     10849.0
    ],
    "scene": "S1A_IW_GRDH_1SDV_20240925T225812_20240925T225841_055828_06D27E_789A_COG.SAFE",
    "t": "2024-09-25T22:58:12+00:00",
    "sensor": "sentinel1-vv-cfar",
    "uncertainty_m": 7.6
   }
  },
  {
   "type": "Feature",
   "geometry": {
    "type": "Point",
    "coordinates": [
     -73.33874473121506,
     36.15959044216309
    ]
   },
   "properties": {
    "confidence": 0.319,
    "snr": 6.37,
    "peak_dn": 158.0,
    "background_dn": 58.8,
    "sigma_dn": 15.57,
    "pixels": 2,
    "length_m_approx": 14.1,
    "pixel": [
     24995.0,
     12044.5
    ],
    "scene": "S1A_IW_GRDH_1SDV_20240925T225812_20240925T225841_055828_06D27E_789A_COG.SAFE",
    "t": "2024-09-25T22:58:12+00:00",
    "sensor": "sentinel1-vv-cfar",
    "uncertainty_m": 7.6
   }
  },
  {
   "type": "Feature",
   "geometry": {
    "type": "Point",
    "coordinates": [
     -75.0695904148852,
     36.0492771123406
    ]
   },
   "properties": {
    "confidence": 0.95,
    "snr": 52.52,
    "peak_dn": 6256.0,
    "background_dn": 73.1,
    "sigma_dn": 117.73,
    "pixels": 235,
    "length_m_approx": 153.3,
    "pixel": [
     9431.3,
     13455.1
    ],
    "scene": "S1A_IW_GRDH_1SDV_20240925T225812_20240925T225841_055828_06D27E_789A_COG.SAFE",
    "t": "2024-09-25T22:58:12+00:00",
    "sensor": "sentinel1-vv-cfar",
    "uncertainty_m": 76.7
   }
  },
  {
   "type": "Feature",
   "geometry": {
    "type": "Point",
    "coordinates": [
     -74.9822410531517,
     36.06499159202331
    ]
   },
   "properties": {
    "confidence": 0.95,
    "snr": 44.1,
    "peak_dn": 685.0,
    "background_dn": 50.1,
    "sigma_dn": 14.4,
    "pixels": 36,
    "length_m_approx": 60.0,
    "pixel": [
     10236.9,
     13486.4
    ],
    "scene": "S1A_IW_GRDH_1SDV_20240925T225812_20240925T225841_055828_06D27E_789A_COG.SAFE",
    "t": "2024-09-25T22:58:12+00:00",
    "sensor": "sentinel1-vv-cfar",
    "uncertainty_m": 30.1
   }
  },
  {
   "type": "Feature",
   "geometry": {
    "type": "Point",
    "coordinates": [
     -75.0603399390492,
     36.0097961478976
    ]
   },
   "properties": {
    "confidence": 0.595,
    "snr": 11.9,
    "peak_dn": 288.0,
    "background_dn": 66.1,
    "sigma_dn": 18.64,
    "pixels": 22,
    "length_m_approx": 46.9,
    "pixel": [
     9434.3,
     13016.2
    ],
    "scene": "S1A_IW_GRDH_1SDV_20240925T225812_20240925T225841_055828_06D27E_789A_COG.SAFE",
    "t": "2024-09-25T22:58:12+00:00",
    "sensor": "sentinel1-vv-cfar",
    "uncertainty_m": 23.6
   }
  },
  {
   "type": "Feature",
   "geometry": {
    "type": "Point",
    "coordinates": [
     -75.06000415976885,
     36.009149882389444
    ]
   },
   "properties": {
    "confidence": 0.504,
    "snr": 10.07,
    "peak_dn": 252.0,
    "background_dn": 65.8,
    "sigma_dn": 18.49,
    "pixels": 4,
    "length_m_approx": 20.0,
    "pixel": [
     9436.0,
     13008.8
    ],
    "scene": "S1A_IW_GRDH_1SDV_20240925T225812_20240925T225841_055828_06D27E_789A_COG.SAFE",
    "t": "2024-09-25T22:58:12+00:00",
    "sensor": "sentinel1-vv-cfar",
    "uncertainty_m": 10.4
   }
  },
  {
   "type": "Feature",
   "geometry": {
    "type": "Point",
    "coordinates": [
     -75.07747633684083,
     36.08816253991414
    ]
   },
   "properties": {
    "confidence": 0.411,
    "snr": 8.21,
    "peak_dn": 212.0,
    "background_dn": 61.8,
    "sigma_dn": 18.29,
    "pixels": 5,
    "length_m_approx": 22.4,
    "pixel": [
     9439.2,
     13885.4
    ],
    "scene": "S1A_IW_GRDH_1SDV_20240925T225812_20240925T225841_055828_06D27E_789A_COG.SAFE",
    "t": "2024-09-25T22:58:12+00:00",
    "sensor": "sentinel1-vv-cfar",
    "uncertainty_m": 11.5
   }
  },
  {
   "type": "Feature",
   "geometry": {
    "type": "Point",
    "coordinates": [
     -75.06169186558606,
     36.075878751796886
    ]
   },
   "properties": {
    "confidence": 0.406,
    "snr": 8.11,
    "peak_dn": 190.0,
    "background_dn": 58.7,
    "sigma_dn": 16.18,
    "pixels": 4,
    "length_m_approx": 20.0,
    "pixel": [
     9554.5,
     13728.5
    ],
    "scene": "S1A_IW_GRDH_1SDV_20240925T225812_20240925T225841_055828_06D27E_789A_COG.SAFE",
    "t": "2024-09-25T22:58:12+00:00",
    "sensor": "sentinel1-vv-cfar",
    "uncertainty_m": 10.4
   }
  },
  {
   "type": "Feature",
   "geometry": {
    "type": "Point",
    "coordinates": [
     -75.07778540139591,
     36.088764479093946
    ]
   },
   "properties": {
    "confidence": 0.383,
    "snr": 7.67,
    "peak_dn": 204.0,
    "background_dn": 61.9,
    "sigma_dn": 18.54,
    "pixels": 3,
    "length_m_approx": 17.3,
    "pixel": [
     9437.7,
     13892.3
    ],
    "scene": "S1A_IW_GRDH_1SDV_20240925T225812_20240925T225841_055828_06D27E_789A_COG.SAFE",
    "t": "2024-09-25T22:58:12+00:00",
    "sensor": "sentinel1-vv-cfar",
    "uncertainty_m": 9.1
   }
  },
  {
   "type": "Feature",
   "geometry": {
    "type": "Point",
    "coordinates": [
     -75.12477791197969,
     36.04318061185465
    ]
   },
   "properties": {
    "confidence": 0.363,
    "snr": 7.26,
    "peak_dn": 210.0,
    "background_dn": 70.3,
    "sigma_dn": 19.25,
    "pixels": 2,
    "length_m_approx": 14.1,
    "pixel": [
     8930.0,
     13476.5
    ],
    "scene": "S1A_IW_GRDH_1SDV_20240925T225812_20240925T225841_055828_06D27E_789A_COG.SAFE",
    "t": "2024-09-25T22:58:12+00:00",
    "sensor": "sentinel1-vv-cfar",
    "uncertainty_m": 7.6
   }
  },
  {
   "type": "Feature",
   "geometry": {
    "type": "Point",
    "coordinates": [
     -75.06891366200298,
     36.04729225631474
    ]
   },
   "properties": {
    "confidence": 0.352,
    "snr": 7.03,
    "peak_dn": 2062.0,
    "background_dn": 93.2,
    "sigma_dn": 279.93,
    "pixels": 3,
    "length_m_approx": 17.3,
    "pixel": [
     9433.3,
     13432.7
    ],
    "scene": "S1A_IW_GRDH_1SDV_20240925T225812_20240925T225841_055828_06D27E_789A_COG.SAFE",
    "t": "2024-09-25T22:58:12+00:00",
    "sensor": "sentinel1-vv-cfar",
    "uncertainty_m": 9.1
   }
  },
  {
   "type": "Feature",
   "geometry": {
    "type": "Point",
    "coordinates": [
     -75.07807052977518,
     36.08943634894044
    ]
   },
   "properties": {
    "confidence": 0.35,
    "snr": 7.0,
    "peak_dn": 193.0,
    "background_dn": 62.0,
    "sigma_dn": 18.73,
    "pixels": 2,
    "length_m_approx": 14.1,
    "pixel": [
     9436.5,
     13900.0
    ],
    "scene": "S1A_IW_GRDH_1SDV_20240925T225812_20240925T225841_055828_06D27E_789A_COG.SAFE",
    "t": "2024-09-25T22:58:12+00:00",
    "sensor": "sentinel1-vv-cfar",
    "uncertainty_m": 7.6
   }
  },
  {
   "type": "Feature",
   "geometry": {
    "type": "Point",
    "coordinates": [
     -75.07932037588772,
     36.10046597330031
    ]
   },
   "properties": {
    "confidence": 0.345,
    "snr": 6.91,
    "peak_dn": 184.0,
    "background_dn": 62.3,
    "sigma_dn": 17.63,
    "pixels": 4,
    "length_m_approx": 20.0,
    "pixel": [
     9447.5,
     14020.5
    ],
    "scene": "S1A_IW_GRDH_1SDV_20240925T225812_20240925T225841_055828_06D27E_789A_COG.SAFE",
    "t": "2024-09-25T22:58:12+00:00",
    "sensor": "sentinel1-vv-cfar",
    "uncertainty_m": 10.4
   }
  },
  {
   "type": "Feature",
   "geometry": {
    "type": "Point",
    "coordinates": [
     -75.01855027318713,
     36.08200824837314
    ]
   },
   "properties": {
    "confidence": 0.344,
    "snr": 6.89,
    "peak_dn": 148.0,
    "background_dn": 51.2,
    "sigma_dn": 14.05,
    "pixels": 2,
    "length_m_approx": 14.1,
    "pixel": [
     9949.0,
     13726.5
    ],
    "scene": "S1A_IW_GRDH_1SDV_20240925T225812_20240925T225841_055828_06D27E_789A_COG.SAFE",
    "t": "2024-09-25T22:58:12+00:00",
    "sensor": "sentinel1-vv-cfar",
    "uncertainty_m": 7.6
   }
  },
  {
   "type": "Feature",
   "geometry": {
    "type": "Point",
    "coordinates": [
     -75.12719785075828,
     36.06907212481544
    ]
   },
   "properties": {
    "confidence": 0.343,
    "snr": 6.85,
    "peak_dn": 209.0,
    "background_dn": 71.2,
    "sigma_dn": 20.11,
    "pixels": 4,
    "length_m_approx": 20.0,
    "pixel": [
     8960.5,
     13758.5
    ],
    "scene": "S1A_IW_GRDH_1SDV_20240925T225812_20240925T225841_055828_06D27E_789A_COG.SAFE",
    "t": "2024-09-25T22:58:12+00:00",
    "sensor": "sentinel1-vv-cfar",
    "uncertainty_m": 10.4
   }
  },
  {
   "type": "Feature",
   "geometry": {
    "type": "Point",
    "coordinates": [
     -74.99153596104834,
     36.078801438924614
    ]
   },
   "properties": {
    "confidence": 0.338,
    "snr": 6.75,
    "peak_dn": 130.0,
    "background_dn": 46.2,
    "sigma_dn": 12.41,
    "pixels": 2,
    "length_m_approx": 14.1,
    "pixel": [
     10182.0,
     13649.5
    ],
    "scene": "S1A_IW_GRDH_1SDV_20240925T225812_20240925T225841_055828_06D27E_789A_COG.SAFE",
    "t": "2024-09-25T22:58:12+00:00",
    "sensor": "sentinel1-vv-cfar",
    "uncertainty_m": 7.6
   }
  },
  {
   "type": "Feature",
   "geometry": {
    "type": "Point",
    "coordinates": [
     -74.97434026488698,
     36.00051600003865
    ]
   },
   "properties": {
    "confidence": 0.335,
    "snr": 6.71,
    "peak_dn": 127.0,
    "background_dn": 44.6,
    "sigma_dn": 12.29,
    "pixels": 4,
    "length_m_approx": 20.0,
    "pixel": [
     10178.5,
     12781.0
    ],
    "scene": "S1A_IW_GRDH_1SDV_20240925T225812_20240925T225841_055828_06D27E_789A_COG.SAFE",
    "t": "2024-09-25T22:58:12+00:00",
    "sensor": "sentinel1-vv-cfar",
    "uncertainty_m": 10.4
   }
  },
  {
   "type": "Feature",
   "geometry": {
    "type": "Point",
    "coordinates": [
     -74.9920194493832,
     36.02374549675568
    ]
   },
   "properties": {
    "confidence": 0.332,
    "snr": 6.63,
    "peak_dn": 164.0,
    "background_dn": 57.7,
    "sigma_dn": 16.03,
    "pixels": 2,
    "length_m_approx": 14.1,
    "pixel": [
     10068.0,
     13058.5
    ],
    "scene": "S1A_IW_GRDH_1SDV_20240925T225812_20240925T225841_055828_06D27E_789A_COG.SAFE",
    "t": "2024-09-25T22:58:12+00:00",
    "sensor": "sentinel1-vv-cfar",
    "uncertainty_m": 7.6
   }
  },
  {
   "type": "Feature",
   "geometry": {
    "type": "Point",
    "coordinates": [
     -75.12735079681926,
     36.06425640580672
    ]
   },
   "properties": {
    "confidence": 0.33,
    "snr": 6.59,
    "peak_dn": 202.0,
    "background_dn": 71.1,
    "sigma_dn": 19.86,
    "pixels": 2,
    "length_m_approx": 14.1,
    "pixel": [
     8949.5,
     13707.0
    ],
    "scene": "S1A_IW_GRDH_1SDV_20240925T225812_20240925T225841_055828_06D27E_789A_COG.SAFE",
    "t": "2024-09-25T22:58:12+00:00",
    "sensor": "sentinel1-vv-cfar",
    "uncertainty_m": 7.6
   }
  },
  {
   "type": "Feature",
   "geometry": {
    "type": "Point",
    "coordinates": [
     -75.04821620365749,
     36.02239072256845
    ]
   },
   "properties": {
    "confidence": 0.322,
    "snr": 6.45,
    "peak_dn": 175.0,
    "background_dn": 63.5,
    "sigma_dn": 17.28,
    "pixels": 2,
    "length_m_approx": 14.1,
    "pixel": [
     9567.0,
     13132.5
    ],
    "scene": "S1A_IW_GRDH_1SDV_20240925T225812_20240925T225841_055828_06D27E_789A_COG.SAFE",
    "t": "2024-09-25T22:58:12+00:00",
    "sensor": "sentinel1-vv-cfar",
    "uncertainty_m": 7.6
   }
  },
  {
   "type": "Feature",
   "geometry": {
    "type": "Point",
    "coordinates": [
     -75.1047011501244,
     36.01853246101544
    ]
   },
   "properties": {
    "confidence": 0.315,
    "snr": 6.3,
    "peak_dn": 180.0,
    "background_dn": 62.6,
    "sigma_dn": 18.64,
    "pixels": 2,
    "length_m_approx": 14.1,
    "pixel": [
     9058.5,
     13180.0
    ],
    "scene": "S1A_IW_GRDH_1SDV_20240925T225812_20240925T225841_055828_06D27E_789A_COG.SAFE",
    "t": "2024-09-25T22:58:12+00:00",
    "sensor": "sentinel1-vv-cfar",
    "uncertainty_m": 7.6
   }
  },
  {
   "type": "Feature",
   "geometry": {
    "type": "Point",
    "coordinates": [
     -74.88697196454227,
     36.105761042879045
    ]
   },
   "properties": {
    "confidence": 0.42,
    "snr": 8.4,
    "peak_dn": 124.0,
    "background_dn": 35.5,
    "sigma_dn": 10.53,
    "pixels": 5,
    "length_m_approx": 22.4,
    "pixel": [
     11162.0,
     13776.0
    ],
    "scene": "S1A_IW_GRDH_1SDV_20240925T225812_20240925T225841_055828_06D27E_789A_COG.SAFE",
    "t": "2024-09-25T22:58:12+00:00",
    "sensor": "sentinel1-vv-cfar",
    "uncertainty_m": 11.5
   }
  },
  {
   "type": "Feature",
   "geometry": {
    "type": "Point",
    "coordinates": [
     -74.92096539253322,
     36.129328535036024
    ]
   },
   "properties": {
    "confidence": 0.416,
    "snr": 8.33,
    "peak_dn": 169.0,
    "background_dn": 49.4,
    "sigma_dn": 14.36,
    "pixels": 4,
    "length_m_approx": 20.0,
    "pixel": [
     10907.5,
     14082.5
    ],
    "scene": "S1A_IW_GRDH_1SDV_20240925T225812_20240925T225841_055828_06D27E_789A_COG.SAFE",
    "t": "2024-09-25T22:58:12+00:00",
    "sensor": "sentinel1-vv-cfar",
    "uncertainty_m": 10.4
   }
  },
  {
   "type": "Feature",
   "geometry": {
    "type": "Point",
    "coordinates": [
     -74.85110903280089,
     36.03422711365913
    ]
   },
   "properties": {
    "confidence": 0.413,
    "snr": 8.26,
    "peak_dn": 183.0,
    "background_dn": 53.9,
    "sigma_dn": 15.63,
    "pixels": 3,
    "length_m_approx": 17.3,
    "pixel": [
     11338.3,
     12950.7
    ],
    "scene": "S1A_IW_GRDH_1SDV_20240925T225812_20240925T225841_055828_06D27E_789A_COG.SAFE",
    "t": "2024-09-25T22:58:12+00:00",
    "sensor": "sentinel1-vv-cfar",
    "uncertainty_m": 9.1
   }
  },
  {
   "type": "Feature",
   "geometry": {
    "type": "Point",
    "coordinates": [
     -74.74885592063309,
     36.027013182961625
    ]
   },
   "properties": {
    "confidence": 0.413,
    "snr": 8.25,
    "peak_dn": 185.0,
    "background_dn": 51.6,
    "sigma_dn": 16.17,
    "pixels": 4,
    "length_m_approx": 20.0,
    "pixel": [
     12231.0,
     12714.2
    ],
    "scene": "S1A_IW_GRDH_1SDV_20240925T225812_20240925T225841_055828_06D27E_789A_COG.SAFE",
    "t": "2024-09-25T22:58:12+00:00",
    "sensor": "sentinel1-vv-cfar",
    "uncertainty_m": 10.4
   }
  },
  {
   "type": "Feature",
   "geometry": {
    "type": "Point",
    "coordinates": [
     -74.86349034613913,
     36.13877145094573
    ]
   },
   "properties": {
    "confidence": 0.409,
    "snr": 8.19,
    "peak_dn": 178.0,
    "background_dn": 50.1,
    "sigma_dn": 15.63,
    "pixels": 3,
    "length_m_approx": 17.3,
    "pixel": [
     11435.3,
     14094.3
    ],
    "scene": "S1A_IW_GRDH_1SDV_20240925T225812_20240925T225841_055828_06D27E_789A_COG.SAFE",
    "t": "2024-09-25T22:58:12+00:00",
    "sensor": "sentinel1-vv-cfar",
    "uncertainty_m": 9.1
   }
  },
  {
   "type": "Feature",
   "geometry": {
    "type": "Point",
    "coordinates": [
     -74.96245007249348,
     36.067872159564715
    ]
   },
   "properties": {
    "confidence": 0.401,
    "snr": 8.01,
    "peak_dn": 136.0,
    "background_dn": 41.8,
    "sigma_dn": 11.75,
    "pixels": 2,
    "length_m_approx": 14.1,
    "pixel": [
     10418.0,
     13486.5
    ],
    "scene": "S1A_IW_GRDH_1SDV_20240925T225812_20240925T225841_055828_06D27E_789A_COG.SAFE",
    "t": "2024-09-25T22:58:12+00:00",
    "sensor": "sentinel1-vv-cfar",
    "uncertainty_m": 7.6
   }
  },
  {
   "type": "Feature",
   "geometry": {
    "type": "Point",
    "coordinates": [
     -74.84067307651381,
     36.137806301354196
    ]
   },
   "properties": {
    "confidence": 0.385,
    "snr": 7.69,
    "peak_dn": 160.0,
    "background_dn": 49.1,
    "sigma_dn": 14.41,
    "pixels": 4,
    "length_m_approx": 20.0,
    "pixel": [
     11635.5,
     14048.5
    ],
    "scene": "S1A_IW_GRDH_1SDV_20240925T225812_20240925T225841_055828_06D27E_789A_COG.SAFE",
    "t": "2024-09-25T22:58:12+00:00",
    "sensor": "sentinel1-vv-cfar",
    "uncertainty_m": 10.4
   }
  },
  {
   "type": "Feature",
   "geometry": {
    "type": "Point",
    "coordinates": [
     -74.84097745261627,
     36.08943985420404
    ]
   },
   "properties": {
    "confidence": 0.376,
    "snr": 7.52,
    "peak_dn": 182.0,
    "background_dn": 54.6,
    "sigma_dn": 16.95,
    "pixels": 3,
    "length_m_approx": 17.3,
    "pixel": [
     11537.3,
     13528.6
    ],
    "scene": "S1A_IW_GRDH_1SDV_20240925T225812_20240925T225841_055828_06D27E_789A_COG.SAFE",
    "t": "2024-09-25T22:58:12+00:00",
    "sensor": "sentinel1-vv-cfar",
    "uncertainty_m": 9.1
   }
  },
  {
   "type": "Feature",
   "geometry": {
    "type": "Point",
    "coordinates": [
     -74.8957797095984,
     36.1151274360718
    ]
   },
   "properties": {
    "confidence": 0.372,
    "snr": 7.44,
    "peak_dn": 145.0,
    "background_dn": 43.3,
    "sigma_dn": 13.66,
    "pixels": 4,
    "length_m_approx": 20.0,
    "pixel": [
     11102.5,
     13890.5
    ],
    "scene": "S1A_IW_GRDH_1SDV_20240925T225812_20240925T225841_055828_06D27E_789A_COG.SAFE",
    "t": "2024-09-25T22:58:12+00:00",
    "sensor": "sentinel1-vv-cfar",
    "uncertainty_m": 10.4
   }
  },
  {
   "type": "Feature",
   "geometry": {
    "type": "Point",
    "coordinates": [
     -74.9642553502608,
     36.14497869026966
    ]
   },
   "properties": {
    "confidence": 0.369,
    "snr": 7.38,
    "peak_dn": 154.0,
    "background_dn": 49.6,
    "sigma_dn": 14.16,
    "pixels": 3,
    "length_m_approx": 17.3,
    "pixel": [
     10555.3,
     14318.3
    ],
    "scene": "S1A_IW_GRDH_1SDV_20240925T225812_20240925T225841_055828_06D27E_789A_COG.SAFE",
    "t": "2024-09-25T22:58:12+00:00",
    "sensor": "sentinel1-vv-cfar",
    "uncertainty_m": 9.1
   }
  },
  {
   "type": "Feature",
   "geometry": {
    "type": "Point",
    "coordinates": [
     -74.87625852971716,
     36.091647896998175
    ]
   },
   "properties": {
    "confidence": 0.368,
    "snr": 7.37,
    "peak_dn": 160.0,
    "background_dn": 47.5,
    "sigma_dn": 15.27,
    "pixels": 2,
    "length_m_approx": 14.1,
    "pixel": [
     11229.0,
     13607.5
    ],
    "scene": "S1A_IW_GRDH_1SDV_20240925T225812_20240925T225841_055828_06D27E_789A_COG.SAFE",
    "t": "2024-09-25T22:58:12+00:00",
    "sensor": "sentinel1-vv-cfar",
    "uncertainty_m": 7.6
   }
  },
  {
   "type": "Feature",
   "geometry": {
    "type": "Point",
    "coordinates": [
     -74.85312299650647,
     36.08733738384855
    ]
   },
   "properties": {
    "confidence": 0.367,
    "snr": 7.34,
    "peak_dn": 174.0,
    "background_dn": 52.8,
    "sigma_dn": 16.52,
    "pixels": 2,
    "length_m_approx": 14.1,
    "pixel": [
     11425.5,
     13525.0
    ],
    "scene": "S1A_IW_GRDH_1SDV_20240925T225812_20240925T225841_055828_06D27E_789A_COG.SAFE",
    "t": "2024-09-25T22:58:12+00:00",
    "sensor": "sentinel1-vv-cfar",
    "uncertainty_m": 7.6
   }
  },
  {
   "type": "Feature",
   "geometry": {
    "type": "Point",
    "coordinates": [
     -74.8390869501037,
     36.11777224625697
    ]
   },
   "properties": {
    "confidence": 0.362,
    "snr": 7.25,
    "peak_dn": 136.0,
    "background_dn": 41.3,
    "sigma_dn": 13.07,
    "pixels": 2,
    "length_m_approx": 14.1,
    "pixel": [
     11610.0,
     13830.5
    ],
    "scene": "S1A_IW_GRDH_1SDV_20240925T225812_20240925T225841_055828_06D27E_789A_COG.SAFE",
    "t": "2024-09-25T22:58:12+00:00",
    "sensor": "sentinel1-vv-cfar",
    "uncertainty_m": 7.6
   }
  },
  {
   "type": "Feature",
   "geometry": {
    "type": "Point",
    "coordinates": [
     -74.93815508048607,
     36.046573342163555
    ]
   },
   "properties": {
    "confidence": 0.36,
    "snr": 7.21,
    "peak_dn": 159.0,
    "background_dn": 48.6,
    "sigma_dn": 15.31,
    "pixels": 2,
    "length_m_approx": 14.1,
    "pixel": [
     10591.0,
     13219.5
    ],
    "scene": "S1A_IW_GRDH_1SDV_20240925T225812_20240925T225841_055828_06D27E_789A_COG.SAFE",
    "t": "2024-09-25T22:58:12+00:00",
    "sensor": "sentinel1-vv-cfar",
    "uncertainty_m": 7.6
   }
  },
  {
   "type": "Feature",
   "geometry": {
    "type": "Point",
    "coordinates": [
     -74.92235610334507,
     36.013572956849586
    ]
   },
   "properties": {
    "confidence": 0.351,
    "snr": 7.02,
    "peak_dn": 165.0,
    "background_dn": 50.1,
    "sigma_dn": 16.37,
    "pixels": 2,
    "length_m_approx": 14.1,
    "pixel": [
     10665.5,
     12840.0
    ],
    "scene": "S1A_IW_GRDH_1SDV_20240925T225812_20240925T225841_055828_06D27E_789A_COG.SAFE",
    "t": "2024-09-25T22:58:12+00:00",
    "sensor": "sentinel1-vv-cfar",
    "uncertainty_m": 7.6
   }
  },
  {
   "type": "Feature",
   "geometry": {
    "type": "Point",
    "coordinates": [
     -74.91628064860683,
     36.04510114930551
    ]
   },
   "properties": {
    "confidence": 0.35,
    "snr": 6.99,
    "peak_dn": 142.0,
    "background_dn": 44.0,
    "sigma_dn": 14.01,
    "pixels": 2,
    "length_m_approx": 14.1,
    "pixel": [
     10782.0,
     13169.5
    ],
    "scene": "S1A_IW_GRDH_1SDV_20240925T225812_20240925T225841_055828_06D27E_789A_COG.SAFE",
    "t": "2024-09-25T22:58:12+00:00",
    "sensor": "sentinel1-vv-cfar",
    "uncertainty_m": 7.6
   }
  },
  {
   "type": "Feature",
   "geometry": {
    "type": "Point",
    "coordinates": [
     -74.8556416652275,
     36.053357387090706
    ]
   },
   "properties": {
    "confidence": 0.349,
    "snr": 6.98,
    "peak_dn": 169.0,
    "background_dn": 53.9,
    "sigma_dn": 16.49,
    "pixels": 2,
    "length_m_approx": 14.1,
    "pixel": [
     11336.0,
     13163.5
    ],
    "scene": "S1A_IW_GRDH_1SDV_20240925T225812_20240925T225841_055828_06D27E_789A_COG.SAFE",
    "t": "2024-09-25T22:58:12+00:00",
    "sensor": "sentinel1-vv-cfar",
    "uncertainty_m": 7.6
   }
  },
  {
   "type": "Feature",
   "geometry": {
    "type": "Point",
    "coordinates": [
     -74.8122077301821,
     36.12024839527801
    ]
   },
   "properties": {
    "confidence": 0.346,
    "snr": 6.93,
    "peak_dn": 147.0,
    "background_dn": 48.6,
    "sigma_dn": 14.21,
    "pixels": 2,
    "length_m_approx": 14.1,
    "pixel": [
     11853.0,
     13815.5
    ],
    "scene": "S1A_IW_GRDH_1SDV_20240925T225812_20240925T225841_055828_06D27E_789A_COG.SAFE",
    "t": "2024-09-25T22:58:12+00:00",
    "sensor": "sentinel1-vv-cfar",
    "uncertainty_m": 7.6
   }
  },
  {
   "type": "Feature",
   "geometry": {
    "type": "Point",
    "coordinates": [
     -74.94593693102834,
     36.067437315974324
    ]
   },
   "properties": {
    "confidence": 0.346,
    "snr": 6.91,
    "peak_dn": 128.0,
    "background_dn": 40.8,
    "sigma_dn": 12.62,
    "pixels": 2,
    "length_m_approx": 14.1,
    "pixel": [
     10563.5,
     13456.0
    ],
    "scene": "S1A_IW_GRDH_1SDV_20240925T225812_20240925T225841_055828_06D27E_789A_COG.SAFE",
    "t": "2024-09-25T22:58:12+00:00",
    "sensor": "sentinel1-vv-cfar",
    "uncertainty_m": 7.6
   }
  },
  {
   "type": "Feature",
   "geometry": {
    "type": "Point",
    "coordinates": [
     -74.8763581979547,
     36.12056936609674
    ]
   },
   "properties": {
    "confidence": 0.343,
    "snr": 6.87,
    "peak_dn": 143.0,
    "background_dn": 45.2,
    "sigma_dn": 14.23,
    "pixels": 3,
    "length_m_approx": 17.3,
    "pixel": [
     11285.3,
     13918.7
    ],
    "scene": "S1A_IW_GRDH_1SDV_20240925T225812_20240925T225841_055828_06D27E_789A_COG.SAFE",
    "t": "2024-09-25T22:58:12+00:00",
    "sensor": "sentinel1-vv-cfar",
    "uncertainty_m": 9.1
   }
  },
  {
   "type": "Feature",
   "geometry": {
    "type": "Point",
    "coordinates": [
     -74.82155495750446,
     36.10012502464341
    ]
   },
   "properties": {
    "confidence": 0.342,
    "snr": 6.84,
    "peak_dn": 151.0,
    "background_dn": 48.4,
    "sigma_dn": 15.01,
    "pixels": 4,
    "length_m_approx": 20.0,
    "pixel": [
     11730.5,
     13613.5
    ],
    "scene": "S1A_IW_GRDH_1SDV_20240925T225812_20240925T225841_055828_06D27E_789A_COG.SAFE",
    "t": "2024-09-25T22:58:12+00:00",
    "sensor": "sentinel1-vv-cfar",
    "uncertainty_m": 10.4
   }
  },
  {
   "type": "Feature",
   "geometry": {
    "type": "Point",
    "coordinates": [
     -74.96641258109567,
     36.13096269113667
    ]
   },
   "properties": {
    "confidence": 0.342,
    "snr": 6.84,
    "peak_dn": 143.0,
    "background_dn": 47.4,
    "sigma_dn": 13.98,
    "pixels": 3,
    "length_m_approx": 17.3,
    "pixel": [
     10508.3,
     14171.0
    ],
    "scene": "S1A_IW_GRDH_1SDV_20240925T225812_20240925T225841_055828_06D27E_789A_COG.SAFE",
    "t": "2024-09-25T22:58:12+00:00",
    "sensor": "sentinel1-vv-cfar",
    "uncertainty_m": 9.1
   }
  },
  {
   "type": "Feature",
   "geometry": {
    "type": "Point",
    "coordinates": [
     -74.77102192994117,
     36.0793785589664
    ]
   },
   "properties": {
    "confidence": 0.341,
    "snr": 6.82,
    "peak_dn": 169.0,
    "background_dn": 55.4,
    "sigma_dn": 16.66,
    "pixels": 2,
    "length_m_approx": 14.1,
    "pixel": [
     12137.5,
     13312.0
    ],
    "scene": "S1A_IW_GRDH_1SDV_20240925T225812_20240925T225841_055828_06D27E_789A_COG.SAFE",
    "t": "2024-09-25T22:58:12+00:00",
    "sensor": "sentinel1-vv-cfar",
    "uncertainty_m": 7.6
   }
  },
  {
   "type": "Feature",
   "geometry": {
    "type": "Point",
    "coordinates": [
     -74.89002565908893,
     36.0665702942295
    ]
   },
   "properties": {
    "confidence": 0.34,
    "snr": 6.81,
    "peak_dn": 157.0,
    "background_dn": 51.7,
    "sigma_dn": 15.47,
    "pixels": 3,
    "length_m_approx": 17.3,
    "pixel": [
     11057.3,
     13359.3
    ],
    "scene": "S1A_IW_GRDH_1SDV_20240925T225812_20240925T225841_055828_06D27E_789A_COG.SAFE",
    "t": "2024-09-25T22:58:12+00:00",
    "sensor": "sentinel1-vv-cfar",
    "uncertainty_m": 9.1
   }
  },
  {
   "type": "Feature",
   "geometry": {
    "type": "Point",
    "coordinates": [
     -74.88506221280798,
     36.11809556153695
    ]
   },
   "properties": {
    "confidence": 0.34,
    "snr": 6.79,
    "peak_dn": 127.0,
    "background_dn": 41.6,
    "sigma_dn": 12.57,
    "pixels": 3,
    "length_m_approx": 17.3,
    "pixel": [
     11203.3,
     13905.7
    ],
    "scene": "S1A_IW_GRDH_1SDV_20240925T225812_20240925T225841_055828_06D27E_789A_COG.SAFE",
    "t": "2024-09-25T22:58:12+00:00",
    "sensor": "sentinel1-vv-cfar",
    "uncertainty_m": 9.1
   }
  },
  {
   "type": "Feature",
   "geometry": {
    "type": "Point",
    "coordinates": [
     -74.89603252649529,
     36.11221195450712
    ]
   },
   "properties": {
    "confidence": 0.339,
    "snr": 6.78,
    "peak_dn": 137.0,
    "background_dn": 43.5,
    "sigma_dn": 13.79,
    "pixels": 2,
    "length_m_approx": 14.1,
    "pixel": [
     11094.5,
     13859.5
    ],
    "scene": "S1A_IW_GRDH_1SDV_20240925T225812_20240925T225841_055828_06D27E_789A_COG.SAFE",
    "t": "2024-09-25T22:58:12+00:00",
    "sensor": "sentinel1-vv-cfar",
    "uncertainty_m": 7.6
   }
  },
  {
   "type": "Feature",
   "geometry": {
    "type": "Point",
    "coordinates": [
     -74.82451775119189,
     36.01389536729028
    ]
   },
   "properties": {
    "confidence": 0.335,
    "snr": 6.7,
    "peak_dn": 167.0,
    "background_dn": 56.9,
    "sigma_dn": 16.43,
    "pixels": 2,
    "length_m_approx": 14.1,
    "pixel": [
     11534.0,
     12690.5
    ],
    "scene": "S1A_IW_GRDH_1SDV_20240925T225812_20240925T225841_055828_06D27E_789A_COG.SAFE",
    "t": "2024-09-25T22:58:12+00:00",
    "sensor": "sentinel1-vv-cfar",
    "uncertainty_m": 7.6
   }
  },
  {
   "type": "Feature",
   "geometry": {
    "type": "Point",
    "coordinates": [
     -74.88484256430348,
     36.08082385317625
    ]
   },
   "properties": {
    "confidence": 0.335,
    "snr": 6.69,
    "peak_dn": 158.0,
    "background_dn": 50.6,
    "sigma_dn": 16.04,
    "pixels": 4,
    "length_m_approx": 20.0,
    "pixel": [
     11131.5,
     13504.5
    ],
    "scene": "S1A_IW_GRDH_1SDV_20240925T225812_20240925T225841_055828_06D27E_789A_COG.SAFE",
    "t": "2024-09-25T22:58:12+00:00",
    "sensor": "sentinel1-vv-cfar",
    "uncertainty_m": 10.4
   }
  },
  {
   "type": "Feature",
   "geometry": {
    "type": "Point",
    "coordinates": [
     -74.7797524266977,
     36.14285720784591
    ]
   },
   "properties": {
    "confidence": 0.334,
    "snr": 6.68,
    "peak_dn": 183.0,
    "background_dn": 60.8,
    "sigma_dn": 18.3,
    "pixels": 2,
    "length_m_approx": 14.1,
    "pixel": [
     12185.0,
     14008.5
    ],
    "scene": "S1A_IW_GRDH_1SDV_20240925T225812_20240925T225841_055828_06D27E_789A_COG.SAFE",
    "t": "2024-09-25T22:58:12+00:00",
    "sensor": "sentinel1-vv-cfar",
    "uncertainty_m": 7.6
   }
  },
  {
   "type": "Feature",
   "geometry": {
    "type": "Point",
    "coordinates": [
     -74.79685926343039,
     36.162068125604065
    ]
   },
   "properties": {
    "confidence": 0.332,
    "snr": 6.64,
    "peak_dn": 167.0,
    "background_dn": 55.7,
    "sigma_dn": 16.76,
    "pixels": 3,
    "length_m_approx": 17.3,
    "pixel": [
     12071.3,
     14241.7
    ],
    "scene": "S1A_IW_GRDH_1SDV_20240925T225812_20240925T225841_055828_06D27E_789A_COG.SAFE",
    "t": "2024-09-25T22:58:12+00:00",
    "sensor": "sentinel1-vv-cfar",
    "uncertainty_m": 9.1
   }
  },
  {
   "type": "Feature",
   "geometry": {
    "type": "Point",
    "coordinates": [
     -74.86758119560508,
     36.099788392782905
    ]
   },
   "properties": {
    "confidence": 0.332,
    "snr": 6.64,
    "peak_dn": 146.0,
    "background_dn": 47.4,
    "sigma_dn": 14.85,
    "pixels": 2,
    "length_m_approx": 14.1,
    "pixel": [
     11322.0,
     13681.5
    ],
    "scene": "S1A_IW_GRDH_1SDV_20240925T225812_20240925T225841_055828_06D27E_789A_COG.SAFE",
    "t": "2024-09-25T22:58:12+00:00",
    "sensor": "sentinel1-vv-cfar",
    "uncertainty_m": 7.6
   }
  },
  {
   "type": "Feature",
   "geometry": {
    "type": "Point",
    "coordinates": [
     -74.94593059544898,
     36.06767093901822
    ]
   },
   "properties": {
    "confidence": 0.33,
    "snr": 6.59,
    "peak_dn": 124.0,
    "background_dn": 40.9,
    "sigma_dn": 12.61,
    "pixels": 2,
    "length_m_approx": 14.1,
    "pixel": [
     10564.0,
     13458.5
    ],
    "scene": "S1A_IW_GRDH_1SDV_20240925T225812_20240925T225841_055828_06D27E_789A_COG.SAFE",
    "t": "2024-09-25T22:58:12+00:00",
    "sensor": "sentinel1-vv-cfar",
    "uncertainty_m": 7.6
   }
  },
  {
   "type": "Feature",
   "geometry": {
    "type": "Point",
    "coordinates": [
     -74.92168439763259,
     36.07226125244282
    ]
   },
   "properties": {
    "confidence": 0.329,
    "snr": 6.57,
    "peak_dn": 151.0,
    "background_dn": 48.4,
    "sigma_dn": 15.61,
    "pixels": 3,
    "length_m_approx": 17.3,
    "pixel": [
     10788.0,
     13470.0
    ],
    "scene": "S1A_IW_GRDH_1SDV_20240925T225812_20240925T225841_055828_06D27E_789A_COG.SAFE",
    "t": "2024-09-25T22:58:12+00:00",
    "sensor": "sentinel1-vv-cfar",
    "uncertainty_m": 9.1
   }
  },
  {
   "type": "Feature",
   "geometry": {
    "type": "Point",
    "coordinates": [
     -74.86005304724547,
     36.09959646408587
    ]
   },
   "properties": {
    "confidence": 0.326,
    "snr": 6.51,
    "peak_dn": 144.0,
    "background_dn": 48.6,
    "sigma_dn": 14.64,
    "pixels": 3,
    "length_m_approx": 17.3,
    "pixel": [
     11388.3,
     13667.7
    ],
    "scene": "S1A_IW_GRDH_1SDV_20240925T225812_20240925T225841_055828_06D27E_789A_COG.SAFE",
    "t": "2024-09-25T22:58:12+00:00",
    "sensor": "sentinel1-vv-cfar",
    "uncertainty_m": 9.1
   }
  },
  {
   "type": "Feature",
   "geometry": {
    "type": "Point",
    "coordinates": [
     -74.93560215128205,
     36.06135772858745
    ]
   },
   "properties": {
    "confidence": 0.325,
    "snr": 6.51,
    "peak_dn": 140.0,
    "background_dn": 44.6,
    "sigma_dn": 14.67,
    "pixels": 2,
    "length_m_approx": 14.1,
    "pixel": [
     10643.0,
     13374.5
    ],
    "scene": "S1A_IW_GRDH_1SDV_20240925T225812_20240925T225841_055828_06D27E_789A_COG.SAFE",
    "t": "2024-09-25T22:58:12+00:00",
    "sensor": "sentinel1-vv-cfar",
    "uncertainty_m": 7.6
   }
  },
  {
   "type": "Feature",
   "geometry": {
    "type": "Point",
    "coordinates": [
     -74.79289764016653,
     36.0689293369869
    ]
   },
   "properties": {
    "confidence": 0.325,
    "snr": 6.5,
    "peak_dn": 157.0,
    "background_dn": 52.1,
    "sigma_dn": 16.15,
    "pixels": 2,
    "length_m_approx": 14.1,
    "pixel": [
     11923.0,
     13233.5
    ],
    "scene": "S1A_IW_GRDH_1SDV_20240925T225812_20240925T225841_055828_06D27E_789A_COG.SAFE",
    "t": "2024-09-25T22:58:12+00:00",
    "sensor": "sentinel1-vv-cfar",
    "uncertainty_m": 7.6
   }
  },
  {
   "type": "Feature",
   "geometry": {
    "type": "Point",
    "coordinates": [
     -74.92080322662662,
     36.14999611670364
    ]
   },
   "properties": {
    "confidence": 0.325,
    "snr": 6.49,
    "peak_dn": 139.0,
    "background_dn": 48.6,
    "sigma_dn": 13.93,
    "pixels": 2,
    "length_m_approx": 14.1,
    "pixel": [
     10950.0,
     14304.5
    ],
    "scene": "S1A_IW_GRDH_1SDV_20240925T225812_20240925T225841_055828_06D27E_789A_COG.SAFE",
    "t": "2024-09-25T22:58:12+00:00",
    "sensor": "sentinel1-vv-cfar",
    "uncertainty_m": 7.6
   }
  },
  {
   "type": "Feature",
   "geometry": {
    "type": "Point",
    "coordinates": [
     -74.79181863997991,
     36.16589074326893
    ]
   },
   "properties": {
    "confidence": 0.324,
    "snr": 6.48,
    "peak_dn": 163.0,
    "background_dn": 55.7,
    "sigma_dn": 16.57,
    "pixels": 2,
    "length_m_approx": 14.1,
    "pixel": [
     12123.5,
     14275.0
    ],
    "scene": "S1A_IW_GRDH_1SDV_20240925T225812_20240925T225841_055828_06D27E_789A_COG.SAFE",
    "t": "2024-09-25T22:58:12+00:00",
    "sensor": "sentinel1-vv-cfar",
    "uncertainty_m": 7.6
   }
  },
  {
   "type": "Feature",
   "geometry": {
    "type": "Point",
    "coordinates": [
     -74.91404620267626,
     36.13042546497731
    ]
   },
   "properties": {
    "confidence": 0.323,
    "snr": 6.47,
    "peak_dn": 143.0,
    "background_dn": 49.0,
    "sigma_dn": 14.53,
    "pixels": 2,
    "length_m_approx": 14.1,
    "pixel": [
     10971.0,
     14083.5
    ],
    "scene": "S1A_IW_GRDH_1SDV_20240925T225812_20240925T225841_055828_06D27E_789A_COG.SAFE",
    "t": "2024-09-25T22:58:12+00:00",
    "sensor": "sentinel1-vv-cfar",
    "uncertainty_m": 7.6
   }
  },
  {
   "type": "Feature",
   "geometry": {
    "type": "Point",
    "coordinates": [
     -74.90327180335981,
     36.09865165383204
    ]
   },
   "properties": {
    "confidence": 0.323,
    "snr": 6.46,
    "peak_dn": 124.0,
    "background_dn": 40.7,
    "sigma_dn": 12.89,
    "pixels": 2,
    "length_m_approx": 14.1,
    "pixel": [
     11003.5,
     13725.0
    ],
    "scene": "S1A_IW_GRDH_1SDV_20240925T225812_20240925T225841_055828_06D27E_789A_COG.SAFE",
    "t": "2024-09-25T22:58:12+00:00",
    "sensor": "sentinel1-vv-cfar",
    "uncertainty_m": 7.6
   }
  },
  {
   "type": "Feature",
   "geometry": {
    "type": "Point",
    "coordinates": [
     -74.9332200727592,
     36.06717621006939
    ]
   },
   "properties": {
    "confidence": 0.319,
    "snr": 6.38,
    "peak_dn": 139.0,
    "background_dn": 45.8,
    "sigma_dn": 14.61,
    "pixels": 3,
    "length_m_approx": 17.3,
    "pixel": [
     10675.7,
     13433.3
    ],
    "scene": "S1A_IW_GRDH_1SDV_20240925T225812_20240925T225841_055828_06D27E_789A_COG.SAFE",
    "t": "2024-09-25T22:58:12+00:00",
    "sensor": "sentinel1-vv-cfar",
    "uncertainty_m": 9.1
   }
  },
  {
   "type": "Feature",
   "geometry": {
    "type": "Point",
    "coordinates": [
     -74.9347935333453,
     36.081084089719674
    ]
   },
   "properties": {
    "confidence": 0.319,
    "snr": 6.37,
    "peak_dn": 140.0,
    "background_dn": 45.6,
    "sigma_dn": 14.82,
    "pixels": 3,
    "length_m_approx": 17.3,
    "pixel": [
     10689.3,
     13585.3
    ],
    "scene": "S1A_IW_GRDH_1SDV_20240925T225812_20240925T225841_055828_06D27E_789A_COG.SAFE",
    "t": "2024-09-25T22:58:12+00:00",
    "sensor": "sentinel1-vv-cfar",
    "uncertainty_m": 9.1
   }
  },
  {
   "type": "Feature",
   "geometry": {
    "type": "Point",
    "coordinates": [
     -74.79151350354377,
     36.09535710831032
    ]
   },
   "properties": {
    "confidence": 0.317,
    "snr": 6.33,
    "peak_dn": 164.0,
    "background_dn": 55.9,
    "sigma_dn": 17.07,
    "pixels": 3,
    "length_m_approx": 17.3,
    "pixel": [
     11987.3,
     13515.7
    ],
    "scene": "S1A_IW_GRDH_1SDV_20240925T225812_20240925T225841_055828_06D27E_789A_COG.SAFE",
    "t": "2024-09-25T22:58:12+00:00",
    "sensor": "sentinel1-vv-cfar",
    "uncertainty_m": 9.1
   }
  },
  {
   "type": "Feature",
   "geometry": {
    "type": "Point",
    "coordinates": [
     -74.7623544373562,
     36.06701015521725
    ]
   },
   "properties": {
    "confidence": 0.316,
    "snr": 6.33,
    "peak_dn": 168.0,
    "background_dn": 57.5,
    "sigma_dn": 17.46,
    "pixels": 2,
    "length_m_approx": 14.1,
    "pixel": [
     12190.0,
     13165.5
    ],
    "scene": "S1A_IW_GRDH_1SDV_20240925T225812_20240925T225841_055828_06D27E_789A_COG.SAFE",
    "t": "2024-09-25T22:58:12+00:00",
    "sensor": "sentinel1-vv-cfar",
    "uncertainty_m": 7.6
   }
  },
  {
   "type": "Feature",
   "geometry": {
    "type": "Point",
    "coordinates": [
     -74.77962565185786,
     36.04346860346482
    ]
   },
   "properties": {
    "confidence": 0.31,
    "snr": 6.2,
    "peak_dn": 159.0,
    "background_dn": 55.1,
    "sigma_dn": 16.75,
    "pixels": 2,
    "length_m_approx": 14.1,
    "pixel": [
     11990.5,
     12939.0
    ],
    "scene": "S1A_IW_GRDH_1SDV_20240925T225812_20240925T225841_055828_06D27E_789A_COG.SAFE",
    "t": "2024-09-25T22:58:12+00:00",
    "sensor": "sentinel1-vv-cfar",
    "uncertainty_m": 7.6
   }
  },
  {
   "type": "Feature",
   "geometry": {
    "type": "Point",
    "coordinates": [
     -74.9397404699118,
     36.008037983786636
    ]
   },
   "properties": {
    "confidence": 0.307,
    "snr": 6.14,
    "peak_dn": 153.0,
    "background_dn": 54.3,
    "sigma_dn": 16.08,
    "pixels": 3,
    "length_m_approx": 17.3,
    "pixel": [
     10500.3,
     12807.7
    ],
    "scene": "S1A_IW_GRDH_1SDV_20240925T225812_20240925T225841_055828_06D27E_789A_COG.SAFE",
    "t": "2024-09-25T22:58:12+00:00",
    "sensor": "sentinel1-vv-cfar",
    "uncertainty_m": 9.1
   }
  },
  {
   "type": "Feature",
   "geometry": {
    "type": "Point",
    "coordinates": [
     -74.66176989690804,
     36.14686591370499
    ]
   },
   "properties": {
    "confidence": 0.385,
    "snr": 7.7,
    "peak_dn": 226.0,
    "background_dn": 70.0,
    "sigma_dn": 20.26,
    "pixels": 4,
    "length_m_approx": 20.0,
    "pixel": [
     13238.0,
     13869.5
    ],
    "scene": "S1A_IW_GRDH_1SDV_20240925T225812_20240925T225841_055828_06D27E_789A_COG.SAFE",
    "t": "2024-09-25T22:58:12+00:00",
    "sensor": "sentinel1-vv-cfar",
    "uncertainty_m": 10.4
   }
  },
  {
   "type": "Feature",
   "geometry": {
    "type": "Point",
    "coordinates": [
     -74.53992968241047,
     36.14436501954436
    ]
   },
   "properties": {
    "confidence": 0.378,
    "snr": 7.56,
    "peak_dn": 180.0,
    "background_dn": 57.2,
    "sigma_dn": 16.24,
    "pixels": 3,
    "length_m_approx": 17.3,
    "pixel": [
     14312.7,
     13655.7
    ],
    "scene": "S1A_IW_GRDH_1SDV_20240925T225812_20240925T225841_055828_06D27E_789A_COG.SAFE",
    "t": "2024-09-25T22:58:12+00:00",
    "sensor": "sentinel1-vv-cfar",
    "uncertainty_m": 9.1
   }
  },
  {
   "type": "Feature",
   "geometry": {
    "type": "Point",
    "coordinates": [
     -74.62438922972719,
     36.137799723138414
    ]
   },
   "properties": {
    "confidence": 0.368,
    "snr": 7.36,
    "peak_dn": 198.0,
    "background_dn": 62.9,
    "sigma_dn": 18.36,
    "pixels": 4,
    "length_m_approx": 20.0,
    "pixel": [
     13551.5,
     13714.5
    ],
    "scene": "S1A_IW_GRDH_1SDV_20240925T225812_20240925T225841_055828_06D27E_789A_COG.SAFE",
    "t": "2024-09-25T22:58:12+00:00",
    "sensor": "sentinel1-vv-cfar",
    "uncertainty_m": 10.4
   }
  },
  {
   "type": "Feature",
   "geometry": {
    "type": "Point",
    "coordinates": [
     -74.6721376696568,
     36.07792479995956
    ]
   },
   "properties": {
    "confidence": 0.364,
    "snr": 7.29,
    "peak_dn": 201.0,
    "background_dn": 64.2,
    "sigma_dn": 18.77,
    "pixels": 3,
    "length_m_approx": 17.3,
    "pixel": [
     13011.3,
     13143.3
    ],
    "scene": "S1A_IW_GRDH_1SDV_20240925T225812_20240925T225841_055828_06D27E_789A_COG.SAFE",
    "t": "2024-09-25T22:58:12+00:00",
    "sensor": "sentinel1-vv-cfar",
    "uncertainty_m": 9.1
   }
  },
  {
   "type": "Feature",
   "geometry": {
    "type": "Point",
    "coordinates": [
     -74.65270882895884,
     36.15517121652984
    ]
   },
   "properties": {
    "confidence": 0.361,
    "snr": 7.23,
    "peak_dn": 214.0,
    "background_dn": 67.3,
    "sigma_dn": 20.29,
    "pixels": 2,
    "length_m_approx": 14.1,
    "pixel": [
     13334.5,
     13945.0
    ],
    "scene": "S1A_IW_GRDH_1SDV_20240925T225812_20240925T225841_055828_06D27E_789A_COG.SAFE",
    "t": "2024-09-25T22:58:12+00:00",
    "sensor": "sentinel1-vv-cfar",
    "uncertainty_m": 7.6
   }
  },
  {
   "type": "Feature",
   "geometry": {
    "type": "Point",
    "coordinates": [
     -74.65751839065578,
     36.166746857533255
    ]
   },
   "properties": {
    "confidence": 0.355,
    "snr": 7.1,
    "peak_dn": 209.0,
    "background_dn": 68.0,
    "sigma_dn": 19.88,
    "pixels": 2,
    "length_m_approx": 14.1,
    "pixel": [
     13314.5,
     14077.0
    ],
    "scene": "S1A_IW_GRDH_1SDV_20240925T225812_20240925T225841_055828_06D27E_789A_COG.SAFE",
    "t": "2024-09-25T22:58:12+00:00",
    "sensor": "sentinel1-vv-cfar",
    "uncertainty_m": 7.6
   }
  },
  {
   "type": "Feature",
   "geometry": {
    "type": "Point",
    "coordinates": [
     -74.68585741768493,
     36.101064986121116
    ]
   },
   "properties": {
    "confidence": 0.352,
    "snr": 7.03,
    "peak_dn": 208.0,
    "background_dn": 66.7,
    "sigma_dn": 20.09,
    "pixels": 2,
    "length_m_approx": 14.1,
    "pixel": [
     12935.0,
     13413.5
    ],
    "scene": "S1A_IW_GRDH_1SDV_20240925T225812_20240925T225841_055828_06D27E_789A_COG.SAFE",
    "t": "2024-09-25T22:58:12+00:00",
    "sensor": "sentinel1-vv-cfar",
    "uncertainty_m": 7.6
   }
  },
  {
   "type": "Feature",
   "geometry": {
    "type": "Point",
    "coordinates": [
     -74.63831412011743,
     36.00701133662349
    ]
   },
   "properties": {
    "confidence": 0.348,
    "snr": 6.97,
    "peak_dn": 181.0,
    "background_dn": 58.6,
    "sigma_dn": 17.57,
    "pixels": 2,
    "length_m_approx": 14.1,
    "pixel": [
     13172.5,
     12328.0
    ],
    "scene": "S1A_IW_GRDH_1SDV_20240925T225812_20240925T225841_055828_06D27E_789A_COG.SAFE",
    "t": "2024-09-25T22:58:12+00:00",
    "sensor": "sentinel1-vv-cfar",
    "uncertainty_m": 7.6
   }
  },
  {
   "type": "Feature",
   "geometry": {
    "type": "Point",
    "coordinates": [
     -74.56342094418623,
     36.1173406066213
    ]
   },
   "properties": {
    "confidence": 0.348,
    "snr": 6.95,
    "peak_dn": 167.0,
    "background_dn": 55.3,
    "sigma_dn": 16.07,
    "pixels": 2,
    "length_m_approx": 14.1,
    "pixel": [
     14052.0,
     13400.5
    ],
    "scene": "S1A_IW_GRDH_1SDV_20240925T225812_20240925T225841_055828_06D27E_789A_COG.SAFE",
    "t": "2024-09-25T22:58:12+00:00",
    "sensor": "sentinel1-vv-cfar",
    "uncertainty_m": 7.6
   }
  },
  {
   "type": "Feature",
   "geometry": {
    "type": "Point",
    "coordinates": [
     -74.57639421319567,
     36.04443224871034
    ]
   },
   "properties": {
    "confidence": 0.34,
    "snr": 6.79,
    "peak_dn": 171.0,
    "background_dn": 57.8,
    "sigma_dn": 16.67,
    "pixels": 2,
    "length_m_approx": 14.1,
    "pixel": [
     13795.0,
     12635.5
    ],
    "scene": "S1A_IW_GRDH_1SDV_20240925T225812_20240925T225841_055828_06D27E_789A_COG.SAFE",
    "t": "2024-09-25T22:58:12+00:00",
    "sensor": "sentinel1-vv-cfar",
    "uncertainty_m": 7.6
   }
  },
  {
   "type": "Feature",
   "geometry": {
    "type": "Point",
    "coordinates": [
     -74.57368386001563,
     36.15409535551964
    ]
   },
   "properties": {
    "confidence": 0.338,
    "snr": 6.76,
    "peak_dn": 168.0,
    "background_dn": 56.4,
    "sigma_dn": 16.5,
    "pixels": 2,
    "length_m_approx": 14.1,
    "pixel": [
     14032.5,
     13812.0
    ],
    "scene": "S1A_IW_GRDH_1SDV_20240925T225812_20240925T225841_055828_06D27E_789A_COG.SAFE",
    "t": "2024-09-25T22:58:12+00:00",
    "sensor": "sentinel1-vv-cfar",
    "uncertainty_m": 7.6
   }
  },
  {
   "type": "Feature",
   "geometry": {
    "type": "Point",
    "coordinates": [
     -74.59890139139131,
     36.07706986938577
    ]
   },
   "properties": {
    "confidence": 0.338,
    "snr": 6.76,
    "peak_dn": 170.0,
    "background_dn": 58.1,
    "sigma_dn": 16.55,
    "pixels": 2,
    "length_m_approx": 14.1,
    "pixel": [
     13659.0,
     13021.5
    ],
    "scene": "S1A_IW_GRDH_1SDV_20240925T225812_20240925T225841_055828_06D27E_789A_COG.SAFE",
    "t": "2024-09-25T22:58:12+00:00",
    "sensor": "sentinel1-vv-cfar",
    "uncertainty_m": 7.6
   }
  },
  {
   "type": "Feature",
   "geometry": {
    "type": "Point",
    "coordinates": [
     -74.56999097790104,
     36.171477089035044
    ]
   },
   "properties": {
    "confidence": 0.333,
    "snr": 6.66,
    "peak_dn": 178.0,
    "background_dn": 59.4,
    "sigma_dn": 17.82,
    "pixels": 2,
    "length_m_approx": 14.1,
    "pixel": [
     14099.0,
     13993.5
    ],
    "scene": "S1A_IW_GRDH_1SDV_20240925T225812_20240925T225841_055828_06D27E_789A_COG.SAFE",
    "t": "2024-09-25T22:58:12+00:00",
    "sensor": "sentinel1-vv-cfar",
    "uncertainty_m": 7.6
   }
  },
  {
   "type": "Feature",
   "geometry": {
    "type": "Point",
    "coordinates": [
     -74.70325882744461,
     36.10424151458925
    ]
   },
   "properties": {
    "confidence": 0.333,
    "snr": 6.66,
    "peak_dn": 208.0,
    "background_dn": 69.0,
    "sigma_dn": 20.88,
    "pixels": 2,
    "length_m_approx": 14.1,
    "pixel": [
     12787.0,
     13474.5
    ],
    "scene": "S1A_IW_GRDH_1SDV_20240925T225812_20240925T225841_055828_06D27E_789A_COG.SAFE",
    "t": "2024-09-25T22:58:12+00:00",
    "sensor": "sentinel1-vv-cfar",
    "uncertainty_m": 7.6
   }
  },
  {
   "type": "Feature",
   "geometry": {
    "type": "Point",
    "coordinates": [
     -74.55440488496247,
     36.15067177647932
    ]
   },
   "properties": {
    "confidence": 0.325,
    "snr": 6.49,
    "peak_dn": 161.0,
    "background_dn": 56.8,
    "sigma_dn": 16.04,
    "pixels": 3,
    "length_m_approx": 17.3,
    "pixel": [
     14196.7,
     13745.7
    ],
    "scene": "S1A_IW_GRDH_1SDV_20240925T225812_20240925T225841_055828_06D27E_789A_COG.SAFE",
    "t": "2024-09-25T22:58:12+00:00",
    "sensor": "sentinel1-vv-cfar",
    "uncertainty_m": 9.1
   }
  },
  {
   "type": "Feature",
   "geometry": {
    "type": "Point",
    "coordinates": [
     -74.74790031428049,
     36.101529728096715
    ]
   },
   "properties": {
    "confidence": 0.324,
    "snr": 6.48,
    "peak_dn": 202.0,
    "background_dn": 68.2,
    "sigma_dn": 20.64,
    "pixels": 2,
    "length_m_approx": 14.1,
    "pixel": [
     12386.0,
     13514.5
    ],
    "scene": "S1A_IW_GRDH_1SDV_20240925T225812_20240925T225841_055828_06D27E_789A_COG.SAFE",
    "t": "2024-09-25T22:58:12+00:00",
    "sensor": "sentinel1-vv-cfar",
    "uncertainty_m": 7.6
   }
  },
  {
   "type": "Feature",
   "geometry": {
    "type": "Point",
    "coordinates": [
     -74.71167866271261,
     36.16018073861059
    ]
   },
   "properties": {
    "confidence": 0.321,
    "snr": 6.43,
    "peak_dn": 203.0,
    "background_dn": 70.8,
    "sigma_dn": 20.55,
    "pixels": 2,
    "length_m_approx": 14.1,
    "pixel": [
     12822.0,
     14089.5
    ],
    "scene": "S1A_IW_GRDH_1SDV_20240925T225812_20240925T225841_055828_06D27E_789A_COG.SAFE",
    "t": "2024-09-25T22:58:12+00:00",
    "sensor": "sentinel1-vv-cfar",
    "uncertainty_m": 7.6
   }
  },
  {
   "type": "Feature",
   "geometry": {
    "type": "Point",
    "coordinates": [
     -74.74521505794971,
     36.055585415915985
    ]
   },
   "properties": {
    "confidence": 0.32,
    "snr": 6.4,
    "peak_dn": 178.0,
    "background_dn": 58.2,
    "sigma_dn": 18.73,
    "pixels": 2,
    "length_m_approx": 14.1,
    "pixel": [
     12319.5,
     13016.0
    ],
    "scene": "S1A_IW_GRDH_1SDV_20240925T225812_20240925T225841_055828_06D27E_789A_COG.SAFE",
    "t": "2024-09-25T22:58:12+00:00",
    "sensor": "sentinel1-vv-cfar",
    "uncertainty_m": 7.6
   }
  },
  {
   "type": "Feature",
   "geometry": {
    "type": "Point",
    "coordinates": [
     -74.61685402525973,
     36.02341128064048
    ]
   },
   "properties": {
    "confidence": 0.317,
    "snr": 6.34,
    "peak_dn": 166.0,
    "background_dn": 57.8,
    "sigma_dn": 17.05,
    "pixels": 2,
    "length_m_approx": 14.1,
    "pixel": [
     13395.0,
     12471.5
    ],
    "scene": "S1A_IW_GRDH_1SDV_20240925T225812_20240925T225841_055828_06D27E_789A_COG.SAFE",
    "t": "2024-09-25T22:58:12+00:00",
    "sensor": "sentinel1-vv-cfar",
    "uncertainty_m": 7.6
   }
  },
  {
   "type": "Feature",
   "geometry": {
    "type": "Point",
    "coordinates": [
     -74.71641739654038,
     36.06888969996649
    ]
   },
   "properties": {
    "confidence": 0.317,
    "snr": 6.33,
    "peak_dn": 176.0,
    "background_dn": 61.1,
    "sigma_dn": 18.15,
    "pixels": 2,
    "length_m_approx": 14.1,
    "pixel": [
     12601.0,
     13114.5
    ],
    "scene": "S1A_IW_GRDH_1SDV_20240925T225812_20240925T225841_055828_06D27E_789A_COG.SAFE",
    "t": "2024-09-25T22:58:12+00:00",
    "sensor": "sentinel1-vv-cfar",
    "uncertainty_m": 7.6
   }
  },
  {
   "type": "Feature",
   "geometry": {
    "type": "Point",
    "coordinates": [
     -74.66249748494374,
     36.1737006112171
    ]
   },
   "properties": {
    "confidence": 0.316,
    "snr": 6.32,
    "peak_dn": 186.0,
    "background_dn": 66.5,
    "sigma_dn": 18.9,
    "pixels": 2,
    "length_m_approx": 14.1,
    "pixel": [
     13284.0,
     14159.5
    ],
    "scene": "S1A_IW_GRDH_1SDV_20240925T225812_20240925T225841_055828_06D27E_789A_COG.SAFE",
    "t": "2024-09-25T22:58:12+00:00",
    "sensor": "sentinel1-vv-cfar",
    "uncertainty_m": 7.6
   }
  },
  {
   "type": "Feature",
   "geometry": {
    "type": "Point",
    "coordinates": [
     -74.71564702140708,
     36.02942416867194
    ]
   },
   "properties": {
    "confidence": 0.316,
    "snr": 6.31,
    "peak_dn": 175.0,
    "background_dn": 54.6,
    "sigma_dn": 19.08,
    "pixels": 3,
    "length_m_approx": 17.3,
    "pixel": [
     12530.3,
     12688.7
    ],
    "scene": "S1A_IW_GRDH_1SDV_20240925T225812_20240925T225841_055828_06D27E_789A_COG.SAFE",
    "t": "2024-09-25T22:58:12+00:00",
    "sensor": "sentinel1-vv-cfar",
    "uncertainty_m": 9.1
   }
  },
  {
   "type": "Feature",
   "geometry": {
    "type": "Point",
    "coordinates": [
     -74.71690057245274,
     36.14934815367297
    ]
   },
   "properties": {
    "confidence": 0.313,
    "snr": 6.25,
    "peak_dn": 198.0,
    "background_dn": 70.3,
    "sigma_dn": 20.42,
    "pixels": 2,
    "length_m_approx": 14.1,
    "pixel": [
     12754.5,
     13981.0
    ],
    "scene": "S1A_IW_GRDH_1SDV_20240925T225812_20240925T225841_055828_06D27E_789A_COG.SAFE",
    "t": "2024-09-25T22:58:12+00:00",
    "sensor": "sentinel1-vv-cfar",
    "uncertainty_m": 7.6
   }
  },
  {
   "type": "Feature",
   "geometry": {
    "type": "Point",
    "coordinates": [
     -74.58582131679644,
     36.19624793634549
    ]
   },
   "properties": {
    "confidence": 0.312,
    "snr": 6.24,
    "peak_dn": 166.0,
    "background_dn": 59.8,
    "sigma_dn": 17.02,
    "pixels": 2,
    "length_m_approx": 14.1,
    "pixel": [
     14007.0,
     14284.5
    ],
    "scene": "S1A_IW_GRDH_1SDV_20240925T225812_20240925T225841_055828_06D27E_789A_COG.SAFE",
    "t": "2024-09-25T22:58:12+00:00",
    "sensor": "sentinel1-vv-cfar",
    "uncertainty_m": 7.6
   }
  },
  {
   "type": "Feature",
   "geometry": {
    "type": "Point",
    "coordinates": [
     -74.62537901822311,
     36.18024936009977
    ]
   },
   "properties": {
    "confidence": 0.312,
    "snr": 6.23,
    "peak_dn": 185.0,
    "background_dn": 64.9,
    "sigma_dn": 19.26,
    "pixels": 2,
    "length_m_approx": 14.1,
    "pixel": [
     13625.5,
     14173.0
    ],
    "scene": "S1A_IW_GRDH_1SDV_20240925T225812_20240925T225841_055828_06D27E_789A_COG.SAFE",
    "t": "2024-09-25T22:58:12+00:00",
    "sensor": "sentinel1-vv-cfar",
    "uncertainty_m": 7.6
   }
  },
  {
   "type": "Feature",
   "geometry": {
    "type": "Point",
    "coordinates": [
     -74.7170547591852,
     36.018564546306806
    ]
   },
   "properties": {
    "confidence": 0.307,
    "snr": 6.13,
    "peak_dn": 157.0,
    "background_dn": 54.5,
    "sigma_dn": 16.71,
    "pixels": 2,
    "length_m_approx": 14.1,
    "pixel": [
     12496.5,
     12574.0
    ],
    "scene": "S1A_IW_GRDH_1SDV_20240925T225812_20240925T225841_055828_06D27E_789A_COG.SAFE",
    "t": "2024-09-25T22:58:12+00:00",
    "sensor": "sentinel1-vv-cfar",
    "uncertainty_m": 7.6
   }
  },
  {
   "type": "Feature",
   "geometry": {
    "type": "Point",
    "coordinates": [
     -74.50573486352464,
     36.05164206563413
    ]
   },
   "properties": {
    "confidence": 0.95,
    "snr": 40.8,
    "peak_dn": 615.0,
    "background_dn": 46.0,
    "sigma_dn": 13.95,
    "pixels": 54,
    "length_m_approx": 73.5,
    "pixel": [
     14435.9,
     12604.9
    ],
    "scene": "S1A_IW_GRDH_1SDV_20240925T225812_20240925T225841_055828_06D27E_789A_COG.SAFE",
    "t": "2024-09-25T22:58:12+00:00",
    "sensor": "sentinel1-vv-cfar",
    "uncertainty_m": 36.8
   }
  },
  {
   "type": "Feature",
   "geometry": {
    "type": "Point",
    "coordinates": [
     -74.5146346016272,
     36.09315513393584
    ]
   },
   "properties": {
    "confidence": 0.471,
    "snr": 9.42,
    "peak_dn": 199.0,
    "background_dn": 53.0,
    "sigma_dn": 15.49,
    "pixels": 8,
    "length_m_approx": 28.3,
    "pixel": [
     14437.5,
     13065.6
    ],
    "scene": "S1A_IW_GRDH_1SDV_20240925T225812_20240925T225841_055828_06D27E_789A_COG.SAFE",
    "t": "2024-09-25T22:58:12+00:00",
    "sensor": "sentinel1-vv-cfar",
    "uncertainty_m": 14.4
   }
  },
  {
   "type": "Feature",
   "geometry": {
    "type": "Point",
    "coordinates": [
     -74.40784857483797,
     36.068899597734
    ]
   },
   "properties": {
    "confidence": 0.414,
    "snr": 8.28,
    "peak_dn": 175.0,
    "background_dn": 52.5,
    "sigma_dn": 14.8,
    "pixels": 3,
    "length_m_approx": 17.3,
    "pixel": [
     15337.7,
     12641.3
    ],
    "scene": "S1A_IW_GRDH_1SDV_20240925T225812_20240925T225841_055828_06D27E_789A_COG.SAFE",
    "t": "2024-09-25T22:58:12+00:00",
    "sensor": "sentinel1-vv-cfar",
    "uncertainty_m": 9.1
   }
  },
  {
   "type": "Feature",
   "geometry": {
    "type": "Point",
    "coordinates": [
     -74.51774916220413,
     36.13755152226711
    ]
   },
   "properties": {
    "confidence": 0.393,
    "snr": 7.86,
    "peak_dn": 205.0,
    "background_dn": 62.0,
    "sigma_dn": 18.19,
    "pixels": 2,
    "length_m_approx": 14.1,
    "pixel": [
     14496.0,
     13548.5
    ],
    "scene": "S1A_IW_GRDH_1SDV_20240925T225812_20240925T225841_055828_06D27E_789A_COG.SAFE",
    "t": "2024-09-25T22:58:12+00:00",
    "sensor": "sentinel1-vv-cfar",
    "uncertainty_m": 7.6
   }
  },
  {
   "type": "Feature",
   "geometry": {
    "type": "Point",
    "coordinates": [
     -74.44941244678189,
     36.062978413955285
    ]
   },
   "properties": {
    "confidence": 0.385,
    "snr": 7.7,
    "peak_dn": 162.0,
    "background_dn": 50.1,
    "sigma_dn": 14.53,
    "pixels": 6,
    "length_m_approx": 24.5,
    "pixel": [
     14957.5,
     12641.0
    ],
    "scene": "S1A_IW_GRDH_1SDV_20240925T225812_20240925T225841_055828_06D27E_789A_COG.SAFE",
    "t": "2024-09-25T22:58:12+00:00",
    "sensor": "sentinel1-vv-cfar",
    "uncertainty_m": 12.5
   }
  },
  {
   "type": "Feature",
   "geometry": {
    "type": "Point",
    "coordinates": [
     -74.50551446971926,
     36.14283024394371
    ]
   },
   "properties": {
    "confidence": 0.375,
    "snr": 7.51,
    "peak_dn": 180.0,
    "background_dn": 56.3,
    "sigma_dn": 16.48,
    "pixels": 3,
    "length_m_approx": 17.3,
    "pixel": [
     14614.7,
     13586.7
    ],
    "scene": "S1A_IW_GRDH_1SDV_20240925T225812_20240925T225841_055828_06D27E_789A_COG.SAFE",
    "t": "2024-09-25T22:58:12+00:00",
    "sensor": "sentinel1-vv-cfar",
    "uncertainty_m": 9.1
   }
  },
  {
   "type": "Feature",
   "geometry": {
    "type": "Point",
    "coordinates": [
     -74.48094157024057,
     36.165166088364884
    ]
   },
   "properties": {
    "confidence": 0.371,
    "snr": 7.43,
    "peak_dn": 173.0,
    "background_dn": 55.7,
    "sigma_dn": 15.79,
    "pixels": 5,
    "length_m_approx": 22.4,
    "pixel": [
     14875.6,
     13789.8
    ],
    "scene": "S1A_IW_GRDH_1SDV_20240925T225812_20240925T225841_055828_06D27E_789A_COG.SAFE",
    "t": "2024-09-25T22:58:12+00:00",
    "sensor": "sentinel1-vv-cfar",
    "uncertainty_m": 11.5
   }
  },
  {
   "type": "Feature",
   "geometry": {
    "type": "Point",
    "coordinates": [
     -74.51582404207895,
     36.19360923138198
    ]
   },
   "properties": {
    "confidence": 0.369,
    "snr": 7.37,
    "peak_dn": 178.0,
    "background_dn": 55.7,
    "sigma_dn": 16.59,
    "pixels": 3,
    "length_m_approx": 17.3,
    "pixel": [
     14621.7,
     14149.3
    ],
    "scene": "S1A_IW_GRDH_1SDV_20240925T225812_20240925T225841_055828_06D27E_789A_COG.SAFE",
    "t": "2024-09-25T22:58:12+00:00",
    "sensor": "sentinel1-vv-cfar",
    "uncertainty_m": 9.1
   }
  },
  {
   "type": "Feature",
   "geometry": {
    "type": "Point",
    "coordinates": [
     -74.42429537441402,
     36.10111908136301
    ]
   },
   "properties": {
    "confidence": 0.366,
    "snr": 7.33,
    "peak_dn": 159.0,
    "background_dn": 51.5,
    "sigma_dn": 14.68,
    "pixels": 2,
    "length_m_approx": 14.1,
    "pixel": [
     15254.0,
     13013.5
    ],
    "scene": "S1A_IW_GRDH_1SDV_20240925T225812_20240925T225841_055828_06D27E_789A_COG.SAFE",
    "t": "2024-09-25T22:58:12+00:00",
    "sensor": "sentinel1-vv-cfar",
    "uncertainty_m": 7.6
   }
  },
  {
   "type": "Feature",
   "geometry": {
    "type": "Point",
    "coordinates": [
     -74.5177599580917,
     36.13708502457324
    ]
   },
   "properties": {
    "confidence": 0.363,
    "snr": 7.27,
    "peak_dn": 194.0,
    "background_dn": 62.1,
    "sigma_dn": 18.16,
    "pixels": 2,
    "length_m_approx": 14.1,
    "pixel": [
     14495.0,
     13543.5
    ],
    "scene": "S1A_IW_GRDH_1SDV_20240925T225812_20240925T225841_055828_06D27E_789A_COG.SAFE",
    "t": "2024-09-25T22:58:12+00:00",
    "sensor": "sentinel1-vv-cfar",
    "uncertainty_m": 7.6
   }
  },
  {
   "type": "Feature",
   "geometry": {
    "type": "Point",
    "coordinates": [
     -74.42016824918936,
     36.2131190615183
    ]
   },
   "properties": {
    "confidence": 0.358,
    "snr": 7.16,
    "peak_dn": 197.0,
    "background_dn": 62.1,
    "sigma_dn": 18.84,
    "pixels": 2,
    "length_m_approx": 14.1,
    "pixel": [
     15506.5,
     14214.0
    ],
    "scene": "S1A_IW_GRDH_1SDV_20240925T225812_20240925T225841_055828_06D27E_789A_COG.SAFE",
    "t": "2024-09-25T22:58:12+00:00",
    "sensor": "sentinel1-vv-cfar",
    "uncertainty_m": 7.6
   }
  },
  {
   "type": "Feature",
   "geometry": {
    "type": "Point",
    "coordinates": [
     -74.42403020639574,
     36.11285184983429
    ]
   },
   "properties": {
    "confidence": 0.353,
    "snr": 7.07,
    "peak_dn": 160.0,
    "background_dn": 53.1,
    "sigma_dn": 15.12,
    "pixels": 2,
    "length_m_approx": 14.1,
    "pixel": [
     15279.0,
     13139.5
    ],
    "scene": "S1A_IW_GRDH_1SDV_20240925T225812_20240925T225841_055828_06D27E_789A_COG.SAFE",
    "t": "2024-09-25T22:58:12+00:00",
    "sensor": "sentinel1-vv-cfar",
    "uncertainty_m": 7.6
   }
  },
  {
   "type": "Feature",
   "geometry": {
    "type": "Point",
    "coordinates": [
     -74.51585620421858,
     36.192024019551496
    ]
   },
   "properties": {
    "confidence": 0.35,
    "snr": 7.0,
    "peak_dn": 172.0,
    "background_dn": 56.0,
    "sigma_dn": 16.57,
    "pixels": 3,
    "length_m_approx": 17.3,
    "pixel": [
     14618.3,
     14132.3
    ],
    "scene": "S1A_IW_GRDH_1SDV_20240925T225812_20240925T225841_055828_06D27E_789A_COG.SAFE",
    "t": "2024-09-25T22:58:12+00:00",
    "sensor": "sentinel1-vv-cfar",
    "uncertainty_m": 9.1
   }
  },
  {
   "type": "Feature",
   "geometry": {
    "type": "Point",
    "coordinates": [
     -74.38240520030352,
     36.07258965349472
    ]
   },
   "properties": {
    "confidence": 0.345,
    "snr": 6.89,
    "peak_dn": 154.0,
    "background_dn": 53.0,
    "sigma_dn": 14.66,
    "pixels": 4,
    "length_m_approx": 20.0,
    "pixel": [
     15570.5,
     12642.5
    ],
    "scene": "S1A_IW_GRDH_1SDV_20240925T225812_20240925T225841_055828_06D27E_789A_COG.SAFE",
    "t": "2024-09-25T22:58:12+00:00",
    "sensor": "sentinel1-vv-cfar",
    "uncertainty_m": 10.4
   }
  },
  {
   "type": "Feature",
   "geometry": {
    "type": "Point",
    "coordinates": [
     -74.33607193196232,
     36.14650715327132
    ]
   },
   "properties": {
    "confidence": 0.345,
    "snr": 6.89,
    "peak_dn": 178.0,
    "background_dn": 59.7,
    "sigma_dn": 17.17,
    "pixels": 2,
    "length_m_approx": 14.1,
    "pixel": [
     16123.5,
     13369.0
    ],
    "scene": "S1A_IW_GRDH_1SDV_20240925T225812_20240925T225841_055828_06D27E_789A_COG.SAFE",
    "t": "2024-09-25T22:58:12+00:00",
    "sensor": "sentinel1-vv-cfar",
    "uncertainty_m": 7.6
   }
  },
  {
   "type": "Feature",
   "geometry": {
    "type": "Point",
    "coordinates": [
     -74.35042298363774,
     36.14922522743593
    ]
   },
   "properties": {
    "confidence": 0.344,
    "snr": 6.87,
    "peak_dn": 181.0,
    "background_dn": 61.0,
    "sigma_dn": 17.45,
    "pixels": 2,
    "length_m_approx": 14.1,
    "pixel": [
     16001.5,
     13420.0
    ],
    "scene": "S1A_IW_GRDH_1SDV_20240925T225812_20240925T225841_055828_06D27E_789A_COG.SAFE",
    "t": "2024-09-25T22:58:12+00:00",
    "sensor": "sentinel1-vv-cfar",
    "uncertainty_m": 7.6
   }
  },
  {
   "type": "Feature",
   "geometry": {
    "type": "Point",
    "coordinates": [
     -74.4665533879968,
     36.19937435579479
    ]
   },
   "properties": {
    "confidence": 0.34,
    "snr": 6.81,
    "peak_dn": 183.0,
    "background_dn": 59.3,
    "sigma_dn": 18.18,
    "pixels": 5,
    "length_m_approx": 22.4,
    "pixel": [
     15069.2,
     14136.4
    ],
    "scene": "S1A_IW_GRDH_1SDV_20240925T225812_20240925T225841_055828_06D27E_789A_COG.SAFE",
    "t": "2024-09-25T22:58:12+00:00",
    "sensor": "sentinel1-vv-cfar",
    "uncertainty_m": 11.5
   }
  },
  {
   "type": "Feature",
   "geometry": {
    "type": "Point",
    "coordinates": [
     -74.3654815513575,
     36.104476314140356
    ]
   },
   "properties": {
    "confidence": 0.338,
    "snr": 6.76,
    "peak_dn": 169.0,
    "background_dn": 57.4,
    "sigma_dn": 16.51,
    "pixels": 2,
    "length_m_approx": 14.1,
    "pixel": [
     15782.0,
     12960.5
    ],
    "scene": "S1A_IW_GRDH_1SDV_20240925T225812_20240925T225841_055828_06D27E_789A_COG.SAFE",
    "t": "2024-09-25T22:58:12+00:00",
    "sensor": "sentinel1-vv-cfar",
    "uncertainty_m": 7.6
   }
  },
  {
   "type": "Feature",
   "geometry": {
    "type": "Point",
    "coordinates": [
     -74.31669706029348,
     36.128119526351284
    ]
   },
   "properties": {
    "confidence": 0.336,
    "snr": 6.72,
    "peak_dn": 174.0,
    "background_dn": 60.1,
    "sigma_dn": 16.95,
    "pixels": 2,
    "length_m_approx": 14.1,
    "pixel": [
     16260.0,
     13141.5
    ],
    "scene": "S1A_IW_GRDH_1SDV_20240925T225812_20240925T225841_055828_06D27E_789A_COG.SAFE",
    "t": "2024-09-25T22:58:12+00:00",
    "sensor": "sentinel1-vv-cfar",
    "uncertainty_m": 7.6
   }
  },
  {
   "type": "Feature",
   "geometry": {
    "type": "Point",
    "coordinates": [
     -74.43819878178832,
     36.19799431438851
    ]
   },
   "properties": {
    "confidence": 0.335,
    "snr": 6.7,
    "peak_dn": 191.0,
    "background_dn": 63.6,
    "sigma_dn": 19.0,
    "pixels": 3,
    "length_m_approx": 17.3,
    "pixel": [
     15317.7,
     14078.3
    ],
    "scene": "S1A_IW_GRDH_1SDV_20240925T225812_20240925T225841_055828_06D27E_789A_COG.SAFE",
    "t": "2024-09-25T22:58:12+00:00",
    "sensor": "sentinel1-vv-cfar",
    "uncertainty_m": 9.1
   }
  },
  {
   "type": "Feature",
   "geometry": {
    "type": "Point",
    "coordinates": [
     -74.39343883967318,
     36.22261838702531
    ]
   },
   "properties": {
    "confidence": 0.33,
    "snr": 6.61,
    "peak_dn": 170.0,
    "background_dn": 57.8,
    "sigma_dn": 16.98,
    "pixels": 2,
    "length_m_approx": 14.1,
    "pixel": [
     15761.5,
     14276.0
    ],
    "scene": "S1A_IW_GRDH_1SDV_20240925T225812_20240925T225841_055828_06D27E_789A_COG.SAFE",
    "t": "2024-09-25T22:58:12+00:00",
    "sensor": "sentinel1-vv-cfar",
    "uncertainty_m": 7.6
   }
  },
  {
   "type": "Feature",
   "geometry": {
    "type": "Point",
    "coordinates": [
     -74.4140180444949,
     36.06219367133443
    ]
   },
   "properties": {
    "confidence": 0.33,
    "snr": 6.6,
    "peak_dn": 153.0,
    "background_dn": 53.6,
    "sigma_dn": 15.07,
    "pixels": 2,
    "length_m_approx": 14.1,
    "pixel": [
     15270.0,
     12578.5
    ],
    "scene": "S1A_IW_GRDH_1SDV_20240925T225812_20240925T225841_055828_06D27E_789A_COG.SAFE",
    "t": "2024-09-25T22:58:12+00:00",
    "sensor": "sentinel1-vv-cfar",
    "uncertainty_m": 7.6
   }
  },
  {
   "type": "Feature",
   "geometry": {
    "type": "Point",
    "coordinates": [
     -74.36157748497102,
     36.08024735872207
    ]
   },
   "properties": {
    "confidence": 0.329,
    "snr": 6.58,
    "peak_dn": 156.0,
    "background_dn": 54.5,
    "sigma_dn": 15.42,
    "pixels": 2,
    "length_m_approx": 14.1,
    "pixel": [
     15770.0,
     12693.5
    ],
    "scene": "S1A_IW_GRDH_1SDV_20240925T225812_20240925T225841_055828_06D27E_789A_COG.SAFE",
    "t": "2024-09-25T22:58:12+00:00",
    "sensor": "sentinel1-vv-cfar",
    "uncertainty_m": 7.6
   }
  },
  {
   "type": "Feature",
   "geometry": {
    "type": "Point",
    "coordinates": [
     -74.3479930354848,
     36.20287076462651
    ]
   },
   "properties": {
    "confidence": 0.314,
    "snr": 6.27,
    "peak_dn": 180.0,
    "background_dn": 63.2,
    "sigma_dn": 18.63,
    "pixels": 2,
    "length_m_approx": 14.1,
    "pixel": [
     16126.0,
     13994.5
    ],
    "scene": "S1A_IW_GRDH_1SDV_20240925T225812_20240925T225841_055828_06D27E_789A_COG.SAFE",
    "t": "2024-09-25T22:58:12+00:00",
    "sensor": "sentinel1-vv-cfar",
    "uncertainty_m": 7.6
   }
  },
  {
   "type": "Feature",
   "geometry": {
    "type": "Point",
    "coordinates": [
     -74.47659465681028,
     36.12063326348661
    ]
   },
   "properties": {
    "confidence": 0.313,
    "snr": 6.25,
    "peak_dn": 160.0,
    "background_dn": 57.3,
    "sigma_dn": 16.42,
    "pixels": 2,
    "length_m_approx": 14.1,
    "pixel": [
     14828.0,
     13303.5
    ],
    "scene": "S1A_IW_GRDH_1SDV_20240925T225812_20240925T225841_055828_06D27E_789A_COG.SAFE",
    "t": "2024-09-25T22:58:12+00:00",
    "sensor": "sentinel1-vv-cfar",
    "uncertainty_m": 7.6
   }
  },
  {
   "type": "Feature",
   "geometry": {
    "type": "Point",
    "coordinates": [
     -74.37026873713346,
     36.184808705267244
    ]
   },
   "properties": {
    "confidence": 0.31,
    "snr": 6.21,
    "peak_dn": 179.0,
    "background_dn": 63.1,
    "sigma_dn": 18.66,
    "pixels": 2,
    "length_m_approx": 14.1,
    "pixel": [
     15894.0,
     13833.5
    ],
    "scene": "S1A_IW_GRDH_1SDV_20240925T225812_20240925T225841_055828_06D27E_789A_COG.SAFE",
    "t": "2024-09-25T22:58:12+00:00",
    "sensor": "sentinel1-vv-cfar",
    "uncertainty_m": 7.6
   }
  },
  {
   "type": "Feature",
   "geometry": {
    "type": "Point",
    "coordinates": [
     -74.54035614361622,
     36.18514055854361
    ]
   },
   "properties": {
    "confidence": 0.308,
    "snr": 6.17,
    "peak_dn": 164.0,
    "background_dn": 57.5,
    "sigma_dn": 17.26,
    "pixels": 2,
    "length_m_approx": 14.1,
    "pixel": [
     14388.0,
     14095.5
    ],
    "scene": "S1A_IW_GRDH_1SDV_20240925T225812_20240925T225841_055828_06D27E_789A_COG.SAFE",
    "t": "2024-09-25T22:58:12+00:00",
    "sensor": "sentinel1-vv-cfar",
    "uncertainty_m": 7.6
   }
  },
  {
   "type": "Feature",
   "geometry": {
    "type": "Point",
    "coordinates": [
     -74.42228762628743,
     36.1815961640818
    ]
   },
   "properties": {
    "confidence": 0.307,
    "snr": 6.14,
    "peak_dn": 176.0,
    "background_dn": 62.4,
    "sigma_dn": 18.52,
    "pixels": 2,
    "length_m_approx": 14.1,
    "pixel": [
     15427.0,
     13877.5
    ],
    "scene": "S1A_IW_GRDH_1SDV_20240925T225812_20240925T225841_055828_06D27E_789A_COG.SAFE",
    "t": "2024-09-25T22:58:12+00:00",
    "sensor": "sentinel1-vv-cfar",
    "uncertainty_m": 7.6
   }
  },
  {
   "type": "Feature",
   "geometry": {
    "type": "Point",
    "coordinates": [
     -74.42007825921196,
     36.14497205954977
    ]
   },
   "properties": {
    "confidence": 0.306,
    "snr": 6.11,
    "peak_dn": 164.0,
    "background_dn": 58.7,
    "sigma_dn": 17.23,
    "pixels": 2,
    "length_m_approx": 14.1,
    "pixel": [
     15376.0,
     13479.5
    ],
    "scene": "S1A_IW_GRDH_1SDV_20240925T225812_20240925T225841_055828_06D27E_789A_COG.SAFE",
    "t": "2024-09-25T22:58:12+00:00",
    "sensor": "sentinel1-vv-cfar",
    "uncertainty_m": 7.6
   }
  },
  {
   "type": "Feature",
   "geometry": {
    "type": "Point",
    "coordinates": [
     -74.1738409143423,
     36.23156464132737
    ]
   },
   "properties": {
    "confidence": 0.489,
    "snr": 9.79,
    "peak_dn": 217.0,
    "background_dn": 56.1,
    "sigma_dn": 16.44,
    "pixels": 5,
    "length_m_approx": 22.4,
    "pixel": [
     17723.4,
     14042.2
    ],
    "scene": "S1A_IW_GRDH_1SDV_20240925T225812_20240925T225841_055828_06D27E_789A_COG.SAFE",
    "t": "2024-09-25T22:58:12+00:00",
    "sensor": "sentinel1-vv-cfar",
    "uncertainty_m": 11.5
   }
  },
  {
   "type": "Feature",
   "geometry": {
    "type": "Point",
    "coordinates": [
     -74.23492420146154,
     36.14274831846066
    ]
   },
   "properties": {
    "confidence": 0.428,
    "snr": 8.56,
    "peak_dn": 207.0,
    "background_dn": 59.6,
    "sigma_dn": 17.22,
    "pixels": 3,
    "length_m_approx": 17.3,
    "pixel": [
     17013.0,
     13176.0
    ],
    "scene": "S1A_IW_GRDH_1SDV_20240925T225812_20240925T225841_055828_06D27E_789A_COG.SAFE",
    "t": "2024-09-25T22:58:12+00:00",
    "sensor": "sentinel1-vv-cfar",
    "uncertainty_m": 9.1
   }
  },
  {
   "type": "Feature",
   "geometry": {
    "type": "Point",
    "coordinates": [
     -74.13134606709534,
     36.205601500630955
    ]
   },
   "properties": {
    "confidence": 0.383,
    "snr": 7.66,
    "peak_dn": 184.0,
    "background_dn": 56.9,
    "sigma_dn": 16.6,
    "pixels": 5,
    "length_m_approx": 22.4,
    "pixel": [
     18050.6,
     13698.6
    ],
    "scene": "S1A_IW_GRDH_1SDV_20240925T225812_20240925T225841_055828_06D27E_789A_COG.SAFE",
    "t": "2024-09-25T22:58:12+00:00",
    "sensor": "sentinel1-vv-cfar",
    "uncertainty_m": 11.5
   }
  },
  {
   "type": "Feature",
   "geometry": {
    "type": "Point",
    "coordinates": [
     -74.30489112253025,
     36.170044808413515
    ]
   },
   "properties": {
    "confidence": 0.381,
    "snr": 7.61,
    "peak_dn": 213.0,
    "background_dn": 67.1,
    "sigma_dn": 19.17,
    "pixels": 2,
    "length_m_approx": 14.1,
    "pixel": [
     16445.0,
     13575.5
    ],
    "scene": "S1A_IW_GRDH_1SDV_20240925T225812_20240925T225841_055828_06D27E_789A_COG.SAFE",
    "t": "2024-09-25T22:58:12+00:00",
    "sensor": "sentinel1-vv-cfar",
    "uncertainty_m": 7.6
   }
  },
  {
   "type": "Feature",
   "geometry": {
    "type": "Point",
    "coordinates": [
     -74.2098302553619,
     36.228631234899396
    ]
   },
   "properties": {
    "confidence": 0.363,
    "snr": 7.26,
    "peak_dn": 191.0,
    "background_dn": 62.0,
    "sigma_dn": 17.77,
    "pixels": 2,
    "length_m_approx": 14.1,
    "pixel": [
     17399.0,
     14064.5
    ],
    "scene": "S1A_IW_GRDH_1SDV_20240925T225812_20240925T225841_055828_06D27E_789A_COG.SAFE",
    "t": "2024-09-25T22:58:12+00:00",
    "sensor": "sentinel1-vv-cfar",
    "uncertainty_m": 7.6
   }
  },
  {
   "type": "Feature",
   "geometry": {
    "type": "Point",
    "coordinates": [
     -74.20132199327973,
     36.24182293505574
    ]
   },
   "properties": {
    "confidence": 0.362,
    "snr": 7.25,
    "peak_dn": 180.0,
    "background_dn": 59.7,
    "sigma_dn": 16.6,
    "pixels": 2,
    "length_m_approx": 14.1,
    "pixel": [
     17499.5,
     14194.0
    ],
    "scene": "S1A_IW_GRDH_1SDV_20240925T225812_20240925T225841_055828_06D27E_789A_COG.SAFE",
    "t": "2024-09-25T22:58:12+00:00",
    "sensor": "sentinel1-vv-cfar",
    "uncertainty_m": 7.6
   }
  },
  {
   "type": "Feature",
   "geometry": {
    "type": "Point",
    "coordinates": [
     -74.28845762293639,
     36.117192643643854
    ]
   },
   "properties": {
    "confidence": 0.357,
    "snr": 7.14,
    "peak_dn": 170.0,
    "background_dn": 57.9,
    "sigma_dn": 15.7,
    "pixels": 2,
    "length_m_approx": 14.1,
    "pixel": [
     16489.5,
     12981.0
    ],
    "scene": "S1A_IW_GRDH_1SDV_20240925T225812_20240925T225841_055828_06D27E_789A_COG.SAFE",
    "t": "2024-09-25T22:58:12+00:00",
    "sensor": "sentinel1-vv-cfar",
    "uncertainty_m": 7.6
   }
  },
  {
   "type": "Feature",
   "geometry": {
    "type": "Point",
    "coordinates": [
     -74.11505044554222,
     36.22129040077077
    ]
   },
   "properties": {
    "confidence": 0.351,
    "snr": 7.03,
    "peak_dn": 171.0,
    "background_dn": 56.1,
    "sigma_dn": 16.35,
    "pixels": 3,
    "length_m_approx": 17.3,
    "pixel": [
     18224.7,
     13843.7
    ],
    "scene": "S1A_IW_GRDH_1SDV_20240925T225812_20240925T225841_055828_06D27E_789A_COG.SAFE",
    "t": "2024-09-25T22:58:12+00:00",
    "sensor": "sentinel1-vv-cfar",
    "uncertainty_m": 9.1
   }
  },
  {
   "type": "Feature",
   "geometry": {
    "type": "Point",
    "coordinates": [
     -74.28184593718075,
     36.07641890402953
    ]
   },
   "properties": {
    "confidence": 0.346,
    "snr": 6.93,
    "peak_dn": 195.0,
    "background_dn": 67.2,
    "sigma_dn": 18.45,
    "pixels": 2,
    "length_m_approx": 14.1,
    "pixel": [
     16470.0,
     12531.5
    ],
    "scene": "S1A_IW_GRDH_1SDV_20240925T225812_20240925T225841_055828_06D27E_789A_COG.SAFE",
    "t": "2024-09-25T22:58:12+00:00",
    "sensor": "sentinel1-vv-cfar",
    "uncertainty_m": 7.6
   }
  },
  {
   "type": "Feature",
   "geometry": {
    "type": "Point",
    "coordinates": [
     -74.11345277304099,
     36.19935789672763
    ]
   },
   "properties": {
    "confidence": 0.345,
    "snr": 6.91,
    "peak_dn": 182.0,
    "background_dn": 59.6,
    "sigma_dn": 17.71,
    "pixels": 3,
    "length_m_approx": 17.3,
    "pixel": [
     18197.3,
     13604.7
    ],
    "scene": "S1A_IW_GRDH_1SDV_20240925T225812_20240925T225841_055828_06D27E_789A_COG.SAFE",
    "t": "2024-09-25T22:58:12+00:00",
    "sensor": "sentinel1-vv-cfar",
    "uncertainty_m": 9.1
   }
  },
  {
   "type": "Feature",
   "geometry": {
    "type": "Point",
    "coordinates": [
     -74.29063225132545,
     36.154694111977335
    ]
   },
   "properties": {
    "confidence": 0.345,
    "snr": 6.9,
    "peak_dn": 187.0,
    "background_dn": 61.9,
    "sigma_dn": 18.13,
    "pixels": 2,
    "length_m_approx": 14.1,
    "pixel": [
     16542.0,
     13388.5
    ],
    "scene": "S1A_IW_GRDH_1SDV_20240925T225812_20240925T225841_055828_06D27E_789A_COG.SAFE",
    "t": "2024-09-25T22:58:12+00:00",
    "sensor": "sentinel1-vv-cfar",
    "uncertainty_m": 7.6
   }
  },
  {
   "type": "Feature",
   "geometry": {
    "type": "Point",
    "coordinates": [
     -74.1285430955367,
     36.23600627715299
    ]
   },
   "properties": {
    "confidence": 0.343,
    "snr": 6.87,
    "peak_dn": 165.0,
    "background_dn": 55.1,
    "sigma_dn": 16.01,
    "pixels": 2,
    "length_m_approx": 14.1,
    "pixel": [
     18133.0,
     14022.5
    ],
    "scene": "S1A_IW_GRDH_1SDV_20240925T225812_20240925T225841_055828_06D27E_789A_COG.SAFE",
    "t": "2024-09-25T22:58:12+00:00",
    "sensor": "sentinel1-vv-cfar",
    "uncertainty_m": 7.6
   }
  },
  {
   "type": "Feature",
   "geometry": {
    "type": "Point",
    "coordinates": [
     -74.19966792375534,
     36.25489389678231
    ]
   },
   "properties": {
    "confidence": 0.337,
    "snr": 6.75,
    "peak_dn": 172.0,
    "background_dn": 59.1,
    "sigma_dn": 16.73,
    "pixels": 2,
    "length_m_approx": 14.1,
    "pixel": [
     17539.0,
     14332.5
    ],
    "scene": "S1A_IW_GRDH_1SDV_20240925T225812_20240925T225841_055828_06D27E_789A_COG.SAFE",
    "t": "2024-09-25T22:58:12+00:00",
    "sensor": "sentinel1-vv-cfar",
    "uncertainty_m": 7.6
   }
  },
  {
   "type": "Feature",
   "geometry": {
    "type": "Point",
    "coordinates": [
     -74.08734773527522,
     36.19399713183511
    ]
   },
   "properties": {
    "confidence": 0.337,
    "snr": 6.74,
    "peak_dn": 210.0,
    "background_dn": 68.3,
    "sigma_dn": 21.03,
    "pixels": 2,
    "length_m_approx": 14.1,
    "pixel": [
     18418.5,
     13508.0
    ],
    "scene": "S1A_IW_GRDH_1SDV_20240925T225812_20240925T225841_055828_06D27E_789A_COG.SAFE",
    "t": "2024-09-25T22:58:12+00:00",
    "sensor": "sentinel1-vv-cfar",
    "uncertainty_m": 7.6
   }
  },
  {
   "type": "Feature",
   "geometry": {
    "type": "Point",
    "coordinates": [
     -74.22211004006122,
     36.25001708706345
    ]
   },
   "properties": {
    "confidence": 0.332,
    "snr": 6.63,
    "peak_dn": 182.0,
    "background_dn": 63.5,
    "sigma_dn": 17.86,
    "pixels": 2,
    "length_m_approx": 14.1,
    "pixel": [
     17331.0,
     14313.5
    ],
    "scene": "S1A_IW_GRDH_1SDV_20240925T225812_20240925T225841_055828_06D27E_789A_COG.SAFE",
    "t": "2024-09-25T22:58:12+00:00",
    "sensor": "sentinel1-vv-cfar",
    "uncertainty_m": 7.6
   }
  },
  {
   "type": "Feature",
   "geometry": {
    "type": "Point",
    "coordinates": [
     -74.10303902236937,
     36.185300907972874
    ]
   },
   "properties": {
    "confidence": 0.331,
    "snr": 6.62,
    "peak_dn": 193.0,
    "background_dn": 65.8,
    "sigma_dn": 19.21,
    "pixels": 2,
    "length_m_approx": 14.1,
    "pixel": [
     18263.0,
     13437.5
    ],
    "scene": "S1A_IW_GRDH_1SDV_20240925T225812_20240925T225841_055828_06D27E_789A_COG.SAFE",
    "t": "2024-09-25T22:58:12+00:00",
    "sensor": "sentinel1-vv-cfar",
    "uncertainty_m": 7.6
   }
  },
  {
   "type": "Feature",
   "geometry": {
    "type": "Point",
    "coordinates": [
     -74.136003704427,
     36.2436910582351
    ]
   },
   "properties": {
    "confidence": 0.331,
    "snr": 6.62,
    "peak_dn": 164.0,
    "background_dn": 55.8,
    "sigma_dn": 16.34,
    "pixels": 4,
    "length_m_approx": 20.0,
    "pixel": [
     18081.5,
     14116.5
    ],
    "scene": "S1A_IW_GRDH_1SDV_20240925T225812_20240925T225841_055828_06D27E_789A_COG.SAFE",
    "t": "2024-09-25T22:58:12+00:00",
    "sensor": "sentinel1-vv-cfar",
    "uncertainty_m": 10.4
   }
  },
  {
   "type": "Feature",
   "geometry": {
    "type": "Point",
    "coordinates": [
     -74.29617676914204,
     36.135451806411396
    ]
   },
   "properties": {
    "confidence": 0.329,
    "snr": 6.58,
    "peak_dn": 170.0,
    "background_dn": 58.2,
    "sigma_dn": 16.99,
    "pixels": 2,
    "length_m_approx": 14.1,
    "pixel": [
     16456.0,
     13189.5
    ],
    "scene": "S1A_IW_GRDH_1SDV_20240925T225812_20240925T225841_055828_06D27E_789A_COG.SAFE",
    "t": "2024-09-25T22:58:12+00:00",
    "sensor": "sentinel1-vv-cfar",
    "uncertainty_m": 7.6
   }
  },
  {
   "type": "Feature",
   "geometry": {
    "type": "Point",
    "coordinates": [
     -74.15330244115486,
     36.246687070539814
    ]
   },
   "properties": {
    "confidence": 0.326,
    "snr": 6.52,
    "peak_dn": 159.0,
    "background_dn": 54.9,
    "sigma_dn": 15.97,
    "pixels": 2,
    "length_m_approx": 14.1,
    "pixel": [
     17934.0,
     14174.5
    ],
    "scene": "S1A_IW_GRDH_1SDV_20240925T225812_20240925T225841_055828_06D27E_789A_COG.SAFE",
    "t": "2024-09-25T22:58:12+00:00",
    "sensor": "sentinel1-vv-cfar",
    "uncertainty_m": 7.6
   }
  },
  {
   "type": "Feature",
   "geometry": {
    "type": "Point",
    "coordinates": [
     -74.3064342083926,
     36.16360958337844
    ]
   },
   "properties": {
    "confidence": 0.325,
    "snr": 6.49,
    "peak_dn": 188.0,
    "background_dn": 66.2,
    "sigma_dn": 18.77,
    "pixels": 2,
    "length_m_approx": 14.1,
    "pixel": [
     16419.0,
     13508.5
    ],
    "scene": "S1A_IW_GRDH_1SDV_20240925T225812_20240925T225841_055828_06D27E_789A_COG.SAFE",
    "t": "2024-09-25T22:58:12+00:00",
    "sensor": "sentinel1-vv-cfar",
    "uncertainty_m": 7.6
   }
  },
  {
   "type": "Feature",
   "geometry": {
    "type": "Point",
    "coordinates": [
     -74.26124857371026,
     36.17539652295635
    ]
   },
   "properties": {
    "confidence": 0.318,
    "snr": 6.35,
    "peak_dn": 184.0,
    "background_dn": 65.8,
    "sigma_dn": 18.62,
    "pixels": 2,
    "length_m_approx": 14.1,
    "pixel": [
     16842.0,
     13567.5
    ],
    "scene": "S1A_IW_GRDH_1SDV_20240925T225812_20240925T225841_055828_06D27E_789A_COG.SAFE",
    "t": "2024-09-25T22:58:12+00:00",
    "sensor": "sentinel1-vv-cfar",
    "uncertainty_m": 7.6
   }
  },
  {
   "type": "Feature",
   "geometry": {
    "type": "Point",
    "coordinates": [
     -74.23272104108885,
     36.23347336964488
    ]
   },
   "properties": {
    "confidence": 0.316,
    "snr": 6.32,
    "peak_dn": 179.0,
    "background_dn": 64.5,
    "sigma_dn": 18.11,
    "pixels": 2,
    "length_m_approx": 14.1,
    "pixel": [
     17205.5,
     14151.0
    ],
    "scene": "S1A_IW_GRDH_1SDV_20240925T225812_20240925T225841_055828_06D27E_789A_COG.SAFE",
    "t": "2024-09-25T22:58:12+00:00",
    "sensor": "sentinel1-vv-cfar",
    "uncertainty_m": 7.6
   }
  },
  {
   "type": "Feature",
   "geometry": {
    "type": "Point",
    "coordinates": [
     -74.14314267695059,
     36.13836746345896
    ]
   },
   "properties": {
    "confidence": 0.309,
    "snr": 6.18,
    "peak_dn": 180.0,
    "background_dn": 64.3,
    "sigma_dn": 18.71,
    "pixels": 2,
    "length_m_approx": 14.1,
    "pixel": [
     17818.5,
     12991.0
    ],
    "scene": "S1A_IW_GRDH_1SDV_20240925T225812_20240925T225841_055828_06D27E_789A_COG.SAFE",
    "t": "2024-09-25T22:58:12+00:00",
    "sensor": "sentinel1-vv-cfar",
    "uncertainty_m": 7.6
   }
  },
  {
   "type": "Feature",
   "geometry": {
    "type": "Point",
    "coordinates": [
     -74.03205755684911,
     36.25755860155289
    ]
   },
   "properties": {
    "confidence": 0.431,
    "snr": 8.62,
    "peak_dn": 212.0,
    "background_dn": 59.4,
    "sigma_dn": 17.69,
    "pixels": 3,
    "length_m_approx": 17.3,
    "pixel": [
     19028.3,
     14111.7
    ],
    "scene": "S1A_IW_GRDH_1SDV_20240925T225812_20240925T225841_055828_06D27E_789A_COG.SAFE",
    "t": "2024-09-25T22:58:12+00:00",
    "sensor": "sentinel1-vv-cfar",
    "uncertainty_m": 9.1
   }
  },
  {
   "type": "Feature",
   "geometry": {
    "type": "Point",
    "coordinates": [
     -73.89750683961309,
     36.267855693060916
    ]
   },
   "properties": {
    "confidence": 0.415,
    "snr": 8.3,
    "peak_dn": 223.0,
    "background_dn": 65.4,
    "sigma_dn": 18.99,
    "pixels": 3,
    "length_m_approx": 17.3,
    "pixel": [
     20239.3,
     14024.3
    ],
    "scene": "S1A_IW_GRDH_1SDV_20240925T225812_20240925T225841_055828_06D27E_789A_COG.SAFE",
    "t": "2024-09-25T22:58:12+00:00",
    "sensor": "sentinel1-vv-cfar",
    "uncertainty_m": 9.1
   }
  },
  {
   "type": "Feature",
   "geometry": {
    "type": "Point",
    "coordinates": [
     -73.85443249258358,
     36.15568878249985
    ]
   },
   "properties": {
    "confidence": 0.414,
    "snr": 8.28,
    "peak_dn": 200.0,
    "background_dn": 60.0,
    "sigma_dn": 16.91,
    "pixels": 3,
    "length_m_approx": 17.3,
    "pixel": [
     20411.7,
     12749.6
    ],
    "scene": "S1A_IW_GRDH_1SDV_20240925T225812_20240925T225841_055828_06D27E_789A_COG.SAFE",
    "t": "2024-09-25T22:58:12+00:00",
    "sensor": "sentinel1-vv-cfar",
    "uncertainty_m": 9.1
   }
  },
  {
   "type": "Feature",
   "geometry": {
    "type": "Point",
    "coordinates": [
     -74.0143324729775,
     36.22338090049003
    ]
   },
   "properties": {
    "confidence": 0.409,
    "snr": 8.18,
    "peak_dn": 212.0,
    "background_dn": 62.4,
    "sigma_dn": 18.3,
    "pixels": 2,
    "length_m_approx": 14.1,
    "pixel": [
     19121.0,
     13716.5
    ],
    "scene": "S1A_IW_GRDH_1SDV_20240925T225812_20240925T225841_055828_06D27E_789A_COG.SAFE",
    "t": "2024-09-25T22:58:12+00:00",
    "sensor": "sentinel1-vv-cfar",
    "uncertainty_m": 7.6
   }
  },
  {
   "type": "Feature",
   "geometry": {
    "type": "Point",
    "coordinates": [
     -73.98769694080532,
     36.16840918838853
    ]
   },
   "properties": {
    "confidence": 0.386,
    "snr": 7.72,
    "peak_dn": 232.0,
    "background_dn": 69.2,
    "sigma_dn": 21.08,
    "pixels": 3,
    "length_m_approx": 17.3,
    "pixel": [
     19253.7,
     13083.7
    ],
    "scene": "S1A_IW_GRDH_1SDV_20240925T225812_20240925T225841_055828_06D27E_789A_COG.SAFE",
    "t": "2024-09-25T22:58:12+00:00",
    "sensor": "sentinel1-vv-cfar",
    "uncertainty_m": 9.1
   }
  },
  {
   "type": "Feature",
   "geometry": {
    "type": "Point",
    "coordinates": [
     -74.05412753946597,
     36.23828649299035
    ]
   },
   "properties": {
    "confidence": 0.379,
    "snr": 7.58,
    "peak_dn": 191.0,
    "background_dn": 59.8,
    "sigma_dn": 17.31,
    "pixels": 4,
    "length_m_approx": 20.0,
    "pixel": [
     18796.5,
     13936.5
    ],
    "scene": "S1A_IW_GRDH_1SDV_20240925T225812_20240925T225841_055828_06D27E_789A_COG.SAFE",
    "t": "2024-09-25T22:58:12+00:00",
    "sensor": "sentinel1-vv-cfar",
    "uncertainty_m": 10.4
   }
  },
  {
   "type": "Feature",
   "geometry": {
    "type": "Point",
    "coordinates": [
     -73.88842074447179,
     36.11684803204558
    ]
   },
   "properties": {
    "confidence": 0.35,
    "snr": 7.0,
    "peak_dn": 190.0,
    "background_dn": 62.0,
    "sigma_dn": 18.28,
    "pixels": 4,
    "length_m_approx": 20.0,
    "pixel": [
     20037.5,
     12380.5
    ],
    "scene": "S1A_IW_GRDH_1SDV_20240925T225812_20240925T225841_055828_06D27E_789A_COG.SAFE",
    "t": "2024-09-25T22:58:12+00:00",
    "sensor": "sentinel1-vv-cfar",
    "uncertainty_m": 10.4
   }
  },
  {
   "type": "Feature",
   "geometry": {
    "type": "Point",
    "coordinates": [
     -73.90839038732756,
     36.21387327617858
    ]
   },
   "properties": {
    "confidence": 0.35,
    "snr": 7.0,
    "peak_dn": 200.0,
    "background_dn": 65.5,
    "sigma_dn": 19.22,
    "pixels": 2,
    "length_m_approx": 14.1,
    "pixel": [
     20042.0,
     13457.5
    ],
    "scene": "S1A_IW_GRDH_1SDV_20240925T225812_20240925T225841_055828_06D27E_789A_COG.SAFE",
    "t": "2024-09-25T22:58:12+00:00",
    "sensor": "sentinel1-vv-cfar",
    "uncertainty_m": 7.6
   }
  },
  {
   "type": "Feature",
   "geometry": {
    "type": "Point",
    "coordinates": [
     -73.88172062528626,
     36.25784828348013
    ]
   },
   "properties": {
    "confidence": 0.349,
    "snr": 6.98,
    "peak_dn": 202.0,
    "background_dn": 65.1,
    "sigma_dn": 19.61,
    "pixels": 2,
    "length_m_approx": 14.1,
    "pixel": [
     20360.5,
     13893.0
    ],
    "scene": "S1A_IW_GRDH_1SDV_20240925T225812_20240925T225841_055828_06D27E_789A_COG.SAFE",
    "t": "2024-09-25T22:58:12+00:00",
    "sensor": "sentinel1-vv-cfar",
    "uncertainty_m": 7.6
   }
  },
  {
   "type": "Feature",
   "geometry": {
    "type": "Point",
    "coordinates": [
     -73.91121914266128,
     36.182923148776354
    ]
   },
   "properties": {
    "confidence": 0.345,
    "snr": 6.9,
    "peak_dn": 197.0,
    "background_dn": 63.8,
    "sigma_dn": 19.3,
    "pixels": 2,
    "length_m_approx": 14.1,
    "pixel": [
     19959.0,
     13127.5
    ],
    "scene": "S1A_IW_GRDH_1SDV_20240925T225812_20240925T225841_055828_06D27E_789A_COG.SAFE",
    "t": "2024-09-25T22:58:12+00:00",
    "sensor": "sentinel1-vv-cfar",
    "uncertainty_m": 7.6
   }
  },
  {
   "type": "Feature",
   "geometry": {
    "type": "Point",
    "coordinates": [
     -73.87952435304865,
     36.12543003991564
    ]
   },
   "properties": {
    "confidence": 0.341,
    "snr": 6.82,
    "peak_dn": 177.0,
    "background_dn": 58.8,
    "sigma_dn": 17.34,
    "pixels": 2,
    "length_m_approx": 14.1,
    "pixel": [
     20132.5,
     12460.0
    ],
    "scene": "S1A_IW_GRDH_1SDV_20240925T225812_20240925T225841_055828_06D27E_789A_COG.SAFE",
    "t": "2024-09-25T22:58:12+00:00",
    "sensor": "sentinel1-vv-cfar",
    "uncertainty_m": 7.6
   }
  },
  {
   "type": "Feature",
   "geometry": {
    "type": "Point",
    "coordinates": [
     -73.91507448426326,
     36.15347911196842
    ]
   },
   "properties": {
    "confidence": 0.335,
    "snr": 6.7,
    "peak_dn": 183.0,
    "background_dn": 61.8,
    "sigma_dn": 18.09,
    "pixels": 3,
    "length_m_approx": 17.3,
    "pixel": [
     19869.7,
     12815.3
    ],
    "scene": "S1A_IW_GRDH_1SDV_20240925T225812_20240925T225841_055828_06D27E_789A_COG.SAFE",
    "t": "2024-09-25T22:58:12+00:00",
    "sensor": "sentinel1-vv-cfar",
    "uncertainty_m": 9.1
   }
  },
  {
   "type": "Feature",
   "geometry": {
    "type": "Point",
    "coordinates": [
     -73.98525423902475,
     36.1411180450843
    ]
   },
   "properties": {
    "confidence": 0.328,
    "snr": 6.55,
    "peak_dn": 198.0,
    "background_dn": 66.2,
    "sigma_dn": 20.12,
    "pixels": 2,
    "length_m_approx": 14.1,
    "pixel": [
     19224.0,
     12785.5
    ],
    "scene": "S1A_IW_GRDH_1SDV_20240925T225812_20240925T225841_055828_06D27E_789A_COG.SAFE",
    "t": "2024-09-25T22:58:12+00:00",
    "sensor": "sentinel1-vv-cfar",
    "uncertainty_m": 7.6
   }
  },
  {
   "type": "Feature",
   "geometry": {
    "type": "Point",
    "coordinates": [
     -73.86312113798105,
     36.144113654854394
    ]
   },
   "properties": {
    "confidence": 0.327,
    "snr": 6.53,
    "peak_dn": 176.0,
    "background_dn": 59.6,
    "sigma_dn": 17.83,
    "pixels": 2,
    "length_m_approx": 14.1,
    "pixel": [
     20313.0,
     12637.5
    ],
    "scene": "S1A_IW_GRDH_1SDV_20240925T225812_20240925T225841_055828_06D27E_789A_COG.SAFE",
    "t": "2024-09-25T22:58:12+00:00",
    "sensor": "sentinel1-vv-cfar",
    "uncertainty_m": 7.6
   }
  },
  {
   "type": "Feature",
   "geometry": {
    "type": "Point",
    "coordinates": [
     -73.99856027739219,
     36.20489084962025
    ]
   },
   "properties": {
    "confidence": 0.322,
    "snr": 6.44,
    "peak_dn": 194.0,
    "background_dn": 64.0,
    "sigma_dn": 20.17,
    "pixels": 2,
    "length_m_approx": 14.1,
    "pixel": [
     19226.0,
     13493.5
    ],
    "scene": "S1A_IW_GRDH_1SDV_20240925T225812_20240925T225841_055828_06D27E_789A_COG.SAFE",
    "t": "2024-09-25T22:58:12+00:00",
    "sensor": "sentinel1-vv-cfar",
    "uncertainty_m": 7.6
   }
  },
  {
   "type": "Feature",
   "geometry": {
    "type": "Point",
    "coordinates": [
     -73.96450152381388,
     36.1163515622817
    ]
   },
   "properties": {
    "confidence": 0.32,
    "snr": 6.41,
    "peak_dn": 188.0,
    "background_dn": 65.9,
    "sigma_dn": 19.06,
    "pixels": 2,
    "length_m_approx": 14.1,
    "pixel": [
     19361.5,
     12487.5
    ],
    "scene": "S1A_IW_GRDH_1SDV_20240925T225812_20240925T225841_055828_06D27E_789A_COG.SAFE",
    "t": "2024-09-25T22:58:12+00:00",
    "sensor": "sentinel1-vv-cfar",
    "uncertainty_m": 7.6
   }
  },
  {
   "type": "Feature",
   "geometry": {
    "type": "Point",
    "coordinates": [
     -73.99991545247396,
     36.1759323849588
    ]
   },
   "properties": {
    "confidence": 0.317,
    "snr": 6.33,
    "peak_dn": 198.0,
    "background_dn": 69.2,
    "sigma_dn": 20.34,
    "pixels": 2,
    "length_m_approx": 14.1,
    "pixel": [
     19159.5,
     13183.0
    ],
    "scene": "S1A_IW_GRDH_1SDV_20240925T225812_20240925T225841_055828_06D27E_789A_COG.SAFE",
    "t": "2024-09-25T22:58:12+00:00",
    "sensor": "sentinel1-vv-cfar",
    "uncertainty_m": 7.6
   }
  },
  {
   "type": "Feature",
   "geometry": {
    "type": "Point",
    "coordinates": [
     -74.01478845049725,
     36.21623001834192
    ]
   },
   "properties": {
    "confidence": 0.312,
    "snr": 6.24,
    "peak_dn": 178.0,
    "background_dn": 62.9,
    "sigma_dn": 18.44,
    "pixels": 2,
    "length_m_approx": 14.1,
    "pixel": [
     19103.5,
     13640.0
    ],
    "scene": "S1A_IW_GRDH_1SDV_20240925T225812_20240925T225841_055828_06D27E_789A_COG.SAFE",
    "t": "2024-09-25T22:58:12+00:00",
    "sensor": "sentinel1-vv-cfar",
    "uncertainty_m": 7.6
   }
  },
  {
   "type": "Feature",
   "geometry": {
    "type": "Point",
    "coordinates": [
     -73.88308355882981,
     36.13855843844192
    ]
   },
   "properties": {
    "confidence": 0.308,
    "snr": 6.16,
    "peak_dn": 189.0,
    "background_dn": 64.8,
    "sigma_dn": 20.15,
    "pixels": 2,
    "length_m_approx": 14.1,
    "pixel": [
     20125.5,
     12607.0
    ],
    "scene": "S1A_IW_GRDH_1SDV_20240925T225812_20240925T225841_055828_06D27E_789A_COG.SAFE",
    "t": "2024-09-25T22:58:12+00:00",
    "sensor": "sentinel1-vv-cfar",
    "uncertainty_m": 7.6
   }
  },
  {
   "type": "Feature",
   "geometry": {
    "type": "Point",
    "coordinates": [
     -73.72307455267165,
     36.20355371896197
    ]
   },
   "properties": {
    "confidence": 0.399,
    "snr": 7.98,
    "peak_dn": 199.0,
    "background_dn": 59.2,
    "sigma_dn": 17.51,
    "pixels": 3,
    "length_m_approx": 17.3,
    "pixel": [
     21665.7,
     13074.3
    ],
    "scene": "S1A_IW_GRDH_1SDV_20240925T225812_20240925T225841_055828_06D27E_789A_COG.SAFE",
    "t": "2024-09-25T22:58:12+00:00",
    "sensor": "sentinel1-vv-cfar",
    "uncertainty_m": 9.1
   }
  },
  {
   "type": "Feature",
   "geometry": {
    "type": "Point",
    "coordinates": [
     -73.74216543299455,
     36.3034287345408
    ]
   },
   "properties": {
    "confidence": 0.398,
    "snr": 7.95,
    "peak_dn": 214.0,
    "background_dn": 65.5,
    "sigma_dn": 18.67,
    "pixels": 3,
    "length_m_approx": 17.3,
    "pixel": [
     21681.3,
     14181.3
    ],
    "scene": "S1A_IW_GRDH_1SDV_20240925T225812_20240925T225841_055828_06D27E_789A_COG.SAFE",
    "t": "2024-09-25T22:58:12+00:00",
    "sensor": "sentinel1-vv-cfar",
    "uncertainty_m": 9.1
   }
  },
  {
   "type": "Feature",
   "geometry": {
    "type": "Point",
    "coordinates": [
     -73.72331628939803,
     36.143093405731484
    ]
   },
   "properties": {
    "confidence": 0.377,
    "snr": 7.55,
    "peak_dn": 198.0,
    "background_dn": 59.9,
    "sigma_dn": 18.3,
    "pixels": 4,
    "length_m_approx": 20.0,
    "pixel": [
     21551.5,
     12421.5
    ],
    "scene": "S1A_IW_GRDH_1SDV_20240925T225812_20240925T225841_055828_06D27E_789A_COG.SAFE",
    "t": "2024-09-25T22:58:12+00:00",
    "sensor": "sentinel1-vv-cfar",
    "uncertainty_m": 10.4
   }
  },
  {
   "type": "Feature",
   "geometry": {
    "type": "Point",
    "coordinates": [
     -73.77024444471944,
     36.15353424498011
    ]
   },
   "properties": {
    "confidence": 0.371,
    "snr": 7.41,
    "peak_dn": 190.0,
    "background_dn": 58.5,
    "sigma_dn": 17.75,
    "pixels": 2,
    "length_m_approx": 14.1,
    "pixel": [
     21154.5,
     12603.0
    ],
    "scene": "S1A_IW_GRDH_1SDV_20240925T225812_20240925T225841_055828_06D27E_789A_COG.SAFE",
    "t": "2024-09-25T22:58:12+00:00",
    "sensor": "sentinel1-vv-cfar",
    "uncertainty_m": 7.6
   }
  },
  {
   "type": "Feature",
   "geometry": {
    "type": "Point",
    "coordinates": [
     -73.84898517865116,
     36.18299628969191
    ]
   },
   "properties": {
    "confidence": 0.369,
    "snr": 7.37,
    "peak_dn": 193.0,
    "background_dn": 60.2,
    "sigma_dn": 18.01,
    "pixels": 2,
    "length_m_approx": 14.1,
    "pixel": [
     20511.0,
     13036.5
    ],
    "scene": "S1A_IW_GRDH_1SDV_20240925T225812_20240925T225841_055828_06D27E_789A_COG.SAFE",
    "t": "2024-09-25T22:58:12+00:00",
    "sensor": "sentinel1-vv-cfar",
    "uncertainty_m": 7.6
   }
  },
  {
   "type": "Feature",
   "geometry": {
    "type": "Point",
    "coordinates": [
     -73.73063575845566,
     36.210059426584564
    ]
   },
   "properties": {
    "confidence": 0.366,
    "snr": 7.31,
    "peak_dn": 195.0,
    "background_dn": 63.2,
    "sigma_dn": 18.02,
    "pixels": 3,
    "length_m_approx": 17.3,
    "pixel": [
     21610.7,
     13155.7
    ],
    "scene": "S1A_IW_GRDH_1SDV_20240925T225812_20240925T225841_055828_06D27E_789A_COG.SAFE",
    "t": "2024-09-25T22:58:12+00:00",
    "sensor": "sentinel1-vv-cfar",
    "uncertainty_m": 9.1
   }
  },
  {
   "type": "Feature",
   "geometry": {
    "type": "Point",
    "coordinates": [
     -73.70277443959583,
     36.24294992831853
    ]
   },
   "properties": {
    "confidence": 0.35,
    "snr": 7.0,
    "peak_dn": 173.0,
    "background_dn": 57.8,
    "sigma_dn": 16.46,
    "pixels": 4,
    "length_m_approx": 20.0,
    "pixel": [
     21918.5,
     13470.5
    ],
    "scene": "S1A_IW_GRDH_1SDV_20240925T225812_20240925T225841_055828_06D27E_789A_COG.SAFE",
    "t": "2024-09-25T22:58:12+00:00",
    "sensor": "sentinel1-vv-cfar",
    "uncertainty_m": 10.4
   }
  },
  {
   "type": "Feature",
   "geometry": {
    "type": "Point",
    "coordinates": [
     -73.72309093343559,
     36.30735651402139
    ]
   },
   "properties": {
    "confidence": 0.347,
    "snr": 6.94,
    "peak_dn": 204.0,
    "background_dn": 67.6,
    "sigma_dn": 19.64,
    "pixels": 2,
    "length_m_approx": 14.1,
    "pixel": [
     21857.5,
     14196.0
    ],
    "scene": "S1A_IW_GRDH_1SDV_20240925T225812_20240925T225841_055828_06D27E_789A_COG.SAFE",
    "t": "2024-09-25T22:58:12+00:00",
    "sensor": "sentinel1-vv-cfar",
    "uncertainty_m": 7.6
   }
  },
  {
   "type": "Feature",
   "geometry": {
    "type": "Point",
    "coordinates": [
     -73.75708737569211,
     36.22329315970447
    ]
   },
   "properties": {
    "confidence": 0.347,
    "snr": 6.93,
    "peak_dn": 186.0,
    "background_dn": 61.9,
    "sigma_dn": 17.89,
    "pixels": 3,
    "length_m_approx": 17.3,
    "pixel": [
     21400.7,
     13337.3
    ],
    "scene": "S1A_IW_GRDH_1SDV_20240925T225812_20240925T225841_055828_06D27E_789A_COG.SAFE",
    "t": "2024-09-25T22:58:12+00:00",
    "sensor": "sentinel1-vv-cfar",
    "uncertainty_m": 9.1
   }
  },
  {
   "type": "Feature",
   "geometry": {
    "type": "Point",
    "coordinates": [
     -73.76057818464349,
     36.156447912369956
    ]
   },
   "properties": {
    "confidence": 0.346,
    "snr": 6.92,
    "peak_dn": 179.0,
    "background_dn": 58.1,
    "sigma_dn": 17.47,
    "pixels": 3,
    "length_m_approx": 17.3,
    "pixel": [
     21245.7,
     12620.3
    ],
    "scene": "S1A_IW_GRDH_1SDV_20240925T225812_20240925T225841_055828_06D27E_789A_COG.SAFE",
    "t": "2024-09-25T22:58:12+00:00",
    "sensor": "sentinel1-vv-cfar",
    "uncertainty_m": 9.1
   }
  },
  {
   "type": "Feature",
   "geometry": {
    "type": "Point",
    "coordinates": [
     -73.64654250630846,
     36.22671749700076
    ]
   },
   "properties": {
    "confidence": 0.343,
    "snr": 6.86,
    "peak_dn": 176.0,
    "background_dn": 57.9,
    "sigma_dn": 17.22,
    "pixels": 2,
    "length_m_approx": 14.1,
    "pixel": [
     22387.0,
     13213.5
    ],
    "scene": "S1A_IW_GRDH_1SDV_20240925T225812_20240925T225841_055828_06D27E_789A_COG.SAFE",
    "t": "2024-09-25T22:58:12+00:00",
    "sensor": "sentinel1-vv-cfar",
    "uncertainty_m": 7.6
   }
  },
  {
   "type": "Feature",
   "geometry": {
    "type": "Point",
    "coordinates": [
     -73.66767162936274,
     36.19021884221695
    ]
   },
   "properties": {
    "confidence": 0.342,
    "snr": 6.85,
    "peak_dn": 184.0,
    "background_dn": 62.0,
    "sigma_dn": 17.82,
    "pixels": 3,
    "length_m_approx": 17.3,
    "pixel": [
     22132.3,
     12849.7
    ],
    "scene": "S1A_IW_GRDH_1SDV_20240925T225812_20240925T225841_055828_06D27E_789A_COG.SAFE",
    "t": "2024-09-25T22:58:12+00:00",
    "sensor": "sentinel1-vv-cfar",
    "uncertainty_m": 9.1
   }
  },
  {
   "type": "Feature",
   "geometry": {
    "type": "Point",
    "coordinates": [
     -73.7760867050409,
     36.1650080451491
    ]
   },
   "properties": {
    "confidence": 0.335,
    "snr": 6.7,
    "peak_dn": 192.0,
    "background_dn": 66.1,
    "sigma_dn": 18.79,
    "pixels": 2,
    "length_m_approx": 14.1,
    "pixel": [
     21124.0,
     12735.5
    ],
    "scene": "S1A_IW_GRDH_1SDV_20240925T225812_20240925T225841_055828_06D27E_789A_COG.SAFE",
    "t": "2024-09-25T22:58:12+00:00",
    "sensor": "sentinel1-vv-cfar",
    "uncertainty_m": 7.6
   }
  },
  {
   "type": "Feature",
   "geometry": {
    "type": "Point",
    "coordinates": [
     -73.6813111556167,
     36.24717226633682
    ]
   },
   "properties": {
    "confidence": 0.331,
    "snr": 6.62,
    "peak_dn": 178.0,
    "background_dn": 60.8,
    "sigma_dn": 17.69,
    "pixels": 2,
    "length_m_approx": 14.1,
    "pixel": [
     22116.5,
     13485.0
    ],
    "scene": "S1A_IW_GRDH_1SDV_20240925T225812_20240925T225841_055828_06D27E_789A_COG.SAFE",
    "t": "2024-09-25T22:58:12+00:00",
    "sensor": "sentinel1-vv-cfar",
    "uncertainty_m": 7.6
   }
  },
  {
   "type": "Feature",
   "geometry": {
    "type": "Point",
    "coordinates": [
     -73.63314671173781,
     36.17281903093283
    ]
   },
   "properties": {
    "confidence": 0.331,
    "snr": 6.62,
    "peak_dn": 168.0,
    "background_dn": 56.0,
    "sigma_dn": 16.93,
    "pixels": 2,
    "length_m_approx": 14.1,
    "pixel": [
     22406.5,
     12611.5
    ],
    "scene": "S1A_IW_GRDH_1SDV_20240925T225812_20240925T225841_055828_06D27E_789A_COG.SAFE",
    "t": "2024-09-25T22:58:12+00:00",
    "sensor": "sentinel1-vv-cfar",
    "uncertainty_m": 7.6
   }
  },
  {
   "type": "Feature",
   "geometry": {
    "type": "Point",
    "coordinates": [
     -73.64640296799428,
     36.25247170193958
    ]
   },
   "properties": {
    "confidence": 0.331,
    "snr": 6.61,
    "peak_dn": 177.0,
    "background_dn": 61.0,
    "sigma_dn": 17.54,
    "pixels": 3,
    "length_m_approx": 17.3,
    "pixel": [
     22435.7,
     13491.7
    ],
    "scene": "S1A_IW_GRDH_1SDV_20240925T225812_20240925T225841_055828_06D27E_789A_COG.SAFE",
    "t": "2024-09-25T22:58:12+00:00",
    "sensor": "sentinel1-vv-cfar",
    "uncertainty_m": 9.1
   }
  },
  {
   "type": "Feature",
   "geometry": {
    "type": "Point",
    "coordinates": [
     -73.72556258282319,
     36.19296100806872
    ]
   },
   "properties": {
    "confidence": 0.331,
    "snr": 6.61,
    "peak_dn": 181.0,
    "background_dn": 60.6,
    "sigma_dn": 18.21,
    "pixels": 2,
    "length_m_approx": 14.1,
    "pixel": [
     21624.0,
     12963.5
    ],
    "scene": "S1A_IW_GRDH_1SDV_20240925T225812_20240925T225841_055828_06D27E_789A_COG.SAFE",
    "t": "2024-09-25T22:58:12+00:00",
    "sensor": "sentinel1-vv-cfar",
    "uncertainty_m": 7.6
   }
  },
  {
   "type": "Feature",
   "geometry": {
    "type": "Point",
    "coordinates": [
     -73.81372962540894,
     36.14750018348123
    ]
   },
   "properties": {
    "confidence": 0.33,
    "snr": 6.6,
    "peak_dn": 189.0,
    "background_dn": 63.7,
    "sigma_dn": 18.98,
    "pixels": 4,
    "length_m_approx": 20.0,
    "pixel": [
     20757.5,
     12601.5
    ],
    "scene": "S1A_IW_GRDH_1SDV_20240925T225812_20240925T225841_055828_06D27E_789A_COG.SAFE",
    "t": "2024-09-25T22:58:12+00:00",
    "sensor": "sentinel1-vv-cfar",
    "uncertainty_m": 10.4
   }
  },
  {
   "type": "Feature",
   "geometry": {
    "type": "Point",
    "coordinates": [
     -73.79496447487466,
     36.25590226199352
    ]
   },
   "properties": {
    "confidence": 0.326,
    "snr": 6.53,
    "peak_dn": 193.0,
    "background_dn": 65.0,
    "sigma_dn": 19.6,
    "pixels": 2,
    "length_m_approx": 14.1,
    "pixel": [
     21125.5,
     13745.0
    ],
    "scene": "S1A_IW_GRDH_1SDV_20240925T225812_20240925T225841_055828_06D27E_789A_COG.SAFE",
    "t": "2024-09-25T22:58:12+00:00",
    "sensor": "sentinel1-vv-cfar",
    "uncertainty_m": 7.6
   }
  },
  {
   "type": "Feature",
   "geometry": {
    "type": "Point",
    "coordinates": [
     -73.83346231845296,
     36.132788514736596
    ]
   },
   "properties": {
    "confidence": 0.325,
    "snr": 6.5,
    "peak_dn": 181.0,
    "background_dn": 62.7,
    "sigma_dn": 18.2,
    "pixels": 2,
    "length_m_approx": 14.1,
    "pixel": [
     20555.0,
     12471.5
    ],
    "scene": "S1A_IW_GRDH_1SDV_20240925T225812_20240925T225841_055828_06D27E_789A_COG.SAFE",
    "t": "2024-09-25T22:58:12+00:00",
    "sensor": "sentinel1-vv-cfar",
    "uncertainty_m": 7.6
   }
  },
  {
   "type": "Feature",
   "geometry": {
    "type": "Point",
    "coordinates": [
     -73.79427347272573,
     36.17619851072347
    ]
   },
   "properties": {
    "confidence": 0.324,
    "snr": 6.48,
    "peak_dn": 179.0,
    "background_dn": 61.4,
    "sigma_dn": 18.14,
    "pixels": 2,
    "length_m_approx": 14.1,
    "pixel": [
     20983.5,
     12883.0
    ],
    "scene": "S1A_IW_GRDH_1SDV_20240925T225812_20240925T225841_055828_06D27E_789A_COG.SAFE",
    "t": "2024-09-25T22:58:12+00:00",
    "sensor": "sentinel1-vv-cfar",
    "uncertainty_m": 7.6
   }
  },
  {
   "type": "Feature",
   "geometry": {
    "type": "Point",
    "coordinates": [
     -73.77597841777636,
     36.21778771222282
    ]
   },
   "properties": {
    "confidence": 0.324,
    "snr": 6.48,
    "peak_dn": 186.0,
    "background_dn": 63.2,
    "sigma_dn": 18.95,
    "pixels": 2,
    "length_m_approx": 14.1,
    "pixel": [
     21223.0,
     13305.5
    ],
    "scene": "S1A_IW_GRDH_1SDV_20240925T225812_20240925T225841_055828_06D27E_789A_COG.SAFE",
    "t": "2024-09-25T22:58:12+00:00",
    "sensor": "sentinel1-vv-cfar",
    "uncertainty_m": 7.6
   }
  },
  {
   "type": "Feature",
   "geometry": {
    "type": "Point",
    "coordinates": [
     -73.71799056463753,
     36.14159674351043
    ]
   },
   "properties": {
    "confidence": 0.319,
    "snr": 6.38,
    "peak_dn": 174.0,
    "background_dn": 59.2,
    "sigma_dn": 18.0,
    "pixels": 2,
    "length_m_approx": 14.1,
    "pixel": [
     21596.0,
     12397.5
    ],
    "scene": "S1A_IW_GRDH_1SDV_20240925T225812_20240925T225841_055828_06D27E_789A_COG.SAFE",
    "t": "2024-09-25T22:58:12+00:00",
    "sensor": "sentinel1-vv-cfar",
    "uncertainty_m": 7.6
   }
  },
  {
   "type": "Feature",
   "geometry": {
    "type": "Point",
    "coordinates": [
     -73.75551291499457,
     36.14104382304616
    ]
   },
   "properties": {
    "confidence": 0.318,
    "snr": 6.37,
    "peak_dn": 174.0,
    "background_dn": 61.1,
    "sigma_dn": 17.74,
    "pixels": 2,
    "length_m_approx": 14.1,
    "pixel": [
     21262.0,
     12446.5
    ],
    "scene": "S1A_IW_GRDH_1SDV_20240925T225812_20240925T225841_055828_06D27E_789A_COG.SAFE",
    "t": "2024-09-25T22:58:12+00:00",
    "sensor": "sentinel1-vv-cfar",
    "uncertainty_m": 7.6
   }
  },
  {
   "type": "Feature",
   "geometry": {
    "type": "Point",
    "coordinates": [
     -73.754808676484,
     36.18040428209111
    ]
   },
   "properties": {
    "confidence": 0.318,
    "snr": 6.35,
    "peak_dn": 182.0,
    "background_dn": 62.6,
    "sigma_dn": 18.78,
    "pixels": 3,
    "length_m_approx": 17.3,
    "pixel": [
     21341.3,
     12870.7
    ],
    "scene": "S1A_IW_GRDH_1SDV_20240925T225812_20240925T225841_055828_06D27E_789A_COG.SAFE",
    "t": "2024-09-25T22:58:12+00:00",
    "sensor": "sentinel1-vv-cfar",
    "uncertainty_m": 9.1
   }
  },
  {
   "type": "Feature",
   "geometry": {
    "type": "Point",
    "coordinates": [
     -73.73905189545026,
     36.141902661786645
    ]
   },
   "properties": {
    "confidence": 0.316,
    "snr": 6.33,
    "peak_dn": 175.0,
    "background_dn": 63.4,
    "sigma_dn": 17.64,
    "pixels": 3,
    "length_m_approx": 17.3,
    "pixel": [
     21409.7,
     12431.7
    ],
    "scene": "S1A_IW_GRDH_1SDV_20240925T225812_20240925T225841_055828_06D27E_789A_COG.SAFE",
    "t": "2024-09-25T22:58:12+00:00",
    "sensor": "sentinel1-vv-cfar",
    "uncertainty_m": 9.1
   }
  },
  {
   "type": "Feature",
   "geometry": {
    "type": "Point",
    "coordinates": [
     -73.79737727954064,
     36.30699596190156
    ]
   },
   "properties": {
    "confidence": 0.316,
    "snr": 6.33,
    "peak_dn": 185.0,
    "background_dn": 64.3,
    "sigma_dn": 19.08,
    "pixels": 2,
    "length_m_approx": 14.1,
    "pixel": [
     21199.0,
     14300.5
    ],
    "scene": "S1A_IW_GRDH_1SDV_20240925T225812_20240925T225841_055828_06D27E_789A_COG.SAFE",
    "t": "2024-09-25T22:58:12+00:00",
    "sensor": "sentinel1-vv-cfar",
    "uncertainty_m": 7.6
   }
  },
  {
   "type": "Feature",
   "geometry": {
    "type": "Point",
    "coordinates": [
     -73.82911627540848,
     36.29232291579542
    ]
   },
   "properties": {
    "confidence": 0.312,
    "snr": 6.23,
    "peak_dn": 178.0,
    "background_dn": 63.8,
    "sigma_dn": 18.33,
    "pixels": 3,
    "length_m_approx": 17.3,
    "pixel": [
     20890.7,
     14188.3
    ],
    "scene": "S1A_IW_GRDH_1SDV_20240925T225812_20240925T225841_055828_06D27E_789A_COG.SAFE",
    "t": "2024-09-25T22:58:12+00:00",
    "sensor": "sentinel1-vv-cfar",
    "uncertainty_m": 9.1
   }
  },
  {
   "type": "Feature",
   "geometry": {
    "type": "Point",
    "coordinates": [
     -73.64071016394801,
     36.20733117974089
    ]
   },
   "properties": {
    "confidence": 0.309,
    "snr": 6.18,
    "peak_dn": 160.0,
    "background_dn": 57.1,
    "sigma_dn": 16.64,
    "pixels": 2,
    "length_m_approx": 14.1,
    "pixel": [
     22403.0,
     12995.5
    ],
    "scene": "S1A_IW_GRDH_1SDV_20240925T225812_20240925T225841_055828_06D27E_789A_COG.SAFE",
    "t": "2024-09-25T22:58:12+00:00",
    "sensor": "sentinel1-vv-cfar",
    "uncertainty_m": 7.6
   }
  },
  {
   "type": "Feature",
   "geometry": {
    "type": "Point",
    "coordinates": [
     -73.77819757041998,
     36.13528341944817
    ]
   },
   "properties": {
    "confidence": 0.305,
    "snr": 6.11,
    "peak_dn": 175.0,
    "background_dn": 63.1,
    "sigma_dn": 18.31,
    "pixels": 2,
    "length_m_approx": 14.1,
    "pixel": [
     21050.0,
     12417.5
    ],
    "scene": "S1A_IW_GRDH_1SDV_20240925T225812_20240925T225841_055828_06D27E_789A_COG.SAFE",
    "t": "2024-09-25T22:58:12+00:00",
    "sensor": "sentinel1-vv-cfar",
    "uncertainty_m": 7.6
   }
  },
  {
   "type": "Feature",
   "geometry": {
    "type": "Point",
    "coordinates": [
     -73.77126606592518,
     36.176168477016965
    ]
   },
   "properties": {
    "confidence": 0.305,
    "snr": 6.09,
    "peak_dn": 175.0,
    "background_dn": 61.8,
    "sigma_dn": 18.58,
    "pixels": 2,
    "length_m_approx": 14.1,
    "pixel": [
     21187.5,
     12849.0
    ],
    "scene": "S1A_IW_GRDH_1SDV_20240925T225812_20240925T225841_055828_06D27E_789A_COG.SAFE",
    "t": "2024-09-25T22:58:12+00:00",
    "sensor": "sentinel1-vv-cfar",
    "uncertainty_m": 7.6
   }
  },
  {
   "type": "Feature",
   "geometry": {
    "type": "Point",
    "coordinates": [
     -73.62402811108981,
     36.27289213223054
    ]
   },
   "properties": {
    "confidence": 0.45,
    "snr": 9.0,
    "peak_dn": 209.0,
    "background_dn": 58.3,
    "sigma_dn": 16.74,
    "pixels": 6,
    "length_m_approx": 24.5,
    "pixel": [
     22671.5,
     13680.0
    ],
    "scene": "S1A_IW_GRDH_1SDV_20240925T225812_20240925T225841_055828_06D27E_789A_COG.SAFE",
    "t": "2024-09-25T22:58:12+00:00",
    "sensor": "sentinel1-vv-cfar",
    "uncertainty_m": 12.5
   }
  },
  {
   "type": "Feature",
   "geometry": {
    "type": "Point",
    "coordinates": [
     -73.58440521562574,
     36.25908720908218
    ]
   },
   "properties": {
    "confidence": 0.407,
    "snr": 8.15,
    "peak_dn": 182.0,
    "background_dn": 54.7,
    "sigma_dn": 15.63,
    "pixels": 3,
    "length_m_approx": 17.3,
    "pixel": [
     22997.3,
     13473.3
    ],
    "scene": "S1A_IW_GRDH_1SDV_20240925T225812_20240925T225841_055828_06D27E_789A_COG.SAFE",
    "t": "2024-09-25T22:58:12+00:00",
    "sensor": "sentinel1-vv-cfar",
    "uncertainty_m": 9.1
   }
  },
  {
   "type": "Feature",
   "geometry": {
    "type": "Point",
    "coordinates": [
     -73.43755239897013,
     36.33517492507108
    ]
   },
   "properties": {
    "confidence": 0.404,
    "snr": 8.07,
    "peak_dn": 179.0,
    "background_dn": 56.9,
    "sigma_dn": 15.12,
    "pixels": 3,
    "length_m_approx": 17.3,
    "pixel": [
     24437.3,
     14085.3
    ],
    "scene": "S1A_IW_GRDH_1SDV_20240925T225812_20240925T225841_055828_06D27E_789A_COG.SAFE",
    "t": "2024-09-25T22:58:12+00:00",
    "sensor": "sentinel1-vv-cfar",
    "uncertainty_m": 9.1
   }
  },
  {
   "type": "Feature",
   "geometry": {
    "type": "Point",
    "coordinates": [
     -73.6115438518049,
     36.17165118105642
    ]
   },
   "properties": {
    "confidence": 0.379,
    "snr": 7.58,
    "peak_dn": 172.0,
    "background_dn": 53.7,
    "sigma_dn": 15.6,
    "pixels": 2,
    "length_m_approx": 14.1,
    "pixel": [
     22596.0,
     12567.5
    ],
    "scene": "S1A_IW_GRDH_1SDV_20240925T225812_20240925T225841_055828_06D27E_789A_COG.SAFE",
    "t": "2024-09-25T22:58:12+00:00",
    "sensor": "sentinel1-vv-cfar",
    "uncertainty_m": 7.6
   }
  },
  {
   "type": "Feature",
   "geometry": {
    "type": "Point",
    "coordinates": [
     -73.58426844798475,
     36.25844874073552
    ]
   },
   "properties": {
    "confidence": 0.372,
    "snr": 7.44,
    "peak_dn": 172.0,
    "background_dn": 54.6,
    "sigma_dn": 15.79,
    "pixels": 5,
    "length_m_approx": 22.4,
    "pixel": [
     22997.4,
     13466.2
    ],
    "scene": "S1A_IW_GRDH_1SDV_20240925T225812_20240925T225841_055828_06D27E_789A_COG.SAFE",
    "t": "2024-09-25T22:58:12+00:00",
    "sensor": "sentinel1-vv-cfar",
    "uncertainty_m": 11.5
   }
  },
  {
   "type": "Feature",
   "geometry": {
    "type": "Point",
    "coordinates": [
     -73.43812252451012,
     36.254933621097635
    ]
   },
   "properties": {
    "confidence": 0.36,
    "snr": 7.2,
    "peak_dn": 172.0,
    "background_dn": 56.9,
    "sigma_dn": 15.99,
    "pixels": 2,
    "length_m_approx": 14.1,
    "pixel": [
     24286.5,
     13218.0
    ],
    "scene": "S1A_IW_GRDH_1SDV_20240925T225812_20240925T225841_055828_06D27E_789A_COG.SAFE",
    "t": "2024-09-25T22:58:12+00:00",
    "sensor": "sentinel1-vv-cfar",
    "uncertainty_m": 7.6
   }
  },
  {
   "type": "Feature",
   "geometry": {
    "type": "Point",
    "coordinates": [
     -73.4771873778256,
     36.29767723732197
    ]
   },
   "properties": {
    "confidence": 0.358,
    "snr": 7.16,
    "peak_dn": 173.0,
    "background_dn": 58.4,
    "sigma_dn": 16.01,
    "pixels": 2,
    "length_m_approx": 14.1,
    "pixel": [
     24018.0,
     13736.5
    ],
    "scene": "S1A_IW_GRDH_1SDV_20240925T225812_20240925T225841_055828_06D27E_789A_COG.SAFE",
    "t": "2024-09-25T22:58:12+00:00",
    "sensor": "sentinel1-vv-cfar",
    "uncertainty_m": 7.6
   }
  },
  {
   "type": "Feature",
   "geometry": {
    "type": "Point",
    "coordinates": [
     -73.47437736971473,
     36.1926972344229
    ]
   },
   "properties": {
    "confidence": 0.348,
    "snr": 6.97,
    "peak_dn": 166.0,
    "background_dn": 57.1,
    "sigma_dn": 15.63,
    "pixels": 2,
    "length_m_approx": 14.1,
    "pixel": [
     23851.5,
     12597.0
    ],
    "scene": "S1A_IW_GRDH_1SDV_20240925T225812_20240925T225841_055828_06D27E_789A_COG.SAFE",
    "t": "2024-09-25T22:58:12+00:00",
    "sensor": "sentinel1-vv-cfar",
    "uncertainty_m": 7.6
   }
  },
  {
   "type": "Feature",
   "geometry": {
    "type": "Point",
    "coordinates": [
     -73.59641090730534,
     36.288375594110136
    ]
   },
   "properties": {
    "confidence": 0.338,
    "snr": 6.77,
    "peak_dn": 154.0,
    "background_dn": 52.4,
    "sigma_dn": 15.02,
    "pixels": 3,
    "length_m_approx": 17.3,
    "pixel": [
     22944.7,
     13807.3
    ],
    "scene": "S1A_IW_GRDH_1SDV_20240925T225812_20240925T225841_055828_06D27E_789A_COG.SAFE",
    "t": "2024-09-25T22:58:12+00:00",
    "sensor": "sentinel1-vv-cfar",
    "uncertainty_m": 9.1
   }
  },
  {
   "type": "Feature",
   "geometry": {
    "type": "Point",
    "coordinates": [
     -73.47752607011259,
     36.23758320415463
    ]
   },
   "properties": {
    "confidence": 0.331,
    "snr": 6.61,
    "peak_dn": 162.0,
    "background_dn": 57.4,
    "sigma_dn": 15.83,
    "pixels": 2,
    "length_m_approx": 14.1,
    "pixel": [
     23905.5,
     13087.0
    ],
    "scene": "S1A_IW_GRDH_1SDV_20240925T225812_20240925T225841_055828_06D27E_789A_COG.SAFE",
    "t": "2024-09-25T22:58:12+00:00",
    "sensor": "sentinel1-vv-cfar",
    "uncertainty_m": 7.6
   }
  },
  {
   "type": "Feature",
   "geometry": {
    "type": "Point",
    "coordinates": [
     -73.52729954863656,
     36.20142142641308
    ]
   },
   "properties": {
    "confidence": 0.327,
    "snr": 6.55,
    "peak_dn": 160.0,
    "background_dn": 56.8,
    "sigma_dn": 15.76,
    "pixels": 2,
    "length_m_approx": 14.1,
    "pixel": [
     23398.0,
     12767.5
    ],
    "scene": "S1A_IW_GRDH_1SDV_20240925T225812_20240925T225841_055828_06D27E_789A_COG.SAFE",
    "t": "2024-09-25T22:58:12+00:00",
    "sensor": "sentinel1-vv-cfar",
    "uncertainty_m": 7.6
   }
  },
  {
   "type": "Feature",
   "geometry": {
    "type": "Point",
    "coordinates": [
     -73.62055802061442,
     36.312212131555555
    ]
   },
   "properties": {
    "confidence": 0.324,
    "snr": 6.47,
    "peak_dn": 166.0,
    "background_dn": 58.6,
    "sigma_dn": 16.6,
    "pixels": 2,
    "length_m_approx": 14.1,
    "pixel": [
     22774.5,
     14100.0
    ],
    "scene": "S1A_IW_GRDH_1SDV_20240925T225812_20240925T225841_055828_06D27E_789A_COG.SAFE",
    "t": "2024-09-25T22:58:12+00:00",
    "sensor": "sentinel1-vv-cfar",
    "uncertainty_m": 7.6
   }
  },
  {
   "type": "Feature",
   "geometry": {
    "type": "Point",
    "coordinates": [
     -73.61653655491628,
     36.223434892689234
    ]
   },
   "properties": {
    "confidence": 0.322,
    "snr": 6.44,
    "peak_dn": 159.0,
    "background_dn": 55.8,
    "sigma_dn": 16.03,
    "pixels": 2,
    "length_m_approx": 14.1,
    "pixel": [
     22647.0,
     13134.5
    ],
    "scene": "S1A_IW_GRDH_1SDV_20240925T225812_20240925T225841_055828_06D27E_789A_COG.SAFE",
    "t": "2024-09-25T22:58:12+00:00",
    "sensor": "sentinel1-vv-cfar",
    "uncertainty_m": 7.6
   }
  },
  {
   "type": "Feature",
   "geometry": {
    "type": "Point",
    "coordinates": [
     -73.43343859281393,
     36.19282895576791
    ]
   },
   "properties": {
    "confidence": 0.322,
    "snr": 6.43,
    "peak_dn": 155.0,
    "background_dn": 57.3,
    "sigma_dn": 15.19,
    "pixels": 2,
    "length_m_approx": 14.1,
    "pixel": [
     24215.0,
     12539.5
    ],
    "scene": "S1A_IW_GRDH_1SDV_20240925T225812_20240925T225841_055828_06D27E_789A_COG.SAFE",
    "t": "2024-09-25T22:58:12+00:00",
    "sensor": "sentinel1-vv-cfar",
    "uncertainty_m": 7.6
   }
  },
  {
   "type": "Feature",
   "geometry": {
    "type": "Point",
    "coordinates": [
     -73.58532527531952,
     36.18844787472368
    ]
   },
   "properties": {
    "confidence": 0.319,
    "snr": 6.37,
    "peak_dn": 149.0,
    "background_dn": 53.6,
    "sigma_dn": 14.97,
    "pixels": 2,
    "length_m_approx": 14.1,
    "pixel": [
     22859.5,
     12711.0
    ],
    "scene": "S1A_IW_GRDH_1SDV_20240925T225812_20240925T225841_055828_06D27E_789A_COG.SAFE",
    "t": "2024-09-25T22:58:12+00:00",
    "sensor": "sentinel1-vv-cfar",
    "uncertainty_m": 7.6
   }
  },
  {
   "type": "Feature",
   "geometry": {
    "type": "Point",
    "coordinates": [
     -73.51141253407383,
     36.28795378948697
    ]
   },
   "properties": {
    "confidence": 0.318,
    "snr": 6.35,
    "peak_dn": 155.0,
    "background_dn": 57.7,
    "sigma_dn": 15.32,
    "pixels": 2,
    "length_m_approx": 14.1,
    "pixel": [
     23697.0,
     13680.5
    ],
    "scene": "S1A_IW_GRDH_1SDV_20240925T225812_20240925T225841_055828_06D27E_789A_COG.SAFE",
    "t": "2024-09-25T22:58:12+00:00",
    "sensor": "sentinel1-vv-cfar",
    "uncertainty_m": 7.6
   }
  },
  {
   "type": "Feature",
   "geometry": {
    "type": "Point",
    "coordinates": [
     -73.46594506903915,
     36.33333000389478
    ]
   },
   "properties": {
    "confidence": 0.313,
    "snr": 6.26,
    "peak_dn": 152.0,
    "background_dn": 56.6,
    "sigma_dn": 15.24,
    "pixels": 2,
    "length_m_approx": 14.1,
    "pixel": [
     24182.5,
     14106.0
    ],
    "scene": "S1A_IW_GRDH_1SDV_20240925T225812_20240925T225841_055828_06D27E_789A_COG.SAFE",
    "t": "2024-09-25T22:58:12+00:00",
    "sensor": "sentinel1-vv-cfar",
    "uncertainty_m": 7.6
   }
  },
  {
   "type": "Feature",
   "geometry": {
    "type": "Point",
    "coordinates": [
     -73.53362617332144,
     36.24547306302072
    ]
   },
   "properties": {
    "confidence": 0.312,
    "snr": 6.23,
    "peak_dn": 164.0,
    "background_dn": 58.4,
    "sigma_dn": 16.95,
    "pixels": 2,
    "length_m_approx": 14.1,
    "pixel": [
     23422.5,
     13253.0
    ],
    "scene": "S1A_IW_GRDH_1SDV_20240925T225812_20240925T225841_055828_06D27E_789A_COG.SAFE",
    "t": "2024-09-25T22:58:12+00:00",
    "sensor": "sentinel1-vv-cfar",
    "uncertainty_m": 7.6
   }
  },
  {
   "type": "Feature",
   "geometry": {
    "type": "Point",
    "coordinates": [
     -73.59640535656297,
     36.280899552751336
    ]
   },
   "properties": {
    "confidence": 0.307,
    "snr": 6.14,
    "peak_dn": 151.0,
    "background_dn": 54.3,
    "sigma_dn": 15.75,
    "pixels": 2,
    "length_m_approx": 14.1,
    "pixel": [
     22931.0,
     13726.5
    ],
    "scene": "S1A_IW_GRDH_1SDV_20240925T225812_20240925T225841_055828_06D27E_789A_COG.SAFE",
    "t": "2024-09-25T22:58:12+00:00",
    "sensor": "sentinel1-vv-cfar",
    "uncertainty_m": 7.6
   }
  },
  {
   "type": "Feature",
   "geometry": {
    "type": "Point",
    "coordinates": [
     -73.60238293289957,
     36.178293591704374
    ]
   },
   "properties": {
    "confidence": 0.306,
    "snr": 6.13,
    "peak_dn": 152.0,
    "background_dn": 55.2,
    "sigma_dn": 15.8,
    "pixels": 2,
    "length_m_approx": 14.1,
    "pixel": [
     22689.5,
     12626.0
    ],
    "scene": "S1A_IW_GRDH_1SDV_20240925T225812_20240925T225841_055828_06D27E_789A_COG.SAFE",
    "t": "2024-09-25T22:58:12+00:00",
    "sensor": "sentinel1-vv-cfar",
    "uncertainty_m": 7.6
   }
  },
  {
   "type": "Feature",
   "geometry": {
    "type": "Point",
    "coordinates": [
     -73.34281759498846,
     36.21819678602695
    ]
   },
   "properties": {
    "confidence": 0.338,
    "snr": 6.75,
    "peak_dn": 166.0,
    "background_dn": 59.9,
    "sigma_dn": 15.72,
    "pixels": 2,
    "length_m_approx": 14.1,
    "pixel": [
     25065.0,
     12684.5
    ],
    "scene": "S1A_IW_GRDH_1SDV_20240925T225812_20240925T225841_055828_06D27E_789A_COG.SAFE",
    "t": "2024-09-25T22:58:12+00:00",
    "sensor": "sentinel1-vv-cfar",
    "uncertainty_m": 7.6
   }
  },
  {
   "type": "Feature",
   "geometry": {
    "type": "Point",
    "coordinates": [
     -73.39738846540088,
     36.36218866766437
    ]
   },
   "properties": {
    "confidence": 0.312,
    "snr": 6.23,
    "peak_dn": 157.0,
    "background_dn": 59.1,
    "sigma_dn": 15.72,
    "pixels": 2,
    "length_m_approx": 14.1,
    "pixel": [
     24842.0,
     14320.5
    ],
    "scene": "S1A_IW_GRDH_1SDV_20240925T225812_20240925T225841_055828_06D27E_789A_COG.SAFE",
    "t": "2024-09-25T22:58:12+00:00",
    "sensor": "sentinel1-vv-cfar",
    "uncertainty_m": 7.6
   }
  },
  {
   "type": "Feature",
   "geometry": {
    "type": "Point",
    "coordinates": [
     -73.39085210342226,
     36.329134854654235
    ]
   },
   "properties": {
    "confidence": 0.303,
    "snr": 6.07,
    "peak_dn": 149.0,
    "background_dn": 58.4,
    "sigma_dn": 14.93,
    "pixels": 2,
    "length_m_approx": 14.1,
    "pixel": [
     24840.0,
     13953.5
    ],
    "scene": "S1A_IW_GRDH_1SDV_20240925T225812_20240925T225841_055828_06D27E_789A_COG.SAFE",
    "t": "2024-09-25T22:58:12+00:00",
    "sensor": "sentinel1-vv-cfar",
    "uncertainty_m": 7.6
   }
  },
  {
   "type": "Feature",
   "geometry": {
    "type": "Point",
    "coordinates": [
     -75.00977244296973,
     36.15009570532694
    ]
   },
   "properties": {
    "confidence": 0.427,
    "snr": 8.54,
    "peak_dn": 148.0,
    "background_dn": 44.3,
    "sigma_dn": 12.14,
    "pixels": 4,
    "length_m_approx": 20.0,
    "pixel": [
     10162.5,
     14444.5
    ],
    "scene": "S1A_IW_GRDH_1SDV_20240925T225812_20240925T225841_055828_06D27E_789A_COG.SAFE",
    "t": "2024-09-25T22:58:12+00:00",
    "sensor": "sentinel1-vv-cfar",
    "uncertainty_m": 10.4
   }
  },
  {
   "type": "Feature",
   "geometry": {
    "type": "Point",
    "coordinates": [
     -75.09784396080607,
     36.14965098497974
    ]
   },
   "properties": {
    "confidence": 0.391,
    "snr": 7.82,
    "peak_dn": 216.0,
    "background_dn": 64.8,
    "sigma_dn": 19.34,
    "pixels": 5,
    "length_m_approx": 22.4,
    "pixel": [
     9382.0,
     14578.2
    ],
    "scene": "S1A_IW_GRDH_1SDV_20240925T225812_20240925T225841_055828_06D27E_789A_COG.SAFE",
    "t": "2024-09-25T22:58:12+00:00",
    "sensor": "sentinel1-vv-cfar",
    "uncertainty_m": 11.5
   }
  },
  {
   "type": "Feature",
   "geometry": {
    "type": "Point",
    "coordinates": [
     -75.07875291398139,
     36.14316516859036
    ]
   },
   "properties": {
    "confidence": 0.37,
    "snr": 7.39,
    "peak_dn": 192.0,
    "background_dn": 60.3,
    "sigma_dn": 17.82,
    "pixels": 2,
    "length_m_approx": 14.1,
    "pixel": [
     9538.0,
     14478.5
    ],
    "scene": "S1A_IW_GRDH_1SDV_20240925T225812_20240925T225841_055828_06D27E_789A_COG.SAFE",
    "t": "2024-09-25T22:58:12+00:00",
    "sensor": "sentinel1-vv-cfar",
    "uncertainty_m": 7.6
   }
  },
  {
   "type": "Feature",
   "geometry": {
    "type": "Point",
    "coordinates": [
     -75.11501940904192,
     36.19108613974562
    ]
   },
   "properties": {
    "confidence": 0.363,
    "snr": 7.26,
    "peak_dn": 202.0,
    "background_dn": 65.7,
    "sigma_dn": 18.79,
    "pixels": 2,
    "length_m_approx": 14.1,
    "pixel": [
     9313.0,
     15050.5
    ],
    "scene": "S1A_IW_GRDH_1SDV_20240925T225812_20240925T225841_055828_06D27E_789A_COG.SAFE",
    "t": "2024-09-25T22:58:12+00:00",
    "sensor": "sentinel1-vv-cfar",
    "uncertainty_m": 7.6
   }
  },
  {
   "type": "Feature",
   "geometry": {
    "type": "Point",
    "coordinates": [
     -75.02648933162965,
     36.15834941317033
    ]
   },
   "properties": {
    "confidence": 0.36,
    "snr": 7.2,
    "peak_dn": 145.0,
    "background_dn": 48.7,
    "sigma_dn": 13.37,
    "pixels": 2,
    "length_m_approx": 14.1,
    "pixel": [
     10031.0,
     14559.5
    ],
    "scene": "S1A_IW_GRDH_1SDV_20240925T225812_20240925T225841_055828_06D27E_789A_COG.SAFE",
    "t": "2024-09-25T22:58:12+00:00",
    "sensor": "sentinel1-vv-cfar",
    "uncertainty_m": 7.6
   }
  },
  {
   "type": "Feature",
   "geometry": {
    "type": "Point",
    "coordinates": [
     -75.08575043917571,
     36.26594045010501
    ]
   },
   "properties": {
    "confidence": 0.352,
    "snr": 7.04,
    "peak_dn": 185.0,
    "background_dn": 58.7,
    "sigma_dn": 17.95,
    "pixels": 2,
    "length_m_approx": 14.1,
    "pixel": [
     9721.5,
     15809.0
    ],
    "scene": "S1A_IW_GRDH_1SDV_20240925T225812_20240925T225841_055828_06D27E_789A_COG.SAFE",
    "t": "2024-09-25T22:58:12+00:00",
    "sensor": "sentinel1-vv-cfar",
    "uncertainty_m": 7.6
   }
  },
  {
   "type": "Feature",
   "geometry": {
    "type": "Point",
    "coordinates": [
     -75.11829831369492,
     36.260380840100815
    ]
   },
   "properties": {
    "confidence": 0.335,
    "snr": 6.7,
    "peak_dn": 187.0,
    "background_dn": 62.8,
    "sigma_dn": 18.52,
    "pixels": 3,
    "length_m_approx": 17.3,
    "pixel": [
     9422.7,
     15800.3
    ],
    "scene": "S1A_IW_GRDH_1SDV_20240925T225812_20240925T225841_055828_06D27E_789A_COG.SAFE",
    "t": "2024-09-25T22:58:12+00:00",
    "sensor": "sentinel1-vv-cfar",
    "uncertainty_m": 9.1
   }
  },
  {
   "type": "Feature",
   "geometry": {
    "type": "Point",
    "coordinates": [
     -75.07964014233475,
     36.289999440011634
    ]
   },
   "properties": {
    "confidence": 0.318,
    "snr": 6.37,
    "peak_dn": 168.0,
    "background_dn": 58.7,
    "sigma_dn": 17.16,
    "pixels": 2,
    "length_m_approx": 14.1,
    "pixel": [
     9823.5,
     16058.0
    ],
    "scene": "S1A_IW_GRDH_1SDV_20240925T225812_20240925T225841_055828_06D27E_789A_COG.SAFE",
    "t": "2024-09-25T22:58:12+00:00",
    "sensor": "sentinel1-vv-cfar",
    "uncertainty_m": 7.6
   }
  },
  {
   "type": "Feature",
   "geometry": {
    "type": "Point",
    "coordinates": [
     -75.1520388522572,
     36.20411593747327
    ]
   },
   "properties": {
    "confidence": 0.317,
    "snr": 6.34,
    "peak_dn": 190.0,
    "background_dn": 67.8,
    "sigma_dn": 19.28,
    "pixels": 3,
    "length_m_approx": 17.3,
    "pixel": [
     9011.7,
     15248.7
    ],
    "scene": "S1A_IW_GRDH_1SDV_20240925T225812_20240925T225841_055828_06D27E_789A_COG.SAFE",
    "t": "2024-09-25T22:58:12+00:00",
    "sensor": "sentinel1-vv-cfar",
    "uncertainty_m": 9.1
   }
  },
  {
   "type": "Feature",
   "geometry": {
    "type": "Point",
    "coordinates": [
     -75.02261535719776,
     36.255813512432276
    ]
   },
   "properties": {
    "confidence": 0.472,
    "snr": 9.44,
    "peak_dn": 177.0,
    "background_dn": 47.8,
    "sigma_dn": 13.68,
    "pixels": 6,
    "length_m_approx": 24.5,
    "pixel": [
     10259.5,
     15601.0
    ],
    "scene": "S1A_IW_GRDH_1SDV_20240925T225812_20240925T225841_055828_06D27E_789A_COG.SAFE",
    "t": "2024-09-25T22:58:12+00:00",
    "sensor": "sentinel1-vv-cfar",
    "uncertainty_m": 12.5
   }
  },
  {
   "type": "Feature",
   "geometry": {
    "type": "Point",
    "coordinates": [
     -74.82031488867169,
     36.174663249556744
    ]
   },
   "properties": {
    "confidence": 0.422,
    "snr": 8.45,
    "peak_dn": 189.0,
    "background_dn": 53.7,
    "sigma_dn": 16.01,
    "pixels": 4,
    "length_m_approx": 20.0,
    "pixel": [
     11888.5,
     14413.5
    ],
    "scene": "S1A_IW_GRDH_1SDV_20240925T225812_20240925T225841_055828_06D27E_789A_COG.SAFE",
    "t": "2024-09-25T22:58:12+00:00",
    "sensor": "sentinel1-vv-cfar",
    "uncertainty_m": 10.4
   }
  },
  {
   "type": "Feature",
   "geometry": {
    "type": "Point",
    "coordinates": [
     -74.93696573229141,
     36.19187047562634
    ]
   },
   "properties": {
    "confidence": 0.411,
    "snr": 8.22,
    "peak_dn": 123.0,
    "background_dn": 39.0,
    "sigma_dn": 10.22,
    "pixels": 5,
    "length_m_approx": 22.4,
    "pixel": [
     10890.0,
     14780.0
    ],
    "scene": "S1A_IW_GRDH_1SDV_20240925T225812_20240925T225841_055828_06D27E_789A_COG.SAFE",
    "t": "2024-09-25T22:58:12+00:00",
    "sensor": "sentinel1-vv-cfar",
    "uncertainty_m": 11.5
   }
  },
  {
   "type": "Feature",
   "geometry": {
    "type": "Point",
    "coordinates": [
     -74.83885142255197,
     36.25167133200861
    ]
   },
   "properties": {
    "confidence": 0.398,
    "snr": 7.96,
    "peak_dn": 182.0,
    "background_dn": 53.2,
    "sigma_dn": 16.19,
    "pixels": 3,
    "length_m_approx": 17.3,
    "pixel": [
     11876.3,
     15270.7
    ],
    "scene": "S1A_IW_GRDH_1SDV_20240925T225812_20240925T225841_055828_06D27E_789A_COG.SAFE",
    "t": "2024-09-25T22:58:12+00:00",
    "sensor": "sentinel1-vv-cfar",
    "uncertainty_m": 9.1
   }
  },
  {
   "type": "Feature",
   "geometry": {
    "type": "Point",
    "coordinates": [
     -74.82052637234884,
     36.18778577487059
    ]
   },
   "properties": {
    "confidence": 0.396,
    "snr": 7.92,
    "peak_dn": 191.0,
    "background_dn": 55.8,
    "sigma_dn": 17.07,
    "pixels": 6,
    "length_m_approx": 24.5,
    "pixel": [
     11912.5,
     14555.0
    ],
    "scene": "S1A_IW_GRDH_1SDV_20240925T225812_20240925T225841_055828_06D27E_789A_COG.SAFE",
    "t": "2024-09-25T22:58:12+00:00",
    "sensor": "sentinel1-vv-cfar",
    "uncertainty_m": 12.5
   }
  },
  {
   "type": "Feature",
   "geometry": {
    "type": "Point",
    "coordinates": [
     -74.90726552472668,
     36.343368535045315
    ]
   },
   "properties": {
    "confidence": 0.384,
    "snr": 7.69,
    "peak_dn": 156.0,
    "background_dn": 51.2,
    "sigma_dn": 13.63,
    "pixels": 2,
    "length_m_approx": 14.1,
    "pixel": [
     11452.5,
     16363.0
    ],
    "scene": "S1A_IW_GRDH_1SDV_20240925T225812_20240925T225841_055828_06D27E_789A_COG.SAFE",
    "t": "2024-09-25T22:58:12+00:00",
    "sensor": "sentinel1-vv-cfar",
    "uncertainty_m": 7.6
   }
  },
  {
   "type": "Feature",
   "geometry": {
    "type": "Point",
    "coordinates": [
     -74.89413020015172,
     36.23561839415805
    ]
   },
   "properties": {
    "confidence": 0.371,
    "snr": 7.42,
    "peak_dn": 153.0,
    "background_dn": 44.4,
    "sigma_dn": 14.64,
    "pixels": 3,
    "length_m_approx": 17.3,
    "pixel": [
     11355.7,
     15183.7
    ],
    "scene": "S1A_IW_GRDH_1SDV_20240925T225812_20240925T225841_055828_06D27E_789A_COG.SAFE",
    "t": "2024-09-25T22:58:12+00:00",
    "sensor": "sentinel1-vv-cfar",
    "uncertainty_m": 9.1
   }
  },
  {
   "type": "Feature",
   "geometry": {
    "type": "Point",
    "coordinates": [
     -74.85748395712497,
     36.275748567839855
    ]
   },
   "properties": {
    "confidence": 0.364,
    "snr": 7.28,
    "peak_dn": 157.0,
    "background_dn": 52.1,
    "sigma_dn": 14.4,
    "pixels": 2,
    "length_m_approx": 14.1,
    "pixel": [
     11759.0,
     15558.5
    ],
    "scene": "S1A_IW_GRDH_1SDV_20240925T225812_20240925T225841_055828_06D27E_789A_COG.SAFE",
    "t": "2024-09-25T22:58:12+00:00",
    "sensor": "sentinel1-vv-cfar",
    "uncertainty_m": 7.6
   }
  },
  {
   "type": "Feature",
   "geometry": {
    "type": "Point",
    "coordinates": [
     -74.82798648703239,
     36.20871868186976
    ]
   },
   "properties": {
    "confidence": 0.364,
    "snr": 7.28,
    "peak_dn": 172.0,
    "background_dn": 53.8,
    "sigma_dn": 16.25,
    "pixels": 4,
    "length_m_approx": 20.0,
    "pixel": [
     11887.8,
     14791.8
    ],
    "scene": "S1A_IW_GRDH_1SDV_20240925T225812_20240925T225841_055828_06D27E_789A_COG.SAFE",
    "t": "2024-09-25T22:58:12+00:00",
    "sensor": "sentinel1-vv-cfar",
    "uncertainty_m": 10.4
   }
  },
  {
   "type": "Feature",
   "geometry": {
    "type": "Point",
    "coordinates": [
     -74.88431686121949,
     36.25915518236328
    ]
   },
   "properties": {
    "confidence": 0.362,
    "snr": 7.25,
    "peak_dn": 141.0,
    "background_dn": 44.2,
    "sigma_dn": 13.35,
    "pixels": 2,
    "length_m_approx": 14.1,
    "pixel": [
     11489.0,
     15421.5
    ],
    "scene": "S1A_IW_GRDH_1SDV_20240925T225812_20240925T225841_055828_06D27E_789A_COG.SAFE",
    "t": "2024-09-25T22:58:12+00:00",
    "sensor": "sentinel1-vv-cfar",
    "uncertainty_m": 7.6
   }
  },
  {
   "type": "Feature",
   "geometry": {
    "type": "Point",
    "coordinates": [
     -74.82545256169689,
     36.178199961060166
    ]
   },
   "properties": {
    "confidence": 0.361,
    "snr": 7.23,
    "peak_dn": 167.0,
    "background_dn": 52.2,
    "sigma_dn": 15.89,
    "pixels": 2,
    "length_m_approx": 14.1,
    "pixel": [
     11850.0,
     14459.5
    ],
    "scene": "S1A_IW_GRDH_1SDV_20240925T225812_20240925T225841_055828_06D27E_789A_COG.SAFE",
    "t": "2024-09-25T22:58:12+00:00",
    "sensor": "sentinel1-vv-cfar",
    "uncertainty_m": 7.6
   }
  },
  {
   "type": "Feature",
   "geometry": {
    "type": "Point",
    "coordinates": [
     -74.89505476396234,
     36.28073282360771
    ]
   },
   "properties": {
    "confidence": 0.361,
    "snr": 7.21,
    "peak_dn": 139.0,
    "background_dn": 46.7,
    "sigma_dn": 12.79,
    "pixels": 3,
    "length_m_approx": 17.3,
    "pixel": [
     11436.7,
     15670.3
    ],
    "scene": "S1A_IW_GRDH_1SDV_20240925T225812_20240925T225841_055828_06D27E_789A_COG.SAFE",
    "t": "2024-09-25T22:58:12+00:00",
    "sensor": "sentinel1-vv-cfar",
    "uncertainty_m": 9.1
   }
  },
  {
   "type": "Feature",
   "geometry": {
    "type": "Point",
    "coordinates": [
     -74.80543236813239,
     36.18949209513597
    ]
   },
   "properties": {
    "confidence": 0.36,
    "snr": 7.2,
    "peak_dn": 176.0,
    "background_dn": 57.0,
    "sigma_dn": 16.54,
    "pixels": 2,
    "length_m_approx": 14.1,
    "pixel": [
     12049.5,
     14550.0
    ],
    "scene": "S1A_IW_GRDH_1SDV_20240925T225812_20240925T225841_055828_06D27E_789A_COG.SAFE",
    "t": "2024-09-25T22:58:12+00:00",
    "sensor": "sentinel1-vv-cfar",
    "uncertainty_m": 7.6
   }
  },
  {
   "type": "Feature",
   "geometry": {
    "type": "Point",
    "coordinates": [
     -74.90447007178304,
     36.17087070199261
    ]
   },
   "properties": {
    "confidence": 0.355,
    "snr": 7.1,
    "peak_dn": 145.0,
    "background_dn": 47.8,
    "sigma_dn": 13.7,
    "pixels": 2,
    "length_m_approx": 14.1,
    "pixel": [
     11136.0,
     14503.5
    ],
    "scene": "S1A_IW_GRDH_1SDV_20240925T225812_20240925T225841_055828_06D27E_789A_COG.SAFE",
    "t": "2024-09-25T22:58:12+00:00",
    "sensor": "sentinel1-vv-cfar",
    "uncertainty_m": 7.6
   }
  },
  {
   "type": "Feature",
   "geometry": {
    "type": "Point",
    "coordinates": [
     -74.95335382155018,
     36.301550630095
    ]
   },
   "properties": {
    "confidence": 0.349,
    "snr": 6.98,
    "peak_dn": 112.0,
    "background_dn": 39.2,
    "sigma_dn": 10.43,
    "pixels": 2,
    "length_m_approx": 14.1,
    "pixel": [
     10962.5,
     15985.0
    ],
    "scene": "S1A_IW_GRDH_1SDV_20240925T225812_20240925T225841_055828_06D27E_789A_COG.SAFE",
    "t": "2024-09-25T22:58:12+00:00",
    "sensor": "sentinel1-vv-cfar",
    "uncertainty_m": 7.6
   }
  },
  {
   "type": "Feature",
   "geometry": {
    "type": "Point",
    "coordinates": [
     -74.7943990894894,
     36.20618187608379
    ]
   },
   "properties": {
    "confidence": 0.349,
    "snr": 6.97,
    "peak_dn": 166.0,
    "background_dn": 54.7,
    "sigma_dn": 15.96,
    "pixels": 2,
    "length_m_approx": 14.1,
    "pixel": [
     12180.0,
     14712.5
    ],
    "scene": "S1A_IW_GRDH_1SDV_20240925T225812_20240925T225841_055828_06D27E_789A_COG.SAFE",
    "t": "2024-09-25T22:58:12+00:00",
    "sensor": "sentinel1-vv-cfar",
    "uncertainty_m": 7.6
   }
  },
  {
   "type": "Feature",
   "geometry": {
    "type": "Point",
    "coordinates": [
     -74.88109210780061,
     36.213084371055054
    ]
   },
   "properties": {
    "confidence": 0.348,
    "snr": 6.97,
    "peak_dn": 112.0,
    "background_dn": 37.3,
    "sigma_dn": 10.72,
    "pixels": 2,
    "length_m_approx": 14.1,
    "pixel": [
     11426.5,
     14921.0
    ],
    "scene": "S1A_IW_GRDH_1SDV_20240925T225812_20240925T225841_055828_06D27E_789A_COG.SAFE",
    "t": "2024-09-25T22:58:12+00:00",
    "sensor": "sentinel1-vv-cfar",
    "uncertainty_m": 7.6
   }
  },
  {
   "type": "Feature",
   "geometry": {
    "type": "Point",
    "coordinates": [
     -74.93782682678524,
     36.18360820158002
    ]
   },
   "properties": {
    "confidence": 0.34,
    "snr": 6.8,
    "peak_dn": 115.0,
    "background_dn": 38.7,
    "sigma_dn": 11.21,
    "pixels": 2,
    "length_m_approx": 14.1,
    "pixel": [
     10866.0,
     14692.5
    ],
    "scene": "S1A_IW_GRDH_1SDV_20240925T225812_20240925T225841_055828_06D27E_789A_COG.SAFE",
    "t": "2024-09-25T22:58:12+00:00",
    "sensor": "sentinel1-vv-cfar",
    "uncertainty_m": 7.6
   }
  },
  {
   "type": "Feature",
   "geometry": {
    "type": "Point",
    "coordinates": [
     -74.9034519987543,
     36.19938217877831
    ]
   },
   "properties": {
    "confidence": 0.339,
    "snr": 6.79,
    "peak_dn": 119.0,
    "background_dn": 36.3,
    "sigma_dn": 12.18,
    "pixels": 4,
    "length_m_approx": 20.0,
    "pixel": [
     11201.5,
     14808.5
    ],
    "scene": "S1A_IW_GRDH_1SDV_20240925T225812_20240925T225841_055828_06D27E_789A_COG.SAFE",
    "t": "2024-09-25T22:58:12+00:00",
    "sensor": "sentinel1-vv-cfar",
    "uncertainty_m": 10.4
   }
  },
  {
   "type": "Feature",
   "geometry": {
    "type": "Point",
    "coordinates": [
     -74.8473122688028,
     36.3199603661296
    ]
   },
   "properties": {
    "confidence": 0.339,
    "snr": 6.79,
    "peak_dn": 143.0,
    "background_dn": 50.0,
    "sigma_dn": 13.71,
    "pixels": 2,
    "length_m_approx": 14.1,
    "pixel": [
     11936.0,
     16018.5
    ],
    "scene": "S1A_IW_GRDH_1SDV_20240925T225812_20240925T225841_055828_06D27E_789A_COG.SAFE",
    "t": "2024-09-25T22:58:12+00:00",
    "sensor": "sentinel1-vv-cfar",
    "uncertainty_m": 7.6
   }
  },
  {
   "type": "Feature",
   "geometry": {
    "type": "Point",
    "coordinates": [
     -74.83965631819223,
     36.211757425693186
    ]
   },
   "properties": {
    "confidence": 0.339,
    "snr": 6.78,
    "peak_dn": 153.0,
    "background_dn": 51.5,
    "sigma_dn": 14.98,
    "pixels": 4,
    "length_m_approx": 20.0,
    "pixel": [
     11790.5,
     14842.5
    ],
    "scene": "S1A_IW_GRDH_1SDV_20240925T225812_20240925T225841_055828_06D27E_789A_COG.SAFE",
    "t": "2024-09-25T22:58:12+00:00",
    "sensor": "sentinel1-vv-cfar",
    "uncertainty_m": 10.4
   }
  },
  {
   "type": "Feature",
   "geometry": {
    "type": "Point",
    "coordinates": [
     -74.86683730331083,
     36.23429567638315
    ]
   },
   "properties": {
    "confidence": 0.337,
    "snr": 6.74,
    "peak_dn": 151.0,
    "background_dn": 50.4,
    "sigma_dn": 14.93,
    "pixels": 2,
    "length_m_approx": 14.1,
    "pixel": [
     11594.5,
     15127.0
    ],
    "scene": "S1A_IW_GRDH_1SDV_20240925T225812_20240925T225841_055828_06D27E_789A_COG.SAFE",
    "t": "2024-09-25T22:58:12+00:00",
    "sensor": "sentinel1-vv-cfar",
    "uncertainty_m": 7.6
   }
  },
  {
   "type": "Feature",
   "geometry": {
    "type": "Point",
    "coordinates": [
     -74.94608214339286,
     36.335304074677666
    ]
   },
   "properties": {
    "confidence": 0.336,
    "snr": 6.71,
    "peak_dn": 134.0,
    "background_dn": 47.7,
    "sigma_dn": 12.85,
    "pixels": 3,
    "length_m_approx": 17.3,
    "pixel": [
     11093.7,
     16336.7
    ],
    "scene": "S1A_IW_GRDH_1SDV_20240925T225812_20240925T225841_055828_06D27E_789A_COG.SAFE",
    "t": "2024-09-25T22:58:12+00:00",
    "sensor": "sentinel1-vv-cfar",
    "uncertainty_m": 9.1
   }
  },
  {
   "type": "Feature",
   "geometry": {
    "type": "Point",
    "coordinates": [
     -74.83210525876922,
     36.240263474615375
    ]
   },
   "properties": {
    "confidence": 0.335,
    "snr": 6.7,
    "peak_dn": 159.0,
    "background_dn": 52.5,
    "sigma_dn": 15.91,
    "pixels": 4,
    "length_m_approx": 20.0,
    "pixel": [
     11913.5,
     15137.5
    ],
    "scene": "S1A_IW_GRDH_1SDV_20240925T225812_20240925T225841_055828_06D27E_789A_COG.SAFE",
    "t": "2024-09-25T22:58:12+00:00",
    "sensor": "sentinel1-vv-cfar",
    "uncertainty_m": 10.4
   }
  },
  {
   "type": "Feature",
   "geometry": {
    "type": "Point",
    "coordinates": [
     -74.88022531289482,
     36.29325547772315
    ]
   },
   "properties": {
    "confidence": 0.333,
    "snr": 6.65,
    "peak_dn": 135.0,
    "background_dn": 47.2,
    "sigma_dn": 13.2,
    "pixels": 2,
    "length_m_approx": 14.1,
    "pixel": [
     11592.5,
     15782.0
    ],
    "scene": "S1A_IW_GRDH_1SDV_20240925T225812_20240925T225841_055828_06D27E_789A_COG.SAFE",
    "t": "2024-09-25T22:58:12+00:00",
    "sensor": "sentinel1-vv-cfar",
    "uncertainty_m": 7.6
   }
  },
  {
   "type": "Feature",
   "geometry": {
    "type": "Point",
    "coordinates": [
     -74.84834541735663,
     36.17523346149146
    ]
   },
   "properties": {
    "confidence": 0.331,
    "snr": 6.63,
    "peak_dn": 137.0,
    "background_dn": 46.3,
    "sigma_dn": 13.69,
    "pixels": 2,
    "length_m_approx": 14.1,
    "pixel": [
     11641.5,
     14463.0
    ],
    "scene": "S1A_IW_GRDH_1SDV_20240925T225812_20240925T225841_055828_06D27E_789A_COG.SAFE",
    "t": "2024-09-25T22:58:12+00:00",
    "sensor": "sentinel1-vv-cfar",
    "uncertainty_m": 7.6
   }
  },
  {
   "type": "Feature",
   "geometry": {
    "type": "Point",
    "coordinates": [
     -74.83712665068543,
     36.277276782203685
    ]
   },
   "properties": {
    "confidence": 0.329,
    "snr": 6.57,
    "peak_dn": 164.0,
    "background_dn": 56.9,
    "sigma_dn": 16.3,
    "pixels": 2,
    "length_m_approx": 14.1,
    "pixel": [
     11942.0,
     15543.5
    ],
    "scene": "S1A_IW_GRDH_1SDV_20240925T225812_20240925T225841_055828_06D27E_789A_COG.SAFE",
    "t": "2024-09-25T22:58:12+00:00",
    "sensor": "sentinel1-vv-cfar",
    "uncertainty_m": 7.6
   }
  },
  {
   "type": "Feature",
   "geometry": {
    "type": "Point",
    "coordinates": [
     -74.92278620222088,
     36.16816873394648
    ]
   },
   "properties": {
    "confidence": 0.327,
    "snr": 6.53,
    "peak_dn": 128.0,
    "background_dn": 45.7,
    "sigma_dn": 12.6,
    "pixels": 2,
    "length_m_approx": 14.1,
    "pixel": [
     10968.5,
     14503.0
    ],
    "scene": "S1A_IW_GRDH_1SDV_20240925T225812_20240925T225841_055828_06D27E_789A_COG.SAFE",
    "t": "2024-09-25T22:58:12+00:00",
    "sensor": "sentinel1-vv-cfar",
    "uncertainty_m": 7.6
   }
  },
  {
   "type": "Feature",
   "geometry": {
    "type": "Point",
    "coordinates": [
     -74.94522730929117,
     36.336712079991266
    ]
   },
   "properties": {
    "confidence": 0.325,
    "snr": 6.5,
    "peak_dn": 130.0,
    "background_dn": 47.6,
    "sigma_dn": 12.67,
    "pixels": 2,
    "length_m_approx": 14.1,
    "pixel": [
     11104.0,
     16350.5
    ],
    "scene": "S1A_IW_GRDH_1SDV_20240925T225812_20240925T225841_055828_06D27E_789A_COG.SAFE",
    "t": "2024-09-25T22:58:12+00:00",
    "sensor": "sentinel1-vv-cfar",
    "uncertainty_m": 7.6
   }
  },
  {
   "type": "Feature",
   "geometry": {
    "type": "Point",
    "coordinates": [
     -74.8079812015047,
     36.29191762988343
    ]
   },
   "properties": {
    "confidence": 0.325,
    "snr": 6.49,
    "peak_dn": 155.0,
    "background_dn": 54.7,
    "sigma_dn": 15.45,
    "pixels": 2,
    "length_m_approx": 14.1,
    "pixel": [
     12228.5,
     15656.0
    ],
    "scene": "S1A_IW_GRDH_1SDV_20240925T225812_20240925T225841_055828_06D27E_789A_COG.SAFE",
    "t": "2024-09-25T22:58:12+00:00",
    "sensor": "sentinel1-vv-cfar",
    "uncertainty_m": 7.6
   }
  },
  {
   "type": "Feature",
   "geometry": {
    "type": "Point",
    "coordinates": [
     -74.94529141285976,
     36.19573137311977
    ]
   },
   "properties": {
    "confidence": 0.323,
    "snr": 6.46,
    "peak_dn": 110.0,
    "background_dn": 40.0,
    "sigma_dn": 10.84,
    "pixels": 2,
    "length_m_approx": 14.1,
    "pixel": [
     10824.0,
     14834.5
    ],
    "scene": "S1A_IW_GRDH_1SDV_20240925T225812_20240925T225841_055828_06D27E_789A_COG.SAFE",
    "t": "2024-09-25T22:58:12+00:00",
    "sensor": "sentinel1-vv-cfar",
    "uncertainty_m": 7.6
   }
  },
  {
   "type": "Feature",
   "geometry": {
    "type": "Point",
    "coordinates": [
     -74.82056330442128,
     36.18819941302765
    ]
   },
   "properties": {
    "confidence": 0.319,
    "snr": 6.38,
    "peak_dn": 166.0,
    "background_dn": 56.0,
    "sigma_dn": 17.26,
    "pixels": 2,
    "length_m_approx": 14.1,
    "pixel": [
     11913.0,
     14559.5
    ],
    "scene": "S1A_IW_GRDH_1SDV_20240925T225812_20240925T225841_055828_06D27E_789A_COG.SAFE",
    "t": "2024-09-25T22:58:12+00:00",
    "sensor": "sentinel1-vv-cfar",
    "uncertainty_m": 7.6
   }
  },
  {
   "type": "Feature",
   "geometry": {
    "type": "Point",
    "coordinates": [
     -74.86364081314375,
     36.2073959426487
    ]
   },
   "properties": {
    "confidence": 0.317,
    "snr": 6.33,
    "peak_dn": 137.0,
    "background_dn": 47.6,
    "sigma_dn": 14.11,
    "pixels": 3,
    "length_m_approx": 17.3,
    "pixel": [
     11569.7,
     14832.7
    ],
    "scene": "S1A_IW_GRDH_1SDV_20240925T225812_20240925T225841_055828_06D27E_789A_COG.SAFE",
    "t": "2024-09-25T22:58:12+00:00",
    "sensor": "sentinel1-vv-cfar",
    "uncertainty_m": 9.1
   }
  },
  {
   "type": "Feature",
   "geometry": {
    "type": "Point",
    "coordinates": [
     -75.01935554193406,
     36.25465427062855
    ]
   },
   "properties": {
    "confidence": 0.311,
    "snr": 6.23,
    "peak_dn": 136.0,
    "background_dn": 48.1,
    "sigma_dn": 14.12,
    "pixels": 2,
    "length_m_approx": 14.1,
    "pixel": [
     10286.0,
     15583.5
    ],
    "scene": "S1A_IW_GRDH_1SDV_20240925T225812_20240925T225841_055828_06D27E_789A_COG.SAFE",
    "t": "2024-09-25T22:58:12+00:00",
    "sensor": "sentinel1-vv-cfar",
    "uncertainty_m": 7.6
   }
  },
  {
   "type": "Feature",
   "geometry": {
    "type": "Point",
    "coordinates": [
     -74.86464125649391,
     36.21458014847613
    ]
   },
   "properties": {
    "confidence": 0.304,
    "snr": 6.08,
    "peak_dn": 133.0,
    "background_dn": 47.1,
    "sigma_dn": 14.13,
    "pixels": 2,
    "length_m_approx": 14.1,
    "pixel": [
     11575.0,
     14911.5
    ],
    "scene": "S1A_IW_GRDH_1SDV_20240925T225812_20240925T225841_055828_06D27E_789A_COG.SAFE",
    "t": "2024-09-25T22:58:12+00:00",
    "sensor": "sentinel1-vv-cfar",
    "uncertainty_m": 7.6
   }
  },
  {
   "type": "Feature",
   "geometry": {
    "type": "Point",
    "coordinates": [
     -74.99781052256596,
     36.190302355329955
    ]
   },
   "properties": {
    "confidence": 0.302,
    "snr": 6.04,
    "peak_dn": 118.0,
    "background_dn": 43.9,
    "sigma_dn": 12.26,
    "pixels": 2,
    "length_m_approx": 14.1,
    "pixel": [
     10348.5,
     14858.0
    ],
    "scene": "S1A_IW_GRDH_1SDV_20240925T225812_20240925T225841_055828_06D27E_789A_COG.SAFE",
    "t": "2024-09-25T22:58:12+00:00",
    "sensor": "sentinel1-vv-cfar",
    "uncertainty_m": 7.6
   }
  },
  {
   "type": "Feature",
   "geometry": {
    "type": "Point",
    "coordinates": [
     -74.66129170705932,
     36.20071649943459
    ]
   },
   "properties": {
    "confidence": 0.419,
    "snr": 8.38,
    "peak_dn": 214.0,
    "background_dn": 62.8,
    "sigma_dn": 18.06,
    "pixels": 4,
    "length_m_approx": 20.0,
    "pixel": [
     13347.5,
     14448.5
    ],
    "scene": "S1A_IW_GRDH_1SDV_20240925T225812_20240925T225841_055828_06D27E_789A_COG.SAFE",
    "t": "2024-09-25T22:58:12+00:00",
    "sensor": "sentinel1-vv-cfar",
    "uncertainty_m": 10.4
   }
  },
  {
   "type": "Feature",
   "geometry": {
    "type": "Point",
    "coordinates": [
     -74.71064639727192,
     36.31247949122042
    ]
   },
   "properties": {
    "confidence": 0.386,
    "snr": 7.72,
    "peak_dn": 183.0,
    "background_dn": 56.2,
    "sigma_dn": 16.44,
    "pixels": 3,
    "length_m_approx": 17.3,
    "pixel": [
     13129.3,
     15727.3
    ],
    "scene": "S1A_IW_GRDH_1SDV_20240925T225812_20240925T225841_055828_06D27E_789A_COG.SAFE",
    "t": "2024-09-25T22:58:12+00:00",
    "sensor": "sentinel1-vv-cfar",
    "uncertainty_m": 9.1
   }
  },
  {
   "type": "Feature",
   "geometry": {
    "type": "Point",
    "coordinates": [
     -74.63425266886924,
     36.218041167329915
    ]
   },
   "properties": {
    "confidence": 0.375,
    "snr": 7.5,
    "peak_dn": 207.0,
    "background_dn": 62.2,
    "sigma_dn": 19.29,
    "pixels": 6,
    "length_m_approx": 24.5,
    "pixel": [
     13620.7,
     14593.5
    ],
    "scene": "S1A_IW_GRDH_1SDV_20240925T225812_20240925T225841_055828_06D27E_789A_COG.SAFE",
    "t": "2024-09-25T22:58:12+00:00",
    "sensor": "sentinel1-vv-cfar",
    "uncertainty_m": 12.5
   }
  },
  {
   "type": "Feature",
   "geometry": {
    "type": "Point",
    "coordinates": [
     -74.58415782024656,
     36.253965989817445
    ]
   },
   "properties": {
    "confidence": 0.373,
    "snr": 7.46,
    "peak_dn": 191.0,
    "background_dn": 60.7,
    "sigma_dn": 17.46,
    "pixels": 2,
    "length_m_approx": 14.1,
    "pixel": [
     14134.0,
     14903.5
    ],
    "scene": "S1A_IW_GRDH_1SDV_20240925T225812_20240925T225841_055828_06D27E_789A_COG.SAFE",
    "t": "2024-09-25T22:58:12+00:00",
    "sensor": "sentinel1-vv-cfar",
    "uncertainty_m": 7.6
   }
  },
  {
   "type": "Feature",
   "geometry": {
    "type": "Point",
    "coordinates": [
     -74.80292036199808,
     36.323360411419934
    ]
   },
   "properties": {
    "confidence": 0.356,
    "snr": 7.12,
    "peak_dn": 173.0,
    "background_dn": 56.5,
    "sigma_dn": 16.36,
    "pixels": 2,
    "length_m_approx": 14.1,
    "pixel": [
     12335.0,
     15986.5
    ],
    "scene": "S1A_IW_GRDH_1SDV_20240925T225812_20240925T225841_055828_06D27E_789A_COG.SAFE",
    "t": "2024-09-25T22:58:12+00:00",
    "sensor": "sentinel1-vv-cfar",
    "uncertainty_m": 7.6
   }
  },
  {
   "type": "Feature",
   "geometry": {
    "type": "Point",
    "coordinates": [
     -74.62976137614571,
     36.28068030446165
    ]
   },
   "properties": {
    "confidence": 0.354,
    "snr": 7.08,
    "peak_dn": 202.0,
    "background_dn": 67.3,
    "sigma_dn": 19.01,
    "pixels": 2,
    "length_m_approx": 14.1,
    "pixel": [
     13782.5,
     15261.0
    ],
    "scene": "S1A_IW_GRDH_1SDV_20240925T225812_20240925T225841_055828_06D27E_789A_COG.SAFE",
    "t": "2024-09-25T22:58:12+00:00",
    "sensor": "sentinel1-vv-cfar",
    "uncertainty_m": 7.6
   }
  },
  {
   "type": "Feature",
   "geometry": {
    "type": "Point",
    "coordinates": [
     -74.64760648552368,
     36.32165157592592
    ]
   },
   "properties": {
    "confidence": 0.352,
    "snr": 7.04,
    "peak_dn": 188.0,
    "background_dn": 63.2,
    "sigma_dn": 17.73,
    "pixels": 4,
    "length_m_approx": 20.0,
    "pixel": [
     13704.5,
     15729.5
    ],
    "scene": "S1A_IW_GRDH_1SDV_20240925T225812_20240925T225841_055828_06D27E_789A_COG.SAFE",
    "t": "2024-09-25T22:58:12+00:00",
    "sensor": "sentinel1-vv-cfar",
    "uncertainty_m": 10.4
   }
  },
  {
   "type": "Feature",
   "geometry": {
    "type": "Point",
    "coordinates": [
     -74.63226188133972,
     36.32671448631997
    ]
   },
   "properties": {
    "confidence": 0.348,
    "snr": 6.97,
    "peak_dn": 209.0,
    "background_dn": 69.4,
    "sigma_dn": 20.04,
    "pixels": 2,
    "length_m_approx": 14.1,
    "pixel": [
     13850.0,
     15760.5
    ],
    "scene": "S1A_IW_GRDH_1SDV_20240925T225812_20240925T225841_055828_06D27E_789A_COG.SAFE",
    "t": "2024-09-25T22:58:12+00:00",
    "sensor": "sentinel1-vv-cfar",
    "uncertainty_m": 7.6
   }
  },
  {
   "type": "Feature",
   "geometry": {
    "type": "Point",
    "coordinates": [
     -74.62453906724006,
     36.22462931514072
    ]
   },
   "properties": {
    "confidence": 0.347,
    "snr": 6.95,
    "peak_dn": 185.0,
    "background_dn": 62.4,
    "sigma_dn": 17.64,
    "pixels": 4,
    "length_m_approx": 20.0,
    "pixel": [
     13719.5,
     14649.5
    ],
    "scene": "S1A_IW_GRDH_1SDV_20240925T225812_20240925T225841_055828_06D27E_789A_COG.SAFE",
    "t": "2024-09-25T22:58:12+00:00",
    "sensor": "sentinel1-vv-cfar",
    "uncertainty_m": 10.4
   }
  },
  {
   "type": "Feature",
   "geometry": {
    "type": "Point",
    "coordinates": [
     -74.74755902122793,
     36.35025114597431
    ]
   },
   "properties": {
    "confidence": 0.345,
    "snr": 6.9,
    "peak_dn": 173.0,
    "background_dn": 59.9,
    "sigma_dn": 16.39,
    "pixels": 2,
    "length_m_approx": 14.1,
    "pixel": [
     12877.0,
     16190.5
    ],
    "scene": "S1A_IW_GRDH_1SDV_20240925T225812_20240925T225841_055828_06D27E_789A_COG.SAFE",
    "t": "2024-09-25T22:58:12+00:00",
    "sensor": "sentinel1-vv-cfar",
    "uncertainty_m": 7.6
   }
  },
  {
   "type": "Feature",
   "geometry": {
    "type": "Point",
    "coordinates": [
     -74.79115366881024,
     36.2800702391034
    ]
   },
   "properties": {
    "confidence": 0.338,
    "snr": 6.76,
    "peak_dn": 175.0,
    "background_dn": 59.5,
    "sigma_dn": 17.1,
    "pixels": 2,
    "length_m_approx": 14.1,
    "pixel": [
     12354.0,
     15502.5
    ],
    "scene": "S1A_IW_GRDH_1SDV_20240925T225812_20240925T225841_055828_06D27E_789A_COG.SAFE",
    "t": "2024-09-25T22:58:12+00:00",
    "sensor": "sentinel1-vv-cfar",
    "uncertainty_m": 7.6
   }
  },
  {
   "type": "Feature",
   "geometry": {
    "type": "Point",
    "coordinates": [
     -74.76933374891262,
     36.2732126753204
    ]
   },
   "properties": {
    "confidence": 0.318,
    "snr": 6.37,
    "peak_dn": 165.0,
    "background_dn": 57.3,
    "sigma_dn": 16.91,
    "pixels": 2,
    "length_m_approx": 14.1,
    "pixel": [
     12533.5,
     15395.0
    ],
    "scene": "S1A_IW_GRDH_1SDV_20240925T225812_20240925T225841_055828_06D27E_789A_COG.SAFE",
    "t": "2024-09-25T22:58:12+00:00",
    "sensor": "sentinel1-vv-cfar",
    "uncertainty_m": 7.6
   }
  },
  {
   "type": "Feature",
   "geometry": {
    "type": "Point",
    "coordinates": [
     -74.63569938473984,
     36.22015719291969
    ]
   },
   "properties": {
    "confidence": 0.316,
    "snr": 6.32,
    "peak_dn": 184.0,
    "background_dn": 62.0,
    "sigma_dn": 19.3,
    "pixels": 2,
    "length_m_approx": 14.1,
    "pixel": [
     13612.0,
     14618.5
    ],
    "scene": "S1A_IW_GRDH_1SDV_20240925T225812_20240925T225841_055828_06D27E_789A_COG.SAFE",
    "t": "2024-09-25T22:58:12+00:00",
    "sensor": "sentinel1-vv-cfar",
    "uncertainty_m": 7.6
   }
  },
  {
   "type": "Feature",
   "geometry": {
    "type": "Point",
    "coordinates": [
     -74.68670703164722,
     36.26002933765439
    ]
   },
   "properties": {
    "confidence": 0.316,
    "snr": 6.32,
    "peak_dn": 181.0,
    "background_dn": 62.7,
    "sigma_dn": 18.73,
    "pixels": 2,
    "length_m_approx": 14.1,
    "pixel": [
     13238.5,
     15126.0
    ],
    "scene": "S1A_IW_GRDH_1SDV_20240925T225812_20240925T225841_055828_06D27E_789A_COG.SAFE",
    "t": "2024-09-25T22:58:12+00:00",
    "sensor": "sentinel1-vv-cfar",
    "uncertainty_m": 7.6
   }
  },
  {
   "type": "Feature",
   "geometry": {
    "type": "Point",
    "coordinates": [
     -74.61625809212167,
     36.36581660674772
    ]
   },
   "properties": {
    "confidence": 0.306,
    "snr": 6.13,
    "peak_dn": 178.0,
    "background_dn": 67.6,
    "sigma_dn": 18.03,
    "pixels": 2,
    "length_m_approx": 14.1,
    "pixel": [
     14067.5,
     16157.0
    ],
    "scene": "S1A_IW_GRDH_1SDV_20240925T225812_20240925T225841_055828_06D27E_789A_COG.SAFE",
    "t": "2024-09-25T22:58:12+00:00",
    "sensor": "sentinel1-vv-cfar",
    "uncertainty_m": 7.6
   }
  },
  {
   "type": "Feature",
   "geometry": {
    "type": "Point",
    "coordinates": [
     -74.54502539271897,
     36.22291483158322
    ]
   },
   "properties": {
    "confidence": 0.415,
    "snr": 8.3,
    "peak_dn": 192.0,
    "background_dn": 56.4,
    "sigma_dn": 16.33,
    "pixels": 2,
    "length_m_approx": 14.1,
    "pixel": [
     14420.0,
     14509.5
    ],
    "scene": "S1A_IW_GRDH_1SDV_20240925T225812_20240925T225841_055828_06D27E_789A_COG.SAFE",
    "t": "2024-09-25T22:58:12+00:00",
    "sensor": "sentinel1-vv-cfar",
    "uncertainty_m": 7.6
   }
  },
  {
   "type": "Feature",
   "geometry": {
    "type": "Point",
    "coordinates": [
     -74.43873680341865,
     36.22406320910543
    ]
   },
   "properties": {
    "confidence": 0.399,
    "snr": 7.99,
    "peak_dn": 211.0,
    "background_dn": 63.5,
    "sigma_dn": 18.47,
    "pixels": 4,
    "length_m_approx": 20.0,
    "pixel": [
     15363.2,
     14360.0
    ],
    "scene": "S1A_IW_GRDH_1SDV_20240925T225812_20240925T225841_055828_06D27E_789A_COG.SAFE",
    "t": "2024-09-25T22:58:12+00:00",
    "sensor": "sentinel1-vv-cfar",
    "uncertainty_m": 10.4
   }
  },
  {
   "type": "Feature",
   "geometry": {
    "type": "Point",
    "coordinates": [
     -74.49565056544556,
     36.31523441667775
    ]
   },
   "properties": {
    "confidence": 0.389,
    "snr": 7.78,
    "peak_dn": 181.0,
    "background_dn": 56.8,
    "sigma_dn": 15.97,
    "pixels": 5,
    "length_m_approx": 22.4,
    "pixel": [
     15035.6,
     15428.8
    ],
    "scene": "S1A_IW_GRDH_1SDV_20240925T225812_20240925T225841_055828_06D27E_789A_COG.SAFE",
    "t": "2024-09-25T22:58:12+00:00",
    "sensor": "sentinel1-vv-cfar",
    "uncertainty_m": 11.5
   }
  },
  {
   "type": "Feature",
   "geometry": {
    "type": "Point",
    "coordinates": [
     -74.51964844110935,
     36.23523184407367
    ]
   },
   "properties": {
    "confidence": 0.375,
    "snr": 7.5,
    "peak_dn": 191.0,
    "background_dn": 57.5,
    "sigma_dn": 17.8,
    "pixels": 4,
    "length_m_approx": 20.0,
    "pixel": [
     14668.5,
     14603.5
    ],
    "scene": "S1A_IW_GRDH_1SDV_20240925T225812_20240925T225841_055828_06D27E_789A_COG.SAFE",
    "t": "2024-09-25T22:58:12+00:00",
    "sensor": "sentinel1-vv-cfar",
    "uncertainty_m": 10.4
   }
  },
  {
   "type": "Feature",
   "geometry": {
    "type": "Point",
    "coordinates": [
     -74.46453723186428,
     36.23070137420249
    ]
   },
   "properties": {
    "confidence": 0.367,
    "snr": 7.34,
    "peak_dn": 211.0,
    "background_dn": 65.2,
    "sigma_dn": 19.87,
    "pixels": 5,
    "length_m_approx": 22.4,
    "pixel": [
     15147.6,
     14470.8
    ],
    "scene": "S1A_IW_GRDH_1SDV_20240925T225812_20240925T225841_055828_06D27E_789A_COG.SAFE",
    "t": "2024-09-25T22:58:12+00:00",
    "sensor": "sentinel1-vv-cfar",
    "uncertainty_m": 11.5
   }
  },
  {
   "type": "Feature",
   "geometry": {
    "type": "Point",
    "coordinates": [
     -74.3960288297645,
     36.37428016984623
    ]
   },
   "properties": {
    "confidence": 0.347,
    "snr": 6.94,
    "peak_dn": 168.0,
    "background_dn": 57.5,
    "sigma_dn": 15.93,
    "pixels": 2,
    "length_m_approx": 14.1,
    "pixel": [
     16030.0,
     15914.5
    ],
    "scene": "S1A_IW_GRDH_1SDV_20240925T225812_20240925T225841_055828_06D27E_789A_COG.SAFE",
    "t": "2024-09-25T22:58:12+00:00",
    "sensor": "sentinel1-vv-cfar",
    "uncertainty_m": 7.6
   }
  },
  {
   "type": "Feature",
   "geometry": {
    "type": "Point",
    "coordinates": [
     -74.53751458764201,
     36.3607705986915
    ]
   },
   "properties": {
    "confidence": 0.339,
    "snr": 6.77,
    "peak_dn": 163.0,
    "background_dn": 57.3,
    "sigma_dn": 15.61,
    "pixels": 2,
    "length_m_approx": 14.1,
    "pixel": [
     14753.5,
     15983.0
    ],
    "scene": "S1A_IW_GRDH_1SDV_20240925T225812_20240925T225841_055828_06D27E_789A_COG.SAFE",
    "t": "2024-09-25T22:58:12+00:00",
    "sensor": "sentinel1-vv-cfar",
    "uncertainty_m": 7.6
   }
  },
  {
   "type": "Feature",
   "geometry": {
    "type": "Point",
    "coordinates": [
     -74.39930549537719,
     36.24207152445919
    ]
   },
   "properties": {
    "confidence": 0.338,
    "snr": 6.77,
    "peak_dn": 175.0,
    "background_dn": 59.9,
    "sigma_dn": 17.0,
    "pixels": 2,
    "length_m_approx": 14.1,
    "pixel": [
     15747.0,
     14494.5
    ],
    "scene": "S1A_IW_GRDH_1SDV_20240925T225812_20240925T225841_055828_06D27E_789A_COG.SAFE",
    "t": "2024-09-25T22:58:12+00:00",
    "sensor": "sentinel1-vv-cfar",
    "uncertainty_m": 7.6
   }
  },
  {
   "type": "Feature",
   "geometry": {
    "type": "Point",
    "coordinates": [
     -74.42948915985662,
     36.33304484168402
    ]
   },
   "properties": {
    "confidence": 0.324,
    "snr": 6.48,
    "peak_dn": 150.0,
    "background_dn": 54.0,
    "sigma_dn": 14.81,
    "pixels": 2,
    "length_m_approx": 14.1,
    "pixel": [
     15655.0,
     15520.5
    ],
    "scene": "S1A_IW_GRDH_1SDV_20240925T225812_20240925T225841_055828_06D27E_789A_COG.SAFE",
    "t": "2024-09-25T22:58:12+00:00",
    "sensor": "sentinel1-vv-cfar",
    "uncertainty_m": 7.6
   }
  },
  {
   "type": "Feature",
   "geometry": {
    "type": "Point",
    "coordinates": [
     -74.44061746736767,
     36.39458061482729
    ]
   },
   "properties": {
    "confidence": 0.319,
    "snr": 6.38,
    "peak_dn": 150.0,
    "background_dn": 54.4,
    "sigma_dn": 14.99,
    "pixels": 2,
    "length_m_approx": 14.1,
    "pixel": [
     15675.0,
     16200.5
    ],
    "scene": "S1A_IW_GRDH_1SDV_20240925T225812_20240925T225841_055828_06D27E_789A_COG.SAFE",
    "t": "2024-09-25T22:58:12+00:00",
    "sensor": "sentinel1-vv-cfar",
    "uncertainty_m": 7.6
   }
  },
  {
   "type": "Feature",
   "geometry": {
    "type": "Point",
    "coordinates": [
     -74.48501747655234,
     36.34469146716617
    ]
   },
   "properties": {
    "confidence": 0.317,
    "snr": 6.35,
    "peak_dn": 156.0,
    "background_dn": 56.5,
    "sigma_dn": 15.68,
    "pixels": 2,
    "length_m_approx": 14.1,
    "pixel": [
     15186.5,
     15730.0
    ],
    "scene": "S1A_IW_GRDH_1SDV_20240925T225812_20240925T225841_055828_06D27E_789A_COG.SAFE",
    "t": "2024-09-25T22:58:12+00:00",
    "sensor": "sentinel1-vv-cfar",
    "uncertainty_m": 7.6
   }
  },
  {
   "type": "Feature",
   "geometry": {
    "type": "Point",
    "coordinates": [
     -74.42630273056965,
     36.29734921080642
    ]
   },
   "properties": {
    "confidence": 0.315,
    "snr": 6.3,
    "peak_dn": 176.0,
    "background_dn": 62.0,
    "sigma_dn": 18.11,
    "pixels": 2,
    "length_m_approx": 14.1,
    "pixel": [
     15614.5,
     15131.0
    ],
    "scene": "S1A_IW_GRDH_1SDV_20240925T225812_20240925T225841_055828_06D27E_789A_COG.SAFE",
    "t": "2024-09-25T22:58:12+00:00",
    "sensor": "sentinel1-vv-cfar",
    "uncertainty_m": 7.6
   }
  },
  {
   "type": "Feature",
   "geometry": {
    "type": "Point",
    "coordinates": [
     -74.45653020111706,
     36.22837080366112
    ]
   },
   "properties": {
    "confidence": 0.303,
    "snr": 6.06,
    "peak_dn": 185.0,
    "background_dn": 65.9,
    "sigma_dn": 19.64,
    "pixels": 2,
    "length_m_approx": 14.1,
    "pixel": [
     15214.0,
     14433.5
    ],
    "scene": "S1A_IW_GRDH_1SDV_20240925T225812_20240925T225841_055828_06D27E_789A_COG.SAFE",
    "t": "2024-09-25T22:58:12+00:00",
    "sensor": "sentinel1-vv-cfar",
    "uncertainty_m": 7.6
   }
  },
  {
   "type": "Feature",
   "geometry": {
    "type": "Point",
    "coordinates": [
     -74.507909294582,
     36.336866878844575
    ]
   },
   "properties": {
    "confidence": 0.301,
    "snr": 6.02,
    "peak_dn": 158.0,
    "background_dn": 59.1,
    "sigma_dn": 16.44,
    "pixels": 2,
    "length_m_approx": 14.1,
    "pixel": [
     14969.0,
     15680.5
    ],
    "scene": "S1A_IW_GRDH_1SDV_20240925T225812_20240925T225841_055828_06D27E_789A_COG.SAFE",
    "t": "2024-09-25T22:58:12+00:00",
    "sensor": "sentinel1-vv-cfar",
    "uncertainty_m": 7.6
   }
  },
  {
   "type": "Feature",
   "geometry": {
    "type": "Point",
    "coordinates": [
     -74.18207000418155,
     36.33910022125578
    ]
   },
   "properties": {
    "confidence": 0.95,
    "snr": 51.71,
    "peak_dn": 863.0,
    "background_dn": 53.2,
    "sigma_dn": 15.66,
    "pixels": 99,
    "length_m_approx": 99.5,
    "pixel": [
     17854.7,
     15214.4
    ],
    "scene": "S1A_IW_GRDH_1SDV_20240925T225812_20240925T225841_055828_06D27E_789A_COG.SAFE",
    "t": "2024-09-25T22:58:12+00:00",
    "sensor": "sentinel1-vv-cfar",
    "uncertainty_m": 49.8
   }
  },
  {
   "type": "Feature",
   "geometry": {
    "type": "Point",
    "coordinates": [
     -74.18209145349012,
     36.3378669250659
    ]
   },
   "properties": {
    "confidence": 0.899,
    "snr": 17.98,
    "peak_dn": 364.0,
    "background_dn": 53.3,
    "sigma_dn": 17.28,
    "pixels": 12,
    "length_m_approx": 34.6,
    "pixel": [
     17852.2,
     15201.1
    ],
    "scene": "S1A_IW_GRDH_1SDV_20240925T225812_20240925T225841_055828_06D27E_789A_COG.SAFE",
    "t": "2024-09-25T22:58:12+00:00",
    "sensor": "sentinel1-vv-cfar",
    "uncertainty_m": 17.5
   }
  },
  {
   "type": "Feature",
   "geometry": {
    "type": "Point",
    "coordinates": [
     -74.18155979472657,
     36.33880089119906
    ]
   },
   "properties": {
    "confidence": 0.402,
    "snr": 8.05,
    "peak_dn": 175.0,
    "background_dn": 53.1,
    "sigma_dn": 15.15,
    "pixels": 3,
    "length_m_approx": 17.3,
    "pixel": [
     17858.7,
     15210.4
    ],
    "scene": "S1A_IW_GRDH_1SDV_20240925T225812_20240925T225841_055828_06D27E_789A_COG.SAFE",
    "t": "2024-09-25T22:58:12+00:00",
    "sensor": "sentinel1-vv-cfar",
    "uncertainty_m": 9.1
   }
  },
  {
   "type": "Feature",
   "geometry": {
    "type": "Point",
    "coordinates": [
     -74.11125252328468,
     36.29140460157724
    ]
   },
   "properties": {
    "confidence": 0.398,
    "snr": 7.95,
    "peak_dn": 169.0,
    "background_dn": 51.3,
    "sigma_dn": 14.81,
    "pixels": 2,
    "length_m_approx": 14.1,
    "pixel": [
     18391.0,
     14594.5
    ],
    "scene": "S1A_IW_GRDH_1SDV_20240925T225812_20240925T225841_055828_06D27E_789A_COG.SAFE",
    "t": "2024-09-25T22:58:12+00:00",
    "sensor": "sentinel1-vv-cfar",
    "uncertainty_m": 7.6
   }
  },
  {
   "type": "Feature",
   "geometry": {
    "type": "Point",
    "coordinates": [
     -74.27861857786168,
     36.364392903503926
    ]
   },
   "properties": {
    "confidence": 0.388,
    "snr": 7.76,
    "peak_dn": 188.0,
    "background_dn": 61.4,
    "sigma_dn": 16.32,
    "pixels": 2,
    "length_m_approx": 14.1,
    "pixel": [
     17049.0,
     15631.5
    ],
    "scene": "S1A_IW_GRDH_1SDV_20240925T225812_20240925T225841_055828_06D27E_789A_COG.SAFE",
    "t": "2024-09-25T22:58:12+00:00",
    "sensor": "sentinel1-vv-cfar",
    "uncertainty_m": 7.6
   }
  },
  {
   "type": "Feature",
   "geometry": {
    "type": "Point",
    "coordinates": [
     -74.342471596999,
     36.322857710556825
    ]
   },
   "properties": {
    "confidence": 0.38,
    "snr": 7.6,
    "peak_dn": 181.0,
    "background_dn": 57.8,
    "sigma_dn": 16.22,
    "pixels": 2,
    "length_m_approx": 14.1,
    "pixel": [
     16405.0,
     15279.5
    ],
    "scene": "S1A_IW_GRDH_1SDV_20240925T225812_20240925T225841_055828_06D27E_789A_COG.SAFE",
    "t": "2024-09-25T22:58:12+00:00",
    "sensor": "sentinel1-vv-cfar",
    "uncertainty_m": 7.6
   }
  },
  {
   "type": "Feature",
   "geometry": {
    "type": "Point",
    "coordinates": [
     -74.17656615752696,
     36.396031269733285
    ]
   },
   "properties": {
    "confidence": 0.369,
    "snr": 7.38,
    "peak_dn": 146.0,
    "background_dn": 48.1,
    "sigma_dn": 13.27,
    "pixels": 3,
    "length_m_approx": 17.3,
    "pixel": [
     18011.3,
     15820.3
    ],
    "scene": "S1A_IW_GRDH_1SDV_20240925T225812_20240925T225841_055828_06D27E_789A_COG.SAFE",
    "t": "2024-09-25T22:58:12+00:00",
    "sensor": "sentinel1-vv-cfar",
    "uncertainty_m": 9.1
   }
  },
  {
   "type": "Feature",
   "geometry": {
    "type": "Point",
    "coordinates": [
     -74.29772059948696,
     36.32084870739846
    ]
   },
   "properties": {
    "confidence": 0.363,
    "snr": 7.26,
    "peak_dn": 178.0,
    "background_dn": 61.2,
    "sigma_dn": 16.09,
    "pixels": 2,
    "length_m_approx": 14.1,
    "pixel": [
     16797.0,
     15190.5
    ],
    "scene": "S1A_IW_GRDH_1SDV_20240925T225812_20240925T225841_055828_06D27E_789A_COG.SAFE",
    "t": "2024-09-25T22:58:12+00:00",
    "sensor": "sentinel1-vv-cfar",
    "uncertainty_m": 7.6
   }
  },
  {
   "type": "Feature",
   "geometry": {
    "type": "Point",
    "coordinates": [
     -74.16879670950657,
     36.37772686376163
    ]
   },
   "properties": {
    "confidence": 0.362,
    "snr": 7.23,
    "peak_dn": 148.0,
    "background_dn": 48.9,
    "sigma_dn": 13.7,
    "pixels": 3,
    "length_m_approx": 17.3,
    "pixel": [
     18045.3,
     15611.3
    ],
    "scene": "S1A_IW_GRDH_1SDV_20240925T225812_20240925T225841_055828_06D27E_789A_COG.SAFE",
    "t": "2024-09-25T22:58:12+00:00",
    "sensor": "sentinel1-vv-cfar",
    "uncertainty_m": 9.1
   }
  },
  {
   "type": "Feature",
   "geometry": {
    "type": "Point",
    "coordinates": [
     -74.12667882173264,
     36.30461710870034
    ]
   },
   "properties": {
    "confidence": 0.359,
    "snr": 7.18,
    "peak_dn": 162.0,
    "background_dn": 53.1,
    "sigma_dn": 15.16,
    "pixels": 2,
    "length_m_approx": 14.1,
    "pixel": [
     18279.5,
     14760.0
    ],
    "scene": "S1A_IW_GRDH_1SDV_20240925T225812_20240925T225841_055828_06D27E_789A_COG.SAFE",
    "t": "2024-09-25T22:58:12+00:00",
    "sensor": "sentinel1-vv-cfar",
    "uncertainty_m": 7.6
   }
  },
  {
   "type": "Feature",
   "geometry": {
    "type": "Point",
    "coordinates": [
     -74.1649542992523,
     36.37465893819599
    ]
   },
   "properties": {
    "confidence": 0.356,
    "snr": 7.13,
    "peak_dn": 145.0,
    "background_dn": 47.7,
    "sigma_dn": 13.64,
    "pixels": 4,
    "length_m_approx": 20.0,
    "pixel": [
     18073.5,
     15572.5
    ],
    "scene": "S1A_IW_GRDH_1SDV_20240925T225812_20240925T225841_055828_06D27E_789A_COG.SAFE",
    "t": "2024-09-25T22:58:12+00:00",
    "sensor": "sentinel1-vv-cfar",
    "uncertainty_m": 10.4
   }
  },
  {
   "type": "Feature",
   "geometry": {
    "type": "Point",
    "coordinates": [
     -74.27842907401497,
     36.32610259822186
    ]
   },
   "properties": {
    "confidence": 0.354,
    "snr": 7.09,
    "peak_dn": 178.0,
    "background_dn": 60.7,
    "sigma_dn": 16.56,
    "pixels": 3,
    "length_m_approx": 17.3,
    "pixel": [
     16977.7,
     15218.3
    ],
    "scene": "S1A_IW_GRDH_1SDV_20240925T225812_20240925T225841_055828_06D27E_789A_COG.SAFE",
    "t": "2024-09-25T22:58:12+00:00",
    "sensor": "sentinel1-vv-cfar",
    "uncertainty_m": 9.1
   }
  },
  {
   "type": "Feature",
   "geometry": {
    "type": "Point",
    "coordinates": [
     -74.11966511256502,
     36.299046802322096
    ]
   },
   "properties": {
    "confidence": 0.353,
    "snr": 7.06,
    "peak_dn": 161.0,
    "background_dn": 52.8,
    "sigma_dn": 15.33,
    "pixels": 2,
    "length_m_approx": 14.1,
    "pixel": [
     18331.0,
     14689.5
    ],
    "scene": "S1A_IW_GRDH_1SDV_20240925T225812_20240925T225841_055828_06D27E_789A_COG.SAFE",
    "t": "2024-09-25T22:58:12+00:00",
    "sensor": "sentinel1-vv-cfar",
    "uncertainty_m": 7.6
   }
  },
  {
   "type": "Feature",
   "geometry": {
    "type": "Point",
    "coordinates": [
     -74.18307156744237,
     36.339160150356335
    ]
   },
   "properties": {
    "confidence": 0.346,
    "snr": 6.92,
    "peak_dn": 158.0,
    "background_dn": 53.1,
    "sigma_dn": 15.16,
    "pixels": 2,
    "length_m_approx": 14.1,
    "pixel": [
     17846.0,
     15216.5
    ],
    "scene": "S1A_IW_GRDH_1SDV_20240925T225812_20240925T225841_055828_06D27E_789A_COG.SAFE",
    "t": "2024-09-25T22:58:12+00:00",
    "sensor": "sentinel1-vv-cfar",
    "uncertainty_m": 7.6
   }
  },
  {
   "type": "Feature",
   "geometry": {
    "type": "Point",
    "coordinates": [
     -74.24272359349251,
     36.36910322057648
    ]
   },
   "properties": {
    "confidence": 0.34,
    "snr": 6.81,
    "peak_dn": 154.0,
    "background_dn": 55.1,
    "sigma_dn": 14.52,
    "pixels": 3,
    "length_m_approx": 17.3,
    "pixel": [
     17375.3,
     15628.7
    ],
    "scene": "S1A_IW_GRDH_1SDV_20240925T225812_20240925T225841_055828_06D27E_789A_COG.SAFE",
    "t": "2024-09-25T22:58:12+00:00",
    "sensor": "sentinel1-vv-cfar",
    "uncertainty_m": 9.1
   }
  },
  {
   "type": "Feature",
   "geometry": {
    "type": "Point",
    "coordinates": [
     -74.1693068401031,
     36.27260198764252
    ]
   },
   "properties": {
    "confidence": 0.339,
    "snr": 6.78,
    "peak_dn": 159.0,
    "background_dn": 54.0,
    "sigma_dn": 15.49,
    "pixels": 2,
    "length_m_approx": 14.1,
    "pixel": [
     17841.5,
     14478.0
    ],
    "scene": "S1A_IW_GRDH_1SDV_20240925T225812_20240925T225841_055828_06D27E_789A_COG.SAFE",
    "t": "2024-09-25T22:58:12+00:00",
    "sensor": "sentinel1-vv-cfar",
    "uncertainty_m": 7.6
   }
  },
  {
   "type": "Feature",
   "geometry": {
    "type": "Point",
    "coordinates": [
     -74.18281969506187,
     36.339566966206306
    ]
   },
   "properties": {
    "confidence": 0.339,
    "snr": 6.77,
    "peak_dn": 160.0,
    "background_dn": 53.4,
    "sigma_dn": 15.74,
    "pixels": 2,
    "length_m_approx": 14.1,
    "pixel": [
     17849.0,
     15220.5
    ],
    "scene": "S1A_IW_GRDH_1SDV_20240925T225812_20240925T225841_055828_06D27E_789A_COG.SAFE",
    "t": "2024-09-25T22:58:12+00:00",
    "sensor": "sentinel1-vv-cfar",
    "uncertainty_m": 7.6
   }
  },
  {
   "type": "Feature",
   "geometry": {
    "type": "Point",
    "coordinates": [
     -74.14240370029802,
     36.32679822771799
    ]
   },
   "properties": {
    "confidence": 0.337,
    "snr": 6.74,
    "peak_dn": 143.0,
    "background_dn": 49.1,
    "sigma_dn": 13.92,
    "pixels": 3,
    "length_m_approx": 17.3,
    "pixel": [
     18182.3,
     15022.7
    ],
    "scene": "S1A_IW_GRDH_1SDV_20240925T225812_20240925T225841_055828_06D27E_789A_COG.SAFE",
    "t": "2024-09-25T22:58:12+00:00",
    "sensor": "sentinel1-vv-cfar",
    "uncertainty_m": 9.1
   }
  },
  {
   "type": "Feature",
   "geometry": {
    "type": "Point",
    "coordinates": [
     -74.21793702995386,
     36.440713752359244
    ]
   },
   "properties": {
    "confidence": 0.337,
    "snr": 6.74,
    "peak_dn": 143.0,
    "background_dn": 50.9,
    "sigma_dn": 13.67,
    "pixels": 2,
    "length_m_approx": 14.1,
    "pixel": [
     17730.5,
     16364.0
    ],
    "scene": "S1A_IW_GRDH_1SDV_20240925T225812_20240925T225841_055828_06D27E_789A_COG.SAFE",
    "t": "2024-09-25T22:58:12+00:00",
    "sensor": "sentinel1-vv-cfar",
    "uncertainty_m": 7.6
   }
  },
  {
   "type": "Feature",
   "geometry": {
    "type": "Point",
    "coordinates": [
     -74.15239890426332,
     36.33926440892375
    ]
   },
   "properties": {
    "confidence": 0.335,
    "snr": 6.69,
    "peak_dn": 137.0,
    "background_dn": 48.2,
    "sigma_dn": 13.28,
    "pixels": 2,
    "length_m_approx": 14.1,
    "pixel": [
     18117.5,
     15172.0
    ],
    "scene": "S1A_IW_GRDH_1SDV_20240925T225812_20240925T225841_055828_06D27E_789A_COG.SAFE",
    "t": "2024-09-25T22:58:12+00:00",
    "sensor": "sentinel1-vv-cfar",
    "uncertainty_m": 7.6
   }
  },
  {
   "type": "Feature",
   "geometry": {
    "type": "Point",
    "coordinates": [
     -74.16109068457227,
     36.39650339534919
    ]
   },
   "properties": {
    "confidence": 0.334,
    "snr": 6.69,
    "peak_dn": 132.0,
    "background_dn": 45.0,
    "sigma_dn": 13.01,
    "pixels": 2,
    "length_m_approx": 14.1,
    "pixel": [
     18149.0,
     15802.5
    ],
    "scene": "S1A_IW_GRDH_1SDV_20240925T225812_20240925T225841_055828_06D27E_789A_COG.SAFE",
    "t": "2024-09-25T22:58:12+00:00",
    "sensor": "sentinel1-vv-cfar",
    "uncertainty_m": 7.6
   }
  },
  {
   "type": "Feature",
   "geometry": {
    "type": "Point",
    "coordinates": [
     -74.16767752805019,
     36.275284085966106
    ]
   },
   "properties": {
    "confidence": 0.326,
    "snr": 6.52,
    "peak_dn": 153.0,
    "background_dn": 53.4,
    "sigma_dn": 15.27,
    "pixels": 2,
    "length_m_approx": 14.1,
    "pixel": [
     17861.0,
     14504.5
    ],
    "scene": "S1A_IW_GRDH_1SDV_20240925T225812_20240925T225841_055828_06D27E_789A_COG.SAFE",
    "t": "2024-09-25T22:58:12+00:00",
    "sensor": "sentinel1-vv-cfar",
    "uncertainty_m": 7.6
   }
  },
  {
   "type": "Feature",
   "geometry": {
    "type": "Point",
    "coordinates": [
     -74.1833491727333,
     36.339400379267545
    ]
   },
   "properties": {
    "confidence": 0.325,
    "snr": 6.5,
    "peak_dn": 155.0,
    "background_dn": 53.4,
    "sigma_dn": 15.63,
    "pixels": 2,
    "length_m_approx": 14.1,
    "pixel": [
     17844.0,
     15219.5
    ],
    "scene": "S1A_IW_GRDH_1SDV_20240925T225812_20240925T225841_055828_06D27E_789A_COG.SAFE",
    "t": "2024-09-25T22:58:12+00:00",
    "sensor": "sentinel1-vv-cfar",
    "uncertainty_m": 7.6
   }
  },
  {
   "type": "Feature",
   "geometry": {
    "type": "Point",
    "coordinates": [
     -74.1472096860403,
     36.30191618070364
    ]
   },
   "properties": {
    "confidence": 0.322,
    "snr": 6.45,
    "peak_dn": 147.0,
    "background_dn": 51.9,
    "sigma_dn": 14.75,
    "pixels": 3,
    "length_m_approx": 17.3,
    "pixel": [
     18092.7,
     14761.3
    ],
    "scene": "S1A_IW_GRDH_1SDV_20240925T225812_20240925T225841_055828_06D27E_789A_COG.SAFE",
    "t": "2024-09-25T22:58:12+00:00",
    "sensor": "sentinel1-vv-cfar",
    "uncertainty_m": 9.1
   }
  },
  {
   "type": "Feature",
   "geometry": {
    "type": "Point",
    "coordinates": [
     -74.16078518473037,
     36.38820574043088
    ]
   },
   "properties": {
    "confidence": 0.319,
    "snr": 6.37,
    "peak_dn": 132.0,
    "background_dn": 47.0,
    "sigma_dn": 13.33,
    "pixels": 2,
    "length_m_approx": 14.1,
    "pixel": [
     18136.0,
     15712.5
    ],
    "scene": "S1A_IW_GRDH_1SDV_20240925T225812_20240925T225841_055828_06D27E_789A_COG.SAFE",
    "t": "2024-09-25T22:58:12+00:00",
    "sensor": "sentinel1-vv-cfar",
    "uncertainty_m": 7.6
   }
  },
  {
   "type": "Feature",
   "geometry": {
    "type": "Point",
    "coordinates": [
     -74.31105625152591,
     36.343062038842824
    ]
   },
   "properties": {
    "confidence": 0.312,
    "snr": 6.23,
    "peak_dn": 170.0,
    "background_dn": 63.5,
    "sigma_dn": 17.09,
    "pixels": 2,
    "length_m_approx": 14.1,
    "pixel": [
     16721.5,
     15450.0
    ],
    "scene": "S1A_IW_GRDH_1SDV_20240925T225812_20240925T225841_055828_06D27E_789A_COG.SAFE",
    "t": "2024-09-25T22:58:12+00:00",
    "sensor": "sentinel1-vv-cfar",
    "uncertainty_m": 7.6
   }
  },
  {
   "type": "Feature",
   "geometry": {
    "type": "Point",
    "coordinates": [
     -74.14655272249186,
     36.38645328272889
    ]
   },
   "properties": {
    "confidence": 0.307,
    "snr": 6.15,
    "peak_dn": 121.0,
    "background_dn": 43.4,
    "sigma_dn": 12.62,
    "pixels": 2,
    "length_m_approx": 14.1,
    "pixel": [
     18258.5,
     15672.5
    ],
    "scene": "S1A_IW_GRDH_1SDV_20240925T225812_20240925T225841_055828_06D27E_789A_COG.SAFE",
    "t": "2024-09-25T22:58:12+00:00",
    "sensor": "sentinel1-vv-cfar",
    "uncertainty_m": 7.6
   }
  },
  {
   "type": "Feature",
   "geometry": {
    "type": "Point",
    "coordinates": [
     -74.24643666744359,
     36.295320498890874
    ]
   },
   "properties": {
    "confidence": 0.305,
    "snr": 6.1,
    "peak_dn": 174.0,
    "background_dn": 64.8,
    "sigma_dn": 17.91,
    "pixels": 2,
    "length_m_approx": 14.1,
    "pixel": [
     17202.0,
     14838.5
    ],
    "scene": "S1A_IW_GRDH_1SDV_20240925T225812_20240925T225841_055828_06D27E_789A_COG.SAFE",
    "t": "2024-09-25T22:58:12+00:00",
    "sensor": "sentinel1-vv-cfar",
    "uncertainty_m": 7.6
   }
  },
  {
   "type": "Feature",
   "geometry": {
    "type": "Point",
    "coordinates": [
     -73.95249572517511,
     36.348818802831524
    ]
   },
   "properties": {
    "confidence": 0.427,
    "snr": 8.54,
    "peak_dn": 153.0,
    "background_dn": 44.2,
    "sigma_dn": 12.74,
    "pixels": 2,
    "length_m_approx": 14.1,
    "pixel": [
     19904.0,
     14979.5
    ],
    "scene": "S1A_IW_GRDH_1SDV_20240925T225812_20240925T225841_055828_06D27E_789A_COG.SAFE",
    "t": "2024-09-25T22:58:12+00:00",
    "sensor": "sentinel1-vv-cfar",
    "uncertainty_m": 7.6
   }
  },
  {
   "type": "Feature",
   "geometry": {
    "type": "Point",
    "coordinates": [
     -73.90752150382872,
     36.29586147490272
    ]
   },
   "properties": {
    "confidence": 0.393,
    "snr": 7.85,
    "peak_dn": 194.0,
    "background_dn": 59.7,
    "sigma_dn": 17.1,
    "pixels": 2,
    "length_m_approx": 14.1,
    "pixel": [
     20203.0,
     14341.5
    ],
    "scene": "S1A_IW_GRDH_1SDV_20240925T225812_20240925T225841_055828_06D27E_789A_COG.SAFE",
    "t": "2024-09-25T22:58:12+00:00",
    "sensor": "sentinel1-vv-cfar",
    "uncertainty_m": 7.6
   }
  },
  {
   "type": "Feature",
   "geometry": {
    "type": "Point",
    "coordinates": [
     -74.11270230357934,
     36.45096382279952
    ]
   },
   "properties": {
    "confidence": 0.375,
    "snr": 7.49,
    "peak_dn": 135.0,
    "background_dn": 44.0,
    "sigma_dn": 12.14,
    "pixels": 4,
    "length_m_approx": 20.0,
    "pixel": [
     18679.5,
     16318.5
    ],
    "scene": "S1A_IW_GRDH_1SDV_20240925T225812_20240925T225841_055828_06D27E_789A_COG.SAFE",
    "t": "2024-09-25T22:58:12+00:00",
    "sensor": "sentinel1-vv-cfar",
    "uncertainty_m": 10.4
   }
  },
  {
   "type": "Feature",
   "geometry": {
    "type": "Point",
    "coordinates": [
     -74.03110158297537,
     36.39714113465134
    ]
   },
   "properties": {
    "confidence": 0.368,
    "snr": 7.36,
    "peak_dn": 118.0,
    "background_dn": 36.7,
    "sigma_dn": 11.04,
    "pixels": 5,
    "length_m_approx": 22.4,
    "pixel": [
     19299.4,
     15616.8
    ],
    "scene": "S1A_IW_GRDH_1SDV_20240925T225812_20240925T225841_055828_06D27E_789A_COG.SAFE",
    "t": "2024-09-25T22:58:12+00:00",
    "sensor": "sentinel1-vv-cfar",
    "uncertainty_m": 11.5
   }
  },
  {
   "type": "Feature",
   "geometry": {
    "type": "Point",
    "coordinates": [
     -74.01583360806268,
     36.43835450021226
    ]
   },
   "properties": {
    "confidence": 0.366,
    "snr": 7.33,
    "peak_dn": 129.0,
    "background_dn": 41.5,
    "sigma_dn": 11.94,
    "pixels": 3,
    "length_m_approx": 17.3,
    "pixel": [
     19511.7,
     16039.3
    ],
    "scene": "S1A_IW_GRDH_1SDV_20240925T225812_20240925T225841_055828_06D27E_789A_COG.SAFE",
    "t": "2024-09-25T22:58:12+00:00",
    "sensor": "sentinel1-vv-cfar",
    "uncertainty_m": 9.1
   }
  },
  {
   "type": "Feature",
   "geometry": {
    "type": "Point",
    "coordinates": [
     -73.88680697929803,
     36.323738946167026
    ]
   },
   "properties": {
    "confidence": 0.364,
    "snr": 7.28,
    "peak_dn": 179.0,
    "background_dn": 57.7,
    "sigma_dn": 16.65,
    "pixels": 2,
    "length_m_approx": 14.1,
    "pixel": [
     20438.5,
     14612.0
    ],
    "scene": "S1A_IW_GRDH_1SDV_20240925T225812_20240925T225841_055828_06D27E_789A_COG.SAFE",
    "t": "2024-09-25T22:58:12+00:00",
    "sensor": "sentinel1-vv-cfar",
    "uncertainty_m": 7.6
   }
  },
  {
   "type": "Feature",
   "geometry": {
    "type": "Point",
    "coordinates": [
     -74.010499866972,
     36.32414833133426
    ]
   },
   "properties": {
    "confidence": 0.364,
    "snr": 7.27,
    "peak_dn": 143.0,
    "background_dn": 46.1,
    "sigma_dn": 13.33,
    "pixels": 4,
    "length_m_approx": 20.0,
    "pixel": [
     19344.5,
     14798.5
    ],
    "scene": "S1A_IW_GRDH_1SDV_20240925T225812_20240925T225841_055828_06D27E_789A_COG.SAFE",
    "t": "2024-09-25T22:58:12+00:00",
    "sensor": "sentinel1-vv-cfar",
    "uncertainty_m": 10.4
   }
  },
  {
   "type": "Feature",
   "geometry": {
    "type": "Point",
    "coordinates": [
     -74.05181619758177,
     36.36564847235293
    ]
   },
   "properties": {
    "confidence": 0.353,
    "snr": 7.07,
    "peak_dn": 119.0,
    "background_dn": 39.6,
    "sigma_dn": 11.23,
    "pixels": 2,
    "length_m_approx": 14.1,
    "pixel": [
     19057.0,
     15307.5
    ],
    "scene": "S1A_IW_GRDH_1SDV_20240925T225812_20240925T225841_055828_06D27E_789A_COG.SAFE",
    "t": "2024-09-25T22:58:12+00:00",
    "sensor": "sentinel1-vv-cfar",
    "uncertainty_m": 7.6
   }
  },
  {
   "type": "Feature",
   "geometry": {
    "type": "Point",
    "coordinates": [
     -74.03112544297863,
     36.42874126643603
    ]
   },
   "properties": {
    "confidence": 0.348,
    "snr": 6.97,
    "peak_dn": 121.0,
    "background_dn": 40.9,
    "sigma_dn": 11.49,
    "pixels": 2,
    "length_m_approx": 14.1,
    "pixel": [
     19358.5,
     15958.0
    ],
    "scene": "S1A_IW_GRDH_1SDV_20240925T225812_20240925T225841_055828_06D27E_789A_COG.SAFE",
    "t": "2024-09-25T22:58:12+00:00",
    "sensor": "sentinel1-vv-cfar",
    "uncertainty_m": 7.6
   }
  },
  {
   "type": "Feature",
   "geometry": {
    "type": "Point",
    "coordinates": [
     -74.04182614366857,
     36.35199565111782
    ]
   },
   "properties": {
    "confidence": 0.345,
    "snr": 6.89,
    "peak_dn": 126.0,
    "background_dn": 42.1,
    "sigma_dn": 12.17,
    "pixels": 3,
    "length_m_approx": 17.3,
    "pixel": [
     19119.7,
     15145.3
    ],
    "scene": "S1A_IW_GRDH_1SDV_20240925T225812_20240925T225841_055828_06D27E_789A_COG.SAFE",
    "t": "2024-09-25T22:58:12+00:00",
    "sensor": "sentinel1-vv-cfar",
    "uncertainty_m": 9.1
   }
  },
  {
   "type": "Feature",
   "geometry": {
    "type": "Point",
    "coordinates": [
     -73.99969614158036,
     36.35419654469695
    ]
   },
   "properties": {
    "confidence": 0.335,
    "snr": 6.7,
    "peak_dn": 108.0,
    "background_dn": 36.5,
    "sigma_dn": 10.68,
    "pixels": 2,
    "length_m_approx": 14.1,
    "pixel": [
     19496.5,
     15107.0
    ],
    "scene": "S1A_IW_GRDH_1SDV_20240925T225812_20240925T225841_055828_06D27E_789A_COG.SAFE",
    "t": "2024-09-25T22:58:12+00:00",
    "sensor": "sentinel1-vv-cfar",
    "uncertainty_m": 7.6
   }
  },
  {
   "type": "Feature",
   "geometry": {
    "type": "Point",
    "coordinates": [
     -74.10682638198837,
     36.41876781029274
    ]
   },
   "properties": {
    "confidence": 0.332,
    "snr": 6.64,
    "peak_dn": 127.0,
    "background_dn": 44.5,
    "sigma_dn": 12.42,
    "pixels": 3,
    "length_m_approx": 17.3,
    "pixel": [
     18670.7,
     15962.3
    ],
    "scene": "S1A_IW_GRDH_1SDV_20240925T225812_20240925T225841_055828_06D27E_789A_COG.SAFE",
    "t": "2024-09-25T22:58:12+00:00",
    "sensor": "sentinel1-vv-cfar",
    "uncertainty_m": 9.1
   }
  },
  {
   "type": "Feature",
   "geometry": {
    "type": "Point",
    "coordinates": [
     -74.11041274823975,
     36.337375410723894
    ]
   },
   "properties": {
    "confidence": 0.329,
    "snr": 6.57,
    "peak_dn": 134.0,
    "background_dn": 47.1,
    "sigma_dn": 13.23,
    "pixels": 3,
    "length_m_approx": 17.3,
    "pixel": [
     18485.3,
     15089.3
    ],
    "scene": "S1A_IW_GRDH_1SDV_20240925T225812_20240925T225841_055828_06D27E_789A_COG.SAFE",
    "t": "2024-09-25T22:58:12+00:00",
    "sensor": "sentinel1-vv-cfar",
    "uncertainty_m": 9.1
   }
  },
  {
   "type": "Feature",
   "geometry": {
    "type": "Point",
    "coordinates": [
     -73.9528555460226,
     36.46175439357366
    ]
   },
   "properties": {
    "confidence": 0.326,
    "snr": 6.53,
    "peak_dn": 135.0,
    "background_dn": 47.5,
    "sigma_dn": 13.41,
    "pixels": 2,
    "length_m_approx": 14.1,
    "pixel": [
     20112.0,
     16199.5
    ],
    "scene": "S1A_IW_GRDH_1SDV_20240925T225812_20240925T225841_055828_06D27E_789A_COG.SAFE",
    "t": "2024-09-25T22:58:12+00:00",
    "sensor": "sentinel1-vv-cfar",
    "uncertainty_m": 7.6
   }
  },
  {
   "type": "Feature",
   "geometry": {
    "type": "Point",
    "coordinates": [
     -74.08029085142861,
     36.4269829388325
    ]
   },
   "properties": {
    "confidence": 0.326,
    "snr": 6.51,
    "peak_dn": 123.0,
    "background_dn": 43.9,
    "sigma_dn": 12.15,
    "pixels": 3,
    "length_m_approx": 17.3,
    "pixel": [
     18920.7,
     16011.7
    ],
    "scene": "S1A_IW_GRDH_1SDV_20240925T225812_20240925T225841_055828_06D27E_789A_COG.SAFE",
    "t": "2024-09-25T22:58:12+00:00",
    "sensor": "sentinel1-vv-cfar",
    "uncertainty_m": 9.1
   }
  },
  {
   "type": "Feature",
   "geometry": {
    "type": "Point",
    "coordinates": [
     -73.94901819380071,
     36.44120938339703
    ]
   },
   "properties": {
    "confidence": 0.325,
    "snr": 6.5,
    "peak_dn": 121.0,
    "background_dn": 43.3,
    "sigma_dn": 11.95,
    "pixels": 2,
    "length_m_approx": 14.1,
    "pixel": [
     20107.5,
     15972.0
    ],
    "scene": "S1A_IW_GRDH_1SDV_20240925T225812_20240925T225841_055828_06D27E_789A_COG.SAFE",
    "t": "2024-09-25T22:58:12+00:00",
    "sensor": "sentinel1-vv-cfar",
    "uncertainty_m": 7.6
   }
  },
  {
   "type": "Feature",
   "geometry": {
    "type": "Point",
    "coordinates": [
     -74.11131217714497,
     36.425117186077856
    ]
   },
   "properties": {
    "confidence": 0.324,
    "snr": 6.49,
    "peak_dn": 122.0,
    "background_dn": 43.9,
    "sigma_dn": 12.05,
    "pixels": 2,
    "length_m_approx": 14.1,
    "pixel": [
     18643.0,
     16037.5
    ],
    "scene": "S1A_IW_GRDH_1SDV_20240925T225812_20240925T225841_055828_06D27E_789A_COG.SAFE",
    "t": "2024-09-25T22:58:12+00:00",
    "sensor": "sentinel1-vv-cfar",
    "uncertainty_m": 7.6
   }
  },
  {
   "type": "Feature",
   "geometry": {
    "type": "Point",
    "coordinates": [
     -74.05815137572014,
     36.41217102809244
    ]
   },
   "properties": {
    "confidence": 0.323,
    "snr": 6.46,
    "peak_dn": 114.0,
    "background_dn": 40.4,
    "sigma_dn": 11.4,
    "pixels": 2,
    "length_m_approx": 14.1,
    "pixel": [
     19088.5,
     15819.0
    ],
    "scene": "S1A_IW_GRDH_1SDV_20240925T225812_20240925T225841_055828_06D27E_789A_COG.SAFE",
    "t": "2024-09-25T22:58:12+00:00",
    "sensor": "sentinel1-vv-cfar",
    "uncertainty_m": 7.6
   }
  },
  {
   "type": "Feature",
   "geometry": {
    "type": "Point",
    "coordinates": [
     -74.11255276861584,
     36.45016738464642
    ]
   },
   "properties": {
    "confidence": 0.321,
    "snr": 6.41,
    "peak_dn": 122.0,
    "background_dn": 44.0,
    "sigma_dn": 12.16,
    "pixels": 3,
    "length_m_approx": 17.3,
    "pixel": [
     18679.3,
     16309.7
    ],
    "scene": "S1A_IW_GRDH_1SDV_20240925T225812_20240925T225841_055828_06D27E_789A_COG.SAFE",
    "t": "2024-09-25T22:58:12+00:00",
    "sensor": "sentinel1-vv-cfar",
    "uncertainty_m": 9.1
   }
  },
  {
   "type": "Feature",
   "geometry": {
    "type": "Point",
    "coordinates": [
     -74.05707111493336,
     36.44697192033787
    ]
   },
   "properties": {
    "confidence": 0.32,
    "snr": 6.41,
    "peak_dn": 123.0,
    "background_dn": 44.1,
    "sigma_dn": 12.31,
    "pixels": 2,
    "length_m_approx": 14.1,
    "pixel": [
     19163.5,
     16193.0
    ],
    "scene": "S1A_IW_GRDH_1SDV_20240925T225812_20240925T225841_055828_06D27E_789A_COG.SAFE",
    "t": "2024-09-25T22:58:12+00:00",
    "sensor": "sentinel1-vv-cfar",
    "uncertainty_m": 7.6
   }
  },
  {
   "type": "Feature",
   "geometry": {
    "type": "Point",
    "coordinates": [
     -74.00155029883933,
     36.37066362458171
    ]
   },
   "properties": {
    "confidence": 0.32,
    "snr": 6.4,
    "peak_dn": 103.0,
    "background_dn": 36.8,
    "sigma_dn": 10.34,
    "pixels": 2,
    "length_m_approx": 14.1,
    "pixel": [
     19511.0,
     15287.5
    ],
    "scene": "S1A_IW_GRDH_1SDV_20240925T225812_20240925T225841_055828_06D27E_789A_COG.SAFE",
    "t": "2024-09-25T22:58:12+00:00",
    "sensor": "sentinel1-vv-cfar",
    "uncertainty_m": 7.6
   }
  },
  {
   "type": "Feature",
   "geometry": {
    "type": "Point",
    "coordinates": [
     -73.99193394440759,
     36.30296629007384
    ]
   },
   "properties": {
    "confidence": 0.318,
    "snr": 6.36,
    "peak_dn": 132.0,
    "background_dn": 46.2,
    "sigma_dn": 13.48,
    "pixels": 2,
    "length_m_approx": 14.1,
    "pixel": [
     19469.0,
     14542.5
    ],
    "scene": "S1A_IW_GRDH_1SDV_20240925T225812_20240925T225841_055828_06D27E_789A_COG.SAFE",
    "t": "2024-09-25T22:58:12+00:00",
    "sensor": "sentinel1-vv-cfar",
    "uncertainty_m": 7.6
   }
  },
  {
   "type": "Feature",
   "geometry": {
    "type": "Point",
    "coordinates": [
     -73.94410590245454,
     36.31717617789272
    ]
   },
   "properties": {
    "confidence": 0.311,
    "snr": 6.23,
    "peak_dn": 144.0,
    "background_dn": 50.9,
    "sigma_dn": 14.96,
    "pixels": 2,
    "length_m_approx": 14.1,
    "pixel": [
     19919.0,
     14625.5
    ],
    "scene": "S1A_IW_GRDH_1SDV_20240925T225812_20240925T225841_055828_06D27E_789A_COG.SAFE",
    "t": "2024-09-25T22:58:12+00:00",
    "sensor": "sentinel1-vv-cfar",
    "uncertainty_m": 7.6
   }
  },
  {
   "type": "Feature",
   "geometry": {
    "type": "Point",
    "coordinates": [
     -74.09383635450826,
     36.40259071310366
    ]
   },
   "properties": {
    "confidence": 0.31,
    "snr": 6.19,
    "peak_dn": 121.0,
    "background_dn": 44.1,
    "sigma_dn": 12.41,
    "pixels": 2,
    "length_m_approx": 14.1,
    "pixel": [
     18755.0,
     15768.5
    ],
    "scene": "S1A_IW_GRDH_1SDV_20240925T225812_20240925T225841_055828_06D27E_789A_COG.SAFE",
    "t": "2024-09-25T22:58:12+00:00",
    "sensor": "sentinel1-vv-cfar",
    "uncertainty_m": 7.6
   }
  },
  {
   "type": "Feature",
   "geometry": {
    "type": "Point",
    "coordinates": [
     -73.86337220626784,
     36.38054403294959
    ]
   },
   "properties": {
    "confidence": 0.411,
    "snr": 8.22,
    "peak_dn": 166.0,
    "background_dn": 49.6,
    "sigma_dn": 14.16,
    "pixels": 3,
    "length_m_approx": 17.3,
    "pixel": [
     20751.7,
     15191.3
    ],
    "scene": "S1A_IW_GRDH_1SDV_20240925T225812_20240925T225841_055828_06D27E_789A_COG.SAFE",
    "t": "2024-09-25T22:58:12+00:00",
    "sensor": "sentinel1-vv-cfar",
    "uncertainty_m": 9.1
   }
  },
  {
   "type": "Feature",
   "geometry": {
    "type": "Point",
    "coordinates": [
     -73.7966037833466,
     36.35717885231304
    ]
   },
   "properties": {
    "confidence": 0.389,
    "snr": 7.77,
    "peak_dn": 195.0,
    "background_dn": 59.2,
    "sigma_dn": 17.47,
    "pixels": 2,
    "length_m_approx": 14.1,
    "pixel": [
     21299.0,
     14841.5
    ],
    "scene": "S1A_IW_GRDH_1SDV_20240925T225812_20240925T225841_055828_06D27E_789A_COG.SAFE",
    "t": "2024-09-25T22:58:12+00:00",
    "sensor": "sentinel1-vv-cfar",
    "uncertainty_m": 7.6
   }
  },
  {
   "type": "Feature",
   "geometry": {
    "type": "Point",
    "coordinates": [
     -73.72174748602247,
     36.429908874626264
    ]
   },
   "properties": {
    "confidence": 0.385,
    "snr": 7.69,
    "peak_dn": 163.0,
    "background_dn": 50.1,
    "sigma_dn": 14.68,
    "pixels": 3,
    "length_m_approx": 17.3,
    "pixel": [
     22095.7,
     15518.7
    ],
    "scene": "S1A_IW_GRDH_1SDV_20240925T225812_20240925T225841_055828_06D27E_789A_COG.SAFE",
    "t": "2024-09-25T22:58:12+00:00",
    "sensor": "sentinel1-vv-cfar",
    "uncertainty_m": 9.1
   }
  },
  {
   "type": "Feature",
   "geometry": {
    "type": "Point",
    "coordinates": [
     -73.79452271037637,
     36.33404292242119
    ]
   },
   "properties": {
    "confidence": 0.38,
    "snr": 7.6,
    "peak_dn": 201.0,
    "background_dn": 62.6,
    "sigma_dn": 18.2,
    "pixels": 4,
    "length_m_approx": 20.0,
    "pixel": [
     21274.5,
     14588.5
    ],
    "scene": "S1A_IW_GRDH_1SDV_20240925T225812_20240925T225841_055828_06D27E_789A_COG.SAFE",
    "t": "2024-09-25T22:58:12+00:00",
    "sensor": "sentinel1-vv-cfar",
    "uncertainty_m": 10.4
   }
  },
  {
   "type": "Feature",
   "geometry": {
    "type": "Point",
    "coordinates": [
     -73.88590536841203,
     36.38426026254041
    ]
   },
   "properties": {
    "confidence": 0.372,
    "snr": 7.44,
    "peak_dn": 143.0,
    "background_dn": 45.5,
    "sigma_dn": 13.11,
    "pixels": 3,
    "length_m_approx": 17.3,
    "pixel": [
     20559.3,
     15264.3
    ],
    "scene": "S1A_IW_GRDH_1SDV_20240925T225812_20240925T225841_055828_06D27E_789A_COG.SAFE",
    "t": "2024-09-25T22:58:12+00:00",
    "sensor": "sentinel1-vv-cfar",
    "uncertainty_m": 9.1
   }
  },
  {
   "type": "Feature",
   "geometry": {
    "type": "Point",
    "coordinates": [
     -73.78623493750204,
     36.36755716408733
    ]
   },
   "properties": {
    "confidence": 0.363,
    "snr": 7.26,
    "peak_dn": 181.0,
    "background_dn": 59.1,
    "sigma_dn": 16.78,
    "pixels": 2,
    "length_m_approx": 14.1,
    "pixel": [
     21410.0,
     14938.5
    ],
    "scene": "S1A_IW_GRDH_1SDV_20240925T225812_20240925T225841_055828_06D27E_789A_COG.SAFE",
    "t": "2024-09-25T22:58:12+00:00",
    "sensor": "sentinel1-vv-cfar",
    "uncertainty_m": 7.6
   }
  },
  {
   "type": "Feature",
   "geometry": {
    "type": "Point",
    "coordinates": [
     -73.71289637829348,
     36.44079182591104
    ]
   },
   "properties": {
    "confidence": 0.363,
    "snr": 7.26,
    "peak_dn": 143.0,
    "background_dn": 47.2,
    "sigma_dn": 13.2,
    "pixels": 2,
    "length_m_approx": 14.1,
    "pixel": [
     22194.0,
     15623.5
    ],
    "scene": "S1A_IW_GRDH_1SDV_20240925T225812_20240925T225841_055828_06D27E_789A_COG.SAFE",
    "t": "2024-09-25T22:58:12+00:00",
    "sensor": "sentinel1-vv-cfar",
    "uncertainty_m": 7.6
   }
  },
  {
   "type": "Feature",
   "geometry": {
    "type": "Point",
    "coordinates": [
     -73.73989228549372,
     36.49340377244442
    ]
   },
   "properties": {
    "confidence": 0.362,
    "snr": 7.24,
    "peak_dn": 123.0,
    "background_dn": 40.2,
    "sigma_dn": 11.44,
    "pixels": 5,
    "length_m_approx": 22.4,
    "pixel": [
     22052.4,
     16231.2
    ],
    "scene": "S1A_IW_GRDH_1SDV_20240925T225812_20240925T225841_055828_06D27E_789A_COG.SAFE",
    "t": "2024-09-25T22:58:12+00:00",
    "sensor": "sentinel1-vv-cfar",
    "uncertainty_m": 11.5
   }
  },
  {
   "type": "Feature",
   "geometry": {
    "type": "Point",
    "coordinates": [
     -73.78016246302973,
     36.41576083065226
    ]
   },
   "properties": {
    "confidence": 0.355,
    "snr": 7.09,
    "peak_dn": 128.0,
    "background_dn": 43.0,
    "sigma_dn": 11.99,
    "pixels": 2,
    "length_m_approx": 14.1,
    "pixel": [
     21553.0,
     15450.5
    ],
    "scene": "S1A_IW_GRDH_1SDV_20240925T225812_20240925T225841_055828_06D27E_789A_COG.SAFE",
    "t": "2024-09-25T22:58:12+00:00",
    "sensor": "sentinel1-vv-cfar",
    "uncertainty_m": 7.6
   }
  },
  {
   "type": "Feature",
   "geometry": {
    "type": "Point",
    "coordinates": [
     -73.83747845255625,
     36.38212733310179
    ]
   },
   "properties": {
    "confidence": 0.348,
    "snr": 6.96,
    "peak_dn": 156.0,
    "background_dn": 52.9,
    "sigma_dn": 14.82,
    "pixels": 3,
    "length_m_approx": 17.3,
    "pixel": [
     20983.7,
     15170.7
    ],
    "scene": "S1A_IW_GRDH_1SDV_20240925T225812_20240925T225841_055828_06D27E_789A_COG.SAFE",
    "t": "2024-09-25T22:58:12+00:00",
    "sensor": "sentinel1-vv-cfar",
    "uncertainty_m": 9.1
   }
  },
  {
   "type": "Feature",
   "geometry": {
    "type": "Point",
    "coordinates": [
     -73.67564575507359,
     36.43924712798674
    ]
   },
   "properties": {
    "confidence": 0.348,
    "snr": 6.95,
    "peak_dn": 162.0,
    "background_dn": 52.7,
    "sigma_dn": 15.72,
    "pixels": 2,
    "length_m_approx": 14.1,
    "pixel": [
     22520.5,
     15553.0
    ],
    "scene": "S1A_IW_GRDH_1SDV_20240925T225812_20240925T225841_055828_06D27E_789A_COG.SAFE",
    "t": "2024-09-25T22:58:12+00:00",
    "sensor": "sentinel1-vv-cfar",
    "uncertainty_m": 7.6
   }
  },
  {
   "type": "Feature",
   "geometry": {
    "type": "Point",
    "coordinates": [
     -73.68736677057767,
     36.34049832572268
    ]
   },
   "properties": {
    "confidence": 0.345,
    "snr": 6.9,
    "peak_dn": 186.0,
    "background_dn": 62.7,
    "sigma_dn": 17.86,
    "pixels": 2,
    "length_m_approx": 14.1,
    "pixel": [
     22235.0,
     14502.5
    ],
    "scene": "S1A_IW_GRDH_1SDV_20240925T225812_20240925T225841_055828_06D27E_789A_COG.SAFE",
    "t": "2024-09-25T22:58:12+00:00",
    "sensor": "sentinel1-vv-cfar",
    "uncertainty_m": 7.6
   }
  },
  {
   "type": "Feature",
   "geometry": {
    "type": "Point",
    "coordinates": [
     -73.86966304923357,
     36.32120425398076
    ]
   },
   "properties": {
    "confidence": 0.345,
    "snr": 6.9,
    "peak_dn": 176.0,
    "background_dn": 59.7,
    "sigma_dn": 16.86,
    "pixels": 4,
    "length_m_approx": 20.0,
    "pixel": [
     20585.5,
     14559.5
    ],
    "scene": "S1A_IW_GRDH_1SDV_20240925T225812_20240925T225841_055828_06D27E_789A_COG.SAFE",
    "t": "2024-09-25T22:58:12+00:00",
    "sensor": "sentinel1-vv-cfar",
    "uncertainty_m": 10.4
   }
  },
  {
   "type": "Feature",
   "geometry": {
    "type": "Point",
    "coordinates": [
     -73.66819609967743,
     36.36128984847262
    ]
   },
   "properties": {
    "confidence": 0.339,
    "snr": 6.77,
    "peak_dn": 188.0,
    "background_dn": 62.9,
    "sigma_dn": 18.48,
    "pixels": 2,
    "length_m_approx": 14.1,
    "pixel": [
     22443.0,
     14699.5
    ],
    "scene": "S1A_IW_GRDH_1SDV_20240925T225812_20240925T225841_055828_06D27E_789A_COG.SAFE",
    "t": "2024-09-25T22:58:12+00:00",
    "sensor": "sentinel1-vv-cfar",
    "uncertainty_m": 7.6
   }
  },
  {
   "type": "Feature",
   "geometry": {
    "type": "Point",
    "coordinates": [
     -73.67695126520506,
     36.42103428115671
    ]
   },
   "properties": {
    "confidence": 0.336,
    "snr": 6.71,
    "peak_dn": 165.0,
    "background_dn": 56.2,
    "sigma_dn": 16.22,
    "pixels": 2,
    "length_m_approx": 14.1,
    "pixel": [
     22475.5,
     15358.0
    ],
    "scene": "S1A_IW_GRDH_1SDV_20240925T225812_20240925T225841_055828_06D27E_789A_COG.SAFE",
    "t": "2024-09-25T22:58:12+00:00",
    "sensor": "sentinel1-vv-cfar",
    "uncertainty_m": 7.6
   }
  },
  {
   "type": "Feature",
   "geometry": {
    "type": "Point",
    "coordinates": [
     -73.66071515284966,
     36.340167219759884
    ]
   },
   "properties": {
    "confidence": 0.335,
    "snr": 6.71,
    "peak_dn": 172.0,
    "background_dn": 59.5,
    "sigma_dn": 16.76,
    "pixels": 3,
    "length_m_approx": 17.3,
    "pixel": [
     22470.3,
     14460.3
    ],
    "scene": "S1A_IW_GRDH_1SDV_20240925T225812_20240925T225841_055828_06D27E_789A_COG.SAFE",
    "t": "2024-09-25T22:58:12+00:00",
    "sensor": "sentinel1-vv-cfar",
    "uncertainty_m": 9.1
   }
  },
  {
   "type": "Feature",
   "geometry": {
    "type": "Point",
    "coordinates": [
     -73.78948514546887,
     36.33453724898445
    ]
   },
   "properties": {
    "confidence": 0.331,
    "snr": 6.62,
    "peak_dn": 183.0,
    "background_dn": 63.0,
    "sigma_dn": 18.14,
    "pixels": 2,
    "length_m_approx": 14.1,
    "pixel": [
     21320.0,
     14586.5
    ],
    "scene": "S1A_IW_GRDH_1SDV_20240925T225812_20240925T225841_055828_06D27E_789A_COG.SAFE",
    "t": "2024-09-25T22:58:12+00:00",
    "sensor": "sentinel1-vv-cfar",
    "uncertainty_m": 7.6
   }
  },
  {
   "type": "Feature",
   "geometry": {
    "type": "Point",
    "coordinates": [
     -73.80989156579587,
     36.48209141514482
    ]
   },
   "properties": {
    "confidence": 0.331,
    "snr": 6.61,
    "peak_dn": 118.0,
    "background_dn": 41.0,
    "sigma_dn": 11.65,
    "pixels": 2,
    "length_m_approx": 14.1,
    "pixel": [
     21413.0,
     16210.5
    ],
    "scene": "S1A_IW_GRDH_1SDV_20240925T225812_20240925T225841_055828_06D27E_789A_COG.SAFE",
    "t": "2024-09-25T22:58:12+00:00",
    "sensor": "sentinel1-vv-cfar",
    "uncertainty_m": 7.6
   }
  },
  {
   "type": "Feature",
   "geometry": {
    "type": "Point",
    "coordinates": [
     -73.67843828655704,
     36.421668006303285
    ]
   },
   "properties": {
    "confidence": 0.33,
    "snr": 6.6,
    "peak_dn": 164.0,
    "background_dn": 56.3,
    "sigma_dn": 16.32,
    "pixels": 2,
    "length_m_approx": 14.1,
    "pixel": [
     22463.5,
     15367.0
    ],
    "scene": "S1A_IW_GRDH_1SDV_20240925T225812_20240925T225841_055828_06D27E_789A_COG.SAFE",
    "t": "2024-09-25T22:58:12+00:00",
    "sensor": "sentinel1-vv-cfar",
    "uncertainty_m": 7.6
   }
  },
  {
   "type": "Feature",
   "geometry": {
    "type": "Point",
    "coordinates": [
     -73.83314770022983,
     36.45244066598551
    ]
   },
   "properties": {
    "confidence": 0.326,
    "snr": 6.52,
    "peak_dn": 123.0,
    "background_dn": 44.0,
    "sigma_dn": 12.13,
    "pixels": 2,
    "length_m_approx": 14.1,
    "pixel": [
     21152.5,
     15924.0
    ],
    "scene": "S1A_IW_GRDH_1SDV_20240925T225812_20240925T225841_055828_06D27E_789A_COG.SAFE",
    "t": "2024-09-25T22:58:12+00:00",
    "sensor": "sentinel1-vv-cfar",
    "uncertainty_m": 7.6
   }
  },
  {
   "type": "Feature",
   "geometry": {
    "type": "Point",
    "coordinates": [
     -73.70603888390067,
     36.323056412500954
    ]
   },
   "properties": {
    "confidence": 0.324,
    "snr": 6.48,
    "peak_dn": 179.0,
    "background_dn": 64.1,
    "sigma_dn": 17.74,
    "pixels": 2,
    "length_m_approx": 14.1,
    "pixel": [
     22037.5,
     14341.0
    ],
    "scene": "S1A_IW_GRDH_1SDV_20240925T225812_20240925T225841_055828_06D27E_789A_COG.SAFE",
    "t": "2024-09-25T22:58:12+00:00",
    "sensor": "sentinel1-vv-cfar",
    "uncertainty_m": 7.6
   }
  },
  {
   "type": "Feature",
   "geometry": {
    "type": "Point",
    "coordinates": [
     -73.88928590349167,
     36.438808317107885
    ]
   },
   "properties": {
    "confidence": 0.322,
    "snr": 6.45,
    "peak_dn": 133.0,
    "background_dn": 47.2,
    "sigma_dn": 13.3,
    "pixels": 2,
    "length_m_approx": 14.1,
    "pixel": [
     20631.0,
     15858.5
    ],
    "scene": "S1A_IW_GRDH_1SDV_20240925T225812_20240925T225841_055828_06D27E_789A_COG.SAFE",
    "t": "2024-09-25T22:58:12+00:00",
    "sensor": "sentinel1-vv-cfar",
    "uncertainty_m": 7.6
   }
  },
  {
   "type": "Feature",
   "geometry": {
    "type": "Point",
    "coordinates": [
     -73.87844918904406,
     36.47923961623342
    ]
   },
   "properties": {
    "confidence": 0.317,
    "snr": 6.35,
    "peak_dn": 132.0,
    "background_dn": 46.5,
    "sigma_dn": 13.46,
    "pixels": 2,
    "length_m_approx": 14.1,
    "pixel": [
     20802.0,
     16279.5
    ],
    "scene": "S1A_IW_GRDH_1SDV_20240925T225812_20240925T225841_055828_06D27E_789A_COG.SAFE",
    "t": "2024-09-25T22:58:12+00:00",
    "sensor": "sentinel1-vv-cfar",
    "uncertainty_m": 7.6
   }
  },
  {
   "type": "Feature",
   "geometry": {
    "type": "Point",
    "coordinates": [
     -73.80198991677376,
     36.41577857563579
    ]
   },
   "properties": {
    "confidence": 0.315,
    "snr": 6.29,
    "peak_dn": 122.0,
    "background_dn": 44.0,
    "sigma_dn": 12.4,
    "pixels": 2,
    "length_m_approx": 14.1,
    "pixel": [
     21360.0,
     15482.5
    ],
    "scene": "S1A_IW_GRDH_1SDV_20240925T225812_20240925T225841_055828_06D27E_789A_COG.SAFE",
    "t": "2024-09-25T22:58:12+00:00",
    "sensor": "sentinel1-vv-cfar",
    "uncertainty_m": 7.6
   }
  },
  {
   "type": "Feature",
   "geometry": {
    "type": "Point",
    "coordinates": [
     -73.81352138131054,
     36.313422961474224
    ]
   },
   "properties": {
    "confidence": 0.313,
    "snr": 6.25,
    "peak_dn": 178.0,
    "background_dn": 64.6,
    "sigma_dn": 18.14,
    "pixels": 2,
    "length_m_approx": 14.1,
    "pixel": [
     21068.0,
     14393.5
    ],
    "scene": "S1A_IW_GRDH_1SDV_20240925T225812_20240925T225841_055828_06D27E_789A_COG.SAFE",
    "t": "2024-09-25T22:58:12+00:00",
    "sensor": "sentinel1-vv-cfar",
    "uncertainty_m": 7.6
   }
  },
  {
   "type": "Feature",
   "geometry": {
    "type": "Point",
    "coordinates": [
     -73.76138657660972,
     36.477978431388166
    ]
   },
   "properties": {
    "confidence": 0.311,
    "snr": 6.22,
    "peak_dn": 107.0,
    "background_dn": 38.8,
    "sigma_dn": 10.96,
    "pixels": 2,
    "length_m_approx": 14.1,
    "pixel": [
     21834.0,
     16095.5
    ],
    "scene": "S1A_IW_GRDH_1SDV_20240925T225812_20240925T225841_055828_06D27E_789A_COG.SAFE",
    "t": "2024-09-25T22:58:12+00:00",
    "sensor": "sentinel1-vv-cfar",
    "uncertainty_m": 7.6
   }
  },
  {
   "type": "Feature",
   "geometry": {
    "type": "Point",
    "coordinates": [
     -73.74472670360286,
     36.44426134825949
    ]
   },
   "properties": {
    "confidence": 0.307,
    "snr": 6.13,
    "peak_dn": 114.0,
    "background_dn": 41.2,
    "sigma_dn": 11.87,
    "pixels": 3,
    "length_m_approx": 17.3,
    "pixel": [
     21919.0,
     15707.0
    ],
    "scene": "S1A_IW_GRDH_1SDV_20240925T225812_20240925T225841_055828_06D27E_789A_COG.SAFE",
    "t": "2024-09-25T22:58:12+00:00",
    "sensor": "sentinel1-vv-cfar",
    "uncertainty_m": 9.1
   }
  },
  {
   "type": "Feature",
   "geometry": {
    "type": "Point",
    "coordinates": [
     -73.78437988876924,
     36.45591537916893
    ]
   },
   "properties": {
    "confidence": 0.302,
    "snr": 6.05,
    "peak_dn": 110.0,
    "background_dn": 40.2,
    "sigma_dn": 11.55,
    "pixels": 2,
    "length_m_approx": 14.1,
    "pixel": [
     21590.0,
     15890.5
    ],
    "scene": "S1A_IW_GRDH_1SDV_20240925T225812_20240925T225841_055828_06D27E_789A_COG.SAFE",
    "t": "2024-09-25T22:58:12+00:00",
    "sensor": "sentinel1-vv-cfar",
    "uncertainty_m": 7.6
   }
  },
  {
   "type": "Feature",
   "geometry": {
    "type": "Point",
    "coordinates": [
     -73.57747254611728,
     36.41288645559548
    ]
   },
   "properties": {
    "confidence": 0.413,
    "snr": 8.26,
    "peak_dn": 191.0,
    "background_dn": 57.1,
    "sigma_dn": 16.22,
    "pixels": 4,
    "length_m_approx": 20.0,
    "pixel": [
     23340.5,
     15126.5
    ],
    "scene": "S1A_IW_GRDH_1SDV_20240925T225812_20240925T225841_055828_06D27E_789A_COG.SAFE",
    "t": "2024-09-25T22:58:12+00:00",
    "sensor": "sentinel1-vv-cfar",
    "uncertainty_m": 10.4
   }
  },
  {
   "type": "Feature",
   "geometry": {
    "type": "Point",
    "coordinates": [
     -73.64556827355162,
     36.46051812354061
    ]
   },
   "properties": {
    "confidence": 0.39,
    "snr": 7.79,
    "peak_dn": 164.0,
    "background_dn": 51.2,
    "sigma_dn": 14.47,
    "pixels": 4,
    "length_m_approx": 20.0,
    "pixel": [
     22825.5,
     15739.5
    ],
    "scene": "S1A_IW_GRDH_1SDV_20240925T225812_20240925T225841_055828_06D27E_789A_COG.SAFE",
    "t": "2024-09-25T22:58:12+00:00",
    "sensor": "sentinel1-vv-cfar",
    "uncertainty_m": 10.4
   }
  },
  {
   "type": "Feature",
   "geometry": {
    "type": "Point",
    "coordinates": [
     -73.50356630821153,
     36.42626970253329
    ]
   },
   "properties": {
    "confidence": 0.387,
    "snr": 7.74,
    "peak_dn": 163.0,
    "background_dn": 52.9,
    "sigma_dn": 14.22,
    "pixels": 3,
    "length_m_approx": 17.3,
    "pixel": [
     24018.7,
     15165.3
    ],
    "scene": "S1A_IW_GRDH_1SDV_20240925T225812_20240925T225841_055828_06D27E_789A_COG.SAFE",
    "t": "2024-09-25T22:58:12+00:00",
    "sensor": "sentinel1-vv-cfar",
    "uncertainty_m": 9.1
   }
  },
  {
   "type": "Feature",
   "geometry": {
    "type": "Point",
    "coordinates": [
     -73.44806061927112,
     36.37437872690519
    ]
   },
   "properties": {
    "confidence": 0.375,
    "snr": 7.5,
    "peak_dn": 171.0,
    "background_dn": 56.7,
    "sigma_dn": 15.24,
    "pixels": 4,
    "length_m_approx": 20.0,
    "pixel": [
     24415.5,
     14524.5
    ],
    "scene": "S1A_IW_GRDH_1SDV_20240925T225812_20240925T225841_055828_06D27E_789A_COG.SAFE",
    "t": "2024-09-25T22:58:12+00:00",
    "sensor": "sentinel1-vv-cfar",
    "uncertainty_m": 10.4
   }
  },
  {
   "type": "Feature",
   "geometry": {
    "type": "Point",
    "coordinates": [
     -73.66188390649158,
     36.475076983729764
    ]
   },
   "properties": {
    "confidence": 0.372,
    "snr": 7.45,
    "peak_dn": 138.0,
    "background_dn": 45.0,
    "sigma_dn": 12.48,
    "pixels": 2,
    "length_m_approx": 14.1,
    "pixel": [
     22708.0,
     15920.5
    ],
    "scene": "S1A_IW_GRDH_1SDV_20240925T225812_20240925T225841_055828_06D27E_789A_COG.SAFE",
    "t": "2024-09-25T22:58:12+00:00",
    "sensor": "sentinel1-vv-cfar",
    "uncertainty_m": 7.6
   }
  },
  {
   "type": "Feature",
   "geometry": {
    "type": "Point",
    "coordinates": [
     -73.57522334315644,
     36.35613597488975
    ]
   },
   "properties": {
    "confidence": 0.371,
    "snr": 7.42,
    "peak_dn": 158.0,
    "background_dn": 51.2,
    "sigma_dn": 14.39,
    "pixels": 4,
    "length_m_approx": 20.0,
    "pixel": [
     23256.5,
     14509.5
    ],
    "scene": "S1A_IW_GRDH_1SDV_20240925T225812_20240925T225841_055828_06D27E_789A_COG.SAFE",
    "t": "2024-09-25T22:58:12+00:00",
    "sensor": "sentinel1-vv-cfar",
    "uncertainty_m": 10.4
   }
  },
  {
   "type": "Feature",
   "geometry": {
    "type": "Point",
    "coordinates": [
     -73.54947458782851,
     36.376348677984524
    ]
   },
   "properties": {
    "confidence": 0.364,
    "snr": 7.29,
    "peak_dn": 178.0,
    "background_dn": 57.9,
    "sigma_dn": 16.49,
    "pixels": 5,
    "length_m_approx": 22.4,
    "pixel": [
     23521.4,
     14691.2
    ],
    "scene": "S1A_IW_GRDH_1SDV_20240925T225812_20240925T225841_055828_06D27E_789A_COG.SAFE",
    "t": "2024-09-25T22:58:12+00:00",
    "sensor": "sentinel1-vv-cfar",
    "uncertainty_m": 11.5
   }
  },
  {
   "type": "Feature",
   "geometry": {
    "type": "Point",
    "coordinates": [
     -73.45153886434952,
     36.39434426878783
    ]
   },
   "properties": {
    "confidence": 0.361,
    "snr": 7.21,
    "peak_dn": 164.0,
    "background_dn": 55.4,
    "sigma_dn": 15.06,
    "pixels": 2,
    "length_m_approx": 14.1,
    "pixel": [
     24421.0,
     14745.5
    ],
    "scene": "S1A_IW_GRDH_1SDV_20240925T225812_20240925T225841_055828_06D27E_789A_COG.SAFE",
    "t": "2024-09-25T22:58:12+00:00",
    "sensor": "sentinel1-vv-cfar",
    "uncertainty_m": 7.6
   }
  },
  {
   "type": "Feature",
   "geometry": {
    "type": "Point",
    "coordinates": [
     -73.62095622301344,
     36.493767953527254
    ]
   },
   "properties": {
    "confidence": 0.358,
    "snr": 7.16,
    "peak_dn": 135.0,
    "background_dn": 45.6,
    "sigma_dn": 12.47,
    "pixels": 2,
    "length_m_approx": 14.1,
    "pixel": [
     23104.0,
     16063.5
    ],
    "scene": "S1A_IW_GRDH_1SDV_20240925T225812_20240925T225841_055828_06D27E_789A_COG.SAFE",
    "t": "2024-09-25T22:58:12+00:00",
    "sensor": "sentinel1-vv-cfar",
    "uncertainty_m": 7.6
   }
  },
  {
   "type": "Feature",
   "geometry": {
    "type": "Point",
    "coordinates": [
     -73.56829199357541,
     36.45547799401484
    ]
   },
   "properties": {
    "confidence": 0.356,
    "snr": 7.12,
    "peak_dn": 174.0,
    "background_dn": 57.5,
    "sigma_dn": 16.35,
    "pixels": 2,
    "length_m_approx": 14.1,
    "pixel": [
     23499.5,
     15574.0
    ],
    "scene": "S1A_IW_GRDH_1SDV_20240925T225812_20240925T225841_055828_06D27E_789A_COG.SAFE",
    "t": "2024-09-25T22:58:12+00:00",
    "sensor": "sentinel1-vv-cfar",
    "uncertainty_m": 7.6
   }
  },
  {
   "type": "Feature",
   "geometry": {
    "type": "Point",
    "coordinates": [
     -73.51697779830324,
     36.39113552023079
    ]
   },
   "properties": {
    "confidence": 0.346,
    "snr": 6.91,
    "peak_dn": 174.0,
    "background_dn": 58.0,
    "sigma_dn": 16.79,
    "pixels": 2,
    "length_m_approx": 14.1,
    "pixel": [
     23836.0,
     14804.5
    ],
    "scene": "S1A_IW_GRDH_1SDV_20240925T225812_20240925T225841_055828_06D27E_789A_COG.SAFE",
    "t": "2024-09-25T22:58:12+00:00",
    "sensor": "sentinel1-vv-cfar",
    "uncertainty_m": 7.6
   }
  },
  {
   "type": "Feature",
   "geometry": {
    "type": "Point",
    "coordinates": [
     -73.50325776925723,
     36.44655503797125
    ]
   },
   "properties": {
    "confidence": 0.344,
    "snr": 6.88,
    "peak_dn": 159.0,
    "background_dn": 54.6,
    "sigma_dn": 15.18,
    "pixels": 3,
    "length_m_approx": 17.3,
    "pixel": [
     24058.3,
     15384.3
    ],
    "scene": "S1A_IW_GRDH_1SDV_20240925T225812_20240925T225841_055828_06D27E_789A_COG.SAFE",
    "t": "2024-09-25T22:58:12+00:00",
    "sensor": "sentinel1-vv-cfar",
    "uncertainty_m": 9.1
   }
  },
  {
   "type": "Feature",
   "geometry": {
    "type": "Point",
    "coordinates": [
     -73.49070693988364,
     36.50249601160217
    ]
   },
   "properties": {
    "confidence": 0.342,
    "snr": 6.83,
    "peak_dn": 170.0,
    "background_dn": 59.3,
    "sigma_dn": 16.21,
    "pixels": 2,
    "length_m_approx": 14.1,
    "pixel": [
     24271.0,
     15971.5
    ],
    "scene": "S1A_IW_GRDH_1SDV_20240925T225812_20240925T225841_055828_06D27E_789A_COG.SAFE",
    "t": "2024-09-25T22:58:12+00:00",
    "sensor": "sentinel1-vv-cfar",
    "uncertainty_m": 7.6
   }
  },
  {
   "type": "Feature",
   "geometry": {
    "type": "Point",
    "coordinates": [
     -73.4700336143022,
     36.433780345656665
    ]
   },
   "properties": {
    "confidence": 0.341,
    "snr": 6.83,
    "peak_dn": 163.0,
    "background_dn": 56.8,
    "sigma_dn": 15.55,
    "pixels": 2,
    "length_m_approx": 14.1,
    "pixel": [
     24329.0,
     15198.5
    ],
    "scene": "S1A_IW_GRDH_1SDV_20240925T225812_20240925T225841_055828_06D27E_789A_COG.SAFE",
    "t": "2024-09-25T22:58:12+00:00",
    "sensor": "sentinel1-vv-cfar",
    "uncertainty_m": 7.6
   }
  },
  {
   "type": "Feature",
   "geometry": {
    "type": "Point",
    "coordinates": [
     -73.49356324386174,
     36.440461525332196
    ]
   },
   "properties": {
    "confidence": 0.341,
    "snr": 6.82,
    "peak_dn": 156.0,
    "background_dn": 55.0,
    "sigma_dn": 14.82,
    "pixels": 2,
    "length_m_approx": 14.1,
    "pixel": [
     24133.0,
     15304.5
    ],
    "scene": "S1A_IW_GRDH_1SDV_20240925T225812_20240925T225841_055828_06D27E_789A_COG.SAFE",
    "t": "2024-09-25T22:58:12+00:00",
    "sensor": "sentinel1-vv-cfar",
    "uncertainty_m": 7.6
   }
  },
  {
   "type": "Feature",
   "geometry": {
    "type": "Point",
    "coordinates": [
     -73.52907080037068,
     36.37251889361488
    ]
   },
   "properties": {
    "confidence": 0.33,
    "snr": 6.6,
    "peak_dn": 167.0,
    "background_dn": 58.6,
    "sigma_dn": 16.43,
    "pixels": 2,
    "length_m_approx": 14.1,
    "pixel": [
     23695.0,
     14620.5
    ],
    "scene": "S1A_IW_GRDH_1SDV_20240925T225812_20240925T225841_055828_06D27E_789A_COG.SAFE",
    "t": "2024-09-25T22:58:12+00:00",
    "sensor": "sentinel1-vv-cfar",
    "uncertainty_m": 7.6
   }
  },
  {
   "type": "Feature",
   "geometry": {
    "type": "Point",
    "coordinates": [
     -73.48826564408802,
     36.49639386912096
    ]
   },
   "properties": {
    "confidence": 0.328,
    "snr": 6.57,
    "peak_dn": 165.0,
    "background_dn": 58.5,
    "sigma_dn": 16.21,
    "pixels": 2,
    "length_m_approx": 14.1,
    "pixel": [
     24281.5,
     15902.0
    ],
    "scene": "S1A_IW_GRDH_1SDV_20240925T225812_20240925T225841_055828_06D27E_789A_COG.SAFE",
    "t": "2024-09-25T22:58:12+00:00",
    "sensor": "sentinel1-vv-cfar",
    "uncertainty_m": 7.6
   }
  },
  {
   "type": "Feature",
   "geometry": {
    "type": "Point",
    "coordinates": [
     -73.45244774808147,
     36.357214245744984
    ]
   },
   "properties": {
    "confidence": 0.327,
    "snr": 6.53,
    "peak_dn": 148.0,
    "background_dn": 54.0,
    "sigma_dn": 14.39,
    "pixels": 2,
    "length_m_approx": 14.1,
    "pixel": [
     24345.5,
     14345.0
    ],
    "scene": "S1A_IW_GRDH_1SDV_20240925T225812_20240925T225841_055828_06D27E_789A_COG.SAFE",
    "t": "2024-09-25T22:58:12+00:00",
    "sensor": "sentinel1-vv-cfar",
    "uncertainty_m": 7.6
   }
  },
  {
   "type": "Feature",
   "geometry": {
    "type": "Point",
    "coordinates": [
     -73.62565247848926,
     36.34982557149652
    ]
   },
   "properties": {
    "confidence": 0.32,
    "snr": 6.4,
    "peak_dn": 168.0,
    "background_dn": 59.0,
    "sigma_dn": 17.03,
    "pixels": 2,
    "length_m_approx": 14.1,
    "pixel": [
     22798.5,
     14514.0
    ],
    "scene": "S1A_IW_GRDH_1SDV_20240925T225812_20240925T225841_055828_06D27E_789A_COG.SAFE",
    "t": "2024-09-25T22:58:12+00:00",
    "sensor": "sentinel1-vv-cfar",
    "uncertainty_m": 7.6
   }
  },
  {
   "type": "Feature",
   "geometry": {
    "type": "Point",
    "coordinates": [
     -73.61638397940689,
     36.45558252200228
    ]
   },
   "properties": {
    "confidence": 0.319,
    "snr": 6.38,
    "peak_dn": 158.0,
    "background_dn": 55.7,
    "sigma_dn": 16.03,
    "pixels": 2,
    "length_m_approx": 14.1,
    "pixel": [
     23074.5,
     15644.0
    ],
    "scene": "S1A_IW_GRDH_1SDV_20240925T225812_20240925T225841_055828_06D27E_789A_COG.SAFE",
    "t": "2024-09-25T22:58:12+00:00",
    "sensor": "sentinel1-vv-cfar",
    "uncertainty_m": 7.6
   }
  },
  {
   "type": "Feature",
   "geometry": {
    "type": "Point",
    "coordinates": [
     -73.4074027390798,
     36.3701628070875
    ]
   },
   "properties": {
    "confidence": 0.95,
    "snr": 370.94,
    "peak_dn": 6673.0,
    "background_dn": 60.6,
    "sigma_dn": 17.83,
    "pixels": 241,
    "length_m_approx": 155.2,
    "pixel": [
     24767.8,
     14421.0
    ],
    "scene": "S1A_IW_GRDH_1SDV_20240925T225812_20240925T225841_055828_06D27E_789A_COG.SAFE",
    "t": "2024-09-25T22:58:12+00:00",
    "sensor": "sentinel1-vv-cfar",
    "uncertainty_m": 77.7
   }
  },
  {
   "type": "Feature",
   "geometry": {
    "type": "Point",
    "coordinates": [
     -73.41787531536822,
     36.42202065801503
    ]
   },
   "properties": {
    "confidence": 0.603,
    "snr": 12.06,
    "peak_dn": 246.0,
    "background_dn": 58.9,
    "sigma_dn": 15.51,
    "pixels": 19,
    "length_m_approx": 43.6,
    "pixel": [
     24769.1,
     14997.1
    ],
    "scene": "S1A_IW_GRDH_1SDV_20240925T225812_20240925T225841_055828_06D27E_789A_COG.SAFE",
    "t": "2024-09-25T22:58:12+00:00",
    "sensor": "sentinel1-vv-cfar",
    "uncertainty_m": 22.0
   }
  },
  {
   "type": "Feature",
   "geometry": {
    "type": "Point",
    "coordinates": [
     -73.40796570154112,
     36.371101066202954
    ]
   },
   "properties": {
    "confidence": 0.484,
    "snr": 9.67,
    "peak_dn": 242.0,
    "background_dn": 60.8,
    "sigma_dn": 18.73,
    "pixels": 2,
    "length_m_approx": 14.1,
    "pixel": [
     24764.5,
     14432.0
    ],
    "scene": "S1A_IW_GRDH_1SDV_20240925T225812_20240925T225841_055828_06D27E_789A_COG.SAFE",
    "t": "2024-09-25T22:58:12+00:00",
    "sensor": "sentinel1-vv-cfar",
    "uncertainty_m": 7.6
   }
  },
  {
   "type": "Feature",
   "geometry": {
    "type": "Point",
    "coordinates": [
     -73.40632490208233,
     36.369980878312084
    ]
   },
   "properties": {
    "confidence": 0.46,
    "snr": 9.2,
    "peak_dn": 224.0,
    "background_dn": 60.8,
    "sigma_dn": 17.74,
    "pixels": 2,
    "length_m_approx": 14.1,
    "pixel": [
     24777.0,
     14417.5
    ],
    "scene": "S1A_IW_GRDH_1SDV_20240925T225812_20240925T225841_055828_06D27E_789A_COG.SAFE",
    "t": "2024-09-25T22:58:12+00:00",
    "sensor": "sentinel1-vv-cfar",
    "uncertainty_m": 7.6
   }
  },
  {
   "type": "Feature",
   "geometry": {
    "type": "Point",
    "coordinates": [
     -73.40800621429477,
     36.37128055382856
    ]
   },
   "properties": {
    "confidence": 0.43,
    "snr": 8.6,
    "peak_dn": 236.0,
    "background_dn": 61.1,
    "sigma_dn": 20.34,
    "pixels": 2,
    "length_m_approx": 14.1,
    "pixel": [
     24764.5,
     14434.0
    ],
    "scene": "S1A_IW_GRDH_1SDV_20240925T225812_20240925T225841_055828_06D27E_789A_COG.SAFE",
    "t": "2024-09-25T22:58:12+00:00",
    "sensor": "sentinel1-vv-cfar",
    "uncertainty_m": 7.6
   }
  },
  {
   "type": "Feature",
   "geometry": {
    "type": "Point",
    "coordinates": [
     -73.44958841676745,
     36.50613780781543
    ]
   },
   "properties": {
    "confidence": 0.337,
    "snr": 6.75,
    "peak_dn": 180.0,
    "background_dn": 62.0,
    "sigma_dn": 17.5,
    "pixels": 2,
    "length_m_approx": 14.1,
    "pixel": [
     24641.0,
     15952.5
    ],
    "scene": "S1A_IW_GRDH_1SDV_20240925T225812_20240925T225841_055828_06D27E_789A_COG.SAFE",
    "t": "2024-09-25T22:58:12+00:00",
    "sensor": "sentinel1-vv-cfar",
    "uncertainty_m": 7.6
   }
  },
  {
   "type": "Feature",
   "geometry": {
    "type": "Point",
    "coordinates": [
     -75.10185392469484,
     36.377235705272824
    ]
   },
   "properties": {
    "confidence": 0.401,
    "snr": 8.03,
    "peak_dn": 203.0,
    "background_dn": 64.3,
    "sigma_dn": 17.28,
    "pixels": 4,
    "length_m_approx": 20.0,
    "pixel": [
     9801.5,
     17030.5
    ],
    "scene": "S1A_IW_GRDH_1SDV_20240925T225812_20240925T225841_055828_06D27E_789A_COG.SAFE",
    "t": "2024-09-25T22:58:12+00:00",
    "sensor": "sentinel1-vv-cfar",
    "uncertainty_m": 10.4
   }
  },
  {
   "type": "Feature",
   "geometry": {
    "type": "Point",
    "coordinates": [
     -75.05290967583407,
     36.337021190800435
    ]
   },
   "properties": {
    "confidence": 0.387,
    "snr": 7.74,
    "peak_dn": 194.0,
    "background_dn": 61.7,
    "sigma_dn": 17.08,
    "pixels": 4,
    "length_m_approx": 20.0,
    "pixel": [
     10153.5,
     16521.5
    ],
    "scene": "S1A_IW_GRDH_1SDV_20240925T225812_20240925T225841_055828_06D27E_789A_COG.SAFE",
    "t": "2024-09-25T22:58:12+00:00",
    "sensor": "sentinel1-vv-cfar",
    "uncertainty_m": 10.4
   }
  },
  {
   "type": "Feature",
   "geometry": {
    "type": "Point",
    "coordinates": [
     -75.11666216437459,
     36.49634470286355
    ]
   },
   "properties": {
    "confidence": 0.368,
    "snr": 7.37,
    "peak_dn": 212.0,
    "background_dn": 72.2,
    "sigma_dn": 18.98,
    "pixels": 2,
    "length_m_approx": 14.1,
    "pixel": [
     9908.5,
     18334.0
    ],
    "scene": "S1A_IW_GRDH_1SDV_20240925T225812_20240925T225841_055828_06D27E_789A_COG.SAFE",
    "t": "2024-09-25T22:58:12+00:00",
    "sensor": "sentinel1-vv-cfar",
    "uncertainty_m": 7.6
   }
  },
  {
   "type": "Feature",
   "geometry": {
    "type": "Point",
    "coordinates": [
     -75.2374214726321,
     36.47542489990588
    ]
   },
   "properties": {
    "confidence": 0.366,
    "snr": 7.32,
    "peak_dn": 218.0,
    "background_dn": 73.3,
    "sigma_dn": 19.76,
    "pixels": 3,
    "length_m_approx": 17.3,
    "pixel": [
     8802.3,
     18298.3
    ],
    "scene": "S1A_IW_GRDH_1SDV_20240925T225812_20240925T225841_055828_06D27E_789A_COG.SAFE",
    "t": "2024-09-25T22:58:12+00:00",
    "sensor": "sentinel1-vv-cfar",
    "uncertainty_m": 9.1
   }
  },
  {
   "type": "Feature",
   "geometry": {
    "type": "Point",
    "coordinates": [
     -75.11083006580662,
     36.33088089624307
    ]
   },
   "properties": {
    "confidence": 0.359,
    "snr": 7.17,
    "peak_dn": 182.0,
    "background_dn": 60.9,
    "sigma_dn": 16.88,
    "pixels": 3,
    "length_m_approx": 17.3,
    "pixel": [
     9629.7,
     16546.3
    ],
    "scene": "S1A_IW_GRDH_1SDV_20240925T225812_20240925T225841_055828_06D27E_789A_COG.SAFE",
    "t": "2024-09-25T22:58:12+00:00",
    "sensor": "sentinel1-vv-cfar",
    "uncertainty_m": 9.1
   }
  },
  {
   "type": "Feature",
   "geometry": {
    "type": "Point",
    "coordinates": [
     -75.07774092717233,
     36.34995943194287
    ]
   },
   "properties": {
    "confidence": 0.345,
    "snr": 6.9,
    "peak_dn": 183.0,
    "background_dn": 63.4,
    "sigma_dn": 17.33,
    "pixels": 2,
    "length_m_approx": 14.1,
    "pixel": [
     9960.0,
     16699.5
    ],
    "scene": "S1A_IW_GRDH_1SDV_20240925T225812_20240925T225841_055828_06D27E_789A_COG.SAFE",
    "t": "2024-09-25T22:58:12+00:00",
    "sensor": "sentinel1-vv-cfar",
    "uncertainty_m": 7.6
   }
  },
  {
   "type": "Feature",
   "geometry": {
    "type": "Point",
    "coordinates": [
     -75.12308496647171,
     36.33515498413201
    ]
   },
   "properties": {
    "confidence": 0.342,
    "snr": 6.84,
    "peak_dn": 185.0,
    "background_dn": 63.1,
    "sigma_dn": 17.82,
    "pixels": 2,
    "length_m_approx": 14.1,
    "pixel": [
     9530.0,
     16611.5
    ],
    "scene": "S1A_IW_GRDH_1SDV_20240925T225812_20240925T225841_055828_06D27E_789A_COG.SAFE",
    "t": "2024-09-25T22:58:12+00:00",
    "sensor": "sentinel1-vv-cfar",
    "uncertainty_m": 7.6
   }
  },
  {
   "type": "Feature",
   "geometry": {
    "type": "Point",
    "coordinates": [
     -75.10027799762813,
     36.39379327997501
    ]
   },
   "properties": {
    "confidence": 0.314,
    "snr": 6.28,
    "peak_dn": 181.0,
    "background_dn": 67.0,
    "sigma_dn": 18.16,
    "pixels": 2,
    "length_m_approx": 14.1,
    "pixel": [
     9848.5,
     17206.0
    ],
    "scene": "S1A_IW_GRDH_1SDV_20240925T225812_20240925T225841_055828_06D27E_789A_COG.SAFE",
    "t": "2024-09-25T22:58:12+00:00",
    "sensor": "sentinel1-vv-cfar",
    "uncertainty_m": 7.6
   }
  },
  {
   "type": "Feature",
   "geometry": {
    "type": "Point",
    "coordinates": [
     -75.1109097979637,
     36.380939547067314
    ]
   },
   "properties": {
    "confidence": 0.312,
    "snr": 6.24,
    "peak_dn": 181.0,
    "background_dn": 67.5,
    "sigma_dn": 18.2,
    "pixels": 2,
    "length_m_approx": 14.1,
    "pixel": [
     9729.0,
     17084.5
    ],
    "scene": "S1A_IW_GRDH_1SDV_20240925T225812_20240925T225841_055828_06D27E_789A_COG.SAFE",
    "t": "2024-09-25T22:58:12+00:00",
    "sensor": "sentinel1-vv-cfar",
    "uncertainty_m": 7.6
   }
  },
  {
   "type": "Feature",
   "geometry": {
    "type": "Point",
    "coordinates": [
     -74.97808498399998,
     36.383500902323036
    ]
   },
   "properties": {
    "confidence": 0.95,
    "snr": 171.41,
    "peak_dn": 3363.0,
    "background_dn": 60.8,
    "sigma_dn": 19.27,
    "pixels": 195,
    "length_m_approx": 139.6,
    "pixel": [
     10906.6,
     16904.8
    ],
    "scene": "S1A_IW_GRDH_1SDV_20240925T225812_20240925T225841_055828_06D27E_789A_COG.SAFE",
    "t": "2024-09-25T22:58:12+00:00",
    "sensor": "sentinel1-vv-cfar",
    "uncertainty_m": 69.9
   }
  },
  {
   "type": "Feature",
   "geometry": {
    "type": "Point",
    "coordinates": [
     -74.98938505753293,
     36.34147374324486
    ]
   },
   "properties": {
    "confidence": 0.95,
    "snr": 85.57,
    "peak_dn": 1309.0,
    "background_dn": 49.9,
    "sigma_dn": 14.71,
    "pixels": 171,
    "length_m_approx": 130.8,
    "pixel": [
     10723.4,
     16470.4
    ],
    "scene": "S1A_IW_GRDH_1SDV_20240925T225812_20240925T225841_055828_06D27E_789A_COG.SAFE",
    "t": "2024-09-25T22:58:12+00:00",
    "sensor": "sentinel1-vv-cfar",
    "uncertainty_m": 65.4
   }
  },
  {
   "type": "Feature",
   "geometry": {
    "type": "Point",
    "coordinates": [
     -74.96941500025895,
     36.34335009613092
    ]
   },
   "properties": {
    "confidence": 0.525,
    "snr": 10.51,
    "peak_dn": 171.0,
    "background_dn": 45.9,
    "sigma_dn": 11.91,
    "pixels": 8,
    "length_m_approx": 28.3,
    "pixel": [
     10903.5,
     16459.5
    ],
    "scene": "S1A_IW_GRDH_1SDV_20240925T225812_20240925T225841_055828_06D27E_789A_COG.SAFE",
    "t": "2024-09-25T22:58:12+00:00",
    "sensor": "sentinel1-vv-cfar",
    "uncertainty_m": 14.4
   }
  },
  {
   "type": "Feature",
   "geometry": {
    "type": "Point",
    "coordinates": [
     -74.9868530655879,
     36.42419793481953
    ]
   },
   "properties": {
    "confidence": 0.522,
    "snr": 10.44,
    "peak_dn": 225.0,
    "background_dn": 52.5,
    "sigma_dn": 16.53,
    "pixels": 8,
    "length_m_approx": 28.3,
    "pixel": [
     10909.9,
     17356.1
    ],
    "scene": "S1A_IW_GRDH_1SDV_20240925T225812_20240925T225841_055828_06D27E_789A_COG.SAFE",
    "t": "2024-09-25T22:58:12+00:00",
    "sensor": "sentinel1-vv-cfar",
    "uncertainty_m": 14.4
   }
  },
  {
   "type": "Feature",
   "geometry": {
    "type": "Point",
    "coordinates": [
     -74.99032346201793,
     36.342525197149
    ]
   },
   "properties": {
    "confidence": 0.448,
    "snr": 8.95,
    "peak_dn": 183.0,
    "background_dn": 50.4,
    "sigma_dn": 14.81,
    "pixels": 6,
    "length_m_approx": 24.5,
    "pixel": [
     10717.2,
     16483.2
    ],
    "scene": "S1A_IW_GRDH_1SDV_20240925T225812_20240925T225841_055828_06D27E_789A_COG.SAFE",
    "t": "2024-09-25T22:58:12+00:00",
    "sensor": "sentinel1-vv-cfar",
    "uncertainty_m": 12.6
   }
  },
  {
   "type": "Feature",
   "geometry": {
    "type": "Point",
    "coordinates": [
     -75.03703246098767,
     36.51209748226833
    ]
   },
   "properties": {
    "confidence": 0.414,
    "snr": 8.27,
    "peak_dn": 202.0,
    "background_dn": 58.5,
    "sigma_dn": 17.35,
    "pixels": 3,
    "length_m_approx": 17.3,
    "pixel": [
     10641.7,
     18379.3
    ],
    "scene": "S1A_IW_GRDH_1SDV_20240925T225812_20240925T225841_055828_06D27E_789A_COG.SAFE",
    "t": "2024-09-25T22:58:12+00:00",
    "sensor": "sentinel1-vv-cfar",
    "uncertainty_m": 9.1
   }
  },
  {
   "type": "Feature",
   "geometry": {
    "type": "Point",
    "coordinates": [
     -74.9789167052508,
     36.384550836357406
    ]
   },
   "properties": {
    "confidence": 0.409,
    "snr": 8.18,
    "peak_dn": 278.0,
    "background_dn": 61.0,
    "sigma_dn": 26.54,
    "pixels": 3,
    "length_m_approx": 17.3,
    "pixel": [
     10901.3,
     16917.4
    ],
    "scene": "S1A_IW_GRDH_1SDV_20240925T225812_20240925T225841_055828_06D27E_789A_COG.SAFE",
    "t": "2024-09-25T22:58:12+00:00",
    "sensor": "sentinel1-vv-cfar",
    "uncertainty_m": 9.1
   }
  },
  {
   "type": "Feature",
   "geometry": {
    "type": "Point",
    "coordinates": [
     -74.90530031302771,
     36.527920811183016
    ]
   },
   "properties": {
    "confidence": 0.396,
    "snr": 7.93,
    "peak_dn": 158.0,
    "background_dn": 49.7,
    "sigma_dn": 13.66,
    "pixels": 2,
    "length_m_approx": 14.1,
    "pixel": [
     11834.0,
     18345.5
    ],
    "scene": "S1A_IW_GRDH_1SDV_20240925T225812_20240925T225841_055828_06D27E_789A_COG.SAFE",
    "t": "2024-09-25T22:58:12+00:00",
    "sensor": "sentinel1-vv-cfar",
    "uncertainty_m": 7.6
   }
  },
  {
   "type": "Feature",
   "geometry": {
    "type": "Point",
    "coordinates": [
     -74.99070492389745,
     36.389970713674714
    ]
   },
   "properties": {
    "confidence": 0.376,
    "snr": 7.53,
    "peak_dn": 187.0,
    "background_dn": 61.5,
    "sigma_dn": 16.67,
    "pixels": 3,
    "length_m_approx": 17.3,
    "pixel": [
     10808.0,
     16994.0
    ],
    "scene": "S1A_IW_GRDH_1SDV_20240925T225812_20240925T225841_055828_06D27E_789A_COG.SAFE",
    "t": "2024-09-25T22:58:12+00:00",
    "sensor": "sentinel1-vv-cfar",
    "uncertainty_m": 9.1
   }
  },
  {
   "type": "Feature",
   "geometry": {
    "type": "Point",
    "coordinates": [
     -74.97932027576365,
     36.38366829077948
    ]
   },
   "properties": {
    "confidence": 0.373,
    "snr": 7.47,
    "peak_dn": 255.0,
    "background_dn": 61.1,
    "sigma_dn": 25.96,
    "pixels": 2,
    "length_m_approx": 14.1,
    "pixel": [
     10896.0,
     16908.5
    ],
    "scene": "S1A_IW_GRDH_1SDV_20240925T225812_20240925T225841_055828_06D27E_789A_COG.SAFE",
    "t": "2024-09-25T22:58:12+00:00",
    "sensor": "sentinel1-vv-cfar",
    "uncertainty_m": 7.6
   }
  },
  {
   "type": "Feature",
   "geometry": {
    "type": "Point",
    "coordinates": [
     -74.85324373927477,
     36.45321755676029
    ]
   },
   "properties": {
    "confidence": 0.372,
    "snr": 7.45,
    "peak_dn": 180.0,
    "background_dn": 58.2,
    "sigma_dn": 16.35,
    "pixels": 2,
    "length_m_approx": 14.1,
    "pixel": [
     12146.0,
     17461.5
    ],
    "scene": "S1A_IW_GRDH_1SDV_20240925T225812_20240925T225841_055828_06D27E_789A_COG.SAFE",
    "t": "2024-09-25T22:58:12+00:00",
    "sensor": "sentinel1-vv-cfar",
    "uncertainty_m": 7.6
   }
  },
  {
   "type": "Feature",
   "geometry": {
    "type": "Point",
    "coordinates": [
     -75.04874231477386,
     36.38432361310632
    ]
   },
   "properties": {
    "confidence": 0.352,
    "snr": 7.04,
    "peak_dn": 185.0,
    "background_dn": 63.5,
    "sigma_dn": 17.27,
    "pixels": 4,
    "length_m_approx": 20.0,
    "pixel": [
     10284.5,
     17023.5
    ],
    "scene": "S1A_IW_GRDH_1SDV_20240925T225812_20240925T225841_055828_06D27E_789A_COG.SAFE",
    "t": "2024-09-25T22:58:12+00:00",
    "sensor": "sentinel1-vv-cfar",
    "uncertainty_m": 10.4
   }
  },
  {
   "type": "Feature",
   "geometry": {
    "type": "Point",
    "coordinates": [
     -74.92156511860563,
     36.460163827845925
    ]
   },
   "properties": {
    "confidence": 0.339,
    "snr": 6.79,
    "peak_dn": 163.0,
    "background_dn": 54.8,
    "sigma_dn": 15.94,
    "pixels": 2,
    "length_m_approx": 14.1,
    "pixel": [
     11557.0,
     17641.5
    ],
    "scene": "S1A_IW_GRDH_1SDV_20240925T225812_20240925T225841_055828_06D27E_789A_COG.SAFE",
    "t": "2024-09-25T22:58:12+00:00",
    "sensor": "sentinel1-vv-cfar",
    "uncertainty_m": 7.6
   }
  },
  {
   "type": "Feature",
   "geometry": {
    "type": "Point",
    "coordinates": [
     -74.97821543348118,
     36.38303663686747
    ]
   },
   "properties": {
    "confidence": 0.339,
    "snr": 6.79,
    "peak_dn": 193.0,
    "background_dn": 61.0,
    "sigma_dn": 19.46,
    "pixels": 2,
    "length_m_approx": 14.1,
    "pixel": [
     10904.5,
     16900.0
    ],
    "scene": "S1A_IW_GRDH_1SDV_20240925T225812_20240925T225841_055828_06D27E_789A_COG.SAFE",
    "t": "2024-09-25T22:58:12+00:00",
    "sensor": "sentinel1-vv-cfar",
    "uncertainty_m": 7.6
   }
  },
  {
   "type": "Feature",
   "geometry": {
    "type": "Point",
    "coordinates": [
     -74.89355130142833,
     36.43880294861101
    ]
   },
   "properties": {
    "confidence": 0.337,
    "snr": 6.74,
    "peak_dn": 162.0,
    "background_dn": 57.5,
    "sigma_dn": 15.52,
    "pixels": 2,
    "length_m_approx": 14.1,
    "pixel": [
     11762.0,
     17368.5
    ],
    "scene": "S1A_IW_GRDH_1SDV_20240925T225812_20240925T225841_055828_06D27E_789A_COG.SAFE",
    "t": "2024-09-25T22:58:12+00:00",
    "sensor": "sentinel1-vv-cfar",
    "uncertainty_m": 7.6
   }
  },
  {
   "type": "Feature",
   "geometry": {
    "type": "Point",
    "coordinates": [
     -75.03544052127194,
     36.371042426928106
    ]
   },
   "properties": {
    "confidence": 0.336,
    "snr": 6.73,
    "peak_dn": 169.0,
    "background_dn": 59.6,
    "sigma_dn": 16.26,
    "pixels": 2,
    "length_m_approx": 14.1,
    "pixel": [
     10375.5,
     16860.0
    ],
    "scene": "S1A_IW_GRDH_1SDV_20240925T225812_20240925T225841_055828_06D27E_789A_COG.SAFE",
    "t": "2024-09-25T22:58:12+00:00",
    "sensor": "sentinel1-vv-cfar",
    "uncertainty_m": 7.6
   }
  },
  {
   "type": "Feature",
   "geometry": {
    "type": "Point",
    "coordinates": [
     -74.98694522786523,
     36.424516340172936
    ]
   },
   "properties": {
    "confidence": 0.335,
    "snr": 6.7,
    "peak_dn": 162.0,
    "background_dn": 52.2,
    "sigma_dn": 16.39,
    "pixels": 3,
    "length_m_approx": 17.3,
    "pixel": [
     10909.7,
     17359.7
    ],
    "scene": "S1A_IW_GRDH_1SDV_20240925T225812_20240925T225841_055828_06D27E_789A_COG.SAFE",
    "t": "2024-09-25T22:58:12+00:00",
    "sensor": "sentinel1-vv-cfar",
    "uncertainty_m": 9.1
   }
  },
  {
   "type": "Feature",
   "geometry": {
    "type": "Point",
    "coordinates": [
     -74.94573620457398,
     36.53012024713506
    ]
   },
   "properties": {
    "confidence": 0.331,
    "snr": 6.61,
    "peak_dn": 135.0,
    "background_dn": 48.6,
    "sigma_dn": 13.07,
    "pixels": 2,
    "length_m_approx": 14.1,
    "pixel": [
     11482.0,
     18431.5
    ],
    "scene": "S1A_IW_GRDH_1SDV_20240925T225812_20240925T225841_055828_06D27E_789A_COG.SAFE",
    "t": "2024-09-25T22:58:12+00:00",
    "sensor": "sentinel1-vv-cfar",
    "uncertainty_m": 7.6
   }
  },
  {
   "type": "Feature",
   "geometry": {
    "type": "Point",
    "coordinates": [
     -75.03141548850971,
     36.46842967541075
    ]
   },
   "properties": {
    "confidence": 0.326,
    "snr": 6.52,
    "peak_dn": 159.0,
    "background_dn": 57.0,
    "sigma_dn": 15.65,
    "pixels": 2,
    "length_m_approx": 14.1,
    "pixel": [
     10604.5,
     17901.0
    ],
    "scene": "S1A_IW_GRDH_1SDV_20240925T225812_20240925T225841_055828_06D27E_789A_COG.SAFE",
    "t": "2024-09-25T22:58:12+00:00",
    "sensor": "sentinel1-vv-cfar",
    "uncertainty_m": 7.6
   }
  },
  {
   "type": "Feature",
   "geometry": {
    "type": "Point",
    "coordinates": [
     -75.04808083295683,
     36.489550025505054
    ]
   },
   "properties": {
    "confidence": 0.323,
    "snr": 6.47,
    "peak_dn": 167.0,
    "background_dn": 57.5,
    "sigma_dn": 16.93,
    "pixels": 2,
    "length_m_approx": 14.1,
    "pixel": [
     10499.5,
     18154.0
    ],
    "scene": "S1A_IW_GRDH_1SDV_20240925T225812_20240925T225841_055828_06D27E_789A_COG.SAFE",
    "t": "2024-09-25T22:58:12+00:00",
    "sensor": "sentinel1-vv-cfar",
    "uncertainty_m": 7.6
   }
  },
  {
   "type": "Feature",
   "geometry": {
    "type": "Point",
    "coordinates": [
     -74.9245212519177,
     36.3551903667566
    ]
   },
   "properties": {
    "confidence": 0.321,
    "snr": 6.43,
    "peak_dn": 137.0,
    "background_dn": 50.4,
    "sigma_dn": 13.48,
    "pixels": 2,
    "length_m_approx": 14.1,
    "pixel": [
     11323.5,
     16517.0
    ],
    "scene": "S1A_IW_GRDH_1SDV_20240925T225812_20240925T225841_055828_06D27E_789A_COG.SAFE",
    "t": "2024-09-25T22:58:12+00:00",
    "sensor": "sentinel1-vv-cfar",
    "uncertainty_m": 7.6
   }
  },
  {
   "type": "Feature",
   "geometry": {
    "type": "Point",
    "coordinates": [
     -74.91450029764563,
     36.38402073590144
    ]
   },
   "properties": {
    "confidence": 0.316,
    "snr": 6.32,
    "peak_dn": 147.0,
    "background_dn": 53.8,
    "sigma_dn": 14.74,
    "pixels": 2,
    "length_m_approx": 14.1,
    "pixel": [
     11469.0,
     16811.5
    ],
    "scene": "S1A_IW_GRDH_1SDV_20240925T225812_20240925T225841_055828_06D27E_789A_COG.SAFE",
    "t": "2024-09-25T22:58:12+00:00",
    "sensor": "sentinel1-vv-cfar",
    "uncertainty_m": 7.6
   }
  },
  {
   "type": "Feature",
   "geometry": {
    "type": "Point",
    "coordinates": [
     -74.87549030660068,
     36.3744260237971
    ]
   },
   "properties": {
    "confidence": 0.315,
    "snr": 6.31,
    "peak_dn": 140.0,
    "background_dn": 48.9,
    "sigma_dn": 14.44,
    "pixels": 2,
    "length_m_approx": 14.1,
    "pixel": [
     11794.5,
     16648.0
    ],
    "scene": "S1A_IW_GRDH_1SDV_20240925T225812_20240925T225841_055828_06D27E_789A_COG.SAFE",
    "t": "2024-09-25T22:58:12+00:00",
    "sensor": "sentinel1-vv-cfar",
    "uncertainty_m": 7.6
   }
  },
  {
   "type": "Feature",
   "geometry": {
    "type": "Point",
    "coordinates": [
     -75.02900487119692,
     36.35504756977669
    ]
   },
   "properties": {
    "confidence": 0.314,
    "snr": 6.29,
    "peak_dn": 168.0,
    "background_dn": 61.4,
    "sigma_dn": 16.95,
    "pixels": 2,
    "length_m_approx": 14.1,
    "pixel": [
     10400.5,
     16678.0
    ],
    "scene": "S1A_IW_GRDH_1SDV_20240925T225812_20240925T225841_055828_06D27E_789A_COG.SAFE",
    "t": "2024-09-25T22:58:12+00:00",
    "sensor": "sentinel1-vv-cfar",
    "uncertainty_m": 7.6
   }
  },
  {
   "type": "Feature",
   "geometry": {
    "type": "Point",
    "coordinates": [
     -74.92637623733376,
     36.390020670488134
    ]
   },
   "properties": {
    "confidence": 0.313,
    "snr": 6.25,
    "peak_dn": 149.0,
    "background_dn": 55.5,
    "sigma_dn": 14.96,
    "pixels": 2,
    "length_m_approx": 14.1,
    "pixel": [
     11376.0,
     16894.5
    ],
    "scene": "S1A_IW_GRDH_1SDV_20240925T225812_20240925T225841_055828_06D27E_789A_COG.SAFE",
    "t": "2024-09-25T22:58:12+00:00",
    "sensor": "sentinel1-vv-cfar",
    "uncertainty_m": 7.6
   }
  },
  {
   "type": "Feature",
   "geometry": {
    "type": "Point",
    "coordinates": [
     -74.84675779236565,
     36.48109666950693
    ]
   },
   "properties": {
    "confidence": 0.312,
    "snr": 6.25,
    "peak_dn": 135.0,
    "background_dn": 48.8,
    "sigma_dn": 13.8,
    "pixels": 2,
    "length_m_approx": 14.1,
    "pixel": [
     12258.0,
     17751.5
    ],
    "scene": "S1A_IW_GRDH_1SDV_20240925T225812_20240925T225841_055828_06D27E_789A_COG.SAFE",
    "t": "2024-09-25T22:58:12+00:00",
    "sensor": "sentinel1-vv-cfar",
    "uncertainty_m": 7.6
   }
  },
  {
   "type": "Feature",
   "geometry": {
    "type": "Point",
    "coordinates": [
     -74.80603375237591,
     36.52028351836221
    ]
   },
   "properties": {
    "confidence": 0.375,
    "snr": 7.5,
    "peak_dn": 150.0,
    "background_dn": 50.1,
    "sigma_dn": 13.32,
    "pixels": 2,
    "length_m_approx": 14.1,
    "pixel": [
     12694.0,
     18110.5
    ],
    "scene": "S1A_IW_GRDH_1SDV_20240925T225812_20240925T225841_055828_06D27E_789A_COG.SAFE",
    "t": "2024-09-25T22:58:12+00:00",
    "sensor": "sentinel1-vv-cfar",
    "uncertainty_m": 7.6
   }
  },
  {
   "type": "Feature",
   "geometry": {
    "type": "Point",
    "coordinates": [
     -74.74668673338368,
     36.39226952354101
    ]
   },
   "properties": {
    "confidence": 0.34,
    "snr": 6.81,
    "peak_dn": 171.0,
    "background_dn": 60.0,
    "sigma_dn": 16.3,
    "pixels": 2,
    "length_m_approx": 14.1,
    "pixel": [
     12967.0,
     16641.5
    ],
    "scene": "S1A_IW_GRDH_1SDV_20240925T225812_20240925T225841_055828_06D27E_789A_COG.SAFE",
    "t": "2024-09-25T22:58:12+00:00",
    "sensor": "sentinel1-vv-cfar",
    "uncertainty_m": 7.6
   }
  },
  {
   "type": "Feature",
   "geometry": {
    "type": "Point",
    "coordinates": [
     -74.7424260512695,
     36.52791353254767
    ]
   },
   "properties": {
    "confidence": 0.34,
    "snr": 6.81,
    "peak_dn": 173.0,
    "background_dn": 61.6,
    "sigma_dn": 16.38,
    "pixels": 3,
    "length_m_approx": 17.3,
    "pixel": [
     13269.7,
     18095.3
    ],
    "scene": "S1A_IW_GRDH_1SDV_20240925T225812_20240925T225841_055828_06D27E_789A_COG.SAFE",
    "t": "2024-09-25T22:58:12+00:00",
    "sensor": "sentinel1-vv-cfar",
    "uncertainty_m": 9.1
   }
  },
  {
   "type": "Feature",
   "geometry": {
    "type": "Point",
    "coordinates": [
     -74.72369677268557,
     36.43371434240338
    ]
   },
   "properties": {
    "confidence": 0.327,
    "snr": 6.53,
    "peak_dn": 172.0,
    "background_dn": 61.2,
    "sigma_dn": 16.96,
    "pixels": 2,
    "length_m_approx": 14.1,
    "pixel": [
     13251.0,
     17052.5
    ],
    "scene": "S1A_IW_GRDH_1SDV_20240925T225812_20240925T225841_055828_06D27E_789A_COG.SAFE",
    "t": "2024-09-25T22:58:12+00:00",
    "sensor": "sentinel1-vv-cfar",
    "uncertainty_m": 7.6
   }
  },
  {
   "type": "Feature",
   "geometry": {
    "type": "Point",
    "coordinates": [
     -74.65116667583267,
     36.41174548721453
    ]
   },
   "properties": {
    "confidence": 0.322,
    "snr": 6.45,
    "peak_dn": 183.0,
    "background_dn": 65.6,
    "sigma_dn": 18.21,
    "pixels": 2,
    "length_m_approx": 14.1,
    "pixel": [
     13848.5,
     16705.0
    ],
    "scene": "S1A_IW_GRDH_1SDV_20240925T225812_20240925T225841_055828_06D27E_789A_COG.SAFE",
    "t": "2024-09-25T22:58:12+00:00",
    "sensor": "sentinel1-vv-cfar",
    "uncertainty_m": 7.6
   }
  },
  {
   "type": "Feature",
   "geometry": {
    "type": "Point",
    "coordinates": [
     -74.75324397258017,
     36.3876225557959
    ]
   },
   "properties": {
    "confidence": 0.315,
    "snr": 6.29,
    "peak_dn": 162.0,
    "background_dn": 60.3,
    "sigma_dn": 16.16,
    "pixels": 2,
    "length_m_approx": 14.1,
    "pixel": [
     12900.0,
     16601.5
    ],
    "scene": "S1A_IW_GRDH_1SDV_20240925T225812_20240925T225841_055828_06D27E_789A_COG.SAFE",
    "t": "2024-09-25T22:58:12+00:00",
    "sensor": "sentinel1-vv-cfar",
    "uncertainty_m": 7.6
   }
  },
  {
   "type": "Feature",
   "geometry": {
    "type": "Point",
    "coordinates": [
     -74.7510190144674,
     36.398528374278285
    ]
   },
   "properties": {
    "confidence": 0.301,
    "snr": 6.02,
    "peak_dn": 162.0,
    "background_dn": 60.7,
    "sigma_dn": 16.83,
    "pixels": 2,
    "length_m_approx": 14.1,
    "pixel": [
     12941.0,
     16715.5
    ],
    "scene": "S1A_IW_GRDH_1SDV_20240925T225812_20240925T225841_055828_06D27E_789A_COG.SAFE",
    "t": "2024-09-25T22:58:12+00:00",
    "sensor": "sentinel1-vv-cfar",
    "uncertainty_m": 7.6
   }
  },
  {
   "type": "Feature",
   "geometry": {
    "type": "Point",
    "coordinates": [
     -74.50511655345379,
     36.42484366005228
    ]
   },
   "properties": {
    "confidence": 0.95,
    "snr": 195.43,
    "peak_dn": 3343.0,
    "background_dn": 60.2,
    "sigma_dn": 16.8,
    "pixels": 209,
    "length_m_approx": 144.6,
    "pixel": [
     15163.6,
     16624.1
    ],
    "scene": "S1A_IW_GRDH_1SDV_20240925T225812_20240925T225841_055828_06D27E_789A_COG.SAFE",
    "t": "2024-09-25T22:58:12+00:00",
    "sensor": "sentinel1-vv-cfar",
    "uncertainty_m": 72.3
   }
  },
  {
   "type": "Feature",
   "geometry": {
    "type": "Point",
    "coordinates": [
     -74.50472716498862,
     36.42405657298242
    ]
   },
   "properties": {
    "confidence": 0.492,
    "snr": 9.85,
    "peak_dn": 220.0,
    "background_dn": 59.9,
    "sigma_dn": 16.26,
    "pixels": 2,
    "length_m_approx": 14.1,
    "pixel": [
     15165.5,
     16615.0
    ],
    "scene": "S1A_IW_GRDH_1SDV_20240925T225812_20240925T225841_055828_06D27E_789A_COG.SAFE",
    "t": "2024-09-25T22:58:12+00:00",
    "sensor": "sentinel1-vv-cfar",
    "uncertainty_m": 7.6
   }
  },
  {
   "type": "Feature",
   "geometry": {
    "type": "Point",
    "coordinates": [
     -74.43759544076927,
     36.56371241171886
    ]
   },
   "properties": {
    "confidence": 0.414,
    "snr": 8.29,
    "peak_dn": 182.0,
    "background_dn": 56.9,
    "sigma_dn": 15.09,
    "pixels": 6,
    "length_m_approx": 24.5,
    "pixel": [
     16026.5,
     18019.0
    ],
    "scene": "S1A_IW_GRDH_1SDV_20240925T225812_20240925T225841_055828_06D27E_789A_COG.SAFE",
    "t": "2024-09-25T22:58:12+00:00",
    "sensor": "sentinel1-vv-cfar",
    "uncertainty_m": 12.6
   }
  },
  {
   "type": "Feature",
   "geometry": {
    "type": "Point",
    "coordinates": [
     -74.46107032405622,
     36.426606751954814
    ]
   },
   "properties": {
    "confidence": 0.368,
    "snr": 7.36,
    "peak_dn": 158.0,
    "background_dn": 54.4,
    "sigma_dn": 14.09,
    "pixels": 2,
    "length_m_approx": 14.1,
    "pixel": [
     15556.0,
     16576.5
    ],
    "scene": "S1A_IW_GRDH_1SDV_20240925T225812_20240925T225841_055828_06D27E_789A_COG.SAFE",
    "t": "2024-09-25T22:58:12+00:00",
    "sensor": "sentinel1-vv-cfar",
    "uncertainty_m": 7.6
   }
  },
  {
   "type": "Feature",
   "geometry": {
    "type": "Point",
    "coordinates": [
     -74.4793789804375,
     36.44121870441835
    ]
   },
   "properties": {
    "confidence": 0.361,
    "snr": 7.21,
    "peak_dn": 167.0,
    "background_dn": 58.1,
    "sigma_dn": 15.1,
    "pixels": 4,
    "length_m_approx": 20.0,
    "pixel": [
     15422.5,
     16761.5
    ],
    "scene": "S1A_IW_GRDH_1SDV_20240925T225812_20240925T225841_055828_06D27E_789A_COG.SAFE",
    "t": "2024-09-25T22:58:12+00:00",
    "sensor": "sentinel1-vv-cfar",
    "uncertainty_m": 10.4
   }
  },
  {
   "type": "Feature",
   "geometry": {
    "type": "Point",
    "coordinates": [
     -74.50468994917955,
     36.42387618350829
    ]
   },
   "properties": {
    "confidence": 0.356,
    "snr": 7.12,
    "peak_dn": 176.0,
    "background_dn": 59.8,
    "sigma_dn": 16.31,
    "pixels": 2,
    "length_m_approx": 14.1,
    "pixel": [
     15165.5,
     16613.0
    ],
    "scene": "S1A_IW_GRDH_1SDV_20240925T225812_20240925T225841_055828_06D27E_789A_COG.SAFE",
    "t": "2024-09-25T22:58:12+00:00",
    "sensor": "sentinel1-vv-cfar",
    "uncertainty_m": 7.6
   }
  },
  {
   "type": "Feature",
   "geometry": {
    "type": "Point",
    "coordinates": [
     -74.44272509201284,
     36.47862253152124
    ]
   },
   "properties": {
    "confidence": 0.316,
    "snr": 6.32,
    "peak_dn": 157.0,
    "background_dn": 59.2,
    "sigma_dn": 15.47,
    "pixels": 2,
    "length_m_approx": 14.1,
    "pixel": [
     15818.0,
     17109.5
    ],
    "scene": "S1A_IW_GRDH_1SDV_20240925T225812_20240925T225841_055828_06D27E_789A_COG.SAFE",
    "t": "2024-09-25T22:58:12+00:00",
    "sensor": "sentinel1-vv-cfar",
    "uncertainty_m": 7.6
   }
  },
  {
   "type": "Feature",
   "geometry": {
    "type": "Point",
    "coordinates": [
     -74.44201202474599,
     36.4311274037948
    ]
   },
   "properties": {
    "confidence": 0.313,
    "snr": 6.26,
    "peak_dn": 153.0,
    "background_dn": 57.0,
    "sigma_dn": 15.33,
    "pixels": 2,
    "length_m_approx": 14.1,
    "pixel": [
     15733.0,
     16596.5
    ],
    "scene": "S1A_IW_GRDH_1SDV_20240925T225812_20240925T225841_055828_06D27E_789A_COG.SAFE",
    "t": "2024-09-25T22:58:12+00:00",
    "sensor": "sentinel1-vv-cfar",
    "uncertainty_m": 7.6
   }
  },
  {
   "type": "Feature",
   "geometry": {
    "type": "Point",
    "coordinates": [
     -74.5233044569413,
     36.51109976863556
    ]
   },
   "properties": {
    "confidence": 0.309,
    "snr": 6.19,
    "peak_dn": 172.0,
    "background_dn": 65.2,
    "sigma_dn": 17.26,
    "pixels": 2,
    "length_m_approx": 14.1,
    "pixel": [
     15169.5,
     17581.0
    ],
    "scene": "S1A_IW_GRDH_1SDV_20240925T225812_20240925T225841_055828_06D27E_789A_COG.SAFE",
    "t": "2024-09-25T22:58:12+00:00",
    "sensor": "sentinel1-vv-cfar",
    "uncertainty_m": 7.6
   }
  },
  {
   "type": "Feature",
   "geometry": {
    "type": "Point",
    "coordinates": [
     -74.53512739713096,
     36.46697272863412
    ]
   },
   "properties": {
    "confidence": 0.308,
    "snr": 6.16,
    "peak_dn": 175.0,
    "background_dn": 66.3,
    "sigma_dn": 17.65,
    "pixels": 2,
    "length_m_approx": 14.1,
    "pixel": [
     14980.0,
     17123.5
    ],
    "scene": "S1A_IW_GRDH_1SDV_20240925T225812_20240925T225841_055828_06D27E_789A_COG.SAFE",
    "t": "2024-09-25T22:58:12+00:00",
    "sensor": "sentinel1-vv-cfar",
    "uncertainty_m": 7.6
   }
  },
  {
   "type": "Feature",
   "geometry": {
    "type": "Point",
    "coordinates": [
     -74.56924149305348,
     36.484075632155665
    ]
   },
   "properties": {
    "confidence": 0.308,
    "snr": 6.16,
    "peak_dn": 177.0,
    "background_dn": 67.0,
    "sigma_dn": 17.87,
    "pixels": 2,
    "length_m_approx": 14.1,
    "pixel": [
     14712.0,
     17359.5
    ],
    "scene": "S1A_IW_GRDH_1SDV_20240925T225812_20240925T225841_055828_06D27E_789A_COG.SAFE",
    "t": "2024-09-25T22:58:12+00:00",
    "sensor": "sentinel1-vv-cfar",
    "uncertainty_m": 7.6
   }
  },
  {
   "type": "Feature",
   "geometry": {
    "type": "Point",
    "coordinates": [
     -74.40984716761062,
     36.55315554479576
    ]
   },
   "properties": {
    "confidence": 0.305,
    "snr": 6.1,
    "peak_dn": 145.0,
    "background_dn": 55.7,
    "sigma_dn": 14.65,
    "pixels": 2,
    "length_m_approx": 14.1,
    "pixel": [
     16251.0,
     17863.5
    ],
    "scene": "S1A_IW_GRDH_1SDV_20240925T225812_20240925T225841_055828_06D27E_789A_COG.SAFE",
    "t": "2024-09-25T22:58:12+00:00",
    "sensor": "sentinel1-vv-cfar",
    "uncertainty_m": 7.6
   }
  },
  {
   "type": "Feature",
   "geometry": {
    "type": "Point",
    "coordinates": [
     -74.38223978207002,
     36.54113754920438
    ]
   },
   "properties": {
    "confidence": 0.527,
    "snr": 10.53,
    "peak_dn": 204.0,
    "background_dn": 53.9,
    "sigma_dn": 14.25,
    "pixels": 8,
    "length_m_approx": 28.3,
    "pixel": [
     16471.5,
     17692.4
    ],
    "scene": "S1A_IW_GRDH_1SDV_20240925T225812_20240925T225841_055828_06D27E_789A_COG.SAFE",
    "t": "2024-09-25T22:58:12+00:00",
    "sensor": "sentinel1-vv-cfar",
    "uncertainty_m": 14.4
   }
  },
  {
   "type": "Feature",
   "geometry": {
    "type": "Point",
    "coordinates": [
     -74.38238200937738,
     36.5417677413132
    ]
   },
   "properties": {
    "confidence": 0.477,
    "snr": 9.54,
    "peak_dn": 189.0,
    "background_dn": 53.7,
    "sigma_dn": 14.18,
    "pixels": 11,
    "length_m_approx": 33.2,
    "pixel": [
     16471.5,
     17699.5
    ],
    "scene": "S1A_IW_GRDH_1SDV_20240925T225812_20240925T225841_055828_06D27E_789A_COG.SAFE",
    "t": "2024-09-25T22:58:12+00:00",
    "sensor": "sentinel1-vv-cfar",
    "uncertainty_m": 16.8
   }
  },
  {
   "type": "Feature",
   "geometry": {
    "type": "Point",
    "coordinates": [
     -74.37624011334195,
     36.5107367869433
    ]
   },
   "properties": {
    "confidence": 0.411,
    "snr": 8.22,
    "peak_dn": 176.0,
    "background_dn": 56.2,
    "sigma_dn": 14.57,
    "pixels": 3,
    "length_m_approx": 17.3,
    "pixel": [
     16466.3,
     17355.7
    ],
    "scene": "S1A_IW_GRDH_1SDV_20240925T225812_20240925T225841_055828_06D27E_789A_COG.SAFE",
    "t": "2024-09-25T22:58:12+00:00",
    "sensor": "sentinel1-vv-cfar",
    "uncertainty_m": 9.1
   }
  },
  {
   "type": "Feature",
   "geometry": {
    "type": "Point",
    "coordinates": [
     -74.37865805707438,
     36.53677122600307
    ]
   },
   "properties": {
    "confidence": 0.376,
    "snr": 7.52,
    "peak_dn": 170.0,
    "background_dn": 55.3,
    "sigma_dn": 15.26,
    "pixels": 4,
    "length_m_approx": 20.0,
    "pixel": [
     16494.8,
     17640.0
    ],
    "scene": "S1A_IW_GRDH_1SDV_20240925T225812_20240925T225841_055828_06D27E_789A_COG.SAFE",
    "t": "2024-09-25T22:58:12+00:00",
    "sensor": "sentinel1-vv-cfar",
    "uncertainty_m": 10.4
   }
  },
  {
   "type": "Feature",
   "geometry": {
    "type": "Point",
    "coordinates": [
     -74.28486691214631,
     36.59444011950903
    ]
   },
   "properties": {
    "confidence": 0.369,
    "snr": 7.39,
    "peak_dn": 151.0,
    "background_dn": 51.1,
    "sigma_dn": 13.52,
    "pixels": 4,
    "length_m_approx": 20.0,
    "pixel": [
     17431.7,
     18122.0
    ],
    "scene": "S1A_IW_GRDH_1SDV_20240925T225812_20240925T225841_055828_06D27E_789A_COG.SAFE",
    "t": "2024-09-25T22:58:12+00:00",
    "sensor": "sentinel1-vv-cfar",
    "uncertainty_m": 10.4
   }
  },
  {
   "type": "Feature",
   "geometry": {
    "type": "Point",
    "coordinates": [
     -74.20153068671893,
     36.60633133953706
    ]
   },
   "properties": {
    "confidence": 0.364,
    "snr": 7.28,
    "peak_dn": 160.0,
    "background_dn": 54.0,
    "sigma_dn": 14.56,
    "pixels": 2,
    "length_m_approx": 14.1,
    "pixel": [
     18189.0,
     18126.5
    ],
    "scene": "S1A_IW_GRDH_1SDV_20240925T225812_20240925T225841_055828_06D27E_789A_COG.SAFE",
    "t": "2024-09-25T22:58:12+00:00",
    "sensor": "sentinel1-vv-cfar",
    "uncertainty_m": 7.6
   }
  },
  {
   "type": "Feature",
   "geometry": {
    "type": "Point",
    "coordinates": [
     -74.31919909544143,
     36.51302125782947
    ]
   },
   "properties": {
    "confidence": 0.362,
    "snr": 7.25,
    "peak_dn": 144.0,
    "background_dn": 50.3,
    "sigma_dn": 12.93,
    "pixels": 3,
    "length_m_approx": 17.3,
    "pixel": [
     16974.0,
     17295.0
    ],
    "scene": "S1A_IW_GRDH_1SDV_20240925T225812_20240925T225841_055828_06D27E_789A_COG.SAFE",
    "t": "2024-09-25T22:58:12+00:00",
    "sensor": "sentinel1-vv-cfar",
    "uncertainty_m": 9.1
   }
  },
  {
   "type": "Feature",
   "geometry": {
    "type": "Point",
    "coordinates": [
     -74.18017646706832,
     36.609903753421676
    ]
   },
   "properties": {
    "confidence": 0.332,
    "snr": 6.63,
    "peak_dn": 154.0,
    "background_dn": 55.0,
    "sigma_dn": 14.93,
    "pixels": 2,
    "length_m_approx": 14.1,
    "pixel": [
     18384.0,
     18133.5
    ],
    "scene": "S1A_IW_GRDH_1SDV_20240925T225812_20240925T225841_055828_06D27E_789A_COG.SAFE",
    "t": "2024-09-25T22:58:12+00:00",
    "sensor": "sentinel1-vv-cfar",
    "uncertainty_m": 7.6
   }
  },
  {
   "type": "Feature",
   "geometry": {
    "type": "Point",
    "coordinates": [
     -74.2277233856939,
     36.55162622433266
    ]
   },
   "properties": {
    "confidence": 0.323,
    "snr": 6.46,
    "peak_dn": 151.0,
    "background_dn": 54.4,
    "sigma_dn": 14.95,
    "pixels": 2,
    "length_m_approx": 14.1,
    "pixel": [
     17854.5,
     17575.0
    ],
    "scene": "S1A_IW_GRDH_1SDV_20240925T225812_20240925T225841_055828_06D27E_789A_COG.SAFE",
    "t": "2024-09-25T22:58:12+00:00",
    "sensor": "sentinel1-vv-cfar",
    "uncertainty_m": 7.6
   }
  },
  {
   "type": "Feature",
   "geometry": {
    "type": "Point",
    "coordinates": [
     -74.17597741864675,
     36.53073856853941
    ]
   },
   "properties": {
    "confidence": 0.313,
    "snr": 6.26,
    "peak_dn": 134.0,
    "background_dn": 50.3,
    "sigma_dn": 13.39,
    "pixels": 2,
    "length_m_approx": 14.1,
    "pixel": [
     18271.5,
     17273.0
    ],
    "scene": "S1A_IW_GRDH_1SDV_20240925T225812_20240925T225841_055828_06D27E_789A_COG.SAFE",
    "t": "2024-09-25T22:58:12+00:00",
    "sensor": "sentinel1-vv-cfar",
    "uncertainty_m": 7.6
   }
  },
  {
   "type": "Feature",
   "geometry": {
    "type": "Point",
    "coordinates": [
     -74.28773702820563,
     36.55737805185782
    ]
   },
   "properties": {
    "confidence": 0.301,
    "snr": 6.02,
    "peak_dn": 129.0,
    "background_dn": 50.7,
    "sigma_dn": 13.0,
    "pixels": 2,
    "length_m_approx": 14.1,
    "pixel": [
     17336.0,
     17726.5
    ],
    "scene": "S1A_IW_GRDH_1SDV_20240925T225812_20240925T225841_055828_06D27E_789A_COG.SAFE",
    "t": "2024-09-25T22:58:12+00:00",
    "sensor": "sentinel1-vv-cfar",
    "uncertainty_m": 7.6
   }
  },
  {
   "type": "Feature",
   "geometry": {
    "type": "Point",
    "coordinates": [
     -74.13680976995423,
     36.63228232887819
    ]
   },
   "properties": {
    "confidence": 0.367,
    "snr": 7.33,
    "peak_dn": 153.0,
    "background_dn": 50.6,
    "sigma_dn": 13.97,
    "pixels": 2,
    "length_m_approx": 14.1,
    "pixel": [
     18808.5,
     18311.0
    ],
    "scene": "S1A_IW_GRDH_1SDV_20240925T225812_20240925T225841_055828_06D27E_789A_COG.SAFE",
    "t": "2024-09-25T22:58:12+00:00",
    "sensor": "sentinel1-vv-cfar",
    "uncertainty_m": 7.6
   }
  },
  {
   "type": "Feature",
   "geometry": {
    "type": "Point",
    "coordinates": [
     -74.12151242516052,
     36.47726192126631
    ]
   },
   "properties": {
    "confidence": 0.361,
    "snr": 7.23,
    "peak_dn": 134.0,
    "background_dn": 44.3,
    "sigma_dn": 12.42,
    "pixels": 3,
    "length_m_approx": 17.3,
    "pixel": [
     18651.3,
     16615.3
    ],
    "scene": "S1A_IW_GRDH_1SDV_20240925T225812_20240925T225841_055828_06D27E_789A_COG.SAFE",
    "t": "2024-09-25T22:58:12+00:00",
    "sensor": "sentinel1-vv-cfar",
    "uncertainty_m": 9.1
   }
  },
  {
   "type": "Feature",
   "geometry": {
    "type": "Point",
    "coordinates": [
     -74.11648976827934,
     36.46806732322993
    ]
   },
   "properties": {
    "confidence": 0.351,
    "snr": 7.03,
    "peak_dn": 131.0,
    "background_dn": 44.7,
    "sigma_dn": 12.29,
    "pixels": 3,
    "length_m_approx": 17.3,
    "pixel": [
     18678.3,
     16508.7
    ],
    "scene": "S1A_IW_GRDH_1SDV_20240925T225812_20240925T225841_055828_06D27E_789A_COG.SAFE",
    "t": "2024-09-25T22:58:12+00:00",
    "sensor": "sentinel1-vv-cfar",
    "uncertainty_m": 9.1
   }
  },
  {
   "type": "Feature",
   "geometry": {
    "type": "Point",
    "coordinates": [
     -74.05611975217634,
     36.5060624496199
    ]
   },
   "properties": {
    "confidence": 0.348,
    "snr": 6.96,
    "peak_dn": 134.0,
    "background_dn": 45.0,
    "sigma_dn": 12.79,
    "pixels": 2,
    "length_m_approx": 14.1,
    "pixel": [
     19283.0,
     16829.5
    ],
    "scene": "S1A_IW_GRDH_1SDV_20240925T225812_20240925T225841_055828_06D27E_789A_COG.SAFE",
    "t": "2024-09-25T22:58:12+00:00",
    "sensor": "sentinel1-vv-cfar",
    "uncertainty_m": 7.6
   }
  },
  {
   "type": "Feature",
   "geometry": {
    "type": "Point",
    "coordinates": [
     -74.07235418828486,
     36.48763253217983
    ]
   },
   "properties": {
    "confidence": 0.34,
    "snr": 6.79,
    "peak_dn": 128.0,
    "background_dn": 45.0,
    "sigma_dn": 12.22,
    "pixels": 2,
    "length_m_approx": 14.1,
    "pixel": [
     19105.0,
     16654.5
    ],
    "scene": "S1A_IW_GRDH_1SDV_20240925T225812_20240925T225841_055828_06D27E_789A_COG.SAFE",
    "t": "2024-09-25T22:58:12+00:00",
    "sensor": "sentinel1-vv-cfar",
    "uncertainty_m": 7.6
   }
  },
  {
   "type": "Feature",
   "geometry": {
    "type": "Point",
    "coordinates": [
     -74.10776766326171,
     36.49704684981854
    ]
   },
   "properties": {
    "confidence": 0.337,
    "snr": 6.73,
    "peak_dn": 127.0,
    "background_dn": 44.0,
    "sigma_dn": 12.33,
    "pixels": 2,
    "length_m_approx": 14.1,
    "pixel": [
     18810.0,
     16808.5
    ],
    "scene": "S1A_IW_GRDH_1SDV_20240925T225812_20240925T225841_055828_06D27E_789A_COG.SAFE",
    "t": "2024-09-25T22:58:12+00:00",
    "sensor": "sentinel1-vv-cfar",
    "uncertainty_m": 7.6
   }
  },
  {
   "type": "Feature",
   "geometry": {
    "type": "Point",
    "coordinates": [
     -73.92139689512418,
     36.497145126438326
    ]
   },
   "properties": {
    "confidence": 0.332,
    "snr": 6.65,
    "peak_dn": 132.0,
    "background_dn": 46.0,
    "sigma_dn": 12.93,
    "pixels": 2,
    "length_m_approx": 14.1,
    "pixel": [
     20456.0,
     16535.5
    ],
    "scene": "S1A_IW_GRDH_1SDV_20240925T225812_20240925T225841_055828_06D27E_789A_COG.SAFE",
    "t": "2024-09-25T22:58:12+00:00",
    "sensor": "sentinel1-vv-cfar",
    "uncertainty_m": 7.6
   }
  },
  {
   "type": "Feature",
   "geometry": {
    "type": "Point",
    "coordinates": [
     -74.16004967238216,
     36.5561332534986
    ]
   },
   "properties": {
    "confidence": 0.327,
    "snr": 6.54,
    "peak_dn": 131.0,
    "background_dn": 46.8,
    "sigma_dn": 12.88,
    "pixels": 2,
    "length_m_approx": 14.1,
    "pixel": [
     18460.0,
     17523.5
    ],
    "scene": "S1A_IW_GRDH_1SDV_20240925T225812_20240925T225841_055828_06D27E_789A_COG.SAFE",
    "t": "2024-09-25T22:58:12+00:00",
    "sensor": "sentinel1-vv-cfar",
    "uncertainty_m": 7.6
   }
  },
  {
   "type": "Feature",
   "geometry": {
    "type": "Point",
    "coordinates": [
     -74.0138105613458,
     36.57279722673512
    ]
   },
   "properties": {
    "confidence": 0.325,
    "snr": 6.49,
    "peak_dn": 129.0,
    "background_dn": 45.2,
    "sigma_dn": 12.91,
    "pixels": 2,
    "length_m_approx": 14.1,
    "pixel": [
     19781.5,
     17488.0
    ],
    "scene": "S1A_IW_GRDH_1SDV_20240925T225812_20240925T225841_055828_06D27E_789A_COG.SAFE",
    "t": "2024-09-25T22:58:12+00:00",
    "sensor": "sentinel1-vv-cfar",
    "uncertainty_m": 7.6
   }
  },
  {
   "type": "Feature",
   "geometry": {
    "type": "Point",
    "coordinates": [
     -73.92654003787712,
     36.50246567229131
    ]
   },
   "properties": {
    "confidence": 0.321,
    "snr": 6.42,
    "peak_dn": 128.0,
    "background_dn": 46.3,
    "sigma_dn": 12.73,
    "pixels": 2,
    "length_m_approx": 14.1,
    "pixel": [
     20420.5,
     16600.5
    ],
    "scene": "S1A_IW_GRDH_1SDV_20240925T225812_20240925T225841_055828_06D27E_789A_COG.SAFE",
    "t": "2024-09-25T22:58:12+00:00",
    "sensor": "sentinel1-vv-cfar",
    "uncertainty_m": 7.6
   }
  },
  {
   "type": "Feature",
   "geometry": {
    "type": "Point",
    "coordinates": [
     -74.0161555138411,
     36.47361536160962
    ]
   },
   "properties": {
    "confidence": 0.319,
    "snr": 6.37,
    "peak_dn": 121.0,
    "background_dn": 43.4,
    "sigma_dn": 12.17,
    "pixels": 2,
    "length_m_approx": 14.1,
    "pixel": [
     19575.0,
     16420.5
    ],
    "scene": "S1A_IW_GRDH_1SDV_20240925T225812_20240925T225841_055828_06D27E_789A_COG.SAFE",
    "t": "2024-09-25T22:58:12+00:00",
    "sensor": "sentinel1-vv-cfar",
    "uncertainty_m": 7.6
   }
  },
  {
   "type": "Feature",
   "geometry": {
    "type": "Point",
    "coordinates": [
     -73.97243932599304,
     36.49090265787576
    ]
   },
   "properties": {
    "confidence": 0.319,
    "snr": 6.37,
    "peak_dn": 123.0,
    "background_dn": 44.2,
    "sigma_dn": 12.37,
    "pixels": 2,
    "length_m_approx": 14.1,
    "pixel": [
     19993.5,
     16543.0
    ],
    "scene": "S1A_IW_GRDH_1SDV_20240925T225812_20240925T225841_055828_06D27E_789A_COG.SAFE",
    "t": "2024-09-25T22:58:12+00:00",
    "sensor": "sentinel1-vv-cfar",
    "uncertainty_m": 7.6
   }
  },
  {
   "type": "Feature",
   "geometry": {
    "type": "Point",
    "coordinates": [
     -74.0393832953689,
     36.48008922119812
    ]
   },
   "properties": {
    "confidence": 0.317,
    "snr": 6.33,
    "peak_dn": 134.0,
    "background_dn": 47.3,
    "sigma_dn": 13.69,
    "pixels": 2,
    "length_m_approx": 14.1,
    "pixel": [
     19382.0,
     16524.5
    ],
    "scene": "S1A_IW_GRDH_1SDV_20240925T225812_20240925T225841_055828_06D27E_789A_COG.SAFE",
    "t": "2024-09-25T22:58:12+00:00",
    "sensor": "sentinel1-vv-cfar",
    "uncertainty_m": 7.6
   }
  },
  {
   "type": "Feature",
   "geometry": {
    "type": "Point",
    "coordinates": [
     -73.9792378475476,
     36.61082534663544
    ]
   },
   "properties": {
    "confidence": 0.316,
    "snr": 6.33,
    "peak_dn": 129.0,
    "background_dn": 45.8,
    "sigma_dn": 13.16,
    "pixels": 2,
    "length_m_approx": 14.1,
    "pixel": [
     20157.5,
     17848.0
    ],
    "scene": "S1A_IW_GRDH_1SDV_20240925T225812_20240925T225841_055828_06D27E_789A_COG.SAFE",
    "t": "2024-09-25T22:58:12+00:00",
    "sensor": "sentinel1-vv-cfar",
    "uncertainty_m": 7.6
   }
  },
  {
   "type": "Feature",
   "geometry": {
    "type": "Point",
    "coordinates": [
     -74.05763240143534,
     36.60040763933334
    ]
   },
   "properties": {
    "confidence": 0.314,
    "snr": 6.29,
    "peak_dn": 116.0,
    "background_dn": 42.2,
    "sigma_dn": 11.75,
    "pixels": 3,
    "length_m_approx": 17.3,
    "pixel": [
     19446.7,
     17850.3
    ],
    "scene": "S1A_IW_GRDH_1SDV_20240925T225812_20240925T225841_055828_06D27E_789A_COG.SAFE",
    "t": "2024-09-25T22:58:12+00:00",
    "sensor": "sentinel1-vv-cfar",
    "uncertainty_m": 9.1
   }
  },
  {
   "type": "Feature",
   "geometry": {
    "type": "Point",
    "coordinates": [
     -74.12522886724012,
     36.637016651333695
    ]
   },
   "properties": {
    "confidence": 0.314,
    "snr": 6.28,
    "peak_dn": 139.0,
    "background_dn": 49.7,
    "sigma_dn": 14.22,
    "pixels": 2,
    "length_m_approx": 14.1,
    "pixel": [
     18919.5,
     18345.0
    ],
    "scene": "S1A_IW_GRDH_1SDV_20240925T225812_20240925T225841_055828_06D27E_789A_COG.SAFE",
    "t": "2024-09-25T22:58:12+00:00",
    "sensor": "sentinel1-vv-cfar",
    "uncertainty_m": 7.6
   }
  },
  {
   "type": "Feature",
   "geometry": {
    "type": "Point",
    "coordinates": [
     -74.15257183617702,
     36.63383227887692
    ]
   },
   "properties": {
    "confidence": 0.313,
    "snr": 6.25,
    "peak_dn": 142.0,
    "background_dn": 52.0,
    "sigma_dn": 14.4,
    "pixels": 2,
    "length_m_approx": 14.1,
    "pixel": [
     18672.5,
     18351.0
    ],
    "scene": "S1A_IW_GRDH_1SDV_20240925T225812_20240925T225841_055828_06D27E_789A_COG.SAFE",
    "t": "2024-09-25T22:58:12+00:00",
    "sensor": "sentinel1-vv-cfar",
    "uncertainty_m": 7.6
   }
  },
  {
   "type": "Feature",
   "geometry": {
    "type": "Point",
    "coordinates": [
     -74.10836674171917,
     36.469351108828825
    ]
   },
   "properties": {
    "confidence": 0.309,
    "snr": 6.17,
    "peak_dn": 122.0,
    "background_dn": 44.8,
    "sigma_dn": 12.51,
    "pixels": 2,
    "length_m_approx": 14.1,
    "pixel": [
     18752.5,
     16510.5
    ],
    "scene": "S1A_IW_GRDH_1SDV_20240925T225812_20240925T225841_055828_06D27E_789A_COG.SAFE",
    "t": "2024-09-25T22:58:12+00:00",
    "sensor": "sentinel1-vv-cfar",
    "uncertainty_m": 7.6
   }
  },
  {
   "type": "Feature",
   "geometry": {
    "type": "Point",
    "coordinates": [
     -73.87659178130068,
     36.635559502859905
    ]
   },
   "properties": {
    "confidence": 0.444,
    "snr": 8.89,
    "peak_dn": 126.0,
    "background_dn": 36.7,
    "sigma_dn": 10.05,
    "pixels": 3,
    "length_m_approx": 17.3,
    "pixel": [
     21108.7,
     17965.7
    ],
    "scene": "S1A_IW_GRDH_1SDV_20240925T225812_20240925T225841_055828_06D27E_789A_COG.SAFE",
    "t": "2024-09-25T22:58:12+00:00",
    "sensor": "sentinel1-vv-cfar",
    "uncertainty_m": 9.1
   }
  },
  {
   "type": "Feature",
   "geometry": {
    "type": "Point",
    "coordinates": [
     -73.76738870109082,
     36.52833542816242
    ]
   },
   "properties": {
    "confidence": 0.393,
    "snr": 7.86,
    "peak_dn": 105.0,
    "background_dn": 33.3,
    "sigma_dn": 9.13,
    "pixels": 2,
    "length_m_approx": 14.1,
    "pixel": [
     21874.0,
     16648.5
    ],
    "scene": "S1A_IW_GRDH_1SDV_20240925T225812_20240925T225841_055828_06D27E_789A_COG.SAFE",
    "t": "2024-09-25T22:58:12+00:00",
    "sensor": "sentinel1-vv-cfar",
    "uncertainty_m": 7.6
   }
  },
  {
   "type": "Feature",
   "geometry": {
    "type": "Point",
    "coordinates": [
     -73.74530421153743,
     36.693042802004314
    ]
   },
   "properties": {
    "confidence": 0.388,
    "snr": 7.76,
    "peak_dn": 79.0,
    "background_dn": 25.4,
    "sigma_dn": 6.91,
    "pixels": 5,
    "length_m_approx": 22.4,
    "pixel": [
     22372.2,
     18397.2
    ],
    "scene": "S1A_IW_GRDH_1SDV_20240925T225812_20240925T225841_055828_06D27E_789A_COG.SAFE",
    "t": "2024-09-25T22:58:12+00:00",
    "sensor": "sentinel1-vv-cfar",
    "uncertainty_m": 11.5
   }
  },
  {
   "type": "Feature",
   "geometry": {
    "type": "Point",
    "coordinates": [
     -73.82022639864125,
     36.571628343942834
    ]
   },
   "properties": {
    "confidence": 0.382,
    "snr": 7.64,
    "peak_dn": 136.0,
    "background_dn": 44.0,
    "sigma_dn": 12.03,
    "pixels": 2,
    "length_m_approx": 14.1,
    "pixel": [
     21487.5,
     17193.0
    ],
    "scene": "S1A_IW_GRDH_1SDV_20240925T225812_20240925T225841_055828_06D27E_789A_COG.SAFE",
    "t": "2024-09-25T22:58:12+00:00",
    "sensor": "sentinel1-vv-cfar",
    "uncertainty_m": 7.6
   }
  },
  {
   "type": "Feature",
   "geometry": {
    "type": "Point",
    "coordinates": [
     -73.79128840517825,
     36.53864160315539
    ]
   },
   "properties": {
    "confidence": 0.373,
    "snr": 7.46,
    "peak_dn": 150.0,
    "background_dn": 46.6,
    "sigma_dn": 13.87,
    "pixels": 2,
    "length_m_approx": 14.1,
    "pixel": [
     21682.0,
     16794.5
    ],
    "scene": "S1A_IW_GRDH_1SDV_20240925T225812_20240925T225841_055828_06D27E_789A_COG.SAFE",
    "t": "2024-09-25T22:58:12+00:00",
    "sensor": "sentinel1-vv-cfar",
    "uncertainty_m": 7.6
   }
  },
  {
   "type": "Feature",
   "geometry": {
    "type": "Point",
    "coordinates": [
     -73.76888966233015,
     36.67525232567571
    ]
   },
   "properties": {
    "confidence": 0.37,
    "snr": 7.39,
    "peak_dn": 65.0,
    "background_dn": 21.8,
    "sigma_dn": 5.85,
    "pixels": 5,
    "length_m_approx": 22.4,
    "pixel": [
     22131.6,
     18238.8
    ],
    "scene": "S1A_IW_GRDH_1SDV_20240925T225812_20240925T225841_055828_06D27E_789A_COG.SAFE",
    "t": "2024-09-25T22:58:12+00:00",
    "sensor": "sentinel1-vv-cfar",
    "uncertainty_m": 11.5
   }
  },
  {
   "type": "Feature",
   "geometry": {
    "type": "Point",
    "coordinates": [
     -73.86508666456706,
     36.535189982745194
    ]
   },
   "properties": {
    "confidence": 0.356,
    "snr": 7.12,
    "peak_dn": 130.0,
    "background_dn": 42.1,
    "sigma_dn": 12.34,
    "pixels": 2,
    "length_m_approx": 14.1,
    "pixel": [
     21024.0,
     16864.5
    ],
    "scene": "S1A_IW_GRDH_1SDV_20240925T225812_20240925T225841_055828_06D27E_789A_COG.SAFE",
    "t": "2024-09-25T22:58:12+00:00",
    "sensor": "sentinel1-vv-cfar",
    "uncertainty_m": 7.6
   }
  },
  {
   "type": "Feature",
   "geometry": {
    "type": "Point",
    "coordinates": [
     -73.9255737280578,
     36.642658015978355
    ]
   },
   "properties": {
    "confidence": 0.354,
    "snr": 7.08,
    "peak_dn": 109.0,
    "background_dn": 37.4,
    "sigma_dn": 10.12,
    "pixels": 2,
    "length_m_approx": 14.1,
    "pixel": [
     20690.0,
     18113.5
    ],
    "scene": "S1A_IW_GRDH_1SDV_20240925T225812_20240925T225841_055828_06D27E_789A_COG.SAFE",
    "t": "2024-09-25T22:58:12+00:00",
    "sensor": "sentinel1-vv-cfar",
    "uncertainty_m": 7.6
   }
  },
  {
   "type": "Feature",
   "geometry": {
    "type": "Point",
    "coordinates": [
     -73.92158335250272,
     36.617108604504686
    ]
   },
   "properties": {
    "confidence": 0.346,
    "snr": 6.93,
    "peak_dn": 111.0,
    "background_dn": 38.6,
    "sigma_dn": 10.45,
    "pixels": 3,
    "length_m_approx": 17.3,
    "pixel": [
     20677.7,
     17831.7
    ],
    "scene": "S1A_IW_GRDH_1SDV_20240925T225812_20240925T225841_055828_06D27E_789A_COG.SAFE",
    "t": "2024-09-25T22:58:12+00:00",
    "sensor": "sentinel1-vv-cfar",
    "uncertainty_m": 9.1
   }
  },
  {
   "type": "Feature",
   "geometry": {
    "type": "Point",
    "coordinates": [
     -73.7877051577006,
     36.65398920665446
    ]
   },
   "properties": {
    "confidence": 0.338,
    "snr": 6.76,
    "peak_dn": 79.0,
    "background_dn": 26.2,
    "sigma_dn": 7.8,
    "pixels": 2,
    "length_m_approx": 14.1,
    "pixel": [
     21926.5,
     18036.0
    ],
    "scene": "S1A_IW_GRDH_1SDV_20240925T225812_20240925T225841_055828_06D27E_789A_COG.SAFE",
    "t": "2024-09-25T22:58:12+00:00",
    "sensor": "sentinel1-vv-cfar",
    "uncertainty_m": 7.6
   }
  },
  {
   "type": "Feature",
   "geometry": {
    "type": "Point",
    "coordinates": [
     -73.8453774233022,
     36.607762470365884
    ]
   },
   "properties": {
    "confidence": 0.337,
    "snr": 6.74,
    "peak_dn": 104.0,
    "background_dn": 35.3,
    "sigma_dn": 10.19,
    "pixels": 2,
    "length_m_approx": 14.1,
    "pixel": [
     21332.5,
     17620.0
    ],
    "scene": "S1A_IW_GRDH_1SDV_20240925T225812_20240925T225841_055828_06D27E_789A_COG.SAFE",
    "t": "2024-09-25T22:58:12+00:00",
    "sensor": "sentinel1-vv-cfar",
    "uncertainty_m": 7.6
   }
  },
  {
   "type": "Feature",
   "geometry": {
    "type": "Point",
    "coordinates": [
     -73.73253333364042,
     36.521657035000615
    ]
   },
   "properties": {
    "confidence": 0.326,
    "snr": 6.53,
    "peak_dn": 89.0,
    "background_dn": 32.0,
    "sigma_dn": 8.73,
    "pixels": 2,
    "length_m_approx": 14.1,
    "pixel": [
     22169.5,
     16526.0
    ],
    "scene": "S1A_IW_GRDH_1SDV_20240925T225812_20240925T225841_055828_06D27E_789A_COG.SAFE",
    "t": "2024-09-25T22:58:12+00:00",
    "sensor": "sentinel1-vv-cfar",
    "uncertainty_m": 7.6
   }
  },
  {
   "type": "Feature",
   "geometry": {
    "type": "Point",
    "coordinates": [
     -73.77699255910218,
     36.57155716832393
    ]
   },
   "properties": {
    "confidence": 0.323,
    "snr": 6.45,
    "peak_dn": 80.0,
    "background_dn": 27.3,
    "sigma_dn": 8.17,
    "pixels": 2,
    "length_m_approx": 14.1,
    "pixel": [
     21869.0,
     17129.5
    ],
    "scene": "S1A_IW_GRDH_1SDV_20240925T225812_20240925T225841_055828_06D27E_789A_COG.SAFE",
    "t": "2024-09-25T22:58:12+00:00",
    "sensor": "sentinel1-vv-cfar",
    "uncertainty_m": 7.6
   }
  },
  {
   "type": "Feature",
   "geometry": {
    "type": "Point",
    "coordinates": [
     -73.76831584687362,
     36.57368463972248
    ]
   },
   "properties": {
    "confidence": 0.321,
    "snr": 6.42,
    "peak_dn": 75.0,
    "background_dn": 26.8,
    "sigma_dn": 7.5,
    "pixels": 2,
    "length_m_approx": 14.1,
    "pixel": [
     21949.5,
     17140.0
    ],
    "scene": "S1A_IW_GRDH_1SDV_20240925T225812_20240925T225841_055828_06D27E_789A_COG.SAFE",
    "t": "2024-09-25T22:58:12+00:00",
    "sensor": "sentinel1-vv-cfar",
    "uncertainty_m": 7.6
   }
  },
  {
   "type": "Feature",
   "geometry": {
    "type": "Point",
    "coordinates": [
     -73.88715055785475,
     36.60533877282636
    ]
   },
   "properties": {
    "confidence": 0.314,
    "snr": 6.28,
    "peak_dn": 105.0,
    "background_dn": 38.3,
    "sigma_dn": 10.62,
    "pixels": 2,
    "length_m_approx": 14.1,
    "pixel": [
     20959.5,
     17654.5
    ],
    "scene": "S1A_IW_GRDH_1SDV_20240925T225812_20240925T225841_055828_06D27E_789A_COG.SAFE",
    "t": "2024-09-25T22:58:12+00:00",
    "sensor": "sentinel1-vv-cfar",
    "uncertainty_m": 7.6
   }
  },
  {
   "type": "Feature",
   "geometry": {
    "type": "Point",
    "coordinates": [
     -73.86093023009711,
     36.652685559139925
    ]
   },
   "properties": {
    "confidence": 0.305,
    "snr": 6.11,
    "peak_dn": 90.0,
    "background_dn": 33.1,
    "sigma_dn": 9.31,
    "pixels": 2,
    "length_m_approx": 14.1,
    "pixel": [
     21278.5,
     18128.0
    ],
    "scene": "S1A_IW_GRDH_1SDV_20240925T225812_20240925T225841_055828_06D27E_789A_COG.SAFE",
    "t": "2024-09-25T22:58:12+00:00",
    "sensor": "sentinel1-vv-cfar",
    "uncertainty_m": 7.6
   }
  },
  {
   "type": "Feature",
   "geometry": {
    "type": "Point",
    "coordinates": [
     -73.82682044099965,
     36.54552210711279
    ]
   },
   "properties": {
    "confidence": 0.302,
    "snr": 6.05,
    "peak_dn": 118.0,
    "background_dn": 43.0,
    "sigma_dn": 12.41,
    "pixels": 2,
    "length_m_approx": 14.1,
    "pixel": [
     21381.0,
     16920.5
    ],
    "scene": "S1A_IW_GRDH_1SDV_20240925T225812_20240925T225841_055828_06D27E_789A_COG.SAFE",
    "t": "2024-09-25T22:58:12+00:00",
    "sensor": "sentinel1-vv-cfar",
    "uncertainty_m": 7.6
   }
  },
  {
   "type": "Feature",
   "geometry": {
    "type": "Point",
    "coordinates": [
     -73.75770133549727,
     36.65468382549787
    ]
   },
   "properties": {
    "confidence": 0.301,
    "snr": 6.02,
    "peak_dn": 54.0,
    "background_dn": 21.2,
    "sigma_dn": 5.44,
    "pixels": 3,
    "length_m_approx": 17.3,
    "pixel": [
     22192.3,
     18000.3
    ],
    "scene": "S1A_IW_GRDH_1SDV_20240925T225812_20240925T225841_055828_06D27E_789A_COG.SAFE",
    "t": "2024-09-25T22:58:12+00:00",
    "sensor": "sentinel1-vv-cfar",
    "uncertainty_m": 9.1
   }
  },
  {
   "type": "Feature",
   "geometry": {
    "type": "Point",
    "coordinates": [
     -73.55986792234908,
     36.62470520073073
    ]
   },
   "properties": {
    "confidence": 0.377,
    "snr": 7.53,
    "peak_dn": 128.0,
    "background_dn": 42.3,
    "sigma_dn": 11.38,
    "pixels": 4,
    "length_m_approx": 20.0,
    "pixel": [
     23882.5,
     17392.5
    ],
    "scene": "S1A_IW_GRDH_1SDV_20240925T225812_20240925T225841_055828_06D27E_789A_COG.SAFE",
    "t": "2024-09-25T22:58:12+00:00",
    "sensor": "sentinel1-vv-cfar",
    "uncertainty_m": 10.4
   }
  },
  {
   "type": "Feature",
   "geometry": {
    "type": "Point",
    "coordinates": [
     -73.54248551689247,
     36.71476239153408
    ]
   },
   "properties": {
    "confidence": 0.349,
    "snr": 6.98,
    "peak_dn": 126.0,
    "background_dn": 44.7,
    "sigma_dn": 11.64,
    "pixels": 2,
    "length_m_approx": 14.1,
    "pixel": [
     24199.5,
     18342.0
    ],
    "scene": "S1A_IW_GRDH_1SDV_20240925T225812_20240925T225841_055828_06D27E_789A_COG.SAFE",
    "t": "2024-09-25T22:58:12+00:00",
    "sensor": "sentinel1-vv-cfar",
    "uncertainty_m": 7.6
   }
  },
  {
   "type": "Feature",
   "geometry": {
    "type": "Point",
    "coordinates": [
     -73.53508602173129,
     36.66176062348653
    ]
   },
   "properties": {
    "confidence": 0.346,
    "snr": 6.93,
    "peak_dn": 136.0,
    "background_dn": 48.0,
    "sigma_dn": 12.7,
    "pixels": 2,
    "length_m_approx": 14.1,
    "pixel": [
     24168.5,
     17758.0
    ],
    "scene": "S1A_IW_GRDH_1SDV_20240925T225812_20240925T225841_055828_06D27E_789A_COG.SAFE",
    "t": "2024-09-25T22:58:12+00:00",
    "sensor": "sentinel1-vv-cfar",
    "uncertainty_m": 7.6
   }
  },
  {
   "type": "Feature",
   "geometry": {
    "type": "Point",
    "coordinates": [
     -73.56997101780917,
     36.68826491680687
    ]
   },
   "properties": {
    "confidence": 0.346,
    "snr": 6.92,
    "peak_dn": 102.0,
    "background_dn": 36.5,
    "sigma_dn": 9.46,
    "pixels": 2,
    "length_m_approx": 14.1,
    "pixel": [
     23909.0,
     18094.5
    ],
    "scene": "S1A_IW_GRDH_1SDV_20240925T225812_20240925T225841_055828_06D27E_789A_COG.SAFE",
    "t": "2024-09-25T22:58:12+00:00",
    "sensor": "sentinel1-vv-cfar",
    "uncertainty_m": 7.6
   }
  },
  {
   "type": "Feature",
   "geometry": {
    "type": "Point",
    "coordinates": [
     -73.60491863047925,
     36.54914264941467
    ]
   },
   "properties": {
    "confidence": 0.321,
    "snr": 6.41,
    "peak_dn": 114.0,
    "background_dn": 42.5,
    "sigma_dn": 11.15,
    "pixels": 2,
    "length_m_approx": 14.1,
    "pixel": [
     23347.0,
     16639.5
    ],
    "scene": "S1A_IW_GRDH_1SDV_20240925T225812_20240925T225841_055828_06D27E_789A_COG.SAFE",
    "t": "2024-09-25T22:58:12+00:00",
    "sensor": "sentinel1-vv-cfar",
    "uncertainty_m": 7.6
   }
  },
  {
   "type": "Feature",
   "geometry": {
    "type": "Point",
    "coordinates": [
     -73.54407464139871,
     36.586303508675684
    ]
   },
   "properties": {
    "confidence": 0.32,
    "snr": 6.39,
    "peak_dn": 144.0,
    "background_dn": 52.2,
    "sigma_dn": 14.35,
    "pixels": 2,
    "length_m_approx": 14.1,
    "pixel": [
     23952.0,
     16954.5
    ],
    "scene": "S1A_IW_GRDH_1SDV_20240925T225812_20240925T225841_055828_06D27E_789A_COG.SAFE",
    "t": "2024-09-25T22:58:12+00:00",
    "sensor": "sentinel1-vv-cfar",
    "uncertainty_m": 7.6
   }
  },
  {
   "type": "Feature",
   "geometry": {
    "type": "Point",
    "coordinates": [
     -73.68126080286547,
     36.51874154350708
    ]
   },
   "properties": {
    "confidence": 0.317,
    "snr": 6.35,
    "peak_dn": 96.0,
    "background_dn": 35.8,
    "sigma_dn": 9.49,
    "pixels": 2,
    "length_m_approx": 14.1,
    "pixel": [
     22617.0,
     16420.5
    ],
    "scene": "S1A_IW_GRDH_1SDV_20240925T225812_20240925T225841_055828_06D27E_789A_COG.SAFE",
    "t": "2024-09-25T22:58:12+00:00",
    "sensor": "sentinel1-vv-cfar",
    "uncertainty_m": 7.6
   }
  },
  {
   "type": "Feature",
   "geometry": {
    "type": "Point",
    "coordinates": [
     -73.51653905100633,
     36.724590656634255
    ]
   },
   "properties": {
    "confidence": 0.313,
    "snr": 6.26,
    "peak_dn": 127.0,
    "background_dn": 47.9,
    "sigma_dn": 12.63,
    "pixels": 2,
    "length_m_approx": 14.1,
    "pixel": [
     24446.0,
     18411.5
    ],
    "scene": "S1A_IW_GRDH_1SDV_20240925T225812_20240925T225841_055828_06D27E_789A_COG.SAFE",
    "t": "2024-09-25T22:58:12+00:00",
    "sensor": "sentinel1-vv-cfar",
    "uncertainty_m": 7.6
   }
  },
  {
   "type": "Feature",
   "geometry": {
    "type": "Point",
    "coordinates": [
     -73.65522643181444,
     36.707438819428454
    ]
   },
   "properties": {
    "confidence": 0.304,
    "snr": 6.09,
    "peak_dn": 86.0,
    "background_dn": 32.5,
    "sigma_dn": 8.79,
    "pixels": 2,
    "length_m_approx": 14.1,
    "pixel": [
     23192.5,
     18423.5
    ],
    "scene": "S1A_IW_GRDH_1SDV_20240925T225812_20240925T225841_055828_06D27E_789A_COG.SAFE",
    "t": "2024-09-25T22:58:12+00:00",
    "sensor": "sentinel1-vv-cfar",
    "uncertainty_m": 7.6
   }
  },
  {
   "type": "Feature",
   "geometry": {
    "type": "Point",
    "coordinates": [
     -73.44427780926563,
     36.65967101710834
    ]
   },
   "properties": {
    "confidence": 0.385,
    "snr": 7.71,
    "peak_dn": 164.0,
    "background_dn": 54.4,
    "sigma_dn": 14.22,
    "pixels": 3,
    "length_m_approx": 17.3,
    "pixel": [
     24965.7,
     17606.7
    ],
    "scene": "S1A_IW_GRDH_1SDV_20240925T225812_20240925T225841_055828_06D27E_789A_COG.SAFE",
    "t": "2024-09-25T22:58:12+00:00",
    "sensor": "sentinel1-vv-cfar",
    "uncertainty_m": 9.1
   }
  },
  {
   "type": "Feature",
   "geometry": {
    "type": "Point",
    "coordinates": [
     -75.23673152961723,
     36.51635227180171
    ]
   },
   "properties": {
    "confidence": 0.95,
    "snr": 86.88,
    "peak_dn": 1867.0,
    "background_dn": 74.8,
    "sigma_dn": 20.63,
    "pixels": 215,
    "length_m_approx": 146.6,
    "pixel": [
     8890.6,
     18737.0
    ],
    "scene": "S1A_IW_GRDH_1SDV_20240925T225812_20240925T225841_055828_06D27E_789A_COG.SAFE",
    "t": "2024-09-25T22:58:12+00:00",
    "sensor": "sentinel1-vv-cfar",
    "uncertainty_m": 73.4
   }
  },
  {
   "type": "Feature",
   "geometry": {
    "type": "Point",
    "coordinates": [
     -75.2366921202117,
     36.51561724401188
    ]
   },
   "properties": {
    "confidence": 0.41,
    "snr": 8.19,
    "peak_dn": 243.0,
    "background_dn": 74.6,
    "sigma_dn": 20.55,
    "pixels": 4,
    "length_m_approx": 20.0,
    "pixel": [
     8889.5,
     18729.0
    ],
    "scene": "S1A_IW_GRDH_1SDV_20240925T225812_20240925T225841_055828_06D27E_789A_COG.SAFE",
    "t": "2024-09-25T22:58:12+00:00",
    "sensor": "sentinel1-vv-cfar",
    "uncertainty_m": 10.4
   }
  },
  {
   "type": "Feature",
   "geometry": {
    "type": "Point",
    "coordinates": [
     -75.23585127066758,
     36.51533884169486
    ]
   },
   "properties": {
    "confidence": 0.388,
    "snr": 7.77,
    "peak_dn": 235.0,
    "background_dn": 74.4,
    "sigma_dn": 20.68,
    "pixels": 3,
    "length_m_approx": 17.3,
    "pixel": [
     8896.3,
     18724.7
    ],
    "scene": "S1A_IW_GRDH_1SDV_20240925T225812_20240925T225841_055828_06D27E_789A_COG.SAFE",
    "t": "2024-09-25T22:58:12+00:00",
    "sensor": "sentinel1-vv-cfar",
    "uncertainty_m": 9.1
   }
  },
  {
   "type": "Feature",
   "geometry": {
    "type": "Point",
    "coordinates": [
     -75.13455584738375,
     36.57611868476546
    ]
   },
   "properties": {
    "confidence": 0.384,
    "snr": 7.67,
    "peak_dn": 171.0,
    "background_dn": 54.4,
    "sigma_dn": 15.2,
    "pixels": 2,
    "length_m_approx": 14.1,
    "pixel": [
     9910.0,
     19219.5
    ],
    "scene": "S1A_IW_GRDH_1SDV_20240925T225812_20240925T225841_055828_06D27E_789A_COG.SAFE",
    "t": "2024-09-25T22:58:12+00:00",
    "sensor": "sentinel1-vv-cfar",
    "uncertainty_m": 7.6
   }
  },
  {
   "type": "Feature",
   "geometry": {
    "type": "Point",
    "coordinates": [
     -75.17144076191236,
     36.5796678184281
    ]
   },
   "properties": {
    "confidence": 0.366,
    "snr": 7.32,
    "peak_dn": 182.0,
    "background_dn": 61.0,
    "sigma_dn": 16.53,
    "pixels": 3,
    "length_m_approx": 17.3,
    "pixel": [
     9592.3,
     19315.3
    ],
    "scene": "S1A_IW_GRDH_1SDV_20240925T225812_20240925T225841_055828_06D27E_789A_COG.SAFE",
    "t": "2024-09-25T22:58:12+00:00",
    "sensor": "sentinel1-vv-cfar",
    "uncertainty_m": 9.1
   }
  },
  {
   "type": "Feature",
   "geometry": {
    "type": "Point",
    "coordinates": [
     -75.16226923579231,
     36.52926438012956
    ]
   },
   "properties": {
    "confidence": 0.361,
    "snr": 7.22,
    "peak_dn": 197.0,
    "background_dn": 67.3,
    "sigma_dn": 17.98,
    "pixels": 5,
    "length_m_approx": 22.4,
    "pixel": [
     9572.4,
     18759.2
    ],
    "scene": "S1A_IW_GRDH_1SDV_20240925T225812_20240925T225841_055828_06D27E_789A_COG.SAFE",
    "t": "2024-09-25T22:58:12+00:00",
    "sensor": "sentinel1-vv-cfar",
    "uncertainty_m": 11.5
   }
  },
  {
   "type": "Feature",
   "geometry": {
    "type": "Point",
    "coordinates": [
     -75.24895147223485,
     36.490502823265906
    ]
   },
   "properties": {
    "confidence": 0.314,
    "snr": 6.29,
    "peak_dn": 197.0,
    "background_dn": 74.1,
    "sigma_dn": 19.54,
    "pixels": 2,
    "length_m_approx": 14.1,
    "pixel": [
     8731.0,
     18478.5
    ],
    "scene": "S1A_IW_GRDH_1SDV_20240925T225812_20240925T225841_055828_06D27E_789A_COG.SAFE",
    "t": "2024-09-25T22:58:12+00:00",
    "sensor": "sentinel1-vv-cfar",
    "uncertainty_m": 7.6
   }
  },
  {
   "type": "Feature",
   "geometry": {
    "type": "Point",
    "coordinates": [
     -75.08954505320503,
     36.569634364737034
    ]
   },
   "properties": {
    "confidence": 0.466,
    "snr": 9.32,
    "peak_dn": 221.0,
    "background_dn": 63.2,
    "sigma_dn": 16.94,
    "pixels": 4,
    "length_m_approx": 20.0,
    "pixel": [
     10293.5,
     19079.5
    ],
    "scene": "S1A_IW_GRDH_1SDV_20240925T225812_20240925T225841_055828_06D27E_789A_COG.SAFE",
    "t": "2024-09-25T22:58:12+00:00",
    "sensor": "sentinel1-vv-cfar",
    "uncertainty_m": 10.4
   }
  },
  {
   "type": "Feature",
   "geometry": {
    "type": "Point",
    "coordinates": [
     -74.95004734030732,
     36.53619121352223
    ]
   },
   "properties": {
    "confidence": 0.356,
    "snr": 7.11,
    "peak_dn": 150.0,
    "background_dn": 51.7,
    "sigma_dn": 13.83,
    "pixels": 2,
    "length_m_approx": 14.1,
    "pixel": [
     11456.0,
     18503.5
    ],
    "scene": "S1A_IW_GRDH_1SDV_20240925T225812_20240925T225841_055828_06D27E_789A_COG.SAFE",
    "t": "2024-09-25T22:58:12+00:00",
    "sensor": "sentinel1-vv-cfar",
    "uncertainty_m": 7.6
   }
  },
  {
   "type": "Feature",
   "geometry": {
    "type": "Point",
    "coordinates": [
     -75.00093960801644,
     36.55232748765275
    ]
   },
   "properties": {
    "confidence": 0.343,
    "snr": 6.85,
    "peak_dn": 184.0,
    "background_dn": 65.1,
    "sigma_dn": 17.34,
    "pixels": 2,
    "length_m_approx": 14.1,
    "pixel": [
     11039.5,
     18756.0
    ],
    "scene": "S1A_IW_GRDH_1SDV_20240925T225812_20240925T225841_055828_06D27E_789A_COG.SAFE",
    "t": "2024-09-25T22:58:12+00:00",
    "sensor": "sentinel1-vv-cfar",
    "uncertainty_m": 7.6
   }
  },
  {
   "type": "Feature",
   "geometry": {
    "type": "Point",
    "coordinates": [
     -75.02105670964292,
     36.567323821099905
    ]
   },
   "properties": {
    "confidence": 0.335,
    "snr": 6.71,
    "peak_dn": 199.0,
    "background_dn": 70.6,
    "sigma_dn": 19.14,
    "pixels": 2,
    "length_m_approx": 14.1,
    "pixel": [
     10892.0,
     18948.5
    ],
    "scene": "S1A_IW_GRDH_1SDV_20240925T225812_20240925T225841_055828_06D27E_789A_COG.SAFE",
    "t": "2024-09-25T22:58:12+00:00",
    "sensor": "sentinel1-vv-cfar",
    "uncertainty_m": 7.6
   }
  },
  {
   "type": "Feature",
   "geometry": {
    "type": "Point",
    "coordinates": [
     -74.937975599761,
     36.57933371950888
    ]
   },
   "properties": {
    "confidence": 0.329,
    "snr": 6.58,
    "peak_dn": 153.0,
    "background_dn": 54.4,
    "sigma_dn": 14.98,
    "pixels": 2,
    "length_m_approx": 14.1,
    "pixel": [
     11647.5,
     18949.0
    ],
    "scene": "S1A_IW_GRDH_1SDV_20240925T225812_20240925T225841_055828_06D27E_789A_COG.SAFE",
    "t": "2024-09-25T22:58:12+00:00",
    "sensor": "sentinel1-vv-cfar",
    "uncertainty_m": 7.6
   }
  },
  {
   "type": "Feature",
   "geometry": {
    "type": "Point",
    "coordinates": [
     -74.87656961540694,
     36.61631155989094
    ]
   },
   "properties": {
    "confidence": 0.327,
    "snr": 6.54,
    "peak_dn": 147.0,
    "background_dn": 53.3,
    "sigma_dn": 14.32,
    "pixels": 2,
    "length_m_approx": 14.1,
    "pixel": [
     12261.0,
     19252.5
    ],
    "scene": "S1A_IW_GRDH_1SDV_20240925T225812_20240925T225841_055828_06D27E_789A_COG.SAFE",
    "t": "2024-09-25T22:58:12+00:00",
    "sensor": "sentinel1-vv-cfar",
    "uncertainty_m": 7.6
   }
  },
  {
   "type": "Feature",
   "geometry": {
    "type": "Point",
    "coordinates": [
     -74.91135356329228,
     36.55549157602441
    ]
   },
   "properties": {
    "confidence": 0.308,
    "snr": 6.16,
    "peak_dn": 146.0,
    "background_dn": 53.8,
    "sigma_dn": 14.97,
    "pixels": 2,
    "length_m_approx": 14.1,
    "pixel": [
     11835.0,
     18651.5
    ],
    "scene": "S1A_IW_GRDH_1SDV_20240925T225812_20240925T225841_055828_06D27E_789A_COG.SAFE",
    "t": "2024-09-25T22:58:12+00:00",
    "sensor": "sentinel1-vv-cfar",
    "uncertainty_m": 7.6
   }
  },
  {
   "type": "Feature",
   "geometry": {
    "type": "Point",
    "coordinates": [
     -74.65003226655274,
     36.64443585123028
    ]
   },
   "properties": {
    "confidence": 0.95,
    "snr": 39.48,
    "peak_dn": 1688.0,
    "background_dn": 57.8,
    "sigma_dn": 41.29,
    "pixels": 193,
    "length_m_approx": 138.9,
    "pixel": [
     14310.5,
     19209.4
    ],
    "scene": "S1A_IW_GRDH_1SDV_20240925T225812_20240925T225841_055828_06D27E_789A_COG.SAFE",
    "t": "2024-09-25T22:58:12+00:00",
    "sensor": "sentinel1-vv-cfar",
    "uncertainty_m": 69.5
   }
  },
  {
   "type": "Feature",
   "geometry": {
    "type": "Point",
    "coordinates": [
     -74.80692800023535,
     36.556100083472806
    ]
   },
   "properties": {
    "confidence": 0.339,
    "snr": 6.79,
    "peak_dn": 115.0,
    "background_dn": 40.4,
    "sigma_dn": 10.99,
    "pixels": 3,
    "length_m_approx": 17.3,
    "pixel": [
     12756.3,
     18497.3
    ],
    "scene": "S1A_IW_GRDH_1SDV_20240925T225812_20240925T225841_055828_06D27E_789A_COG.SAFE",
    "t": "2024-09-25T22:58:12+00:00",
    "sensor": "sentinel1-vv-cfar",
    "uncertainty_m": 9.1
   }
  },
  {
   "type": "Feature",
   "geometry": {
    "type": "Point",
    "coordinates": [
     -74.81232668523357,
     36.63486736810647
    ]
   },
   "properties": {
    "confidence": 0.325,
    "snr": 6.5,
    "peak_dn": 137.0,
    "background_dn": 49.8,
    "sigma_dn": 13.42,
    "pixels": 2,
    "length_m_approx": 14.1,
    "pixel": [
     12863.0,
     19353.5
    ],
    "scene": "S1A_IW_GRDH_1SDV_20240925T225812_20240925T225841_055828_06D27E_789A_COG.SAFE",
    "t": "2024-09-25T22:58:12+00:00",
    "sensor": "sentinel1-vv-cfar",
    "uncertainty_m": 7.6
   }
  },
  {
   "type": "Feature",
   "geometry": {
    "type": "Point",
    "coordinates": [
     -74.71676429938967,
     36.623139004824914
    ]
   },
   "properties": {
    "confidence": 0.306,
    "snr": 6.13,
    "peak_dn": 133.0,
    "background_dn": 51.1,
    "sigma_dn": 13.36,
    "pixels": 2,
    "length_m_approx": 14.1,
    "pixel": [
     13681.5,
     19081.5
    ],
    "scene": "S1A_IW_GRDH_1SDV_20240925T225812_20240925T225841_055828_06D27E_789A_COG.SAFE",
    "t": "2024-09-25T22:58:12+00:00",
    "sensor": "sentinel1-vv-cfar",
    "uncertainty_m": 7.6
   }
  },
  {
   "type": "Feature",
   "geometry": {
    "type": "Point",
    "coordinates": [
     -74.64193639661805,
     36.65152524903177
    ]
   },
   "properties": {
    "confidence": 0.381,
    "snr": 7.61,
    "peak_dn": 166.0,
    "background_dn": 54.5,
    "sigma_dn": 14.64,
    "pixels": 4,
    "length_m_approx": 20.0,
    "pixel": [
     14395.5,
     19273.5
    ],
    "scene": "S1A_IW_GRDH_1SDV_20240925T225812_20240925T225841_055828_06D27E_789A_COG.SAFE",
    "t": "2024-09-25T22:58:12+00:00",
    "sensor": "sentinel1-vv-cfar",
    "uncertainty_m": 10.4
   }
  },
  {
   "type": "Feature",
   "geometry": {
    "type": "Point",
    "coordinates": [
     -74.47691137745086,
     36.61501019650464
    ]
   },
   "properties": {
    "confidence": 0.371,
    "snr": 7.42,
    "peak_dn": 196.0,
    "background_dn": 66.5,
    "sigma_dn": 17.45,
    "pixels": 2,
    "length_m_approx": 14.1,
    "pixel": [
     15778.5,
     18631.0
    ],
    "scene": "S1A_IW_GRDH_1SDV_20240925T225812_20240925T225841_055828_06D27E_789A_COG.SAFE",
    "t": "2024-09-25T22:58:12+00:00",
    "sensor": "sentinel1-vv-cfar",
    "uncertainty_m": 7.6
   }
  },
  {
   "type": "Feature",
   "geometry": {
    "type": "Point",
    "coordinates": [
     -74.43765801067998,
     36.65446996528627
    ]
   },
   "properties": {
    "confidence": 0.364,
    "snr": 7.28,
    "peak_dn": 174.0,
    "background_dn": 60.2,
    "sigma_dn": 15.63,
    "pixels": 2,
    "length_m_approx": 14.1,
    "pixel": [
     16200.0,
     18997.5
    ],
    "scene": "S1A_IW_GRDH_1SDV_20240925T225812_20240925T225841_055828_06D27E_789A_COG.SAFE",
    "t": "2024-09-25T22:58:12+00:00",
    "sensor": "sentinel1-vv-cfar",
    "uncertainty_m": 7.6
   }
  },
  {
   "type": "Feature",
   "geometry": {
    "type": "Point",
    "coordinates": [
     -74.19320480381374,
     36.693460019702144
    ]
   },
   "properties": {
    "confidence": 0.346,
    "snr": 6.91,
    "peak_dn": 145.0,
    "background_dn": 50.7,
    "sigma_dn": 13.65,
    "pixels": 2,
    "length_m_approx": 14.1,
    "pixel": [
     18427.0,
     19054.5
    ],
    "scene": "S1A_IW_GRDH_1SDV_20240925T225812_20240925T225841_055828_06D27E_789A_COG.SAFE",
    "t": "2024-09-25T22:58:12+00:00",
    "sensor": "sentinel1-vv-cfar",
    "uncertainty_m": 7.6
   }
  },
  {
   "type": "Feature",
   "geometry": {
    "type": "Point",
    "coordinates": [
     -74.37350511215834,
     36.69087303801487
    ]
   },
   "properties": {
    "confidence": 0.325,
    "snr": 6.49,
    "peak_dn": 162.0,
    "background_dn": 59.6,
    "sigma_dn": 15.77,
    "pixels": 2,
    "length_m_approx": 14.1,
    "pixel": [
     16834.5,
     19294.0
    ],
    "scene": "S1A_IW_GRDH_1SDV_20240925T225812_20240925T225841_055828_06D27E_789A_COG.SAFE",
    "t": "2024-09-25T22:58:12+00:00",
    "sensor": "sentinel1-vv-cfar",
    "uncertainty_m": 7.6
   }
  },
  {
   "type": "Feature",
   "geometry": {
    "type": "Point",
    "coordinates": [
     -73.97213027054855,
     36.70273528471817
    ]
   },
   "properties": {
    "confidence": 0.401,
    "snr": 8.02,
    "peak_dn": 128.0,
    "background_dn": 39.2,
    "sigma_dn": 11.07,
    "pixels": 5,
    "length_m_approx": 22.4,
    "pixel": [
     20391.6,
     18830.2
    ],
    "scene": "S1A_IW_GRDH_1SDV_20240925T225812_20240925T225841_055828_06D27E_789A_COG.SAFE",
    "t": "2024-09-25T22:58:12+00:00",
    "sensor": "sentinel1-vv-cfar",
    "uncertainty_m": 11.5
   }
  },
  {
   "type": "Feature",
   "geometry": {
    "type": "Point",
    "coordinates": [
     -74.02884622389507,
     36.66414117934068
    ]
   },
   "properties": {
    "confidence": 0.392,
    "snr": 7.84,
    "peak_dn": 131.0,
    "background_dn": 40.7,
    "sigma_dn": 11.53,
    "pixels": 5,
    "length_m_approx": 22.4,
    "pixel": [
     19819.8,
     18496.4
    ],
    "scene": "S1A_IW_GRDH_1SDV_20240925T225812_20240925T225841_055828_06D27E_789A_COG.SAFE",
    "t": "2024-09-25T22:58:12+00:00",
    "sensor": "sentinel1-vv-cfar",
    "uncertainty_m": 11.5
   }
  },
  {
   "type": "Feature",
   "geometry": {
    "type": "Point",
    "coordinates": [
     -73.99840669850853,
     36.74771775026656
    ]
   },
   "properties": {
    "confidence": 0.368,
    "snr": 7.35,
    "peak_dn": 126.0,
    "background_dn": 41.3,
    "sigma_dn": 11.53,
    "pixels": 2,
    "length_m_approx": 14.1,
    "pixel": [
     20244.0,
     19354.5
    ],
    "scene": "S1A_IW_GRDH_1SDV_20240925T225812_20240925T225841_055828_06D27E_789A_COG.SAFE",
    "t": "2024-09-25T22:58:12+00:00",
    "sensor": "sentinel1-vv-cfar",
    "uncertainty_m": 7.6
   }
  },
  {
   "type": "Feature",
   "geometry": {
    "type": "Point",
    "coordinates": [
     -74.1453757204418,
     36.697586032203816
    ]
   },
   "properties": {
    "confidence": 0.356,
    "snr": 7.13,
    "peak_dn": 145.0,
    "background_dn": 49.8,
    "sigma_dn": 13.36,
    "pixels": 2,
    "length_m_approx": 14.1,
    "pixel": [
     18856.0,
     19028.5
    ],
    "scene": "S1A_IW_GRDH_1SDV_20240925T225812_20240925T225841_055828_06D27E_789A_COG.SAFE",
    "t": "2024-09-25T22:58:12+00:00",
    "sensor": "sentinel1-vv-cfar",
    "uncertainty_m": 7.6
   }
  },
  {
   "type": "Feature",
   "geometry": {
    "type": "Point",
    "coordinates": [
     -74.1897233426384,
     36.68383746289572
    ]
   },
   "properties": {
    "confidence": 0.332,
    "snr": 6.64,
    "peak_dn": 146.0,
    "background_dn": 51.2,
    "sigma_dn": 14.27,
    "pixels": 4,
    "length_m_approx": 20.0,
    "pixel": [
     18439.5,
     18945.5
    ],
    "scene": "S1A_IW_GRDH_1SDV_20240925T225812_20240925T225841_055828_06D27E_789A_COG.SAFE",
    "t": "2024-09-25T22:58:12+00:00",
    "sensor": "sentinel1-vv-cfar",
    "uncertainty_m": 10.4
   }
  },
  {
   "type": "Feature",
   "geometry": {
    "type": "Point",
    "coordinates": [
     -74.021030181345,
     36.717018618625055
    ]
   },
   "properties": {
    "confidence": 0.331,
    "snr": 6.61,
    "peak_dn": 123.0,
    "background_dn": 43.8,
    "sigma_dn": 11.97,
    "pixels": 2,
    "length_m_approx": 14.1,
    "pixel": [
     19987.5,
     19056.0
    ],
    "scene": "S1A_IW_GRDH_1SDV_20240925T225812_20240925T225841_055828_06D27E_789A_COG.SAFE",
    "t": "2024-09-25T22:58:12+00:00",
    "sensor": "sentinel1-vv-cfar",
    "uncertainty_m": 7.6
   }
  },
  {
   "type": "Feature",
   "geometry": {
    "type": "Point",
    "coordinates": [
     -74.08415418987288,
     36.71240784210432
    ]
   },
   "properties": {
    "confidence": 0.317,
    "snr": 6.34,
    "peak_dn": 124.0,
    "background_dn": 45.6,
    "sigma_dn": 12.37,
    "pixels": 2,
    "length_m_approx": 14.1,
    "pixel": [
     19423.0,
     19098.5
    ],
    "scene": "S1A_IW_GRDH_1SDV_20240925T225812_20240925T225841_055828_06D27E_789A_COG.SAFE",
    "t": "2024-09-25T22:58:12+00:00",
    "sensor": "sentinel1-vv-cfar",
    "uncertainty_m": 7.6
   }
  },
  {
   "type": "Feature",
   "geometry": {
    "type": "Point",
    "coordinates": [
     -74.04326748449063,
     36.68405111353648
    ]
   },
   "properties": {
    "confidence": 0.315,
    "snr": 6.29,
    "peak_dn": 109.0,
    "background_dn": 38.8,
    "sigma_dn": 11.15,
    "pixels": 2,
    "length_m_approx": 14.1,
    "pixel": [
     19730.0,
     18732.5
    ],
    "scene": "S1A_IW_GRDH_1SDV_20240925T225812_20240925T225841_055828_06D27E_789A_COG.SAFE",
    "t": "2024-09-25T22:58:12+00:00",
    "sensor": "sentinel1-vv-cfar",
    "uncertainty_m": 7.6
   }
  },
  {
   "type": "Feature",
   "geometry": {
    "type": "Point",
    "coordinates": [
     -74.04902678062803,
     36.66655563870487
    ]
   },
   "properties": {
    "confidence": 0.308,
    "snr": 6.16,
    "peak_dn": 112.0,
    "background_dn": 40.9,
    "sigma_dn": 11.54,
    "pixels": 2,
    "length_m_approx": 14.1,
    "pixel": [
     19646.5,
     18552.0
    ],
    "scene": "S1A_IW_GRDH_1SDV_20240925T225812_20240925T225841_055828_06D27E_789A_COG.SAFE",
    "t": "2024-09-25T22:58:12+00:00",
    "sensor": "sentinel1-vv-cfar",
    "uncertainty_m": 7.6
   }
  },
  {
   "type": "Feature",
   "geometry": {
    "type": "Point",
    "coordinates": [
     -73.86388368483725,
     36.6993920045894
    ]
   },
   "properties": {
    "confidence": 0.457,
    "snr": 9.14,
    "peak_dn": 120.0,
    "background_dn": 33.5,
    "sigma_dn": 9.46,
    "pixels": 5,
    "length_m_approx": 22.4,
    "pixel": [
     21339.0,
     18637.0
    ],
    "scene": "S1A_IW_GRDH_1SDV_20240925T225812_20240925T225841_055828_06D27E_789A_COG.SAFE",
    "t": "2024-09-25T22:58:12+00:00",
    "sensor": "sentinel1-vv-cfar",
    "uncertainty_m": 11.5
   }
  },
  {
   "type": "Feature",
   "geometry": {
    "type": "Point",
    "coordinates": [
     -73.76035616719491,
     36.782774399509805
    ]
   },
   "properties": {
    "confidence": 0.368,
    "snr": 7.35,
    "peak_dn": 93.0,
    "background_dn": 30.6,
    "sigma_dn": 8.49,
    "pixels": 2,
    "length_m_approx": 14.1,
    "pixel": [
     22404.5,
     19389.0
    ],
    "scene": "S1A_IW_GRDH_1SDV_20240925T225812_20240925T225841_055828_06D27E_789A_COG.SAFE",
    "t": "2024-09-25T22:58:12+00:00",
    "sensor": "sentinel1-vv-cfar",
    "uncertainty_m": 7.6
   }
  },
  {
   "type": "Feature",
   "geometry": {
    "type": "Point",
    "coordinates": [
     -73.78491410888967,
     36.7548640605893
    ]
   },
   "properties": {
    "confidence": 0.342,
    "snr": 6.85,
    "peak_dn": 105.0,
    "background_dn": 35.2,
    "sigma_dn": 10.19,
    "pixels": 2,
    "length_m_approx": 14.1,
    "pixel": [
     22137.0,
     19122.5
    ],
    "scene": "S1A_IW_GRDH_1SDV_20240925T225812_20240925T225841_055828_06D27E_789A_COG.SAFE",
    "t": "2024-09-25T22:58:12+00:00",
    "sensor": "sentinel1-vv-cfar",
    "uncertainty_m": 7.6
   }
  },
  {
   "type": "Feature",
   "geometry": {
    "type": "Point",
    "coordinates": [
     -73.93971289752963,
     36.720684480566504
    ]
   },
   "properties": {
    "confidence": 0.34,
    "snr": 6.8,
    "peak_dn": 112.0,
    "background_dn": 38.8,
    "sigma_dn": 10.78,
    "pixels": 2,
    "length_m_approx": 14.1,
    "pixel": [
     20710.5,
     18977.0
    ],
    "scene": "S1A_IW_GRDH_1SDV_20240925T225812_20240925T225841_055828_06D27E_789A_COG.SAFE",
    "t": "2024-09-25T22:58:12+00:00",
    "sensor": "sentinel1-vv-cfar",
    "uncertainty_m": 7.6
   }
  },
  {
   "type": "Feature",
   "geometry": {
    "type": "Point",
    "coordinates": [
     -73.86547597099879,
     36.763723826191296
    ]
   },
   "properties": {
    "confidence": 0.34,
    "snr": 6.79,
    "peak_dn": 106.0,
    "background_dn": 37.3,
    "sigma_dn": 10.12,
    "pixels": 2,
    "length_m_approx": 14.1,
    "pixel": [
     21444.0,
     19334.5
    ],
    "scene": "S1A_IW_GRDH_1SDV_20240925T225812_20240925T225841_055828_06D27E_789A_COG.SAFE",
    "t": "2024-09-25T22:58:12+00:00",
    "sensor": "sentinel1-vv-cfar",
    "uncertainty_m": 7.6
   }
  },
  {
   "type": "Feature",
   "geometry": {
    "type": "Point",
    "coordinates": [
     -73.78133891318616,
     36.77254081033875
    ]
   },
   "properties": {
    "confidence": 0.339,
    "snr": 6.79,
    "peak_dn": 101.0,
    "background_dn": 34.5,
    "sigma_dn": 9.8,
    "pixels": 2,
    "length_m_approx": 14.1,
    "pixel": [
     22201.0,
     19308.5
    ],
    "scene": "S1A_IW_GRDH_1SDV_20240925T225812_20240925T225841_055828_06D27E_789A_COG.SAFE",
    "t": "2024-09-25T22:58:12+00:00",
    "sensor": "sentinel1-vv-cfar",
    "uncertainty_m": 7.6
   }
  },
  {
   "type": "Feature",
   "geometry": {
    "type": "Point",
    "coordinates": [
     -73.805316133463,
     36.72284471826463
    ]
   },
   "properties": {
    "confidence": 0.339,
    "snr": 6.78,
    "peak_dn": 63.0,
    "background_dn": 21.7,
    "sigma_dn": 6.08,
    "pixels": 3,
    "length_m_approx": 17.3,
    "pixel": [
     21898.3,
     18805.7
    ],
    "scene": "S1A_IW_GRDH_1SDV_20240925T225812_20240925T225841_055828_06D27E_789A_COG.SAFE",
    "t": "2024-09-25T22:58:12+00:00",
    "sensor": "sentinel1-vv-cfar",
    "uncertainty_m": 9.1
   }
  },
  {
   "type": "Feature",
   "geometry": {
    "type": "Point",
    "coordinates": [
     -73.8924284253335,
     36.74624662163383
    ]
   },
   "properties": {
    "confidence": 0.331,
    "snr": 6.61,
    "peak_dn": 98.0,
    "background_dn": 34.9,
    "sigma_dn": 9.54,
    "pixels": 3,
    "length_m_approx": 17.3,
    "pixel": [
     21174.3,
     19184.7
    ],
    "scene": "S1A_IW_GRDH_1SDV_20240925T225812_20240925T225841_055828_06D27E_789A_COG.SAFE",
    "t": "2024-09-25T22:58:12+00:00",
    "sensor": "sentinel1-vv-cfar",
    "uncertainty_m": 9.1
   }
  },
  {
   "type": "Feature",
   "geometry": {
    "type": "Point",
    "coordinates": [
     -73.89081170845682,
     36.712205810555275
    ]
   },
   "properties": {
    "confidence": 0.31,
    "snr": 6.21,
    "peak_dn": 95.0,
    "background_dn": 34.7,
    "sigma_dn": 9.72,
    "pixels": 2,
    "length_m_approx": 14.1,
    "pixel": [
     21125.5,
     18814.5
    ],
    "scene": "S1A_IW_GRDH_1SDV_20240925T225812_20240925T225841_055828_06D27E_789A_COG.SAFE",
    "t": "2024-09-25T22:58:12+00:00",
    "sensor": "sentinel1-vv-cfar",
    "uncertainty_m": 7.6
   }
  },
  {
   "type": "Feature",
   "geometry": {
    "type": "Point",
    "coordinates": [
     -73.87788798768665,
     36.727405183986065
    ]
   },
   "properties": {
    "confidence": 0.309,
    "snr": 6.17,
    "peak_dn": 84.0,
    "background_dn": 31.0,
    "sigma_dn": 8.59,
    "pixels": 2,
    "length_m_approx": 14.1,
    "pixel": [
     21267.5,
     18960.0
    ],
    "scene": "S1A_IW_GRDH_1SDV_20240925T225812_20240925T225841_055828_06D27E_789A_COG.SAFE",
    "t": "2024-09-25T22:58:12+00:00",
    "sensor": "sentinel1-vv-cfar",
    "uncertainty_m": 7.6
   }
  },
  {
   "type": "Feature",
   "geometry": {
    "type": "Point",
    "coordinates": [
     -73.56414754181324,
     36.75077091567398
    ]
   },
   "properties": {
    "confidence": 0.385,
    "snr": 7.71,
    "peak_dn": 127.0,
    "background_dn": 41.9,
    "sigma_dn": 11.04,
    "pixels": 2,
    "length_m_approx": 14.1,
    "pixel": [
     24074.0,
     18762.5
    ],
    "scene": "S1A_IW_GRDH_1SDV_20240925T225812_20240925T225841_055828_06D27E_789A_COG.SAFE",
    "t": "2024-09-25T22:58:12+00:00",
    "sensor": "sentinel1-vv-cfar",
    "uncertainty_m": 7.6
   }
  },
  {
   "type": "Feature",
   "geometry": {
    "type": "Point",
    "coordinates": [
     -73.56394859405158,
     36.74998450631281
    ]
   },
   "properties": {
    "confidence": 0.379,
    "snr": 7.59,
    "peak_dn": 126.0,
    "background_dn": 41.9,
    "sigma_dn": 11.08,
    "pixels": 3,
    "length_m_approx": 17.3,
    "pixel": [
     24074.3,
     18753.7
    ],
    "scene": "S1A_IW_GRDH_1SDV_20240925T225812_20240925T225841_055828_06D27E_789A_COG.SAFE",
    "t": "2024-09-25T22:58:12+00:00",
    "sensor": "sentinel1-vv-cfar",
    "uncertainty_m": 9.1
   }
  },
  {
   "type": "Feature",
   "geometry": {
    "type": "Point",
    "coordinates": [
     -73.67629823517288,
     36.73267480353918
    ]
   },
   "properties": {
    "confidence": 0.357,
    "snr": 7.14,
    "peak_dn": 74.0,
    "background_dn": 25.9,
    "sigma_dn": 6.73,
    "pixels": 2,
    "length_m_approx": 14.1,
    "pixel": [
     23053.0,
     18726.5
    ],
    "scene": "S1A_IW_GRDH_1SDV_20240925T225812_20240925T225841_055828_06D27E_789A_COG.SAFE",
    "t": "2024-09-25T22:58:12+00:00",
    "sensor": "sentinel1-vv-cfar",
    "uncertainty_m": 7.6
   }
  },
  {
   "type": "Feature",
   "geometry": {
    "type": "Point",
    "coordinates": [
     -73.69971665557502,
     36.75550169711188
    ]
   },
   "properties": {
    "confidence": 0.347,
    "snr": 6.94,
    "peak_dn": 83.0,
    "background_dn": 28.2,
    "sigma_dn": 7.89,
    "pixels": 2,
    "length_m_approx": 14.1,
    "pixel": [
     22888.5,
     19007.0
    ],
    "scene": "S1A_IW_GRDH_1SDV_20240925T225812_20240925T225841_055828_06D27E_789A_COG.SAFE",
    "t": "2024-09-25T22:58:12+00:00",
    "sensor": "sentinel1-vv-cfar",
    "uncertainty_m": 7.6
   }
  },
  {
   "type": "Feature",
   "geometry": {
    "type": "Point",
    "coordinates": [
     -73.69395734049253,
     36.77286795111099
    ]
   },
   "properties": {
    "confidence": 0.339,
    "snr": 6.77,
    "peak_dn": 86.0,
    "background_dn": 30.2,
    "sigma_dn": 8.24,
    "pixels": 2,
    "length_m_approx": 14.1,
    "pixel": [
     22971.0,
     19186.5
    ],
    "scene": "S1A_IW_GRDH_1SDV_20240925T225812_20240925T225841_055828_06D27E_789A_COG.SAFE",
    "t": "2024-09-25T22:58:12+00:00",
    "sensor": "sentinel1-vv-cfar",
    "uncertainty_m": 7.6
   }
  },
  {
   "type": "Feature",
   "geometry": {
    "type": "Point",
    "coordinates": [
     -73.5369384553852,
     36.80388359782551
    ]
   },
   "properties": {
    "confidence": 0.327,
    "snr": 6.55,
    "peak_dn": 139.0,
    "background_dn": 51.4,
    "sigma_dn": 13.39,
    "pixels": 2,
    "length_m_approx": 14.1,
    "pixel": [
     24410.0,
     19298.5
    ],
    "scene": "S1A_IW_GRDH_1SDV_20240925T225812_20240925T225841_055828_06D27E_789A_COG.SAFE",
    "t": "2024-09-25T22:58:12+00:00",
    "sensor": "sentinel1-vv-cfar",
    "uncertainty_m": 7.6
   }
  },
  {
   "type": "Feature",
   "geometry": {
    "type": "Point",
    "coordinates": [
     -73.64232492276973,
     36.720740916865935
    ]
   },
   "properties": {
    "confidence": 0.322,
    "snr": 6.43,
    "peak_dn": 81.0,
    "background_dn": 30.1,
    "sigma_dn": 7.91,
    "pixels": 2,
    "length_m_approx": 14.1,
    "pixel": [
     23330.5,
     18549.0
    ],
    "scene": "S1A_IW_GRDH_1SDV_20240925T225812_20240925T225841_055828_06D27E_789A_COG.SAFE",
    "t": "2024-09-25T22:58:12+00:00",
    "sensor": "sentinel1-vv-cfar",
    "uncertainty_m": 7.6
   }
  },
  {
   "type": "Feature",
   "geometry": {
    "type": "Point",
    "coordinates": [
     -73.59104059138595,
     36.749081008845806
    ]
   },
   "properties": {
    "confidence": 0.321,
    "snr": 6.41,
    "peak_dn": 100.0,
    "background_dn": 37.1,
    "sigma_dn": 9.8,
    "pixels": 2,
    "length_m_approx": 14.1,
    "pixel": [
     23834.0,
     18782.5
    ],
    "scene": "S1A_IW_GRDH_1SDV_20240925T225812_20240925T225841_055828_06D27E_789A_COG.SAFE",
    "t": "2024-09-25T22:58:12+00:00",
    "sensor": "sentinel1-vv-cfar",
    "uncertainty_m": 7.6
   }
  },
  {
   "type": "Feature",
   "geometry": {
    "type": "Point",
    "coordinates": [
     -73.66669868653416,
     36.77586497021155
    ]
   },
   "properties": {
    "confidence": 0.318,
    "snr": 6.36,
    "peak_dn": 92.0,
    "background_dn": 33.1,
    "sigma_dn": 9.26,
    "pixels": 2,
    "length_m_approx": 14.1,
    "pixel": [
     23216.5,
     19180.0
    ],
    "scene": "S1A_IW_GRDH_1SDV_20240925T225812_20240925T225841_055828_06D27E_789A_COG.SAFE",
    "t": "2024-09-25T22:58:12+00:00",
    "sensor": "sentinel1-vv-cfar",
    "uncertainty_m": 7.6
   }
  }
 ]
}