{
 "type": "FeatureCollection",
 "properties": {
  "scene": "S1A_IW_GRDH_1SDV_20240621T225813_20240621T225842_054428_069F67_E12F_COG.SAFE",
  "acquired": "2024-06-21T22:58:13+00:00",
  "geolocation_rms_m": 2.6,
  "geolocation_holdout_m": 8.2,
  "geolocation_median_m": 9.4,
  "geolocation_p90_m": 9.7,
  "geolocation_worst_m": 14.8,
  "geolocation_uneven": false,
  "geolocation_convergence": 3.55,
  "geolocation_method": "geolocation grid (bilinear)",
  "geolocation_validation": "holdout at 2x spacing",
  "tiles": 130,
  "tiles_skipped": 0,
  "k_sigma": 6.0,
  "land_masked": true,
  "water_fraction": 0.489,
  "land_sea_contrast": 2.41,
  "coast_blind_m": 605.0,
  "searched_km2": 23023.1,
  "refused_km2": 0.0,
  "tiles_without_water": 46,
  "outside_aoi": 126,
  "aoi_sea": [
   -77.2,
   36.0,
   -71.0,
   39.6
  ],
  "footprint": [
   [
    -75.80642,
    34.68173
   ],
   [
    -75.57757,
    34.71766
   ],
   [
    -75.34852,
    34.75319
   ],
   [
    -75.11929,
    34.7883
   ],
   [
    -74.88985,
    34.82294
   ],
   [
    -74.66022,
    34.85717
   ],
   [
    -74.43041,
    34.89099
   ],
   [
    -74.20041,
    34.92433
   ],
   [
    -73.97022,
    34.95726
   ],
   [
    -73.73986,
    34.98977
   ],
   [
    -73.5093,
    35.02181
   ],
   [
    -73.27858,
    35.05343
   ],
   [
    -73.04768,
    35.08462
   ],
   [
    -73.07701,
    35.23005
   ],
   [
    -73.10636,
    35.37546
   ],
   [
    -73.13573,
    35.52088
   ],
   [
    -73.16513,
    35.66628
   ],
   [
    -73.19457,
    35.81168
   ],
   [
    -73.22402,
    35.95708
   ],
   [
    -73.25351,
    36.10247
   ],
   [
    -73.28303,
    36.24786
   ],
   [
    -73.31257,
    36.39324
   ],
   [
    -73.34214,
    36.53861
   ],
   [
    -73.37174,
    36.68398
   ],
   [
    -73.40136,
    36.82935
   ],
   [
    -73.63746,
    36.79849
   ],
   [
    -73.87337,
    36.76718
   ],
   [
    -74.1091,
    36.73542
   ],
   [
    -74.34462,
    36.70317
   ],
   [
    -74.57995,
    36.67046
   ],
   [
    -74.81508,
    36.63731
   ],
   [
    -75.05,
    36.60366
   ],
   [
    -75.28472,
    36.56957
   ],
   [
    -75.51924,
    36.53504
   ],
   [
    -75.75353,
    36.50001
   ],
   [
    -75.98761,
    36.46454
   ],
   [
    -76.22145,
    36.42863
   ],
   [
    -76.18652,
    36.2831
   ],
   [
    -76.15168,
    36.13755
   ],
   [
    -76.11686,
    35.992
   ],
   [
    -76.08212,
    35.84644
   ],
   [
    -76.04743,
    35.70088
   ],
   [
    -76.01279,
    35.55531
   ],
   [
    -75.97826,
    35.40973
   ],
   [
    -75.94378,
    35.26414
   ],
   [
    -75.90935,
    35.11855
   ],
   [
    -75.87499,
    34.97295
   ],
   [
    -75.84068,
    34.82734
   ]
  ],
  "searched_grid": {
   "cell_deg": 0.01,
   "lon0": -75.63,
   "lat0": 34.88,
   "levels": 10,
   "rows": {
    "10": [
     [
      125,
      1,
      6
     ],
     [
      133,
      1,
      1
     ],
     [
      134,
      1,
      7
     ],
     [
      135,
      1,
      9
     ],
     [
      136,
      1,
      3
     ],
     [
      139,
      1,
      2
     ],
     [
      140,
      1,
      3
     ]
    ],
    "11": [
     [
      124,
      1,
      4
     ],
     [
      125,
      1,
      10
     ],
     [
      126,
      1,
      5
     ],
     [
      127,
      1,
      3
     ],
     [
      130,
      2,
      2
     ],
     [
      134,
      1,
      8
     ],
     [
      135,
      2,
      10
     ],
     [
      137,
      2,
      5
     ],
     [
      139,
      1,
      8
     ],
     [
      140,
      1,
      10
     ],
     [
      141,
      1,
      9
     ],
     [
      142,
      1,
      10
     ],
     [
      143,
      1,
      8
     ],
     [
      144,
      1,
      6
     ],
     [
      145,
      1,
      5
     ],
     [
      146,
      2,
      3
     ]
    ],
    "12": [
     [
      124,
      1,
      2
     ],
     [
      125,
      3,
      10
     ],
     [
      128,
      1,
      7
     ],
     [
      130,
      1,
      3
     ],
     [
      131,
      1,
      6
     ],
     [
      132,
      1,
      10
     ],
     [
      133,
      1,
      9
     ],
     [
      134,
      2,
      10
     ],
     [
      136,
      1,
      9
     ],
     [
      137,
      1,
      1
     ],
     [
      139,
      2,
      10
     ],
     [
      141,
      1,
      1
     ],
     [
      143,
      1,
      8
     ],
     [
      144,
      6,
      10
     ],
     [
      150,
      1,
      8
     ],
     [
      151,
      1,
      7
     ],
     [
      152,
      1,
      6
     ],
     [
      153,
      1,
      2
     ],
     [
      154,
      1,
      3
     ],
     [
      155,
      1,
      1
     ]
    ],
    "13": [
     [
      125,
      1,
      4
     ],
     [
      126,
      1,
      7
     ],
     [
      127,
      1,
      10
     ],
     [
      128,
      1,
      9
     ],
     [
      129,
      1,
      4
     ],
     [
      130,
      2,
      3
     ],
     [
      132,
      4,
      10
     ],
     [
      136,
      1,
      6
     ],
     [
      139,
      2,
      10
     ],
     [
      141,
      1,
      3
     ],
     [
      142,
      1,
      1
     ],
     [
      143,
      1,
      2
     ],
     [
      144,
      1,
      9
     ],
     [
      145,
      12,
      10
     ],
     [
      157,
      2,
      7
     ],
     [
      159,
      1,
      5
     ],
     [
      160,
      1,
      4
     ],
     [
      161,
      1,
      3
     ]
    ],
    "14": [
     [
      126,
      1,
      4
     ],
     [
      127,
      1,
      9
     ],
     [
      128,
      1,
      4
     ],
     [
      130,
      6,
      10
     ],
     [
      136,
      1,
      8
     ],
     [
      137,
      1,
      5
     ],
     [
      138,
      1,
      6
     ],
     [
      139,
      3,
      10
     ],
     [
      142,
      1,
      4
     ],
     [
      144,
      1,
      8
     ],
     [
      145,
      19,
      10
     ],
     [
      164,
      1,
      8
     ],
     [
      165,
      1,
      6
     ],
     [
      166,
      1,
      5
     ],
     [
      167,
      1,
      3
     ]
    ],
    "15": [
     [
      126,
      1,
      1
     ],
     [
      127,
      1,
      7
     ],
     [
      128,
      1,
      1
     ],
     [
      129,
      1,
      5
     ],
     [
      130,
      12,
      10
     ],
     [
      142,
      1,
      8
     ],
     [
      143,
      1,
      7
     ],
     [
      144,
      23,
      10
     ],
     [
      167,
      1,
      9
     ]
    ],
    "16": [
     [
      127,
      1,
      6
     ],
     [
      128,
      39,
      10
     ],
     [
      167,
      1,
      6
     ]
    ],
    "17": [
     [
      127,
      1,
      1
     ],
     [
      128,
      6,
      10
     ],
     [
      134,
      1,
      7
     ],
     [
      137,
      1,
      9
     ],
     [
      138,
      7,
      10
     ],
     [
      145,
      1,
      8
     ],
     [
      146,
      1,
      6
     ],
     [
      147,
      20,
      10
     ],
     [
      167,
      1,
      4
     ]
    ],
    "18": [
     [
      129,
      1,
      6
     ],
     [
      130,
      1,
      9
     ],
     [
      131,
      3,
      10
     ],
     [
      134,
      1,
      7
     ],
     [
      135,
      2,
      4
     ],
     [
      137,
      7,
      10
     ],
     [
      144,
      1,
      6
     ],
     [
      145,
      1,
      2
     ],
     [
      147,
      1,
      7
     ],
     [
      148,
      1,
      9
     ],
     [
      149,
      18,
      10
     ],
     [
      167,
      1,
      2
     ]
    ],
    "19": [
     [
      130,
      1,
      5
     ],
     [
      131,
      1,
      10
     ],
     [
      132,
      1,
      8
     ],
     [
      134,
      1,
      8
     ],
     [
      135,
      9,
      10
     ],
     [
      144,
      1,
      2
     ],
     [
      148,
      1,
      8
     ],
     [
      149,
      18,
      10
     ]
    ],
    "20": [
     [
      131,
      1,
      5
     ],
     [
      132,
      1,
      8
     ],
     [
      133,
      2,
      3
     ],
     [
      135,
      8,
      10
     ],
     [
      143,
      1,
      6
     ],
     [
      148,
      1,
      7
     ],
     [
      149,
      18,
      10
     ],
     [
      167,
      1,
      4
     ],
     [
      168,
      2,
      2
     ]
    ],
    "21": [
     [
      131,
      1,
      1
     ],
     [
      132,
      1,
      2
     ],
     [
      133,
      1,
      8
     ],
     [
      134,
      1,
      9
     ],
     [
      135,
      7,
      10
     ],
     [
      142,
      1,
      9
     ],
     [
      143,
      1,
      2
     ],
     [
      148,
      23,
      10
     ],
     [
      171,
      1,
      9
     ],
     [
      172,
      1,
      7
     ],
     [
      173,
      1,
      6
     ],
     [
      174,
      1,
      5
     ],
     [
      175,
      1,
      3
     ],
     [
      176,
      1,
      2
     ]
    ],
    "22": [
     [
      131,
      1,
      1
     ],
     [
      132,
      1,
      2
     ],
     [
      133,
      1,
      7
     ],
     [
      134,
      8,
      10
     ],
     [
      142,
      1,
      1
     ],
     [
      144,
      1,
      1
     ],
     [
      145,
      1,
      2
     ],
     [
      147,
      1,
      2
     ],
     [
      148,
      31,
      10
     ],
     [
      179,
      1,
      7
     ],
     [
      180,
      1,
      6
     ],
     [
      181,
      1,
      5
     ],
     [
      182,
      1,
      3
     ],
     [
      183,
      1,
      2
     ]
    ],
    "23": [
     [
      132,
      1,
      2
     ],
     [
      133,
      1,
      6
     ],
     [
      134,
      8,
      10
     ],
     [
      142,
      1,
      3
     ],
     [
      144,
      1,
      2
     ],
     [
      145,
      1,
      9
     ],
     [
      146,
      1,
      1
     ],
     [
      148,
      1,
      7
     ],
     [
      149,
      37,
      10
     ],
     [
      186,
      2,
      7
     ],
     [
      188,
      1,
      5
     ],
     [
      189,
      1,
      3
     ],
     [
      190,
      1,
      2
     ]
    ],
    "24": [
     [
      134,
      1,
      2
     ],
     [
      135,
      1,
      6
     ],
     [
      136,
      6,
      10
     ],
     [
      142,
      1,
      4
     ],
     [
      145,
      1,
      2
     ],
     [
      146,
      1,
      3
     ],
     [
      147,
      1,
      5
     ],
     [
      148,
      1,
      9
     ],
     [
      149,
      44,
      10
     ],
     [
      193,
      2,
      8
     ],
     [
      195,
      1,
      5
     ],
     [
      196,
      2,
      3
     ],
     [
      198,
      1,
      1
     ]
    ],
    "25": [
     [
      137,
      1,
      6
     ],
     [
      138,
      4,
      10
     ],
     [
      142,
      1,
      8
     ],
     [
      143,
      1,
      3
     ],
     [
      145,
      1,
      3
     ],
     [
      146,
      2,
      10
     ],
     [
      148,
      1,
      8
     ],
     [
      149,
      2,
      3
     ],
     [
      151,
      1,
      8
     ],
     [
      152,
      48,
      10
     ],
     [
      200,
      1,
      8
     ],
     [
      201,
      1,
      7
     ],
     [
      202,
      1,
      6
     ],
     [
      203,
      1,
      4
     ],
     [
      204,
      2,
      2
     ]
    ],
    "26": [
     [
      137,
      1,
      3
     ],
     [
      138,
      1,
      8
     ],
     [
      139,
      5,
      10
     ],
     [
      144,
      2,
      8
     ],
     [
      146,
      2,
      10
     ],
     [
      149,
      1,
      1
     ],
     [
      150,
      1,
      3
     ],
     [
      151,
      1,
      8
     ],
     [
      152,
      55,
      10
     ],
     [
      207,
      1,
      9
     ],
     [
      208,
      1,
      7
     ],
     [
      209,
      1,
      6
     ],
     [
      210,
      1,
      4
     ],
     [
      211,
      1,
      3
     ],
     [
      212,
      1,
      1
     ]
    ],
    "27": [
     [
      138,
      1,
      5
     ],
     [
      139,
      9,
      10
     ],
     [
      148,
      1,
      7
     ],
     [
      149,
      1,
      6
     ],
     [
      150,
      65,
      10
     ],
     [
      215,
      2,
      7
     ],
     [
      217,
      1,
      5
     ],
     [
      218,
      2,
      3
     ]
    ],
    "28": [
     [
      139,
      1,
      4
     ],
     [
      140,
      7,
      10
     ],
     [
      147,
      1,
      7
     ],
     [
      149,
      1,
      3
     ],
     [
      150,
      72,
      10
     ],
     [
      222,
      1,
      8
     ],
     [
      223,
      1,
      7
     ],
     [
      224,
      1,
      5
     ],
     [
      225,
      1,
      4
     ],
     [
      226,
      1,
      3
     ],
     [
      227,
      1,
      1
     ]
    ],
    "29": [
     [
      139,
      1,
      1
     ],
     [
      140,
      1,
      7
     ],
     [
      141,
      4,
      10
     ],
     [
      145,
      1,
      6
     ],
     [
      146,
      1,
      5
     ],
     [
      147,
      1,
      6
     ],
     [
      149,
      1,
      8
     ],
     [
      150,
      79,
      10
     ],
     [
      229,
      1,
      9
     ],
     [
      230,
      1,
      7
     ],
     [
      231,
      1,
      6
     ],
     [
      232,
      1,
      4
     ],
     [
      233,
      1,
      3
     ],
     [
      234,
      1,
      2
     ]
    ],
    "30": [
     [
      141,
      1,
      4
     ],
     [
      142,
      3,
      10
     ],
     [
      145,
      1,
      1
     ],
     [
      146,
      1,
      3
     ],
     [
      147,
      89,
      10
     ],
     [
      236,
      1,
      9
     ],
     [
      237,
      1,
      7
     ],
     [
      238,
      1,
      8
     ],
     [
      239,
      1,
      4
     ],
     [
      240,
      1,
      3
     ],
     [
      241,
      1,
      2
     ]
    ],
    "31": [
     [
      133,
      1,
      1
     ],
     [
      141,
      1,
      2
     ],
     [
      142,
      1,
      8
     ],
     [
      143,
      1,
      10
     ],
     [
      144,
      1,
      9
     ],
     [
      145,
      1,
      2
     ],
     [
      147,
      1,
      8
     ],
     [
      148,
      96,
      10
     ],
     [
      244,
      1,
      8
     ],
     [
      245,
      1,
      7
     ],
     [
      246,
      1,
      6
     ],
     [
      247,
      1,
      4
     ],
     [
      248,
      2,
      2
     ]
    ],
    "32": [
     [
      140,
      1,
      2
     ],
     [
      142,
      1,
      6
     ],
     [
      143,
      1,
      10
     ],
     [
      144,
      1,
      6
     ],
     [
      147,
      1,
      9
     ],
     [
      148,
      102,
      10
     ],
     [
      250,
      1,
      9
     ]
    ],
    "33": [
     [
      133,
      1,
      1
     ],
     [
      140,
      1,
      1
     ],
     [
      142,
      1,
      3
     ],
     [
      143,
      2,
      10
     ],
     [
      145,
      1,
      8
     ],
     [
      146,
      104,
      10
     ],
     [
      250,
      1,
      6
     ]
    ],
    "34": [
     [
      143,
      107,
      10
     ],
     [
      250,
      1,
      4
     ]
    ],
    "35": [
     [
      143,
      1,
      9
     ],
     [
      144,
      106,
      10
     ],
     [
      250,
      1,
      3
     ]
    ],
    "36": [
     [
      143,
      1,
      9
     ],
     [
      144,
      106,
      10
     ]
    ],
    "37": [
     [
      143,
      1,
      6
     ],
     [
      144,
      105,
      10
     ],
     [
      249,
      1,
      8
     ]
    ],
    "38": [
     [
      143,
      1,
      6
     ],
     [
      144,
      105,
      10
     ],
     [
      249,
      1,
      7
     ]
    ],
    "39": [
     [
      143,
      1,
      7
     ],
     [
      144,
      105,
      10
     ],
     [
      249,
      1,
      5
     ]
    ],
    "40": [
     [
      136,
      1,
      1
     ],
     [
      143,
      1,
      7
     ],
     [
      144,
      105,
      10
     ],
     [
      249,
      1,
      3
     ]
    ],
    "41": [
     [
      136,
      1,
      1
     ],
     [
      143,
      1,
      6
     ],
     [
      144,
      105,
      10
     ]
    ],
    "42": [
     [
      136,
      1,
      3
     ],
     [
      143,
      1,
      4
     ],
     [
      144,
      104,
      10
     ],
     [
      248,
      1,
      8
     ]
    ],
    "43": [
     [
      142,
      1,
      3
     ],
     [
      143,
      1,
      9
     ],
     [
      144,
      104,
      10
     ],
     [
      248,
      1,
      7
     ]
    ],
    "44": [
     [
      142,
      106,
      10
     ],
     [
      248,
      1,
      3
     ]
    ],
    "45": [
     [
      142,
      1,
      4
     ],
     [
      143,
      1,
      9
     ],
     [
      144,
      104,
      10
     ],
     [
      248,
      1,
      3
     ]
    ],
    "46": [
     [
      143,
      105,
      10
     ]
    ],
    "47": [
     [
      142,
      1,
      9
     ],
     [
      143,
      104,
      10
     ],
     [
      247,
      1,
      9
     ]
    ],
    "48": [
     [
      141,
      1,
      4
     ],
     [
      142,
      105,
      10
     ],
     [
      247,
      1,
      6
     ]
    ],
    "49": [
     [
      140,
      1,
      3
     ],
     [
      141,
      1,
      9
     ],
     [
      142,
      105,
      10
     ],
     [
      247,
      1,
      4
     ]
    ],
    "50": [
     [
      140,
      1,
      4
     ],
     [
      141,
      106,
      10
     ],
     [
      247,
      1,
      3
     ]
    ],
    "51": [
     [
      139,
      1,
      1
     ],
     [
      140,
      1,
      6
     ],
     [
      141,
      106,
      10
     ]
    ],
    "52": [
     [
      139,
      1,
      1
     ],
     [
      140,
      106,
      10
     ],
     [
      246,
      1,
      8
     ]
    ],
    "53": [
     [
      140,
      106,
      10
     ],
     [
      246,
      1,
      7
     ]
    ],
    "54": [
     [
      138,
      1,
      9
     ],
     [
      139,
      1,
      7
     ],
     [
      140,
      106,
      10
     ],
     [
      246,
      1,
      4
     ]
    ],
    "55": [
     [
      136,
      1,
      4
     ],
     [
      137,
      1,
      3
     ],
     [
      138,
      108,
      10
     ],
     [
      246,
      1,
      2
     ]
    ],
    "56": [
     [
      136,
      1,
      6
     ],
     [
      137,
      109,
      10
     ]
    ],
    "57": [
     [
      136,
      1,
      4
     ],
     [
      137,
      1,
      2
     ],
     [
      138,
      1,
      8
     ],
     [
      139,
      106,
      10
     ],
     [
      245,
      1,
      8
     ]
    ],
    "58": [
     [
      136,
      1,
      5
     ],
     [
      137,
      1,
      1
     ],
     [
      138,
      1,
      2
     ],
     [
      139,
      106,
      10
     ],
     [
      245,
      1,
      7
     ]
    ],
    "59": [
     [
      137,
      1,
      6
     ],
     [
      138,
      1,
      1
     ],
     [
      139,
      1,
      9
     ],
     [
      140,
      105,
      10
     ],
     [
      245,
      1,
      3
     ]
    ],
    "60": [
     [
      139,
      1,
      5
     ],
     [
      140,
      1,
      1
     ],
     [
      141,
      1,
      3
     ],
     [
      142,
      103,
      10
     ],
     [
      245,
      1,
      2
     ]
    ],
    "61": [
     [
      139,
      1,
      2
     ],
     [
      140,
      1,
      3
     ],
     [
      143,
      11,
      10
     ],
     [
      154,
      1,
      5
     ],
     [
      155,
      1,
      1
     ],
     [
      156,
      1,
      2
     ],
     [
      157,
      88,
      10
     ]
    ],
    "62": [
     [
      140,
      1,
      2
     ],
     [
      141,
      2,
      1
     ],
     [
      143,
      1,
      9
     ],
     [
      144,
      10,
      10
     ],
     [
      154,
      1,
      8
     ],
     [
      155,
      1,
      5
     ],
     [
      156,
      1,
      6
     ],
     [
      157,
      87,
      10
     ],
     [
      244,
      1,
      8
     ]
    ],
    "63": [
     [
      140,
      2,
      8
     ],
     [
      143,
      1,
      4
     ],
     [
      144,
      1,
      3
     ],
     [
      145,
      8,
      10
     ],
     [
      153,
      1,
      7
     ],
     [
      154,
      1,
      2
     ],
     [
      155,
      1,
      8
     ],
     [
      156,
      88,
      10
     ],
     [
      244,
      1,
      6
     ]
    ],
    "64": [
     [
      139,
      1,
      1
     ],
     [
      140,
      1,
      10
     ],
     [
      141,
      1,
      4
     ],
     [
      144,
      1,
      4
     ],
     [
      145,
      8,
      10
     ],
     [
      153,
      1,
      8
     ],
     [
      155,
      1,
      3
     ],
     [
      156,
      88,
      10
     ],
     [
      244,
      1,
      3
     ]
    ],
    "65": [
     [
      139,
      1,
      1
     ],
     [
      140,
      1,
      8
     ],
     [
      141,
      1,
      4
     ],
     [
      144,
      1,
      6
     ],
     [
      145,
      1,
      9
     ],
     [
      146,
      1,
      10
     ],
     [
      147,
      1,
      4
     ],
     [
      148,
      1,
      3
     ],
     [
      149,
      6,
      10
     ],
     [
      155,
      1,
      9
     ],
     [
      156,
      88,
      10
     ],
     [
      244,
      1,
      2
     ]
    ],
    "66": [
     [
      136,
      2,
      2
     ],
     [
      140,
      1,
      9
     ],
     [
      141,
      1,
      8
     ],
     [
      142,
      1,
      2
     ],
     [
      145,
      1,
      8
     ],
     [
      146,
      1,
      3
     ],
     [
      149,
      1,
      7
     ],
     [
      150,
      94,
      10
     ]
    ],
    "67": [
     [
      138,
      1,
      1
     ],
     [
      139,
      1,
      2
     ],
     [
      140,
      1,
      8
     ],
     [
      141,
      1,
      3
     ],
     [
      145,
      1,
      4
     ],
     [
      146,
      1,
      2
     ],
     [
      149,
      1,
      3
     ],
     [
      150,
      4,
      10
     ],
     [
      154,
      1,
      7
     ],
     [
      155,
      1,
      3
     ],
     [
      156,
      87,
      10
     ],
     [
      243,
      1,
      7
     ]
    ],
    "68": [
     [
      141,
      1,
      3
     ],
     [
      142,
      1,
      6
     ],
     [
      143,
      2,
      10
     ],
     [
      145,
      1,
      9
     ],
     [
      146,
      1,
      6
     ],
     [
      148,
      1,
      3
     ],
     [
      149,
      1,
      9
     ],
     [
      150,
      4,
      10
     ],
     [
      154,
      1,
      7
     ],
     [
      155,
      1,
      1
     ],
     [
      156,
      1,
      7
     ],
     [
      157,
      86,
      10
     ],
     [
      243,
      1,
      6
     ]
    ],
    "69": [
     [
      138,
      1,
      1
     ],
     [
      139,
      1,
      4
     ],
     [
      141,
      1,
      7
     ],
     [
      142,
      2,
      10
     ],
     [
      144,
      2,
      4
     ],
     [
      146,
      1,
      6
     ],
     [
      147,
      1,
      7
     ],
     [
      148,
      1,
      8
     ],
     [
      149,
      1,
      7
     ],
     [
      150,
      1,
      6
     ],
     [
      151,
      2,
      7
     ],
     [
      153,
      2,
      10
     ],
     [
      155,
      1,
      6
     ],
     [
      156,
      1,
      5
     ],
     [
      157,
      86,
      10
     ],
     [
      243,
      1,
      4
     ]
    ],
    "70": [
     [
      88,
      3,
      1
     ],
     [
      131,
      1,
      1
     ],
     [
      139,
      2,
      8
     ],
     [
      141,
      3,
      10
     ],
     [
      144,
      1,
      3
     ],
     [
      145,
      1,
      1
     ],
     [
      146,
      1,
      3
     ],
     [
      147,
      1,
      10
     ],
     [
      148,
      1,
      7
     ],
     [
      153,
      1,
      3
     ],
     [
      154,
      89,
      10
     ],
     [
      243,
      1,
      1
     ]
    ],
    "71": [
     [
      90,
      1,
      1
     ],
     [
      131,
      1,
      2
     ],
     [
      136,
      1,
      2
     ],
     [
      137,
      1,
      4
     ],
     [
      139,
      1,
      5
     ],
     [
      140,
      5,
      10
     ],
     [
      145,
      1,
      8
     ],
     [
      146,
      1,
      3
     ],
     [
      147,
      1,
      10
     ],
     [
      148,
      1,
      8
     ],
     [
      149,
      1,
      6
     ],
     [
      150,
      1,
      1
     ],
     [
      152,
      1,
      2
     ],
     [
      155,
      1,
      8
     ],
     [
      156,
      87,
      10
     ]
    ],
    "72": [
     [
      132,
      1,
      2
     ],
     [
      135,
      1,
      1
     ],
     [
      136,
      1,
      10
     ],
     [
      137,
      1,
      9
     ],
     [
      138,
      1,
      7
     ],
     [
      139,
      1,
      9
     ],
     [
      140,
      9,
      10
     ],
     [
      149,
      1,
      3
     ],
     [
      155,
      87,
      10
     ],
     [
      242,
      1,
      7
     ]
    ],
    "73": [
     [
      132,
      1,
      3
     ],
     [
      135,
      1,
      2
     ],
     [
      136,
      1,
      10
     ],
     [
      137,
      2,
      8
     ],
     [
      139,
      1,
      3
     ],
     [
      140,
      1,
      6
     ],
     [
      141,
      7,
      10
     ],
     [
      148,
      1,
      8
     ],
     [
      149,
      1,
      5
     ],
     [
      150,
      1,
      9
     ],
     [
      151,
      1,
      7
     ],
     [
      152,
      3,
      8
     ],
     [
      155,
      87,
      10
     ],
     [
      242,
      1,
      6
     ]
    ],
    "74": [
     [
      13,
      2,
      2
     ],
     [
      94,
      1,
      3
     ],
     [
      95,
      1,
      1
     ],
     [
      132,
      1,
      3
     ],
     [
      135,
      1,
      4
     ],
     [
      136,
      1,
      8
     ],
     [
      141,
      10,
      10
     ],
     [
      151,
      1,
      6
     ],
     [
      152,
      1,
      5
     ],
     [
      153,
      89,
      10
     ],
     [
      242,
      1,
      3
     ]
    ],
    "75": [
     [
      13,
      1,
      3
     ],
     [
      92,
      2,
      2
     ],
     [
      95,
      1,
      4
     ],
     [
      135,
      2,
      1
     ],
     [
      137,
      1,
      2
     ],
     [
      138,
      1,
      4
     ],
     [
      139,
      1,
      3
     ],
     [
      140,
      1,
      5
     ],
     [
      141,
      10,
      10
     ],
     [
      151,
      1,
      2
     ],
     [
      152,
      1,
      1
     ],
     [
      153,
      89,
      10
     ],
     [
      242,
      1,
      1
     ]
    ],
    "76": [
     [
      13,
      1,
      3
     ],
     [
      93,
      1,
      3
     ],
     [
      95,
      2,
      3
     ],
     [
      133,
      1,
      1
     ],
     [
      137,
      1,
      3
     ],
     [
      138,
      3,
      10
     ],
     [
      141,
      1,
      9
     ],
     [
      142,
      1,
      2
     ],
     [
      144,
      1,
      6
     ],
     [
      145,
      97,
      10
     ]
    ],
    "77": [
     [
      12,
      1,
      1
     ],
     [
      95,
      1,
      6
     ],
     [
      135,
      1,
      3
     ],
     [
      136,
      1,
      9
     ],
     [
      137,
      4,
      10
     ],
     [
      145,
      96,
      10
     ],
     [
      241,
      1,
      7
     ]
    ],
    "78": [
     [
      10,
      1,
      1
     ],
     [
      12,
      1,
      1
     ],
     [
      95,
      1,
      8
     ],
     [
      96,
      1,
      5
     ],
     [
      98,
      1,
      6
     ],
     [
      99,
      1,
      1
     ],
     [
      136,
      1,
      9
     ],
     [
      137,
      2,
      10
     ],
     [
      139,
      2,
      8
     ],
     [
      141,
      1,
      6
     ],
     [
      142,
      1,
      5
     ],
     [
      143,
      1,
      6
     ],
     [
      144,
      1,
      8
     ],
     [
      145,
      96,
      10
     ],
     [
      241,
      1,
      5
     ]
    ],
    "79": [
     [
      9,
      1,
      1
     ],
     [
      10,
      1,
      10
     ],
     [
      11,
      1,
      7
     ],
     [
      12,
      1,
      1
     ],
     [
      92,
      1,
      2
     ],
     [
      95,
      1,
      8
     ],
     [
      96,
      1,
      10
     ],
     [
      97,
      1,
      8
     ],
     [
      98,
      1,
      9
     ],
     [
      99,
      1,
      10
     ],
     [
      131,
      1,
      4
     ],
     [
      132,
      1,
      2
     ],
     [
      135,
      1,
      2
     ],
     [
      136,
      1,
      8
     ],
     [
      137,
      1,
      10
     ],
     [
      138,
      1,
      8
     ],
     [
      140,
      1,
      4
     ],
     [
      141,
      100,
      10
     ],
     [
      241,
      1,
      4
     ]
    ],
    "80": [
     [
      10,
      2,
      7
     ],
     [
      92,
      1,
      3
     ],
     [
      93,
      1,
      4
     ],
     [
      94,
      1,
      2
     ],
     [
      96,
      1,
      4
     ],
     [
      97,
      1,
      7
     ],
     [
      98,
      1,
      9
     ],
     [
      99,
      1,
      10
     ],
     [
      100,
      1,
      5
     ],
     [
      125,
      2,
      2
     ],
     [
      136,
      1,
      6
     ],
     [
      137,
      1,
      10
     ],
     [
      138,
      1,
      6
     ],
     [
      141,
      1,
      7
     ],
     [
      142,
      1,
      9
     ],
     [
      143,
      1,
      1
     ],
     [
      144,
      1,
      5
     ],
     [
      145,
      96,
      10
     ],
     [
      241,
      1,
      1
     ]
    ],
    "81": [
     [
      10,
      1,
      1
     ],
     [
      11,
      1,
      4
     ],
     [
      92,
      1,
      1
     ],
     [
      93,
      2,
      7
     ],
     [
      98,
      1,
      4
     ],
     [
      99,
      2,
      10
     ],
     [
      124,
      1,
      2
     ],
     [
      125,
      1,
      8
     ],
     [
      126,
      1,
      10
     ],
     [
      127,
      1,
      9
     ],
     [
      128,
      1,
      5
     ],
     [
      130,
      1,
      1
     ],
     [
      131,
      1,
      9
     ],
     [
      136,
      1,
      7
     ],
     [
      137,
      1,
      10
     ],
     [
      138,
      1,
      5
     ],
     [
      140,
      1,
      7
     ],
     [
      141,
      2,
      9
     ],
     [
      144,
      1,
      2
     ],
     [
      145,
      96,
      10
     ]
    ],
    "82": [
     [
      93,
      1,
      3
     ],
     [
      94,
      1,
      9
     ],
     [
      95,
      1,
      5
     ],
     [
      96,
      1,
      6
     ],
     [
      97,
      1,
      5
     ],
     [
      98,
      1,
      6
     ],
     [
      99,
      1,
      10
     ],
     [
      100,
      1,
      8
     ],
     [
      117,
      1,
      2
     ],
     [
      118,
      1,
      9
     ],
     [
      119,
      1,
      3
     ],
     [
      120,
      1,
      1
     ],
     [
      123,
      1,
      2
     ],
     [
      124,
      1,
      9
     ],
     [
      125,
      4,
      10
     ],
     [
      130,
      1,
      2
     ],
     [
      131,
      2,
      6
     ],
     [
      133,
      1,
      2
     ],
     [
      135,
      1,
      2
     ],
     [
      136,
      1,
      4
     ],
     [
      137,
      1,
      10
     ],
     [
      138,
      1,
      4
     ],
     [
      139,
      1,
      3
     ],
     [
      140,
      1,
      6
     ],
     [
      141,
      2,
      10
     ],
     [
      143,
      2,
      8
     ],
     [
      145,
      2,
      10
     ],
     [
      147,
      1,
      4
     ],
     [
      149,
      1,
      7
     ],
     [
      150,
      90,
      10
     ],
     [
      240,
      1,
      7
     ]
    ],
    "83": [
     [
      22,
      1,
      2
     ],
     [
      94,
      1,
      3
     ],
     [
      95,
      5,
      10
     ],
     [
      100,
      1,
      9
     ],
     [
      115,
      1,
      2
     ],
     [
      117,
      1,
      4
     ],
     [
      118,
      1,
      7
     ],
     [
      119,
      1,
      10
     ],
     [
      120,
      1,
      9
     ],
     [
      121,
      1,
      8
     ],
     [
      122,
      1,
      10
     ],
     [
      123,
      1,
      9
     ],
     [
      124,
      5,
      10
     ],
     [
      129,
      1,
      3
     ],
     [
      131,
      1,
      6
     ],
     [
      132,
      2,
      10
     ],
     [
      135,
      1,
      1
     ],
     [
      136,
      1,
      2
     ],
     [
      137,
      1,
      10
     ],
     [
      138,
      1,
      2
     ],
     [
      139,
      1,
      1
     ],
     [
      140,
      1,
      7
     ],
     [
      141,
      6,
      10
     ],
     [
      147,
      1,
      6
     ],
     [
      148,
      1,
      2
     ],
     [
      149,
      91,
      10
     ],
     [
      240,
      1,
      6
     ]
    ],
    "84": [
     [
      22,
      1,
      2
     ],
     [
      49,
      1,
      3
     ],
     [
      50,
      1,
      1
     ],
     [
      95,
      1,
      10
     ],
     [
      96,
      1,
      7
     ],
     [
      97,
      1,
      8
     ],
     [
      98,
      4,
      10
     ],
     [
      102,
      1,
      9
     ],
     [
      103,
      1,
      5
     ],
     [
      104,
      1,
      1
     ],
     [
      114,
      1,
      3
     ],
     [
      115,
      2,
      10
     ],
     [
      117,
      1,
      3
     ],
     [
      119,
      15,
      10
     ],
     [
      134,
      2,
      8
     ],
     [
      136,
      104,
      10
     ],
     [
      240,
      1,
      3
     ]
    ],
    "85": [
     [
      94,
      1,
      3
     ],
     [
      95,
      1,
      1
     ],
     [
      97,
      1,
      1
     ],
     [
      98,
      6,
      10
     ],
     [
      104,
      1,
      3
     ],
     [
      114,
      1,
      1
     ],
     [
      115,
      2,
      10
     ],
     [
      119,
      1,
      9
     ],
     [
      120,
      9,
      10
     ],
     [
      129,
      1,
      3
     ],
     [
      130,
      1,
      1
     ],
     [
      132,
      1,
      6
     ],
     [
      133,
      107,
      10
     ],
     [
      240,
      1,
      1
     ]
    ],
    "86": [
     [
      66,
      1,
      1
     ],
     [
      69,
      1,
      2
     ],
     [
      94,
      2,
      1
     ],
     [
      97,
      1,
      3
     ],
     [
      98,
      1,
      9
     ],
     [
      99,
      5,
      10
     ],
     [
      104,
      1,
      5
     ],
     [
      105,
      1,
      2
     ],
     [
      107,
      1,
      2
     ],
     [
      113,
      1,
      2
     ],
     [
      114,
      1,
      8
     ],
     [
      115,
      2,
      10
     ],
     [
      117,
      1,
      5
     ],
     [
      118,
      1,
      3
     ],
     [
      119,
      4,
      10
     ],
     [
      123,
      1,
      9
     ],
     [
      124,
      5,
      10
     ],
     [
      129,
      1,
      5
     ],
     [
      130,
      1,
      1
     ],
     [
      132,
      1,
      3
     ],
     [
      133,
      107,
      10
     ]
    ],
    "87": [
     [
      42,
      1,
      1
     ],
     [
      53,
      1,
      6
     ],
     [
      54,
      1,
      4
     ],
     [
      63,
      1,
      2
     ],
     [
      64,
      1,
      5
     ],
     [
      66,
      1,
      3
     ],
     [
      67,
      1,
      9
     ],
     [
      68,
      1,
      6
     ],
     [
      80,
      1,
      3
     ],
     [
      81,
      1,
      1
     ],
     [
      84,
      1,
      2
     ],
     [
      85,
      1,
      9
     ],
     [
      86,
      1,
      3
     ],
     [
      88,
      2,
      1
     ],
     [
      93,
      1,
      1
     ],
     [
      94,
      1,
      2
     ],
     [
      98,
      1,
      2
     ],
     [
      99,
      1,
      7
     ],
     [
      100,
      1,
      10
     ],
     [
      101,
      1,
      9
     ],
     [
      102,
      2,
      8
     ],
     [
      104,
      1,
      3
     ],
     [
      106,
      1,
      4
     ],
     [
      107,
      1,
      8
     ],
     [
      108,
      1,
      1
     ],
     [
      112,
      1,
      2
     ],
     [
      113,
      10,
      10
     ],
     [
      123,
      1,
      3
     ],
     [
      125,
      1,
      9
     ],
     [
      126,
      113,
      10
     ],
     [
      239,
      1,
      7
     ]
    ],
    "88": [
     [
      63,
      1,
      8
     ],
     [
      64,
      1,
      10
     ],
     [
      65,
      1,
      1
     ],
     [
      67,
      1,
      10
     ],
     [
      68,
      1,
      6
     ],
     [
      80,
      1,
      2
     ],
     [
      81,
      2,
      6
     ],
     [
      83,
      1,
      7
     ],
     [
      84,
      2,
      8
     ],
     [
      86,
      1,
      10
     ],
     [
      87,
      2,
      8
     ],
     [
      89,
      1,
      10
     ],
     [
      90,
      1,
      6
     ],
     [
      91,
      1,
      4
     ],
     [
      93,
      2,
      10
     ],
     [
      95,
      1,
      6
     ],
     [
      100,
      2,
      2
     ],
     [
      104,
      1,
      4
     ],
     [
      105,
      1,
      2
     ],
     [
      106,
      2,
      10
     ],
     [
      111,
      1,
      2
     ],
     [
      112,
      1,
      9
     ],
     [
      113,
      3,
      10
     ],
     [
      116,
      1,
      5
     ],
     [
      118,
      1,
      9
     ],
     [
      119,
      1,
      10
     ],
     [
      120,
      1,
      7
     ],
     [
      121,
      1,
      9
     ],
     [
      122,
      1,
      10
     ],
     [
      123,
      1,
      6
     ],
     [
      125,
      1,
      5
     ],
     [
      126,
      2,
      2
     ],
     [
      129,
      14,
      10
     ],
     [
      143,
      2,
      9
     ],
     [
      145,
      94,
      10
     ],
     [
      239,
      1,
      6
     ]
    ],
    "89": [
     [
      39,
      1,
      2
     ],
     [
      40,
      1,
      1
     ],
     [
      63,
      1,
      5
     ],
     [
      64,
      1,
      10
     ],
     [
      65,
      1,
      8
     ],
     [
      67,
      2,
      8
     ],
     [
      73,
      1,
      4
     ],
     [
      74,
      1,
      6
     ],
     [
      81,
      1,
      3
     ],
     [
      82,
      2,
      10
     ],
     [
      84,
      1,
      1
     ],
     [
      86,
      1,
      8
     ],
     [
      87,
      1,
      10
     ],
     [
      88,
      1,
      8
     ],
     [
      89,
      1,
      7
     ],
     [
      92,
      1,
      2
     ],
     [
      93,
      1,
      4
     ],
     [
      94,
      2,
      9
     ],
     [
      96,
      1,
      6
     ],
     [
      97,
      1,
      5
     ],
     [
      98,
      1,
      8
     ],
     [
      99,
      2,
      3
     ],
     [
      101,
      1,
      1
     ],
     [
      105,
      1,
      7
     ],
     [
      106,
      2,
      10
     ],
     [
      108,
      1,
      9
     ],
     [
      109,
      1,
      7
     ],
     [
      110,
      1,
      3
     ],
     [
      111,
      1,
      2
     ],
     [
      113,
      1,
      2
     ],
     [
      114,
      2,
      8
     ],
     [
      117,
      1,
      1
     ],
     [
      118,
      1,
      4
     ],
     [
      119,
      1,
      2
     ],
     [
      122,
      1,
      1
     ],
     [
      123,
      1,
      2
     ],
     [
      124,
      1,
      9
     ],
     [
      125,
      1,
      4
     ],
     [
      128,
      1,
      3
     ],
     [
      129,
      14,
      10
     ],
     [
      143,
      2,
      1
     ],
     [
      145,
      94,
      10
     ],
     [
      239,
      1,
      3
     ]
    ],
    "90": [
     [
      36,
      1,
      2
     ],
     [
      38,
      1,
      3
     ],
     [
      39,
      2,
      10
     ],
     [
      41,
      1,
      1
     ],
     [
      59,
      1,
      9
     ],
     [
      60,
      1,
      1
     ],
     [
      63,
      1,
      3
     ],
     [
      64,
      1,
      6
     ],
     [
      65,
      1,
      5
     ],
     [
      67,
      1,
      6
     ],
     [
      68,
      1,
      10
     ],
     [
      69,
      1,
      6
     ],
     [
      71,
      1,
      2
     ],
     [
      72,
      1,
      6
     ],
     [
      73,
      1,
      9
     ],
     [
      74,
      1,
      10
     ],
     [
      78,
      2,
      1
     ],
     [
      81,
      2,
      3
     ],
     [
      83,
      1,
      7
     ],
     [
      84,
      1,
      6
     ],
     [
      85,
      1,
      5
     ],
     [
      86,
      2,
      10
     ],
     [
      88,
      1,
      8
     ],
     [
      89,
      1,
      2
     ],
     [
      90,
      2,
      4
     ],
     [
      93,
      1,
      2
     ],
     [
      94,
      9,
      10
     ],
     [
      103,
      2,
      8
     ],
     [
      105,
      1,
      9
     ],
     [
      106,
      5,
      10
     ],
     [
      111,
      1,
      9
     ],
     [
      112,
      1,
      5
     ],
     [
      115,
      1,
      3
     ],
     [
      117,
      1,
      1
     ],
     [
      118,
      1,
      3
     ],
     [
      124,
      1,
      4
     ],
     [
      125,
      1,
      3
     ],
     [
      127,
      1,
      8
     ],
     [
      128,
      1,
      7
     ],
     [
      129,
      14,
      10
     ],
     [
      143,
      1,
      5
     ],
     [
      144,
      1,
      7
     ],
     [
      145,
      94,
      10
     ],
     [
      239,
      1,
      1
     ]
    ],
    "91": [
     [
      35,
      2,
      2
     ],
     [
      39,
      1,
      8
     ],
     [
      40,
      2,
      1
     ],
     [
      60,
      1,
      1
     ],
     [
      67,
      1,
      5
     ],
     [
      68,
      1,
      4
     ],
     [
      69,
      1,
      1
     ],
     [
      71,
      1,
      7
     ],
     [
      72,
      2,
      10
     ],
     [
      74,
      1,
      9
     ],
     [
      78,
      1,
      1
     ],
     [
      79,
      1,
      9
     ],
     [
      80,
      1,
      4
     ],
     [
      81,
      1,
      6
     ],
     [
      83,
      1,
      4
     ],
     [
      84,
      29,
      10
     ],
     [
      113,
      1,
      6
     ],
     [
      114,
      1,
      4
     ],
     [
      118,
      1,
      8
     ],
     [
      119,
      1,
      6
     ],
     [
      126,
      1,
      1
     ],
     [
      127,
      112,
      10
     ]
    ],
    "92": [
     [
      71,
      1,
      6
     ],
     [
      72,
      2,
      10
     ],
     [
      74,
      1,
      4
     ],
     [
      76,
      2,
      2
     ],
     [
      79,
      1,
      2
     ],
     [
      80,
      2,
      10
     ],
     [
      82,
      2,
      8
     ],
     [
      84,
      30,
      10
     ],
     [
      114,
      1,
      7
     ],
     [
      126,
      112,
      10
     ],
     [
      238,
      1,
      7
     ]
    ],
    "93": [
     [
      24,
      2,
      1
     ],
     [
      71,
      1,
      5
     ],
     [
      72,
      2,
      10
     ],
     [
      78,
      1,
      5
     ],
     [
      79,
      1,
      6
     ],
     [
      80,
      35,
      10
     ],
     [
      115,
      1,
      2
     ],
     [
      125,
      1,
      3
     ],
     [
      126,
      33,
      10
     ],
     [
      159,
      2,
      8
     ],
     [
      161,
      77,
      10
     ],
     [
      238,
      1,
      5
     ]
    ],
    "94": [
     [
      71,
      1,
      6
     ],
     [
      72,
      1,
      10
     ],
     [
      73,
      1,
      5
     ],
     [
      74,
      2,
      1
     ],
     [
      77,
      1,
      1
     ],
     [
      78,
      38,
      10
     ],
     [
      116,
      1,
      4
     ],
     [
      122,
      1,
      3
     ],
     [
      123,
      1,
      4
     ],
     [
      125,
      1,
      8
     ],
     [
      126,
      33,
      10
     ],
     [
      159,
      2,
      3
     ],
     [
      161,
      77,
      10
     ],
     [
      238,
      1,
      4
     ]
    ],
    "95": [
     [
      21,
      1,
      1
     ],
     [
      22,
      2,
      3
     ],
     [
      24,
      1,
      1
     ],
     [
      72,
      1,
      3
     ],
     [
      77,
      1,
      2
     ],
     [
      78,
      39,
      10
     ],
     [
      117,
      1,
      5
     ],
     [
      118,
      1,
      1
     ],
     [
      122,
      1,
      6
     ],
     [
      123,
      37,
      10
     ],
     [
      160,
      1,
      8
     ],
     [
      161,
      77,
      10
     ]
    ],
    "96": [
     [
      21,
      1,
      4
     ],
     [
      22,
      1,
      8
     ],
     [
      23,
      1,
      10
     ],
     [
      24,
      1,
      7
     ],
     [
      76,
      1,
      2
     ],
     [
      77,
      1,
      6
     ],
     [
      78,
      40,
      10
     ],
     [
      118,
      1,
      8
     ],
     [
      119,
      1,
      4
     ],
     [
      122,
      2,
      1
     ],
     [
      124,
      1,
      5
     ],
     [
      125,
      113,
      10
     ]
    ],
    "97": [
     [
      23,
      1,
      8
     ],
     [
      24,
      1,
      9
     ],
     [
      25,
      1,
      2
     ],
     [
      40,
      1,
      1
     ],
     [
      41,
      1,
      3
     ],
     [
      42,
      1,
      7
     ],
     [
      43,
      2,
      6
     ],
     [
      45,
      1,
      4
     ],
     [
      76,
      1,
      5
     ],
     [
      77,
      43,
      10
     ],
     [
      120,
      1,
      1
     ],
     [
      122,
      1,
      3
     ],
     [
      123,
      1,
      1
     ],
     [
      125,
      1,
      9
     ],
     [
      126,
      111,
      10
     ],
     [
      237,
      1,
      6
     ]
    ],
    "98": [
     [
      23,
      1,
      1
     ],
     [
      24,
      1,
      6
     ],
     [
      25,
      1,
      10
     ],
     [
      26,
      1,
      6
     ],
     [
      39,
      2,
      4
     ],
     [
      45,
      2,
      7
     ],
     [
      76,
      1,
      4
     ],
     [
      77,
      46,
      10
     ],
     [
      123,
      1,
      2
     ],
     [
      125,
      1,
      9
     ],
     [
      126,
      111,
      10
     ],
     [
      237,
      1,
      7
     ]
    ],
    "99": [
     [
      25,
      2,
      2
     ],
     [
      27,
      1,
      1
     ],
     [
      41,
      2,
      3
     ],
     [
      45,
      1,
      4
     ],
     [
      46,
      1,
      10
     ],
     [
      47,
      1,
      7
     ],
     [
      71,
      1,
      6
     ],
     [
      72,
      1,
      2
     ],
     [
      73,
      1,
      5
     ],
     [
      75,
      1,
      1
     ],
     [
      76,
      2,
      6
     ],
     [
      79,
      1,
      8
     ],
     [
      80,
      43,
      10
     ],
     [
      123,
      1,
      2
     ],
     [
      125,
      1,
      9
     ],
     [
      126,
      111,
      10
     ],
     [
      237,
      1,
      6
     ]
    ],
    "100": [
     [
      41,
      1,
      5
     ],
     [
      46,
      1,
      3
     ],
     [
      47,
      1,
      4
     ],
     [
      52,
      1,
      1
     ],
     [
      53,
      1,
      2
     ],
     [
      54,
      1,
      1
     ],
     [
      71,
      6,
      10
     ],
     [
      77,
      1,
      4
     ],
     [
      79,
      1,
      4
     ],
     [
      80,
      48,
      10
     ],
     [
      128,
      1,
      3
     ],
     [
      129,
      1,
      6
     ],
     [
      130,
      6,
      10
     ],
     [
      136,
      1,
      8
     ],
     [
      137,
      1,
      6
     ],
     [
      138,
      1,
      5
     ],
     [
      139,
      98,
      10
     ],
     [
      237,
      1,
      4
     ]
    ],
    "101": [
     [
      46,
      1,
      4
     ],
     [
      47,
      1,
      2
     ],
     [
      53,
      1,
      1
     ],
     [
      54,
      1,
      2
     ],
     [
      55,
      1,
      1
     ],
     [
      66,
      1,
      1
     ],
     [
      68,
      1,
      1
     ],
     [
      69,
      1,
      10
     ],
     [
      70,
      1,
      9
     ],
     [
      71,
      7,
      10
     ],
     [
      78,
      2,
      9
     ],
     [
      80,
      48,
      10
     ],
     [
      129,
      1,
      2
     ],
     [
      130,
      5,
      10
     ],
     [
      135,
      1,
      9
     ],
     [
      138,
      1,
      6
     ],
     [
      139,
      98,
      10
     ],
     [
      237,
      1,
      3
     ]
    ],
    "102": [
     [
      55,
      2,
      1
     ],
     [
      65,
      1,
      7
     ],
     [
      66,
      1,
      10
     ],
     [
      67,
      1,
      7
     ],
     [
      68,
      1,
      8
     ],
     [
      69,
      58,
      10
     ],
     [
      127,
      1,
      9
     ],
     [
      130,
      1,
      4
     ],
     [
      131,
      1,
      5
     ],
     [
      132,
      3,
      10
     ],
     [
      135,
      1,
      8
     ],
     [
      136,
      1,
      4
     ],
     [
      137,
      1,
      7
     ],
     [
      138,
      99,
      10
     ]
    ],
    "103": [
     [
      55,
      1,
      1
     ],
     [
      56,
      2,
      3
     ],
     [
      59,
      1,
      2
     ],
     [
      60,
      1,
      3
     ],
     [
      61,
      1,
      4
     ],
     [
      62,
      1,
      1
     ],
     [
      64,
      1,
      2
     ],
     [
      65,
      63,
      10
     ],
     [
      128,
      1,
      2
     ],
     [
      132,
      1,
      5
     ],
     [
      133,
      103,
      10
     ],
     [
      236,
      1,
      8
     ]
    ],
    "104": [
     [
      61,
      1,
      4
     ],
     [
      62,
      1,
      2
     ],
     [
      64,
      1,
      3
     ],
     [
      65,
      1,
      9
     ],
     [
      66,
      1,
      10
     ],
     [
      67,
      1,
      3
     ],
     [
      68,
      1,
      4
     ],
     [
      69,
      1,
      9
     ],
     [
      70,
      59,
      10
     ],
     [
      129,
      1,
      9
     ],
     [
      130,
      1,
      2
     ],
     [
      132,
      1,
      4
     ],
     [
      133,
      103,
      10
     ],
     [
      236,
      1,
      7
     ]
    ],
    "105": [
     [
      66,
      1,
      3
     ],
     [
      69,
      1,
      3
     ],
     [
      70,
      3,
      10
     ],
     [
      73,
      1,
      4
     ],
     [
      74,
      1,
      3
     ],
     [
      75,
      1,
      9
     ],
     [
      76,
      55,
      10
     ],
     [
      131,
      1,
      6
     ],
     [
      132,
      1,
      7
     ],
     [
      133,
      103,
      10
     ],
     [
      236,
      1,
      4
     ]
    ],
    "106": [
     [
      66,
      1,
      2
     ],
     [
      71,
      1,
      6
     ],
     [
      72,
      1,
      8
     ],
     [
      73,
      1,
      1
     ],
     [
      76,
      1,
      5
     ],
     [
      77,
      159,
      10
     ],
     [
      236,
      1,
      2
     ]
    ],
    "107": [
     [
      73,
      1,
      4
     ],
     [
      74,
      1,
      7
     ],
     [
      75,
      1,
      4
     ],
     [
      77,
      1,
      3
     ],
     [
      78,
      1,
      4
     ],
     [
      79,
      2,
      6
     ],
     [
      81,
      155,
      10
     ]
    ],
    "108": [
     [
      74,
      2,
      2
     ],
     [
      81,
      1,
      2
     ],
     [
      82,
      1,
      9
     ],
     [
      83,
      152,
      10
     ],
     [
      235,
      1,
      8
     ]
    ],
    "109": [
     [
      84,
      1,
      6
     ],
     [
      85,
      150,
      10
     ],
     [
      235,
      1,
      7
     ]
    ],
    "110": [
     [
      84,
      1,
      1
     ],
     [
      85,
      150,
      10
     ],
     [
      235,
      1,
      3
     ]
    ],
    "111": [
     [
      49,
      1,
      5
     ],
     [
      76,
      1,
      3
     ],
     [
      77,
      1,
      9
     ],
     [
      78,
      1,
      7
     ],
     [
      79,
      1,
      1
     ],
     [
      84,
      1,
      3
     ],
     [
      85,
      150,
      10
     ],
     [
      235,
      1,
      2
     ]
    ],
    "112": [
     [
      50,
      1,
      1
     ],
     [
      61,
      2,
      1
     ],
     [
      74,
      2,
      1
     ],
     [
      76,
      1,
      9
     ],
     [
      77,
      1,
      10
     ],
     [
      78,
      1,
      3
     ],
     [
      82,
      1,
      1
     ],
     [
      83,
      1,
      3
     ],
     [
      84,
      1,
      9
     ],
     [
      85,
      150,
      10
     ]
    ],
    "113": [
     [
      48,
      1,
      2
     ],
     [
      49,
      1,
      1
     ],
     [
      51,
      1,
      2
     ],
     [
      55,
      1,
      4
     ],
     [
      56,
      1,
      8
     ],
     [
      57,
      1,
      9
     ],
     [
      58,
      1,
      8
     ],
     [
      59,
      1,
      1
     ],
     [
      71,
      1,
      2
     ],
     [
      72,
      1,
      7
     ],
     [
      73,
      1,
      6
     ],
     [
      74,
      1,
      8
     ],
     [
      75,
      4,
      10
     ],
     [
      79,
      1,
      8
     ],
     [
      80,
      1,
      10
     ],
     [
      81,
      1,
      8
     ],
     [
      82,
      152,
      10
     ],
     [
      234,
      1,
      8
     ]
    ],
    "114": [
     [
      49,
      1,
      7
     ],
     [
      50,
      1,
      10
     ],
     [
      51,
      1,
      4
     ],
     [
      53,
      1,
      5
     ],
     [
      54,
      1,
      6
     ],
     [
      56,
      1,
      1
     ],
     [
      57,
      1,
      8
     ],
     [
      71,
      1,
      7
     ],
     [
      72,
      3,
      10
     ],
     [
      75,
      1,
      8
     ],
     [
      76,
      1,
      3
     ],
     [
      77,
      1,
      4
     ],
     [
      78,
      1,
      5
     ],
     [
      79,
      1,
      3
     ],
     [
      80,
      1,
      4
     ],
     [
      81,
      153,
      10
     ],
     [
      234,
      1,
      6
     ]
    ],
    "115": [
     [
      48,
      1,
      1
     ],
     [
      49,
      1,
      9
     ],
     [
      50,
      1,
      10
     ],
     [
      51,
      1,
      8
     ],
     [
      52,
      1,
      2
     ],
     [
      53,
      1,
      6
     ],
     [
      54,
      1,
      10
     ],
     [
      55,
      1,
      3
     ],
     [
      56,
      1,
      5
     ],
     [
      58,
      1,
      4
     ],
     [
      70,
      1,
      6
     ],
     [
      71,
      1,
      9
     ],
     [
      72,
      1,
      10
     ],
     [
      73,
      1,
      9
     ],
     [
      74,
      1,
      3
     ],
     [
      80,
      1,
      6
     ],
     [
      81,
      153,
      10
     ],
     [
      234,
      1,
      3
     ]
    ],
    "116": [
     [
      48,
      1,
      2
     ],
     [
      49,
      2,
      10
     ],
     [
      51,
      1,
      8
     ],
     [
      52,
      1,
      1
     ],
     [
      54,
      5,
      10
     ],
     [
      59,
      1,
      5
     ],
     [
      68,
      1,
      1
     ],
     [
      69,
      1,
      7
     ],
     [
      70,
      1,
      9
     ],
     [
      71,
      2,
      10
     ],
     [
      73,
      1,
      4
     ],
     [
      77,
      1,
      6
     ],
     [
      78,
      1,
      9
     ],
     [
      79,
      1,
      5
     ],
     [
      80,
      1,
      8
     ],
     [
      81,
      153,
      10
     ],
     [
      234,
      1,
      2
     ]
    ],
    "117": [
     [
      49,
      2,
      10
     ],
     [
      51,
      1,
      7
     ],
     [
      52,
      1,
      1
     ],
     [
      53,
      1,
      3
     ],
     [
      54,
      3,
      10
     ],
     [
      57,
      1,
      8
     ],
     [
      58,
      1,
      9
     ],
     [
      59,
      1,
      8
     ],
     [
      60,
      1,
      4
     ],
     [
      66,
      1,
      1
     ],
     [
      67,
      1,
      5
     ],
     [
      68,
      1,
      9
     ],
     [
      69,
      4,
      10
     ],
     [
      73,
      1,
      8
     ],
     [
      74,
      1,
      5
     ],
     [
      75,
      1,
      3
     ],
     [
      76,
      158,
      10
     ]
    ],
    "118": [
     [
      48,
      1,
      5
     ],
     [
      49,
      1,
      8
     ],
     [
      50,
      1,
      7
     ],
     [
      51,
      1,
      6
     ],
     [
      52,
      1,
      7
     ],
     [
      53,
      1,
      4
     ],
     [
      54,
      1,
      5
     ],
     [
      55,
      1,
      3
     ],
     [
      56,
      1,
      8
     ],
     [
      57,
      1,
      1
     ],
     [
      58,
      1,
      4
     ],
     [
      59,
      1,
      7
     ],
     [
      61,
      1,
      4
     ],
     [
      62,
      1,
      8
     ],
     [
      63,
      1,
      4
     ],
     [
      66,
      1,
      6
     ],
     [
      67,
      166,
      10
     ],
     [
      233,
      1,
      7
     ]
    ],
    "119": [
     [
      48,
      1,
      8
     ],
     [
      49,
      1,
      2
     ],
     [
      56,
      1,
      6
     ],
     [
      57,
      1,
      2
     ],
     [
      58,
      1,
      1
     ],
     [
      59,
      1,
      5
     ],
     [
      60,
      1,
      6
     ],
     [
      61,
      1,
      9
     ],
     [
      62,
      2,
      10
     ],
     [
      64,
      1,
      7
     ],
     [
      65,
      1,
      3
     ],
     [
      66,
      1,
      7
     ],
     [
      67,
      166,
      10
     ],
     [
      233,
      1,
      6
     ]
    ],
    "120": [
     [
      48,
      1,
      1
     ],
     [
      56,
      1,
      4
     ],
     [
      58,
      1,
      1
     ],
     [
      61,
      1,
      7
     ],
     [
      62,
      8,
      10
     ],
     [
      70,
      1,
      9
     ],
     [
      71,
      1,
      10
     ],
     [
      72,
      1,
      8
     ],
     [
      74,
      1,
      8
     ],
     [
      75,
      158,
      10
     ],
     [
      233,
      1,
      4
     ]
    ],
    "121": [
     [
      62,
      1,
      8
     ],
     [
      63,
      7,
      10
     ],
     [
      70,
      1,
      5
     ],
     [
      72,
      1,
      1
     ],
     [
      74,
      1,
      1
     ],
     [
      75,
      158,
      10
     ],
     [
      233,
      1,
      1
     ]
    ],
    "122": [
     [
      61,
      1,
      5
     ],
     [
      62,
      8,
      10
     ],
     [
      70,
      1,
      7
     ],
     [
      71,
      1,
      3
     ],
     [
      72,
      1,
      7
     ],
     [
      73,
      2,
      6
     ],
     [
      75,
      158,
      10
     ]
    ],
    "123": [
     [
      58,
      1,
      5
     ],
     [
      59,
      1,
      4
     ],
     [
      60,
      1,
      3
     ],
     [
      61,
      1,
      9
     ],
     [
      62,
      170,
      10
     ],
     [
      232,
      1,
      7
     ]
    ],
    "124": [
     [
      51,
      1,
      1
     ],
     [
      52,
      1,
      3
     ],
     [
      55,
      1,
      2
     ],
     [
      56,
      1,
      4
     ],
     [
      58,
      1,
      1
     ],
     [
      59,
      1,
      3
     ],
     [
      61,
      1,
      8
     ],
     [
      62,
      170,
      10
     ],
     [
      232,
      1,
      7
     ]
    ],
    "125": [
     [
      51,
      1,
      5
     ],
     [
      52,
      1,
      10
     ],
     [
      53,
      1,
      3
     ],
     [
      54,
      1,
      2
     ],
     [
      55,
      1,
      9
     ],
     [
      57,
      1,
      1
     ],
     [
      59,
      1,
      1
     ],
     [
      60,
      1,
      4
     ],
     [
      61,
      1,
      8
     ],
     [
      62,
      170,
      10
     ],
     [
      232,
      1,
      3
     ]
    ],
    "126": [
     [
      51,
      1,
      7
     ],
     [
      52,
      3,
      10
     ],
     [
      55,
      1,
      9
     ],
     [
      56,
      1,
      2
     ],
     [
      58,
      1,
      7
     ],
     [
      59,
      1,
      8
     ],
     [
      61,
      1,
      5
     ],
     [
      62,
      170,
      10
     ],
     [
      232,
      1,
      1
     ]
    ],
    "127": [
     [
      46,
      1,
      3
     ],
     [
      47,
      1,
      4
     ],
     [
      49,
      1,
      2
     ],
     [
      50,
      1,
      8
     ],
     [
      51,
      1,
      9
     ],
     [
      52,
      1,
      1
     ],
     [
      53,
      1,
      5
     ],
     [
      54,
      3,
      10
     ],
     [
      57,
      1,
      7
     ],
     [
      58,
      1,
      10
     ],
     [
      59,
      1,
      9
     ],
     [
      60,
      1,
      4
     ],
     [
      61,
      1,
      5
     ],
     [
      62,
      170,
      10
     ]
    ],
    "128": [
     [
      46,
      1,
      7
     ],
     [
      47,
      1,
      9
     ],
     [
      48,
      1,
      7
     ],
     [
      49,
      1,
      9
     ],
     [
      50,
      1,
      10
     ],
     [
      51,
      2,
      2
     ],
     [
      53,
      1,
      9
     ],
     [
      54,
      177,
      10
     ],
     [
      231,
      1,
      7
     ]
    ],
    "129": [
     [
      46,
      1,
      5
     ],
     [
      47,
      5,
      10
     ],
     [
      52,
      1,
      9
     ],
     [
      53,
      178,
      10
     ],
     [
      231,
      1,
      4
     ]
    ],
    "130": [
     [
      40,
      1,
      2
     ],
     [
      46,
      1,
      1
     ],
     [
      47,
      184,
      10
     ],
     [
      231,
      1,
      3
     ]
    ],
    "131": [
     [
      47,
      1,
      9
     ],
     [
      48,
      183,
      10
     ],
     [
      231,
      1,
      1
     ]
    ],
    "132": [
     [
      42,
      1,
      2
     ],
     [
      48,
      1,
      6
     ],
     [
      49,
      1,
      9
     ],
     [
      50,
      1,
      7
     ],
     [
      51,
      180,
      10
     ]
    ],
    "133": [
     [
      43,
      1,
      2
     ],
     [
      47,
      1,
      5
     ],
     [
      48,
      1,
      9
     ],
     [
      49,
      1,
      5
     ],
     [
      51,
      1,
      6
     ],
     [
      52,
      178,
      10
     ],
     [
      230,
      1,
      6
     ]
    ],
    "134": [
     [
      45,
      1,
      2
     ],
     [
      46,
      1,
      1
     ],
     [
      47,
      3,
      10
     ],
     [
      50,
      1,
      4
     ],
     [
      51,
      1,
      8
     ],
     [
      52,
      178,
      10
     ],
     [
      230,
      1,
      5
     ]
    ],
    "135": [
     [
      43,
      1,
      4
     ],
     [
      44,
      1,
      5
     ],
     [
      45,
      1,
      7
     ],
     [
      46,
      1,
      1
     ],
     [
      47,
      1,
      9
     ],
     [
      48,
      182,
      10
     ],
     [
      230,
      1,
      3
     ]
    ],
    "136": [
     [
      43,
      1,
      5
     ],
     [
      44,
      1,
      10
     ],
     [
      45,
      1,
      5
     ],
     [
      47,
      1,
      5
     ],
     [
      48,
      182,
      10
     ]
    ],
    "137": [
     [
      44,
      1,
      2
     ],
     [
      45,
      1,
      6
     ],
     [
      47,
      1,
      1
     ],
     [
      48,
      181,
      10
     ],
     [
      229,
      1,
      9
     ]
    ],
    "138": [
     [
      48,
      1,
      8
     ],
     [
      49,
      180,
      10
     ],
     [
      229,
      1,
      7
     ]
    ],
    "139": [
     [
      45,
      1,
      2
     ],
     [
      46,
      1,
      1
     ],
     [
      47,
      1,
      4
     ],
     [
      48,
      1,
      8
     ],
     [
      49,
      180,
      10
     ],
     [
      229,
      1,
      5
     ]
    ],
    "140": [
     [
      38,
      1,
      1
     ],
     [
      41,
      1,
      7
     ],
     [
      44,
      1,
      1
     ],
     [
      45,
      1,
      6
     ],
     [
      46,
      1,
      5
     ],
     [
      49,
      1,
      3
     ],
     [
      50,
      179,
      10
     ],
     [
      229,
      1,
      3
     ]
    ],
    "141": [
     [
      40,
      1,
      4
     ],
     [
      41,
      1,
      10
     ],
     [
      42,
      1,
      4
     ],
     [
      43,
      1,
      1
     ],
     [
      44,
      1,
      7
     ],
     [
      45,
      2,
      10
     ],
     [
      47,
      1,
      8
     ],
     [
      48,
      1,
      1
     ],
     [
      50,
      4,
      10
     ],
     [
      55,
      1,
      5
     ],
     [
      56,
      173,
      10
     ]
    ],
    "142": [
     [
      40,
      1,
      3
     ],
     [
      41,
      1,
      7
     ],
     [
      42,
      5,
      10
     ],
     [
      47,
      1,
      6
     ],
     [
      49,
      1,
      3
     ],
     [
      50,
      4,
      10
     ],
     [
      54,
      1,
      2
     ],
     [
      55,
      1,
      4
     ],
     [
      56,
      172,
      10
     ],
     [
      228,
      1,
      9
     ]
    ],
    "143": [
     [
      43,
      1,
      1
     ],
     [
      44,
      1,
      10
     ],
     [
      45,
      1,
      8
     ],
     [
      46,
      1,
      2
     ],
     [
      49,
      1,
      3
     ],
     [
      50,
      1,
      8
     ],
     [
      51,
      3,
      10
     ],
     [
      54,
      1,
      8
     ],
     [
      55,
      1,
      9
     ],
     [
      56,
      172,
      10
     ],
     [
      228,
      1,
      7
     ]
    ],
    "144": [
     [
      42,
      1,
      1
     ],
     [
      43,
      1,
      5
     ],
     [
      44,
      1,
      10
     ],
     [
      45,
      1,
      4
     ],
     [
      53,
      1,
      2
     ],
     [
      54,
      1,
      8
     ],
     [
      55,
      173,
      10
     ],
     [
      228,
      1,
      3
     ]
    ],
    "145": [
     [
      43,
      1,
      7
     ],
     [
      44,
      1,
      10
     ],
     [
      45,
      1,
      7
     ],
     [
      47,
      1,
      2
     ],
     [
      48,
      1,
      3
     ],
     [
      54,
      1,
      3
     ],
     [
      55,
      173,
      10
     ],
     [
      228,
      1,
      3
     ]
    ],
    "146": [
     [
      43,
      1,
      8
     ],
     [
      44,
      1,
      9
     ],
     [
      45,
      1,
      1
     ],
     [
      47,
      1,
      8
     ],
     [
      48,
      1,
      4
     ],
     [
      53,
      1,
      1
     ],
     [
      54,
      1,
      9
     ],
     [
      55,
      173,
      10
     ]
    ],
    "147": [
     [
      35,
      1,
      1
     ],
     [
      42,
      1,
      2
     ],
     [
      43,
      1,
      10
     ],
     [
      44,
      1,
      3
     ],
     [
      46,
      1,
      1
     ],
     [
      47,
      1,
      10
     ],
     [
      52,
      1,
      2
     ],
     [
      53,
      1,
      7
     ],
     [
      54,
      173,
      10
     ],
     [
      227,
      1,
      9
     ]
    ],
    "148": [
     [
      42,
      1,
      6
     ],
     [
      43,
      1,
      10
     ],
     [
      44,
      1,
      4
     ],
     [
      46,
      1,
      6
     ],
     [
      47,
      1,
      9
     ],
     [
      52,
      1,
      6
     ],
     [
      53,
      174,
      10
     ],
     [
      227,
      1,
      6
     ]
    ],
    "149": [
     [
      41,
      1,
      4
     ],
     [
      44,
      1,
      2
     ],
     [
      45,
      1,
      3
     ],
     [
      46,
      1,
      1
     ],
     [
      47,
      1,
      6
     ],
     [
      52,
      1,
      7
     ],
     [
      53,
      174,
      10
     ],
     [
      227,
      1,
      4
     ]
    ],
    "150": [
     [
      39,
      1,
      2
     ],
     [
      40,
      1,
      5
     ],
     [
      41,
      1,
      4
     ],
     [
      44,
      1,
      1
     ],
     [
      47,
      1,
      3
     ],
     [
      48,
      1,
      1
     ],
     [
      50,
      1,
      3
     ],
     [
      51,
      1,
      8
     ],
     [
      52,
      175,
      10
     ],
     [
      227,
      1,
      3
     ]
    ],
    "151": [
     [
      39,
      1,
      1
     ],
     [
      40,
      1,
      2
     ],
     [
      45,
      1,
      2
     ],
     [
      50,
      1,
      7
     ],
     [
      51,
      176,
      10
     ]
    ],
    "152": [
     [
      44,
      1,
      3
     ],
     [
      47,
      2,
      6
     ],
     [
      49,
      1,
      4
     ],
     [
      50,
      1,
      9
     ],
     [
      51,
      175,
      10
     ],
     [
      226,
      1,
      8
     ]
    ],
    "153": [
     [
      43,
      1,
      3
     ],
     [
      44,
      1,
      9
     ],
     [
      45,
      1,
      3
     ],
     [
      46,
      1,
      1
     ],
     [
      47,
      179,
      10
     ],
     [
      226,
      1,
      7
     ]
    ],
    "154": [
     [
      43,
      1,
      1
     ],
     [
      44,
      1,
      7
     ],
     [
      45,
      181,
      10
     ],
     [
      226,
      1,
      4
     ]
    ],
    "155": [
     [
      39,
      1,
      10
     ],
     [
      42,
      1,
      1
     ],
     [
      43,
      1,
      3
     ],
     [
      44,
      1,
      8
     ],
     [
      45,
      181,
      10
     ],
     [
      226,
      1,
      3
     ]
    ],
    "156": [
     [
      38,
      1,
      2
     ],
     [
      39,
      1,
      3
     ],
     [
      43,
      1,
      2
     ],
     [
      44,
      182,
      10
     ]
    ],
    "157": [
     [
      38,
      1,
      3
     ],
     [
      42,
      1,
      3
     ],
     [
      43,
      1,
      5
     ],
     [
      44,
      181,
      10
     ],
     [
      225,
      1,
      9
     ]
    ],
    "158": [
     [
      36,
      1,
      2
     ],
     [
      37,
      1,
      6
     ],
     [
      42,
      1,
      7
     ],
     [
      43,
      182,
      10
     ],
     [
      225,
      1,
      7
     ]
    ],
    "159": [
     [
      36,
      2,
      2
     ],
     [
      42,
      183,
      10
     ],
     [
      225,
      1,
      4
     ]
    ],
    "160": [
     [
      40,
      1,
      3
     ],
     [
      41,
      1,
      10
     ],
     [
      42,
      1,
      1
     ],
     [
      44,
      1,
      7
     ],
     [
      45,
      180,
      10
     ],
     [
      225,
      1,
      3
     ]
    ],
    "161": [
     [
      40,
      1,
      5
     ],
     [
      41,
      1,
      10
     ],
     [
      43,
      1,
      1
     ],
     [
      44,
      1,
      9
     ],
     [
      45,
      1,
      8
     ],
     [
      46,
      179,
      10
     ]
    ],
    "162": [
     [
      40,
      2,
      5
     ],
     [
      43,
      1,
      3
     ],
     [
      44,
      1,
      9
     ],
     [
      46,
      1,
      3
     ],
     [
      47,
      177,
      10
     ],
     [
      224,
      1,
      9
     ]
    ],
    "163": [
     [
      47,
      177,
      10
     ],
     [
      224,
      1,
      6
     ]
    ],
    "164": [
     [
      42,
      1,
      2
     ],
     [
      46,
      1,
      2
     ],
     [
      47,
      177,
      10
     ],
     [
      224,
      1,
      4
     ]
    ],
    "165": [
     [
      48,
      1,
      5
     ],
     [
      49,
      1,
      3
     ],
     [
      50,
      1,
      7
     ],
     [
      51,
      173,
      10
     ],
     [
      224,
      1,
      2
     ]
    ],
    "166": [
     [
      52,
      172,
      10
     ]
    ],
    "167": [
     [
      47,
      1,
      2
     ],
     [
      51,
      1,
      3
     ],
     [
      52,
      171,
      10
     ],
     [
      223,
      1,
      8
     ]
    ],
    "168": [
     [
      51,
      1,
      7
     ],
     [
      52,
      171,
      10
     ],
     [
      223,
      1,
      7
     ]
    ],
    "169": [
     [
      51,
      1,
      5
     ],
     [
      52,
      1,
      8
     ],
     [
      53,
      2,
      10
     ],
     [
      55,
      1,
      9
     ],
     [
      56,
      167,
      10
     ],
     [
      223,
      1,
      4
     ]
    ],
    "170": [
     [
      52,
      1,
      1
     ],
     [
      53,
      1,
      7
     ],
     [
      54,
      1,
      2
     ],
     [
      57,
      166,
      10
     ],
     [
      223,
      1,
      2
     ]
    ],
    "171": [
     [
      53,
      1,
      4
     ],
     [
      56,
      1,
      3
     ],
     [
      57,
      166,
      10
     ]
    ],
    "172": [
     [
      57,
      165,
      10
     ],
     [
      222,
      1,
      8
     ]
    ],
    "173": [
     [
      64,
      158,
      10
     ],
     [
      222,
      1,
      6
     ]
    ],
    "174": [
     [
      71,
      151,
      10
     ],
     [
      222,
      1,
      3
     ]
    ],
    "175": [
     [
      78,
      144,
      10
     ],
     [
      222,
      1,
      2
     ]
    ],
    "176": [
     [
      85,
      137,
      10
     ]
    ],
    "177": [
     [
      92,
      129,
      10
     ],
     [
      221,
      1,
      7
     ]
    ],
    "178": [
     [
      99,
      122,
      10
     ],
     [
      221,
      1,
      6
     ]
    ],
    "179": [
     [
      106,
      115,
      10
     ],
     [
      221,
      1,
      4
     ]
    ],
    "180": [
     [
      113,
      108,
      10
     ],
     [
      221,
      1,
      1
     ]
    ],
    "181": [
     [
      120,
      101,
      10
     ]
    ],
    "182": [
     [
      128,
      92,
      10
     ],
     [
      220,
      1,
      7
     ]
    ],
    "183": [
     [
      135,
      85,
      10
     ],
     [
      220,
      1,
      7
     ]
    ],
    "184": [
     [
      142,
      78,
      10
     ],
     [
      220,
      1,
      3
     ]
    ],
    "185": [
     [
      150,
      70,
      10
     ],
     [
      220,
      1,
      1
     ]
    ],
    "186": [
     [
      157,
      63,
      10
     ]
    ],
    "187": [
     [
      165,
      54,
      10
     ],
     [
      219,
      1,
      7
     ]
    ],
    "188": [
     [
      172,
      47,
      10
     ],
     [
      219,
      1,
      5
     ]
    ],
    "189": [
     [
      179,
      40,
      10
     ],
     [
      219,
      1,
      3
     ]
    ],
    "190": [
     [
      187,
      32,
      10
     ],
     [
      219,
      1,
      1
     ]
    ],
    "191": [
     [
      194,
      25,
      10
     ]
    ],
    "192": [
     [
      202,
      16,
      10
     ],
     [
      218,
      1,
      7
     ]
    ],
    "193": [
     [
      210,
      8,
      10
     ],
     [
      218,
      1,
      5
     ]
    ],
    "194": [
     [
      217,
      1,
      10
     ],
     [
      218,
      1,
      3
     ]
    ]
   }
  },
  "clutter_headroom": 31.9,
  "clutter_at_floor": 0.543,
  "clutter_verdict": "vessels present"
 },
 "features": [
  {
   "type": "Feature",
   "geometry": {
    "type": "Point",
    "coordinates": [
     -74.30662041213759,
     36.02939321076915
    ]
   },
   "properties": {
    "confidence": 0.328,
    "snr": 6.57,
    "peak_dn": 116.0,
    "background_dn": 43.4,
    "sigma_dn": 11.06,
    "pixels": 2,
    "length_m_approx": 14.1,
    "pixel": [
     16123.0,
     12066.5
    ],
    "scene": "S1A_IW_GRDH_1SDV_20240621T225813_20240621T225842_054428_069F67_E12F_COG.SAFE",
    "t": "2024-06-21T22:58:13+00:00",
    "sensor": "sentinel1-vv-cfar",
    "uncertainty_m": 7.6
   }
  },
  {
   "type": "Feature",
   "geometry": {
    "type": "Point",
    "coordinates": [
     -74.0784658639472,
     36.04243376733302
    ]
   },
   "properties": {
    "confidence": 0.359,
    "snr": 7.17,
    "peak_dn": 112.0,
    "background_dn": 38.1,
    "sigma_dn": 10.31,
    "pixels": 2,
    "length_m_approx": 14.1,
    "pixel": [
     18173.5,
     11864.0
    ],
    "scene": "S1A_IW_GRDH_1SDV_20240621T225813_20240621T225842_054428_069F67_E12F_COG.SAFE",
    "t": "2024-06-21T22:58:13+00:00",
    "sensor": "sentinel1-vv-cfar",
    "uncertainty_m": 7.6
   }
  },
  {
   "type": "Feature",
   "geometry": {
    "type": "Point",
    "coordinates": [
     -74.126059599945,
     36.06686840024226
    ]
   },
   "properties": {
    "confidence": 0.351,
    "snr": 7.02,
    "peak_dn": 119.0,
    "background_dn": 42.9,
    "sigma_dn": 10.84,
    "pixels": 3,
    "length_m_approx": 17.3,
    "pixel": [
     17797.3,
     12198.7
    ],
    "scene": "S1A_IW_GRDH_1SDV_20240621T225813_20240621T225842_054428_069F67_E12F_COG.SAFE",
    "t": "2024-06-21T22:58:13+00:00",
    "sensor": "sentinel1-vv-cfar",
    "uncertainty_m": 9.1
   }
  },
  {
   "type": "Feature",
   "geometry": {
    "type": "Point",
    "coordinates": [
     -74.14013025167205,
     36.05191237882646
    ]
   },
   "properties": {
    "confidence": 0.347,
    "snr": 6.94,
    "peak_dn": 129.0,
    "background_dn": 45.8,
    "sigma_dn": 11.99,
    "pixels": 2,
    "length_m_approx": 14.1,
    "pixel": [
     17644.0,
     12058.5
    ],
    "scene": "S1A_IW_GRDH_1SDV_20240621T225813_20240621T225842_054428_069F67_E12F_COG.SAFE",
    "t": "2024-06-21T22:58:13+00:00",
    "sensor": "sentinel1-vv-cfar",
    "uncertainty_m": 7.6
   }
  },
  {
   "type": "Feature",
   "geometry": {
    "type": "Point",
    "coordinates": [
     -74.02658457717084,
     36.011918948653125
    ]
   },
   "properties": {
    "confidence": 0.95,
    "snr": 25.51,
    "peak_dn": 278.0,
    "background_dn": 31.9,
    "sigma_dn": 9.65,
    "pixels": 41,
    "length_m_approx": 64.0,
    "pixel": [
     18576.6,
     11457.5
    ],
    "scene": "S1A_IW_GRDH_1SDV_20240621T225813_20240621T225842_054428_069F67_E12F_COG.SAFE",
    "t": "2024-06-21T22:58:13+00:00",
    "sensor": "sentinel1-vv-cfar",
    "uncertainty_m": 32.1
   }
  },
  {
   "type": "Feature",
   "geometry": {
    "type": "Point",
    "coordinates": [
     -74.026743894499,
     36.01261901624565
    ]
   },
   "properties": {
    "confidence": 0.799,
    "snr": 15.99,
    "peak_dn": 185.0,
    "background_dn": 31.6,
    "sigma_dn": 9.59,
    "pixels": 14,
    "length_m_approx": 37.4,
    "pixel": [
     18576.5,
     11465.3
    ],
    "scene": "S1A_IW_GRDH_1SDV_20240621T225813_20240621T225842_054428_069F67_E12F_COG.SAFE",
    "t": "2024-06-21T22:58:13+00:00",
    "sensor": "sentinel1-vv-cfar",
    "uncertainty_m": 18.9
   }
  },
  {
   "type": "Feature",
   "geometry": {
    "type": "Point",
    "coordinates": [
     -74.02685599167017,
     36.01328624336912
    ]
   },
   "properties": {
    "confidence": 0.518,
    "snr": 10.36,
    "peak_dn": 133.0,
    "background_dn": 31.7,
    "sigma_dn": 9.78,
    "pixels": 10,
    "length_m_approx": 31.6,
    "pixel": [
     18576.8,
     11472.6
    ],
    "scene": "S1A_IW_GRDH_1SDV_20240621T225813_20240621T225842_054428_069F67_E12F_COG.SAFE",
    "t": "2024-06-21T22:58:13+00:00",
    "sensor": "sentinel1-vv-cfar",
    "uncertainty_m": 16.0
   }
  },
  {
   "type": "Feature",
   "geometry": {
    "type": "Point",
    "coordinates": [
     -73.92138234095793,
     36.09894800492307
    ]
   },
   "properties": {
    "confidence": 0.413,
    "snr": 8.25,
    "peak_dn": 95.0,
    "background_dn": 29.2,
    "sigma_dn": 7.98,
    "pixels": 4,
    "length_m_approx": 20.0,
    "pixel": [
     19674.5,
     12240.5
    ],
    "scene": "S1A_IW_GRDH_1SDV_20240621T225813_20240621T225842_054428_069F67_E12F_COG.SAFE",
    "t": "2024-06-21T22:58:13+00:00",
    "sensor": "sentinel1-vv-cfar",
    "uncertainty_m": 10.4
   }
  },
  {
   "type": "Feature",
   "geometry": {
    "type": "Point",
    "coordinates": [
     -74.00867704173298,
     36.011331799493
    ]
   },
   "properties": {
    "confidence": 0.39,
    "snr": 7.81,
    "peak_dn": 113.0,
    "background_dn": 36.3,
    "sigma_dn": 9.82,
    "pixels": 7,
    "length_m_approx": 26.5,
    "pixel": [
     18734.6,
     11424.4
    ],
    "scene": "S1A_IW_GRDH_1SDV_20240621T225813_20240621T225842_054428_069F67_E12F_COG.SAFE",
    "t": "2024-06-21T22:58:13+00:00",
    "sensor": "sentinel1-vv-cfar",
    "uncertainty_m": 13.5
   }
  },
  {
   "type": "Feature",
   "geometry": {
    "type": "Point",
    "coordinates": [
     -73.81739987955703,
     36.03268988472012
    ]
   },
   "properties": {
    "confidence": 0.387,
    "snr": 7.74,
    "peak_dn": 108.0,
    "background_dn": 33.9,
    "sigma_dn": 9.57,
    "pixels": 2,
    "length_m_approx": 14.1,
    "pixel": [
     20474.0,
     11371.5
    ],
    "scene": "S1A_IW_GRDH_1SDV_20240621T225813_20240621T225842_054428_069F67_E12F_COG.SAFE",
    "t": "2024-06-21T22:58:13+00:00",
    "sensor": "sentinel1-vv-cfar",
    "uncertainty_m": 7.6
   }
  },
  {
   "type": "Feature",
   "geometry": {
    "type": "Point",
    "coordinates": [
     -73.94724381069693,
     36.003927148962774
    ]
   },
   "properties": {
    "confidence": 0.386,
    "snr": 7.71,
    "peak_dn": 101.0,
    "background_dn": 33.0,
    "sigma_dn": 8.82,
    "pixels": 2,
    "length_m_approx": 14.1,
    "pixel": [
     19266.5,
     11253.0
    ],
    "scene": "S1A_IW_GRDH_1SDV_20240621T225813_20240621T225842_054428_069F67_E12F_COG.SAFE",
    "t": "2024-06-21T22:58:13+00:00",
    "sensor": "sentinel1-vv-cfar",
    "uncertainty_m": 7.6
   }
  },
  {
   "type": "Feature",
   "geometry": {
    "type": "Point",
    "coordinates": [
     -73.8316408487319,
     36.047796524747994
    ]
   },
   "properties": {
    "confidence": 0.369,
    "snr": 7.39,
    "peak_dn": 93.0,
    "background_dn": 30.1,
    "sigma_dn": 8.51,
    "pixels": 3,
    "length_m_approx": 17.3,
    "pixel": [
     20375.7,
     11555.7
    ],
    "scene": "S1A_IW_GRDH_1SDV_20240621T225813_20240621T225842_054428_069F67_E12F_COG.SAFE",
    "t": "2024-06-21T22:58:13+00:00",
    "sensor": "sentinel1-vv-cfar",
    "uncertainty_m": 9.1
   }
  },
  {
   "type": "Feature",
   "geometry": {
    "type": "Point",
    "coordinates": [
     -73.94393222914121,
     36.07557530406932
    ]
   },
   "properties": {
    "confidence": 0.366,
    "snr": 7.33,
    "peak_dn": 97.0,
    "background_dn": 32.1,
    "sigma_dn": 8.86,
    "pixels": 4,
    "length_m_approx": 20.0,
    "pixel": [
     19430.5,
     12021.5
    ],
    "scene": "S1A_IW_GRDH_1SDV_20240621T225813_20240621T225842_054428_069F67_E12F_COG.SAFE",
    "t": "2024-06-21T22:58:13+00:00",
    "sensor": "sentinel1-vv-cfar",
    "uncertainty_m": 10.4
   }
  },
  {
   "type": "Feature",
   "geometry": {
    "type": "Point",
    "coordinates": [
     -73.95482428624545,
     36.04890343181431
    ]
   },
   "properties": {
    "confidence": 0.366,
    "snr": 7.32,
    "peak_dn": 88.0,
    "background_dn": 28.2,
    "sigma_dn": 8.16,
    "pixels": 3,
    "length_m_approx": 17.3,
    "pixel": [
     19283.7,
     11749.7
    ],
    "scene": "S1A_IW_GRDH_1SDV_20240621T225813_20240621T225842_054428_069F67_E12F_COG.SAFE",
    "t": "2024-06-21T22:58:13+00:00",
    "sensor": "sentinel1-vv-cfar",
    "uncertainty_m": 9.1
   }
  },
  {
   "type": "Feature",
   "geometry": {
    "type": "Point",
    "coordinates": [
     -73.9819259112216,
     36.03695165610644
    ]
   },
   "properties": {
    "confidence": 0.355,
    "snr": 7.1,
    "peak_dn": 98.0,
    "background_dn": 33.0,
    "sigma_dn": 9.16,
    "pixels": 2,
    "length_m_approx": 14.1,
    "pixel": [
     19020.5,
     11661.0
    ],
    "scene": "S1A_IW_GRDH_1SDV_20240621T225813_20240621T225842_054428_069F67_E12F_COG.SAFE",
    "t": "2024-06-21T22:58:13+00:00",
    "sensor": "sentinel1-vv-cfar",
    "uncertainty_m": 7.6
   }
  },
  {
   "type": "Feature",
   "geometry": {
    "type": "Point",
    "coordinates": [
     -73.86908276396872,
     36.09401254746995
    ]
   },
   "properties": {
    "confidence": 0.354,
    "snr": 7.07,
    "peak_dn": 85.0,
    "background_dn": 28.5,
    "sigma_dn": 7.99,
    "pixels": 2,
    "length_m_approx": 14.1,
    "pixel": [
     20129.5,
     12110.0
    ],
    "scene": "S1A_IW_GRDH_1SDV_20240621T225813_20240621T225842_054428_069F67_E12F_COG.SAFE",
    "t": "2024-06-21T22:58:13+00:00",
    "sensor": "sentinel1-vv-cfar",
    "uncertainty_m": 7.6
   }
  },
  {
   "type": "Feature",
   "geometry": {
    "type": "Point",
    "coordinates": [
     -73.94746106761247,
     36.003110650755595
    ]
   },
   "properties": {
    "confidence": 0.349,
    "snr": 6.97,
    "peak_dn": 95.0,
    "background_dn": 33.1,
    "sigma_dn": 8.88,
    "pixels": 2,
    "length_m_approx": 14.1,
    "pixel": [
     19263.0,
     11244.5
    ],
    "scene": "S1A_IW_GRDH_1SDV_20240621T225813_20240621T225842_054428_069F67_E12F_COG.SAFE",
    "t": "2024-06-21T22:58:13+00:00",
    "sensor": "sentinel1-vv-cfar",
    "uncertainty_m": 7.6
   }
  },
  {
   "type": "Feature",
   "geometry": {
    "type": "Point",
    "coordinates": [
     -73.8329006148607,
     36.03978076452351
    ]
   },
   "properties": {
    "confidence": 0.343,
    "snr": 6.87,
    "peak_dn": 93.0,
    "background_dn": 30.9,
    "sigma_dn": 9.05,
    "pixels": 2,
    "length_m_approx": 14.1,
    "pixel": [
     20349.5,
     11471.0
    ],
    "scene": "S1A_IW_GRDH_1SDV_20240621T225813_20240621T225842_054428_069F67_E12F_COG.SAFE",
    "t": "2024-06-21T22:58:13+00:00",
    "sensor": "sentinel1-vv-cfar",
    "uncertainty_m": 7.6
   }
  },
  {
   "type": "Feature",
   "geometry": {
    "type": "Point",
    "coordinates": [
     -74.0412925807778,
     36.063830761658245
    ]
   },
   "properties": {
    "confidence": 0.341,
    "snr": 6.81,
    "peak_dn": 98.0,
    "background_dn": 34.5,
    "sigma_dn": 9.33,
    "pixels": 2,
    "length_m_approx": 14.1,
    "pixel": [
     18544.0,
     12039.5
    ],
    "scene": "S1A_IW_GRDH_1SDV_20240621T225813_20240621T225842_054428_069F67_E12F_COG.SAFE",
    "t": "2024-06-21T22:58:13+00:00",
    "sensor": "sentinel1-vv-cfar",
    "uncertainty_m": 7.6
   }
  },
  {
   "type": "Feature",
   "geometry": {
    "type": "Point",
    "coordinates": [
     -73.884790228058,
     36.09932143711733
    ]
   },
   "properties": {
    "confidence": 0.336,
    "snr": 6.73,
    "peak_dn": 86.0,
    "background_dn": 30.0,
    "sigma_dn": 8.33,
    "pixels": 2,
    "length_m_approx": 14.1,
    "pixel": [
     20000.0,
     12190.5
    ],
    "scene": "S1A_IW_GRDH_1SDV_20240621T225813_20240621T225842_054428_069F67_E12F_COG.SAFE",
    "t": "2024-06-21T22:58:13+00:00",
    "sensor": "sentinel1-vv-cfar",
    "uncertainty_m": 7.6
   }
  },
  {
   "type": "Feature",
   "geometry": {
    "type": "Point",
    "coordinates": [
     -73.87570958105549,
     36.00789021154232
    ]
   },
   "properties": {
    "confidence": 0.335,
    "snr": 6.7,
    "peak_dn": 99.0,
    "background_dn": 33.8,
    "sigma_dn": 9.73,
    "pixels": 2,
    "length_m_approx": 14.1,
    "pixel": [
     19909.5,
     11190.0
    ],
    "scene": "S1A_IW_GRDH_1SDV_20240621T225813_20240621T225842_054428_069F67_E12F_COG.SAFE",
    "t": "2024-06-21T22:58:13+00:00",
    "sensor": "sentinel1-vv-cfar",
    "uncertainty_m": 7.6
   }
  },
  {
   "type": "Feature",
   "geometry": {
    "type": "Point",
    "coordinates": [
     -73.81491785960827,
     36.00729659472482
    ]
   },
   "properties": {
    "confidence": 0.327,
    "snr": 6.55,
    "peak_dn": 98.0,
    "background_dn": 35.4,
    "sigma_dn": 9.57,
    "pixels": 3,
    "length_m_approx": 17.3,
    "pixel": [
     20448.7,
     11093.7
    ],
    "scene": "S1A_IW_GRDH_1SDV_20240621T225813_20240621T225842_054428_069F67_E12F_COG.SAFE",
    "t": "2024-06-21T22:58:13+00:00",
    "sensor": "sentinel1-vv-cfar",
    "uncertainty_m": 9.1
   }
  },
  {
   "type": "Feature",
   "geometry": {
    "type": "Point",
    "coordinates": [
     -73.91287052963438,
     36.00159512193652
    ]
   },
   "properties": {
    "confidence": 0.326,
    "snr": 6.52,
    "peak_dn": 95.0,
    "background_dn": 32.3,
    "sigma_dn": 9.62,
    "pixels": 2,
    "length_m_approx": 14.1,
    "pixel": [
     19567.5,
     11177.0
    ],
    "scene": "S1A_IW_GRDH_1SDV_20240621T225813_20240621T225842_054428_069F67_E12F_COG.SAFE",
    "t": "2024-06-21T22:58:13+00:00",
    "sensor": "sentinel1-vv-cfar",
    "uncertainty_m": 7.6
   }
  },
  {
   "type": "Feature",
   "geometry": {
    "type": "Point",
    "coordinates": [
     -73.84754146228724,
     36.025364635151334
    ]
   },
   "properties": {
    "confidence": 0.321,
    "snr": 6.43,
    "peak_dn": 89.0,
    "background_dn": 30.1,
    "sigma_dn": 9.16,
    "pixels": 2,
    "length_m_approx": 14.1,
    "pixel": [
     20192.5,
     11337.0
    ],
    "scene": "S1A_IW_GRDH_1SDV_20240621T225813_20240621T225842_054428_069F67_E12F_COG.SAFE",
    "t": "2024-06-21T22:58:13+00:00",
    "sensor": "sentinel1-vv-cfar",
    "uncertainty_m": 7.6
   }
  },
  {
   "type": "Feature",
   "geometry": {
    "type": "Point",
    "coordinates": [
     -73.8655371376108,
     36.011414198260624
    ]
   },
   "properties": {
    "confidence": 0.321,
    "snr": 6.42,
    "peak_dn": 98.0,
    "background_dn": 33.5,
    "sigma_dn": 10.04,
    "pixels": 2,
    "length_m_approx": 14.1,
    "pixel": [
     20006.5,
     11213.0
    ],
    "scene": "S1A_IW_GRDH_1SDV_20240621T225813_20240621T225842_054428_069F67_E12F_COG.SAFE",
    "t": "2024-06-21T22:58:13+00:00",
    "sensor": "sentinel1-vv-cfar",
    "uncertainty_m": 7.6
   }
  },
  {
   "type": "Feature",
   "geometry": {
    "type": "Point",
    "coordinates": [
     -73.96711038255057,
     36.01379169282294
    ]
   },
   "properties": {
    "confidence": 0.32,
    "snr": 6.41,
    "peak_dn": 96.0,
    "background_dn": 34.7,
    "sigma_dn": 9.56,
    "pixels": 2,
    "length_m_approx": 14.1,
    "pixel": [
     19108.5,
     11389.0
    ],
    "scene": "S1A_IW_GRDH_1SDV_20240621T225813_20240621T225842_054428_069F67_E12F_COG.SAFE",
    "t": "2024-06-21T22:58:13+00:00",
    "sensor": "sentinel1-vv-cfar",
    "uncertainty_m": 7.6
   }
  },
  {
   "type": "Feature",
   "geometry": {
    "type": "Point",
    "coordinates": [
     -73.91169784425584,
     36.03681906115996
    ]
   },
   "properties": {
    "confidence": 0.317,
    "snr": 6.34,
    "peak_dn": 92.0,
    "background_dn": 33.6,
    "sigma_dn": 9.22,
    "pixels": 2,
    "length_m_approx": 14.1,
    "pixel": [
     19644.0,
     11555.5
    ],
    "scene": "S1A_IW_GRDH_1SDV_20240621T225813_20240621T225842_054428_069F67_E12F_COG.SAFE",
    "t": "2024-06-21T22:58:13+00:00",
    "sensor": "sentinel1-vv-cfar",
    "uncertainty_m": 7.6
   }
  },
  {
   "type": "Feature",
   "geometry": {
    "type": "Point",
    "coordinates": [
     -73.9729542354662,
     36.00047328259819
    ]
   },
   "properties": {
    "confidence": 0.317,
    "snr": 6.33,
    "peak_dn": 98.0,
    "background_dn": 35.2,
    "sigma_dn": 9.92,
    "pixels": 2,
    "length_m_approx": 14.1,
    "pixel": [
     19031.5,
     11254.0
    ],
    "scene": "S1A_IW_GRDH_1SDV_20240621T225813_20240621T225842_054428_069F67_E12F_COG.SAFE",
    "t": "2024-06-21T22:58:13+00:00",
    "sensor": "sentinel1-vv-cfar",
    "uncertainty_m": 7.6
   }
  },
  {
   "type": "Feature",
   "geometry": {
    "type": "Point",
    "coordinates": [
     -73.83979758532345,
     36.04286453492831
    ]
   },
   "properties": {
    "confidence": 0.316,
    "snr": 6.32,
    "peak_dn": 93.0,
    "background_dn": 32.3,
    "sigma_dn": 9.6,
    "pixels": 2,
    "length_m_approx": 14.1,
    "pixel": [
     20294.0,
     11514.5
    ],
    "scene": "S1A_IW_GRDH_1SDV_20240621T225813_20240621T225842_054428_069F67_E12F_COG.SAFE",
    "t": "2024-06-21T22:58:13+00:00",
    "sensor": "sentinel1-vv-cfar",
    "uncertainty_m": 7.6
   }
  },
  {
   "type": "Feature",
   "geometry": {
    "type": "Point",
    "coordinates": [
     -73.84834896045031,
     36.049088422534524
    ]
   },
   "properties": {
    "confidence": 0.315,
    "snr": 6.29,
    "peak_dn": 94.0,
    "background_dn": 33.3,
    "sigma_dn": 9.65,
    "pixels": 3,
    "length_m_approx": 17.3,
    "pixel": [
     20229.7,
     11594.3
    ],
    "scene": "S1A_IW_GRDH_1SDV_20240621T225813_20240621T225842_054428_069F67_E12F_COG.SAFE",
    "t": "2024-06-21T22:58:13+00:00",
    "sensor": "sentinel1-vv-cfar",
    "uncertainty_m": 9.1
   }
  },
  {
   "type": "Feature",
   "geometry": {
    "type": "Point",
    "coordinates": [
     -73.83698820846082,
     36.072887208313546
    ]
   },
   "properties": {
    "confidence": 0.314,
    "snr": 6.28,
    "peak_dn": 78.0,
    "background_dn": 27.1,
    "sigma_dn": 8.1,
    "pixels": 2,
    "length_m_approx": 14.1,
    "pixel": [
     20375.0,
     11834.5
    ],
    "scene": "S1A_IW_GRDH_1SDV_20240621T225813_20240621T225842_054428_069F67_E12F_COG.SAFE",
    "t": "2024-06-21T22:58:13+00:00",
    "sensor": "sentinel1-vv-cfar",
    "uncertainty_m": 7.6
   }
  },
  {
   "type": "Feature",
   "geometry": {
    "type": "Point",
    "coordinates": [
     -73.89864451181994,
     36.02137581589235
    ]
   },
   "properties": {
    "confidence": 0.307,
    "snr": 6.14,
    "peak_dn": 86.0,
    "background_dn": 31.8,
    "sigma_dn": 8.83,
    "pixels": 2,
    "length_m_approx": 14.1,
    "pixel": [
     19731.0,
     11369.5
    ],
    "scene": "S1A_IW_GRDH_1SDV_20240621T225813_20240621T225842_054428_069F67_E12F_COG.SAFE",
    "t": "2024-06-21T22:58:13+00:00",
    "sensor": "sentinel1-vv-cfar",
    "uncertainty_m": 7.6
   }
  },
  {
   "type": "Feature",
   "geometry": {
    "type": "Point",
    "coordinates": [
     -74.00618148157723,
     36.0674281848956
    ]
   },
   "properties": {
    "confidence": 0.306,
    "snr": 6.11,
    "peak_dn": 76.0,
    "background_dn": 28.8,
    "sigma_dn": 7.73,
    "pixels": 2,
    "length_m_approx": 14.1,
    "pixel": [
     18862.5,
     12026.0
    ],
    "scene": "S1A_IW_GRDH_1SDV_20240621T225813_20240621T225842_054428_069F67_E12F_COG.SAFE",
    "t": "2024-06-21T22:58:13+00:00",
    "sensor": "sentinel1-vv-cfar",
    "uncertainty_m": 7.6
   }
  },
  {
   "type": "Feature",
   "geometry": {
    "type": "Point",
    "coordinates": [
     -73.75270289800216,
     36.06753218038796
    ]
   },
   "properties": {
    "confidence": 0.361,
    "snr": 7.23,
    "peak_dn": 102.0,
    "background_dn": 34.9,
    "sigma_dn": 9.29,
    "pixels": 2,
    "length_m_approx": 14.1,
    "pixel": [
     21113.5,
     11653.0
    ],
    "scene": "S1A_IW_GRDH_1SDV_20240621T225813_20240621T225842_054428_069F67_E12F_COG.SAFE",
    "t": "2024-06-21T22:58:13+00:00",
    "sensor": "sentinel1-vv-cfar",
    "uncertainty_m": 7.6
   }
  },
  {
   "type": "Feature",
   "geometry": {
    "type": "Point",
    "coordinates": [
     -73.81411446176708,
     36.05966410603259
    ]
   },
   "properties": {
    "confidence": 0.357,
    "snr": 7.13,
    "peak_dn": 70.0,
    "background_dn": 23.4,
    "sigma_dn": 6.54,
    "pixels": 2,
    "length_m_approx": 14.1,
    "pixel": [
     20553.5,
     11658.0
    ],
    "scene": "S1A_IW_GRDH_1SDV_20240621T225813_20240621T225842_054428_069F67_E12F_COG.SAFE",
    "t": "2024-06-21T22:58:13+00:00",
    "sensor": "sentinel1-vv-cfar",
    "uncertainty_m": 7.6
   }
  },
  {
   "type": "Feature",
   "geometry": {
    "type": "Point",
    "coordinates": [
     -73.7961332496226,
     36.07488007299082
    ]
   },
   "properties": {
    "confidence": 0.334,
    "snr": 6.68,
    "peak_dn": 86.0,
    "background_dn": 28.3,
    "sigma_dn": 8.64,
    "pixels": 2,
    "length_m_approx": 14.1,
    "pixel": [
     20741.5,
     11796.0
    ],
    "scene": "S1A_IW_GRDH_1SDV_20240621T225813_20240621T225842_054428_069F67_E12F_COG.SAFE",
    "t": "2024-06-21T22:58:13+00:00",
    "sensor": "sentinel1-vv-cfar",
    "uncertainty_m": 7.6
   }
  },
  {
   "type": "Feature",
   "geometry": {
    "type": "Point",
    "coordinates": [
     -73.77224871274814,
     36.07052798045484
    ]
   },
   "properties": {
    "confidence": 0.333,
    "snr": 6.65,
    "peak_dn": 95.0,
    "background_dn": 34.0,
    "sigma_dn": 9.17,
    "pixels": 2,
    "length_m_approx": 14.1,
    "pixel": [
     20945.5,
     11714.0
    ],
    "scene": "S1A_IW_GRDH_1SDV_20240621T225813_20240621T225842_054428_069F67_E12F_COG.SAFE",
    "t": "2024-06-21T22:58:13+00:00",
    "sensor": "sentinel1-vv-cfar",
    "uncertainty_m": 7.6
   }
  },
  {
   "type": "Feature",
   "geometry": {
    "type": "Point",
    "coordinates": [
     -73.810474594276,
     36.08177647748493
    ]
   },
   "properties": {
    "confidence": 0.332,
    "snr": 6.64,
    "peak_dn": 84.0,
    "background_dn": 28.3,
    "sigma_dn": 8.38,
    "pixels": 2,
    "length_m_approx": 14.1,
    "pixel": [
     20627.0,
     11891.5
    ],
    "scene": "S1A_IW_GRDH_1SDV_20240621T225813_20240621T225842_054428_069F67_E12F_COG.SAFE",
    "t": "2024-06-21T22:58:13+00:00",
    "sensor": "sentinel1-vv-cfar",
    "uncertainty_m": 7.6
   }
  },
  {
   "type": "Feature",
   "geometry": {
    "type": "Point",
    "coordinates": [
     -73.64707195900465,
     36.024867746240616
    ]
   },
   "properties": {
    "confidence": 0.327,
    "snr": 6.54,
    "peak_dn": 93.0,
    "background_dn": 33.2,
    "sigma_dn": 9.14,
    "pixels": 2,
    "length_m_approx": 14.1,
    "pixel": [
     21973.0,
     11037.5
    ],
    "scene": "S1A_IW_GRDH_1SDV_20240621T225813_20240621T225842_054428_069F67_E12F_COG.SAFE",
    "t": "2024-06-21T22:58:13+00:00",
    "sensor": "sentinel1-vv-cfar",
    "uncertainty_m": 7.6
   }
  },
  {
   "type": "Feature",
   "geometry": {
    "type": "Point",
    "coordinates": [
     -73.74518450506673,
     36.0810185537378
    ]
   },
   "properties": {
    "confidence": 0.313,
    "snr": 6.25,
    "peak_dn": 87.0,
    "background_dn": 33.1,
    "sigma_dn": 8.62,
    "pixels": 3,
    "length_m_approx": 17.3,
    "pixel": [
     21205.3,
     11787.7
    ],
    "scene": "S1A_IW_GRDH_1SDV_20240621T225813_20240621T225842_054428_069F67_E12F_COG.SAFE",
    "t": "2024-06-21T22:58:13+00:00",
    "sensor": "sentinel1-vv-cfar",
    "uncertainty_m": 9.1
   }
  },
  {
   "type": "Feature",
   "geometry": {
    "type": "Point",
    "coordinates": [
     -73.81496539375422,
     36.11568733409854
    ]
   },
   "properties": {
    "confidence": 0.312,
    "snr": 6.25,
    "peak_dn": 90.0,
    "background_dn": 34.0,
    "sigma_dn": 8.97,
    "pixels": 3,
    "length_m_approx": 17.3,
    "pixel": [
     20650.3,
     12264.3
    ],
    "scene": "S1A_IW_GRDH_1SDV_20240621T225813_20240621T225842_054428_069F67_E12F_COG.SAFE",
    "t": "2024-06-21T22:58:13+00:00",
    "sensor": "sentinel1-vv-cfar",
    "uncertainty_m": 9.1
   }
  },
  {
   "type": "Feature",
   "geometry": {
    "type": "Point",
    "coordinates": [
     -73.55474003293864,
     36.05599302263194
    ]
   },
   "properties": {
    "confidence": 0.501,
    "snr": 10.02,
    "peak_dn": 126.0,
    "background_dn": 34.2,
    "sigma_dn": 9.16,
    "pixels": 7,
    "length_m_approx": 26.5,
    "pixel": [
     22850.9,
     11239.6
    ],
    "scene": "S1A_IW_GRDH_1SDV_20240621T225813_20240621T225842_054428_069F67_E12F_COG.SAFE",
    "t": "2024-06-21T22:58:13+00:00",
    "sensor": "sentinel1-vv-cfar",
    "uncertainty_m": 13.5
   }
  },
  {
   "type": "Feature",
   "geometry": {
    "type": "Point",
    "coordinates": [
     -73.43418234035079,
     36.10360840304383
    ]
   },
   "properties": {
    "confidence": 0.388,
    "snr": 7.76,
    "peak_dn": 96.0,
    "background_dn": 31.7,
    "sigma_dn": 8.28,
    "pixels": 2,
    "length_m_approx": 14.1,
    "pixel": [
     24009.0,
     11580.5
    ],
    "scene": "S1A_IW_GRDH_1SDV_20240621T225813_20240621T225842_054428_069F67_E12F_COG.SAFE",
    "t": "2024-06-21T22:58:13+00:00",
    "sensor": "sentinel1-vv-cfar",
    "uncertainty_m": 7.6
   }
  },
  {
   "type": "Feature",
   "geometry": {
    "type": "Point",
    "coordinates": [
     -73.40522038683709,
     36.12251683964543
    ]
   },
   "properties": {
    "confidence": 0.338,
    "snr": 6.77,
    "peak_dn": 89.0,
    "background_dn": 32.7,
    "sigma_dn": 8.31,
    "pixels": 3,
    "length_m_approx": 17.3,
    "pixel": [
     24300.7,
     11743.3
    ],
    "scene": "S1A_IW_GRDH_1SDV_20240621T225813_20240621T225842_054428_069F67_E12F_COG.SAFE",
    "t": "2024-06-21T22:58:13+00:00",
    "sensor": "sentinel1-vv-cfar",
    "uncertainty_m": 9.1
   }
  },
  {
   "type": "Feature",
   "geometry": {
    "type": "Point",
    "coordinates": [
     -73.54650297236155,
     36.09219515791505
    ]
   },
   "properties": {
    "confidence": 0.331,
    "snr": 6.62,
    "peak_dn": 88.0,
    "background_dn": 32.4,
    "sigma_dn": 8.4,
    "pixels": 2,
    "length_m_approx": 14.1,
    "pixel": [
     22990.5,
     11619.0
    ],
    "scene": "S1A_IW_GRDH_1SDV_20240621T225813_20240621T225842_054428_069F67_E12F_COG.SAFE",
    "t": "2024-06-21T22:58:13+00:00",
    "sensor": "sentinel1-vv-cfar",
    "uncertainty_m": 7.6
   }
  },
  {
   "type": "Feature",
   "geometry": {
    "type": "Point",
    "coordinates": [
     -73.45468594496535,
     36.06860336854131
    ]
   },
   "properties": {
    "confidence": 0.327,
    "snr": 6.53,
    "peak_dn": 84.0,
    "background_dn": 31.3,
    "sigma_dn": 8.07,
    "pixels": 2,
    "length_m_approx": 14.1,
    "pixel": [
     23763.0,
     11231.5
    ],
    "scene": "S1A_IW_GRDH_1SDV_20240621T225813_20240621T225842_054428_069F67_E12F_COG.SAFE",
    "t": "2024-06-21T22:58:13+00:00",
    "sensor": "sentinel1-vv-cfar",
    "uncertainty_m": 7.6
   }
  },
  {
   "type": "Feature",
   "geometry": {
    "type": "Point",
    "coordinates": [
     -73.51698496664801,
     36.03560748069431
    ]
   },
   "properties": {
    "confidence": 0.316,
    "snr": 6.33,
    "peak_dn": 79.0,
    "background_dn": 30.1,
    "sigma_dn": 7.73,
    "pixels": 2,
    "length_m_approx": 14.1,
    "pixel": [
     23149.0,
     10964.5
    ],
    "scene": "S1A_IW_GRDH_1SDV_20240621T225813_20240621T225842_054428_069F67_E12F_COG.SAFE",
    "t": "2024-06-21T22:58:13+00:00",
    "sensor": "sentinel1-vv-cfar",
    "uncertainty_m": 7.6
   }
  },
  {
   "type": "Feature",
   "geometry": {
    "type": "Point",
    "coordinates": [
     -73.4700933043464,
     36.06937091529133
    ]
   },
   "properties": {
    "confidence": 0.316,
    "snr": 6.32,
    "peak_dn": 84.0,
    "background_dn": 32.0,
    "sigma_dn": 8.22,
    "pixels": 2,
    "length_m_approx": 14.1,
    "pixel": [
     23627.5,
     11262.0
    ],
    "scene": "S1A_IW_GRDH_1SDV_20240621T225813_20240621T225842_054428_069F67_E12F_COG.SAFE",
    "t": "2024-06-21T22:58:13+00:00",
    "sensor": "sentinel1-vv-cfar",
    "uncertainty_m": 7.6
   }
  },
  {
   "type": "Feature",
   "geometry": {
    "type": "Point",
    "coordinates": [
     -73.53103544817088,
     36.155854602888574
    ]
   },
   "properties": {
    "confidence": 0.316,
    "snr": 6.31,
    "peak_dn": 79.0,
    "background_dn": 30.6,
    "sigma_dn": 7.67,
    "pixels": 2,
    "length_m_approx": 14.1,
    "pixel": [
     23244.5,
     12285.0
    ],
    "scene": "S1A_IW_GRDH_1SDV_20240621T225813_20240621T225842_054428_069F67_E12F_COG.SAFE",
    "t": "2024-06-21T22:58:13+00:00",
    "sensor": "sentinel1-vv-cfar",
    "uncertainty_m": 7.6
   }
  },
  {
   "type": "Feature",
   "geometry": {
    "type": "Point",
    "coordinates": [
     -74.93965653170446,
     36.07779194089551
    ]
   },
   "properties": {
    "confidence": 0.418,
    "snr": 8.35,
    "peak_dn": 153.0,
    "background_dn": 46.8,
    "sigma_dn": 12.72,
    "pixels": 3,
    "length_m_approx": 17.3,
    "pixel": [
     10602.7,
     13561.3
    ],
    "scene": "S1A_IW_GRDH_1SDV_20240621T225813_20240621T225842_054428_069F67_E12F_COG.SAFE",
    "t": "2024-06-21T22:58:13+00:00",
    "sensor": "sentinel1-vv-cfar",
    "uncertainty_m": 9.1
   }
  },
  {
   "type": "Feature",
   "geometry": {
    "type": "Point",
    "coordinates": [
     -74.84605711199933,
     36.02477059449056
    ]
   },
   "properties": {
    "confidence": 0.354,
    "snr": 7.08,
    "peak_dn": 140.0,
    "background_dn": 48.8,
    "sigma_dn": 12.87,
    "pixels": 2,
    "length_m_approx": 14.1,
    "pixel": [
     11327.5,
     12845.0
    ],
    "scene": "S1A_IW_GRDH_1SDV_20240621T225813_20240621T225842_054428_069F67_E12F_COG.SAFE",
    "t": "2024-06-21T22:58:13+00:00",
    "sensor": "sentinel1-vv-cfar",
    "uncertainty_m": 7.6
   }
  },
  {
   "type": "Feature",
   "geometry": {
    "type": "Point",
    "coordinates": [
     -74.95957847887043,
     36.13936768602526
    ]
   },
   "properties": {
    "confidence": 0.35,
    "snr": 7.01,
    "peak_dn": 151.0,
    "background_dn": 55.0,
    "sigma_dn": 13.69,
    "pixels": 4,
    "length_m_approx": 20.0,
    "pixel": [
     10548.5,
     14254.5
    ],
    "scene": "S1A_IW_GRDH_1SDV_20240621T225813_20240621T225842_054428_069F67_E12F_COG.SAFE",
    "t": "2024-06-21T22:58:13+00:00",
    "sensor": "sentinel1-vv-cfar",
    "uncertainty_m": 10.4
   }
  },
  {
   "type": "Feature",
   "geometry": {
    "type": "Point",
    "coordinates": [
     -74.93344379506189,
     36.059274034255665
    ]
   },
   "properties": {
    "confidence": 0.325,
    "snr": 6.5,
    "peak_dn": 139.0,
    "background_dn": 48.1,
    "sigma_dn": 14.0,
    "pixels": 2,
    "length_m_approx": 14.1,
    "pixel": [
     10621.0,
     13352.5
    ],
    "scene": "S1A_IW_GRDH_1SDV_20240621T225813_20240621T225842_054428_069F67_E12F_COG.SAFE",
    "t": "2024-06-21T22:58:13+00:00",
    "sensor": "sentinel1-vv-cfar",
    "uncertainty_m": 7.6
   }
  },
  {
   "type": "Feature",
   "geometry": {
    "type": "Point",
    "coordinates": [
     -74.8910763783217,
     36.11531467130398
    ]
   },
   "properties": {
    "confidence": 0.323,
    "snr": 6.46,
    "peak_dn": 144.0,
    "background_dn": 50.1,
    "sigma_dn": 14.53,
    "pixels": 2,
    "length_m_approx": 14.1,
    "pixel": [
     11107.5,
     13889.0
    ],
    "scene": "S1A_IW_GRDH_1SDV_20240621T225813_20240621T225842_054428_069F67_E12F_COG.SAFE",
    "t": "2024-06-21T22:58:13+00:00",
    "sensor": "sentinel1-vv-cfar",
    "uncertainty_m": 7.6
   }
  },
  {
   "type": "Feature",
   "geometry": {
    "type": "Point",
    "coordinates": [
     -74.5499260581689,
     36.14766028149918
    ]
   },
   "properties": {
    "confidence": 0.382,
    "snr": 7.63,
    "peak_dn": 102.0,
    "background_dn": 32.3,
    "sigma_dn": 9.13,
    "pixels": 4,
    "length_m_approx": 20.0,
    "pixel": [
     14193.5,
     13710.5
    ],
    "scene": "S1A_IW_GRDH_1SDV_20240621T225813_20240621T225842_054428_069F67_E12F_COG.SAFE",
    "t": "2024-06-21T22:58:13+00:00",
    "sensor": "sentinel1-vv-cfar",
    "uncertainty_m": 10.4
   }
  },
  {
   "type": "Feature",
   "geometry": {
    "type": "Point",
    "coordinates": [
     -74.63359606191659,
     36.130166720154776
    ]
   },
   "properties": {
    "confidence": 0.357,
    "snr": 7.14,
    "peak_dn": 102.0,
    "background_dn": 34.3,
    "sigma_dn": 9.48,
    "pixels": 2,
    "length_m_approx": 14.1,
    "pixel": [
     13418.0,
     13650.5
    ],
    "scene": "S1A_IW_GRDH_1SDV_20240621T225813_20240621T225842_054428_069F67_E12F_COG.SAFE",
    "t": "2024-06-21T22:58:13+00:00",
    "sensor": "sentinel1-vv-cfar",
    "uncertainty_m": 7.6
   }
  },
  {
   "type": "Feature",
   "geometry": {
    "type": "Point",
    "coordinates": [
     -74.57683892585871,
     36.064223093513256
    ]
   },
   "properties": {
    "confidence": 0.349,
    "snr": 6.97,
    "peak_dn": 105.0,
    "background_dn": 34.1,
    "sigma_dn": 10.17,
    "pixels": 3,
    "length_m_approx": 17.3,
    "pixel": [
     13792.7,
     12853.4
    ],
    "scene": "S1A_IW_GRDH_1SDV_20240621T225813_20240621T225842_054428_069F67_E12F_COG.SAFE",
    "t": "2024-06-21T22:58:13+00:00",
    "sensor": "sentinel1-vv-cfar",
    "uncertainty_m": 9.1
   }
  },
  {
   "type": "Feature",
   "geometry": {
    "type": "Point",
    "coordinates": [
     -74.68191075940966,
     36.08063405734298
    ]
   },
   "properties": {
    "confidence": 0.338,
    "snr": 6.76,
    "peak_dn": 114.0,
    "background_dn": 36.4,
    "sigma_dn": 11.48,
    "pixels": 2,
    "length_m_approx": 14.1,
    "pixel": [
     12893.0,
     13191.5
    ],
    "scene": "S1A_IW_GRDH_1SDV_20240621T225813_20240621T225842_054428_069F67_E12F_COG.SAFE",
    "t": "2024-06-21T22:58:13+00:00",
    "sensor": "sentinel1-vv-cfar",
    "uncertainty_m": 7.6
   }
  },
  {
   "type": "Feature",
   "geometry": {
    "type": "Point",
    "coordinates": [
     -74.70736015051382,
     36.061832521420996
    ]
   },
   "properties": {
    "confidence": 0.328,
    "snr": 6.57,
    "peak_dn": 118.0,
    "background_dn": 42.7,
    "sigma_dn": 11.46,
    "pixels": 4,
    "length_m_approx": 20.0,
    "pixel": [
     12630.5,
     13028.5
    ],
    "scene": "S1A_IW_GRDH_1SDV_20240621T225813_20240621T225842_054428_069F67_E12F_COG.SAFE",
    "t": "2024-06-21T22:58:13+00:00",
    "sensor": "sentinel1-vv-cfar",
    "uncertainty_m": 10.4
   }
  },
  {
   "type": "Feature",
   "geometry": {
    "type": "Point",
    "coordinates": [
     -74.7236578353829,
     36.02416847018861
    ]
   },
   "properties": {
    "confidence": 0.328,
    "snr": 6.56,
    "peak_dn": 120.0,
    "background_dn": 43.3,
    "sigma_dn": 11.7,
    "pixels": 2,
    "length_m_approx": 14.1,
    "pixel": [
     12412.0,
     12648.5
    ],
    "scene": "S1A_IW_GRDH_1SDV_20240621T225813_20240621T225842_054428_069F67_E12F_COG.SAFE",
    "t": "2024-06-21T22:58:13+00:00",
    "sensor": "sentinel1-vv-cfar",
    "uncertainty_m": 7.6
   }
  },
  {
   "type": "Feature",
   "geometry": {
    "type": "Point",
    "coordinates": [
     -74.54095296087502,
     36.112626692055855
    ]
   },
   "properties": {
    "confidence": 0.312,
    "snr": 6.25,
    "peak_dn": 103.0,
    "background_dn": 37.3,
    "sigma_dn": 10.52,
    "pixels": 2,
    "length_m_approx": 14.1,
    "pixel": [
     14205.0,
     13319.5
    ],
    "scene": "S1A_IW_GRDH_1SDV_20240621T225813_20240621T225842_054428_069F67_E12F_COG.SAFE",
    "t": "2024-06-21T22:58:13+00:00",
    "sensor": "sentinel1-vv-cfar",
    "uncertainty_m": 7.6
   }
  },
  {
   "type": "Feature",
   "geometry": {
    "type": "Point",
    "coordinates": [
     -74.51872401095522,
     36.09404161997443
    ]
   },
   "properties": {
    "confidence": 0.393,
    "snr": 7.85,
    "peak_dn": 99.0,
    "background_dn": 31.3,
    "sigma_dn": 8.62,
    "pixels": 2,
    "length_m_approx": 14.1,
    "pixel": [
     14366.0,
     13085.5
    ],
    "scene": "S1A_IW_GRDH_1SDV_20240621T225813_20240621T225842_054428_069F67_E12F_COG.SAFE",
    "t": "2024-06-21T22:58:13+00:00",
    "sensor": "sentinel1-vv-cfar",
    "uncertainty_m": 7.6
   }
  },
  {
   "type": "Feature",
   "geometry": {
    "type": "Point",
    "coordinates": [
     -74.510111874469,
     36.0972134709272
    ]
   },
   "properties": {
    "confidence": 0.358,
    "snr": 7.17,
    "peak_dn": 86.0,
    "background_dn": 29.1,
    "sigma_dn": 7.94,
    "pixels": 4,
    "length_m_approx": 20.0,
    "pixel": [
     14448.5,
     13106.5
    ],
    "scene": "S1A_IW_GRDH_1SDV_20240621T225813_20240621T225842_054428_069F67_E12F_COG.SAFE",
    "t": "2024-06-21T22:58:13+00:00",
    "sensor": "sentinel1-vv-cfar",
    "uncertainty_m": 10.4
   }
  },
  {
   "type": "Feature",
   "geometry": {
    "type": "Point",
    "coordinates": [
     -74.37117673156666,
     36.06185019265841
    ]
   },
   "properties": {
    "confidence": 0.33,
    "snr": 6.61,
    "peak_dn": 115.0,
    "background_dn": 43.7,
    "sigma_dn": 10.79,
    "pixels": 2,
    "length_m_approx": 14.1,
    "pixel": [
     15612.5,
     12514.0
    ],
    "scene": "S1A_IW_GRDH_1SDV_20240621T225813_20240621T225842_054428_069F67_E12F_COG.SAFE",
    "t": "2024-06-21T22:58:13+00:00",
    "sensor": "sentinel1-vv-cfar",
    "uncertainty_m": 7.6
   }
  },
  {
   "type": "Feature",
   "geometry": {
    "type": "Point",
    "coordinates": [
     -74.50969722263885,
     36.09866535951275
    ]
   },
   "properties": {
    "confidence": 0.31,
    "snr": 6.19,
    "peak_dn": 81.0,
    "background_dn": 29.4,
    "sigma_dn": 8.33,
    "pixels": 2,
    "length_m_approx": 14.1,
    "pixel": [
     14455.0,
     13121.5
    ],
    "scene": "S1A_IW_GRDH_1SDV_20240621T225813_20240621T225842_054428_069F67_E12F_COG.SAFE",
    "t": "2024-06-21T22:58:13+00:00",
    "sensor": "sentinel1-vv-cfar",
    "uncertainty_m": 7.6
   }
  },
  {
   "type": "Feature",
   "geometry": {
    "type": "Point",
    "coordinates": [
     -74.28780190558082,
     36.15443680773944
    ]
   },
   "properties": {
    "confidence": 0.364,
    "snr": 7.27,
    "peak_dn": 121.0,
    "background_dn": 43.9,
    "sigma_dn": 10.6,
    "pixels": 5,
    "length_m_approx": 22.4,
    "pixel": [
     16529.6,
     13385.8
    ],
    "scene": "S1A_IW_GRDH_1SDV_20240621T225813_20240621T225842_054428_069F67_E12F_COG.SAFE",
    "t": "2024-06-21T22:58:13+00:00",
    "sensor": "sentinel1-vv-cfar",
    "uncertainty_m": 11.5
   }
  },
  {
   "type": "Feature",
   "geometry": {
    "type": "Point",
    "coordinates": [
     -74.12223219817542,
     36.09487633101282
    ]
   },
   "properties": {
    "confidence": 0.337,
    "snr": 6.74,
    "peak_dn": 114.0,
    "background_dn": 40.5,
    "sigma_dn": 10.9,
    "pixels": 2,
    "length_m_approx": 14.1,
    "pixel": [
     17884.5,
     12495.0
    ],
    "scene": "S1A_IW_GRDH_1SDV_20240621T225813_20240621T225842_054428_069F67_E12F_COG.SAFE",
    "t": "2024-06-21T22:58:13+00:00",
    "sensor": "sentinel1-vv-cfar",
    "uncertainty_m": 7.6
   }
  },
  {
   "type": "Feature",
   "geometry": {
    "type": "Point",
    "coordinates": [
     -74.11974743232332,
     36.148385674786525
    ]
   },
   "properties": {
    "confidence": 0.323,
    "snr": 6.47,
    "peak_dn": 96.0,
    "background_dn": 35.2,
    "sigma_dn": 9.4,
    "pixels": 2,
    "length_m_approx": 14.1,
    "pixel": [
     18008.0,
     13068.5
    ],
    "scene": "S1A_IW_GRDH_1SDV_20240621T225813_20240621T225842_054428_069F67_E12F_COG.SAFE",
    "t": "2024-06-21T22:58:13+00:00",
    "sensor": "sentinel1-vv-cfar",
    "uncertainty_m": 7.6
   }
  },
  {
   "type": "Feature",
   "geometry": {
    "type": "Point",
    "coordinates": [
     -74.1222968861997,
     36.16902779842924
    ]
   },
   "properties": {
    "confidence": 0.314,
    "snr": 6.28,
    "peak_dn": 94.0,
    "background_dn": 35.8,
    "sigma_dn": 9.27,
    "pixels": 2,
    "length_m_approx": 14.1,
    "pixel": [
     18024.5,
     13295.0
    ],
    "scene": "S1A_IW_GRDH_1SDV_20240621T225813_20240621T225842_054428_069F67_E12F_COG.SAFE",
    "t": "2024-06-21T22:58:13+00:00",
    "sensor": "sentinel1-vv-cfar",
    "uncertainty_m": 7.6
   }
  },
  {
   "type": "Feature",
   "geometry": {
    "type": "Point",
    "coordinates": [
     -74.22890338713344,
     36.20499189234223
    ]
   },
   "properties": {
    "confidence": 0.306,
    "snr": 6.13,
    "peak_dn": 106.0,
    "background_dn": 42.5,
    "sigma_dn": 10.36,
    "pixels": 2,
    "length_m_approx": 14.1,
    "pixel": [
     17148.0,
     13842.5
    ],
    "scene": "S1A_IW_GRDH_1SDV_20240621T225813_20240621T225842_054428_069F67_E12F_COG.SAFE",
    "t": "2024-06-21T22:58:13+00:00",
    "sensor": "sentinel1-vv-cfar",
    "uncertainty_m": 7.6
   }
  },
  {
   "type": "Feature",
   "geometry": {
    "type": "Point",
    "coordinates": [
     -73.92718660717381,
     36.2423529873842
    ]
   },
   "properties": {
    "confidence": 0.417,
    "snr": 8.33,
    "peak_dn": 111.0,
    "background_dn": 33.9,
    "sigma_dn": 9.26,
    "pixels": 3,
    "length_m_approx": 17.3,
    "pixel": [
     19891.7,
     13797.3
    ],
    "scene": "S1A_IW_GRDH_1SDV_20240621T225813_20240621T225842_054428_069F67_E12F_COG.SAFE",
    "t": "2024-06-21T22:58:13+00:00",
    "sensor": "sentinel1-vv-cfar",
    "uncertainty_m": 9.1
   }
  },
  {
   "type": "Feature",
   "geometry": {
    "type": "Point",
    "coordinates": [
     -73.91598573914354,
     36.14903923040744
    ]
   },
   "properties": {
    "confidence": 0.384,
    "snr": 7.69,
    "peak_dn": 98.0,
    "background_dn": 30.5,
    "sigma_dn": 8.78,
    "pixels": 3,
    "length_m_approx": 17.3,
    "pixel": [
     19816.3,
     12773.3
    ],
    "scene": "S1A_IW_GRDH_1SDV_20240621T225813_20240621T225842_054428_069F67_E12F_COG.SAFE",
    "t": "2024-06-21T22:58:13+00:00",
    "sensor": "sentinel1-vv-cfar",
    "uncertainty_m": 9.1
   }
  },
  {
   "type": "Feature",
   "geometry": {
    "type": "Point",
    "coordinates": [
     -73.87072103711017,
     36.28818058605483
    ]
   },
   "properties": {
    "confidence": 0.37,
    "snr": 7.4,
    "peak_dn": 87.0,
    "background_dn": 29.2,
    "sigma_dn": 7.8,
    "pixels": 2,
    "length_m_approx": 14.1,
    "pixel": [
     20477.5,
     14209.0
    ],
    "scene": "S1A_IW_GRDH_1SDV_20240621T225813_20240621T225842_054428_069F67_E12F_COG.SAFE",
    "t": "2024-06-21T22:58:13+00:00",
    "sensor": "sentinel1-vv-cfar",
    "uncertainty_m": 7.6
   }
  },
  {
   "type": "Feature",
   "geometry": {
    "type": "Point",
    "coordinates": [
     -73.90573690711182,
     36.14821754004951
    ]
   },
   "properties": {
    "confidence": 0.368,
    "snr": 7.36,
    "peak_dn": 98.0,
    "background_dn": 30.9,
    "sigma_dn": 9.11,
    "pixels": 3,
    "length_m_approx": 17.3,
    "pixel": [
     19905.7,
     12749.3
    ],
    "scene": "S1A_IW_GRDH_1SDV_20240621T225813_20240621T225842_054428_069F67_E12F_COG.SAFE",
    "t": "2024-06-21T22:58:13+00:00",
    "sensor": "sentinel1-vv-cfar",
    "uncertainty_m": 9.1
   }
  },
  {
   "type": "Feature",
   "geometry": {
    "type": "Point",
    "coordinates": [
     -73.8720658255198,
     36.22970097847682
    ]
   },
   "properties": {
    "confidence": 0.365,
    "snr": 7.29,
    "peak_dn": 99.0,
    "background_dn": 33.0,
    "sigma_dn": 9.05,
    "pixels": 4,
    "length_m_approx": 20.0,
    "pixel": [
     20356.5,
     13579.5
    ],
    "scene": "S1A_IW_GRDH_1SDV_20240621T225813_20240621T225842_054428_069F67_E12F_COG.SAFE",
    "t": "2024-06-21T22:58:13+00:00",
    "sensor": "sentinel1-vv-cfar",
    "uncertainty_m": 10.4
   }
  },
  {
   "type": "Feature",
   "geometry": {
    "type": "Point",
    "coordinates": [
     -74.04123866588216,
     36.18566292312349
    ]
   },
   "properties": {
    "confidence": 0.364,
    "snr": 7.27,
    "peak_dn": 115.0,
    "background_dn": 37.8,
    "sigma_dn": 10.61,
    "pixels": 2,
    "length_m_approx": 14.1,
    "pixel": [
     18774.5,
     13354.0
    ],
    "scene": "S1A_IW_GRDH_1SDV_20240621T225813_20240621T225842_054428_069F67_E12F_COG.SAFE",
    "t": "2024-06-21T22:58:13+00:00",
    "sensor": "sentinel1-vv-cfar",
    "uncertainty_m": 7.6
   }
  },
  {
   "type": "Feature",
   "geometry": {
    "type": "Point",
    "coordinates": [
     -73.94783739698676,
     36.149147337199885
    ]
   },
   "properties": {
    "confidence": 0.363,
    "snr": 7.26,
    "peak_dn": 94.0,
    "background_dn": 31.7,
    "sigma_dn": 8.58,
    "pixels": 2,
    "length_m_approx": 14.1,
    "pixel": [
     19534.0,
     12821.5
    ],
    "scene": "S1A_IW_GRDH_1SDV_20240621T225813_20240621T225842_054428_069F67_E12F_COG.SAFE",
    "t": "2024-06-21T22:58:13+00:00",
    "sensor": "sentinel1-vv-cfar",
    "uncertainty_m": 7.6
   }
  },
  {
   "type": "Feature",
   "geometry": {
    "type": "Point",
    "coordinates": [
     -74.03025405441639,
     36.22637420192974
    ]
   },
   "properties": {
    "confidence": 0.358,
    "snr": 7.15,
    "peak_dn": 98.0,
    "background_dn": 32.2,
    "sigma_dn": 9.2,
    "pixels": 2,
    "length_m_approx": 14.1,
    "pixel": [
     18948.5,
     13777.0
    ],
    "scene": "S1A_IW_GRDH_1SDV_20240621T225813_20240621T225842_054428_069F67_E12F_COG.SAFE",
    "t": "2024-06-21T22:58:13+00:00",
    "sensor": "sentinel1-vv-cfar",
    "uncertainty_m": 7.6
   }
  },
  {
   "type": "Feature",
   "geometry": {
    "type": "Point",
    "coordinates": [
     -73.96048831101562,
     36.20253817997876
    ]
   },
   "properties": {
    "confidence": 0.355,
    "snr": 7.09,
    "peak_dn": 96.0,
    "background_dn": 31.8,
    "sigma_dn": 9.05,
    "pixels": 2,
    "length_m_approx": 14.1,
    "pixel": [
     19522.0,
     13416.5
    ],
    "scene": "S1A_IW_GRDH_1SDV_20240621T225813_20240621T225842_054428_069F67_E12F_COG.SAFE",
    "t": "2024-06-21T22:58:13+00:00",
    "sensor": "sentinel1-vv-cfar",
    "uncertainty_m": 7.6
   }
  },
  {
   "type": "Feature",
   "geometry": {
    "type": "Point",
    "coordinates": [
     -74.04222653029902,
     36.15488314262802
    ]
   },
   "properties": {
    "confidence": 0.353,
    "snr": 7.07,
    "peak_dn": 103.0,
    "background_dn": 34.3,
    "sigma_dn": 9.71,
    "pixels": 3,
    "length_m_approx": 17.3,
    "pixel": [
     18707.7,
     13023.3
    ],
    "scene": "S1A_IW_GRDH_1SDV_20240621T225813_20240621T225842_054428_069F67_E12F_COG.SAFE",
    "t": "2024-06-21T22:58:13+00:00",
    "sensor": "sentinel1-vv-cfar",
    "uncertainty_m": 9.1
   }
  },
  {
   "type": "Feature",
   "geometry": {
    "type": "Point",
    "coordinates": [
     -73.96250623152427,
     36.1369552209926
    ]
   },
   "properties": {
    "confidence": 0.352,
    "snr": 7.05,
    "peak_dn": 88.0,
    "background_dn": 29.7,
    "sigma_dn": 8.27,
    "pixels": 2,
    "length_m_approx": 14.1,
    "pixel": [
     19381.0,
     12711.5
    ],
    "scene": "S1A_IW_GRDH_1SDV_20240621T225813_20240621T225842_054428_069F67_E12F_COG.SAFE",
    "t": "2024-06-21T22:58:13+00:00",
    "sensor": "sentinel1-vv-cfar",
    "uncertainty_m": 7.6
   }
  },
  {
   "type": "Feature",
   "geometry": {
    "type": "Point",
    "coordinates": [
     -73.99408620343553,
     36.198692115817
    ]
   },
   "properties": {
    "confidence": 0.339,
    "snr": 6.77,
    "peak_dn": 97.0,
    "background_dn": 34.2,
    "sigma_dn": 9.28,
    "pixels": 2,
    "length_m_approx": 14.1,
    "pixel": [
     19217.0,
     13424.5
    ],
    "scene": "S1A_IW_GRDH_1SDV_20240621T225813_20240621T225842_054428_069F67_E12F_COG.SAFE",
    "t": "2024-06-21T22:58:13+00:00",
    "sensor": "sentinel1-vv-cfar",
    "uncertainty_m": 7.6
   }
  },
  {
   "type": "Feature",
   "geometry": {
    "type": "Point",
    "coordinates": [
     -74.00351165621372,
     36.184373744167594
    ]
   },
   "properties": {
    "confidence": 0.336,
    "snr": 6.72,
    "peak_dn": 86.0,
    "background_dn": 31.2,
    "sigma_dn": 8.15,
    "pixels": 2,
    "length_m_approx": 14.1,
    "pixel": [
     19106.5,
     13284.0
    ],
    "scene": "S1A_IW_GRDH_1SDV_20240621T225813_20240621T225842_054428_069F67_E12F_COG.SAFE",
    "t": "2024-06-21T22:58:13+00:00",
    "sensor": "sentinel1-vv-cfar",
    "uncertainty_m": 7.6
   }
  },
  {
   "type": "Feature",
   "geometry": {
    "type": "Point",
    "coordinates": [
     -73.97837807761428,
     36.10573833810379
    ]
   },
   "properties": {
    "confidence": 0.329,
    "snr": 6.57,
    "peak_dn": 86.0,
    "background_dn": 31.1,
    "sigma_dn": 8.36,
    "pixels": 2,
    "length_m_approx": 14.1,
    "pixel": [
     19181.5,
     12398.0
    ],
    "scene": "S1A_IW_GRDH_1SDV_20240621T225813_20240621T225842_054428_069F67_E12F_COG.SAFE",
    "t": "2024-06-21T22:58:13+00:00",
    "sensor": "sentinel1-vv-cfar",
    "uncertainty_m": 7.6
   }
  },
  {
   "type": "Feature",
   "geometry": {
    "type": "Point",
    "coordinates": [
     -74.0096957646888,
     36.27919123073299
    ]
   },
   "properties": {
    "confidence": 0.32,
    "snr": 6.39,
    "peak_dn": 97.0,
    "background_dn": 36.1,
    "sigma_dn": 9.53,
    "pixels": 2,
    "length_m_approx": 14.1,
    "pixel": [
     19230.0,
     14316.5
    ],
    "scene": "S1A_IW_GRDH_1SDV_20240621T225813_20240621T225842_054428_069F67_E12F_COG.SAFE",
    "t": "2024-06-21T22:58:13+00:00",
    "sensor": "sentinel1-vv-cfar",
    "uncertainty_m": 7.6
   }
  },
  {
   "type": "Feature",
   "geometry": {
    "type": "Point",
    "coordinates": [
     -73.93208492260703,
     36.156766280744804
    ]
   },
   "properties": {
    "confidence": 0.313,
    "snr": 6.26,
    "peak_dn": 76.0,
    "background_dn": 27.5,
    "sigma_dn": 7.74,
    "pixels": 2,
    "length_m_approx": 14.1,
    "pixel": [
     19688.0,
     12880.5
    ],
    "scene": "S1A_IW_GRDH_1SDV_20240621T225813_20240621T225842_054428_069F67_E12F_COG.SAFE",
    "t": "2024-06-21T22:58:13+00:00",
    "sensor": "sentinel1-vv-cfar",
    "uncertainty_m": 7.6
   }
  },
  {
   "type": "Feature",
   "geometry": {
    "type": "Point",
    "coordinates": [
     -74.05289579463275,
     36.1951317190268
    ]
   },
   "properties": {
    "confidence": 0.311,
    "snr": 6.22,
    "peak_dn": 90.0,
    "background_dn": 31.9,
    "sigma_dn": 9.35,
    "pixels": 2,
    "length_m_approx": 14.1,
    "pixel": [
     18689.0,
     13473.5
    ],
    "scene": "S1A_IW_GRDH_1SDV_20240621T225813_20240621T225842_054428_069F67_E12F_COG.SAFE",
    "t": "2024-06-21T22:58:13+00:00",
    "sensor": "sentinel1-vv-cfar",
    "uncertainty_m": 7.6
   }
  },
  {
   "type": "Feature",
   "geometry": {
    "type": "Point",
    "coordinates": [
     -73.62044307106122,
     36.19349142800708
    ]
   },
   "properties": {
    "confidence": 0.417,
    "snr": 8.34,
    "peak_dn": 99.0,
    "background_dn": 31.6,
    "sigma_dn": 8.08,
    "pixels": 3,
    "length_m_approx": 17.3,
    "pixel": [
     22520.3,
     12821.3
    ],
    "scene": "S1A_IW_GRDH_1SDV_20240621T225813_20240621T225842_054428_069F67_E12F_COG.SAFE",
    "t": "2024-06-21T22:58:13+00:00",
    "sensor": "sentinel1-vv-cfar",
    "uncertainty_m": 9.1
   }
  },
  {
   "type": "Feature",
   "geometry": {
    "type": "Point",
    "coordinates": [
     -73.68945955340057,
     36.18219478492347
    ]
   },
   "properties": {
    "confidence": 0.381,
    "snr": 7.63,
    "peak_dn": 108.0,
    "background_dn": 35.2,
    "sigma_dn": 9.54,
    "pixels": 3,
    "length_m_approx": 17.3,
    "pixel": [
     21887.3,
     12799.3
    ],
    "scene": "S1A_IW_GRDH_1SDV_20240621T225813_20240621T225842_054428_069F67_E12F_COG.SAFE",
    "t": "2024-06-21T22:58:13+00:00",
    "sensor": "sentinel1-vv-cfar",
    "uncertainty_m": 9.1
   }
  },
  {
   "type": "Feature",
   "geometry": {
    "type": "Point",
    "coordinates": [
     -73.83399793494618,
     36.13813735148284
    ]
   },
   "properties": {
    "confidence": 0.372,
    "snr": 7.44,
    "peak_dn": 97.0,
    "background_dn": 33.5,
    "sigma_dn": 8.53,
    "pixels": 3,
    "length_m_approx": 17.3,
    "pixel": [
     20523.3,
     12534.7
    ],
    "scene": "S1A_IW_GRDH_1SDV_20240621T225813_20240621T225842_054428_069F67_E12F_COG.SAFE",
    "t": "2024-06-21T22:58:13+00:00",
    "sensor": "sentinel1-vv-cfar",
    "uncertainty_m": 9.1
   }
  },
  {
   "type": "Feature",
   "geometry": {
    "type": "Point",
    "coordinates": [
     -73.70266347628409,
     36.285227424193806
    ]
   },
   "properties": {
    "confidence": 0.364,
    "snr": 7.28,
    "peak_dn": 99.0,
    "background_dn": 34.0,
    "sigma_dn": 8.93,
    "pixels": 2,
    "length_m_approx": 14.1,
    "pixel": [
     21960.5,
     13932.0
    ],
    "scene": "S1A_IW_GRDH_1SDV_20240621T225813_20240621T225842_054428_069F67_E12F_COG.SAFE",
    "t": "2024-06-21T22:58:13+00:00",
    "sensor": "sentinel1-vv-cfar",
    "uncertainty_m": 7.6
   }
  },
  {
   "type": "Feature",
   "geometry": {
    "type": "Point",
    "coordinates": [
     -73.72615762392375,
     36.163931550945705
    ]
   },
   "properties": {
    "confidence": 0.337,
    "snr": 6.75,
    "peak_dn": 87.0,
    "background_dn": 31.2,
    "sigma_dn": 8.27,
    "pixels": 2,
    "length_m_approx": 14.1,
    "pixel": [
     21528.0,
     12655.5
    ],
    "scene": "S1A_IW_GRDH_1SDV_20240621T225813_20240621T225842_054428_069F67_E12F_COG.SAFE",
    "t": "2024-06-21T22:58:13+00:00",
    "sensor": "sentinel1-vv-cfar",
    "uncertainty_m": 7.6
   }
  },
  {
   "type": "Feature",
   "geometry": {
    "type": "Point",
    "coordinates": [
     -73.6850455324296,
     36.194925977661164
    ]
   },
   "properties": {
    "confidence": 0.33,
    "snr": 6.59,
    "peak_dn": 96.0,
    "background_dn": 35.3,
    "sigma_dn": 9.21,
    "pixels": 2,
    "length_m_approx": 14.1,
    "pixel": [
     21950.0,
     12930.5
    ],
    "scene": "S1A_IW_GRDH_1SDV_20240621T225813_20240621T225842_054428_069F67_E12F_COG.SAFE",
    "t": "2024-06-21T22:58:13+00:00",
    "sensor": "sentinel1-vv-cfar",
    "uncertainty_m": 7.6
   }
  },
  {
   "type": "Feature",
   "geometry": {
    "type": "Point",
    "coordinates": [
     -73.80420297399085,
     36.24560946644228
    ]
   },
   "properties": {
    "confidence": 0.317,
    "snr": 6.33,
    "peak_dn": 84.0,
    "background_dn": 28.8,
    "sigma_dn": 8.71,
    "pixels": 2,
    "length_m_approx": 14.1,
    "pixel": [
     20987.5,
     13652.0
    ],
    "scene": "S1A_IW_GRDH_1SDV_20240621T225813_20240621T225842_054428_069F67_E12F_COG.SAFE",
    "t": "2024-06-21T22:58:13+00:00",
    "sensor": "sentinel1-vv-cfar",
    "uncertainty_m": 7.6
   }
  },
  {
   "type": "Feature",
   "geometry": {
    "type": "Point",
    "coordinates": [
     -73.70494384490213,
     36.17814110412507
    ]
   },
   "properties": {
    "confidence": 0.314,
    "snr": 6.27,
    "peak_dn": 98.0,
    "background_dn": 36.4,
    "sigma_dn": 9.82,
    "pixels": 2,
    "length_m_approx": 14.1,
    "pixel": [
     21742.5,
     12778.0
    ],
    "scene": "S1A_IW_GRDH_1SDV_20240621T225813_20240621T225842_054428_069F67_E12F_COG.SAFE",
    "t": "2024-06-21T22:58:13+00:00",
    "sensor": "sentinel1-vv-cfar",
    "uncertainty_m": 7.6
   }
  },
  {
   "type": "Feature",
   "geometry": {
    "type": "Point",
    "coordinates": [
     -73.71841933191087,
     36.2165323436485
    ]
   },
   "properties": {
    "confidence": 0.306,
    "snr": 6.12,
    "peak_dn": 88.0,
    "background_dn": 32.7,
    "sigma_dn": 9.04,
    "pixels": 2,
    "length_m_approx": 14.1,
    "pixel": [
     21694.0,
     13212.5
    ],
    "scene": "S1A_IW_GRDH_1SDV_20240621T225813_20240621T225842_054428_069F67_E12F_COG.SAFE",
    "t": "2024-06-21T22:58:13+00:00",
    "sensor": "sentinel1-vv-cfar",
    "uncertainty_m": 7.6
   }
  },
  {
   "type": "Feature",
   "geometry": {
    "type": "Point",
    "coordinates": [
     -73.60429088066297,
     36.29502526745505
    ]
   },
   "properties": {
    "confidence": 0.349,
    "snr": 6.99,
    "peak_dn": 90.0,
    "background_dn": 32.2,
    "sigma_dn": 8.27,
    "pixels": 2,
    "length_m_approx": 14.1,
    "pixel": [
     22850.0,
     13895.5
    ],
    "scene": "S1A_IW_GRDH_1SDV_20240621T225813_20240621T225842_054428_069F67_E12F_COG.SAFE",
    "t": "2024-06-21T22:58:13+00:00",
    "sensor": "sentinel1-vv-cfar",
    "uncertainty_m": 7.6
   }
  },
  {
   "type": "Feature",
   "geometry": {
    "type": "Point",
    "coordinates": [
     -73.36824291990497,
     36.323743446293044
    ]
   },
   "properties": {
    "confidence": 0.309,
    "snr": 6.18,
    "peak_dn": 90.0,
    "background_dn": 36.5,
    "sigma_dn": 8.66,
    "pixels": 2,
    "length_m_approx": 14.1,
    "pixel": [
     24993.5,
     13868.0
    ],
    "scene": "S1A_IW_GRDH_1SDV_20240621T225813_20240621T225842_054428_069F67_E12F_COG.SAFE",
    "t": "2024-06-21T22:58:13+00:00",
    "sensor": "sentinel1-vv-cfar",
    "uncertainty_m": 7.6
   }
  },
  {
   "type": "Feature",
   "geometry": {
    "type": "Point",
    "coordinates": [
     -75.04323438590673,
     36.31642218486675
    ]
   },
   "properties": {
    "confidence": 0.355,
    "snr": 7.09,
    "peak_dn": 138.0,
    "background_dn": 46.8,
    "sigma_dn": 12.86,
    "pixels": 3,
    "length_m_approx": 17.3,
    "pixel": [
     10160.7,
     16288.7
    ],
    "scene": "S1A_IW_GRDH_1SDV_20240621T225813_20240621T225842_054428_069F67_E12F_COG.SAFE",
    "t": "2024-06-21T22:58:13+00:00",
    "sensor": "sentinel1-vv-cfar",
    "uncertainty_m": 9.1
   }
  },
  {
   "type": "Feature",
   "geometry": {
    "type": "Point",
    "coordinates": [
     -75.0426997212378,
     36.31973892610785
    ]
   },
   "properties": {
    "confidence": 0.323,
    "snr": 6.46,
    "peak_dn": 128.0,
    "background_dn": 46.6,
    "sigma_dn": 12.59,
    "pixels": 2,
    "length_m_approx": 14.1,
    "pixel": [
     10172.0,
     16323.5
    ],
    "scene": "S1A_IW_GRDH_1SDV_20240621T225813_20240621T225842_054428_069F67_E12F_COG.SAFE",
    "t": "2024-06-21T22:58:13+00:00",
    "sensor": "sentinel1-vv-cfar",
    "uncertainty_m": 7.6
   }
  },
  {
   "type": "Feature",
   "geometry": {
    "type": "Point",
    "coordinates": [
     -75.03731647462942,
     36.27098779442413
    ]
   },
   "properties": {
    "confidence": 0.312,
    "snr": 6.25,
    "peak_dn": 124.0,
    "background_dn": 48.0,
    "sigma_dn": 12.16,
    "pixels": 2,
    "length_m_approx": 14.1,
    "pixel": [
     10122.5,
     15791.0
    ],
    "scene": "S1A_IW_GRDH_1SDV_20240621T225813_20240621T225842_054428_069F67_E12F_COG.SAFE",
    "t": "2024-06-21T22:58:13+00:00",
    "sensor": "sentinel1-vv-cfar",
    "uncertainty_m": 7.6
   }
  },
  {
   "type": "Feature",
   "geometry": {
    "type": "Point",
    "coordinates": [
     -74.8210157019558,
     36.175319330946664
    ]
   },
   "properties": {
    "confidence": 0.419,
    "snr": 8.38,
    "peak_dn": 140.0,
    "background_dn": 42.1,
    "sigma_dn": 11.69,
    "pixels": 4,
    "length_m_approx": 20.0,
    "pixel": [
     11846.5,
     14425.5
    ],
    "scene": "S1A_IW_GRDH_1SDV_20240621T225813_20240621T225842_054428_069F67_E12F_COG.SAFE",
    "t": "2024-06-21T22:58:13+00:00",
    "sensor": "sentinel1-vv-cfar",
    "uncertainty_m": 10.4
   }
  },
  {
   "type": "Feature",
   "geometry": {
    "type": "Point",
    "coordinates": [
     -74.98914409930747,
     36.31968313555474
    ]
   },
   "properties": {
    "confidence": 0.349,
    "snr": 6.99,
    "peak_dn": 133.0,
    "background_dn": 45.9,
    "sigma_dn": 12.48,
    "pixels": 2,
    "length_m_approx": 14.1,
    "pixel": [
     10645.0,
     16239.5
    ],
    "scene": "S1A_IW_GRDH_1SDV_20240621T225813_20240621T225842_054428_069F67_E12F_COG.SAFE",
    "t": "2024-06-21T22:58:13+00:00",
    "sensor": "sentinel1-vv-cfar",
    "uncertainty_m": 7.6
   }
  },
  {
   "type": "Feature",
   "geometry": {
    "type": "Point",
    "coordinates": [
     -74.92757614307669,
     36.23932567387059
    ]
   },
   "properties": {
    "confidence": 0.348,
    "snr": 6.97,
    "peak_dn": 126.0,
    "background_dn": 43.0,
    "sigma_dn": 11.91,
    "pixels": 2,
    "length_m_approx": 14.1,
    "pixel": [
     11030.0,
     15279.5
    ],
    "scene": "S1A_IW_GRDH_1SDV_20240621T225813_20240621T225842_054428_069F67_E12F_COG.SAFE",
    "t": "2024-06-21T22:58:13+00:00",
    "sensor": "sentinel1-vv-cfar",
    "uncertainty_m": 7.6
   }
  },
  {
   "type": "Feature",
   "geometry": {
    "type": "Point",
    "coordinates": [
     -74.86655525571635,
     36.26149019439839
    ]
   },
   "properties": {
    "confidence": 0.328,
    "snr": 6.57,
    "peak_dn": 125.0,
    "background_dn": 47.8,
    "sigma_dn": 11.76,
    "pixels": 2,
    "length_m_approx": 14.1,
    "pixel": [
     11613.5,
     15423.0
    ],
    "scene": "S1A_IW_GRDH_1SDV_20240621T225813_20240621T225842_054428_069F67_E12F_COG.SAFE",
    "t": "2024-06-21T22:58:13+00:00",
    "sensor": "sentinel1-vv-cfar",
    "uncertainty_m": 7.6
   }
  },
  {
   "type": "Feature",
   "geometry": {
    "type": "Point",
    "coordinates": [
     -74.78832066257466,
     36.17787725904419
    ]
   },
   "properties": {
    "confidence": 0.326,
    "snr": 6.52,
    "peak_dn": 100.0,
    "background_dn": 33.3,
    "sigma_dn": 10.22,
    "pixels": 2,
    "length_m_approx": 14.1,
    "pixel": [
     12141.0,
     14402.5
    ],
    "scene": "S1A_IW_GRDH_1SDV_20240621T225813_20240621T225842_054428_069F67_E12F_COG.SAFE",
    "t": "2024-06-21T22:58:13+00:00",
    "sensor": "sentinel1-vv-cfar",
    "uncertainty_m": 7.6
   }
  },
  {
   "type": "Feature",
   "geometry": {
    "type": "Point",
    "coordinates": [
     -74.99401773632059,
     36.27262075490757
    ]
   },
   "properties": {
    "confidence": 0.318,
    "snr": 6.35,
    "peak_dn": 128.0,
    "background_dn": 48.4,
    "sigma_dn": 12.54,
    "pixels": 2,
    "length_m_approx": 14.1,
    "pixel": [
     10508.5,
     15741.0
    ],
    "scene": "S1A_IW_GRDH_1SDV_20240621T225813_20240621T225842_054428_069F67_E12F_COG.SAFE",
    "t": "2024-06-21T22:58:13+00:00",
    "sensor": "sentinel1-vv-cfar",
    "uncertainty_m": 7.6
   }
  },
  {
   "type": "Feature",
   "geometry": {
    "type": "Point",
    "coordinates": [
     -74.92596045428124,
     36.32031279161796
    ]
   },
   "properties": {
    "confidence": 0.31,
    "snr": 6.21,
    "peak_dn": 94.0,
    "background_dn": 35.3,
    "sigma_dn": 9.45,
    "pixels": 2,
    "length_m_approx": 14.1,
    "pixel": [
     11204.5,
     16148.0
    ],
    "scene": "S1A_IW_GRDH_1SDV_20240621T225813_20240621T225842_054428_069F67_E12F_COG.SAFE",
    "t": "2024-06-21T22:58:13+00:00",
    "sensor": "sentinel1-vv-cfar",
    "uncertainty_m": 7.6
   }
  },
  {
   "type": "Feature",
   "geometry": {
    "type": "Point",
    "coordinates": [
     -74.9354805861071,
     36.20874816563812
    ]
   },
   "properties": {
    "confidence": 0.309,
    "snr": 6.19,
    "peak_dn": 109.0,
    "background_dn": 37.9,
    "sigma_dn": 11.5,
    "pixels": 2,
    "length_m_approx": 14.1,
    "pixel": [
     10899.5,
     14963.0
    ],
    "scene": "S1A_IW_GRDH_1SDV_20240621T225813_20240621T225842_054428_069F67_E12F_COG.SAFE",
    "t": "2024-06-21T22:58:13+00:00",
    "sensor": "sentinel1-vv-cfar",
    "uncertainty_m": 7.6
   }
  },
  {
   "type": "Feature",
   "geometry": {
    "type": "Point",
    "coordinates": [
     -74.76641327112623,
     36.22638166899964
    ]
   },
   "properties": {
    "confidence": 0.95,
    "snr": 191.41,
    "peak_dn": 3167.0,
    "background_dn": 39.1,
    "sigma_dn": 16.34,
    "pixels": 217,
    "length_m_approx": 147.3,
    "pixel": [
     12430.3,
     14890.5
    ],
    "scene": "S1A_IW_GRDH_1SDV_20240621T225813_20240621T225842_054428_069F67_E12F_COG.SAFE",
    "t": "2024-06-21T22:58:13+00:00",
    "sensor": "sentinel1-vv-cfar",
    "uncertainty_m": 73.7
   }
  },
  {
   "type": "Feature",
   "geometry": {
    "type": "Point",
    "coordinates": [
     -74.76747732923505,
     36.226972160587295
    ]
   },
   "properties": {
    "confidence": 0.594,
    "snr": 11.88,
    "peak_dn": 215.0,
    "background_dn": 37.8,
    "sigma_dn": 14.91,
    "pixels": 2,
    "length_m_approx": 14.1,
    "pixel": [
     12422.0,
     14898.5
    ],
    "scene": "S1A_IW_GRDH_1SDV_20240621T225813_20240621T225842_054428_069F67_E12F_COG.SAFE",
    "t": "2024-06-21T22:58:13+00:00",
    "sensor": "sentinel1-vv-cfar",
    "uncertainty_m": 7.6
   }
  },
  {
   "type": "Feature",
   "geometry": {
    "type": "Point",
    "coordinates": [
     -74.70329396046714,
     36.3305622810814
    ]
   },
   "properties": {
    "confidence": 0.545,
    "snr": 10.9,
    "peak_dn": 133.0,
    "background_dn": 33.4,
    "sigma_dn": 9.14,
    "pixels": 7,
    "length_m_approx": 26.5,
    "pixel": [
     13192.4,
     15914.8
    ],
    "scene": "S1A_IW_GRDH_1SDV_20240621T225813_20240621T225842_054428_069F67_E12F_COG.SAFE",
    "t": "2024-06-21T22:58:13+00:00",
    "sensor": "sentinel1-vv-cfar",
    "uncertainty_m": 13.5
   }
  },
  {
   "type": "Feature",
   "geometry": {
    "type": "Point",
    "coordinates": [
     -74.76616342386872,
     36.22716221453263
    ]
   },
   "properties": {
    "confidence": 0.535,
    "snr": 10.71,
    "peak_dn": 197.0,
    "background_dn": 38.4,
    "sigma_dn": 14.81,
    "pixels": 2,
    "length_m_approx": 14.1,
    "pixel": [
     12434.0,
     14898.5
    ],
    "scene": "S1A_IW_GRDH_1SDV_20240621T225813_20240621T225842_054428_069F67_E12F_COG.SAFE",
    "t": "2024-06-21T22:58:13+00:00",
    "sensor": "sentinel1-vv-cfar",
    "uncertainty_m": 7.6
   }
  },
  {
   "type": "Feature",
   "geometry": {
    "type": "Point",
    "coordinates": [
     -74.76594465549805,
     36.22719486307654
    ]
   },
   "properties": {
    "confidence": 0.403,
    "snr": 8.07,
    "peak_dn": 158.0,
    "background_dn": 38.5,
    "sigma_dn": 14.82,
    "pixels": 2,
    "length_m_approx": 14.1,
    "pixel": [
     12436.0,
     14898.6
    ],
    "scene": "S1A_IW_GRDH_1SDV_20240621T225813_20240621T225842_054428_069F67_E12F_COG.SAFE",
    "t": "2024-06-21T22:58:13+00:00",
    "sensor": "sentinel1-vv-cfar",
    "uncertainty_m": 7.6
   }
  },
  {
   "type": "Feature",
   "geometry": {
    "type": "Point",
    "coordinates": [
     -74.76572494485754,
     36.22722326478764
    ]
   },
   "properties": {
    "confidence": 0.386,
    "snr": 7.72,
    "peak_dn": 153.0,
    "background_dn": 38.5,
    "sigma_dn": 14.84,
    "pixels": 2,
    "length_m_approx": 14.1,
    "pixel": [
     12438.0,
     14898.5
    ],
    "scene": "S1A_IW_GRDH_1SDV_20240621T225813_20240621T225842_054428_069F67_E12F_COG.SAFE",
    "t": "2024-06-21T22:58:13+00:00",
    "sensor": "sentinel1-vv-cfar",
    "uncertainty_m": 7.6
   }
  },
  {
   "type": "Feature",
   "geometry": {
    "type": "Point",
    "coordinates": [
     -74.73059706653163,
     36.25622607550952
    ]
   },
   "properties": {
    "confidence": 0.386,
    "snr": 7.71,
    "peak_dn": 106.0,
    "background_dn": 33.1,
    "sigma_dn": 9.46,
    "pixels": 3,
    "length_m_approx": 17.3,
    "pixel": [
     12805.7,
     15156.3
    ],
    "scene": "S1A_IW_GRDH_1SDV_20240621T225813_20240621T225842_054428_069F67_E12F_COG.SAFE",
    "t": "2024-06-21T22:58:13+00:00",
    "sensor": "sentinel1-vv-cfar",
    "uncertainty_m": 9.1
   }
  },
  {
   "type": "Feature",
   "geometry": {
    "type": "Point",
    "coordinates": [
     -74.7670141274364,
     36.22758207042565
    ]
   },
   "properties": {
    "confidence": 0.373,
    "snr": 7.45,
    "peak_dn": 328.0,
    "background_dn": 39.6,
    "sigma_dn": 38.71,
    "pixels": 3,
    "length_m_approx": 17.3,
    "pixel": [
     12427.3,
     14904.4
    ],
    "scene": "S1A_IW_GRDH_1SDV_20240621T225813_20240621T225842_054428_069F67_E12F_COG.SAFE",
    "t": "2024-06-21T22:58:13+00:00",
    "sensor": "sentinel1-vv-cfar",
    "uncertainty_m": 9.1
   }
  },
  {
   "type": "Feature",
   "geometry": {
    "type": "Point",
    "coordinates": [
     -74.76769681765614,
     36.226942757119254
    ]
   },
   "properties": {
    "confidence": 0.371,
    "snr": 7.42,
    "peak_dn": 149.0,
    "background_dn": 37.7,
    "sigma_dn": 15.0,
    "pixels": 2,
    "length_m_approx": 14.1,
    "pixel": [
     12420.0,
     14898.5
    ],
    "scene": "S1A_IW_GRDH_1SDV_20240621T225813_20240621T225842_054428_069F67_E12F_COG.SAFE",
    "t": "2024-06-21T22:58:13+00:00",
    "sensor": "sentinel1-vv-cfar",
    "uncertainty_m": 7.6
   }
  },
  {
   "type": "Feature",
   "geometry": {
    "type": "Point",
    "coordinates": [
     -74.74836897452091,
     36.195328458799054
    ]
   },
   "properties": {
    "confidence": 0.351,
    "snr": 7.02,
    "peak_dn": 95.0,
    "background_dn": 31.0,
    "sigma_dn": 9.12,
    "pixels": 2,
    "length_m_approx": 14.1,
    "pixel": [
     12529.0,
     14528.5
    ],
    "scene": "S1A_IW_GRDH_1SDV_20240621T225813_20240621T225842_054428_069F67_E12F_COG.SAFE",
    "t": "2024-06-21T22:58:13+00:00",
    "sensor": "sentinel1-vv-cfar",
    "uncertainty_m": 7.6
   }
  },
  {
   "type": "Feature",
   "geometry": {
    "type": "Point",
    "coordinates": [
     -74.63071979155328,
     36.26739181862541
    ]
   },
   "properties": {
    "confidence": 0.349,
    "snr": 6.98,
    "peak_dn": 102.0,
    "background_dn": 36.4,
    "sigma_dn": 9.4,
    "pixels": 2,
    "length_m_approx": 14.1,
    "pixel": [
     13711.0,
     15123.5
    ],
    "scene": "S1A_IW_GRDH_1SDV_20240621T225813_20240621T225842_054428_069F67_E12F_COG.SAFE",
    "t": "2024-06-21T22:58:13+00:00",
    "sensor": "sentinel1-vv-cfar",
    "uncertainty_m": 7.6
   }
  },
  {
   "type": "Feature",
   "geometry": {
    "type": "Point",
    "coordinates": [
     -74.74244852095683,
     36.23233162093574
    ]
   },
   "properties": {
    "confidence": 0.344,
    "snr": 6.88,
    "peak_dn": 118.0,
    "background_dn": 39.9,
    "sigma_dn": 11.36,
    "pixels": 2,
    "length_m_approx": 14.1,
    "pixel": [
     12654.0,
     14917.5
    ],
    "scene": "S1A_IW_GRDH_1SDV_20240621T225813_20240621T225842_054428_069F67_E12F_COG.SAFE",
    "t": "2024-06-21T22:58:13+00:00",
    "sensor": "sentinel1-vv-cfar",
    "uncertainty_m": 7.6
   }
  },
  {
   "type": "Feature",
   "geometry": {
    "type": "Point",
    "coordinates": [
     -74.75793055091225,
     36.34891073319956
    ]
   },
   "properties": {
    "confidence": 0.341,
    "snr": 6.82,
    "peak_dn": 99.0,
    "background_dn": 33.5,
    "sigma_dn": 9.61,
    "pixels": 2,
    "length_m_approx": 14.1,
    "pixel": [
     12745.5,
     16196.0
    ],
    "scene": "S1A_IW_GRDH_1SDV_20240621T225813_20240621T225842_054428_069F67_E12F_COG.SAFE",
    "t": "2024-06-21T22:58:13+00:00",
    "sensor": "sentinel1-vv-cfar",
    "uncertainty_m": 7.6
   }
  },
  {
   "type": "Feature",
   "geometry": {
    "type": "Point",
    "coordinates": [
     -74.63673713785839,
     36.31246482161872
    ]
   },
   "properties": {
    "confidence": 0.333,
    "snr": 6.65,
    "peak_dn": 107.0,
    "background_dn": 36.6,
    "sigma_dn": 10.58,
    "pixels": 2,
    "length_m_approx": 14.1,
    "pixel": [
     13745.5,
     15618.0
    ],
    "scene": "S1A_IW_GRDH_1SDV_20240621T225813_20240621T225842_054428_069F67_E12F_COG.SAFE",
    "t": "2024-06-21T22:58:13+00:00",
    "sensor": "sentinel1-vv-cfar",
    "uncertainty_m": 7.6
   }
  },
  {
   "type": "Feature",
   "geometry": {
    "type": "Point",
    "coordinates": [
     -74.74513434669123,
     36.22813377797466
    ]
   },
   "properties": {
    "confidence": 0.328,
    "snr": 6.56,
    "peak_dn": 114.0,
    "background_dn": 39.9,
    "sigma_dn": 11.31,
    "pixels": 2,
    "length_m_approx": 14.1,
    "pixel": [
     12622.0,
     14876.5
    ],
    "scene": "S1A_IW_GRDH_1SDV_20240621T225813_20240621T225842_054428_069F67_E12F_COG.SAFE",
    "t": "2024-06-21T22:58:13+00:00",
    "sensor": "sentinel1-vv-cfar",
    "uncertainty_m": 7.6
   }
  },
  {
   "type": "Feature",
   "geometry": {
    "type": "Point",
    "coordinates": [
     -74.68656875832367,
     36.196045358114404
    ]
   },
   "properties": {
    "confidence": 0.326,
    "snr": 6.52,
    "peak_dn": 99.0,
    "background_dn": 34.2,
    "sigma_dn": 9.94,
    "pixels": 2,
    "length_m_approx": 14.1,
    "pixel": [
     13077.5,
     14441.0
    ],
    "scene": "S1A_IW_GRDH_1SDV_20240621T225813_20240621T225842_054428_069F67_E12F_COG.SAFE",
    "t": "2024-06-21T22:58:13+00:00",
    "sensor": "sentinel1-vv-cfar",
    "uncertainty_m": 7.6
   }
  },
  {
   "type": "Feature",
   "geometry": {
    "type": "Point",
    "coordinates": [
     -74.63265176627212,
     36.28541568915797
    ]
   },
   "properties": {
    "confidence": 0.319,
    "snr": 6.37,
    "peak_dn": 107.0,
    "background_dn": 39.1,
    "sigma_dn": 10.65,
    "pixels": 2,
    "length_m_approx": 14.1,
    "pixel": [
     13729.0,
     15320.5
    ],
    "scene": "S1A_IW_GRDH_1SDV_20240621T225813_20240621T225842_054428_069F67_E12F_COG.SAFE",
    "t": "2024-06-21T22:58:13+00:00",
    "sensor": "sentinel1-vv-cfar",
    "uncertainty_m": 7.6
   }
  },
  {
   "type": "Feature",
   "geometry": {
    "type": "Point",
    "coordinates": [
     -74.66068283714696,
     36.21362136715647
    ]
   },
   "properties": {
    "confidence": 0.318,
    "snr": 6.37,
    "peak_dn": 102.0,
    "background_dn": 38.0,
    "sigma_dn": 10.06,
    "pixels": 2,
    "length_m_approx": 14.1,
    "pixel": [
     13341.0,
     14590.5
    ],
    "scene": "S1A_IW_GRDH_1SDV_20240621T225813_20240621T225842_054428_069F67_E12F_COG.SAFE",
    "t": "2024-06-21T22:58:13+00:00",
    "sensor": "sentinel1-vv-cfar",
    "uncertainty_m": 7.6
   }
  },
  {
   "type": "Feature",
   "geometry": {
    "type": "Point",
    "coordinates": [
     -74.3951424562106,
     36.37425666549969
    ]
   },
   "properties": {
    "confidence": 0.454,
    "snr": 9.08,
    "peak_dn": 124.0,
    "background_dn": 35.5,
    "sigma_dn": 9.74,
    "pixels": 9,
    "length_m_approx": 30.0,
    "pixel": [
     16000.6,
     15917.2
    ],
    "scene": "S1A_IW_GRDH_1SDV_20240621T225813_20240621T225842_054428_069F67_E12F_COG.SAFE",
    "t": "2024-06-21T22:58:13+00:00",
    "sensor": "sentinel1-vv-cfar",
    "uncertainty_m": 15.2
   }
  },
  {
   "type": "Feature",
   "geometry": {
    "type": "Point",
    "coordinates": [
     -74.54638390811121,
     36.244622755505766
    ]
   },
   "properties": {
    "confidence": 0.413,
    "snr": 8.26,
    "peak_dn": 117.0,
    "background_dn": 34.9,
    "sigma_dn": 9.94,
    "pixels": 4,
    "length_m_approx": 20.0,
    "pixel": [
     14413.0,
     14749.5
    ],
    "scene": "S1A_IW_GRDH_1SDV_20240621T225813_20240621T225842_054428_069F67_E12F_COG.SAFE",
    "t": "2024-06-21T22:58:13+00:00",
    "sensor": "sentinel1-vv-cfar",
    "uncertainty_m": 10.4
   }
  },
  {
   "type": "Feature",
   "geometry": {
    "type": "Point",
    "coordinates": [
     -74.55454061689963,
     36.29165783890344
    ]
   },
   "properties": {
    "confidence": 0.337,
    "snr": 6.74,
    "peak_dn": 105.0,
    "background_dn": 38.6,
    "sigma_dn": 9.86,
    "pixels": 2,
    "length_m_approx": 14.1,
    "pixel": [
     14432.0,
     15268.5
    ],
    "scene": "S1A_IW_GRDH_1SDV_20240621T225813_20240621T225842_054428_069F67_E12F_COG.SAFE",
    "t": "2024-06-21T22:58:13+00:00",
    "sensor": "sentinel1-vv-cfar",
    "uncertainty_m": 7.6
   }
  },
  {
   "type": "Feature",
   "geometry": {
    "type": "Point",
    "coordinates": [
     -74.53701293600675,
     36.39141178904733
    ]
   },
   "properties": {
    "confidence": 0.329,
    "snr": 6.59,
    "peak_dn": 106.0,
    "background_dn": 37.6,
    "sigma_dn": 10.38,
    "pixels": 2,
    "length_m_approx": 14.1,
    "pixel": [
     14780.0,
     16316.5
    ],
    "scene": "S1A_IW_GRDH_1SDV_20240621T225813_20240621T225842_054428_069F67_E12F_COG.SAFE",
    "t": "2024-06-21T22:58:13+00:00",
    "sensor": "sentinel1-vv-cfar",
    "uncertainty_m": 7.6
   }
  },
  {
   "type": "Feature",
   "geometry": {
    "type": "Point",
    "coordinates": [
     -74.53654250678599,
     36.2334047975042
    ]
   },
   "properties": {
    "confidence": 0.32,
    "snr": 6.41,
    "peak_dn": 105.0,
    "background_dn": 39.3,
    "sigma_dn": 10.26,
    "pixels": 3,
    "length_m_approx": 17.3,
    "pixel": [
     14478.3,
     14613.7
    ],
    "scene": "S1A_IW_GRDH_1SDV_20240621T225813_20240621T225842_054428_069F67_E12F_COG.SAFE",
    "t": "2024-06-21T22:58:13+00:00",
    "sensor": "sentinel1-vv-cfar",
    "uncertainty_m": 9.1
   }
  },
  {
   "type": "Feature",
   "geometry": {
    "type": "Point",
    "coordinates": [
     -74.27894429575676,
     36.26050178733135
    ]
   },
   "properties": {
    "confidence": 0.403,
    "snr": 8.05,
    "peak_dn": 132.0,
    "background_dn": 43.2,
    "sigma_dn": 11.02,
    "pixels": 4,
    "length_m_approx": 20.0,
    "pixel": [
     16810.8,
     14516.0
    ],
    "scene": "S1A_IW_GRDH_1SDV_20240621T225813_20240621T225842_054428_069F67_E12F_COG.SAFE",
    "t": "2024-06-21T22:58:13+00:00",
    "sensor": "sentinel1-vv-cfar",
    "uncertainty_m": 10.4
   }
  },
  {
   "type": "Feature",
   "geometry": {
    "type": "Point",
    "coordinates": [
     -74.16557873218534,
     36.33497648403571
    ]
   },
   "properties": {
    "confidence": 0.376,
    "snr": 7.52,
    "peak_dn": 103.0,
    "background_dn": 33.8,
    "sigma_dn": 9.21,
    "pixels": 3,
    "length_m_approx": 17.3,
    "pixel": [
     17955.7,
     15149.7
    ],
    "scene": "S1A_IW_GRDH_1SDV_20240621T225813_20240621T225842_054428_069F67_E12F_COG.SAFE",
    "t": "2024-06-21T22:58:13+00:00",
    "sensor": "sentinel1-vv-cfar",
    "uncertainty_m": 9.1
   }
  },
  {
   "type": "Feature",
   "geometry": {
    "type": "Point",
    "coordinates": [
     -74.18024375551693,
     36.32113913250248
    ]
   },
   "properties": {
    "confidence": 0.376,
    "snr": 7.51,
    "peak_dn": 110.0,
    "background_dn": 36.5,
    "sigma_dn": 9.78,
    "pixels": 3,
    "length_m_approx": 17.3,
    "pixel": [
     17799.7,
     15022.3
    ],
    "scene": "S1A_IW_GRDH_1SDV_20240621T225813_20240621T225842_054428_069F67_E12F_COG.SAFE",
    "t": "2024-06-21T22:58:13+00:00",
    "sensor": "sentinel1-vv-cfar",
    "uncertainty_m": 9.1
   }
  },
  {
   "type": "Feature",
   "geometry": {
    "type": "Point",
    "coordinates": [
     -74.28479378885976,
     36.30537785295712
    ]
   },
   "properties": {
    "confidence": 0.361,
    "snr": 7.23,
    "peak_dn": 104.0,
    "background_dn": 36.1,
    "sigma_dn": 9.4,
    "pixels": 3,
    "length_m_approx": 17.3,
    "pixel": [
     16844.7,
     15008.7
    ],
    "scene": "S1A_IW_GRDH_1SDV_20240621T225813_20240621T225842_054428_069F67_E12F_COG.SAFE",
    "t": "2024-06-21T22:58:13+00:00",
    "sensor": "sentinel1-vv-cfar",
    "uncertainty_m": 9.1
   }
  },
  {
   "type": "Feature",
   "geometry": {
    "type": "Point",
    "coordinates": [
     -74.22675244009446,
     36.32156592066836
    ]
   },
   "properties": {
    "confidence": 0.349,
    "snr": 6.99,
    "peak_dn": 111.0,
    "background_dn": 39.4,
    "sigma_dn": 10.24,
    "pixels": 2,
    "length_m_approx": 14.1,
    "pixel": [
     17389.0,
     15096.5
    ],
    "scene": "S1A_IW_GRDH_1SDV_20240621T225813_20240621T225842_054428_069F67_E12F_COG.SAFE",
    "t": "2024-06-21T22:58:13+00:00",
    "sensor": "sentinel1-vv-cfar",
    "uncertainty_m": 7.6
   }
  },
  {
   "type": "Feature",
   "geometry": {
    "type": "Point",
    "coordinates": [
     -74.1801346412766,
     36.38040993091666
    ]
   },
   "properties": {
    "confidence": 0.316,
    "snr": 6.32,
    "peak_dn": 99.0,
    "background_dn": 37.9,
    "sigma_dn": 9.67,
    "pixels": 2,
    "length_m_approx": 14.1,
    "pixel": [
     17913.0,
     15661.5
    ],
    "scene": "S1A_IW_GRDH_1SDV_20240621T225813_20240621T225842_054428_069F67_E12F_COG.SAFE",
    "t": "2024-06-21T22:58:13+00:00",
    "sensor": "sentinel1-vv-cfar",
    "uncertainty_m": 7.6
   }
  },
  {
   "type": "Feature",
   "geometry": {
    "type": "Point",
    "coordinates": [
     -74.29053341305637,
     36.305956810501144
    ]
   },
   "properties": {
    "confidence": 0.309,
    "snr": 6.17,
    "peak_dn": 99.0,
    "background_dn": 36.6,
    "sigma_dn": 10.11,
    "pixels": 2,
    "length_m_approx": 14.1,
    "pixel": [
     16795.0,
     15023.5
    ],
    "scene": "S1A_IW_GRDH_1SDV_20240621T225813_20240621T225842_054428_069F67_E12F_COG.SAFE",
    "t": "2024-06-21T22:58:13+00:00",
    "sensor": "sentinel1-vv-cfar",
    "uncertainty_m": 7.6
   }
  },
  {
   "type": "Feature",
   "geometry": {
    "type": "Point",
    "coordinates": [
     -73.90662146122146,
     36.30088017507316
    ]
   },
   "properties": {
    "confidence": 0.49,
    "snr": 9.79,
    "peak_dn": 121.0,
    "background_dn": 33.6,
    "sigma_dn": 8.92,
    "pixels": 4,
    "length_m_approx": 20.0,
    "pixel": [
     20183.3,
     14399.0
    ],
    "scene": "S1A_IW_GRDH_1SDV_20240621T225813_20240621T225842_054428_069F67_E12F_COG.SAFE",
    "t": "2024-06-21T22:58:13+00:00",
    "sensor": "sentinel1-vv-cfar",
    "uncertainty_m": 10.4
   }
  },
  {
   "type": "Feature",
   "geometry": {
    "type": "Point",
    "coordinates": [
     -74.1106609032887,
     36.45055616765621
    ]
   },
   "properties": {
    "confidence": 0.487,
    "snr": 9.75,
    "peak_dn": 133.0,
    "background_dn": 35.9,
    "sigma_dn": 9.96,
    "pixels": 32,
    "length_m_approx": 56.6,
    "pixel": [
     18659.5,
     16315.6
    ],
    "scene": "S1A_IW_GRDH_1SDV_20240621T225813_20240621T225842_054428_069F67_E12F_COG.SAFE",
    "t": "2024-06-21T22:58:13+00:00",
    "sensor": "sentinel1-vv-cfar",
    "uncertainty_m": 28.4
   }
  },
  {
   "type": "Feature",
   "geometry": {
    "type": "Point",
    "coordinates": [
     -74.12616012800366,
     36.442541905016725
    ]
   },
   "properties": {
    "confidence": 0.374,
    "snr": 7.48,
    "peak_dn": 109.0,
    "background_dn": 34.8,
    "sigma_dn": 9.91,
    "pixels": 2,
    "length_m_approx": 14.1,
    "pixel": [
     18507.5,
     16252.0
    ],
    "scene": "S1A_IW_GRDH_1SDV_20240621T225813_20240621T225842_054428_069F67_E12F_COG.SAFE",
    "t": "2024-06-21T22:58:13+00:00",
    "sensor": "sentinel1-vv-cfar",
    "uncertainty_m": 7.6
   }
  },
  {
   "type": "Feature",
   "geometry": {
    "type": "Point",
    "coordinates": [
     -74.05042131804703,
     36.3767207891912
    ]
   },
   "properties": {
    "confidence": 0.355,
    "snr": 7.1,
    "peak_dn": 104.0,
    "background_dn": 35.1,
    "sigma_dn": 9.71,
    "pixels": 2,
    "length_m_approx": 14.1,
    "pixel": [
     19053.0,
     15429.5
    ],
    "scene": "S1A_IW_GRDH_1SDV_20240621T225813_20240621T225842_054428_069F67_E12F_COG.SAFE",
    "t": "2024-06-21T22:58:13+00:00",
    "sensor": "sentinel1-vv-cfar",
    "uncertainty_m": 7.6
   }
  },
  {
   "type": "Feature",
   "geometry": {
    "type": "Point",
    "coordinates": [
     -73.949184872248,
     36.37653609902337
    ]
   },
   "properties": {
    "confidence": 0.32,
    "snr": 6.4,
    "peak_dn": 88.0,
    "background_dn": 32.1,
    "sigma_dn": 8.74,
    "pixels": 2,
    "length_m_approx": 14.1,
    "pixel": [
     19948.0,
     15278.5
    ],
    "scene": "S1A_IW_GRDH_1SDV_20240621T225813_20240621T225842_054428_069F67_E12F_COG.SAFE",
    "t": "2024-06-21T22:58:13+00:00",
    "sensor": "sentinel1-vv-cfar",
    "uncertainty_m": 7.6
   }
  },
  {
   "type": "Feature",
   "geometry": {
    "type": "Point",
    "coordinates": [
     -73.9877359166797,
     36.32344946605981
    ]
   },
   "properties": {
    "confidence": 0.314,
    "snr": 6.29,
    "peak_dn": 97.0,
    "background_dn": 36.5,
    "sigma_dn": 9.62,
    "pixels": 2,
    "length_m_approx": 14.1,
    "pixel": [
     19507.5,
     14762.0
    ],
    "scene": "S1A_IW_GRDH_1SDV_20240621T225813_20240621T225842_054428_069F67_E12F_COG.SAFE",
    "t": "2024-06-21T22:58:13+00:00",
    "sensor": "sentinel1-vv-cfar",
    "uncertainty_m": 7.6
   }
  },
  {
   "type": "Feature",
   "geometry": {
    "type": "Point",
    "coordinates": [
     -73.90038470577007,
     36.39297748399808
    ]
   },
   "properties": {
    "confidence": 0.314,
    "snr": 6.29,
    "peak_dn": 87.0,
    "background_dn": 31.4,
    "sigma_dn": 8.84,
    "pixels": 3,
    "length_m_approx": 17.3,
    "pixel": [
     20410.3,
     15384.3
    ],
    "scene": "S1A_IW_GRDH_1SDV_20240621T225813_20240621T225842_054428_069F67_E12F_COG.SAFE",
    "t": "2024-06-21T22:58:13+00:00",
    "sensor": "sentinel1-vv-cfar",
    "uncertainty_m": 9.1
   }
  },
  {
   "type": "Feature",
   "geometry": {
    "type": "Point",
    "coordinates": [
     -73.78996356716668,
     36.392995466356105
    ]
   },
   "properties": {
    "confidence": 0.404,
    "snr": 8.08,
    "peak_dn": 99.0,
    "background_dn": 31.4,
    "sigma_dn": 8.37,
    "pixels": 2,
    "length_m_approx": 14.1,
    "pixel": [
     21387.0,
     15223.5
    ],
    "scene": "S1A_IW_GRDH_1SDV_20240621T225813_20240621T225842_054428_069F67_E12F_COG.SAFE",
    "t": "2024-06-21T22:58:13+00:00",
    "sensor": "sentinel1-vv-cfar",
    "uncertainty_m": 7.6
   }
  },
  {
   "type": "Feature",
   "geometry": {
    "type": "Point",
    "coordinates": [
     -73.73826118304196,
     36.45810038861722
    ]
   },
   "properties": {
    "confidence": 0.383,
    "snr": 7.65,
    "peak_dn": 101.0,
    "background_dn": 33.7,
    "sigma_dn": 8.8,
    "pixels": 2,
    "length_m_approx": 14.1,
    "pixel": [
     21964.5,
     15852.0
    ],
    "scene": "S1A_IW_GRDH_1SDV_20240621T225813_20240621T225842_054428_069F67_E12F_COG.SAFE",
    "t": "2024-06-21T22:58:13+00:00",
    "sensor": "sentinel1-vv-cfar",
    "uncertainty_m": 7.6
   }
  },
  {
   "type": "Feature",
   "geometry": {
    "type": "Point",
    "coordinates": [
     -73.8220138088478,
     36.33203572881892
    ]
   },
   "properties": {
    "confidence": 0.355,
    "snr": 7.1,
    "peak_dn": 83.0,
    "background_dn": 28.2,
    "sigma_dn": 7.72,
    "pixels": 3,
    "length_m_approx": 17.3,
    "pixel": [
     20990.3,
     14611.7
    ],
    "scene": "S1A_IW_GRDH_1SDV_20240621T225813_20240621T225842_054428_069F67_E12F_COG.SAFE",
    "t": "2024-06-21T22:58:13+00:00",
    "sensor": "sentinel1-vv-cfar",
    "uncertainty_m": 9.1
   }
  },
  {
   "type": "Feature",
   "geometry": {
    "type": "Point",
    "coordinates": [
     -73.85689779474231,
     36.332450254442534
    ]
   },
   "properties": {
    "confidence": 0.327,
    "snr": 6.53,
    "peak_dn": 87.0,
    "background_dn": 30.5,
    "sigma_dn": 8.66,
    "pixels": 3,
    "length_m_approx": 17.3,
    "pixel": [
     20682.3,
     14667.0
    ],
    "scene": "S1A_IW_GRDH_1SDV_20240621T225813_20240621T225842_054428_069F67_E12F_COG.SAFE",
    "t": "2024-06-21T22:58:13+00:00",
    "sensor": "sentinel1-vv-cfar",
    "uncertainty_m": 9.1
   }
  },
  {
   "type": "Feature",
   "geometry": {
    "type": "Point",
    "coordinates": [
     -73.83740215228843,
     36.3836318044311
    ]
   },
   "properties": {
    "confidence": 0.316,
    "snr": 6.32,
    "peak_dn": 86.0,
    "background_dn": 31.1,
    "sigma_dn": 8.69,
    "pixels": 2,
    "length_m_approx": 14.1,
    "pixel": [
     20950.0,
     15191.5
    ],
    "scene": "S1A_IW_GRDH_1SDV_20240621T225813_20240621T225842_054428_069F67_E12F_COG.SAFE",
    "t": "2024-06-21T22:58:13+00:00",
    "sensor": "sentinel1-vv-cfar",
    "uncertainty_m": 7.6
   }
  },
  {
   "type": "Feature",
   "geometry": {
    "type": "Point",
    "coordinates": [
     -73.86944461433316,
     36.3330083244373
    ]
   },
   "properties": {
    "confidence": 0.314,
    "snr": 6.28,
    "peak_dn": 88.0,
    "background_dn": 30.8,
    "sigma_dn": 9.11,
    "pixels": 3,
    "length_m_approx": 17.3,
    "pixel": [
     20572.3,
     14691.3
    ],
    "scene": "S1A_IW_GRDH_1SDV_20240621T225813_20240621T225842_054428_069F67_E12F_COG.SAFE",
    "t": "2024-06-21T22:58:13+00:00",
    "sensor": "sentinel1-vv-cfar",
    "uncertainty_m": 9.1
   }
  },
  {
   "type": "Feature",
   "geometry": {
    "type": "Point",
    "coordinates": [
     -73.78536922515369,
     36.34622423278948
    ]
   },
   "properties": {
    "confidence": 0.31,
    "snr": 6.21,
    "peak_dn": 75.0,
    "background_dn": 27.4,
    "sigma_dn": 7.66,
    "pixels": 2,
    "length_m_approx": 14.1,
    "pixel": [
     21341.0,
     14711.5
    ],
    "scene": "S1A_IW_GRDH_1SDV_20240621T225813_20240621T225842_054428_069F67_E12F_COG.SAFE",
    "t": "2024-06-21T22:58:13+00:00",
    "sensor": "sentinel1-vv-cfar",
    "uncertainty_m": 7.6
   }
  },
  {
   "type": "Feature",
   "geometry": {
    "type": "Point",
    "coordinates": [
     -73.77267866973197,
     36.382505332600104
    ]
   },
   "properties": {
    "confidence": 0.31,
    "snr": 6.21,
    "peak_dn": 85.0,
    "background_dn": 31.5,
    "sigma_dn": 8.63,
    "pixels": 2,
    "length_m_approx": 14.1,
    "pixel": [
     21520.5,
     15085.0
    ],
    "scene": "S1A_IW_GRDH_1SDV_20240621T225813_20240621T225842_054428_069F67_E12F_COG.SAFE",
    "t": "2024-06-21T22:58:13+00:00",
    "sensor": "sentinel1-vv-cfar",
    "uncertainty_m": 7.6
   }
  },
  {
   "type": "Feature",
   "geometry": {
    "type": "Point",
    "coordinates": [
     -73.65244111702826,
     36.4275143993288
    ]
   },
   "properties": {
    "confidence": 0.366,
    "snr": 7.33,
    "peak_dn": 96.0,
    "background_dn": 32.9,
    "sigma_dn": 8.61,
    "pixels": 2,
    "length_m_approx": 14.1,
    "pixel": [
     22667.0,
     15397.5
    ],
    "scene": "S1A_IW_GRDH_1SDV_20240621T225813_20240621T225842_054428_069F67_E12F_COG.SAFE",
    "t": "2024-06-21T22:58:13+00:00",
    "sensor": "sentinel1-vv-cfar",
    "uncertainty_m": 7.6
   }
  },
  {
   "type": "Feature",
   "geometry": {
    "type": "Point",
    "coordinates": [
     -73.5387875041503,
     36.45454064601627
    ]
   },
   "properties": {
    "confidence": 0.363,
    "snr": 7.26,
    "peak_dn": 85.0,
    "background_dn": 29.5,
    "sigma_dn": 7.65,
    "pixels": 4,
    "length_m_approx": 20.0,
    "pixel": [
     23721.5,
     15526.5
    ],
    "scene": "S1A_IW_GRDH_1SDV_20240621T225813_20240621T225842_054428_069F67_E12F_COG.SAFE",
    "t": "2024-06-21T22:58:13+00:00",
    "sensor": "sentinel1-vv-cfar",
    "uncertainty_m": 10.4
   }
  },
  {
   "type": "Feature",
   "geometry": {
    "type": "Point",
    "coordinates": [
     -73.48753307551297,
     36.39966571504479
    ]
   },
   "properties": {
    "confidence": 0.356,
    "snr": 7.13,
    "peak_dn": 87.0,
    "background_dn": 31.3,
    "sigma_dn": 7.82,
    "pixels": 2,
    "length_m_approx": 14.1,
    "pixel": [
     24075.0,
     14859.5
    ],
    "scene": "S1A_IW_GRDH_1SDV_20240621T225813_20240621T225842_054428_069F67_E12F_COG.SAFE",
    "t": "2024-06-21T22:58:13+00:00",
    "sensor": "sentinel1-vv-cfar",
    "uncertainty_m": 7.6
   }
  },
  {
   "type": "Feature",
   "geometry": {
    "type": "Point",
    "coordinates": [
     -73.53916404701461,
     36.394674156457384
    ]
   },
   "properties": {
    "confidence": 0.34,
    "snr": 6.81,
    "peak_dn": 83.0,
    "background_dn": 30.2,
    "sigma_dn": 7.76,
    "pixels": 2,
    "length_m_approx": 14.1,
    "pixel": [
     23609.0,
     14879.5
    ],
    "scene": "S1A_IW_GRDH_1SDV_20240621T225813_20240621T225842_054428_069F67_E12F_COG.SAFE",
    "t": "2024-06-21T22:58:13+00:00",
    "sensor": "sentinel1-vv-cfar",
    "uncertainty_m": 7.6
   }
  },
  {
   "type": "Feature",
   "geometry": {
    "type": "Point",
    "coordinates": [
     -73.6211573814233,
     36.41913354013415
    ]
   },
   "properties": {
    "confidence": 0.323,
    "snr": 6.46,
    "peak_dn": 86.0,
    "background_dn": 30.7,
    "sigma_dn": 8.56,
    "pixels": 3,
    "length_m_approx": 17.3,
    "pixel": [
     22928.3,
     15261.7
    ],
    "scene": "S1A_IW_GRDH_1SDV_20240621T225813_20240621T225842_054428_069F67_E12F_COG.SAFE",
    "t": "2024-06-21T22:58:13+00:00",
    "sensor": "sentinel1-vv-cfar",
    "uncertainty_m": 9.1
   }
  },
  {
   "type": "Feature",
   "geometry": {
    "type": "Point",
    "coordinates": [
     -73.59074732960065,
     36.3482180406007
    ]
   },
   "properties": {
    "confidence": 0.319,
    "snr": 6.38,
    "peak_dn": 83.0,
    "background_dn": 30.1,
    "sigma_dn": 8.29,
    "pixels": 2,
    "length_m_approx": 14.1,
    "pixel": [
     23067.5,
     14451.0
    ],
    "scene": "S1A_IW_GRDH_1SDV_20240621T225813_20240621T225842_054428_069F67_E12F_COG.SAFE",
    "t": "2024-06-21T22:58:13+00:00",
    "sensor": "sentinel1-vv-cfar",
    "uncertainty_m": 7.6
   }
  },
  {
   "type": "Feature",
   "geometry": {
    "type": "Point",
    "coordinates": [
     -73.43481602195344,
     36.46035087202655
    ]
   },
   "properties": {
    "confidence": 0.321,
    "snr": 6.41,
    "peak_dn": 84.0,
    "background_dn": 32.8,
    "sigma_dn": 7.98,
    "pixels": 2,
    "length_m_approx": 14.1,
    "pixel": [
     24651.5,
     15441.0
    ],
    "scene": "S1A_IW_GRDH_1SDV_20240621T225813_20240621T225842_054428_069F67_E12F_COG.SAFE",
    "t": "2024-06-21T22:58:13+00:00",
    "sensor": "sentinel1-vv-cfar",
    "uncertainty_m": 7.6
   }
  },
  {
   "type": "Feature",
   "geometry": {
    "type": "Point",
    "coordinates": [
     -75.15997117850101,
     36.37033202337557
    ]
   },
   "properties": {
    "confidence": 0.95,
    "snr": 21.48,
    "peak_dn": 335.0,
    "background_dn": 51.2,
    "sigma_dn": 13.21,
    "pixels": 27,
    "length_m_approx": 52.0,
    "pixel": [
     9237.4,
     17051.1
    ],
    "scene": "S1A_IW_GRDH_1SDV_20240621T225813_20240621T225842_054428_069F67_E12F_COG.SAFE",
    "t": "2024-06-21T22:58:13+00:00",
    "sensor": "sentinel1-vv-cfar",
    "uncertainty_m": 26.1
   }
  },
  {
   "type": "Feature",
   "geometry": {
    "type": "Point",
    "coordinates": [
     -75.15992674657477,
     36.36984358710488
    ]
   },
   "properties": {
    "confidence": 0.494,
    "snr": 9.89,
    "peak_dn": 182.0,
    "background_dn": 51.1,
    "sigma_dn": 13.25,
    "pixels": 7,
    "length_m_approx": 26.5,
    "pixel": [
     9236.9,
     17045.7
    ],
    "scene": "S1A_IW_GRDH_1SDV_20240621T225813_20240621T225842_054428_069F67_E12F_COG.SAFE",
    "t": "2024-06-21T22:58:13+00:00",
    "sensor": "sentinel1-vv-cfar",
    "uncertainty_m": 13.5
   }
  },
  {
   "type": "Feature",
   "geometry": {
    "type": "Point",
    "coordinates": [
     -75.178370574192,
     36.45050302569823
    ]
   },
   "properties": {
    "confidence": 0.42,
    "snr": 8.39,
    "peak_dn": 150.0,
    "background_dn": 47.1,
    "sigma_dn": 12.27,
    "pixels": 4,
    "length_m_approx": 20.0,
    "pixel": [
     9235.5,
     17941.5
    ],
    "scene": "S1A_IW_GRDH_1SDV_20240621T225813_20240621T225842_054428_069F67_E12F_COG.SAFE",
    "t": "2024-06-21T22:58:13+00:00",
    "sensor": "sentinel1-vv-cfar",
    "uncertainty_m": 10.4
   }
  },
  {
   "type": "Feature",
   "geometry": {
    "type": "Point",
    "coordinates": [
     -75.15452654208892,
     36.49141843743776
    ]
   },
   "properties": {
    "confidence": 0.374,
    "snr": 7.48,
    "peak_dn": 143.0,
    "background_dn": 44.7,
    "sigma_dn": 13.15,
    "pixels": 2,
    "length_m_approx": 14.1,
    "pixel": [
     9527.5,
     18344.0
    ],
    "scene": "S1A_IW_GRDH_1SDV_20240621T225813_20240621T225842_054428_069F67_E12F_COG.SAFE",
    "t": "2024-06-21T22:58:13+00:00",
    "sensor": "sentinel1-vv-cfar",
    "uncertainty_m": 7.6
   }
  },
  {
   "type": "Feature",
   "geometry": {
    "type": "Point",
    "coordinates": [
     -75.1023407854651,
     36.396586450543055
    ]
   },
   "properties": {
    "confidence": 0.37,
    "snr": 7.4,
    "peak_dn": 111.0,
    "background_dn": 36.1,
    "sigma_dn": 10.12,
    "pixels": 2,
    "length_m_approx": 14.1,
    "pixel": [
     9798.5,
     17243.0
    ],
    "scene": "S1A_IW_GRDH_1SDV_20240621T225813_20240621T225842_054428_069F67_E12F_COG.SAFE",
    "t": "2024-06-21T22:58:13+00:00",
    "sensor": "sentinel1-vv-cfar",
    "uncertainty_m": 7.6
   }
  },
  {
   "type": "Feature",
   "geometry": {
    "type": "Point",
    "coordinates": [
     -75.07962457207066,
     36.35217183127026
    ]
   },
   "properties": {
    "confidence": 0.349,
    "snr": 6.98,
    "peak_dn": 152.0,
    "background_dn": 50.9,
    "sigma_dn": 14.48,
    "pixels": 2,
    "length_m_approx": 14.1,
    "pixel": [
     9910.5,
     16730.0
    ],
    "scene": "S1A_IW_GRDH_1SDV_20240621T225813_20240621T225842_054428_069F67_E12F_COG.SAFE",
    "t": "2024-06-21T22:58:13+00:00",
    "sensor": "sentinel1-vv-cfar",
    "uncertainty_m": 7.6
   }
  },
  {
   "type": "Feature",
   "geometry": {
    "type": "Point",
    "coordinates": [
     -75.08603484070038,
     36.384449478136744
    ]
   },
   "properties": {
    "confidence": 0.346,
    "snr": 6.92,
    "peak_dn": 115.0,
    "background_dn": 37.4,
    "sigma_dn": 11.21,
    "pixels": 4,
    "length_m_approx": 20.0,
    "pixel": [
     9918.2,
     17087.0
    ],
    "scene": "S1A_IW_GRDH_1SDV_20240621T225813_20240621T225842_054428_069F67_E12F_COG.SAFE",
    "t": "2024-06-21T22:58:13+00:00",
    "sensor": "sentinel1-vv-cfar",
    "uncertainty_m": 10.4
   }
  },
  {
   "type": "Feature",
   "geometry": {
    "type": "Point",
    "coordinates": [
     -75.10171792134005,
     36.39532980687128
    ]
   },
   "properties": {
    "confidence": 0.334,
    "snr": 6.68,
    "peak_dn": 107.0,
    "background_dn": 36.4,
    "sigma_dn": 10.57,
    "pixels": 2,
    "length_m_approx": 14.1,
    "pixel": [
     9801.5,
     17228.5
    ],
    "scene": "S1A_IW_GRDH_1SDV_20240621T225813_20240621T225842_054428_069F67_E12F_COG.SAFE",
    "t": "2024-06-21T22:58:13+00:00",
    "sensor": "sentinel1-vv-cfar",
    "uncertainty_m": 7.6
   }
  },
  {
   "type": "Feature",
   "geometry": {
    "type": "Point",
    "coordinates": [
     -75.22587869525923,
     36.3893952146539
    ]
   },
   "properties": {
    "confidence": 0.322,
    "snr": 6.44,
    "peak_dn": 137.0,
    "background_dn": 49.9,
    "sigma_dn": 13.52,
    "pixels": 2,
    "length_m_approx": 14.1,
    "pixel": [
     8694.0,
     17359.5
    ],
    "scene": "S1A_IW_GRDH_1SDV_20240621T225813_20240621T225842_054428_069F67_E12F_COG.SAFE",
    "t": "2024-06-21T22:58:13+00:00",
    "sensor": "sentinel1-vv-cfar",
    "uncertainty_m": 7.6
   }
  },
  {
   "type": "Feature",
   "geometry": {
    "type": "Point",
    "coordinates": [
     -75.01560403421261,
     36.37062755585831
    ]
   },
   "properties": {
    "confidence": 0.377,
    "snr": 7.55,
    "peak_dn": 135.0,
    "background_dn": 43.6,
    "sigma_dn": 12.12,
    "pixels": 4,
    "length_m_approx": 20.0,
    "pixel": [
     10512.5,
     16828.5
    ],
    "scene": "S1A_IW_GRDH_1SDV_20240621T225813_20240621T225842_054428_069F67_E12F_COG.SAFE",
    "t": "2024-06-21T22:58:13+00:00",
    "sensor": "sentinel1-vv-cfar",
    "uncertainty_m": 10.4
   }
  },
  {
   "type": "Feature",
   "geometry": {
    "type": "Point",
    "coordinates": [
     -74.88188950054025,
     36.374308479789576
    ]
   },
   "properties": {
    "confidence": 0.374,
    "snr": 7.47,
    "peak_dn": 101.0,
    "background_dn": 32.2,
    "sigma_dn": 9.2,
    "pixels": 4,
    "length_m_approx": 20.0,
    "pixel": [
     11700.5,
     16660.5
    ],
    "scene": "S1A_IW_GRDH_1SDV_20240621T225813_20240621T225842_054428_069F67_E12F_COG.SAFE",
    "t": "2024-06-21T22:58:13+00:00",
    "sensor": "sentinel1-vv-cfar",
    "uncertainty_m": 10.4
   }
  },
  {
   "type": "Feature",
   "geometry": {
    "type": "Point",
    "coordinates": [
     -74.9230798400467,
     36.398055642351515
    ]
   },
   "properties": {
    "confidence": 0.363,
    "snr": 7.26,
    "peak_dn": 111.0,
    "background_dn": 35.1,
    "sigma_dn": 10.46,
    "pixels": 3,
    "length_m_approx": 17.3,
    "pixel": [
     11383.7,
     16979.7
    ],
    "scene": "S1A_IW_GRDH_1SDV_20240621T225813_20240621T225842_054428_069F67_E12F_COG.SAFE",
    "t": "2024-06-21T22:58:13+00:00",
    "sensor": "sentinel1-vv-cfar",
    "uncertainty_m": 9.1
   }
  },
  {
   "type": "Feature",
   "geometry": {
    "type": "Point",
    "coordinates": [
     -75.06273259185998,
     36.48304073541682
    ]
   },
   "properties": {
    "confidence": 0.344,
    "snr": 6.88,
    "peak_dn": 115.0,
    "background_dn": 38.3,
    "sigma_dn": 11.14,
    "pixels": 2,
    "length_m_approx": 14.1,
    "pixel": [
     10320.0,
     18110.5
    ],
    "scene": "S1A_IW_GRDH_1SDV_20240621T225813_20240621T225842_054428_069F67_E12F_COG.SAFE",
    "t": "2024-06-21T22:58:13+00:00",
    "sensor": "sentinel1-vv-cfar",
    "uncertainty_m": 7.6
   }
  },
  {
   "type": "Feature",
   "geometry": {
    "type": "Point",
    "coordinates": [
     -74.93526954963622,
     36.50104510996859
    ]
   },
   "properties": {
    "confidence": 0.34,
    "snr": 6.8,
    "peak_dn": 116.0,
    "background_dn": 39.1,
    "sigma_dn": 11.3,
    "pixels": 5,
    "length_m_approx": 22.4,
    "pixel": [
     11479.4,
     18106.4
    ],
    "scene": "S1A_IW_GRDH_1SDV_20240621T225813_20240621T225842_054428_069F67_E12F_COG.SAFE",
    "t": "2024-06-21T22:58:13+00:00",
    "sensor": "sentinel1-vv-cfar",
    "uncertainty_m": 11.5
   }
  },
  {
   "type": "Feature",
   "geometry": {
    "type": "Point",
    "coordinates": [
     -74.9242241405295,
     36.399035289825505
    ]
   },
   "properties": {
    "confidence": 0.334,
    "snr": 6.68,
    "peak_dn": 103.0,
    "background_dn": 35.2,
    "sigma_dn": 10.15,
    "pixels": 2,
    "length_m_approx": 14.1,
    "pixel": [
     11375.5,
     16992.0
    ],
    "scene": "S1A_IW_GRDH_1SDV_20240621T225813_20240621T225842_054428_069F67_E12F_COG.SAFE",
    "t": "2024-06-21T22:58:13+00:00",
    "sensor": "sentinel1-vv-cfar",
    "uncertainty_m": 7.6
   }
  },
  {
   "type": "Feature",
   "geometry": {
    "type": "Point",
    "coordinates": [
     -74.93072714286541,
     36.4097797021441
    ]
   },
   "properties": {
    "confidence": 0.332,
    "snr": 6.64,
    "peak_dn": 116.0,
    "background_dn": 39.1,
    "sigma_dn": 11.58,
    "pixels": 3,
    "length_m_approx": 17.3,
    "pixel": [
     11339.3,
     17117.7
    ],
    "scene": "S1A_IW_GRDH_1SDV_20240621T225813_20240621T225842_054428_069F67_E12F_COG.SAFE",
    "t": "2024-06-21T22:58:13+00:00",
    "sensor": "sentinel1-vv-cfar",
    "uncertainty_m": 9.1
   }
  },
  {
   "type": "Feature",
   "geometry": {
    "type": "Point",
    "coordinates": [
     -74.85828604510323,
     36.39737866103381
    ]
   },
   "properties": {
    "confidence": 0.33,
    "snr": 6.6,
    "peak_dn": 117.0,
    "background_dn": 42.7,
    "sigma_dn": 11.25,
    "pixels": 3,
    "length_m_approx": 17.3,
    "pixel": [
     11954.3,
     16872.3
    ],
    "scene": "S1A_IW_GRDH_1SDV_20240621T225813_20240621T225842_054428_069F67_E12F_COG.SAFE",
    "t": "2024-06-21T22:58:13+00:00",
    "sensor": "sentinel1-vv-cfar",
    "uncertainty_m": 9.1
   }
  },
  {
   "type": "Feature",
   "geometry": {
    "type": "Point",
    "coordinates": [
     -74.9158698074825,
     36.37839392267376
    ]
   },
   "properties": {
    "confidence": 0.329,
    "snr": 6.58,
    "peak_dn": 100.0,
    "background_dn": 35.5,
    "sigma_dn": 9.8,
    "pixels": 2,
    "length_m_approx": 14.1,
    "pixel": [
     11408.5,
     16757.0
    ],
    "scene": "S1A_IW_GRDH_1SDV_20240621T225813_20240621T225842_054428_069F67_E12F_COG.SAFE",
    "t": "2024-06-21T22:58:13+00:00",
    "sensor": "sentinel1-vv-cfar",
    "uncertainty_m": 7.6
   }
  },
  {
   "type": "Feature",
   "geometry": {
    "type": "Point",
    "coordinates": [
     -74.90712468977841,
     36.362086114573074
    ]
   },
   "properties": {
    "confidence": 0.325,
    "snr": 6.49,
    "peak_dn": 100.0,
    "background_dn": 35.1,
    "sigma_dn": 9.99,
    "pixels": 2,
    "length_m_approx": 14.1,
    "pixel": [
     11453.5,
     16568.0
    ],
    "scene": "S1A_IW_GRDH_1SDV_20240621T225813_20240621T225842_054428_069F67_E12F_COG.SAFE",
    "t": "2024-06-21T22:58:13+00:00",
    "sensor": "sentinel1-vv-cfar",
    "uncertainty_m": 7.6
   }
  },
  {
   "type": "Feature",
   "geometry": {
    "type": "Point",
    "coordinates": [
     -74.87121751237345,
     36.361603906285126
    ]
   },
   "properties": {
    "confidence": 0.321,
    "snr": 6.41,
    "peak_dn": 94.0,
    "background_dn": 32.5,
    "sigma_dn": 9.59,
    "pixels": 3,
    "length_m_approx": 17.3,
    "pixel": [
     11769.7,
     16507.3
    ],
    "scene": "S1A_IW_GRDH_1SDV_20240621T225813_20240621T225842_054428_069F67_E12F_COG.SAFE",
    "t": "2024-06-21T22:58:13+00:00",
    "sensor": "sentinel1-vv-cfar",
    "uncertainty_m": 9.1
   }
  },
  {
   "type": "Feature",
   "geometry": {
    "type": "Point",
    "coordinates": [
     -75.0017135987886,
     36.50955471864475
    ]
   },
   "properties": {
    "confidence": 0.32,
    "snr": 6.4,
    "peak_dn": 106.0,
    "background_dn": 37.0,
    "sigma_dn": 10.79,
    "pixels": 2,
    "length_m_approx": 14.1,
    "pixel": [
     10910.5,
     18301.0
    ],
    "scene": "S1A_IW_GRDH_1SDV_20240621T225813_20240621T225842_054428_069F67_E12F_COG.SAFE",
    "t": "2024-06-21T22:58:13+00:00",
    "sensor": "sentinel1-vv-cfar",
    "uncertainty_m": 7.6
   }
  },
  {
   "type": "Feature",
   "geometry": {
    "type": "Point",
    "coordinates": [
     -74.99798509063457,
     36.404883879574356
    ]
   },
   "properties": {
    "confidence": 0.318,
    "snr": 6.36,
    "peak_dn": 98.0,
    "background_dn": 33.4,
    "sigma_dn": 10.16,
    "pixels": 2,
    "length_m_approx": 14.1,
    "pixel": [
     10736.0,
     17169.5
    ],
    "scene": "S1A_IW_GRDH_1SDV_20240621T225813_20240621T225842_054428_069F67_E12F_COG.SAFE",
    "t": "2024-06-21T22:58:13+00:00",
    "sensor": "sentinel1-vv-cfar",
    "uncertainty_m": 7.6
   }
  },
  {
   "type": "Feature",
   "geometry": {
    "type": "Point",
    "coordinates": [
     -74.92502553022129,
     36.40008189608205
    ]
   },
   "properties": {
    "confidence": 0.317,
    "snr": 6.34,
    "peak_dn": 103.0,
    "background_dn": 36.0,
    "sigma_dn": 10.57,
    "pixels": 2,
    "length_m_approx": 14.1,
    "pixel": [
     11370.5,
     17004.5
    ],
    "scene": "S1A_IW_GRDH_1SDV_20240621T225813_20240621T225842_054428_069F67_E12F_COG.SAFE",
    "t": "2024-06-21T22:58:13+00:00",
    "sensor": "sentinel1-vv-cfar",
    "uncertainty_m": 7.6
   }
  },
  {
   "type": "Feature",
   "geometry": {
    "type": "Point",
    "coordinates": [
     -75.06685412192857,
     36.46333576297614
    ]
   },
   "properties": {
    "confidence": 0.311,
    "snr": 6.23,
    "peak_dn": 98.0,
    "background_dn": 36.9,
    "sigma_dn": 9.81,
    "pixels": 2,
    "length_m_approx": 14.1,
    "pixel": [
     10244.5,
     17905.0
    ],
    "scene": "S1A_IW_GRDH_1SDV_20240621T225813_20240621T225842_054428_069F67_E12F_COG.SAFE",
    "t": "2024-06-21T22:58:13+00:00",
    "sensor": "sentinel1-vv-cfar",
    "uncertainty_m": 7.6
   }
  },
  {
   "type": "Feature",
   "geometry": {
    "type": "Point",
    "coordinates": [
     -74.85471422151764,
     36.35969401747065
    ]
   },
   "properties": {
    "confidence": 0.31,
    "snr": 6.21,
    "peak_dn": 76.0,
    "background_dn": 29.0,
    "sigma_dn": 7.57,
    "pixels": 3,
    "length_m_approx": 17.3,
    "pixel": [
     11911.7,
     16461.3
    ],
    "scene": "S1A_IW_GRDH_1SDV_20240621T225813_20240621T225842_054428_069F67_E12F_COG.SAFE",
    "t": "2024-06-21T22:58:13+00:00",
    "sensor": "sentinel1-vv-cfar",
    "uncertainty_m": 9.1
   }
  },
  {
   "type": "Feature",
   "geometry": {
    "type": "Point",
    "coordinates": [
     -74.9463670578573,
     36.470122098753016
    ]
   },
   "properties": {
    "confidence": 0.307,
    "snr": 6.13,
    "peak_dn": 99.0,
    "background_dn": 36.3,
    "sigma_dn": 10.22,
    "pixels": 2,
    "length_m_approx": 14.1,
    "pixel": [
     11320.5,
     17791.0
    ],
    "scene": "S1A_IW_GRDH_1SDV_20240621T225813_20240621T225842_054428_069F67_E12F_COG.SAFE",
    "t": "2024-06-21T22:58:13+00:00",
    "sensor": "sentinel1-vv-cfar",
    "uncertainty_m": 7.6
   }
  },
  {
   "type": "Feature",
   "geometry": {
    "type": "Point",
    "coordinates": [
     -74.72555968012199,
     36.56000696151976
    ]
   },
   "properties": {
    "confidence": 0.95,
    "snr": 87.25,
    "peak_dn": 989.0,
    "background_dn": 39.0,
    "sigma_dn": 10.89,
    "pixels": 33,
    "length_m_approx": 57.4,
    "pixel": [
     13443.6,
     18419.2
    ],
    "scene": "S1A_IW_GRDH_1SDV_20240621T225813_20240621T225842_054428_069F67_E12F_COG.SAFE",
    "t": "2024-06-21T22:58:13+00:00",
    "sensor": "sentinel1-vv-cfar",
    "uncertainty_m": 28.9
   }
  },
  {
   "type": "Feature",
   "geometry": {
    "type": "Point",
    "coordinates": [
     -74.65736467493275,
     36.405332357264015
    ]
   },
   "properties": {
    "confidence": 0.37,
    "snr": 7.39,
    "peak_dn": 95.0,
    "background_dn": 30.5,
    "sigma_dn": 8.73,
    "pixels": 2,
    "length_m_approx": 14.1,
    "pixel": [
     13744.0,
     16649.5
    ],
    "scene": "S1A_IW_GRDH_1SDV_20240621T225813_20240621T225842_054428_069F67_E12F_COG.SAFE",
    "t": "2024-06-21T22:58:13+00:00",
    "sensor": "sentinel1-vv-cfar",
    "uncertainty_m": 7.6
   }
  },
  {
   "type": "Feature",
   "geometry": {
    "type": "Point",
    "coordinates": [
     -74.67233157418566,
     36.40747583601468
    ]
   },
   "properties": {
    "confidence": 0.359,
    "snr": 7.17,
    "peak_dn": 91.0,
    "background_dn": 29.5,
    "sigma_dn": 8.58,
    "pixels": 2,
    "length_m_approx": 14.1,
    "pixel": [
     13616.0,
     16695.5
    ],
    "scene": "S1A_IW_GRDH_1SDV_20240621T225813_20240621T225842_054428_069F67_E12F_COG.SAFE",
    "t": "2024-06-21T22:58:13+00:00",
    "sensor": "sentinel1-vv-cfar",
    "uncertainty_m": 7.6
   }
  },
  {
   "type": "Feature",
   "geometry": {
    "type": "Point",
    "coordinates": [
     -74.67031250139713,
     36.38926541096178
    ]
   },
   "properties": {
    "confidence": 0.351,
    "snr": 7.03,
    "peak_dn": 85.0,
    "background_dn": 28.7,
    "sigma_dn": 8.01,
    "pixels": 3,
    "length_m_approx": 17.3,
    "pixel": [
     13598.3,
     16496.3
    ],
    "scene": "S1A_IW_GRDH_1SDV_20240621T225813_20240621T225842_054428_069F67_E12F_COG.SAFE",
    "t": "2024-06-21T22:58:13+00:00",
    "sensor": "sentinel1-vv-cfar",
    "uncertainty_m": 9.1
   }
  },
  {
   "type": "Feature",
   "geometry": {
    "type": "Point",
    "coordinates": [
     -74.69586443490402,
     36.38277475861738
    ]
   },
   "properties": {
    "confidence": 0.349,
    "snr": 6.97,
    "peak_dn": 101.0,
    "background_dn": 32.4,
    "sigma_dn": 9.85,
    "pixels": 2,
    "length_m_approx": 14.1,
    "pixel": [
     13360.0,
     16465.5
    ],
    "scene": "S1A_IW_GRDH_1SDV_20240621T225813_20240621T225842_054428_069F67_E12F_COG.SAFE",
    "t": "2024-06-21T22:58:13+00:00",
    "sensor": "sentinel1-vv-cfar",
    "uncertainty_m": 7.6
   }
  },
  {
   "type": "Feature",
   "geometry": {
    "type": "Point",
    "coordinates": [
     -74.63973998394327,
     36.54405199296383
    ]
   },
   "properties": {
    "confidence": 0.339,
    "snr": 6.79,
    "peak_dn": 114.0,
    "background_dn": 40.8,
    "sigma_dn": 10.79,
    "pixels": 2,
    "length_m_approx": 14.1,
    "pixel": [
     14169.0,
     18116.5
    ],
    "scene": "S1A_IW_GRDH_1SDV_20240621T225813_20240621T225842_054428_069F67_E12F_COG.SAFE",
    "t": "2024-06-21T22:58:13+00:00",
    "sensor": "sentinel1-vv-cfar",
    "uncertainty_m": 7.6
   }
  },
  {
   "type": "Feature",
   "geometry": {
    "type": "Point",
    "coordinates": [
     -74.6837180496839,
     36.4357190515894
    ]
   },
   "properties": {
    "confidence": 0.338,
    "snr": 6.76,
    "peak_dn": 114.0,
    "background_dn": 39.3,
    "sigma_dn": 11.04,
    "pixels": 2,
    "length_m_approx": 14.1,
    "pixel": [
     13570.5,
     17017.0
    ],
    "scene": "S1A_IW_GRDH_1SDV_20240621T225813_20240621T225842_054428_069F67_E12F_COG.SAFE",
    "t": "2024-06-21T22:58:13+00:00",
    "sensor": "sentinel1-vv-cfar",
    "uncertainty_m": 7.6
   }
  },
  {
   "type": "Feature",
   "geometry": {
    "type": "Point",
    "coordinates": [
     -74.78375026061602,
     36.397665233436314
    ]
   },
   "properties": {
    "confidence": 0.335,
    "snr": 6.7,
    "peak_dn": 109.0,
    "background_dn": 38.0,
    "sigma_dn": 10.6,
    "pixels": 2,
    "length_m_approx": 14.1,
    "pixel": [
     12613.0,
     16760.5
    ],
    "scene": "S1A_IW_GRDH_1SDV_20240621T225813_20240621T225842_054428_069F67_E12F_COG.SAFE",
    "t": "2024-06-21T22:58:13+00:00",
    "sensor": "sentinel1-vv-cfar",
    "uncertainty_m": 7.6
   }
  },
  {
   "type": "Feature",
   "geometry": {
    "type": "Point",
    "coordinates": [
     -74.68279948018937,
     36.39846698189027
    ]
   },
   "properties": {
    "confidence": 0.313,
    "snr": 6.27,
    "peak_dn": 99.0,
    "background_dn": 33.2,
    "sigma_dn": 10.49,
    "pixels": 2,
    "length_m_approx": 14.1,
    "pixel": [
     13506.0,
     16614.5
    ],
    "scene": "S1A_IW_GRDH_1SDV_20240621T225813_20240621T225842_054428_069F67_E12F_COG.SAFE",
    "t": "2024-06-21T22:58:13+00:00",
    "sensor": "sentinel1-vv-cfar",
    "uncertainty_m": 7.6
   }
  },
  {
   "type": "Feature",
   "geometry": {
    "type": "Point",
    "coordinates": [
     -74.65745956816797,
     36.40499231710114
    ]
   },
   "properties": {
    "confidence": 0.303,
    "snr": 6.07,
    "peak_dn": 83.0,
    "background_dn": 30.4,
    "sigma_dn": 8.66,
    "pixels": 2,
    "length_m_approx": 14.1,
    "pixel": [
     13742.5,
     16646.0
    ],
    "scene": "S1A_IW_GRDH_1SDV_20240621T225813_20240621T225842_054428_069F67_E12F_COG.SAFE",
    "t": "2024-06-21T22:58:13+00:00",
    "sensor": "sentinel1-vv-cfar",
    "uncertainty_m": 7.6
   }
  },
  {
   "type": "Feature",
   "geometry": {
    "type": "Point",
    "coordinates": [
     -74.49499690752857,
     36.41992986288678
    ]
   },
   "properties": {
    "confidence": 0.434,
    "snr": 8.69,
    "peak_dn": 125.0,
    "background_dn": 37.1,
    "sigma_dn": 10.12,
    "pixels": 4,
    "length_m_approx": 20.0,
    "pixel": [
     15206.2,
     16560.0
    ],
    "scene": "S1A_IW_GRDH_1SDV_20240621T225813_20240621T225842_054428_069F67_E12F_COG.SAFE",
    "t": "2024-06-21T22:58:13+00:00",
    "sensor": "sentinel1-vv-cfar",
    "uncertainty_m": 10.4
   }
  },
  {
   "type": "Feature",
   "geometry": {
    "type": "Point",
    "coordinates": [
     -74.46309673124118,
     36.51266939124585
    ]
   },
   "properties": {
    "confidence": 0.394,
    "snr": 7.88,
    "peak_dn": 113.0,
    "background_dn": 35.4,
    "sigma_dn": 9.84,
    "pixels": 3,
    "length_m_approx": 17.3,
    "pixel": [
     15666.3,
     17511.3
    ],
    "scene": "S1A_IW_GRDH_1SDV_20240621T225813_20240621T225842_054428_069F67_E12F_COG.SAFE",
    "t": "2024-06-21T22:58:13+00:00",
    "sensor": "sentinel1-vv-cfar",
    "uncertainty_m": 9.1
   }
  },
  {
   "type": "Feature",
   "geometry": {
    "type": "Point",
    "coordinates": [
     -74.53402789820795,
     36.421997245379
    ]
   },
   "properties": {
    "confidence": 0.393,
    "snr": 7.86,
    "peak_dn": 116.0,
    "background_dn": 37.8,
    "sigma_dn": 9.95,
    "pixels": 4,
    "length_m_approx": 20.0,
    "pixel": [
     14865.5,
     16641.5
    ],
    "scene": "S1A_IW_GRDH_1SDV_20240621T225813_20240621T225842_054428_069F67_E12F_COG.SAFE",
    "t": "2024-06-21T22:58:13+00:00",
    "sensor": "sentinel1-vv-cfar",
    "uncertainty_m": 10.4
   }
  },
  {
   "type": "Feature",
   "geometry": {
    "type": "Point",
    "coordinates": [
     -74.60065392483614,
     36.52721718938157
    ]
   },
   "properties": {
    "confidence": 0.376,
    "snr": 7.52,
    "peak_dn": 109.0,
    "background_dn": 37.2,
    "sigma_dn": 9.54,
    "pixels": 3,
    "length_m_approx": 17.3,
    "pixel": [
     14481.0,
     17876.0
    ],
    "scene": "S1A_IW_GRDH_1SDV_20240621T225813_20240621T225842_054428_069F67_E12F_COG.SAFE",
    "t": "2024-06-21T22:58:13+00:00",
    "sensor": "sentinel1-vv-cfar",
    "uncertainty_m": 9.1
   }
  },
  {
   "type": "Feature",
   "geometry": {
    "type": "Point",
    "coordinates": [
     -74.53064025730771,
     36.47787295869705
    ]
   },
   "properties": {
    "confidence": 0.366,
    "snr": 7.33,
    "peak_dn": 101.0,
    "background_dn": 33.9,
    "sigma_dn": 9.15,
    "pixels": 3,
    "length_m_approx": 17.3,
    "pixel": [
     15003.3,
     17238.3
    ],
    "scene": "S1A_IW_GRDH_1SDV_20240621T225813_20240621T225842_054428_069F67_E12F_COG.SAFE",
    "t": "2024-06-21T22:58:13+00:00",
    "sensor": "sentinel1-vv-cfar",
    "uncertainty_m": 9.1
   }
  },
  {
   "type": "Feature",
   "geometry": {
    "type": "Point",
    "coordinates": [
     -74.5710870050536,
     36.54599022429346
    ]
   },
   "properties": {
    "confidence": 0.363,
    "snr": 7.27,
    "peak_dn": 107.0,
    "background_dn": 35.8,
    "sigma_dn": 9.8,
    "pixels": 2,
    "length_m_approx": 14.1,
    "pixel": [
     14778.0,
     18033.5
    ],
    "scene": "S1A_IW_GRDH_1SDV_20240621T225813_20240621T225842_054428_069F67_E12F_COG.SAFE",
    "t": "2024-06-21T22:58:13+00:00",
    "sensor": "sentinel1-vv-cfar",
    "uncertainty_m": 7.6
   }
  },
  {
   "type": "Feature",
   "geometry": {
    "type": "Point",
    "coordinates": [
     -74.5090561867471,
     36.416792478321604
    ]
   },
   "properties": {
    "confidence": 0.353,
    "snr": 7.05,
    "peak_dn": 111.0,
    "background_dn": 38.8,
    "sigma_dn": 10.24,
    "pixels": 2,
    "length_m_approx": 14.1,
    "pixel": [
     15076.0,
     16547.5
    ],
    "scene": "S1A_IW_GRDH_1SDV_20240621T225813_20240621T225842_054428_069F67_E12F_COG.SAFE",
    "t": "2024-06-21T22:58:13+00:00",
    "sensor": "sentinel1-vv-cfar",
    "uncertainty_m": 7.6
   }
  },
  {
   "type": "Feature",
   "geometry": {
    "type": "Point",
    "coordinates": [
     -74.38808494727817,
     36.5131220560719
    ]
   },
   "properties": {
    "confidence": 0.342,
    "snr": 6.84,
    "peak_dn": 118.0,
    "background_dn": 41.7,
    "sigma_dn": 11.15,
    "pixels": 2,
    "length_m_approx": 14.1,
    "pixel": [
     16329.0,
     17403.5
    ],
    "scene": "S1A_IW_GRDH_1SDV_20240621T225813_20240621T225842_054428_069F67_E12F_COG.SAFE",
    "t": "2024-06-21T22:58:13+00:00",
    "sensor": "sentinel1-vv-cfar",
    "uncertainty_m": 7.6
   }
  },
  {
   "type": "Feature",
   "geometry": {
    "type": "Point",
    "coordinates": [
     -74.45174247412632,
     36.595811513589126
    ]
   },
   "properties": {
    "confidence": 0.338,
    "snr": 6.76,
    "peak_dn": 118.0,
    "background_dn": 41.3,
    "sigma_dn": 11.35,
    "pixels": 2,
    "length_m_approx": 14.1,
    "pixel": [
     15926.0,
     18390.5
    ],
    "scene": "S1A_IW_GRDH_1SDV_20240621T225813_20240621T225842_054428_069F67_E12F_COG.SAFE",
    "t": "2024-06-21T22:58:13+00:00",
    "sensor": "sentinel1-vv-cfar",
    "uncertainty_m": 7.6
   }
  },
  {
   "type": "Feature",
   "geometry": {
    "type": "Point",
    "coordinates": [
     -74.57128337963762,
     36.544464628515335
    ]
   },
   "properties": {
    "confidence": 0.333,
    "snr": 6.66,
    "peak_dn": 99.0,
    "background_dn": 35.6,
    "sigma_dn": 9.52,
    "pixels": 3,
    "length_m_approx": 17.3,
    "pixel": [
     14773.3,
     18017.3
    ],
    "scene": "S1A_IW_GRDH_1SDV_20240621T225813_20240621T225842_054428_069F67_E12F_COG.SAFE",
    "t": "2024-06-21T22:58:13+00:00",
    "sensor": "sentinel1-vv-cfar",
    "uncertainty_m": 9.1
   }
  },
  {
   "type": "Feature",
   "geometry": {
    "type": "Point",
    "coordinates": [
     -74.41394240424978,
     36.5100724594341
    ]
   },
   "properties": {
    "confidence": 0.328,
    "snr": 6.56,
    "peak_dn": 113.0,
    "background_dn": 42.2,
    "sigma_dn": 10.78,
    "pixels": 2,
    "length_m_approx": 14.1,
    "pixel": [
     16095.0,
     17409.5
    ],
    "scene": "S1A_IW_GRDH_1SDV_20240621T225813_20240621T225842_054428_069F67_E12F_COG.SAFE",
    "t": "2024-06-21T22:58:13+00:00",
    "sensor": "sentinel1-vv-cfar",
    "uncertainty_m": 7.6
   }
  },
  {
   "type": "Feature",
   "geometry": {
    "type": "Point",
    "coordinates": [
     -74.58920901346761,
     36.52673727240439
    ]
   },
   "properties": {
    "confidence": 0.326,
    "snr": 6.51,
    "peak_dn": 100.0,
    "background_dn": 36.6,
    "sigma_dn": 9.73,
    "pixels": 2,
    "length_m_approx": 14.1,
    "pixel": [
     14581.0,
     17853.5
    ],
    "scene": "S1A_IW_GRDH_1SDV_20240621T225813_20240621T225842_054428_069F67_E12F_COG.SAFE",
    "t": "2024-06-21T22:58:13+00:00",
    "sensor": "sentinel1-vv-cfar",
    "uncertainty_m": 7.6
   }
  },
  {
   "type": "Feature",
   "geometry": {
    "type": "Point",
    "coordinates": [
     -74.39770301893773,
     36.55931889453616
    ]
   },
   "properties": {
    "confidence": 0.312,
    "snr": 6.24,
    "peak_dn": 109.0,
    "background_dn": 40.4,
    "sigma_dn": 10.99,
    "pixels": 2,
    "length_m_approx": 14.1,
    "pixel": [
     16332.5,
     17916.0
    ],
    "scene": "S1A_IW_GRDH_1SDV_20240621T225813_20240621T225842_054428_069F67_E12F_COG.SAFE",
    "t": "2024-06-21T22:58:13+00:00",
    "sensor": "sentinel1-vv-cfar",
    "uncertainty_m": 7.6
   }
  },
  {
   "type": "Feature",
   "geometry": {
    "type": "Point",
    "coordinates": [
     -74.53132703506228,
     36.455981035578304
    ]
   },
   "properties": {
    "confidence": 0.306,
    "snr": 6.11,
    "peak_dn": 93.0,
    "background_dn": 35.5,
    "sigma_dn": 9.4,
    "pixels": 2,
    "length_m_approx": 14.1,
    "pixel": [
     14955.0,
     17003.5
    ],
    "scene": "S1A_IW_GRDH_1SDV_20240621T225813_20240621T225842_054428_069F67_E12F_COG.SAFE",
    "t": "2024-06-21T22:58:13+00:00",
    "sensor": "sentinel1-vv-cfar",
    "uncertainty_m": 7.6
   }
  },
  {
   "type": "Feature",
   "geometry": {
    "type": "Point",
    "coordinates": [
     -74.25009546499233,
     36.45781370542851
    ]
   },
   "properties": {
    "confidence": 0.95,
    "snr": 166.49,
    "peak_dn": 3447.0,
    "background_dn": 45.0,
    "sigma_dn": 20.43,
    "pixels": 280,
    "length_m_approx": 167.3,
    "pixel": [
     17441.6,
     16600.9
    ],
    "scene": "S1A_IW_GRDH_1SDV_20240621T225813_20240621T225842_054428_069F67_E12F_COG.SAFE",
    "t": "2024-06-21T22:58:13+00:00",
    "sensor": "sentinel1-vv-cfar",
    "uncertainty_m": 83.7
   }
  },
  {
   "type": "Feature",
   "geometry": {
    "type": "Point",
    "coordinates": [
     -74.38133935365411,
     36.54109766800854
    ]
   },
   "properties": {
    "confidence": 0.479,
    "snr": 9.57,
    "peak_dn": 149.0,
    "background_dn": 42.1,
    "sigma_dn": 11.17,
    "pixels": 3,
    "length_m_approx": 17.3,
    "pixel": [
     16442.0,
     17695.0
    ],
    "scene": "S1A_IW_GRDH_1SDV_20240621T225813_20240621T225842_054428_069F67_E12F_COG.SAFE",
    "t": "2024-06-21T22:58:13+00:00",
    "sensor": "sentinel1-vv-cfar",
    "uncertainty_m": 9.1
   }
  },
  {
   "type": "Feature",
   "geometry": {
    "type": "Point",
    "coordinates": [
     -74.25094836158607,
     36.458279837942406
    ]
   },
   "properties": {
    "confidence": 0.477,
    "snr": 9.55,
    "peak_dn": 269.0,
    "background_dn": 45.2,
    "sigma_dn": 23.44,
    "pixels": 3,
    "length_m_approx": 17.3,
    "pixel": [
     17435.0,
     16607.2
    ],
    "scene": "S1A_IW_GRDH_1SDV_20240621T225813_20240621T225842_054428_069F67_E12F_COG.SAFE",
    "t": "2024-06-21T22:58:13+00:00",
    "sensor": "sentinel1-vv-cfar",
    "uncertainty_m": 9.1
   }
  },
  {
   "type": "Feature",
   "geometry": {
    "type": "Point",
    "coordinates": [
     -74.18386482384156,
     36.61374384535101
    ]
   },
   "properties": {
    "confidence": 0.414,
    "snr": 8.27,
    "peak_dn": 105.0,
    "background_dn": 30.3,
    "sigma_dn": 9.03,
    "pixels": 6,
    "length_m_approx": 24.5,
    "pixel": [
     18321.3,
     18184.9
    ],
    "scene": "S1A_IW_GRDH_1SDV_20240621T225813_20240621T225842_054428_069F67_E12F_COG.SAFE",
    "t": "2024-06-21T22:58:13+00:00",
    "sensor": "sentinel1-vv-cfar",
    "uncertainty_m": 12.6
   }
  },
  {
   "type": "Feature",
   "geometry": {
    "type": "Point",
    "coordinates": [
     -74.24911261313876,
     36.45764167000659
    ]
   },
   "properties": {
    "confidence": 0.409,
    "snr": 8.19,
    "peak_dn": 159.0,
    "background_dn": 44.5,
    "sigma_dn": 13.98,
    "pixels": 2,
    "length_m_approx": 14.1,
    "pixel": [
     17450.0,
     16597.5
    ],
    "scene": "S1A_IW_GRDH_1SDV_20240621T225813_20240621T225842_054428_069F67_E12F_COG.SAFE",
    "t": "2024-06-21T22:58:13+00:00",
    "sensor": "sentinel1-vv-cfar",
    "uncertainty_m": 7.6
   }
  },
  {
   "type": "Feature",
   "geometry": {
    "type": "Point",
    "coordinates": [
     -74.18379228858143,
     36.63477077190968
    ]
   },
   "properties": {
    "confidence": 0.384,
    "snr": 7.67,
    "peak_dn": 75.0,
    "background_dn": 24.5,
    "sigma_dn": 6.58,
    "pixels": 3,
    "length_m_approx": 17.3,
    "pixel": [
     18361.7,
     18411.7
    ],
    "scene": "S1A_IW_GRDH_1SDV_20240621T225813_20240621T225842_054428_069F67_E12F_COG.SAFE",
    "t": "2024-06-21T22:58:13+00:00",
    "sensor": "sentinel1-vv-cfar",
    "uncertainty_m": 9.1
   }
  },
  {
   "type": "Feature",
   "geometry": {
    "type": "Point",
    "coordinates": [
     -74.27057248834411,
     36.5868786635101
    ]
   },
   "properties": {
    "confidence": 0.357,
    "snr": 7.15,
    "peak_dn": 113.0,
    "background_dn": 39.2,
    "sigma_dn": 10.33,
    "pixels": 2,
    "length_m_approx": 14.1,
    "pixel": [
     17506.0,
     18023.5
    ],
    "scene": "S1A_IW_GRDH_1SDV_20240621T225813_20240621T225842_054428_069F67_E12F_COG.SAFE",
    "t": "2024-06-21T22:58:13+00:00",
    "sensor": "sentinel1-vv-cfar",
    "uncertainty_m": 7.6
   }
  },
  {
   "type": "Feature",
   "geometry": {
    "type": "Point",
    "coordinates": [
     -74.27102636652164,
     36.556314348943566
    ]
   },
   "properties": {
    "confidence": 0.354,
    "snr": 7.08,
    "peak_dn": 108.0,
    "background_dn": 38.4,
    "sigma_dn": 9.84,
    "pixels": 2,
    "length_m_approx": 14.1,
    "pixel": [
     17444.0,
     17694.5
    ],
    "scene": "S1A_IW_GRDH_1SDV_20240621T225813_20240621T225842_054428_069F67_E12F_COG.SAFE",
    "t": "2024-06-21T22:58:13+00:00",
    "sensor": "sentinel1-vv-cfar",
    "uncertainty_m": 7.6
   }
  },
  {
   "type": "Feature",
   "geometry": {
    "type": "Point",
    "coordinates": [
     -74.30389570357488,
     36.61305931901569
    ]
   },
   "properties": {
    "confidence": 0.35,
    "snr": 7.0,
    "peak_dn": 116.0,
    "background_dn": 42.0,
    "sigma_dn": 10.56,
    "pixels": 2,
    "length_m_approx": 14.1,
    "pixel": [
     17262.0,
     18355.5
    ],
    "scene": "S1A_IW_GRDH_1SDV_20240621T225813_20240621T225842_054428_069F67_E12F_COG.SAFE",
    "t": "2024-06-21T22:58:13+00:00",
    "sensor": "sentinel1-vv-cfar",
    "uncertainty_m": 7.6
   }
  },
  {
   "type": "Feature",
   "geometry": {
    "type": "Point",
    "coordinates": [
     -74.17898299228804,
     36.612757245053444
    ]
   },
   "properties": {
    "confidence": 0.34,
    "snr": 6.8,
    "peak_dn": 87.0,
    "background_dn": 28.6,
    "sigma_dn": 8.59,
    "pixels": 2,
    "length_m_approx": 14.1,
    "pixel": [
     18362.5,
     18167.0
    ],
    "scene": "S1A_IW_GRDH_1SDV_20240621T225813_20240621T225842_054428_069F67_E12F_COG.SAFE",
    "t": "2024-06-21T22:58:13+00:00",
    "sensor": "sentinel1-vv-cfar",
    "uncertainty_m": 7.6
   }
  },
  {
   "type": "Feature",
   "geometry": {
    "type": "Point",
    "coordinates": [
     -74.30437011670807,
     36.613409202277836
    ]
   },
   "properties": {
    "confidence": 0.338,
    "snr": 6.75,
    "peak_dn": 114.0,
    "background_dn": 42.0,
    "sigma_dn": 10.66,
    "pixels": 2,
    "length_m_approx": 14.1,
    "pixel": [
     17258.5,
     18360.0
    ],
    "scene": "S1A_IW_GRDH_1SDV_20240621T225813_20240621T225842_054428_069F67_E12F_COG.SAFE",
    "t": "2024-06-21T22:58:13+00:00",
    "sensor": "sentinel1-vv-cfar",
    "uncertainty_m": 7.6
   }
  },
  {
   "type": "Feature",
   "geometry": {
    "type": "Point",
    "coordinates": [
     -74.3812684214747,
     36.559614074657894
    ]
   },
   "properties": {
    "confidence": 0.33,
    "snr": 6.6,
    "peak_dn": 113.0,
    "background_dn": 40.6,
    "sigma_dn": 10.96,
    "pixels": 2,
    "length_m_approx": 14.1,
    "pixel": [
     16478.0,
     17894.5
    ],
    "scene": "S1A_IW_GRDH_1SDV_20240621T225813_20240621T225842_054428_069F67_E12F_COG.SAFE",
    "t": "2024-06-21T22:58:13+00:00",
    "sensor": "sentinel1-vv-cfar",
    "uncertainty_m": 7.6
   }
  },
  {
   "type": "Feature",
   "geometry": {
    "type": "Point",
    "coordinates": [
     -74.25104548367882,
     36.45741775013074
    ]
   },
   "properties": {
    "confidence": 0.323,
    "snr": 6.45,
    "peak_dn": 138.0,
    "background_dn": 44.9,
    "sigma_dn": 14.42,
    "pixels": 2,
    "length_m_approx": 14.1,
    "pixel": [
     17432.5,
     16598.0
    ],
    "scene": "S1A_IW_GRDH_1SDV_20240621T225813_20240621T225842_054428_069F67_E12F_COG.SAFE",
    "t": "2024-06-21T22:58:13+00:00",
    "sensor": "sentinel1-vv-cfar",
    "uncertainty_m": 7.6
   }
  },
  {
   "type": "Feature",
   "geometry": {
    "type": "Point",
    "coordinates": [
     -74.17303135174166,
     36.54944913083444
    ]
   },
   "properties": {
    "confidence": 0.322,
    "snr": 6.44,
    "peak_dn": 94.0,
    "background_dn": 34.2,
    "sigma_dn": 9.28,
    "pixels": 2,
    "length_m_approx": 14.1,
    "pixel": [
     18295.5,
     17475.0
    ],
    "scene": "S1A_IW_GRDH_1SDV_20240621T225813_20240621T225842_054428_069F67_E12F_COG.SAFE",
    "t": "2024-06-21T22:58:13+00:00",
    "sensor": "sentinel1-vv-cfar",
    "uncertainty_m": 7.6
   }
  },
  {
   "type": "Feature",
   "geometry": {
    "type": "Point",
    "coordinates": [
     -73.97863829554484,
     36.53071845332394
    ]
   },
   "properties": {
    "confidence": 0.583,
    "snr": 11.66,
    "peak_dn": 87.0,
    "background_dn": 20.2,
    "sigma_dn": 5.73,
    "pixels": 11,
    "length_m_approx": 33.2,
    "pixel": [
     19975.9,
     16986.7
    ],
    "scene": "S1A_IW_GRDH_1SDV_20240621T225813_20240621T225842_054428_069F67_E12F_COG.SAFE",
    "t": "2024-06-21T22:58:13+00:00",
    "sensor": "sentinel1-vv-cfar",
    "uncertainty_m": 16.8
   }
  },
  {
   "type": "Feature",
   "geometry": {
    "type": "Point",
    "coordinates": [
     -74.06895130710218,
     36.649427704236494
    ]
   },
   "properties": {
    "confidence": 0.491,
    "snr": 9.82,
    "peak_dn": 79.0,
    "background_dn": 21.0,
    "sigma_dn": 5.91,
    "pixels": 8,
    "length_m_approx": 28.3,
    "pixel": [
     19401.4,
     18400.7
    ],
    "scene": "S1A_IW_GRDH_1SDV_20240621T225813_20240621T225842_054428_069F67_E12F_COG.SAFE",
    "t": "2024-06-21T22:58:13+00:00",
    "sensor": "sentinel1-vv-cfar",
    "uncertainty_m": 14.4
   }
  },
  {
   "type": "Feature",
   "geometry": {
    "type": "Point",
    "coordinates": [
     -74.15777021330895,
     36.60865675783956
    ]
   },
   "properties": {
    "confidence": 0.482,
    "snr": 9.64,
    "peak_dn": 94.0,
    "background_dn": 25.3,
    "sigma_dn": 7.13,
    "pixels": 5,
    "length_m_approx": 22.4,
    "pixel": [
     18541.8,
     18091.4
    ],
    "scene": "S1A_IW_GRDH_1SDV_20240621T225813_20240621T225842_054428_069F67_E12F_COG.SAFE",
    "t": "2024-06-21T22:58:13+00:00",
    "sensor": "sentinel1-vv-cfar",
    "uncertainty_m": 11.5
   }
  },
  {
   "type": "Feature",
   "geometry": {
    "type": "Point",
    "coordinates": [
     -74.11254733804982,
     36.606272218390274
    ]
   },
   "properties": {
    "confidence": 0.469,
    "snr": 9.39,
    "peak_dn": 76.0,
    "background_dn": 21.9,
    "sigma_dn": 5.76,
    "pixels": 7,
    "length_m_approx": 26.5,
    "pixel": [
     18936.0,
     17999.0
    ],
    "scene": "S1A_IW_GRDH_1SDV_20240621T225813_20240621T225842_054428_069F67_E12F_COG.SAFE",
    "t": "2024-06-21T22:58:13+00:00",
    "sensor": "sentinel1-vv-cfar",
    "uncertainty_m": 13.5
   }
  },
  {
   "type": "Feature",
   "geometry": {
    "type": "Point",
    "coordinates": [
     -74.13134216037956,
     36.59036656128892
    ]
   },
   "properties": {
    "confidence": 0.463,
    "snr": 9.25,
    "peak_dn": 88.0,
    "background_dn": 24.0,
    "sigma_dn": 6.91,
    "pixels": 8,
    "length_m_approx": 28.3,
    "pixel": [
     18740.4,
     17855.0
    ],
    "scene": "S1A_IW_GRDH_1SDV_20240621T225813_20240621T225842_054428_069F67_E12F_COG.SAFE",
    "t": "2024-06-21T22:58:13+00:00",
    "sensor": "sentinel1-vv-cfar",
    "uncertainty_m": 14.4
   }
  },
  {
   "type": "Feature",
   "geometry": {
    "type": "Point",
    "coordinates": [
     -74.11184439533265,
     36.605679333397674
    ]
   },
   "properties": {
    "confidence": 0.455,
    "snr": 9.1,
    "peak_dn": 80.0,
    "background_dn": 22.3,
    "sigma_dn": 6.34,
    "pixels": 8,
    "length_m_approx": 28.3,
    "pixel": [
     18941.1,
     17991.5
    ],
    "scene": "S1A_IW_GRDH_1SDV_20240621T225813_20240621T225842_054428_069F67_E12F_COG.SAFE",
    "t": "2024-06-21T22:58:13+00:00",
    "sensor": "sentinel1-vv-cfar",
    "uncertainty_m": 14.4
   }
  },
  {
   "type": "Feature",
   "geometry": {
    "type": "Point",
    "coordinates": [
     -73.94487533860719,
     36.60590972916018
    ]
   },
   "properties": {
    "confidence": 0.455,
    "snr": 9.1,
    "peak_dn": 63.0,
    "background_dn": 19.0,
    "sigma_dn": 4.83,
    "pixels": 4,
    "length_m_approx": 20.0,
    "pixel": [
     20414.0,
     17749.2
    ],
    "scene": "S1A_IW_GRDH_1SDV_20240621T225813_20240621T225842_054428_069F67_E12F_COG.SAFE",
    "t": "2024-06-21T22:58:13+00:00",
    "sensor": "sentinel1-vv-cfar",
    "uncertainty_m": 10.4
   }
  },
  {
   "type": "Feature",
   "geometry": {
    "type": "Point",
    "coordinates": [
     -73.95485883251746,
     36.58141431460076
    ]
   },
   "properties": {
    "confidence": 0.452,
    "snr": 9.04,
    "peak_dn": 75.0,
    "background_dn": 20.2,
    "sigma_dn": 6.06,
    "pixels": 3,
    "length_m_approx": 17.3,
    "pixel": [
     20280.4,
     17499.3
    ],
    "scene": "S1A_IW_GRDH_1SDV_20240621T225813_20240621T225842_054428_069F67_E12F_COG.SAFE",
    "t": "2024-06-21T22:58:13+00:00",
    "sensor": "sentinel1-vv-cfar",
    "uncertainty_m": 9.1
   }
  },
  {
   "type": "Feature",
   "geometry": {
    "type": "Point",
    "coordinates": [
     -74.11149883974285,
     36.60603369817383
    ]
   },
   "properties": {
    "confidence": 0.448,
    "snr": 8.96,
    "peak_dn": 79.0,
    "background_dn": 22.3,
    "sigma_dn": 6.33,
    "pixels": 6,
    "length_m_approx": 24.5,
    "pixel": [
     18944.8,
     17994.8
    ],
    "scene": "S1A_IW_GRDH_1SDV_20240621T225813_20240621T225842_054428_069F67_E12F_COG.SAFE",
    "t": "2024-06-21T22:58:13+00:00",
    "sensor": "sentinel1-vv-cfar",
    "uncertainty_m": 12.6
   }
  },
  {
   "type": "Feature",
   "geometry": {
    "type": "Point",
    "coordinates": [
     -74.13938142505754,
     36.60352993714319
    ]
   },
   "properties": {
    "confidence": 0.445,
    "snr": 8.9,
    "peak_dn": 87.0,
    "background_dn": 24.2,
    "sigma_dn": 7.05,
    "pixels": 4,
    "length_m_approx": 20.0,
    "pixel": [
     18694.2,
     18009.0
    ],
    "scene": "S1A_IW_GRDH_1SDV_20240621T225813_20240621T225842_054428_069F67_E12F_COG.SAFE",
    "t": "2024-06-21T22:58:13+00:00",
    "sensor": "sentinel1-vv-cfar",
    "uncertainty_m": 10.4
   }
  },
  {
   "type": "Feature",
   "geometry": {
    "type": "Point",
    "coordinates": [
     -73.95859231081724,
     36.53638817591317
    ]
   },
   "properties": {
    "confidence": 0.443,
    "snr": 8.85,
    "peak_dn": 59.0,
    "background_dn": 18.5,
    "sigma_dn": 4.57,
    "pixels": 4,
    "length_m_approx": 20.0,
    "pixel": [
     20163.5,
     17018.5
    ],
    "scene": "S1A_IW_GRDH_1SDV_20240621T225813_20240621T225842_054428_069F67_E12F_COG.SAFE",
    "t": "2024-06-21T22:58:13+00:00",
    "sensor": "sentinel1-vv-cfar",
    "uncertainty_m": 10.4
   }
  },
  {
   "type": "Feature",
   "geometry": {
    "type": "Point",
    "coordinates": [
     -73.9458682705899,
     36.51684768704182
    ]
   },
   "properties": {
    "confidence": 0.431,
    "snr": 8.61,
    "peak_dn": 95.0,
    "background_dn": 21.5,
    "sigma_dn": 8.53,
    "pixels": 17,
    "length_m_approx": 41.2,
    "pixel": [
     20239.3,
     16788.8
    ],
    "scene": "S1A_IW_GRDH_1SDV_20240621T225813_20240621T225842_054428_069F67_E12F_COG.SAFE",
    "t": "2024-06-21T22:58:13+00:00",
    "sensor": "sentinel1-vv-cfar",
    "uncertainty_m": 20.8
   }
  },
  {
   "type": "Feature",
   "geometry": {
    "type": "Point",
    "coordinates": [
     -74.11260538842095,
     36.60733426008226
    ]
   },
   "properties": {
    "confidence": 0.43,
    "snr": 8.61,
    "peak_dn": 76.0,
    "background_dn": 22.1,
    "sigma_dn": 6.26,
    "pixels": 4,
    "length_m_approx": 20.0,
    "pixel": [
     18937.5,
     18010.5
    ],
    "scene": "S1A_IW_GRDH_1SDV_20240621T225813_20240621T225842_054428_069F67_E12F_COG.SAFE",
    "t": "2024-06-21T22:58:13+00:00",
    "sensor": "sentinel1-vv-cfar",
    "uncertainty_m": 10.4
   }
  },
  {
   "type": "Feature",
   "geometry": {
    "type": "Point",
    "coordinates": [
     -73.94991592421856,
     36.59122486782071
    ]
   },
   "properties": {
    "confidence": 0.428,
    "snr": 8.56,
    "peak_dn": 61.0,
    "background_dn": 18.9,
    "sigma_dn": 4.92,
    "pixels": 4,
    "length_m_approx": 20.0,
    "pixel": [
     20342.2,
     17598.0
    ],
    "scene": "S1A_IW_GRDH_1SDV_20240621T225813_20240621T225842_054428_069F67_E12F_COG.SAFE",
    "t": "2024-06-21T22:58:13+00:00",
    "sensor": "sentinel1-vv-cfar",
    "uncertainty_m": 10.4
   }
  },
  {
   "type": "Feature",
   "geometry": {
    "type": "Point",
    "coordinates": [
     -73.97259044189266,
     36.610802112682734
    ]
   },
   "properties": {
    "confidence": 0.426,
    "snr": 8.53,
    "peak_dn": 72.0,
    "background_dn": 21.4,
    "sigma_dn": 5.94,
    "pixels": 3,
    "length_m_approx": 17.3,
    "pixel": [
     20178.7,
     17842.6
    ],
    "scene": "S1A_IW_GRDH_1SDV_20240621T225813_20240621T225842_054428_069F67_E12F_COG.SAFE",
    "t": "2024-06-21T22:58:13+00:00",
    "sensor": "sentinel1-vv-cfar",
    "uncertainty_m": 9.1
   }
  },
  {
   "type": "Feature",
   "geometry": {
    "type": "Point",
    "coordinates": [
     -74.10731911290296,
     36.62426965927048
    ]
   },
   "properties": {
    "confidence": 0.425,
    "snr": 8.51,
    "peak_dn": 91.0,
    "background_dn": 24.2,
    "sigma_dn": 7.85,
    "pixels": 6,
    "length_m_approx": 24.5,
    "pixel": [
     19016.0,
     18185.5
    ],
    "scene": "S1A_IW_GRDH_1SDV_20240621T225813_20240621T225842_054428_069F67_E12F_COG.SAFE",
    "t": "2024-06-21T22:58:13+00:00",
    "sensor": "sentinel1-vv-cfar",
    "uncertainty_m": 12.6
   }
  },
  {
   "type": "Feature",
   "geometry": {
    "type": "Point",
    "coordinates": [
     -73.96529935383217,
     36.66558091143554
    ]
   },
   "properties": {
    "confidence": 0.423,
    "snr": 8.46,
    "peak_dn": 66.0,
    "background_dn": 20.0,
    "sigma_dn": 5.44,
    "pixels": 8,
    "length_m_approx": 28.3,
    "pixel": [
     20345.1,
     18423.6
    ],
    "scene": "S1A_IW_GRDH_1SDV_20240621T225813_20240621T225842_054428_069F67_E12F_COG.SAFE",
    "t": "2024-06-21T22:58:13+00:00",
    "sensor": "sentinel1-vv-cfar",
    "uncertainty_m": 14.4
   }
  },
  {
   "type": "Feature",
   "geometry": {
    "type": "Point",
    "coordinates": [
     -73.95073302746457,
     36.506886734711074
    ]
   },
   "properties": {
    "confidence": 0.421,
    "snr": 8.41,
    "peak_dn": 89.0,
    "background_dn": 22.8,
    "sigma_dn": 7.87,
    "pixels": 5,
    "length_m_approx": 22.4,
    "pixel": [
     20177.8,
     16688.4
    ],
    "scene": "S1A_IW_GRDH_1SDV_20240621T225813_20240621T225842_054428_069F67_E12F_COG.SAFE",
    "t": "2024-06-21T22:58:13+00:00",
    "sensor": "sentinel1-vv-cfar",
    "uncertainty_m": 11.5
   }
  },
  {
   "type": "Feature",
   "geometry": {
    "type": "Point",
    "coordinates": [
     -73.95418984368739,
     36.55578062322744
    ]
   },
   "properties": {
    "confidence": 0.42,
    "snr": 8.41,
    "peak_dn": 57.0,
    "background_dn": 18.2,
    "sigma_dn": 4.62,
    "pixels": 10,
    "length_m_approx": 31.6,
    "pixel": [
     20238.5,
     17221.5
    ],
    "scene": "S1A_IW_GRDH_1SDV_20240621T225813_20240621T225842_054428_069F67_E12F_COG.SAFE",
    "t": "2024-06-21T22:58:13+00:00",
    "sensor": "sentinel1-vv-cfar",
    "uncertainty_m": 16.1
   }
  },
  {
   "type": "Feature",
   "geometry": {
    "type": "Point",
    "coordinates": [
     -74.01338602928206,
     36.63554401423066
    ]
   },
   "properties": {
    "confidence": 0.417,
    "snr": 8.35,
    "peak_dn": 71.0,
    "background_dn": 21.3,
    "sigma_dn": 5.95,
    "pixels": 7,
    "length_m_approx": 26.5,
    "pixel": [
     19865.2,
     18169.5
    ],
    "scene": "S1A_IW_GRDH_1SDV_20240621T225813_20240621T225842_054428_069F67_E12F_COG.SAFE",
    "t": "2024-06-21T22:58:13+00:00",
    "sensor": "sentinel1-vv-cfar",
    "uncertainty_m": 13.5
   }
  },
  {
   "type": "Feature",
   "geometry": {
    "type": "Point",
    "coordinates": [
     -74.11292908927598,
     36.60752198458279
    ]
   },
   "properties": {
    "confidence": 0.415,
    "snr": 8.31,
    "peak_dn": 74.0,
    "background_dn": 22.1,
    "sigma_dn": 6.25,
    "pixels": 5,
    "length_m_approx": 22.4,
    "pixel": [
     18935.0,
     18013.0
    ],
    "scene": "S1A_IW_GRDH_1SDV_20240621T225813_20240621T225842_054428_069F67_E12F_COG.SAFE",
    "t": "2024-06-21T22:58:13+00:00",
    "sensor": "sentinel1-vv-cfar",
    "uncertainty_m": 11.5
   }
  },
  {
   "type": "Feature",
   "geometry": {
    "type": "Point",
    "coordinates": [
     -73.9727543682954,
     36.610399732003145
    ]
   },
   "properties": {
    "confidence": 0.415,
    "snr": 8.3,
    "peak_dn": 72.0,
    "background_dn": 21.6,
    "sigma_dn": 6.08,
    "pixels": 4,
    "length_m_approx": 20.0,
    "pixel": [
     20176.5,
     17838.5
    ],
    "scene": "S1A_IW_GRDH_1SDV_20240621T225813_20240621T225842_054428_069F67_E12F_COG.SAFE",
    "t": "2024-06-21T22:58:13+00:00",
    "sensor": "sentinel1-vv-cfar",
    "uncertainty_m": 10.4
   }
  },
  {
   "type": "Feature",
   "geometry": {
    "type": "Point",
    "coordinates": [
     -74.10759362727974,
     36.63374600320095
    ]
   },
   "properties": {
    "confidence": 0.412,
    "snr": 8.24,
    "peak_dn": 70.0,
    "background_dn": 21.7,
    "sigma_dn": 5.86,
    "pixels": 5,
    "length_m_approx": 22.4,
    "pixel": [
     19031.4,
     18288.2
    ],
    "scene": "S1A_IW_GRDH_1SDV_20240621T225813_20240621T225842_054428_069F67_E12F_COG.SAFE",
    "t": "2024-06-21T22:58:13+00:00",
    "sensor": "sentinel1-vv-cfar",
    "uncertainty_m": 11.5
   }
  },
  {
   "type": "Feature",
   "geometry": {
    "type": "Point",
    "coordinates": [
     -74.06962878952845,
     36.648882121180414
    ]
   },
   "properties": {
    "confidence": 0.411,
    "snr": 8.23,
    "peak_dn": 69.0,
    "background_dn": 20.9,
    "sigma_dn": 5.85,
    "pixels": 5,
    "length_m_approx": 22.4,
    "pixel": [
     19394.4,
     18395.8
    ],
    "scene": "S1A_IW_GRDH_1SDV_20240621T225813_20240621T225842_054428_069F67_E12F_COG.SAFE",
    "t": "2024-06-21T22:58:13+00:00",
    "sensor": "sentinel1-vv-cfar",
    "uncertainty_m": 11.5
   }
  },
  {
   "type": "Feature",
   "geometry": {
    "type": "Point",
    "coordinates": [
     -73.97795875561158,
     36.53908453398164
    ]
   },
   "properties": {
    "confidence": 0.407,
    "snr": 8.13,
    "peak_dn": 60.0,
    "background_dn": 19.1,
    "sigma_dn": 5.02,
    "pixels": 2,
    "length_m_approx": 14.1,
    "pixel": [
     19997.5,
     17076.0
    ],
    "scene": "S1A_IW_GRDH_1SDV_20240621T225813_20240621T225842_054428_069F67_E12F_COG.SAFE",
    "t": "2024-06-21T22:58:13+00:00",
    "sensor": "sentinel1-vv-cfar",
    "uncertainty_m": 7.6
   }
  },
  {
   "type": "Feature",
   "geometry": {
    "type": "Point",
    "coordinates": [
     -74.05722981631503,
     36.59088731584628
    ]
   },
   "properties": {
    "confidence": 0.405,
    "snr": 8.1,
    "peak_dn": 92.0,
    "background_dn": 26.1,
    "sigma_dn": 8.14,
    "pixels": 2,
    "length_m_approx": 14.1,
    "pixel": [
     19395.0,
     17751.5
    ],
    "scene": "S1A_IW_GRDH_1SDV_20240621T225813_20240621T225842_054428_069F67_E12F_COG.SAFE",
    "t": "2024-06-21T22:58:13+00:00",
    "sensor": "sentinel1-vv-cfar",
    "uncertainty_m": 7.6
   }
  },
  {
   "type": "Feature",
   "geometry": {
    "type": "Point",
    "coordinates": [
     -73.98347856722951,
     36.565591353612845
    ]
   },
   "properties": {
    "confidence": 0.402,
    "snr": 8.04,
    "peak_dn": 80.0,
    "background_dn": 23.6,
    "sigma_dn": 7.01,
    "pixels": 3,
    "length_m_approx": 17.3,
    "pixel": [
     19998.3,
     17370.3
    ],
    "scene": "S1A_IW_GRDH_1SDV_20240621T225813_20240621T225842_054428_069F67_E12F_COG.SAFE",
    "t": "2024-06-21T22:58:13+00:00",
    "sensor": "sentinel1-vv-cfar",
    "uncertainty_m": 9.1
   }
  },
  {
   "type": "Feature",
   "geometry": {
    "type": "Point",
    "coordinates": [
     -73.99839013514432,
     36.65301511606618
    ]
   },
   "properties": {
    "confidence": 0.399,
    "snr": 7.98,
    "peak_dn": 61.0,
    "background_dn": 19.5,
    "sigma_dn": 5.19,
    "pixels": 7,
    "length_m_approx": 26.5,
    "pixel": [
     20030.0,
     18336.3
    ],
    "scene": "S1A_IW_GRDH_1SDV_20240621T225813_20240621T225842_054428_069F67_E12F_COG.SAFE",
    "t": "2024-06-21T22:58:13+00:00",
    "sensor": "sentinel1-vv-cfar",
    "uncertainty_m": 13.5
   }
  },
  {
   "type": "Feature",
   "geometry": {
    "type": "Point",
    "coordinates": [
     -74.11334606354593,
     36.60752659944749
    ]
   },
   "properties": {
    "confidence": 0.398,
    "snr": 7.95,
    "peak_dn": 72.0,
    "background_dn": 22.1,
    "sigma_dn": 6.27,
    "pixels": 3,
    "length_m_approx": 17.3,
    "pixel": [
     18931.3,
     18013.7
    ],
    "scene": "S1A_IW_GRDH_1SDV_20240621T225813_20240621T225842_054428_069F67_E12F_COG.SAFE",
    "t": "2024-06-21T22:58:13+00:00",
    "sensor": "sentinel1-vv-cfar",
    "uncertainty_m": 9.1
   }
  },
  {
   "type": "Feature",
   "geometry": {
    "type": "Point",
    "coordinates": [
     -73.95354826649096,
     36.597307501125194
    ]
   },
   "properties": {
    "confidence": 0.397,
    "snr": 7.93,
    "peak_dn": 63.0,
    "background_dn": 19.7,
    "sigma_dn": 5.46,
    "pixels": 4,
    "length_m_approx": 20.0,
    "pixel": [
     20321.5,
     17669.0
    ],
    "scene": "S1A_IW_GRDH_1SDV_20240621T225813_20240621T225842_054428_069F67_E12F_COG.SAFE",
    "t": "2024-06-21T22:58:13+00:00",
    "sensor": "sentinel1-vv-cfar",
    "uncertainty_m": 10.4
   }
  },
  {
   "type": "Feature",
   "geometry": {
    "type": "Point",
    "coordinates": [
     -74.13031173947414,
     36.598889534367665
    ]
   },
   "properties": {
    "confidence": 0.396,
    "snr": 7.92,
    "peak_dn": 86.0,
    "background_dn": 25.5,
    "sigma_dn": 7.64,
    "pixels": 4,
    "length_m_approx": 20.0,
    "pixel": [
     18765.5,
     17945.5
    ],
    "scene": "S1A_IW_GRDH_1SDV_20240621T225813_20240621T225842_054428_069F67_E12F_COG.SAFE",
    "t": "2024-06-21T22:58:13+00:00",
    "sensor": "sentinel1-vv-cfar",
    "uncertainty_m": 10.4
   }
  },
  {
   "type": "Feature",
   "geometry": {
    "type": "Point",
    "coordinates": [
     -73.944246950877,
     36.51612523610879
    ]
   },
   "properties": {
    "confidence": 0.392,
    "snr": 7.84,
    "peak_dn": 91.0,
    "background_dn": 22.4,
    "sigma_dn": 8.76,
    "pixels": 3,
    "length_m_approx": 17.3,
    "pixel": [
     20252.3,
     16778.6
    ],
    "scene": "S1A_IW_GRDH_1SDV_20240621T225813_20240621T225842_054428_069F67_E12F_COG.SAFE",
    "t": "2024-06-21T22:58:13+00:00",
    "sensor": "sentinel1-vv-cfar",
    "uncertainty_m": 9.1
   }
  },
  {
   "type": "Feature",
   "geometry": {
    "type": "Point",
    "coordinates": [
     -74.0101549794422,
     36.55686620039472
    ]
   },
   "properties": {
    "confidence": 0.387,
    "snr": 7.74,
    "peak_dn": 72.0,
    "background_dn": 21.7,
    "sigma_dn": 6.5,
    "pixels": 10,
    "length_m_approx": 31.6,
    "pixel": [
     19746.6,
     17315.2
    ],
    "scene": "S1A_IW_GRDH_1SDV_20240621T225813_20240621T225842_054428_069F67_E12F_COG.SAFE",
    "t": "2024-06-21T22:58:13+00:00",
    "sensor": "sentinel1-vv-cfar",
    "uncertainty_m": 16.1
   }
  },
  {
   "type": "Feature",
   "geometry": {
    "type": "Point",
    "coordinates": [
     -73.94352249073876,
     36.54686052547034
    ]
   },
   "properties": {
    "confidence": 0.384,
    "snr": 7.67,
    "peak_dn": 51.0,
    "background_dn": 18.1,
    "sigma_dn": 4.28,
    "pixels": 4,
    "length_m_approx": 20.0,
    "pixel": [
     20316.0,
     17109.5
    ],
    "scene": "S1A_IW_GRDH_1SDV_20240621T225813_20240621T225842_054428_069F67_E12F_COG.SAFE",
    "t": "2024-06-21T22:58:13+00:00",
    "sensor": "sentinel1-vv-cfar",
    "uncertainty_m": 10.4
   }
  },
  {
   "type": "Feature",
   "geometry": {
    "type": "Point",
    "coordinates": [
     -74.15124631305147,
     36.615529989264665
    ]
   },
   "properties": {
    "confidence": 0.382,
    "snr": 7.65,
    "peak_dn": 81.0,
    "background_dn": 25.0,
    "sigma_dn": 7.33,
    "pixels": 4,
    "length_m_approx": 20.0,
    "pixel": [
     18612.2,
     18156.0
    ],
    "scene": "S1A_IW_GRDH_1SDV_20240621T225813_20240621T225842_054428_069F67_E12F_COG.SAFE",
    "t": "2024-06-21T22:58:13+00:00",
    "sensor": "sentinel1-vv-cfar",
    "uncertainty_m": 10.4
   }
  },
  {
   "type": "Feature",
   "geometry": {
    "type": "Point",
    "coordinates": [
     -74.09342384625093,
     36.62668153967799
    ]
   },
   "properties": {
    "confidence": 0.382,
    "snr": 7.63,
    "peak_dn": 65.0,
    "background_dn": 21.7,
    "sigma_dn": 5.68,
    "pixels": 3,
    "length_m_approx": 17.3,
    "pixel": [
     19143.0,
     18191.0
    ],
    "scene": "S1A_IW_GRDH_1SDV_20240621T225813_20240621T225842_054428_069F67_E12F_COG.SAFE",
    "t": "2024-06-21T22:58:13+00:00",
    "sensor": "sentinel1-vv-cfar",
    "uncertainty_m": 9.1
   }
  },
  {
   "type": "Feature",
   "geometry": {
    "type": "Point",
    "coordinates": [
     -73.95754043073018,
     36.57049597900168
    ]
   },
   "properties": {
    "confidence": 0.38,
    "snr": 7.6,
    "peak_dn": 63.0,
    "background_dn": 20.2,
    "sigma_dn": 5.64,
    "pixels": 3,
    "length_m_approx": 17.3,
    "pixel": [
     20236.3,
     17385.3
    ],
    "scene": "S1A_IW_GRDH_1SDV_20240621T225813_20240621T225842_054428_069F67_E12F_COG.SAFE",
    "t": "2024-06-21T22:58:13+00:00",
    "sensor": "sentinel1-vv-cfar",
    "uncertainty_m": 9.1
   }
  },
  {
   "type": "Feature",
   "geometry": {
    "type": "Point",
    "coordinates": [
     -74.13526391779823,
     36.61138629614757
    ]
   },
   "properties": {
    "confidence": 0.379,
    "snr": 7.59,
    "peak_dn": 67.0,
    "background_dn": 22.3,
    "sigma_dn": 5.89,
    "pixels": 3,
    "length_m_approx": 17.3,
    "pixel": [
     18745.3,
     18087.7
    ],
    "scene": "S1A_IW_GRDH_1SDV_20240621T225813_20240621T225842_054428_069F67_E12F_COG.SAFE",
    "t": "2024-06-21T22:58:13+00:00",
    "sensor": "sentinel1-vv-cfar",
    "uncertainty_m": 9.1
   }
  },
  {
   "type": "Feature",
   "geometry": {
    "type": "Point",
    "coordinates": [
     -73.97714082103808,
     36.58916236635117
    ]
   },
   "properties": {
    "confidence": 0.374,
    "snr": 7.49,
    "peak_dn": 69.0,
    "background_dn": 21.4,
    "sigma_dn": 6.35,
    "pixels": 5,
    "length_m_approx": 22.4,
    "pixel": [
     20098.2,
     17615.6
    ],
    "scene": "S1A_IW_GRDH_1SDV_20240621T225813_20240621T225842_054428_069F67_E12F_COG.SAFE",
    "t": "2024-06-21T22:58:13+00:00",
    "sensor": "sentinel1-vv-cfar",
    "uncertainty_m": 11.5
   }
  },
  {
   "type": "Feature",
   "geometry": {
    "type": "Point",
    "coordinates": [
     -74.03444084333924,
     36.61601624446125
    ]
   },
   "properties": {
    "confidence": 0.374,
    "snr": 7.48,
    "peak_dn": 86.0,
    "background_dn": 24.5,
    "sigma_dn": 8.23,
    "pixels": 2,
    "length_m_approx": 14.1,
    "pixel": [
     19643.0,
     17989.5
    ],
    "scene": "S1A_IW_GRDH_1SDV_20240621T225813_20240621T225842_054428_069F67_E12F_COG.SAFE",
    "t": "2024-06-21T22:58:13+00:00",
    "sensor": "sentinel1-vv-cfar",
    "uncertainty_m": 7.6
   }
  },
  {
   "type": "Feature",
   "geometry": {
    "type": "Point",
    "coordinates": [
     -74.06910148913391,
     36.647258412740655
    ]
   },
   "properties": {
    "confidence": 0.373,
    "snr": 7.45,
    "peak_dn": 65.0,
    "background_dn": 20.8,
    "sigma_dn": 5.92,
    "pixels": 2,
    "length_m_approx": 14.1,
    "pixel": [
     19396.0,
     18377.5
    ],
    "scene": "S1A_IW_GRDH_1SDV_20240621T225813_20240621T225842_054428_069F67_E12F_COG.SAFE",
    "t": "2024-06-21T22:58:13+00:00",
    "sensor": "sentinel1-vv-cfar",
    "uncertainty_m": 7.6
   }
  },
  {
   "type": "Feature",
   "geometry": {
    "type": "Point",
    "coordinates": [
     -73.96223979117543,
     36.664736419273154
    ]
   },
   "properties": {
    "confidence": 0.371,
    "snr": 7.43,
    "peak_dn": 61.0,
    "background_dn": 20.1,
    "sigma_dn": 5.51,
    "pixels": 2,
    "length_m_approx": 14.1,
    "pixel": [
     20370.5,
     18410.0
    ],
    "scene": "S1A_IW_GRDH_1SDV_20240621T225813_20240621T225842_054428_069F67_E12F_COG.SAFE",
    "t": "2024-06-21T22:58:13+00:00",
    "sensor": "sentinel1-vv-cfar",
    "uncertainty_m": 7.6
   }
  },
  {
   "type": "Feature",
   "geometry": {
    "type": "Point",
    "coordinates": [
     -74.02584649233812,
     36.54425473719991
    ]
   },
   "properties": {
    "confidence": 0.371,
    "snr": 7.43,
    "peak_dn": 79.0,
    "background_dn": 24.7,
    "sigma_dn": 7.31,
    "pixels": 2,
    "length_m_approx": 14.1,
    "pixel": [
     19584.5,
     17202.0
    ],
    "scene": "S1A_IW_GRDH_1SDV_20240621T225813_20240621T225842_054428_069F67_E12F_COG.SAFE",
    "t": "2024-06-21T22:58:13+00:00",
    "sensor": "sentinel1-vv-cfar",
    "uncertainty_m": 7.6
   }
  },
  {
   "type": "Feature",
   "geometry": {
    "type": "Point",
    "coordinates": [
     -73.93043781230888,
     36.55501024624191
    ]
   },
   "properties": {
    "confidence": 0.37,
    "snr": 7.41,
    "peak_dn": 51.0,
    "background_dn": 18.1,
    "sigma_dn": 4.44,
    "pixels": 3,
    "length_m_approx": 17.3,
    "pixel": [
     20446.7,
     17178.3
    ],
    "scene": "S1A_IW_GRDH_1SDV_20240621T225813_20240621T225842_054428_069F67_E12F_COG.SAFE",
    "t": "2024-06-21T22:58:13+00:00",
    "sensor": "sentinel1-vv-cfar",
    "uncertainty_m": 9.1
   }
  },
  {
   "type": "Feature",
   "geometry": {
    "type": "Point",
    "coordinates": [
     -74.08728819748328,
     36.61332141712828
    ]
   },
   "properties": {
    "confidence": 0.37,
    "snr": 7.4,
    "peak_dn": 81.0,
    "background_dn": 24.7,
    "sigma_dn": 7.61,
    "pixels": 4,
    "length_m_approx": 20.0,
    "pixel": [
     19172.0,
     18037.8
    ],
    "scene": "S1A_IW_GRDH_1SDV_20240621T225813_20240621T225842_054428_069F67_E12F_COG.SAFE",
    "t": "2024-06-21T22:58:13+00:00",
    "sensor": "sentinel1-vv-cfar",
    "uncertainty_m": 10.4
   }
  },
  {
   "type": "Feature",
   "geometry": {
    "type": "Point",
    "coordinates": [
     -74.17070776644098,
     36.628946621175075
    ]
   },
   "properties": {
    "confidence": 0.37,
    "snr": 7.39,
    "peak_dn": 84.0,
    "background_dn": 26.9,
    "sigma_dn": 7.72,
    "pixels": 2,
    "length_m_approx": 14.1,
    "pixel": [
     18466.0,
     18329.5
    ],
    "scene": "S1A_IW_GRDH_1SDV_20240621T225813_20240621T225842_054428_069F67_E12F_COG.SAFE",
    "t": "2024-06-21T22:58:13+00:00",
    "sensor": "sentinel1-vv-cfar",
    "uncertainty_m": 7.6
   }
  },
  {
   "type": "Feature",
   "geometry": {
    "type": "Point",
    "coordinates": [
     -74.02215803270315,
     36.656129334082
    ]
   },
   "properties": {
    "confidence": 0.369,
    "snr": 7.39,
    "peak_dn": 60.0,
    "background_dn": 20.0,
    "sigma_dn": 5.41,
    "pixels": 3,
    "length_m_approx": 17.3,
    "pixel": [
     19826.3,
     18404.7
    ],
    "scene": "S1A_IW_GRDH_1SDV_20240621T225813_20240621T225842_054428_069F67_E12F_COG.SAFE",
    "t": "2024-06-21T22:58:13+00:00",
    "sensor": "sentinel1-vv-cfar",
    "uncertainty_m": 9.1
   }
  },
  {
   "type": "Feature",
   "geometry": {
    "type": "Point",
    "coordinates": [
     -74.13250113787484,
     36.6156209552505
    ]
   },
   "properties": {
    "confidence": 0.369,
    "snr": 7.38,
    "peak_dn": 68.0,
    "background_dn": 22.9,
    "sigma_dn": 6.11,
    "pixels": 3,
    "length_m_approx": 17.3,
    "pixel": [
     18777.7,
     18129.3
    ],
    "scene": "S1A_IW_GRDH_1SDV_20240621T225813_20240621T225842_054428_069F67_E12F_COG.SAFE",
    "t": "2024-06-21T22:58:13+00:00",
    "sensor": "sentinel1-vv-cfar",
    "uncertainty_m": 9.1
   }
  },
  {
   "type": "Feature",
   "geometry": {
    "type": "Point",
    "coordinates": [
     -74.03190478395678,
     36.62153201593237
    ]
   },
   "properties": {
    "confidence": 0.367,
    "snr": 7.34,
    "peak_dn": 82.0,
    "background_dn": 25.2,
    "sigma_dn": 7.74,
    "pixels": 3,
    "length_m_approx": 17.3,
    "pixel": [
     19675.7,
     18045.3
    ],
    "scene": "S1A_IW_GRDH_1SDV_20240621T225813_20240621T225842_054428_069F67_E12F_COG.SAFE",
    "t": "2024-06-21T22:58:13+00:00",
    "sensor": "sentinel1-vv-cfar",
    "uncertainty_m": 9.1
   }
  },
  {
   "type": "Feature",
   "geometry": {
    "type": "Point",
    "coordinates": [
     -74.00927532092192,
     36.642301960059854
    ]
   },
   "properties": {
    "confidence": 0.367,
    "snr": 7.34,
    "peak_dn": 59.0,
    "background_dn": 20.0,
    "sigma_dn": 5.32,
    "pixels": 4,
    "length_m_approx": 20.0,
    "pixel": [
     19914.0,
     18236.5
    ],
    "scene": "S1A_IW_GRDH_1SDV_20240621T225813_20240621T225842_054428_069F67_E12F_COG.SAFE",
    "t": "2024-06-21T22:58:13+00:00",
    "sensor": "sentinel1-vv-cfar",
    "uncertainty_m": 10.4
   }
  },
  {
   "type": "Feature",
   "geometry": {
    "type": "Point",
    "coordinates": [
     -74.0870810787356,
     36.614205509275045
    ]
   },
   "properties": {
    "confidence": 0.365,
    "snr": 7.31,
    "peak_dn": 81.0,
    "background_dn": 24.6,
    "sigma_dn": 7.71,
    "pixels": 2,
    "length_m_approx": 14.1,
    "pixel": [
     19175.5,
     18047.0
    ],
    "scene": "S1A_IW_GRDH_1SDV_20240621T225813_20240621T225842_054428_069F67_E12F_COG.SAFE",
    "t": "2024-06-21T22:58:13+00:00",
    "sensor": "sentinel1-vv-cfar",
    "uncertainty_m": 7.6
   }
  },
  {
   "type": "Feature",
   "geometry": {
    "type": "Point",
    "coordinates": [
     -74.03245898741687,
     36.5829023492511
    ]
   },
   "properties": {
    "confidence": 0.365,
    "snr": 7.29,
    "peak_dn": 75.0,
    "background_dn": 23.0,
    "sigma_dn": 7.13,
    "pixels": 2,
    "length_m_approx": 14.1,
    "pixel": [
     19598.5,
     17629.0
    ],
    "scene": "S1A_IW_GRDH_1SDV_20240621T225813_20240621T225842_054428_069F67_E12F_COG.SAFE",
    "t": "2024-06-21T22:58:13+00:00",
    "sensor": "sentinel1-vv-cfar",
    "uncertainty_m": 7.6
   }
  },
  {
   "type": "Feature",
   "geometry": {
    "type": "Point",
    "coordinates": [
     -73.94867555379695,
     36.58602012428241
    ]
   },
   "properties": {
    "confidence": 0.364,
    "snr": 7.29,
    "peak_dn": 66.0,
    "background_dn": 20.4,
    "sigma_dn": 6.25,
    "pixels": 4,
    "length_m_approx": 20.0,
    "pixel": [
     20343.5,
     17540.0
    ],
    "scene": "S1A_IW_GRDH_1SDV_20240621T225813_20240621T225842_054428_069F67_E12F_COG.SAFE",
    "t": "2024-06-21T22:58:13+00:00",
    "sensor": "sentinel1-vv-cfar",
    "uncertainty_m": 10.4
   }
  },
  {
   "type": "Feature",
   "geometry": {
    "type": "Point",
    "coordinates": [
     -74.10824566496179,
     36.62465215568119
    ]
   },
   "properties": {
    "confidence": 0.364,
    "snr": 7.28,
    "peak_dn": 81.0,
    "background_dn": 24.3,
    "sigma_dn": 7.79,
    "pixels": 2,
    "length_m_approx": 14.1,
    "pixel": [
     19008.5,
     18191.0
    ],
    "scene": "S1A_IW_GRDH_1SDV_20240621T225813_20240621T225842_054428_069F67_E12F_COG.SAFE",
    "t": "2024-06-21T22:58:13+00:00",
    "sensor": "sentinel1-vv-cfar",
    "uncertainty_m": 7.6
   }
  },
  {
   "type": "Feature",
   "geometry": {
    "type": "Point",
    "coordinates": [
     -73.95637358345111,
     36.6431709991919
    ]
   },
   "properties": {
    "confidence": 0.363,
    "snr": 7.26,
    "peak_dn": 52.0,
    "background_dn": 18.7,
    "sigma_dn": 4.59,
    "pixels": 6,
    "length_m_approx": 24.5,
    "pixel": [
     20382.0,
     18168.5
    ],
    "scene": "S1A_IW_GRDH_1SDV_20240621T225813_20240621T225842_054428_069F67_E12F_COG.SAFE",
    "t": "2024-06-21T22:58:13+00:00",
    "sensor": "sentinel1-vv-cfar",
    "uncertainty_m": 12.6
   }
  },
  {
   "type": "Feature",
   "geometry": {
    "type": "Point",
    "coordinates": [
     -74.07972127849885,
     36.62838966246645
    ]
   },
   "properties": {
    "confidence": 0.362,
    "snr": 7.25,
    "peak_dn": 90.0,
    "background_dn": 26.1,
    "sigma_dn": 8.82,
    "pixels": 3,
    "length_m_approx": 17.3,
    "pixel": [
     19267.0,
     18189.3
    ],
    "scene": "S1A_IW_GRDH_1SDV_20240621T225813_20240621T225842_054428_069F67_E12F_COG.SAFE",
    "t": "2024-06-21T22:58:13+00:00",
    "sensor": "sentinel1-vv-cfar",
    "uncertainty_m": 9.1
   }
  },
  {
   "type": "Feature",
   "geometry": {
    "type": "Point",
    "coordinates": [
     -74.12771170817872,
     36.629336684700114
    ]
   },
   "properties": {
    "confidence": 0.362,
    "snr": 7.24,
    "peak_dn": 79.0,
    "background_dn": 24.4,
    "sigma_dn": 7.53,
    "pixels": 7,
    "length_m_approx": 26.5,
    "pixel": [
     18845.7,
     18270.3
    ],
    "scene": "S1A_IW_GRDH_1SDV_20240621T225813_20240621T225842_054428_069F67_E12F_COG.SAFE",
    "t": "2024-06-21T22:58:13+00:00",
    "sensor": "sentinel1-vv-cfar",
    "uncertainty_m": 13.5
   }
  },
  {
   "type": "Feature",
   "geometry": {
    "type": "Point",
    "coordinates": [
     -74.01137545088154,
     36.613984164004826
    ]
   },
   "properties": {
    "confidence": 0.354,
    "snr": 7.08,
    "peak_dn": 83.0,
    "background_dn": 24.2,
    "sigma_dn": 8.31,
    "pixels": 5,
    "length_m_approx": 22.4,
    "pixel": [
     19842.6,
     17933.8
    ],
    "scene": "S1A_IW_GRDH_1SDV_20240621T225813_20240621T225842_054428_069F67_E12F_COG.SAFE",
    "t": "2024-06-21T22:58:13+00:00",
    "sensor": "sentinel1-vv-cfar",
    "uncertainty_m": 11.5
   }
  },
  {
   "type": "Feature",
   "geometry": {
    "type": "Point",
    "coordinates": [
     -74.06874133934988,
     36.648508084340996
    ]
   },
   "properties": {
    "confidence": 0.354,
    "snr": 7.07,
    "peak_dn": 61.0,
    "background_dn": 20.7,
    "sigma_dn": 5.7,
    "pixels": 4,
    "length_m_approx": 20.0,
    "pixel": [
     19401.5,
     18390.5
    ],
    "scene": "S1A_IW_GRDH_1SDV_20240621T225813_20240621T225842_054428_069F67_E12F_COG.SAFE",
    "t": "2024-06-21T22:58:13+00:00",
    "sensor": "sentinel1-vv-cfar",
    "uncertainty_m": 10.4
   }
  },
  {
   "type": "Feature",
   "geometry": {
    "type": "Point",
    "coordinates": [
     -73.99248756188206,
     36.55470888117794
    ]
   },
   "properties": {
    "confidence": 0.353,
    "snr": 7.06,
    "peak_dn": 77.0,
    "background_dn": 25.0,
    "sigma_dn": 7.37,
    "pixels": 4,
    "length_m_approx": 20.0,
    "pixel": [
     19898.5,
     17266.0
    ],
    "scene": "S1A_IW_GRDH_1SDV_20240621T225813_20240621T225842_054428_069F67_E12F_COG.SAFE",
    "t": "2024-06-21T22:58:13+00:00",
    "sensor": "sentinel1-vv-cfar",
    "uncertainty_m": 10.4
   }
  },
  {
   "type": "Feature",
   "geometry": {
    "type": "Point",
    "coordinates": [
     -74.1137719980435,
     36.60615590008696
    ]
   },
   "properties": {
    "confidence": 0.353,
    "snr": 7.05,
    "peak_dn": 65.0,
    "background_dn": 22.2,
    "sigma_dn": 6.08,
    "pixels": 2,
    "length_m_approx": 14.1,
    "pixel": [
     18925.0,
     17999.5
    ],
    "scene": "S1A_IW_GRDH_1SDV_20240621T225813_20240621T225842_054428_069F67_E12F_COG.SAFE",
    "t": "2024-06-21T22:58:13+00:00",
    "sensor": "sentinel1-vv-cfar",
    "uncertainty_m": 7.6
   }
  },
  {
   "type": "Feature",
   "geometry": {
    "type": "Point",
    "coordinates": [
     -74.02776043519927,
     36.6398434896049
    ]
   },
   "properties": {
    "confidence": 0.351,
    "snr": 7.02,
    "peak_dn": 65.0,
    "background_dn": 21.3,
    "sigma_dn": 6.23,
    "pixels": 2,
    "length_m_approx": 14.1,
    "pixel": [
     19746.5,
     18237.0
    ],
    "scene": "S1A_IW_GRDH_1SDV_20240621T225813_20240621T225842_054428_069F67_E12F_COG.SAFE",
    "t": "2024-06-21T22:58:13+00:00",
    "sensor": "sentinel1-vv-cfar",
    "uncertainty_m": 7.6
   }
  },
  {
   "type": "Feature",
   "geometry": {
    "type": "Point",
    "coordinates": [
     -73.94381685181295,
     36.546633668837146
    ]
   },
   "properties": {
    "confidence": 0.35,
    "snr": 7.01,
    "peak_dn": 48.0,
    "background_dn": 18.1,
    "sigma_dn": 4.27,
    "pixels": 4,
    "length_m_approx": 20.0,
    "pixel": [
     20313.0,
     17107.5
    ],
    "scene": "S1A_IW_GRDH_1SDV_20240621T225813_20240621T225842_054428_069F67_E12F_COG.SAFE",
    "t": "2024-06-21T22:58:13+00:00",
    "sensor": "sentinel1-vv-cfar",
    "uncertainty_m": 10.4
   }
  },
  {
   "type": "Feature",
   "geometry": {
    "type": "Point",
    "coordinates": [
     -73.97821381008211,
     36.6180659390551
    ]
   },
   "properties": {
    "confidence": 0.35,
    "snr": 7.0,
    "peak_dn": 65.0,
    "background_dn": 21.3,
    "sigma_dn": 6.25,
    "pixels": 3,
    "length_m_approx": 17.3,
    "pixel": [
     20142.6,
     17929.3
    ],
    "scene": "S1A_IW_GRDH_1SDV_20240621T225813_20240621T225842_054428_069F67_E12F_COG.SAFE",
    "t": "2024-06-21T22:58:13+00:00",
    "sensor": "sentinel1-vv-cfar",
    "uncertainty_m": 9.1
   }
  },
  {
   "type": "Feature",
   "geometry": {
    "type": "Point",
    "coordinates": [
     -74.1318517881119,
     36.592563700997125
    ]
   },
   "properties": {
    "confidence": 0.349,
    "snr": 6.98,
    "peak_dn": 77.0,
    "background_dn": 24.9,
    "sigma_dn": 7.46,
    "pixels": 2,
    "length_m_approx": 14.1,
    "pixel": [
     18740.0,
     17879.5
    ],
    "scene": "S1A_IW_GRDH_1SDV_20240621T225813_20240621T225842_054428_069F67_E12F_COG.SAFE",
    "t": "2024-06-21T22:58:13+00:00",
    "sensor": "sentinel1-vv-cfar",
    "uncertainty_m": 7.6
   }
  },
  {
   "type": "Feature",
   "geometry": {
    "type": "Point",
    "coordinates": [
     -74.11800484910026,
     36.598179322677645
    ]
   },
   "properties": {
    "confidence": 0.346,
    "snr": 6.92,
    "peak_dn": 73.0,
    "background_dn": 24.0,
    "sigma_dn": 7.09,
    "pixels": 3,
    "length_m_approx": 17.3,
    "pixel": [
     18872.7,
     17919.7
    ],
    "scene": "S1A_IW_GRDH_1SDV_20240621T225813_20240621T225842_054428_069F67_E12F_COG.SAFE",
    "t": "2024-06-21T22:58:13+00:00",
    "sensor": "sentinel1-vv-cfar",
    "uncertainty_m": 9.1
   }
  },
  {
   "type": "Feature",
   "geometry": {
    "type": "Point",
    "coordinates": [
     -73.96028046370417,
     36.593646916512895
    ]
   },
   "properties": {
    "confidence": 0.346,
    "snr": 6.92,
    "peak_dn": 59.0,
    "background_dn": 19.9,
    "sigma_dn": 5.66,
    "pixels": 3,
    "length_m_approx": 17.3,
    "pixel": [
     20255.3,
     17639.3
    ],
    "scene": "S1A_IW_GRDH_1SDV_20240621T225813_20240621T225842_054428_069F67_E12F_COG.SAFE",
    "t": "2024-06-21T22:58:13+00:00",
    "sensor": "sentinel1-vv-cfar",
    "uncertainty_m": 9.1
   }
  },
  {
   "type": "Feature",
   "geometry": {
    "type": "Point",
    "coordinates": [
     -74.1071915500931,
     36.634060652616284
    ]
   },
   "properties": {
    "confidence": 0.345,
    "snr": 6.91,
    "peak_dn": 62.0,
    "background_dn": 21.7,
    "sigma_dn": 5.84,
    "pixels": 2,
    "length_m_approx": 14.1,
    "pixel": [
     19035.5,
     18291.0
    ],
    "scene": "S1A_IW_GRDH_1SDV_20240621T225813_20240621T225842_054428_069F67_E12F_COG.SAFE",
    "t": "2024-06-21T22:58:13+00:00",
    "sensor": "sentinel1-vv-cfar",
    "uncertainty_m": 7.6
   }
  },
  {
   "type": "Feature",
   "geometry": {
    "type": "Point",
    "coordinates": [
     -74.02144016808889,
     36.631995066078154
    ]
   },
   "properties": {
    "confidence": 0.344,
    "snr": 6.88,
    "peak_dn": 64.0,
    "background_dn": 21.6,
    "sigma_dn": 6.16,
    "pixels": 2,
    "length_m_approx": 14.1,
    "pixel": [
     19787.5,
     18143.0
    ],
    "scene": "S1A_IW_GRDH_1SDV_20240621T225813_20240621T225842_054428_069F67_E12F_COG.SAFE",
    "t": "2024-06-21T22:58:13+00:00",
    "sensor": "sentinel1-vv-cfar",
    "uncertainty_m": 7.6
   }
  },
  {
   "type": "Feature",
   "geometry": {
    "type": "Point",
    "coordinates": [
     -73.99605239472675,
     36.633422005353395
    ]
   },
   "properties": {
    "confidence": 0.344,
    "snr": 6.87,
    "peak_dn": 55.0,
    "background_dn": 19.9,
    "sigma_dn": 5.11,
    "pixels": 4,
    "length_m_approx": 20.0,
    "pixel": [
     20014.0,
     18121.3
    ],
    "scene": "S1A_IW_GRDH_1SDV_20240621T225813_20240621T225842_054428_069F67_E12F_COG.SAFE",
    "t": "2024-06-21T22:58:13+00:00",
    "sensor": "sentinel1-vv-cfar",
    "uncertainty_m": 10.4
   }
  },
  {
   "type": "Feature",
   "geometry": {
    "type": "Point",
    "coordinates": [
     -74.02142181122873,
     36.61880045168034
    ]
   },
   "properties": {
    "confidence": 0.344,
    "snr": 6.87,
    "peak_dn": 78.0,
    "background_dn": 23.3,
    "sigma_dn": 7.97,
    "pixels": 2,
    "length_m_approx": 14.1,
    "pixel": [
     19763.0,
     18000.5
    ],
    "scene": "S1A_IW_GRDH_1SDV_20240621T225813_20240621T225842_054428_069F67_E12F_COG.SAFE",
    "t": "2024-06-21T22:58:13+00:00",
    "sensor": "sentinel1-vv-cfar",
    "uncertainty_m": 7.6
   }
  },
  {
   "type": "Feature",
   "geometry": {
    "type": "Point",
    "coordinates": [
     -74.10752027420594,
     36.63440847862887
    ]
   },
   "properties": {
    "confidence": 0.343,
    "snr": 6.87,
    "peak_dn": 62.0,
    "background_dn": 21.7,
    "sigma_dn": 5.88,
    "pixels": 4,
    "length_m_approx": 20.0,
    "pixel": [
     19033.3,
     18295.2
    ],
    "scene": "S1A_IW_GRDH_1SDV_20240621T225813_20240621T225842_054428_069F67_E12F_COG.SAFE",
    "t": "2024-06-21T22:58:13+00:00",
    "sensor": "sentinel1-vv-cfar",
    "uncertainty_m": 10.4
   }
  },
  {
   "type": "Feature",
   "geometry": {
    "type": "Point",
    "coordinates": [
     -73.97910130482205,
     36.530995836970185
    ]
   },
   "properties": {
    "confidence": 0.342,
    "snr": 6.83,
    "peak_dn": 60.0,
    "background_dn": 20.2,
    "sigma_dn": 5.82,
    "pixels": 3,
    "length_m_approx": 17.3,
    "pixel": [
     19972.3,
     16990.3
    ],
    "scene": "S1A_IW_GRDH_1SDV_20240621T225813_20240621T225842_054428_069F67_E12F_COG.SAFE",
    "t": "2024-06-21T22:58:13+00:00",
    "sensor": "sentinel1-vv-cfar",
    "uncertainty_m": 9.1
   }
  },
  {
   "type": "Feature",
   "geometry": {
    "type": "Point",
    "coordinates": [
     -73.95767770175235,
     36.586792962508135
    ]
   },
   "properties": {
    "confidence": 0.341,
    "snr": 6.82,
    "peak_dn": 58.0,
    "background_dn": 19.4,
    "sigma_dn": 5.66,
    "pixels": 4,
    "length_m_approx": 20.0,
    "pixel": [
     20265.5,
     17561.5
    ],
    "scene": "S1A_IW_GRDH_1SDV_20240621T225813_20240621T225842_054428_069F67_E12F_COG.SAFE",
    "t": "2024-06-21T22:58:13+00:00",
    "sensor": "sentinel1-vv-cfar",
    "uncertainty_m": 10.4
   }
  },
  {
   "type": "Feature",
   "geometry": {
    "type": "Point",
    "coordinates": [
     -74.01803661579896,
     36.523458344473795
    ]
   },
   "properties": {
    "confidence": 0.341,
    "snr": 6.81,
    "peak_dn": 83.0,
    "background_dn": 25.0,
    "sigma_dn": 8.52,
    "pixels": 2,
    "length_m_approx": 14.1,
    "pixel": [
     19614.5,
     16966.0
    ],
    "scene": "S1A_IW_GRDH_1SDV_20240621T225813_20240621T225842_054428_069F67_E12F_COG.SAFE",
    "t": "2024-06-21T22:58:13+00:00",
    "sensor": "sentinel1-vv-cfar",
    "uncertainty_m": 7.6
   }
  },
  {
   "type": "Feature",
   "geometry": {
    "type": "Point",
    "coordinates": [
     -74.08275618445383,
     36.55101109668028
    ]
   },
   "properties": {
    "confidence": 0.337,
    "snr": 6.74,
    "peak_dn": 99.0,
    "background_dn": 34.1,
    "sigma_dn": 9.63,
    "pixels": 2,
    "length_m_approx": 14.1,
    "pixel": [
     19095.0,
     17358.5
    ],
    "scene": "S1A_IW_GRDH_1SDV_20240621T225813_20240621T225842_054428_069F67_E12F_COG.SAFE",
    "t": "2024-06-21T22:58:13+00:00",
    "sensor": "sentinel1-vv-cfar",
    "uncertainty_m": 7.6
   }
  },
  {
   "type": "Feature",
   "geometry": {
    "type": "Point",
    "coordinates": [
     -74.09277665990884,
     36.62559219092907
    ]
   },
   "properties": {
    "confidence": 0.335,
    "snr": 6.71,
    "peak_dn": 60.0,
    "background_dn": 21.7,
    "sigma_dn": 5.71,
    "pixels": 3,
    "length_m_approx": 17.3,
    "pixel": [
     19146.7,
     18178.3
    ],
    "scene": "S1A_IW_GRDH_1SDV_20240621T225813_20240621T225842_054428_069F67_E12F_COG.SAFE",
    "t": "2024-06-21T22:58:13+00:00",
    "sensor": "sentinel1-vv-cfar",
    "uncertainty_m": 9.1
   }
  },
  {
   "type": "Feature",
   "geometry": {
    "type": "Point",
    "coordinates": [
     -74.0237392453618,
     36.62117315048804
    ]
   },
   "properties": {
    "confidence": 0.335,
    "snr": 6.7,
    "peak_dn": 79.0,
    "background_dn": 24.3,
    "sigma_dn": 8.15,
    "pixels": 2,
    "length_m_approx": 14.1,
    "pixel": [
     19747.0,
     18029.5
    ],
    "scene": "S1A_IW_GRDH_1SDV_20240621T225813_20240621T225842_054428_069F67_E12F_COG.SAFE",
    "t": "2024-06-21T22:58:13+00:00",
    "sensor": "sentinel1-vv-cfar",
    "uncertainty_m": 7.6
   }
  },
  {
   "type": "Feature",
   "geometry": {
    "type": "Point",
    "coordinates": [
     -74.00892609497178,
     36.579888693866685
    ]
   },
   "properties": {
    "confidence": 0.335,
    "snr": 6.7,
    "peak_dn": 80.0,
    "background_dn": 26.0,
    "sigma_dn": 8.07,
    "pixels": 2,
    "length_m_approx": 14.1,
    "pixel": [
     19800.5,
     17562.0
    ],
    "scene": "S1A_IW_GRDH_1SDV_20240621T225813_20240621T225842_054428_069F67_E12F_COG.SAFE",
    "t": "2024-06-21T22:58:13+00:00",
    "sensor": "sentinel1-vv-cfar",
    "uncertainty_m": 7.6
   }
  },
  {
   "type": "Feature",
   "geometry": {
    "type": "Point",
    "coordinates": [
     -73.96626471308672,
     36.59229307847028
    ]
   },
   "properties": {
    "confidence": 0.334,
    "snr": 6.69,
    "peak_dn": 58.0,
    "background_dn": 20.0,
    "sigma_dn": 5.69,
    "pixels": 2,
    "length_m_approx": 14.1,
    "pixel": [
     20200.0,
     17633.5
    ],
    "scene": "S1A_IW_GRDH_1SDV_20240621T225813_20240621T225842_054428_069F67_E12F_COG.SAFE",
    "t": "2024-06-21T22:58:13+00:00",
    "sensor": "sentinel1-vv-cfar",
    "uncertainty_m": 7.6
   }
  },
  {
   "type": "Feature",
   "geometry": {
    "type": "Point",
    "coordinates": [
     -74.03618898677286,
     36.52259938343217
    ]
   },
   "properties": {
    "confidence": 0.334,
    "snr": 6.67,
    "peak_dn": 82.0,
    "background_dn": 27.3,
    "sigma_dn": 8.21,
    "pixels": 3,
    "length_m_approx": 17.3,
    "pixel": [
     19452.7,
     16983.3
    ],
    "scene": "S1A_IW_GRDH_1SDV_20240621T225813_20240621T225842_054428_069F67_E12F_COG.SAFE",
    "t": "2024-06-21T22:58:13+00:00",
    "sensor": "sentinel1-vv-cfar",
    "uncertainty_m": 9.1
   }
  },
  {
   "type": "Feature",
   "geometry": {
    "type": "Point",
    "coordinates": [
     -73.95584138028383,
     36.55449400823848
    ]
   },
   "properties": {
    "confidence": 0.333,
    "snr": 6.67,
    "peak_dn": 49.0,
    "background_dn": 18.3,
    "sigma_dn": 4.61,
    "pixels": 2,
    "length_m_approx": 14.1,
    "pixel": [
     20221.5,
     17210.0
    ],
    "scene": "S1A_IW_GRDH_1SDV_20240621T225813_20240621T225842_054428_069F67_E12F_COG.SAFE",
    "t": "2024-06-21T22:58:13+00:00",
    "sensor": "sentinel1-vv-cfar",
    "uncertainty_m": 7.6
   }
  },
  {
   "type": "Feature",
   "geometry": {
    "type": "Point",
    "coordinates": [
     -73.95365200053227,
     36.581412268812606
    ]
   },
   "properties": {
    "confidence": 0.333,
    "snr": 6.65,
    "peak_dn": 61.0,
    "background_dn": 20.4,
    "sigma_dn": 6.11,
    "pixels": 2,
    "length_m_approx": 14.1,
    "pixel": [
     20291.0,
     17497.5
    ],
    "scene": "S1A_IW_GRDH_1SDV_20240621T225813_20240621T225842_054428_069F67_E12F_COG.SAFE",
    "t": "2024-06-21T22:58:13+00:00",
    "sensor": "sentinel1-vv-cfar",
    "uncertainty_m": 7.6
   }
  },
  {
   "type": "Feature",
   "geometry": {
    "type": "Point",
    "coordinates": [
     -74.11268118363392,
     36.6217767473613
    ]
   },
   "properties": {
    "confidence": 0.332,
    "snr": 6.63,
    "peak_dn": 86.0,
    "background_dn": 26.8,
    "sigma_dn": 8.93,
    "pixels": 2,
    "length_m_approx": 14.1,
    "pixel": [
     18964.0,
     18166.5
    ],
    "scene": "S1A_IW_GRDH_1SDV_20240621T225813_20240621T225842_054428_069F67_E12F_COG.SAFE",
    "t": "2024-06-21T22:58:13+00:00",
    "sensor": "sentinel1-vv-cfar",
    "uncertainty_m": 7.6
   }
  },
  {
   "type": "Feature",
   "geometry": {
    "type": "Point",
    "coordinates": [
     -74.17082577977298,
     36.62869771822823
    ]
   },
   "properties": {
    "confidence": 0.331,
    "snr": 6.62,
    "peak_dn": 78.0,
    "background_dn": 26.9,
    "sigma_dn": 7.72,
    "pixels": 2,
    "length_m_approx": 14.1,
    "pixel": [
     18464.5,
     18327.0
    ],
    "scene": "S1A_IW_GRDH_1SDV_20240621T225813_20240621T225842_054428_069F67_E12F_COG.SAFE",
    "t": "2024-06-21T22:58:13+00:00",
    "sensor": "sentinel1-vv-cfar",
    "uncertainty_m": 7.6
   }
  },
  {
   "type": "Feature",
   "geometry": {
    "type": "Point",
    "coordinates": [
     -74.04336723173606,
     36.58469652946737
    ]
   },
   "properties": {
    "confidence": 0.328,
    "snr": 6.55,
    "peak_dn": 66.0,
    "background_dn": 22.7,
    "sigma_dn": 6.62,
    "pixels": 3,
    "length_m_approx": 17.3,
    "pixel": [
     19505.7,
     17664.3
    ],
    "scene": "S1A_IW_GRDH_1SDV_20240621T225813_20240621T225842_054428_069F67_E12F_COG.SAFE",
    "t": "2024-06-21T22:58:13+00:00",
    "sensor": "sentinel1-vv-cfar",
    "uncertainty_m": 9.1
   }
  },
  {
   "type": "Feature",
   "geometry": {
    "type": "Point",
    "coordinates": [
     -74.1113764726015,
     36.60662186431437
    ]
   },
   "properties": {
    "confidence": 0.325,
    "snr": 6.5,
    "peak_dn": 65.0,
    "background_dn": 22.5,
    "sigma_dn": 6.54,
    "pixels": 3,
    "length_m_approx": 17.3,
    "pixel": [
     18947.0,
     18001.0
    ],
    "scene": "S1A_IW_GRDH_1SDV_20240621T225813_20240621T225842_054428_069F67_E12F_COG.SAFE",
    "t": "2024-06-21T22:58:13+00:00",
    "sensor": "sentinel1-vv-cfar",
    "uncertainty_m": 9.1
   }
  },
  {
   "type": "Feature",
   "geometry": {
    "type": "Point",
    "coordinates": [
     -74.14482476726602,
     36.63762552245472
    ]
   },
   "properties": {
    "confidence": 0.324,
    "snr": 6.48,
    "peak_dn": 71.0,
    "background_dn": 24.5,
    "sigma_dn": 7.18,
    "pixels": 2,
    "length_m_approx": 14.1,
    "pixel": [
     18710.5,
     18385.0
    ],
    "scene": "S1A_IW_GRDH_1SDV_20240621T225813_20240621T225842_054428_069F67_E12F_COG.SAFE",
    "t": "2024-06-21T22:58:13+00:00",
    "sensor": "sentinel1-vv-cfar",
    "uncertainty_m": 7.6
   }
  },
  {
   "type": "Feature",
   "geometry": {
    "type": "Point",
    "coordinates": [
     -74.03420675367354,
     36.5470571944602
    ]
   },
   "properties": {
    "confidence": 0.322,
    "snr": 6.44,
    "peak_dn": 62.0,
    "background_dn": 22.6,
    "sigma_dn": 6.12,
    "pixels": 2,
    "length_m_approx": 14.1,
    "pixel": [
     19516.0,
     17244.5
    ],
    "scene": "S1A_IW_GRDH_1SDV_20240621T225813_20240621T225842_054428_069F67_E12F_COG.SAFE",
    "t": "2024-06-21T22:58:13+00:00",
    "sensor": "sentinel1-vv-cfar",
    "uncertainty_m": 7.6
   }
  },
  {
   "type": "Feature",
   "geometry": {
    "type": "Point",
    "coordinates": [
     -74.0295738096802,
     36.65534024370483
    ]
   },
   "properties": {
    "confidence": 0.322,
    "snr": 6.44,
    "peak_dn": 58.0,
    "background_dn": 20.3,
    "sigma_dn": 5.85,
    "pixels": 2,
    "length_m_approx": 14.1,
    "pixel": [
     19759.5,
     18407.0
    ],
    "scene": "S1A_IW_GRDH_1SDV_20240621T225813_20240621T225842_054428_069F67_E12F_COG.SAFE",
    "t": "2024-06-21T22:58:13+00:00",
    "sensor": "sentinel1-vv-cfar",
    "uncertainty_m": 7.6
   }
  },
  {
   "type": "Feature",
   "geometry": {
    "type": "Point",
    "coordinates": [
     -73.98576435968111,
     36.57890814762443
    ]
   },
   "properties": {
    "confidence": 0.322,
    "snr": 6.43,
    "peak_dn": 67.0,
    "background_dn": 22.9,
    "sigma_dn": 6.86,
    "pixels": 2,
    "length_m_approx": 14.1,
    "pixel": [
     20003.0,
     17517.5
    ],
    "scene": "S1A_IW_GRDH_1SDV_20240621T225813_20240621T225842_054428_069F67_E12F_COG.SAFE",
    "t": "2024-06-21T22:58:13+00:00",
    "sensor": "sentinel1-vv-cfar",
    "uncertainty_m": 7.6
   }
  },
  {
   "type": "Feature",
   "geometry": {
    "type": "Point",
    "coordinates": [
     -74.02291867058112,
     36.61730139180108
    ]
   },
   "properties": {
    "confidence": 0.322,
    "snr": 6.43,
    "peak_dn": 72.0,
    "background_dn": 22.9,
    "sigma_dn": 7.64,
    "pixels": 2,
    "length_m_approx": 14.1,
    "pixel": [
     19747.0,
     17986.5
    ],
    "scene": "S1A_IW_GRDH_1SDV_20240621T225813_20240621T225842_054428_069F67_E12F_COG.SAFE",
    "t": "2024-06-21T22:58:13+00:00",
    "sensor": "sentinel1-vv-cfar",
    "uncertainty_m": 7.6
   }
  },
  {
   "type": "Feature",
   "geometry": {
    "type": "Point",
    "coordinates": [
     -74.08072404900157,
     36.65068332929081
    ]
   },
   "properties": {
    "confidence": 0.321,
    "snr": 6.43,
    "peak_dn": 54.0,
    "background_dn": 20.4,
    "sigma_dn": 5.23,
    "pixels": 2,
    "length_m_approx": 14.1,
    "pixel": [
     19300.0,
     18431.5
    ],
    "scene": "S1A_IW_GRDH_1SDV_20240621T225813_20240621T225842_054428_069F67_E12F_COG.SAFE",
    "t": "2024-06-21T22:58:13+00:00",
    "sensor": "sentinel1-vv-cfar",
    "uncertainty_m": 7.6
   }
  },
  {
   "type": "Feature",
   "geometry": {
    "type": "Point",
    "coordinates": [
     -74.0021740400137,
     36.555955862314185
    ]
   },
   "properties": {
    "confidence": 0.321,
    "snr": 6.41,
    "peak_dn": 64.0,
    "background_dn": 22.4,
    "sigma_dn": 6.49,
    "pixels": 3,
    "length_m_approx": 17.3,
    "pixel": [
     19815.3,
     17293.7
    ],
    "scene": "S1A_IW_GRDH_1SDV_20240621T225813_20240621T225842_054428_069F67_E12F_COG.SAFE",
    "t": "2024-06-21T22:58:13+00:00",
    "sensor": "sentinel1-vv-cfar",
    "uncertainty_m": 9.1
   }
  },
  {
   "type": "Feature",
   "geometry": {
    "type": "Point",
    "coordinates": [
     -73.99469544462471,
     36.534915762747154
    ]
   },
   "properties": {
    "confidence": 0.321,
    "snr": 6.41,
    "peak_dn": 72.0,
    "background_dn": 23.8,
    "sigma_dn": 7.52,
    "pixels": 2,
    "length_m_approx": 14.1,
    "pixel": [
     19842.0,
     17055.5
    ],
    "scene": "S1A_IW_GRDH_1SDV_20240621T225813_20240621T225842_054428_069F67_E12F_COG.SAFE",
    "t": "2024-06-21T22:58:13+00:00",
    "sensor": "sentinel1-vv-cfar",
    "uncertainty_m": 7.6
   }
  },
  {
   "type": "Feature",
   "geometry": {
    "type": "Point",
    "coordinates": [
     -74.04032241784599,
     36.64184607983606
    ]
   },
   "properties": {
    "confidence": 0.32,
    "snr": 6.4,
    "peak_dn": 57.0,
    "background_dn": 21.0,
    "sigma_dn": 5.62,
    "pixels": 2,
    "length_m_approx": 14.1,
    "pixel": [
     19639.5,
     18277.0
    ],
    "scene": "S1A_IW_GRDH_1SDV_20240621T225813_20240621T225842_054428_069F67_E12F_COG.SAFE",
    "t": "2024-06-21T22:58:13+00:00",
    "sensor": "sentinel1-vv-cfar",
    "uncertainty_m": 7.6
   }
  },
  {
   "type": "Feature",
   "geometry": {
    "type": "Point",
    "coordinates": [
     -74.0142001531899,
     36.49281596849523
    ]
   },
   "properties": {
    "confidence": 0.319,
    "snr": 6.39,
    "peak_dn": 87.0,
    "background_dn": 28.4,
    "sigma_dn": 9.18,
    "pixels": 2,
    "length_m_approx": 14.1,
    "pixel": [
     19591.0,
     16629.5
    ],
    "scene": "S1A_IW_GRDH_1SDV_20240621T225813_20240621T225842_054428_069F67_E12F_COG.SAFE",
    "t": "2024-06-21T22:58:13+00:00",
    "sensor": "sentinel1-vv-cfar",
    "uncertainty_m": 7.6
   }
  },
  {
   "type": "Feature",
   "geometry": {
    "type": "Point",
    "coordinates": [
     -73.9454675308858,
     36.517628279627594
    ]
   },
   "properties": {
    "confidence": 0.318,
    "snr": 6.36,
    "peak_dn": 76.0,
    "background_dn": 21.5,
    "sigma_dn": 8.56,
    "pixels": 3,
    "length_m_approx": 17.3,
    "pixel": [
     20244.3,
     16796.7
    ],
    "scene": "S1A_IW_GRDH_1SDV_20240621T225813_20240621T225842_054428_069F67_E12F_COG.SAFE",
    "t": "2024-06-21T22:58:13+00:00",
    "sensor": "sentinel1-vv-cfar",
    "uncertainty_m": 9.1
   }
  },
  {
   "type": "Feature",
   "geometry": {
    "type": "Point",
    "coordinates": [
     -74.11163483028947,
     36.60535075987599
    ]
   },
   "properties": {
    "confidence": 0.318,
    "snr": 6.35,
    "peak_dn": 65.0,
    "background_dn": 22.5,
    "sigma_dn": 6.69,
    "pixels": 3,
    "length_m_approx": 17.3,
    "pixel": [
     18942.3,
     17987.7
    ],
    "scene": "S1A_IW_GRDH_1SDV_20240621T225813_20240621T225842_054428_069F67_E12F_COG.SAFE",
    "t": "2024-06-21T22:58:13+00:00",
    "sensor": "sentinel1-vv-cfar",
    "uncertainty_m": 9.1
   }
  },
  {
   "type": "Feature",
   "geometry": {
    "type": "Point",
    "coordinates": [
     -73.99862623977134,
     36.52299096268966
    ]
   },
   "properties": {
    "confidence": 0.318,
    "snr": 6.35,
    "peak_dn": 76.0,
    "background_dn": 24.3,
    "sigma_dn": 8.14,
    "pixels": 2,
    "length_m_approx": 14.1,
    "pixel": [
     19785.0,
     16932.5
    ],
    "scene": "S1A_IW_GRDH_1SDV_20240621T225813_20240621T225842_054428_069F67_E12F_COG.SAFE",
    "t": "2024-06-21T22:58:13+00:00",
    "sensor": "sentinel1-vv-cfar",
    "uncertainty_m": 7.6
   }
  },
  {
   "type": "Feature",
   "geometry": {
    "type": "Point",
    "coordinates": [
     -73.96357606460482,
     36.63645532706498
    ]
   },
   "properties": {
    "confidence": 0.317,
    "snr": 6.35,
    "peak_dn": 51.0,
    "background_dn": 19.4,
    "sigma_dn": 4.98,
    "pixels": 2,
    "length_m_approx": 14.1,
    "pixel": [
     20306.0,
     18106.5
    ],
    "scene": "S1A_IW_GRDH_1SDV_20240621T225813_20240621T225842_054428_069F67_E12F_COG.SAFE",
    "t": "2024-06-21T22:58:13+00:00",
    "sensor": "sentinel1-vv-cfar",
    "uncertainty_m": 7.6
   }
  },
  {
   "type": "Feature",
   "geometry": {
    "type": "Point",
    "coordinates": [
     -74.04372074045648,
     36.52756669057881
    ]
   },
   "properties": {
    "confidence": 0.317,
    "snr": 6.35,
    "peak_dn": 77.0,
    "background_dn": 26.8,
    "sigma_dn": 7.9,
    "pixels": 2,
    "length_m_approx": 14.1,
    "pixel": [
     19395.5,
     17048.0
    ],
    "scene": "S1A_IW_GRDH_1SDV_20240621T225813_20240621T225842_054428_069F67_E12F_COG.SAFE",
    "t": "2024-06-21T22:58:13+00:00",
    "sensor": "sentinel1-vv-cfar",
    "uncertainty_m": 7.6
   }
  },
  {
   "type": "Feature",
   "geometry": {
    "type": "Point",
    "coordinates": [
     -74.0346827904811,
     36.6139486689716
    ]
   },
   "properties": {
    "confidence": 0.316,
    "snr": 6.33,
    "peak_dn": 72.0,
    "background_dn": 23.7,
    "sigma_dn": 7.64,
    "pixels": 2,
    "length_m_approx": 14.1,
    "pixel": [
     19637.0,
     17967.5
    ],
    "scene": "S1A_IW_GRDH_1SDV_20240621T225813_20240621T225842_054428_069F67_E12F_COG.SAFE",
    "t": "2024-06-21T22:58:13+00:00",
    "sensor": "sentinel1-vv-cfar",
    "uncertainty_m": 7.6
   }
  },
  {
   "type": "Feature",
   "geometry": {
    "type": "Point",
    "coordinates": [
     -74.12817450447795,
     36.61465492974979
    ]
   },
   "properties": {
    "confidence": 0.315,
    "snr": 6.3,
    "peak_dn": 65.0,
    "background_dn": 23.4,
    "sigma_dn": 6.6,
    "pixels": 2,
    "length_m_approx": 14.1,
    "pixel": [
     18814.0,
     18112.5
    ],
    "scene": "S1A_IW_GRDH_1SDV_20240621T225813_20240621T225842_054428_069F67_E12F_COG.SAFE",
    "t": "2024-06-21T22:58:13+00:00",
    "sensor": "sentinel1-vv-cfar",
    "uncertainty_m": 7.6
   }
  },
  {
   "type": "Feature",
   "geometry": {
    "type": "Point",
    "coordinates": [
     -74.08546709086235,
     36.613824384345016
    ]
   },
   "properties": {
    "confidence": 0.314,
    "snr": 6.29,
    "peak_dn": 71.0,
    "background_dn": 24.4,
    "sigma_dn": 7.42,
    "pixels": 2,
    "length_m_approx": 14.1,
    "pixel": [
     19189.0,
     18040.5
    ],
    "scene": "S1A_IW_GRDH_1SDV_20240621T225813_20240621T225842_054428_069F67_E12F_COG.SAFE",
    "t": "2024-06-21T22:58:13+00:00",
    "sensor": "sentinel1-vv-cfar",
    "uncertainty_m": 7.6
   }
  },
  {
   "type": "Feature",
   "geometry": {
    "type": "Point",
    "coordinates": [
     -74.104819190197,
     36.603256450613095
    ]
   },
   "properties": {
    "confidence": 0.313,
    "snr": 6.26,
    "peak_dn": 76.0,
    "background_dn": 25.0,
    "sigma_dn": 8.16,
    "pixels": 2,
    "length_m_approx": 14.1,
    "pixel": [
     18998.5,
     17955.0
    ],
    "scene": "S1A_IW_GRDH_1SDV_20240621T225813_20240621T225842_054428_069F67_E12F_COG.SAFE",
    "t": "2024-06-21T22:58:13+00:00",
    "sensor": "sentinel1-vv-cfar",
    "uncertainty_m": 7.6
   }
  },
  {
   "type": "Feature",
   "geometry": {
    "type": "Point",
    "coordinates": [
     -73.94752380620743,
     36.58566886832948
    ]
   },
   "properties": {
    "confidence": 0.311,
    "snr": 6.22,
    "peak_dn": 56.0,
    "background_dn": 20.0,
    "sigma_dn": 5.79,
    "pixels": 2,
    "length_m_approx": 14.1,
    "pixel": [
     20353.0,
     17534.5
    ],
    "scene": "S1A_IW_GRDH_1SDV_20240621T225813_20240621T225842_054428_069F67_E12F_COG.SAFE",
    "t": "2024-06-21T22:58:13+00:00",
    "sensor": "sentinel1-vv-cfar",
    "uncertainty_m": 7.6
   }
  },
  {
   "type": "Feature",
   "geometry": {
    "type": "Point",
    "coordinates": [
     -74.04141839635746,
     36.59118051403195
    ]
   },
   "properties": {
    "confidence": 0.31,
    "snr": 6.21,
    "peak_dn": 60.0,
    "background_dn": 21.6,
    "sigma_dn": 6.18,
    "pixels": 2,
    "length_m_approx": 14.1,
    "pixel": [
     19535.0,
     17731.5
    ],
    "scene": "S1A_IW_GRDH_1SDV_20240621T225813_20240621T225842_054428_069F67_E12F_COG.SAFE",
    "t": "2024-06-21T22:58:13+00:00",
    "sensor": "sentinel1-vv-cfar",
    "uncertainty_m": 7.6
   }
  },
  {
   "type": "Feature",
   "geometry": {
    "type": "Point",
    "coordinates": [
     -73.95502326236516,
     36.58039218210697
    ]
   },
   "properties": {
    "confidence": 0.31,
    "snr": 6.2,
    "peak_dn": 59.0,
    "background_dn": 20.3,
    "sigma_dn": 6.24,
    "pixels": 2,
    "length_m_approx": 14.1,
    "pixel": [
     20277.0,
     17488.5
    ],
    "scene": "S1A_IW_GRDH_1SDV_20240621T225813_20240621T225842_054428_069F67_E12F_COG.SAFE",
    "t": "2024-06-21T22:58:13+00:00",
    "sensor": "sentinel1-vv-cfar",
    "uncertainty_m": 7.6
   }
  },
  {
   "type": "Feature",
   "geometry": {
    "type": "Point",
    "coordinates": [
     -74.13622126815913,
     36.6098482447889
    ]
   },
   "properties": {
    "confidence": 0.308,
    "snr": 6.16,
    "peak_dn": 60.0,
    "background_dn": 22.7,
    "sigma_dn": 6.05,
    "pixels": 2,
    "length_m_approx": 14.1,
    "pixel": [
     18734.0,
     18072.5
    ],
    "scene": "S1A_IW_GRDH_1SDV_20240621T225813_20240621T225842_054428_069F67_E12F_COG.SAFE",
    "t": "2024-06-21T22:58:13+00:00",
    "sensor": "sentinel1-vv-cfar",
    "uncertainty_m": 7.6
   }
  },
  {
   "type": "Feature",
   "geometry": {
    "type": "Point",
    "coordinates": [
     -74.01630063932771,
     36.583935690314014
    ]
   },
   "properties": {
    "confidence": 0.307,
    "snr": 6.13,
    "peak_dn": 75.0,
    "background_dn": 26.2,
    "sigma_dn": 7.96,
    "pixels": 2,
    "length_m_approx": 14.1,
    "pixel": [
     19743.0,
     17616.5
    ],
    "scene": "S1A_IW_GRDH_1SDV_20240621T225813_20240621T225842_054428_069F67_E12F_COG.SAFE",
    "t": "2024-06-21T22:58:13+00:00",
    "sensor": "sentinel1-vv-cfar",
    "uncertainty_m": 7.6
   }
  },
  {
   "type": "Feature",
   "geometry": {
    "type": "Point",
    "coordinates": [
     -73.80220897630838,
     36.50415612898276
    ]
   },
   "properties": {
    "confidence": 0.548,
    "snr": 10.96,
    "peak_dn": 134.0,
    "background_dn": 33.3,
    "sigma_dn": 9.19,
    "pixels": 8,
    "length_m_approx": 28.3,
    "pixel": [
     21484.5,
     16442.5
    ],
    "scene": "S1A_IW_GRDH_1SDV_20240621T225813_20240621T225842_054428_069F67_E12F_COG.SAFE",
    "t": "2024-06-21T22:58:13+00:00",
    "sensor": "sentinel1-vv-cfar",
    "uncertainty_m": 14.4
   }
  },
  {
   "type": "Feature",
   "geometry": {
    "type": "Point",
    "coordinates": [
     -73.89040811668694,
     36.67135002418336
    ]
   },
   "properties": {
    "confidence": 0.5,
    "snr": 10.01,
    "peak_dn": 65.0,
    "background_dn": 18.6,
    "sigma_dn": 4.64,
    "pixels": 9,
    "length_m_approx": 30.0,
    "pixel": [
     21015.8,
     18377.1
    ],
    "scene": "S1A_IW_GRDH_1SDV_20240621T225813_20240621T225842_054428_069F67_E12F_COG.SAFE",
    "t": "2024-06-21T22:58:13+00:00",
    "sensor": "sentinel1-vv-cfar",
    "uncertainty_m": 15.3
   }
  },
  {
   "type": "Feature",
   "geometry": {
    "type": "Point",
    "coordinates": [
     -73.77274951685125,
     36.62702185074817
    ]
   },
   "properties": {
    "confidence": 0.455,
    "snr": 9.1,
    "peak_dn": 61.0,
    "background_dn": 19.1,
    "sigma_dn": 4.6,
    "pixels": 3,
    "length_m_approx": 17.3,
    "pixel": [
     21971.3,
     17727.7
    ],
    "scene": "S1A_IW_GRDH_1SDV_20240621T225813_20240621T225842_054428_069F67_E12F_COG.SAFE",
    "t": "2024-06-21T22:58:13+00:00",
    "sensor": "sentinel1-vv-cfar",
    "uncertainty_m": 9.1
   }
  },
  {
   "type": "Feature",
   "geometry": {
    "type": "Point",
    "coordinates": [
     -73.8706699849308,
     36.66454520158646
    ]
   },
   "properties": {
    "confidence": 0.452,
    "snr": 9.05,
    "peak_dn": 71.0,
    "background_dn": 19.8,
    "sigma_dn": 5.65,
    "pixels": 12,
    "length_m_approx": 34.6,
    "pixel": [
     21177.2,
     18275.0
    ],
    "scene": "S1A_IW_GRDH_1SDV_20240621T225813_20240621T225842_054428_069F67_E12F_COG.SAFE",
    "t": "2024-06-21T22:58:13+00:00",
    "sensor": "sentinel1-vv-cfar",
    "uncertainty_m": 17.5
   }
  },
  {
   "type": "Feature",
   "geometry": {
    "type": "Point",
    "coordinates": [
     -73.80176192943462,
     36.50530490960422
    ]
   },
   "properties": {
    "confidence": 0.452,
    "snr": 9.05,
    "peak_dn": 118.0,
    "background_dn": 33.7,
    "sigma_dn": 9.32,
    "pixels": 13,
    "length_m_approx": 36.1,
    "pixel": [
     21490.6,
     16454.2
    ],
    "scene": "S1A_IW_GRDH_1SDV_20240621T225813_20240621T225842_054428_069F67_E12F_COG.SAFE",
    "t": "2024-06-21T22:58:13+00:00",
    "sensor": "sentinel1-vv-cfar",
    "uncertainty_m": 18.2
   }
  },
  {
   "type": "Feature",
   "geometry": {
    "type": "Point",
    "coordinates": [
     -73.9304874646995,
     36.655252491510744
    ]
   },
   "properties": {
    "confidence": 0.45,
    "snr": 9.0,
    "peak_dn": 62.0,
    "background_dn": 18.7,
    "sigma_dn": 4.81,
    "pixels": 3,
    "length_m_approx": 17.3,
    "pixel": [
     20632.7,
     18261.3
    ],
    "scene": "S1A_IW_GRDH_1SDV_20240621T225813_20240621T225842_054428_069F67_E12F_COG.SAFE",
    "t": "2024-06-21T22:58:13+00:00",
    "sensor": "sentinel1-vv-cfar",
    "uncertainty_m": 9.1
   }
  },
  {
   "type": "Feature",
   "geometry": {
    "type": "Point",
    "coordinates": [
     -73.90130453645375,
     36.53424613083224
    ]
   },
   "properties": {
    "confidence": 0.44,
    "snr": 8.8,
    "peak_dn": 71.0,
    "background_dn": 20.1,
    "sigma_dn": 5.78,
    "pixels": 9,
    "length_m_approx": 30.0,
    "pixel": [
     20665.2,
     16911.6
    ],
    "scene": "S1A_IW_GRDH_1SDV_20240621T225813_20240621T225842_054428_069F67_E12F_COG.SAFE",
    "t": "2024-06-21T22:58:13+00:00",
    "sensor": "sentinel1-vv-cfar",
    "uncertainty_m": 15.3
   }
  },
  {
   "type": "Feature",
   "geometry": {
    "type": "Point",
    "coordinates": [
     -73.86545255589559,
     36.60440901834189
    ]
   },
   "properties": {
    "confidence": 0.428,
    "snr": 8.55,
    "peak_dn": 64.0,
    "background_dn": 19.4,
    "sigma_dn": 5.22,
    "pixels": 5,
    "length_m_approx": 22.4,
    "pixel": [
     21111.8,
     17617.6
    ],
    "scene": "S1A_IW_GRDH_1SDV_20240621T225813_20240621T225842_054428_069F67_E12F_COG.SAFE",
    "t": "2024-06-21T22:58:13+00:00",
    "sensor": "sentinel1-vv-cfar",
    "uncertainty_m": 11.5
   }
  },
  {
   "type": "Feature",
   "geometry": {
    "type": "Point",
    "coordinates": [
     -73.90736992598943,
     36.59192707387164
    ]
   },
   "properties": {
    "confidence": 0.425,
    "snr": 8.5,
    "peak_dn": 63.0,
    "background_dn": 19.3,
    "sigma_dn": 5.14,
    "pixels": 8,
    "length_m_approx": 28.3,
    "pixel": [
     20718.9,
     17543.6
    ],
    "scene": "S1A_IW_GRDH_1SDV_20240621T225813_20240621T225842_054428_069F67_E12F_COG.SAFE",
    "t": "2024-06-21T22:58:13+00:00",
    "sensor": "sentinel1-vv-cfar",
    "uncertainty_m": 14.4
   }
  },
  {
   "type": "Feature",
   "geometry": {
    "type": "Point",
    "coordinates": [
     -73.90117584935325,
     36.534847694582005
    ]
   },
   "properties": {
    "confidence": 0.419,
    "snr": 8.39,
    "peak_dn": 69.0,
    "background_dn": 20.1,
    "sigma_dn": 5.83,
    "pixels": 4,
    "length_m_approx": 20.0,
    "pixel": [
     20667.5,
     16917.9
    ],
    "scene": "S1A_IW_GRDH_1SDV_20240621T225813_20240621T225842_054428_069F67_E12F_COG.SAFE",
    "t": "2024-06-21T22:58:13+00:00",
    "sensor": "sentinel1-vv-cfar",
    "uncertainty_m": 10.4
   }
  },
  {
   "type": "Feature",
   "geometry": {
    "type": "Point",
    "coordinates": [
     -73.92950565088529,
     36.64781400933534
    ]
   },
   "properties": {
    "confidence": 0.418,
    "snr": 8.36,
    "peak_dn": 57.0,
    "background_dn": 18.6,
    "sigma_dn": 4.59,
    "pixels": 4,
    "length_m_approx": 20.0,
    "pixel": [
     20627.5,
     18179.5
    ],
    "scene": "S1A_IW_GRDH_1SDV_20240621T225813_20240621T225842_054428_069F67_E12F_COG.SAFE",
    "t": "2024-06-21T22:58:13+00:00",
    "sensor": "sentinel1-vv-cfar",
    "uncertainty_m": 10.4
   }
  },
  {
   "type": "Feature",
   "geometry": {
    "type": "Point",
    "coordinates": [
     -73.8012756816931,
     36.50398491173019
    ]
   },
   "properties": {
    "confidence": 0.416,
    "snr": 8.31,
    "peak_dn": 110.0,
    "background_dn": 33.3,
    "sigma_dn": 9.23,
    "pixels": 7,
    "length_m_approx": 26.5,
    "pixel": [
     21492.4,
     16439.3
    ],
    "scene": "S1A_IW_GRDH_1SDV_20240621T225813_20240621T225842_054428_069F67_E12F_COG.SAFE",
    "t": "2024-06-21T22:58:13+00:00",
    "sensor": "sentinel1-vv-cfar",
    "uncertainty_m": 13.5
   }
  },
  {
   "type": "Feature",
   "geometry": {
    "type": "Point",
    "coordinates": [
     -73.86590352584254,
     36.60449835603442
    ]
   },
   "properties": {
    "confidence": 0.411,
    "snr": 8.23,
    "peak_dn": 61.0,
    "background_dn": 19.2,
    "sigma_dn": 5.08,
    "pixels": 4,
    "length_m_approx": 20.0,
    "pixel": [
     21108.0,
     17619.2
    ],
    "scene": "S1A_IW_GRDH_1SDV_20240621T225813_20240621T225842_054428_069F67_E12F_COG.SAFE",
    "t": "2024-06-21T22:58:13+00:00",
    "sensor": "sentinel1-vv-cfar",
    "uncertainty_m": 10.4
   }
  },
  {
   "type": "Feature",
   "geometry": {
    "type": "Point",
    "coordinates": [
     -73.84060287030222,
     36.65548582396942
    ]
   },
   "properties": {
    "confidence": 0.403,
    "snr": 8.06,
    "peak_dn": 58.0,
    "background_dn": 19.4,
    "sigma_dn": 4.8,
    "pixels": 4,
    "length_m_approx": 20.0,
    "pixel": [
     21425.5,
     18133.5
    ],
    "scene": "S1A_IW_GRDH_1SDV_20240621T225813_20240621T225842_054428_069F67_E12F_COG.SAFE",
    "t": "2024-06-21T22:58:13+00:00",
    "sensor": "sentinel1-vv-cfar",
    "uncertainty_m": 10.4
   }
  },
  {
   "type": "Feature",
   "geometry": {
    "type": "Point",
    "coordinates": [
     -73.90783188588284,
     36.59169668829379
    ]
   },
   "properties": {
    "confidence": 0.401,
    "snr": 8.02,
    "peak_dn": 60.0,
    "background_dn": 19.2,
    "sigma_dn": 5.08,
    "pixels": 5,
    "length_m_approx": 22.4,
    "pixel": [
     20714.4,
     17541.8
    ],
    "scene": "S1A_IW_GRDH_1SDV_20240621T225813_20240621T225842_054428_069F67_E12F_COG.SAFE",
    "t": "2024-06-21T22:58:13+00:00",
    "sensor": "sentinel1-vv-cfar",
    "uncertainty_m": 11.5
   }
  },
  {
   "type": "Feature",
   "geometry": {
    "type": "Point",
    "coordinates": [
     -73.88645747299933,
     36.54863044656312
    ]
   },
   "properties": {
    "confidence": 0.4,
    "snr": 8.0,
    "peak_dn": 64.0,
    "background_dn": 19.9,
    "sigma_dn": 5.51,
    "pixels": 2,
    "length_m_approx": 14.1,
    "pixel": [
     20823.0,
     17045.5
    ],
    "scene": "S1A_IW_GRDH_1SDV_20240621T225813_20240621T225842_054428_069F67_E12F_COG.SAFE",
    "t": "2024-06-21T22:58:13+00:00",
    "sensor": "sentinel1-vv-cfar",
    "uncertainty_m": 7.6
   }
  },
  {
   "type": "Feature",
   "geometry": {
    "type": "Point",
    "coordinates": [
     -73.91462656286012,
     36.5589138675352
    ]
   },
   "properties": {
    "confidence": 0.392,
    "snr": 7.84,
    "peak_dn": 57.0,
    "background_dn": 18.6,
    "sigma_dn": 4.9,
    "pixels": 4,
    "length_m_approx": 20.0,
    "pixel": [
     20593.5,
     17197.5
    ],
    "scene": "S1A_IW_GRDH_1SDV_20240621T225813_20240621T225842_054428_069F67_E12F_COG.SAFE",
    "t": "2024-06-21T22:58:13+00:00",
    "sensor": "sentinel1-vv-cfar",
    "uncertainty_m": 10.4
   }
  },
  {
   "type": "Feature",
   "geometry": {
    "type": "Point",
    "coordinates": [
     -73.8908223109497,
     36.67048699115816
    ]
   },
   "properties": {
    "confidence": 0.389,
    "snr": 7.77,
    "peak_dn": 55.0,
    "background_dn": 18.7,
    "sigma_dn": 4.67,
    "pixels": 5,
    "length_m_approx": 22.4,
    "pixel": [
     21010.6,
     18368.4
    ],
    "scene": "S1A_IW_GRDH_1SDV_20240621T225813_20240621T225842_054428_069F67_E12F_COG.SAFE",
    "t": "2024-06-21T22:58:13+00:00",
    "sensor": "sentinel1-vv-cfar",
    "uncertainty_m": 11.5
   }
  },
  {
   "type": "Feature",
   "geometry": {
    "type": "Point",
    "coordinates": [
     -73.86253503348681,
     36.67709774088134
    ]
   },
   "properties": {
    "confidence": 0.386,
    "snr": 7.71,
    "peak_dn": 57.0,
    "background_dn": 19.2,
    "sigma_dn": 4.9,
    "pixels": 6,
    "length_m_approx": 24.5,
    "pixel": [
     21272.2,
     18398.8
    ],
    "scene": "S1A_IW_GRDH_1SDV_20240621T225813_20240621T225842_054428_069F67_E12F_COG.SAFE",
    "t": "2024-06-21T22:58:13+00:00",
    "sensor": "sentinel1-vv-cfar",
    "uncertainty_m": 12.6
   }
  },
  {
   "type": "Feature",
   "geometry": {
    "type": "Point",
    "coordinates": [
     -73.88106904322666,
     36.6278451575444
    ]
   },
   "properties": {
    "confidence": 0.382,
    "snr": 7.63,
    "peak_dn": 53.0,
    "background_dn": 18.6,
    "sigma_dn": 4.51,
    "pixels": 4,
    "length_m_approx": 20.0,
    "pixel": [
     21017.5,
     17893.5
    ],
    "scene": "S1A_IW_GRDH_1SDV_20240621T225813_20240621T225842_054428_069F67_E12F_COG.SAFE",
    "t": "2024-06-21T22:58:13+00:00",
    "sensor": "sentinel1-vv-cfar",
    "uncertainty_m": 10.4
   }
  },
  {
   "type": "Feature",
   "geometry": {
    "type": "Point",
    "coordinates": [
     -73.90650210915965,
     36.63285272328584
    ]
   },
   "properties": {
    "confidence": 0.38,
    "snr": 7.6,
    "peak_dn": 53.0,
    "background_dn": 18.7,
    "sigma_dn": 4.51,
    "pixels": 4,
    "length_m_approx": 20.0,
    "pixel": [
     20802.5,
     17984.5
    ],
    "scene": "S1A_IW_GRDH_1SDV_20240621T225813_20240621T225842_054428_069F67_E12F_COG.SAFE",
    "t": "2024-06-21T22:58:13+00:00",
    "sensor": "sentinel1-vv-cfar",
    "uncertainty_m": 10.4
   }
  },
  {
   "type": "Feature",
   "geometry": {
    "type": "Point",
    "coordinates": [
     -73.93338032914082,
     36.655512888454815
    ]
   },
   "properties": {
    "confidence": 0.38,
    "snr": 7.6,
    "peak_dn": 55.0,
    "background_dn": 18.6,
    "sigma_dn": 4.79,
    "pixels": 3,
    "length_m_approx": 17.3,
    "pixel": [
     20607.7,
     18268.3
    ],
    "scene": "S1A_IW_GRDH_1SDV_20240621T225813_20240621T225842_054428_069F67_E12F_COG.SAFE",
    "t": "2024-06-21T22:58:13+00:00",
    "sensor": "sentinel1-vv-cfar",
    "uncertainty_m": 9.1
   }
  },
  {
   "type": "Feature",
   "geometry": {
    "type": "Point",
    "coordinates": [
     -73.80015921891184,
     36.50383476595762
    ]
   },
   "properties": {
    "confidence": 0.377,
    "snr": 7.53,
    "peak_dn": 103.0,
    "background_dn": 33.3,
    "sigma_dn": 9.26,
    "pixels": 3,
    "length_m_approx": 17.3,
    "pixel": [
     21502.0,
     16436.0
    ],
    "scene": "S1A_IW_GRDH_1SDV_20240621T225813_20240621T225842_054428_069F67_E12F_COG.SAFE",
    "t": "2024-06-21T22:58:13+00:00",
    "sensor": "sentinel1-vv-cfar",
    "uncertainty_m": 9.1
   }
  },
  {
   "type": "Feature",
   "geometry": {
    "type": "Point",
    "coordinates": [
     -73.9188883477731,
     36.57224292914372
    ]
   },
   "properties": {
    "confidence": 0.376,
    "snr": 7.53,
    "peak_dn": 58.0,
    "background_dn": 19.0,
    "sigma_dn": 5.19,
    "pixels": 3,
    "length_m_approx": 17.3,
    "pixel": [
     20580.7,
     17347.7
    ],
    "scene": "S1A_IW_GRDH_1SDV_20240621T225813_20240621T225842_054428_069F67_E12F_COG.SAFE",
    "t": "2024-06-21T22:58:13+00:00",
    "sensor": "sentinel1-vv-cfar",
    "uncertainty_m": 9.1
   }
  },
  {
   "type": "Feature",
   "geometry": {
    "type": "Point",
    "coordinates": [
     -73.86838309657263,
     36.66723040264331
    ]
   },
   "properties": {
    "confidence": 0.376,
    "snr": 7.51,
    "peak_dn": 66.0,
    "background_dn": 20.5,
    "sigma_dn": 6.06,
    "pixels": 3,
    "length_m_approx": 17.3,
    "pixel": [
     21202.3,
     18300.7
    ],
    "scene": "S1A_IW_GRDH_1SDV_20240621T225813_20240621T225842_054428_069F67_E12F_COG.SAFE",
    "t": "2024-06-21T22:58:13+00:00",
    "sensor": "sentinel1-vv-cfar",
    "uncertainty_m": 9.1
   }
  },
  {
   "type": "Feature",
   "geometry": {
    "type": "Point",
    "coordinates": [
     -73.86947331145493,
     36.664862768024584
    ]
   },
   "properties": {
    "confidence": 0.375,
    "snr": 7.5,
    "peak_dn": 63.0,
    "background_dn": 20.0,
    "sigma_dn": 5.73,
    "pixels": 3,
    "length_m_approx": 17.3,
    "pixel": [
     21188.3,
     18276.7
    ],
    "scene": "S1A_IW_GRDH_1SDV_20240621T225813_20240621T225842_054428_069F67_E12F_COG.SAFE",
    "t": "2024-06-21T22:58:13+00:00",
    "sensor": "sentinel1-vv-cfar",
    "uncertainty_m": 9.1
   }
  },
  {
   "type": "Feature",
   "geometry": {
    "type": "Point",
    "coordinates": [
     -73.81360937483063,
     36.62163628224438
    ]
   },
   "properties": {
    "confidence": 0.374,
    "snr": 7.48,
    "peak_dn": 90.0,
    "background_dn": 24.6,
    "sigma_dn": 8.75,
    "pixels": 2,
    "length_m_approx": 14.1,
    "pixel": [
     21601.0,
     17728.5
    ],
    "scene": "S1A_IW_GRDH_1SDV_20240621T225813_20240621T225842_054428_069F67_E12F_COG.SAFE",
    "t": "2024-06-21T22:58:13+00:00",
    "sensor": "sentinel1-vv-cfar",
    "uncertainty_m": 7.6
   }
  },
  {
   "type": "Feature",
   "geometry": {
    "type": "Point",
    "coordinates": [
     -73.888870273197,
     36.61101578657079
    ]
   },
   "properties": {
    "confidence": 0.371,
    "snr": 7.41,
    "peak_dn": 60.0,
    "background_dn": 19.9,
    "sigma_dn": 5.41,
    "pixels": 2,
    "length_m_approx": 14.1,
    "pixel": [
     20917.5,
     17723.0
    ],
    "scene": "S1A_IW_GRDH_1SDV_20240621T225813_20240621T225842_054428_069F67_E12F_COG.SAFE",
    "t": "2024-06-21T22:58:13+00:00",
    "sensor": "sentinel1-vv-cfar",
    "uncertainty_m": 7.6
   }
  },
  {
   "type": "Feature",
   "geometry": {
    "type": "Point",
    "coordinates": [
     -73.91212107797068,
     36.66893571601643
    ]
   },
   "properties": {
    "confidence": 0.37,
    "snr": 7.39,
    "peak_dn": 62.0,
    "background_dn": 20.3,
    "sigma_dn": 5.65,
    "pixels": 2,
    "length_m_approx": 14.1,
    "pixel": [
     20820.0,
     18382.5
    ],
    "scene": "S1A_IW_GRDH_1SDV_20240621T225813_20240621T225842_054428_069F67_E12F_COG.SAFE",
    "t": "2024-06-21T22:58:13+00:00",
    "sensor": "sentinel1-vv-cfar",
    "uncertainty_m": 7.6
   }
  },
  {
   "type": "Feature",
   "geometry": {
    "type": "Point",
    "coordinates": [
     -73.7802990035198,
     36.59297461899255
    ]
   },
   "properties": {
    "confidence": 0.368,
    "snr": 7.36,
    "peak_dn": 96.0,
    "background_dn": 29.1,
    "sigma_dn": 9.09,
    "pixels": 2,
    "length_m_approx": 14.1,
    "pixel": [
     21842.0,
     17370.5
    ],
    "scene": "S1A_IW_GRDH_1SDV_20240621T225813_20240621T225842_054428_069F67_E12F_COG.SAFE",
    "t": "2024-06-21T22:58:13+00:00",
    "sensor": "sentinel1-vv-cfar",
    "uncertainty_m": 7.6
   }
  },
  {
   "type": "Feature",
   "geometry": {
    "type": "Point",
    "coordinates": [
     -73.88107781243768,
     36.62761100909483
    ]
   },
   "properties": {
    "confidence": 0.367,
    "snr": 7.34,
    "peak_dn": 52.0,
    "background_dn": 18.6,
    "sigma_dn": 4.55,
    "pixels": 3,
    "length_m_approx": 17.3,
    "pixel": [
     21017.0,
     17891.0
    ],
    "scene": "S1A_IW_GRDH_1SDV_20240621T225813_20240621T225842_054428_069F67_E12F_COG.SAFE",
    "t": "2024-06-21T22:58:13+00:00",
    "sensor": "sentinel1-vv-cfar",
    "uncertainty_m": 9.1
   }
  },
  {
   "type": "Feature",
   "geometry": {
    "type": "Point",
    "coordinates": [
     -73.9018676587573,
     36.55697446474126
    ]
   },
   "properties": {
    "confidence": 0.365,
    "snr": 7.29,
    "peak_dn": 56.0,
    "background_dn": 18.9,
    "sigma_dn": 5.09,
    "pixels": 2,
    "length_m_approx": 14.1,
    "pixel": [
     20702.5,
     17158.0
    ],
    "scene": "S1A_IW_GRDH_1SDV_20240621T225813_20240621T225842_054428_069F67_E12F_COG.SAFE",
    "t": "2024-06-21T22:58:13+00:00",
    "sensor": "sentinel1-vv-cfar",
    "uncertainty_m": 7.6
   }
  },
  {
   "type": "Feature",
   "geometry": {
    "type": "Point",
    "coordinates": [
     -73.89072191453029,
     36.67212810900376
    ]
   },
   "properties": {
    "confidence": 0.364,
    "snr": 7.29,
    "peak_dn": 53.0,
    "background_dn": 18.7,
    "sigma_dn": 4.71,
    "pixels": 2,
    "length_m_approx": 14.1,
    "pixel": [
     21014.5,
     18386.0
    ],
    "scene": "S1A_IW_GRDH_1SDV_20240621T225813_20240621T225842_054428_069F67_E12F_COG.SAFE",
    "t": "2024-06-21T22:58:13+00:00",
    "sensor": "sentinel1-vv-cfar",
    "uncertainty_m": 7.6
   }
  },
  {
   "type": "Feature",
   "geometry": {
    "type": "Point",
    "coordinates": [
     -73.8015931064429,
     36.50447368985887
    ]
   },
   "properties": {
    "confidence": 0.362,
    "snr": 7.24,
    "peak_dn": 100.0,
    "background_dn": 33.4,
    "sigma_dn": 9.21,
    "pixels": 2,
    "length_m_approx": 14.1,
    "pixel": [
     21490.5,
     16445.0
    ],
    "scene": "S1A_IW_GRDH_1SDV_20240621T225813_20240621T225842_054428_069F67_E12F_COG.SAFE",
    "t": "2024-06-21T22:58:13+00:00",
    "sensor": "sentinel1-vv-cfar",
    "uncertainty_m": 7.6
   }
  },
  {
   "type": "Feature",
   "geometry": {
    "type": "Point",
    "coordinates": [
     -73.88459736801906,
     36.594374862544235
    ]
   },
   "properties": {
    "confidence": 0.362,
    "snr": 7.23,
    "peak_dn": 59.0,
    "background_dn": 19.4,
    "sigma_dn": 5.47,
    "pixels": 3,
    "length_m_approx": 17.3,
    "pixel": [
     20924.3,
     17537.0
    ],
    "scene": "S1A_IW_GRDH_1SDV_20240621T225813_20240621T225842_054428_069F67_E12F_COG.SAFE",
    "t": "2024-06-21T22:58:13+00:00",
    "sensor": "sentinel1-vv-cfar",
    "uncertainty_m": 9.1
   }
  },
  {
   "type": "Feature",
   "geometry": {
    "type": "Point",
    "coordinates": [
     -73.93231872085127,
     36.58219058869273
    ]
   },
   "properties": {
    "confidence": 0.361,
    "snr": 7.22,
    "peak_dn": 56.0,
    "background_dn": 19.3,
    "sigma_dn": 5.09,
    "pixels": 3,
    "length_m_approx": 17.3,
    "pixel": [
     20480.7,
     17474.7
    ],
    "scene": "S1A_IW_GRDH_1SDV_20240621T225813_20240621T225842_054428_069F67_E12F_COG.SAFE",
    "t": "2024-06-21T22:58:13+00:00",
    "sensor": "sentinel1-vv-cfar",
    "uncertainty_m": 9.1
   }
  },
  {
   "type": "Feature",
   "geometry": {
    "type": "Point",
    "coordinates": [
     -73.84990453717387,
     36.6772044015331
    ]
   },
   "properties": {
    "confidence": 0.361,
    "snr": 7.21,
    "peak_dn": 51.0,
    "background_dn": 18.7,
    "sigma_dn": 4.48,
    "pixels": 3,
    "length_m_approx": 17.3,
    "pixel": [
     21383.7,
     18381.7
    ],
    "scene": "S1A_IW_GRDH_1SDV_20240621T225813_20240621T225842_054428_069F67_E12F_COG.SAFE",
    "t": "2024-06-21T22:58:13+00:00",
    "sensor": "sentinel1-vv-cfar",
    "uncertainty_m": 9.1
   }
  },
  {
   "type": "Feature",
   "geometry": {
    "type": "Point",
    "coordinates": [
     -73.87086533440021,
     36.66428705959763
    ]
   },
   "properties": {
    "confidence": 0.361,
    "snr": 7.21,
    "peak_dn": 60.0,
    "background_dn": 19.8,
    "sigma_dn": 5.58,
    "pixels": 2,
    "length_m_approx": 14.1,
    "pixel": [
     21175.0,
     18272.5
    ],
    "scene": "S1A_IW_GRDH_1SDV_20240621T225813_20240621T225842_054428_069F67_E12F_COG.SAFE",
    "t": "2024-06-21T22:58:13+00:00",
    "sensor": "sentinel1-vv-cfar",
    "uncertainty_m": 7.6
   }
  },
  {
   "type": "Feature",
   "geometry": {
    "type": "Point",
    "coordinates": [
     -73.90455171170693,
     36.61441544075548
    ]
   },
   "properties": {
    "confidence": 0.36,
    "snr": 7.19,
    "peak_dn": 54.0,
    "background_dn": 19.1,
    "sigma_dn": 4.85,
    "pixels": 4,
    "length_m_approx": 20.0,
    "pixel": [
     20785.5,
     17782.5
    ],
    "scene": "S1A_IW_GRDH_1SDV_20240621T225813_20240621T225842_054428_069F67_E12F_COG.SAFE",
    "t": "2024-06-21T22:58:13+00:00",
    "sensor": "sentinel1-vv-cfar",
    "uncertainty_m": 10.4
   }
  },
  {
   "type": "Feature",
   "geometry": {
    "type": "Point",
    "coordinates": [
     -73.89587057455557,
     36.62139057154765
    ]
   },
   "properties": {
    "confidence": 0.359,
    "snr": 7.18,
    "peak_dn": 76.0,
    "background_dn": 22.2,
    "sigma_dn": 7.49,
    "pixels": 4,
    "length_m_approx": 20.0,
    "pixel": [
     20875.0,
     17845.3
    ],
    "scene": "S1A_IW_GRDH_1SDV_20240621T225813_20240621T225842_054428_069F67_E12F_COG.SAFE",
    "t": "2024-06-21T22:58:13+00:00",
    "sensor": "sentinel1-vv-cfar",
    "uncertainty_m": 10.4
   }
  },
  {
   "type": "Feature",
   "geometry": {
    "type": "Point",
    "coordinates": [
     -73.8933006500329,
     36.54033573392016
    ]
   },
   "properties": {
    "confidence": 0.359,
    "snr": 7.17,
    "peak_dn": 72.0,
    "background_dn": 21.5,
    "sigma_dn": 7.04,
    "pixels": 5,
    "length_m_approx": 22.4,
    "pixel": [
     20747.2,
     16965.8
    ],
    "scene": "S1A_IW_GRDH_1SDV_20240621T225813_20240621T225842_054428_069F67_E12F_COG.SAFE",
    "t": "2024-06-21T22:58:13+00:00",
    "sensor": "sentinel1-vv-cfar",
    "uncertainty_m": 11.5
   }
  },
  {
   "type": "Feature",
   "geometry": {
    "type": "Point",
    "coordinates": [
     -73.8816767242406,
     36.61346285512343
    ]
   },
   "properties": {
    "confidence": 0.357,
    "snr": 7.15,
    "peak_dn": 55.0,
    "background_dn": 19.1,
    "sigma_dn": 5.03,
    "pixels": 2,
    "length_m_approx": 14.1,
    "pixel": [
     20985.5,
     17739.0
    ],
    "scene": "S1A_IW_GRDH_1SDV_20240621T225813_20240621T225842_054428_069F67_E12F_COG.SAFE",
    "t": "2024-06-21T22:58:13+00:00",
    "sensor": "sentinel1-vv-cfar",
    "uncertainty_m": 7.6
   }
  },
  {
   "type": "Feature",
   "geometry": {
    "type": "Point",
    "coordinates": [
     -73.8993531448925,
     36.67485708634039
    ]
   },
   "properties": {
    "confidence": 0.355,
    "snr": 7.11,
    "peak_dn": 53.0,
    "background_dn": 18.6,
    "sigma_dn": 4.84,
    "pixels": 2,
    "length_m_approx": 14.1,
    "pixel": [
     20943.5,
     18428.0
    ],
    "scene": "S1A_IW_GRDH_1SDV_20240621T225813_20240621T225842_054428_069F67_E12F_COG.SAFE",
    "t": "2024-06-21T22:58:13+00:00",
    "sensor": "sentinel1-vv-cfar",
    "uncertainty_m": 7.6
   }
  },
  {
   "type": "Feature",
   "geometry": {
    "type": "Point",
    "coordinates": [
     -73.84513805277285,
     36.64196894388636
    ]
   },
   "properties": {
    "confidence": 0.355,
    "snr": 7.1,
    "peak_dn": 68.0,
    "background_dn": 22.3,
    "sigma_dn": 6.44,
    "pixels": 2,
    "length_m_approx": 14.1,
    "pixel": [
     21360.5,
     17994.0
    ],
    "scene": "S1A_IW_GRDH_1SDV_20240621T225813_20240621T225842_054428_069F67_E12F_COG.SAFE",
    "t": "2024-06-21T22:58:13+00:00",
    "sensor": "sentinel1-vv-cfar",
    "uncertainty_m": 7.6
   }
  },
  {
   "type": "Feature",
   "geometry": {
    "type": "Point",
    "coordinates": [
     -73.91314426153527,
     36.55927806054189
    ]
   },
   "properties": {
    "confidence": 0.353,
    "snr": 7.06,
    "peak_dn": 54.0,
    "background_dn": 18.7,
    "sigma_dn": 5.0,
    "pixels": 4,
    "length_m_approx": 20.0,
    "pixel": [
     20607.3,
     17199.3
    ],
    "scene": "S1A_IW_GRDH_1SDV_20240621T225813_20240621T225842_054428_069F67_E12F_COG.SAFE",
    "t": "2024-06-21T22:58:13+00:00",
    "sensor": "sentinel1-vv-cfar",
    "uncertainty_m": 10.4
   }
  },
  {
   "type": "Feature",
   "geometry": {
    "type": "Point",
    "coordinates": [
     -73.74390977454169,
     36.61576224902503
    ]
   },
   "properties": {
    "confidence": 0.353,
    "snr": 7.05,
    "peak_dn": 86.0,
    "background_dn": 25.2,
    "sigma_dn": 8.62,
    "pixels": 2,
    "length_m_approx": 14.1,
    "pixel": [
     22205.0,
     17564.5
    ],
    "scene": "S1A_IW_GRDH_1SDV_20240621T225813_20240621T225842_054428_069F67_E12F_COG.SAFE",
    "t": "2024-06-21T22:58:13+00:00",
    "sensor": "sentinel1-vv-cfar",
    "uncertainty_m": 7.6
   }
  },
  {
   "type": "Feature",
   "geometry": {
    "type": "Point",
    "coordinates": [
     -73.90780322616867,
     36.59134944160233
    ]
   },
   "properties": {
    "confidence": 0.351,
    "snr": 7.01,
    "peak_dn": 56.0,
    "background_dn": 19.4,
    "sigma_dn": 5.22,
    "pixels": 3,
    "length_m_approx": 17.3,
    "pixel": [
     20714.0,
     17538.0
    ],
    "scene": "S1A_IW_GRDH_1SDV_20240621T225813_20240621T225842_054428_069F67_E12F_COG.SAFE",
    "t": "2024-06-21T22:58:13+00:00",
    "sensor": "sentinel1-vv-cfar",
    "uncertainty_m": 9.1
   }
  },
  {
   "type": "Feature",
   "geometry": {
    "type": "Point",
    "coordinates": [
     -73.91165381791059,
     36.58541902466935
    ]
   },
   "properties": {
    "confidence": 0.35,
    "snr": 7.0,
    "peak_dn": 56.0,
    "background_dn": 19.1,
    "sigma_dn": 5.27,
    "pixels": 2,
    "length_m_approx": 14.1,
    "pixel": [
     20669.0,
     17479.5
    ],
    "scene": "S1A_IW_GRDH_1SDV_20240621T225813_20240621T225842_054428_069F67_E12F_COG.SAFE",
    "t": "2024-06-21T22:58:13+00:00",
    "sensor": "sentinel1-vv-cfar",
    "uncertainty_m": 7.6
   }
  },
  {
   "type": "Feature",
   "geometry": {
    "type": "Point",
    "coordinates": [
     -73.73505878722489,
     36.614629328292814
    ]
   },
   "properties": {
    "confidence": 0.349,
    "snr": 6.98,
    "peak_dn": 85.0,
    "background_dn": 27.5,
    "sigma_dn": 8.23,
    "pixels": 2,
    "length_m_approx": 14.1,
    "pixel": [
     22281.0,
     17539.5
    ],
    "scene": "S1A_IW_GRDH_1SDV_20240621T225813_20240621T225842_054428_069F67_E12F_COG.SAFE",
    "t": "2024-06-21T22:58:13+00:00",
    "sensor": "sentinel1-vv-cfar",
    "uncertainty_m": 7.6
   }
  },
  {
   "type": "Feature",
   "geometry": {
    "type": "Point",
    "coordinates": [
     -73.91908407058742,
     36.64240767456326
    ]
   },
   "properties": {
    "confidence": 0.348,
    "snr": 6.97,
    "peak_dn": 68.0,
    "background_dn": 21.5,
    "sigma_dn": 6.67,
    "pixels": 3,
    "length_m_approx": 17.3,
    "pixel": [
     20709.3,
     18106.0
    ],
    "scene": "S1A_IW_GRDH_1SDV_20240621T225813_20240621T225842_054428_069F67_E12F_COG.SAFE",
    "t": "2024-06-21T22:58:13+00:00",
    "sensor": "sentinel1-vv-cfar",
    "uncertainty_m": 9.1
   }
  },
  {
   "type": "Feature",
   "geometry": {
    "type": "Point",
    "coordinates": [
     -73.82135254581614,
     36.61061664745519
    ]
   },
   "properties": {
    "confidence": 0.348,
    "snr": 6.95,
    "peak_dn": 59.0,
    "background_dn": 20.6,
    "sigma_dn": 5.52,
    "pixels": 3,
    "length_m_approx": 17.3,
    "pixel": [
     21512.3,
     17620.7
    ],
    "scene": "S1A_IW_GRDH_1SDV_20240621T225813_20240621T225842_054428_069F67_E12F_COG.SAFE",
    "t": "2024-06-21T22:58:13+00:00",
    "sensor": "sentinel1-vv-cfar",
    "uncertainty_m": 9.1
   }
  },
  {
   "type": "Feature",
   "geometry": {
    "type": "Point",
    "coordinates": [
     -73.89805958196114,
     36.64930173493069
    ]
   },
   "properties": {
    "confidence": 0.346,
    "snr": 6.92,
    "peak_dn": 53.0,
    "background_dn": 19.2,
    "sigma_dn": 4.89,
    "pixels": 2,
    "length_m_approx": 14.1,
    "pixel": [
     20907.5,
     18150.0
    ],
    "scene": "S1A_IW_GRDH_1SDV_20240621T225813_20240621T225842_054428_069F67_E12F_COG.SAFE",
    "t": "2024-06-21T22:58:13+00:00",
    "sensor": "sentinel1-vv-cfar",
    "uncertainty_m": 7.6
   }
  },
  {
   "type": "Feature",
   "geometry": {
    "type": "Point",
    "coordinates": [
     -73.89616400406076,
     36.619291524979076
    ]
   },
   "properties": {
    "confidence": 0.346,
    "snr": 6.92,
    "peak_dn": 70.0,
    "background_dn": 21.6,
    "sigma_dn": 6.99,
    "pixels": 2,
    "length_m_approx": 14.1,
    "pixel": [
     20868.5,
     17823.0
    ],
    "scene": "S1A_IW_GRDH_1SDV_20240621T225813_20240621T225842_054428_069F67_E12F_COG.SAFE",
    "t": "2024-06-21T22:58:13+00:00",
    "sensor": "sentinel1-vv-cfar",
    "uncertainty_m": 7.6
   }
  },
  {
   "type": "Feature",
   "geometry": {
    "type": "Point",
    "coordinates": [
     -73.87895253860788,
     36.55262083597263
    ]
   },
   "properties": {
    "confidence": 0.346,
    "snr": 6.92,
    "peak_dn": 73.0,
    "background_dn": 22.4,
    "sigma_dn": 7.32,
    "pixels": 3,
    "length_m_approx": 17.3,
    "pixel": [
     20896.7,
     17077.7
    ],
    "scene": "S1A_IW_GRDH_1SDV_20240621T225813_20240621T225842_054428_069F67_E12F_COG.SAFE",
    "t": "2024-06-21T22:58:13+00:00",
    "sensor": "sentinel1-vv-cfar",
    "uncertainty_m": 9.1
   }
  },
  {
   "type": "Feature",
   "geometry": {
    "type": "Point",
    "coordinates": [
     -73.74351117397137,
     36.617112922745406
    ]
   },
   "properties": {
    "confidence": 0.342,
    "snr": 6.84,
    "peak_dn": 78.0,
    "background_dn": 23.9,
    "sigma_dn": 7.91,
    "pixels": 2,
    "length_m_approx": 14.1,
    "pixel": [
     22211.0,
     17578.5
    ],
    "scene": "S1A_IW_GRDH_1SDV_20240621T225813_20240621T225842_054428_069F67_E12F_COG.SAFE",
    "t": "2024-06-21T22:58:13+00:00",
    "sensor": "sentinel1-vv-cfar",
    "uncertainty_m": 7.6
   }
  },
  {
   "type": "Feature",
   "geometry": {
    "type": "Point",
    "coordinates": [
     -73.86884476892546,
     36.668167495552986
    ]
   },
   "properties": {
    "confidence": 0.341,
    "snr": 6.83,
    "peak_dn": 63.0,
    "background_dn": 20.6,
    "sigma_dn": 6.21,
    "pixels": 2,
    "length_m_approx": 14.1,
    "pixel": [
     21200.0,
     18311.5
    ],
    "scene": "S1A_IW_GRDH_1SDV_20240621T225813_20240621T225842_054428_069F67_E12F_COG.SAFE",
    "t": "2024-06-21T22:58:13+00:00",
    "sensor": "sentinel1-vv-cfar",
    "uncertainty_m": 7.6
   }
  },
  {
   "type": "Feature",
   "geometry": {
    "type": "Point",
    "coordinates": [
     -73.90288205255239,
     36.6673498110873
    ]
   },
   "properties": {
    "confidence": 0.341,
    "snr": 6.81,
    "peak_dn": 56.0,
    "background_dn": 19.5,
    "sigma_dn": 5.36,
    "pixels": 2,
    "length_m_approx": 14.1,
    "pixel": [
     20898.5,
     18352.0
    ],
    "scene": "S1A_IW_GRDH_1SDV_20240621T225813_20240621T225842_054428_069F67_E12F_COG.SAFE",
    "t": "2024-06-21T22:58:13+00:00",
    "sensor": "sentinel1-vv-cfar",
    "uncertainty_m": 7.6
   }
  },
  {
   "type": "Feature",
   "geometry": {
    "type": "Point",
    "coordinates": [
     -73.91545772288863,
     36.55918949386955
    ]
   },
   "properties": {
    "confidence": 0.34,
    "snr": 6.81,
    "peak_dn": 52.0,
    "background_dn": 18.6,
    "sigma_dn": 4.91,
    "pixels": 3,
    "length_m_approx": 17.3,
    "pixel": [
     20586.7,
     17201.7
    ],
    "scene": "S1A_IW_GRDH_1SDV_20240621T225813_20240621T225842_054428_069F67_E12F_COG.SAFE",
    "t": "2024-06-21T22:58:13+00:00",
    "sensor": "sentinel1-vv-cfar",
    "uncertainty_m": 9.1
   }
  },
  {
   "type": "Feature",
   "geometry": {
    "type": "Point",
    "coordinates": [
     -73.89077295499204,
     36.66921979765519
    ]
   },
   "properties": {
    "confidence": 0.34,
    "snr": 6.8,
    "peak_dn": 53.0,
    "background_dn": 18.8,
    "sigma_dn": 5.03,
    "pixels": 3,
    "length_m_approx": 17.3,
    "pixel": [
     21008.7,
     18354.6
    ],
    "scene": "S1A_IW_GRDH_1SDV_20240621T225813_20240621T225842_054428_069F67_E12F_COG.SAFE",
    "t": "2024-06-21T22:58:13+00:00",
    "sensor": "sentinel1-vv-cfar",
    "uncertainty_m": 9.1
   }
  },
  {
   "type": "Feature",
   "geometry": {
    "type": "Point",
    "coordinates": [
     -73.89578308839175,
     36.554460360840494
    ]
   },
   "properties": {
    "confidence": 0.339,
    "snr": 6.78,
    "peak_dn": 54.0,
    "background_dn": 19.0,
    "sigma_dn": 5.16,
    "pixels": 2,
    "length_m_approx": 14.1,
    "pixel": [
     20751.5,
     17122.0
    ],
    "scene": "S1A_IW_GRDH_1SDV_20240621T225813_20240621T225842_054428_069F67_E12F_COG.SAFE",
    "t": "2024-06-21T22:58:13+00:00",
    "sensor": "sentinel1-vv-cfar",
    "uncertainty_m": 7.6
   }
  },
  {
   "type": "Feature",
   "geometry": {
    "type": "Point",
    "coordinates": [
     -73.91353606542226,
     36.57749705357376
    ]
   },
   "properties": {
    "confidence": 0.338,
    "snr": 6.76,
    "peak_dn": 53.0,
    "background_dn": 18.7,
    "sigma_dn": 5.07,
    "pixels": 3,
    "length_m_approx": 17.3,
    "pixel": [
     20637.7,
     17396.7
    ],
    "scene": "S1A_IW_GRDH_1SDV_20240621T225813_20240621T225842_054428_069F67_E12F_COG.SAFE",
    "t": "2024-06-21T22:58:13+00:00",
    "sensor": "sentinel1-vv-cfar",
    "uncertainty_m": 9.1
   }
  },
  {
   "type": "Feature",
   "geometry": {
    "type": "Point",
    "coordinates": [
     -73.91454436958534,
     36.66805085972088
    ]
   },
   "properties": {
    "confidence": 0.337,
    "snr": 6.75,
    "peak_dn": 59.0,
    "background_dn": 20.3,
    "sigma_dn": 5.74,
    "pixels": 2,
    "length_m_approx": 14.1,
    "pixel": [
     20797.0,
     18376.5
    ],
    "scene": "S1A_IW_GRDH_1SDV_20240621T225813_20240621T225842_054428_069F67_E12F_COG.SAFE",
    "t": "2024-06-21T22:58:13+00:00",
    "sensor": "sentinel1-vv-cfar",
    "uncertainty_m": 7.6
   }
  },
  {
   "type": "Feature",
   "geometry": {
    "type": "Point",
    "coordinates": [
     -73.84965491359641,
     36.677545727238765
    ]
   },
   "properties": {
    "confidence": 0.336,
    "snr": 6.71,
    "peak_dn": 49.0,
    "background_dn": 18.8,
    "sigma_dn": 4.5,
    "pixels": 2,
    "length_m_approx": 14.1,
    "pixel": [
     21386.5,
     18385.0
    ],
    "scene": "S1A_IW_GRDH_1SDV_20240621T225813_20240621T225842_054428_069F67_E12F_COG.SAFE",
    "t": "2024-06-21T22:58:13+00:00",
    "sensor": "sentinel1-vv-cfar",
    "uncertainty_m": 7.6
   }
  },
  {
   "type": "Feature",
   "geometry": {
    "type": "Point",
    "coordinates": [
     -73.91165757265489,
     36.54751268917602
    ]
   },
   "properties": {
    "confidence": 0.334,
    "snr": 6.67,
    "peak_dn": 66.0,
    "background_dn": 21.6,
    "sigma_dn": 6.65,
    "pixels": 2,
    "length_m_approx": 14.1,
    "pixel": [
     20598.5,
     17070.0
    ],
    "scene": "S1A_IW_GRDH_1SDV_20240621T225813_20240621T225842_054428_069F67_E12F_COG.SAFE",
    "t": "2024-06-21T22:58:13+00:00",
    "sensor": "sentinel1-vv-cfar",
    "uncertainty_m": 7.6
   }
  },
  {
   "type": "Feature",
   "geometry": {
    "type": "Point",
    "coordinates": [
     -73.73121807640845,
     36.56139732208107
    ]
   },
   "properties": {
    "confidence": 0.333,
    "snr": 6.66,
    "peak_dn": 82.0,
    "background_dn": 27.5,
    "sigma_dn": 8.19,
    "pixels": 2,
    "length_m_approx": 14.1,
    "pixel": [
     22217.0,
     16958.5
    ],
    "scene": "S1A_IW_GRDH_1SDV_20240621T225813_20240621T225842_054428_069F67_E12F_COG.SAFE",
    "t": "2024-06-21T22:58:13+00:00",
    "sensor": "sentinel1-vv-cfar",
    "uncertainty_m": 7.6
   }
  },
  {
   "type": "Feature",
   "geometry": {
    "type": "Point",
    "coordinates": [
     -73.92660771844938,
     36.56253439647049
    ]
   },
   "properties": {
    "confidence": 0.333,
    "snr": 6.65,
    "peak_dn": 48.0,
    "background_dn": 18.3,
    "sigma_dn": 4.47,
    "pixels": 2,
    "length_m_approx": 14.1,
    "pixel": [
     20494.5,
     17254.0
    ],
    "scene": "S1A_IW_GRDH_1SDV_20240621T225813_20240621T225842_054428_069F67_E12F_COG.SAFE",
    "t": "2024-06-21T22:58:13+00:00",
    "sensor": "sentinel1-vv-cfar",
    "uncertainty_m": 7.6
   }
  },
  {
   "type": "Feature",
   "geometry": {
    "type": "Point",
    "coordinates": [
     -73.79432814138445,
     36.5636135339564
    ]
   },
   "properties": {
    "confidence": 0.331,
    "snr": 6.61,
    "peak_dn": 73.0,
    "background_dn": 24.2,
    "sigma_dn": 7.38,
    "pixels": 2,
    "length_m_approx": 14.1,
    "pixel": [
     21664.0,
     17073.5
    ],
    "scene": "S1A_IW_GRDH_1SDV_20240621T225813_20240621T225842_054428_069F67_E12F_COG.SAFE",
    "t": "2024-06-21T22:58:13+00:00",
    "sensor": "sentinel1-vv-cfar",
    "uncertainty_m": 7.6
   }
  },
  {
   "type": "Feature",
   "geometry": {
    "type": "Point",
    "coordinates": [
     -73.84993168476106,
     36.67778620717348
    ]
   },
   "properties": {
    "confidence": 0.326,
    "snr": 6.52,
    "peak_dn": 48.0,
    "background_dn": 18.7,
    "sigma_dn": 4.49,
    "pixels": 2,
    "length_m_approx": 14.1,
    "pixel": [
     21384.5,
     18388.0
    ],
    "scene": "S1A_IW_GRDH_1SDV_20240621T225813_20240621T225842_054428_069F67_E12F_COG.SAFE",
    "t": "2024-06-21T22:58:13+00:00",
    "sensor": "sentinel1-vv-cfar",
    "uncertainty_m": 7.6
   }
  },
  {
   "type": "Feature",
   "geometry": {
    "type": "Point",
    "coordinates": [
     -73.90445373520589,
     36.61503132155759
    ]
   },
   "properties": {
    "confidence": 0.326,
    "snr": 6.52,
    "peak_dn": 52.0,
    "background_dn": 19.4,
    "sigma_dn": 5.0,
    "pixels": 2,
    "length_m_approx": 14.1,
    "pixel": [
     20787.5,
     17789.0
    ],
    "scene": "S1A_IW_GRDH_1SDV_20240621T225813_20240621T225842_054428_069F67_E12F_COG.SAFE",
    "t": "2024-06-21T22:58:13+00:00",
    "sensor": "sentinel1-vv-cfar",
    "uncertainty_m": 7.6
   }
  },
  {
   "type": "Feature",
   "geometry": {
    "type": "Point",
    "coordinates": [
     -73.81894257186283,
     36.63114286848004
    ]
   },
   "properties": {
    "confidence": 0.325,
    "snr": 6.5,
    "peak_dn": 70.0,
    "background_dn": 23.0,
    "sigma_dn": 7.22,
    "pixels": 2,
    "length_m_approx": 14.1,
    "pixel": [
     21571.5,
     17839.0
    ],
    "scene": "S1A_IW_GRDH_1SDV_20240621T225813_20240621T225842_054428_069F67_E12F_COG.SAFE",
    "t": "2024-06-21T22:58:13+00:00",
    "sensor": "sentinel1-vv-cfar",
    "uncertainty_m": 7.6
   }
  },
  {
   "type": "Feature",
   "geometry": {
    "type": "Point",
    "coordinates": [
     -73.87250327644597,
     36.57243042485309
    ]
   },
   "properties": {
    "confidence": 0.321,
    "snr": 6.42,
    "peak_dn": 58.0,
    "background_dn": 20.4,
    "sigma_dn": 5.86,
    "pixels": 3,
    "length_m_approx": 17.3,
    "pixel": [
     20990.3,
     17282.3
    ],
    "scene": "S1A_IW_GRDH_1SDV_20240621T225813_20240621T225842_054428_069F67_E12F_COG.SAFE",
    "t": "2024-06-21T22:58:13+00:00",
    "sensor": "sentinel1-vv-cfar",
    "uncertainty_m": 9.1
   }
  },
  {
   "type": "Feature",
   "geometry": {
    "type": "Point",
    "coordinates": [
     -73.93459378104097,
     36.63778020808766
    ]
   },
   "properties": {
    "confidence": 0.321,
    "snr": 6.41,
    "peak_dn": 66.0,
    "background_dn": 22.2,
    "sigma_dn": 6.83,
    "pixels": 2,
    "length_m_approx": 14.1,
    "pixel": [
     20564.0,
     18078.5
    ],
    "scene": "S1A_IW_GRDH_1SDV_20240621T225813_20240621T225842_054428_069F67_E12F_COG.SAFE",
    "t": "2024-06-21T22:58:13+00:00",
    "sensor": "sentinel1-vv-cfar",
    "uncertainty_m": 7.6
   }
  },
  {
   "type": "Feature",
   "geometry": {
    "type": "Point",
    "coordinates": [
     -73.93834871599111,
     36.62385497757267
    ]
   },
   "properties": {
    "confidence": 0.321,
    "snr": 6.41,
    "peak_dn": 75.0,
    "background_dn": 24.2,
    "sigma_dn": 7.92,
    "pixels": 2,
    "length_m_approx": 14.1,
    "pixel": [
     20505.0,
     17933.5
    ],
    "scene": "S1A_IW_GRDH_1SDV_20240621T225813_20240621T225842_054428_069F67_E12F_COG.SAFE",
    "t": "2024-06-21T22:58:13+00:00",
    "sensor": "sentinel1-vv-cfar",
    "uncertainty_m": 7.6
   }
  },
  {
   "type": "Feature",
   "geometry": {
    "type": "Point",
    "coordinates": [
     -73.88028437909995,
     36.627347354725885
    ]
   },
   "properties": {
    "confidence": 0.321,
    "snr": 6.41,
    "peak_dn": 48.0,
    "background_dn": 18.6,
    "sigma_dn": 4.58,
    "pixels": 2,
    "length_m_approx": 14.1,
    "pixel": [
     21023.5,
     17887.0
    ],
    "scene": "S1A_IW_GRDH_1SDV_20240621T225813_20240621T225842_054428_069F67_E12F_COG.SAFE",
    "t": "2024-06-21T22:58:13+00:00",
    "sensor": "sentinel1-vv-cfar",
    "uncertainty_m": 7.6
   }
  },
  {
   "type": "Feature",
   "geometry": {
    "type": "Point",
    "coordinates": [
     -73.93067127927837,
     36.65547596793775
    ]
   },
   "properties": {
    "confidence": 0.316,
    "snr": 6.33,
    "peak_dn": 49.0,
    "background_dn": 18.7,
    "sigma_dn": 4.79,
    "pixels": 2,
    "length_m_approx": 14.1,
    "pixel": [
     20631.5,
     18264.0
    ],
    "scene": "S1A_IW_GRDH_1SDV_20240621T225813_20240621T225842_054428_069F67_E12F_COG.SAFE",
    "t": "2024-06-21T22:58:13+00:00",
    "sensor": "sentinel1-vv-cfar",
    "uncertainty_m": 7.6
   }
  },
  {
   "type": "Feature",
   "geometry": {
    "type": "Point",
    "coordinates": [
     -73.80046651587551,
     36.55857728624221
    ]
   },
   "properties": {
    "confidence": 0.315,
    "snr": 6.31,
    "peak_dn": 76.0,
    "background_dn": 25.2,
    "sigma_dn": 8.05,
    "pixels": 2,
    "length_m_approx": 14.1,
    "pixel": [
     21600.5,
     17028.0
    ],
    "scene": "S1A_IW_GRDH_1SDV_20240621T225813_20240621T225842_054428_069F67_E12F_COG.SAFE",
    "t": "2024-06-21T22:58:13+00:00",
    "sensor": "sentinel1-vv-cfar",
    "uncertainty_m": 7.6
   }
  },
  {
   "type": "Feature",
   "geometry": {
    "type": "Point",
    "coordinates": [
     -73.77829410062363,
     36.60101105609274
    ]
   },
   "properties": {
    "confidence": 0.308,
    "snr": 6.16,
    "peak_dn": 76.0,
    "background_dn": 25.8,
    "sigma_dn": 8.15,
    "pixels": 2,
    "length_m_approx": 14.1,
    "pixel": [
     21874.5,
     17454.5
    ],
    "scene": "S1A_IW_GRDH_1SDV_20240621T225813_20240621T225842_054428_069F67_E12F_COG.SAFE",
    "t": "2024-06-21T22:58:13+00:00",
    "sensor": "sentinel1-vv-cfar",
    "uncertainty_m": 7.6
   }
  },
  {
   "type": "Feature",
   "geometry": {
    "type": "Point",
    "coordinates": [
     -73.9078348572607,
     36.647249202967885
    ]
   },
   "properties": {
    "confidence": 0.305,
    "snr": 6.09,
    "peak_dn": 70.0,
    "background_dn": 22.5,
    "sigma_dn": 7.81,
    "pixels": 2,
    "length_m_approx": 14.1,
    "pixel": [
     20817.5,
     18142.0
    ],
    "scene": "S1A_IW_GRDH_1SDV_20240621T225813_20240621T225842_054428_069F67_E12F_COG.SAFE",
    "t": "2024-06-21T22:58:13+00:00",
    "sensor": "sentinel1-vv-cfar",
    "uncertainty_m": 7.6
   }
  },
  {
   "type": "Feature",
   "geometry": {
    "type": "Point",
    "coordinates": [
     -73.80350230085894,
     36.62317649454096
    ]
   },
   "properties": {
    "confidence": 0.301,
    "snr": 6.01,
    "peak_dn": 47.0,
    "background_dn": 19.1,
    "sigma_dn": 4.64,
    "pixels": 2,
    "length_m_approx": 14.1,
    "pixel": [
     21693.0,
     17730.5
    ],
    "scene": "S1A_IW_GRDH_1SDV_20240621T225813_20240621T225842_054428_069F67_E12F_COG.SAFE",
    "t": "2024-06-21T22:58:13+00:00",
    "sensor": "sentinel1-vv-cfar",
    "uncertainty_m": 7.6
   }
  },
  {
   "type": "Feature",
   "geometry": {
    "type": "Point",
    "coordinates": [
     -73.87610299688272,
     36.675709124279365
    ]
   },
   "properties": {
    "confidence": 0.3,
    "snr": 6.0,
    "peak_dn": 48.0,
    "background_dn": 18.8,
    "sigma_dn": 4.86,
    "pixels": 2,
    "length_m_approx": 14.1,
    "pixel": [
     21150.0,
     18403.5
    ],
    "scene": "S1A_IW_GRDH_1SDV_20240621T225813_20240621T225842_054428_069F67_E12F_COG.SAFE",
    "t": "2024-06-21T22:58:13+00:00",
    "sensor": "sentinel1-vv-cfar",
    "uncertainty_m": 7.6
   }
  },
  {
   "type": "Feature",
   "geometry": {
    "type": "Point",
    "coordinates": [
     -73.67445846809989,
     36.62160844809926
    ]
   },
   "properties": {
    "confidence": 0.718,
    "snr": 14.36,
    "peak_dn": 149.0,
    "background_dn": 28.9,
    "sigma_dn": 8.36,
    "pixels": 26,
    "length_m_approx": 51.0,
    "pixel": [
     22828.5,
     17527.7
    ],
    "scene": "S1A_IW_GRDH_1SDV_20240621T225813_20240621T225842_054428_069F67_E12F_COG.SAFE",
    "t": "2024-06-21T22:58:13+00:00",
    "sensor": "sentinel1-vv-cfar",
    "uncertainty_m": 25.6
   }
  },
  {
   "type": "Feature",
   "geometry": {
    "type": "Point",
    "coordinates": [
     -73.67461002863541,
     36.622257245784155
    ]
   },
   "properties": {
    "confidence": 0.714,
    "snr": 14.29,
    "peak_dn": 148.0,
    "background_dn": 28.9,
    "sigma_dn": 8.33,
    "pixels": 7,
    "length_m_approx": 26.5,
    "pixel": [
     22828.3,
     17535.0
    ],
    "scene": "S1A_IW_GRDH_1SDV_20240621T225813_20240621T225842_054428_069F67_E12F_COG.SAFE",
    "t": "2024-06-21T22:58:13+00:00",
    "sensor": "sentinel1-vv-cfar",
    "uncertainty_m": 13.5
   }
  },
  {
   "type": "Feature",
   "geometry": {
    "type": "Point",
    "coordinates": [
     -73.67478677022437,
     36.622917442308946
    ]
   },
   "properties": {
    "confidence": 0.623,
    "snr": 12.45,
    "peak_dn": 134.0,
    "background_dn": 29.1,
    "sigma_dn": 8.42,
    "pixels": 13,
    "length_m_approx": 36.1,
    "pixel": [
     22828.0,
     17542.4
    ],
    "scene": "S1A_IW_GRDH_1SDV_20240621T225813_20240621T225842_054428_069F67_E12F_COG.SAFE",
    "t": "2024-06-21T22:58:13+00:00",
    "sensor": "sentinel1-vv-cfar",
    "uncertainty_m": 18.2
   }
  },
  {
   "type": "Feature",
   "geometry": {
    "type": "Point",
    "coordinates": [
     -73.67464481233326,
     36.62253222316656
    ]
   },
   "properties": {
    "confidence": 0.34,
    "snr": 6.81,
    "peak_dn": 86.0,
    "background_dn": 29.0,
    "sigma_dn": 8.37,
    "pixels": 2,
    "length_m_approx": 14.1,
    "pixel": [
     22828.5,
     17538.0
    ],
    "scene": "S1A_IW_GRDH_1SDV_20240621T225813_20240621T225842_054428_069F67_E12F_COG.SAFE",
    "t": "2024-06-21T22:58:13+00:00",
    "sensor": "sentinel1-vv-cfar",
    "uncertainty_m": 7.6
   }
  },
  {
   "type": "Feature",
   "geometry": {
    "type": "Point",
    "coordinates": [
     -73.64260913660482,
     36.69580177805174
    ]
   },
   "properties": {
    "confidence": 0.324,
    "snr": 6.47,
    "peak_dn": 64.0,
    "background_dn": 23.8,
    "sigma_dn": 6.21,
    "pixels": 2,
    "length_m_approx": 14.1,
    "pixel": [
     23245.0,
     18284.5
    ],
    "scene": "S1A_IW_GRDH_1SDV_20240621T225813_20240621T225842_054428_069F67_E12F_COG.SAFE",
    "t": "2024-06-21T22:58:13+00:00",
    "sensor": "sentinel1-vv-cfar",
    "uncertainty_m": 7.6
   }
  },
  {
   "type": "Feature",
   "geometry": {
    "type": "Point",
    "coordinates": [
     -73.67018401248072,
     36.571842440901506
    ]
   },
   "properties": {
    "confidence": 0.317,
    "snr": 6.34,
    "peak_dn": 83.0,
    "background_dn": 31.6,
    "sigma_dn": 8.1,
    "pixels": 2,
    "length_m_approx": 14.1,
    "pixel": [
     22775.0,
     16983.5
    ],
    "scene": "S1A_IW_GRDH_1SDV_20240621T225813_20240621T225842_054428_069F67_E12F_COG.SAFE",
    "t": "2024-06-21T22:58:13+00:00",
    "sensor": "sentinel1-vv-cfar",
    "uncertainty_m": 7.6
   }
  },
  {
   "type": "Feature",
   "geometry": {
    "type": "Point",
    "coordinates": [
     -73.50517336003915,
     36.5716176413335
    ]
   },
   "properties": {
    "confidence": 0.316,
    "snr": 6.32,
    "peak_dn": 85.0,
    "background_dn": 33.2,
    "sigma_dn": 8.2,
    "pixels": 2,
    "length_m_approx": 14.1,
    "pixel": [
     24231.5,
     16745.0
    ],
    "scene": "S1A_IW_GRDH_1SDV_20240621T225813_20240621T225842_054428_069F67_E12F_COG.SAFE",
    "t": "2024-06-21T22:58:13+00:00",
    "sensor": "sentinel1-vv-cfar",
    "uncertainty_m": 7.6
   }
  },
  {
   "type": "Feature",
   "geometry": {
    "type": "Point",
    "coordinates": [
     -73.43897127094269,
     36.60505229239973
    ]
   },
   "properties": {
    "confidence": 0.372,
    "snr": 7.44,
    "peak_dn": 104.0,
    "background_dn": 37.5,
    "sigma_dn": 8.95,
    "pixels": 2,
    "length_m_approx": 14.1,
    "pixel": [
     24876.5,
     17013.0
    ],
    "scene": "S1A_IW_GRDH_1SDV_20240621T225813_20240621T225842_054428_069F67_E12F_COG.SAFE",
    "t": "2024-06-21T22:58:13+00:00",
    "sensor": "sentinel1-vv-cfar",
    "uncertainty_m": 7.6
   }
  },
  {
   "type": "Feature",
   "geometry": {
    "type": "Point",
    "coordinates": [
     -75.11049332239767,
     36.51025252171115
    ]
   },
   "properties": {
    "confidence": 0.558,
    "snr": 11.16,
    "peak_dn": 184.0,
    "background_dn": 47.1,
    "sigma_dn": 12.27,
    "pixels": 6,
    "length_m_approx": 24.5,
    "pixel": [
     9953.2,
     18477.6
    ],
    "scene": "S1A_IW_GRDH_1SDV_20240621T225813_20240621T225842_054428_069F67_E12F_COG.SAFE",
    "t": "2024-06-21T22:58:13+00:00",
    "sensor": "sentinel1-vv-cfar",
    "uncertainty_m": 12.6
   }
  },
  {
   "type": "Feature",
   "geometry": {
    "type": "Point",
    "coordinates": [
     -75.02058715934797,
     36.540089585188014
    ]
   },
   "properties": {
    "confidence": 0.394,
    "snr": 7.88,
    "peak_dn": 131.0,
    "background_dn": 39.4,
    "sigma_dn": 11.63,
    "pixels": 3,
    "length_m_approx": 17.3,
    "pixel": [
     10804.7,
     18658.7
    ],
    "scene": "S1A_IW_GRDH_1SDV_20240621T225813_20240621T225842_054428_069F67_E12F_COG.SAFE",
    "t": "2024-06-21T22:58:13+00:00",
    "sensor": "sentinel1-vv-cfar",
    "uncertainty_m": 9.1
   }
  },
  {
   "type": "Feature",
   "geometry": {
    "type": "Point",
    "coordinates": [
     -74.95531194551128,
     36.559149009593
    ]
   },
   "properties": {
    "confidence": 0.363,
    "snr": 7.27,
    "peak_dn": 116.0,
    "background_dn": 37.6,
    "sigma_dn": 10.79,
    "pixels": 4,
    "length_m_approx": 20.0,
    "pixel": [
     11417.5,
     18762.5
    ],
    "scene": "S1A_IW_GRDH_1SDV_20240621T225813_20240621T225842_054428_069F67_E12F_COG.SAFE",
    "t": "2024-06-21T22:58:13+00:00",
    "sensor": "sentinel1-vv-cfar",
    "uncertainty_m": 10.4
   }
  },
  {
   "type": "Feature",
   "geometry": {
    "type": "Point",
    "coordinates": [
     -74.93797417514087,
     36.56274222231965
    ]
   },
   "properties": {
    "confidence": 0.333,
    "snr": 6.66,
    "peak_dn": 116.0,
    "background_dn": 39.1,
    "sigma_dn": 11.55,
    "pixels": 3,
    "length_m_approx": 17.3,
    "pixel": [
     11577.3,
     18774.3
    ],
    "scene": "S1A_IW_GRDH_1SDV_20240621T225813_20240621T225842_054428_069F67_E12F_COG.SAFE",
    "t": "2024-06-21T22:58:13+00:00",
    "sensor": "sentinel1-vv-cfar",
    "uncertainty_m": 9.1
   }
  },
  {
   "type": "Feature",
   "geometry": {
    "type": "Point",
    "coordinates": [
     -75.04216453229445,
     36.560720230019285
    ]
   },
   "properties": {
    "confidence": 0.332,
    "snr": 6.65,
    "peak_dn": 112.0,
    "background_dn": 40.0,
    "sigma_dn": 10.83,
    "pixels": 2,
    "length_m_approx": 14.1,
    "pixel": [
     10655.5,
     18914.0
    ],
    "scene": "S1A_IW_GRDH_1SDV_20240621T225813_20240621T225842_054428_069F67_E12F_COG.SAFE",
    "t": "2024-06-21T22:58:13+00:00",
    "sensor": "sentinel1-vv-cfar",
    "uncertainty_m": 7.6
   }
  },
  {
   "type": "Feature",
   "geometry": {
    "type": "Point",
    "coordinates": [
     -74.7396079402916,
     36.60542927852275
    ]
   },
   "properties": {
    "confidence": 0.409,
    "snr": 8.18,
    "peak_dn": 124.0,
    "background_dn": 39.2,
    "sigma_dn": 10.37,
    "pixels": 3,
    "length_m_approx": 17.3,
    "pixel": [
     13408.3,
     18929.7
    ],
    "scene": "S1A_IW_GRDH_1SDV_20240621T225813_20240621T225842_054428_069F67_E12F_COG.SAFE",
    "t": "2024-06-21T22:58:13+00:00",
    "sensor": "sentinel1-vv-cfar",
    "uncertainty_m": 9.1
   }
  },
  {
   "type": "Feature",
   "geometry": {
    "type": "Point",
    "coordinates": [
     -74.80615872052695,
     36.55627167661224
    ]
   },
   "properties": {
    "confidence": 0.39,
    "snr": 7.79,
    "peak_dn": 125.0,
    "background_dn": 41.4,
    "sigma_dn": 10.73,
    "pixels": 3,
    "length_m_approx": 17.3,
    "pixel": [
     12726.0,
     18502.0
    ],
    "scene": "S1A_IW_GRDH_1SDV_20240621T225813_20240621T225842_054428_069F67_E12F_COG.SAFE",
    "t": "2024-06-21T22:58:13+00:00",
    "sensor": "sentinel1-vv-cfar",
    "uncertainty_m": 9.1
   }
  },
  {
   "type": "Feature",
   "geometry": {
    "type": "Point",
    "coordinates": [
     -74.73348908208374,
     36.63766550974928
    ]
   },
   "properties": {
    "confidence": 0.334,
    "snr": 6.69,
    "peak_dn": 114.0,
    "background_dn": 41.8,
    "sigma_dn": 10.79,
    "pixels": 2,
    "length_m_approx": 14.1,
    "pixel": [
     13525.0,
     19267.5
    ],
    "scene": "S1A_IW_GRDH_1SDV_20240621T225813_20240621T225842_054428_069F67_E12F_COG.SAFE",
    "t": "2024-06-21T22:58:13+00:00",
    "sensor": "sentinel1-vv-cfar",
    "uncertainty_m": 7.6
   }
  },
  {
   "type": "Feature",
   "geometry": {
    "type": "Point",
    "coordinates": [
     -74.80632258011616,
     36.55726894202524
    ]
   },
   "properties": {
    "confidence": 0.327,
    "snr": 6.54,
    "peak_dn": 111.0,
    "background_dn": 41.5,
    "sigma_dn": 10.63,
    "pixels": 2,
    "length_m_approx": 14.1,
    "pixel": [
     12726.5,
     18513.0
    ],
    "scene": "S1A_IW_GRDH_1SDV_20240621T225813_20240621T225842_054428_069F67_E12F_COG.SAFE",
    "t": "2024-06-21T22:58:13+00:00",
    "sensor": "sentinel1-vv-cfar",
    "uncertainty_m": 7.6
   }
  },
  {
   "type": "Feature",
   "geometry": {
    "type": "Point",
    "coordinates": [
     -74.84893979922872,
     36.603166410941746
    ]
   },
   "properties": {
    "confidence": 0.313,
    "snr": 6.26,
    "peak_dn": 109.0,
    "background_dn": 41.2,
    "sigma_dn": 10.83,
    "pixels": 2,
    "length_m_approx": 14.1,
    "pixel": [
     12441.0,
     19072.5
    ],
    "scene": "S1A_IW_GRDH_1SDV_20240621T225813_20240621T225842_054428_069F67_E12F_COG.SAFE",
    "t": "2024-06-21T22:58:13+00:00",
    "sensor": "sentinel1-vv-cfar",
    "uncertainty_m": 7.6
   }
  },
  {
   "type": "Feature",
   "geometry": {
    "type": "Point",
    "coordinates": [
     -74.58282215280616,
     36.648946876388564
    ]
   },
   "properties": {
    "confidence": 0.359,
    "snr": 7.17,
    "peak_dn": 98.0,
    "background_dn": 33.6,
    "sigma_dn": 8.98,
    "pixels": 4,
    "length_m_approx": 20.0,
    "pixel": [
     14873.5,
     19160.5
    ],
    "scene": "S1A_IW_GRDH_1SDV_20240621T225813_20240621T225842_054428_069F67_E12F_COG.SAFE",
    "t": "2024-06-21T22:58:13+00:00",
    "sensor": "sentinel1-vv-cfar",
    "uncertainty_m": 10.4
   }
  },
  {
   "type": "Feature",
   "geometry": {
    "type": "Point",
    "coordinates": [
     -74.5852162498056,
     36.58661110559511
    ]
   },
   "properties": {
    "confidence": 0.336,
    "snr": 6.73,
    "peak_dn": 114.0,
    "background_dn": 39.9,
    "sigma_dn": 11.01,
    "pixels": 2,
    "length_m_approx": 14.1,
    "pixel": [
     14732.0,
     18492.5
    ],
    "scene": "S1A_IW_GRDH_1SDV_20240621T225813_20240621T225842_054428_069F67_E12F_COG.SAFE",
    "t": "2024-06-21T22:58:13+00:00",
    "sensor": "sentinel1-vv-cfar",
    "uncertainty_m": 7.6
   }
  },
  {
   "type": "Feature",
   "geometry": {
    "type": "Point",
    "coordinates": [
     -74.46771672035322,
     36.67336313977984
    ]
   },
   "properties": {
    "confidence": 0.325,
    "snr": 6.49,
    "peak_dn": 117.0,
    "background_dn": 41.9,
    "sigma_dn": 11.57,
    "pixels": 2,
    "length_m_approx": 14.1,
    "pixel": [
     15934.0,
     19250.5
    ],
    "scene": "S1A_IW_GRDH_1SDV_20240621T225813_20240621T225842_054428_069F67_E12F_COG.SAFE",
    "t": "2024-06-21T22:58:13+00:00",
    "sensor": "sentinel1-vv-cfar",
    "uncertainty_m": 7.6
   }
  },
  {
   "type": "Feature",
   "geometry": {
    "type": "Point",
    "coordinates": [
     -74.61068734241564,
     36.59045873961594
    ]
   },
   "properties": {
    "confidence": 0.315,
    "snr": 6.3,
    "peak_dn": 108.0,
    "background_dn": 40.4,
    "sigma_dn": 10.73,
    "pixels": 2,
    "length_m_approx": 14.1,
    "pixel": [
     14515.0,
     18572.5
    ],
    "scene": "S1A_IW_GRDH_1SDV_20240621T225813_20240621T225842_054428_069F67_E12F_COG.SAFE",
    "t": "2024-06-21T22:58:13+00:00",
    "sensor": "sentinel1-vv-cfar",
    "uncertainty_m": 7.6
   }
  },
  {
   "type": "Feature",
   "geometry": {
    "type": "Point",
    "coordinates": [
     -74.22991639702632,
     36.695093271717646
    ]
   },
   "properties": {
    "confidence": 0.398,
    "snr": 7.96,
    "peak_dn": 89.0,
    "background_dn": 27.4,
    "sigma_dn": 7.74,
    "pixels": 3,
    "length_m_approx": 17.3,
    "pixel": [
     18069.3,
     19130.7
    ],
    "scene": "S1A_IW_GRDH_1SDV_20240621T225813_20240621T225842_054428_069F67_E12F_COG.SAFE",
    "t": "2024-06-21T22:58:13+00:00",
    "sensor": "sentinel1-vv-cfar",
    "uncertainty_m": 9.1
   }
  },
  {
   "type": "Feature",
   "geometry": {
    "type": "Point",
    "coordinates": [
     -74.22511683976728,
     36.70501450642125
    ]
   },
   "properties": {
    "confidence": 0.367,
    "snr": 7.35,
    "peak_dn": 88.0,
    "background_dn": 27.4,
    "sigma_dn": 8.26,
    "pixels": 3,
    "length_m_approx": 17.3,
    "pixel": [
     18130.3,
     19230.7
    ],
    "scene": "S1A_IW_GRDH_1SDV_20240621T225813_20240621T225842_054428_069F67_E12F_COG.SAFE",
    "t": "2024-06-21T22:58:13+00:00",
    "sensor": "sentinel1-vv-cfar",
    "uncertainty_m": 9.1
   }
  },
  {
   "type": "Feature",
   "geometry": {
    "type": "Point",
    "coordinates": [
     -74.1939539730272,
     36.65509503181313
    ]
   },
   "properties": {
    "confidence": 0.362,
    "snr": 7.24,
    "peak_dn": 81.0,
    "background_dn": 26.9,
    "sigma_dn": 7.47,
    "pixels": 2,
    "length_m_approx": 14.1,
    "pixel": [
     18310.5,
     18646.0
    ],
    "scene": "S1A_IW_GRDH_1SDV_20240621T225813_20240621T225842_054428_069F67_E12F_COG.SAFE",
    "t": "2024-06-21T22:58:13+00:00",
    "sensor": "sentinel1-vv-cfar",
    "uncertainty_m": 7.6
   }
  },
  {
   "type": "Feature",
   "geometry": {
    "type": "Point",
    "coordinates": [
     -74.21920078841529,
     36.692091796112905
    ]
   },
   "properties": {
    "confidence": 0.359,
    "snr": 7.18,
    "peak_dn": 68.0,
    "background_dn": 24.5,
    "sigma_dn": 6.06,
    "pixels": 4,
    "length_m_approx": 20.0,
    "pixel": [
     18158.0,
     19082.5
    ],
    "scene": "S1A_IW_GRDH_1SDV_20240621T225813_20240621T225842_054428_069F67_E12F_COG.SAFE",
    "t": "2024-06-21T22:58:13+00:00",
    "sensor": "sentinel1-vv-cfar",
    "uncertainty_m": 10.4
   }
  },
  {
   "type": "Feature",
   "geometry": {
    "type": "Point",
    "coordinates": [
     -74.26492246700904,
     36.69929327915955
    ]
   },
   "properties": {
    "confidence": 0.358,
    "snr": 7.17,
    "peak_dn": 95.0,
    "background_dn": 31.7,
    "sigma_dn": 8.83,
    "pixels": 5,
    "length_m_approx": 22.4,
    "pixel": [
     17769.0,
     19227.8
    ],
    "scene": "S1A_IW_GRDH_1SDV_20240621T225813_20240621T225842_054428_069F67_E12F_COG.SAFE",
    "t": "2024-06-21T22:58:13+00:00",
    "sensor": "sentinel1-vv-cfar",
    "uncertainty_m": 11.5
   }
  },
  {
   "type": "Feature",
   "geometry": {
    "type": "Point",
    "coordinates": [
     -74.23038090119731,
     36.69586420546909
    ]
   },
   "properties": {
    "confidence": 0.357,
    "snr": 7.14,
    "peak_dn": 84.0,
    "background_dn": 27.6,
    "sigma_dn": 7.9,
    "pixels": 3,
    "length_m_approx": 17.3,
    "pixel": [
     18066.7,
     19139.7
    ],
    "scene": "S1A_IW_GRDH_1SDV_20240621T225813_20240621T225842_054428_069F67_E12F_COG.SAFE",
    "t": "2024-06-21T22:58:13+00:00",
    "sensor": "sentinel1-vv-cfar",
    "uncertainty_m": 9.1
   }
  },
  {
   "type": "Feature",
   "geometry": {
    "type": "Point",
    "coordinates": [
     -74.22520391759991,
     36.70762825318456
    ]
   },
   "properties": {
    "confidence": 0.356,
    "snr": 7.11,
    "peak_dn": 85.0,
    "background_dn": 27.5,
    "sigma_dn": 8.09,
    "pixels": 2,
    "length_m_approx": 14.1,
    "pixel": [
     18134.5,
     19259.0
    ],
    "scene": "S1A_IW_GRDH_1SDV_20240621T225813_20240621T225842_054428_069F67_E12F_COG.SAFE",
    "t": "2024-06-21T22:58:13+00:00",
    "sensor": "sentinel1-vv-cfar",
    "uncertainty_m": 7.6
   }
  },
  {
   "type": "Feature",
   "geometry": {
    "type": "Point",
    "coordinates": [
     -74.19898177374091,
     36.684383146432175
    ]
   },
   "properties": {
    "confidence": 0.341,
    "snr": 6.81,
    "peak_dn": 95.0,
    "background_dn": 29.4,
    "sigma_dn": 9.63,
    "pixels": 4,
    "length_m_approx": 20.0,
    "pixel": [
     18321.5,
     18969.5
    ],
    "scene": "S1A_IW_GRDH_1SDV_20240621T225813_20240621T225842_054428_069F67_E12F_COG.SAFE",
    "t": "2024-06-21T22:58:13+00:00",
    "sensor": "sentinel1-vv-cfar",
    "uncertainty_m": 10.4
   }
  },
  {
   "type": "Feature",
   "geometry": {
    "type": "Point",
    "coordinates": [
     -74.21004882592086,
     36.70114146705675
    ]
   },
   "properties": {
    "confidence": 0.34,
    "snr": 6.8,
    "peak_dn": 83.0,
    "background_dn": 26.4,
    "sigma_dn": 8.33,
    "pixels": 3,
    "length_m_approx": 17.3,
    "pixel": [
     18255.7,
     19166.7
    ],
    "scene": "S1A_IW_GRDH_1SDV_20240621T225813_20240621T225842_054428_069F67_E12F_COG.SAFE",
    "t": "2024-06-21T22:58:13+00:00",
    "sensor": "sentinel1-vv-cfar",
    "uncertainty_m": 9.1
   }
  },
  {
   "type": "Feature",
   "geometry": {
    "type": "Point",
    "coordinates": [
     -74.22654790796994,
     36.661251712064185
    ]
   },
   "properties": {
    "confidence": 0.336,
    "snr": 6.72,
    "peak_dn": 86.0,
    "background_dn": 29.0,
    "sigma_dn": 8.49,
    "pixels": 2,
    "length_m_approx": 14.1,
    "pixel": [
     18035.0,
     18760.5
    ],
    "scene": "S1A_IW_GRDH_1SDV_20240621T225813_20240621T225842_054428_069F67_E12F_COG.SAFE",
    "t": "2024-06-21T22:58:13+00:00",
    "sensor": "sentinel1-vv-cfar",
    "uncertainty_m": 7.6
   }
  },
  {
   "type": "Feature",
   "geometry": {
    "type": "Point",
    "coordinates": [
     -74.21787859651856,
     36.63778743218704
    ]
   },
   "properties": {
    "confidence": 0.334,
    "snr": 6.68,
    "peak_dn": 83.0,
    "background_dn": 28.5,
    "sigma_dn": 8.16,
    "pixels": 2,
    "length_m_approx": 14.1,
    "pixel": [
     18067.0,
     18494.5
    ],
    "scene": "S1A_IW_GRDH_1SDV_20240621T225813_20240621T225842_054428_069F67_E12F_COG.SAFE",
    "t": "2024-06-21T22:58:13+00:00",
    "sensor": "sentinel1-vv-cfar",
    "uncertainty_m": 7.6
   }
  },
  {
   "type": "Feature",
   "geometry": {
    "type": "Point",
    "coordinates": [
     -74.19751609163845,
     36.66906321486317
    ]
   },
   "properties": {
    "confidence": 0.33,
    "snr": 6.6,
    "peak_dn": 76.0,
    "background_dn": 26.8,
    "sigma_dn": 7.46,
    "pixels": 2,
    "length_m_approx": 14.1,
    "pixel": [
     18305.5,
     18802.0
    ],
    "scene": "S1A_IW_GRDH_1SDV_20240621T225813_20240621T225842_054428_069F67_E12F_COG.SAFE",
    "t": "2024-06-21T22:58:13+00:00",
    "sensor": "sentinel1-vv-cfar",
    "uncertainty_m": 7.6
   }
  },
  {
   "type": "Feature",
   "geometry": {
    "type": "Point",
    "coordinates": [
     -74.22490411416425,
     36.68505971977008
    ]
   },
   "properties": {
    "confidence": 0.326,
    "snr": 6.51,
    "peak_dn": 69.0,
    "background_dn": 25.6,
    "sigma_dn": 6.66,
    "pixels": 2,
    "length_m_approx": 14.1,
    "pixel": [
     18094.5,
     19015.0
    ],
    "scene": "S1A_IW_GRDH_1SDV_20240621T225813_20240621T225842_054428_069F67_E12F_COG.SAFE",
    "t": "2024-06-21T22:58:13+00:00",
    "sensor": "sentinel1-vv-cfar",
    "uncertainty_m": 7.6
   }
  },
  {
   "type": "Feature",
   "geometry": {
    "type": "Point",
    "coordinates": [
     -74.24555366432494,
     36.67468242632704
    ]
   },
   "properties": {
    "confidence": 0.325,
    "snr": 6.51,
    "peak_dn": 84.0,
    "background_dn": 29.3,
    "sigma_dn": 8.41,
    "pixels": 2,
    "length_m_approx": 14.1,
    "pixel": [
     17893.0,
     18933.5
    ],
    "scene": "S1A_IW_GRDH_1SDV_20240621T225813_20240621T225842_054428_069F67_E12F_COG.SAFE",
    "t": "2024-06-21T22:58:13+00:00",
    "sensor": "sentinel1-vv-cfar",
    "uncertainty_m": 7.6
   }
  },
  {
   "type": "Feature",
   "geometry": {
    "type": "Point",
    "coordinates": [
     -74.24503401959177,
     36.68309629670247
    ]
   },
   "properties": {
    "confidence": 0.323,
    "snr": 6.47,
    "peak_dn": 79.0,
    "background_dn": 28.5,
    "sigma_dn": 7.81,
    "pixels": 2,
    "length_m_approx": 14.1,
    "pixel": [
     17913.5,
     19023.5
    ],
    "scene": "S1A_IW_GRDH_1SDV_20240621T225813_20240621T225842_054428_069F67_E12F_COG.SAFE",
    "t": "2024-06-21T22:58:13+00:00",
    "sensor": "sentinel1-vv-cfar",
    "uncertainty_m": 7.6
   }
  },
  {
   "type": "Feature",
   "geometry": {
    "type": "Point",
    "coordinates": [
     -74.19687269443813,
     36.661831051007766
    ]
   },
   "properties": {
    "confidence": 0.321,
    "snr": 6.43,
    "peak_dn": 73.0,
    "background_dn": 26.8,
    "sigma_dn": 7.19,
    "pixels": 2,
    "length_m_approx": 14.1,
    "pixel": [
     18297.5,
     18723.0
    ],
    "scene": "S1A_IW_GRDH_1SDV_20240621T225813_20240621T225842_054428_069F67_E12F_COG.SAFE",
    "t": "2024-06-21T22:58:13+00:00",
    "sensor": "sentinel1-vv-cfar",
    "uncertainty_m": 7.6
   }
  },
  {
   "type": "Feature",
   "geometry": {
    "type": "Point",
    "coordinates": [
     -74.21503769084673,
     36.70462946801812
    ]
   },
   "properties": {
    "confidence": 0.32,
    "snr": 6.4,
    "peak_dn": 82.0,
    "background_dn": 28.4,
    "sigma_dn": 8.38,
    "pixels": 3,
    "length_m_approx": 17.3,
    "pixel": [
     18218.3,
     19211.7
    ],
    "scene": "S1A_IW_GRDH_1SDV_20240621T225813_20240621T225842_054428_069F67_E12F_COG.SAFE",
    "t": "2024-06-21T22:58:13+00:00",
    "sensor": "sentinel1-vv-cfar",
    "uncertainty_m": 9.1
   }
  },
  {
   "type": "Feature",
   "geometry": {
    "type": "Point",
    "coordinates": [
     -74.19104153237193,
     36.701913792825025
    ]
   },
   "properties": {
    "confidence": 0.311,
    "snr": 6.21,
    "peak_dn": 70.0,
    "background_dn": 25.4,
    "sigma_dn": 7.18,
    "pixels": 2,
    "length_m_approx": 14.1,
    "pixel": [
     18424.5,
     19147.0
    ],
    "scene": "S1A_IW_GRDH_1SDV_20240621T225813_20240621T225842_054428_069F67_E12F_COG.SAFE",
    "t": "2024-06-21T22:58:13+00:00",
    "sensor": "sentinel1-vv-cfar",
    "uncertainty_m": 7.6
   }
  },
  {
   "type": "Feature",
   "geometry": {
    "type": "Point",
    "coordinates": [
     -74.19887705809846,
     36.68680666294014
    ]
   },
   "properties": {
    "confidence": 0.31,
    "snr": 6.19,
    "peak_dn": 83.0,
    "background_dn": 27.9,
    "sigma_dn": 8.9,
    "pixels": 2,
    "length_m_approx": 14.1,
    "pixel": [
     18327.0,
     18995.5
    ],
    "scene": "S1A_IW_GRDH_1SDV_20240621T225813_20240621T225842_054428_069F67_E12F_COG.SAFE",
    "t": "2024-06-21T22:58:13+00:00",
    "sensor": "sentinel1-vv-cfar",
    "uncertainty_m": 7.6
   }
  },
  {
   "type": "Feature",
   "geometry": {
    "type": "Point",
    "coordinates": [
     -74.21347832101546,
     36.71678028052622
    ]
   },
   "properties": {
    "confidence": 0.306,
    "snr": 6.13,
    "peak_dn": 95.0,
    "background_dn": 31.2,
    "sigma_dn": 10.41,
    "pixels": 2,
    "length_m_approx": 14.1,
    "pixel": [
     18255.0,
     19340.5
    ],
    "scene": "S1A_IW_GRDH_1SDV_20240621T225813_20240621T225842_054428_069F67_E12F_COG.SAFE",
    "t": "2024-06-21T22:58:13+00:00",
    "sensor": "sentinel1-vv-cfar",
    "uncertainty_m": 7.6
   }
  },
  {
   "type": "Feature",
   "geometry": {
    "type": "Point",
    "coordinates": [
     -74.1501337061767,
     36.72321546404437
    ]
   },
   "properties": {
    "confidence": 0.488,
    "snr": 9.77,
    "peak_dn": 70.0,
    "background_dn": 21.1,
    "sigma_dn": 5.0,
    "pixels": 12,
    "length_m_approx": 34.6,
    "pixel": [
     18824.8,
     19316.7
    ],
    "scene": "S1A_IW_GRDH_1SDV_20240621T225813_20240621T225842_054428_069F67_E12F_COG.SAFE",
    "t": "2024-06-21T22:58:13+00:00",
    "sensor": "sentinel1-vv-cfar",
    "uncertainty_m": 17.5
   }
  },
  {
   "type": "Feature",
   "geometry": {
    "type": "Point",
    "coordinates": [
     -74.00959873543411,
     36.666732625714346
    ]
   },
   "properties": {
    "confidence": 0.443,
    "snr": 8.86,
    "peak_dn": 63.0,
    "background_dn": 19.0,
    "sigma_dn": 4.96,
    "pixels": 6,
    "length_m_approx": 24.5,
    "pixel": [
     19956.8,
     18500.8
    ],
    "scene": "S1A_IW_GRDH_1SDV_20240621T225813_20240621T225842_054428_069F67_E12F_COG.SAFE",
    "t": "2024-06-21T22:58:13+00:00",
    "sensor": "sentinel1-vv-cfar",
    "uncertainty_m": 12.6
   }
  },
  {
   "type": "Feature",
   "geometry": {
    "type": "Point",
    "coordinates": [
     -74.04811433301973,
     36.66222507994417
    ]
   },
   "properties": {
    "confidence": 0.433,
    "snr": 8.65,
    "peak_dn": 67.0,
    "background_dn": 20.3,
    "sigma_dn": 5.4,
    "pixels": 16,
    "length_m_approx": 40.0,
    "pixel": [
     19609.0,
     18508.5
    ],
    "scene": "S1A_IW_GRDH_1SDV_20240621T225813_20240621T225842_054428_069F67_E12F_COG.SAFE",
    "t": "2024-06-21T22:58:13+00:00",
    "sensor": "sentinel1-vv-cfar",
    "uncertainty_m": 20.2
   }
  },
  {
   "type": "Feature",
   "geometry": {
    "type": "Point",
    "coordinates": [
     -74.14947400299411,
     36.72394139271467
    ]
   },
   "properties": {
    "confidence": 0.428,
    "snr": 8.56,
    "peak_dn": 65.0,
    "background_dn": 21.3,
    "sigma_dn": 5.1,
    "pixels": 6,
    "length_m_approx": 24.5,
    "pixel": [
     18832.0,
     19323.5
    ],
    "scene": "S1A_IW_GRDH_1SDV_20240621T225813_20240621T225842_054428_069F67_E12F_COG.SAFE",
    "t": "2024-06-21T22:58:13+00:00",
    "sensor": "sentinel1-vv-cfar",
    "uncertainty_m": 12.6
   }
  },
  {
   "type": "Feature",
   "geometry": {
    "type": "Point",
    "coordinates": [
     -74.09578682053423,
     36.65496580470701
    ]
   },
   "properties": {
    "confidence": 0.424,
    "snr": 8.48,
    "peak_dn": 71.0,
    "background_dn": 21.6,
    "sigma_dn": 5.83,
    "pixels": 7,
    "length_m_approx": 26.5,
    "pixel": [
     19175.3,
     18499.8
    ],
    "scene": "S1A_IW_GRDH_1SDV_20240621T225813_20240621T225842_054428_069F67_E12F_COG.SAFE",
    "t": "2024-06-21T22:58:13+00:00",
    "sensor": "sentinel1-vv-cfar",
    "uncertainty_m": 13.5
   }
  },
  {
   "type": "Feature",
   "geometry": {
    "type": "Point",
    "coordinates": [
     -74.13173343811398,
     36.72570945840614
    ]
   },
   "properties": {
    "confidence": 0.418,
    "snr": 8.37,
    "peak_dn": 65.0,
    "background_dn": 21.0,
    "sigma_dn": 5.26,
    "pixels": 4,
    "length_m_approx": 20.0,
    "pixel": [
     18991.5,
     19316.5
    ],
    "scene": "S1A_IW_GRDH_1SDV_20240621T225813_20240621T225842_054428_069F67_E12F_COG.SAFE",
    "t": "2024-06-21T22:58:13+00:00",
    "sensor": "sentinel1-vv-cfar",
    "uncertainty_m": 10.4
   }
  },
  {
   "type": "Feature",
   "geometry": {
    "type": "Point",
    "coordinates": [
     -74.15880288985089,
     36.65790579611808
    ]
   },
   "properties": {
    "confidence": 0.391,
    "snr": 7.81,
    "peak_dn": 88.0,
    "background_dn": 25.9,
    "sigma_dn": 7.95,
    "pixels": 4,
    "length_m_approx": 20.0,
    "pixel": [
     18625.5,
     18624.5
    ],
    "scene": "S1A_IW_GRDH_1SDV_20240621T225813_20240621T225842_054428_069F67_E12F_COG.SAFE",
    "t": "2024-06-21T22:58:13+00:00",
    "sensor": "sentinel1-vv-cfar",
    "uncertainty_m": 10.4
   }
  },
  {
   "type": "Feature",
   "geometry": {
    "type": "Point",
    "coordinates": [
     -74.0562646088623,
     36.67370317225598
    ]
   },
   "properties": {
    "confidence": 0.39,
    "snr": 7.8,
    "peak_dn": 63.0,
    "background_dn": 20.3,
    "sigma_dn": 5.48,
    "pixels": 3,
    "length_m_approx": 17.3,
    "pixel": [
     19558.7,
     18644.3
    ],
    "scene": "S1A_IW_GRDH_1SDV_20240621T225813_20240621T225842_054428_069F67_E12F_COG.SAFE",
    "t": "2024-06-21T22:58:13+00:00",
    "sensor": "sentinel1-vv-cfar",
    "uncertainty_m": 9.1
   }
  },
  {
   "type": "Feature",
   "geometry": {
    "type": "Point",
    "coordinates": [
     -74.15000431560898,
     36.64318763691945
    ]
   },
   "properties": {
    "confidence": 0.385,
    "snr": 7.7,
    "peak_dn": 89.0,
    "background_dn": 27.6,
    "sigma_dn": 7.97,
    "pixels": 3,
    "length_m_approx": 17.3,
    "pixel": [
     18675.3,
     18452.7
    ],
    "scene": "S1A_IW_GRDH_1SDV_20240621T225813_20240621T225842_054428_069F67_E12F_COG.SAFE",
    "t": "2024-06-21T22:58:13+00:00",
    "sensor": "sentinel1-vv-cfar",
    "uncertainty_m": 9.1
   }
  },
  {
   "type": "Feature",
   "geometry": {
    "type": "Point",
    "coordinates": [
     -74.05799943267533,
     36.65723249411715
    ]
   },
   "properties": {
    "confidence": 0.384,
    "snr": 7.68,
    "peak_dn": 63.0,
    "background_dn": 20.5,
    "sigma_dn": 5.53,
    "pixels": 2,
    "length_m_approx": 14.1,
    "pixel": [
     19512.5,
     18469.0
    ],
    "scene": "S1A_IW_GRDH_1SDV_20240621T225813_20240621T225842_054428_069F67_E12F_COG.SAFE",
    "t": "2024-06-21T22:58:13+00:00",
    "sensor": "sentinel1-vv-cfar",
    "uncertainty_m": 7.6
   }
  },
  {
   "type": "Feature",
   "geometry": {
    "type": "Point",
    "coordinates": [
     -74.0293436862551,
     36.657735830282824
    ]
   },
   "properties": {
    "confidence": 0.377,
    "snr": 7.55,
    "peak_dn": 64.0,
    "background_dn": 20.5,
    "sigma_dn": 5.76,
    "pixels": 2,
    "length_m_approx": 14.1,
    "pixel": [
     19766.0,
     18432.5
    ],
    "scene": "S1A_IW_GRDH_1SDV_20240621T225813_20240621T225842_054428_069F67_E12F_COG.SAFE",
    "t": "2024-06-21T22:58:13+00:00",
    "sensor": "sentinel1-vv-cfar",
    "uncertainty_m": 7.6
   }
  },
  {
   "type": "Feature",
   "geometry": {
    "type": "Point",
    "coordinates": [
     -74.18794490159402,
     36.72388915544128
    ]
   },
   "properties": {
    "confidence": 0.374,
    "snr": 7.47,
    "peak_dn": 81.0,
    "background_dn": 24.8,
    "sigma_dn": 7.52,
    "pixels": 5,
    "length_m_approx": 22.4,
    "pixel": [
     18493.2,
     19379.6
    ],
    "scene": "S1A_IW_GRDH_1SDV_20240621T225813_20240621T225842_054428_069F67_E12F_COG.SAFE",
    "t": "2024-06-21T22:58:13+00:00",
    "sensor": "sentinel1-vv-cfar",
    "uncertainty_m": 11.5
   }
  },
  {
   "type": "Feature",
   "geometry": {
    "type": "Point",
    "coordinates": [
     -74.1918631362404,
     36.7109938958413
    ]
   },
   "properties": {
    "confidence": 0.373,
    "snr": 7.47,
    "peak_dn": 74.0,
    "background_dn": 23.7,
    "sigma_dn": 6.74,
    "pixels": 5,
    "length_m_approx": 22.4,
    "pixel": [
     18434.4,
     19246.2
    ],
    "scene": "S1A_IW_GRDH_1SDV_20240621T225813_20240621T225842_054428_069F67_E12F_COG.SAFE",
    "t": "2024-06-21T22:58:13+00:00",
    "sensor": "sentinel1-vv-cfar",
    "uncertainty_m": 11.5
   }
  },
  {
   "type": "Feature",
   "geometry": {
    "type": "Point",
    "coordinates": [
     -74.17189572938972,
     36.65861936336806
    ]
   },
   "properties": {
    "confidence": 0.366,
    "snr": 7.32,
    "peak_dn": 75.0,
    "background_dn": 24.2,
    "sigma_dn": 6.94,
    "pixels": 4,
    "length_m_approx": 20.0,
    "pixel": [
     18511.5,
     18651.5
    ],
    "scene": "S1A_IW_GRDH_1SDV_20240621T225813_20240621T225842_054428_069F67_E12F_COG.SAFE",
    "t": "2024-06-21T22:58:13+00:00",
    "sensor": "sentinel1-vv-cfar",
    "uncertainty_m": 10.4
   }
  },
  {
   "type": "Feature",
   "geometry": {
    "type": "Point",
    "coordinates": [
     -74.13211123769858,
     36.72561376780292
    ]
   },
   "properties": {
    "confidence": 0.364,
    "snr": 7.28,
    "peak_dn": 60.0,
    "background_dn": 21.1,
    "sigma_dn": 5.34,
    "pixels": 3,
    "length_m_approx": 17.3,
    "pixel": [
     18988.0,
     19316.0
    ],
    "scene": "S1A_IW_GRDH_1SDV_20240621T225813_20240621T225842_054428_069F67_E12F_COG.SAFE",
    "t": "2024-06-21T22:58:13+00:00",
    "sensor": "sentinel1-vv-cfar",
    "uncertainty_m": 9.1
   }
  },
  {
   "type": "Feature",
   "geometry": {
    "type": "Point",
    "coordinates": [
     -74.06657528540416,
     36.65565362751771
    ]
   },
   "properties": {
    "confidence": 0.363,
    "snr": 7.25,
    "peak_dn": 69.0,
    "background_dn": 21.6,
    "sigma_dn": 6.53,
    "pixels": 4,
    "length_m_approx": 20.0,
    "pixel": [
     19434.0,
     18464.5
    ],
    "scene": "S1A_IW_GRDH_1SDV_20240621T225813_20240621T225842_054428_069F67_E12F_COG.SAFE",
    "t": "2024-06-21T22:58:13+00:00",
    "sensor": "sentinel1-vv-cfar",
    "uncertainty_m": 10.4
   }
  },
  {
   "type": "Feature",
   "geometry": {
    "type": "Point",
    "coordinates": [
     -74.19009050371476,
     36.7032942888116
    ]
   },
   "properties": {
    "confidence": 0.362,
    "snr": 7.23,
    "peak_dn": 76.0,
    "background_dn": 25.0,
    "sigma_dn": 7.06,
    "pixels": 4,
    "length_m_approx": 20.0,
    "pixel": [
     18435.5,
     19160.5
    ],
    "scene": "S1A_IW_GRDH_1SDV_20240621T225813_20240621T225842_054428_069F67_E12F_COG.SAFE",
    "t": "2024-06-21T22:58:13+00:00",
    "sensor": "sentinel1-vv-cfar",
    "uncertainty_m": 10.4
   }
  },
  {
   "type": "Feature",
   "geometry": {
    "type": "Point",
    "coordinates": [
     -74.07382483084943,
     36.71296968462092
    ]
   },
   "properties": {
    "confidence": 0.358,
    "snr": 7.15,
    "peak_dn": 53.0,
    "background_dn": 19.5,
    "sigma_dn": 4.69,
    "pixels": 2,
    "length_m_approx": 14.1,
    "pixel": [
     19477.5,
     19094.0
    ],
    "scene": "S1A_IW_GRDH_1SDV_20240621T225813_20240621T225842_054428_069F67_E12F_COG.SAFE",
    "t": "2024-06-21T22:58:13+00:00",
    "sensor": "sentinel1-vv-cfar",
    "uncertainty_m": 7.6
   }
  },
  {
   "type": "Feature",
   "geometry": {
    "type": "Point",
    "coordinates": [
     -74.1706116684719,
     36.726382587746706
    ]
   },
   "properties": {
    "confidence": 0.354,
    "snr": 7.09,
    "peak_dn": 69.0,
    "background_dn": 23.4,
    "sigma_dn": 6.43,
    "pixels": 2,
    "length_m_approx": 14.1,
    "pixel": [
     18650.5,
     19381.0
    ],
    "scene": "S1A_IW_GRDH_1SDV_20240621T225813_20240621T225842_054428_069F67_E12F_COG.SAFE",
    "t": "2024-06-21T22:58:13+00:00",
    "sensor": "sentinel1-vv-cfar",
    "uncertainty_m": 7.6
   }
  },
  {
   "type": "Feature",
   "geometry": {
    "type": "Point",
    "coordinates": [
     -74.1499688418761,
     36.723873165061555
    ]
   },
   "properties": {
    "confidence": 0.352,
    "snr": 7.04,
    "peak_dn": 57.0,
    "background_dn": 21.3,
    "sigma_dn": 5.08,
    "pixels": 4,
    "length_m_approx": 20.0,
    "pixel": [
     18827.5,
     19323.5
    ],
    "scene": "S1A_IW_GRDH_1SDV_20240621T225813_20240621T225842_054428_069F67_E12F_COG.SAFE",
    "t": "2024-06-21T22:58:13+00:00",
    "sensor": "sentinel1-vv-cfar",
    "uncertainty_m": 10.4
   }
  },
  {
   "type": "Feature",
   "geometry": {
    "type": "Point",
    "coordinates": [
     -74.1142512594725,
     36.665708409913904
    ]
   },
   "properties": {
    "confidence": 0.348,
    "snr": 6.96,
    "peak_dn": 74.0,
    "background_dn": 23.6,
    "sigma_dn": 7.23,
    "pixels": 4,
    "length_m_approx": 20.0,
    "pixel": [
     19032.8,
     18643.0
    ],
    "scene": "S1A_IW_GRDH_1SDV_20240621T225813_20240621T225842_054428_069F67_E12F_COG.SAFE",
    "t": "2024-06-21T22:58:13+00:00",
    "sensor": "sentinel1-vv-cfar",
    "uncertainty_m": 10.4
   }
  },
  {
   "type": "Feature",
   "geometry": {
    "type": "Point",
    "coordinates": [
     -74.02098766546541,
     36.66488205756224
    ]
   },
   "properties": {
    "confidence": 0.346,
    "snr": 6.92,
    "peak_dn": 61.0,
    "background_dn": 20.7,
    "sigma_dn": 5.82,
    "pixels": 2,
    "length_m_approx": 14.1,
    "pixel": [
     19853.0,
     18497.5
    ],
    "scene": "S1A_IW_GRDH_1SDV_20240621T225813_20240621T225842_054428_069F67_E12F_COG.SAFE",
    "t": "2024-06-21T22:58:13+00:00",
    "sensor": "sentinel1-vv-cfar",
    "uncertainty_m": 7.6
   }
  },
  {
   "type": "Feature",
   "geometry": {
    "type": "Point",
    "coordinates": [
     -74.11137143769346,
     36.69731923111115
    ]
   },
   "properties": {
    "confidence": 0.345,
    "snr": 6.9,
    "peak_dn": 64.0,
    "background_dn": 22.2,
    "sigma_dn": 6.06,
    "pixels": 2,
    "length_m_approx": 14.1,
    "pixel": [
     19117.5,
     18980.0
    ],
    "scene": "S1A_IW_GRDH_1SDV_20240621T225813_20240621T225842_054428_069F67_E12F_COG.SAFE",
    "t": "2024-06-21T22:58:13+00:00",
    "sensor": "sentinel1-vv-cfar",
    "uncertainty_m": 7.6
   }
  },
  {
   "type": "Feature",
   "geometry": {
    "type": "Point",
    "coordinates": [
     -74.02888390787248,
     36.66466271733337
    ]
   },
   "properties": {
    "confidence": 0.345,
    "snr": 6.9,
    "peak_dn": 56.0,
    "background_dn": 19.9,
    "sigma_dn": 5.22,
    "pixels": 3,
    "length_m_approx": 17.3,
    "pixel": [
     19783.0,
     18506.7
    ],
    "scene": "S1A_IW_GRDH_1SDV_20240621T225813_20240621T225842_054428_069F67_E12F_COG.SAFE",
    "t": "2024-06-21T22:58:13+00:00",
    "sensor": "sentinel1-vv-cfar",
    "uncertainty_m": 9.1
   }
  },
  {
   "type": "Feature",
   "geometry": {
    "type": "Point",
    "coordinates": [
     -74.14885763892597,
     36.723191667526805
    ]
   },
   "properties": {
    "confidence": 0.343,
    "snr": 6.86,
    "peak_dn": 56.0,
    "background_dn": 21.2,
    "sigma_dn": 5.08,
    "pixels": 2,
    "length_m_approx": 14.1,
    "pixel": [
     18836.0,
     19314.5
    ],
    "scene": "S1A_IW_GRDH_1SDV_20240621T225813_20240621T225842_054428_069F67_E12F_COG.SAFE",
    "t": "2024-06-21T22:58:13+00:00",
    "sensor": "sentinel1-vv-cfar",
    "uncertainty_m": 7.6
   }
  },
  {
   "type": "Feature",
   "geometry": {
    "type": "Point",
    "coordinates": [
     -74.08790848562973,
     36.66001836428748
    ]
   },
   "properties": {
    "confidence": 0.341,
    "snr": 6.83,
    "peak_dn": 68.0,
    "background_dn": 22.6,
    "sigma_dn": 6.65,
    "pixels": 5,
    "length_m_approx": 22.4,
    "pixel": [
     19254.2,
     18542.8
    ],
    "scene": "S1A_IW_GRDH_1SDV_20240621T225813_20240621T225842_054428_069F67_E12F_COG.SAFE",
    "t": "2024-06-21T22:58:13+00:00",
    "sensor": "sentinel1-vv-cfar",
    "uncertainty_m": 11.5
   }
  },
  {
   "type": "Feature",
   "geometry": {
    "type": "Point",
    "coordinates": [
     -74.02958167673124,
     36.66473905385
    ]
   },
   "properties": {
    "confidence": 0.34,
    "snr": 6.81,
    "peak_dn": 55.0,
    "background_dn": 19.9,
    "sigma_dn": 5.16,
    "pixels": 2,
    "length_m_approx": 14.1,
    "pixel": [
     19777.0,
     18508.5
    ],
    "scene": "S1A_IW_GRDH_1SDV_20240621T225813_20240621T225842_054428_069F67_E12F_COG.SAFE",
    "t": "2024-06-21T22:58:13+00:00",
    "sensor": "sentinel1-vv-cfar",
    "uncertainty_m": 7.6
   }
  },
  {
   "type": "Feature",
   "geometry": {
    "type": "Point",
    "coordinates": [
     -74.19000262592087,
     36.717483584604736
    ]
   },
   "properties": {
    "confidence": 0.34,
    "snr": 6.8,
    "peak_dn": 81.0,
    "background_dn": 25.6,
    "sigma_dn": 8.14,
    "pixels": 2,
    "length_m_approx": 14.1,
    "pixel": [
     18463.0,
     19313.5
    ],
    "scene": "S1A_IW_GRDH_1SDV_20240621T225813_20240621T225842_054428_069F67_E12F_COG.SAFE",
    "t": "2024-06-21T22:58:13+00:00",
    "sensor": "sentinel1-vv-cfar",
    "uncertainty_m": 7.6
   }
  },
  {
   "type": "Feature",
   "geometry": {
    "type": "Point",
    "coordinates": [
     -74.13208786942491,
     36.72603659977546
    ]
   },
   "properties": {
    "confidence": 0.338,
    "snr": 6.76,
    "peak_dn": 57.0,
    "background_dn": 21.0,
    "sigma_dn": 5.32,
    "pixels": 2,
    "length_m_approx": 14.1,
    "pixel": [
     18989.0,
     19320.5
    ],
    "scene": "S1A_IW_GRDH_1SDV_20240621T225813_20240621T225842_054428_069F67_E12F_COG.SAFE",
    "t": "2024-06-21T22:58:13+00:00",
    "sensor": "sentinel1-vv-cfar",
    "uncertainty_m": 7.6
   }
  },
  {
   "type": "Feature",
   "geometry": {
    "type": "Point",
    "coordinates": [
     -74.0072402271209,
     36.66765473545292
    ]
   },
   "properties": {
    "confidence": 0.328,
    "snr": 6.55,
    "peak_dn": 49.0,
    "background_dn": 18.7,
    "sigma_dn": 4.63,
    "pixels": 3,
    "length_m_approx": 17.3,
    "pixel": [
     19979.3,
     18507.3
    ],
    "scene": "S1A_IW_GRDH_1SDV_20240621T225813_20240621T225842_054428_069F67_E12F_COG.SAFE",
    "t": "2024-06-21T22:58:13+00:00",
    "sensor": "sentinel1-vv-cfar",
    "uncertainty_m": 9.1
   }
  },
  {
   "type": "Feature",
   "geometry": {
    "type": "Point",
    "coordinates": [
     -74.10440578138885,
     36.71364802647638
    ]
   },
   "properties": {
    "confidence": 0.324,
    "snr": 6.49,
    "peak_dn": 55.0,
    "background_dn": 20.8,
    "sigma_dn": 5.27,
    "pixels": 2,
    "length_m_approx": 14.1,
    "pixel": [
     19209.5,
     19146.0
    ],
    "scene": "S1A_IW_GRDH_1SDV_20240621T225813_20240621T225842_054428_069F67_E12F_COG.SAFE",
    "t": "2024-06-21T22:58:13+00:00",
    "sensor": "sentinel1-vv-cfar",
    "uncertainty_m": 7.6
   }
  },
  {
   "type": "Feature",
   "geometry": {
    "type": "Point",
    "coordinates": [
     -74.10721035638504,
     36.7326715377865
    ]
   },
   "properties": {
    "confidence": 0.322,
    "snr": 6.45,
    "peak_dn": 50.0,
    "background_dn": 19.4,
    "sigma_dn": 4.74,
    "pixels": 4,
    "length_m_approx": 20.0,
    "pixel": [
     19220.5,
     19355.5
    ],
    "scene": "S1A_IW_GRDH_1SDV_20240621T225813_20240621T225842_054428_069F67_E12F_COG.SAFE",
    "t": "2024-06-21T22:58:13+00:00",
    "sensor": "sentinel1-vv-cfar",
    "uncertainty_m": 10.4
   }
  },
  {
   "type": "Feature",
   "geometry": {
    "type": "Point",
    "coordinates": [
     -74.07089376043498,
     36.67836094230556
    ]
   },
   "properties": {
    "confidence": 0.321,
    "snr": 6.43,
    "peak_dn": 50.0,
    "background_dn": 19.7,
    "sigma_dn": 4.72,
    "pixels": 2,
    "length_m_approx": 14.1,
    "pixel": [
     19438.5,
     18716.0
    ],
    "scene": "S1A_IW_GRDH_1SDV_20240621T225813_20240621T225842_054428_069F67_E12F_COG.SAFE",
    "t": "2024-06-21T22:58:13+00:00",
    "sensor": "sentinel1-vv-cfar",
    "uncertainty_m": 7.6
   }
  },
  {
   "type": "Feature",
   "geometry": {
    "type": "Point",
    "coordinates": [
     -74.11204998961607,
     36.71106033234173
    ]
   },
   "properties": {
    "confidence": 0.312,
    "snr": 6.25,
    "peak_dn": 51.0,
    "background_dn": 20.4,
    "sigma_dn": 4.9,
    "pixels": 3,
    "length_m_approx": 17.3,
    "pixel": [
     19137.3,
     19129.3
    ],
    "scene": "S1A_IW_GRDH_1SDV_20240621T225813_20240621T225842_054428_069F67_E12F_COG.SAFE",
    "t": "2024-06-21T22:58:13+00:00",
    "sensor": "sentinel1-vv-cfar",
    "uncertainty_m": 9.1
   }
  },
  {
   "type": "Feature",
   "geometry": {
    "type": "Point",
    "coordinates": [
     -74.11190755727799,
     36.71128115431845
    ]
   },
   "properties": {
    "confidence": 0.312,
    "snr": 6.24,
    "peak_dn": 51.0,
    "background_dn": 20.4,
    "sigma_dn": 4.91,
    "pixels": 2,
    "length_m_approx": 14.1,
    "pixel": [
     19139.0,
     19131.5
    ],
    "scene": "S1A_IW_GRDH_1SDV_20240621T225813_20240621T225842_054428_069F67_E12F_COG.SAFE",
    "t": "2024-06-21T22:58:13+00:00",
    "sensor": "sentinel1-vv-cfar",
    "uncertainty_m": 7.6
   }
  },
  {
   "type": "Feature",
   "geometry": {
    "type": "Point",
    "coordinates": [
     -74.14905378923316,
     36.72251466520694
    ]
   },
   "properties": {
    "confidence": 0.31,
    "snr": 6.2,
    "peak_dn": 52.0,
    "background_dn": 21.1,
    "sigma_dn": 4.98,
    "pixels": 2,
    "length_m_approx": 14.1,
    "pixel": [
     18833.0,
     19307.5
    ],
    "scene": "S1A_IW_GRDH_1SDV_20240621T225813_20240621T225842_054428_069F67_E12F_COG.SAFE",
    "t": "2024-06-21T22:58:13+00:00",
    "sensor": "sentinel1-vv-cfar",
    "uncertainty_m": 7.6
   }
  },
  {
   "type": "Feature",
   "geometry": {
    "type": "Point",
    "coordinates": [
     -74.1603788075274,
     36.7183753947539
    ]
   },
   "properties": {
    "confidence": 0.305,
    "snr": 6.09,
    "peak_dn": 54.0,
    "background_dn": 21.7,
    "sigma_dn": 5.3,
    "pixels": 2,
    "length_m_approx": 14.1,
    "pixel": [
     18725.5,
     19279.5
    ],
    "scene": "S1A_IW_GRDH_1SDV_20240621T225813_20240621T225842_054428_069F67_E12F_COG.SAFE",
    "t": "2024-06-21T22:58:13+00:00",
    "sensor": "sentinel1-vv-cfar",
    "uncertainty_m": 7.6
   }
  },
  {
   "type": "Feature",
   "geometry": {
    "type": "Point",
    "coordinates": [
     -73.91847242648372,
     36.696379305460766
    ]
   },
   "properties": {
    "confidence": 0.521,
    "snr": 10.42,
    "peak_dn": 70.0,
    "background_dn": 18.7,
    "sigma_dn": 4.92,
    "pixels": 7,
    "length_m_approx": 26.5,
    "pixel": [
     20815.0,
     18688.3
    ],
    "scene": "S1A_IW_GRDH_1SDV_20240621T225813_20240621T225842_054428_069F67_E12F_COG.SAFE",
    "t": "2024-06-21T22:58:13+00:00",
    "sensor": "sentinel1-vv-cfar",
    "uncertainty_m": 13.5
   }
  },
  {
   "type": "Feature",
   "geometry": {
    "type": "Point",
    "coordinates": [
     -73.87523903717005,
     36.694895773852494
    ]
   },
   "properties": {
    "confidence": 0.513,
    "snr": 10.26,
    "peak_dn": 69.0,
    "background_dn": 18.7,
    "sigma_dn": 4.9,
    "pixels": 11,
    "length_m_approx": 33.2,
    "pixel": [
     21193.2,
     18609.6
    ],
    "scene": "S1A_IW_GRDH_1SDV_20240621T225813_20240621T225842_054428_069F67_E12F_COG.SAFE",
    "t": "2024-06-21T22:58:13+00:00",
    "sensor": "sentinel1-vv-cfar",
    "uncertainty_m": 16.8
   }
  },
  {
   "type": "Feature",
   "geometry": {
    "type": "Point",
    "coordinates": [
     -73.85208252546204,
     36.690703538949606
    ]
   },
   "properties": {
    "confidence": 0.484,
    "snr": 9.69,
    "peak_dn": 68.0,
    "background_dn": 19.1,
    "sigma_dn": 5.05,
    "pixels": 11,
    "length_m_approx": 33.2,
    "pixel": [
     21389.5,
     18530.7
    ],
    "scene": "S1A_IW_GRDH_1SDV_20240621T225813_20240621T225842_054428_069F67_E12F_COG.SAFE",
    "t": "2024-06-21T22:58:13+00:00",
    "sensor": "sentinel1-vv-cfar",
    "uncertainty_m": 16.8
   }
  },
  {
   "type": "Feature",
   "geometry": {
    "type": "Point",
    "coordinates": [
     -73.78504708112692,
     36.75594708898973
    ]
   },
   "properties": {
    "confidence": 0.469,
    "snr": 9.38,
    "peak_dn": 62.0,
    "background_dn": 19.0,
    "sigma_dn": 4.59,
    "pixels": 17,
    "length_m_approx": 41.2,
    "pixel": [
     22100.3,
     19139.2
    ],
    "scene": "S1A_IW_GRDH_1SDV_20240621T225813_20240621T225842_054428_069F67_E12F_COG.SAFE",
    "t": "2024-06-21T22:58:13+00:00",
    "sensor": "sentinel1-vv-cfar",
    "uncertainty_m": 20.8
   }
  },
  {
   "type": "Feature",
   "geometry": {
    "type": "Point",
    "coordinates": [
     -73.85169870732157,
     36.69201420870472
    ]
   },
   "properties": {
    "confidence": 0.459,
    "snr": 9.18,
    "peak_dn": 68.0,
    "background_dn": 19.3,
    "sigma_dn": 5.31,
    "pixels": 11,
    "length_m_approx": 33.2,
    "pixel": [
     21395.3,
     18544.3
    ],
    "scene": "S1A_IW_GRDH_1SDV_20240621T225813_20240621T225842_054428_069F67_E12F_COG.SAFE",
    "t": "2024-06-21T22:58:13+00:00",
    "sensor": "sentinel1-vv-cfar",
    "uncertainty_m": 16.8
   }
  },
  {
   "type": "Feature",
   "geometry": {
    "type": "Point",
    "coordinates": [
     -73.94878062232678,
     36.67536454799793
    ]
   },
   "properties": {
    "confidence": 0.456,
    "snr": 9.11,
    "peak_dn": 71.0,
    "background_dn": 19.8,
    "sigma_dn": 5.62,
    "pixels": 9,
    "length_m_approx": 30.0,
    "pixel": [
     20508.9,
     18505.1
    ],
    "scene": "S1A_IW_GRDH_1SDV_20240621T225813_20240621T225842_054428_069F67_E12F_COG.SAFE",
    "t": "2024-06-21T22:58:13+00:00",
    "sensor": "sentinel1-vv-cfar",
    "uncertainty_m": 15.3
   }
  },
  {
   "type": "Feature",
   "geometry": {
    "type": "Point",
    "coordinates": [
     -73.87849363191842,
     36.72774955612631
    ]
   },
   "properties": {
    "confidence": 0.451,
    "snr": 9.03,
    "peak_dn": 64.0,
    "background_dn": 19.3,
    "sigma_dn": 4.95,
    "pixels": 3,
    "length_m_approx": 17.3,
    "pixel": [
     21225.3,
     18969.3
    ],
    "scene": "S1A_IW_GRDH_1SDV_20240621T225813_20240621T225842_054428_069F67_E12F_COG.SAFE",
    "t": "2024-06-21T22:58:13+00:00",
    "sensor": "sentinel1-vv-cfar",
    "uncertainty_m": 9.1
   }
  },
  {
   "type": "Feature",
   "geometry": {
    "type": "Point",
    "coordinates": [
     -73.78533123845529,
     36.75461317797704
    ]
   },
   "properties": {
    "confidence": 0.446,
    "snr": 8.92,
    "peak_dn": 62.0,
    "background_dn": 19.0,
    "sigma_dn": 4.82,
    "pixels": 5,
    "length_m_approx": 22.4,
    "pixel": [
     22095.4,
     19125.2
    ],
    "scene": "S1A_IW_GRDH_1SDV_20240621T225813_20240621T225842_054428_069F67_E12F_COG.SAFE",
    "t": "2024-06-21T22:58:13+00:00",
    "sensor": "sentinel1-vv-cfar",
    "uncertainty_m": 11.5
   }
  },
  {
   "type": "Feature",
   "geometry": {
    "type": "Point",
    "coordinates": [
     -73.86002425902261,
     36.724921907780846
    ]
   },
   "properties": {
    "confidence": 0.438,
    "snr": 8.77,
    "peak_dn": 73.0,
    "background_dn": 19.9,
    "sigma_dn": 6.06,
    "pixels": 4,
    "length_m_approx": 20.0,
    "pixel": [
     21382.8,
     18912.0
    ],
    "scene": "S1A_IW_GRDH_1SDV_20240621T225813_20240621T225842_054428_069F67_E12F_COG.SAFE",
    "t": "2024-06-21T22:58:13+00:00",
    "sensor": "sentinel1-vv-cfar",
    "uncertainty_m": 10.4
   }
  },
  {
   "type": "Feature",
   "geometry": {
    "type": "Point",
    "coordinates": [
     -73.87493229737595,
     36.68778870075057
    ]
   },
   "properties": {
    "confidence": 0.437,
    "snr": 8.74,
    "peak_dn": 65.0,
    "background_dn": 19.0,
    "sigma_dn": 5.27,
    "pixels": 3,
    "length_m_approx": 17.3,
    "pixel": [
     21182.7,
     18532.3
    ],
    "scene": "S1A_IW_GRDH_1SDV_20240621T225813_20240621T225842_054428_069F67_E12F_COG.SAFE",
    "t": "2024-06-21T22:58:13+00:00",
    "sensor": "sentinel1-vv-cfar",
    "uncertainty_m": 9.1
   }
  },
  {
   "type": "Feature",
   "geometry": {
    "type": "Point",
    "coordinates": [
     -73.93251809633612,
     36.6814216515908
    ]
   },
   "properties": {
    "confidence": 0.43,
    "snr": 8.6,
    "peak_dn": 82.0,
    "background_dn": 21.4,
    "sigma_dn": 7.04,
    "pixels": 2,
    "length_m_approx": 14.1,
    "pixel": [
     20663.5,
     18547.0
    ],
    "scene": "S1A_IW_GRDH_1SDV_20240621T225813_20240621T225842_054428_069F67_E12F_COG.SAFE",
    "t": "2024-06-21T22:58:13+00:00",
    "sensor": "sentinel1-vv-cfar",
    "uncertainty_m": 7.6
   }
  },
  {
   "type": "Feature",
   "geometry": {
    "type": "Point",
    "coordinates": [
     -73.93366135838136,
     36.679177423062555
    ]
   },
   "properties": {
    "confidence": 0.426,
    "snr": 8.53,
    "peak_dn": 78.0,
    "background_dn": 21.0,
    "sigma_dn": 6.68,
    "pixels": 5,
    "length_m_approx": 22.4,
    "pixel": [
     20649.2,
     18524.4
    ],
    "scene": "S1A_IW_GRDH_1SDV_20240621T225813_20240621T225842_054428_069F67_E12F_COG.SAFE",
    "t": "2024-06-21T22:58:13+00:00",
    "sensor": "sentinel1-vv-cfar",
    "uncertainty_m": 11.5
   }
  },
  {
   "type": "Feature",
   "geometry": {
    "type": "Point",
    "coordinates": [
     -73.8106959644405,
     36.73559798135904
    ]
   },
   "properties": {
    "confidence": 0.412,
    "snr": 8.25,
    "peak_dn": 57.0,
    "background_dn": 18.7,
    "sigma_dn": 4.64,
    "pixels": 3,
    "length_m_approx": 17.3,
    "pixel": [
     21837.0,
     18956.0
    ],
    "scene": "S1A_IW_GRDH_1SDV_20240621T225813_20240621T225842_054428_069F67_E12F_COG.SAFE",
    "t": "2024-06-21T22:58:13+00:00",
    "sensor": "sentinel1-vv-cfar",
    "uncertainty_m": 9.1
   }
  },
  {
   "type": "Feature",
   "geometry": {
    "type": "Point",
    "coordinates": [
     -73.89342593208357,
     36.71544599763348
    ]
   },
   "properties": {
    "confidence": 0.403,
    "snr": 8.07,
    "peak_dn": 61.0,
    "background_dn": 19.7,
    "sigma_dn": 5.12,
    "pixels": 3,
    "length_m_approx": 17.3,
    "pixel": [
     21071.0,
     18858.0
    ],
    "scene": "S1A_IW_GRDH_1SDV_20240621T225813_20240621T225842_054428_069F67_E12F_COG.SAFE",
    "t": "2024-06-21T22:58:13+00:00",
    "sensor": "sentinel1-vv-cfar",
    "uncertainty_m": 9.1
   }
  },
  {
   "type": "Feature",
   "geometry": {
    "type": "Point",
    "coordinates": [
     -73.94326434973227,
     36.67132940576352
    ]
   },
   "properties": {
    "confidence": 0.396,
    "snr": 7.91,
    "peak_dn": 65.0,
    "background_dn": 19.7,
    "sigma_dn": 5.73,
    "pixels": 2,
    "length_m_approx": 14.1,
    "pixel": [
     20550.0,
     18453.5
    ],
    "scene": "S1A_IW_GRDH_1SDV_20240621T225813_20240621T225842_054428_069F67_E12F_COG.SAFE",
    "t": "2024-06-21T22:58:13+00:00",
    "sensor": "sentinel1-vv-cfar",
    "uncertainty_m": 7.6
   }
  },
  {
   "type": "Feature",
   "geometry": {
    "type": "Point",
    "coordinates": [
     -73.84854454518603,
     36.75449861085173
    ]
   },
   "properties": {
    "confidence": 0.391,
    "snr": 7.82,
    "peak_dn": 56.0,
    "background_dn": 19.2,
    "sigma_dn": 4.71,
    "pixels": 2,
    "length_m_approx": 14.1,
    "pixel": [
     21538.5,
     19215.0
    ],
    "scene": "S1A_IW_GRDH_1SDV_20240621T225813_20240621T225842_054428_069F67_E12F_COG.SAFE",
    "t": "2024-06-21T22:58:13+00:00",
    "sensor": "sentinel1-vv-cfar",
    "uncertainty_m": 7.6
   }
  },
  {
   "type": "Feature",
   "geometry": {
    "type": "Point",
    "coordinates": [
     -73.87594854693535,
     36.68766554029377
    ]
   },
   "properties": {
    "confidence": 0.385,
    "snr": 7.69,
    "peak_dn": 61.0,
    "background_dn": 19.1,
    "sigma_dn": 5.44,
    "pixels": 4,
    "length_m_approx": 20.0,
    "pixel": [
     21173.5,
     18532.5
    ],
    "scene": "S1A_IW_GRDH_1SDV_20240621T225813_20240621T225842_054428_069F67_E12F_COG.SAFE",
    "t": "2024-06-21T22:58:13+00:00",
    "sensor": "sentinel1-vv-cfar",
    "uncertainty_m": 10.4
   }
  },
  {
   "type": "Feature",
   "geometry": {
    "type": "Point",
    "coordinates": [
     -73.92806506639297,
     36.689931842344876
    ]
   },
   "properties": {
    "confidence": 0.384,
    "snr": 7.67,
    "peak_dn": 70.0,
    "background_dn": 20.9,
    "sigma_dn": 6.4,
    "pixels": 4,
    "length_m_approx": 20.0,
    "pixel": [
     20718.5,
     18632.5
    ],
    "scene": "S1A_IW_GRDH_1SDV_20240621T225813_20240621T225842_054428_069F67_E12F_COG.SAFE",
    "t": "2024-06-21T22:58:13+00:00",
    "sensor": "sentinel1-vv-cfar",
    "uncertainty_m": 10.4
   }
  },
  {
   "type": "Feature",
   "geometry": {
    "type": "Point",
    "coordinates": [
     -73.86947125301988,
     36.720738414823245
    ]
   },
   "properties": {
    "confidence": 0.383,
    "snr": 7.65,
    "peak_dn": 58.0,
    "background_dn": 19.1,
    "sigma_dn": 5.08,
    "pixels": 6,
    "length_m_approx": 24.5,
    "pixel": [
     21291.8,
     18880.5
    ],
    "scene": "S1A_IW_GRDH_1SDV_20240621T225813_20240621T225842_054428_069F67_E12F_COG.SAFE",
    "t": "2024-06-21T22:58:13+00:00",
    "sensor": "sentinel1-vv-cfar",
    "uncertainty_m": 12.6
   }
  },
  {
   "type": "Feature",
   "geometry": {
    "type": "Point",
    "coordinates": [
     -73.87675445934792,
     36.69607601765779
    ]
   },
   "properties": {
    "confidence": 0.382,
    "snr": 7.63,
    "peak_dn": 58.0,
    "background_dn": 18.9,
    "sigma_dn": 5.13,
    "pixels": 4,
    "length_m_approx": 20.0,
    "pixel": [
     21182.0,
     18624.5
    ],
    "scene": "S1A_IW_GRDH_1SDV_20240621T225813_20240621T225842_054428_069F67_E12F_COG.SAFE",
    "t": "2024-06-21T22:58:13+00:00",
    "sensor": "sentinel1-vv-cfar",
    "uncertainty_m": 10.4
   }
  },
  {
   "type": "Feature",
   "geometry": {
    "type": "Point",
    "coordinates": [
     -73.95231407465548,
     36.7005788489227
    ]
   },
   "properties": {
    "confidence": 0.38,
    "snr": 7.61,
    "peak_dn": 50.0,
    "background_dn": 17.8,
    "sigma_dn": 4.24,
    "pixels": 3,
    "length_m_approx": 17.3,
    "pixel": [
     20524.7,
     18782.7
    ],
    "scene": "S1A_IW_GRDH_1SDV_20240621T225813_20240621T225842_054428_069F67_E12F_COG.SAFE",
    "t": "2024-06-21T22:58:13+00:00",
    "sensor": "sentinel1-vv-cfar",
    "uncertainty_m": 9.1
   }
  },
  {
   "type": "Feature",
   "geometry": {
    "type": "Point",
    "coordinates": [
     -73.8582266152426,
     36.72215473246857
    ]
   },
   "properties": {
    "confidence": 0.38,
    "snr": 7.6,
    "peak_dn": 67.0,
    "background_dn": 20.3,
    "sigma_dn": 6.15,
    "pixels": 4,
    "length_m_approx": 20.0,
    "pixel": [
     21393.5,
     18879.5
    ],
    "scene": "S1A_IW_GRDH_1SDV_20240621T225813_20240621T225842_054428_069F67_E12F_COG.SAFE",
    "t": "2024-06-21T22:58:13+00:00",
    "sensor": "sentinel1-vv-cfar",
    "uncertainty_m": 10.4
   }
  },
  {
   "type": "Feature",
   "geometry": {
    "type": "Point",
    "coordinates": [
     -73.78650747251851,
     36.713948150641215
    ]
   },
   "properties": {
    "confidence": 0.38,
    "snr": 7.6,
    "peak_dn": 52.0,
    "background_dn": 18.6,
    "sigma_dn": 4.4,
    "pixels": 6,
    "length_m_approx": 24.5,
    "pixel": [
     22010.2,
     18687.2
    ],
    "scene": "S1A_IW_GRDH_1SDV_20240621T225813_20240621T225842_054428_069F67_E12F_COG.SAFE",
    "t": "2024-06-21T22:58:13+00:00",
    "sensor": "sentinel1-vv-cfar",
    "uncertainty_m": 12.6
   }
  },
  {
   "type": "Feature",
   "geometry": {
    "type": "Point",
    "coordinates": [
     -73.91700627993056,
     36.673443860756976
    ]
   },
   "properties": {
    "confidence": 0.378,
    "snr": 7.56,
    "peak_dn": 57.0,
    "background_dn": 18.9,
    "sigma_dn": 5.04,
    "pixels": 3,
    "length_m_approx": 17.3,
    "pixel": [
     20785.3,
     18438.3
    ],
    "scene": "S1A_IW_GRDH_1SDV_20240621T225813_20240621T225842_054428_069F67_E12F_COG.SAFE",
    "t": "2024-06-21T22:58:13+00:00",
    "sensor": "sentinel1-vv-cfar",
    "uncertainty_m": 9.1
   }
  },
  {
   "type": "Feature",
   "geometry": {
    "type": "Point",
    "coordinates": [
     -73.89415689315649,
     36.71701490322596
    ]
   },
   "properties": {
    "confidence": 0.373,
    "snr": 7.46,
    "peak_dn": 59.0,
    "background_dn": 19.8,
    "sigma_dn": 5.25,
    "pixels": 2,
    "length_m_approx": 14.1,
    "pixel": [
     21067.5,
     18876.0
    ],
    "scene": "S1A_IW_GRDH_1SDV_20240621T225813_20240621T225842_054428_069F67_E12F_COG.SAFE",
    "t": "2024-06-21T22:58:13+00:00",
    "sensor": "sentinel1-vv-cfar",
    "uncertainty_m": 7.6
   }
  },
  {
   "type": "Feature",
   "geometry": {
    "type": "Point",
    "coordinates": [
     -73.81318319049207,
     36.735820372234805
    ]
   },
   "properties": {
    "confidence": 0.37,
    "snr": 7.39,
    "peak_dn": 53.0,
    "background_dn": 18.8,
    "sigma_dn": 4.63,
    "pixels": 4,
    "length_m_approx": 20.0,
    "pixel": [
     21815.5,
     18962.0
    ],
    "scene": "S1A_IW_GRDH_1SDV_20240621T225813_20240621T225842_054428_069F67_E12F_COG.SAFE",
    "t": "2024-06-21T22:58:13+00:00",
    "sensor": "sentinel1-vv-cfar",
    "uncertainty_m": 10.4
   }
  },
  {
   "type": "Feature",
   "geometry": {
    "type": "Point",
    "coordinates": [
     -73.93686577140923,
     36.692638561182065
    ]
   },
   "properties": {
    "confidence": 0.36,
    "snr": 7.19,
    "peak_dn": 61.0,
    "background_dn": 19.5,
    "sigma_dn": 5.76,
    "pixels": 2,
    "length_m_approx": 14.1,
    "pixel": [
     20646.0,
     18674.5
    ],
    "scene": "S1A_IW_GRDH_1SDV_20240621T225813_20240621T225842_054428_069F67_E12F_COG.SAFE",
    "t": "2024-06-21T22:58:13+00:00",
    "sensor": "sentinel1-vv-cfar",
    "uncertainty_m": 7.6
   }
  },
  {
   "type": "Feature",
   "geometry": {
    "type": "Point",
    "coordinates": [
     -73.86978297553237,
     36.74151985452468
    ]
   },
   "properties": {
    "confidence": 0.355,
    "snr": 7.1,
    "peak_dn": 52.0,
    "background_dn": 18.7,
    "sigma_dn": 4.68,
    "pixels": 4,
    "length_m_approx": 20.0,
    "pixel": [
     21327.5,
     19105.5
    ],
    "scene": "S1A_IW_GRDH_1SDV_20240621T225813_20240621T225842_054428_069F67_E12F_COG.SAFE",
    "t": "2024-06-21T22:58:13+00:00",
    "sensor": "sentinel1-vv-cfar",
    "uncertainty_m": 10.4
   }
  },
  {
   "type": "Feature",
   "geometry": {
    "type": "Point",
    "coordinates": [
     -73.90002659878579,
     36.6845772851236
    ]
   },
   "properties": {
    "confidence": 0.354,
    "snr": 7.08,
    "peak_dn": 52.0,
    "background_dn": 18.6,
    "sigma_dn": 4.72,
    "pixels": 5,
    "length_m_approx": 22.4,
    "pixel": [
     20955.6,
     18534.0
    ],
    "scene": "S1A_IW_GRDH_1SDV_20240621T225813_20240621T225842_054428_069F67_E12F_COG.SAFE",
    "t": "2024-06-21T22:58:13+00:00",
    "sensor": "sentinel1-vv-cfar",
    "uncertainty_m": 11.5
   }
  },
  {
   "type": "Feature",
   "geometry": {
    "type": "Point",
    "coordinates": [
     -73.85376716707543,
     36.7014705809187
    ]
   },
   "properties": {
    "confidence": 0.354,
    "snr": 7.07,
    "peak_dn": 53.0,
    "background_dn": 18.6,
    "sigma_dn": 4.87,
    "pixels": 4,
    "length_m_approx": 20.0,
    "pixel": [
     21394.5,
     18649.5
    ],
    "scene": "S1A_IW_GRDH_1SDV_20240621T225813_20240621T225842_054428_069F67_E12F_COG.SAFE",
    "t": "2024-06-21T22:58:13+00:00",
    "sensor": "sentinel1-vv-cfar",
    "uncertainty_m": 10.4
   }
  },
  {
   "type": "Feature",
   "geometry": {
    "type": "Point",
    "coordinates": [
     -73.85944252074778,
     36.7190327769283
    ]
   },
   "properties": {
    "confidence": 0.349,
    "snr": 6.98,
    "peak_dn": 63.0,
    "background_dn": 20.2,
    "sigma_dn": 6.13,
    "pixels": 2,
    "length_m_approx": 14.1,
    "pixel": [
     21377.0,
     18847.5
    ],
    "scene": "S1A_IW_GRDH_1SDV_20240621T225813_20240621T225842_054428_069F67_E12F_COG.SAFE",
    "t": "2024-06-21T22:58:13+00:00",
    "sensor": "sentinel1-vv-cfar",
    "uncertainty_m": 7.6
   }
  },
  {
   "type": "Feature",
   "geometry": {
    "type": "Point",
    "coordinates": [
     -73.86380038005555,
     36.711134921978406
    ]
   },
   "properties": {
    "confidence": 0.348,
    "snr": 6.96,
    "peak_dn": 62.0,
    "background_dn": 20.1,
    "sigma_dn": 6.02,
    "pixels": 2,
    "length_m_approx": 14.1,
    "pixel": [
     21324.0,
     18768.5
    ],
    "scene": "S1A_IW_GRDH_1SDV_20240621T225813_20240621T225842_054428_069F67_E12F_COG.SAFE",
    "t": "2024-06-21T22:58:13+00:00",
    "sensor": "sentinel1-vv-cfar",
    "uncertainty_m": 7.6
   }
  },
  {
   "type": "Feature",
   "geometry": {
    "type": "Point",
    "coordinates": [
     -73.85047629410123,
     36.691456815924006
    ]
   },
   "properties": {
    "confidence": 0.343,
    "snr": 6.87,
    "peak_dn": 54.0,
    "background_dn": 19.0,
    "sigma_dn": 5.09,
    "pixels": 2,
    "length_m_approx": 14.1,
    "pixel": [
     21405.0,
     18536.5
    ],
    "scene": "S1A_IW_GRDH_1SDV_20240621T225813_20240621T225842_054428_069F67_E12F_COG.SAFE",
    "t": "2024-06-21T22:58:13+00:00",
    "sensor": "sentinel1-vv-cfar",
    "uncertainty_m": 7.6
   }
  },
  {
   "type": "Feature",
   "geometry": {
    "type": "Point",
    "coordinates": [
     -73.91823477506514,
     36.69543164041165
    ]
   },
   "properties": {
    "confidence": 0.342,
    "snr": 6.84,
    "peak_dn": 53.0,
    "background_dn": 18.9,
    "sigma_dn": 4.99,
    "pixels": 3,
    "length_m_approx": 17.3,
    "pixel": [
     20815.3,
     18677.7
    ],
    "scene": "S1A_IW_GRDH_1SDV_20240621T225813_20240621T225842_054428_069F67_E12F_COG.SAFE",
    "t": "2024-06-21T22:58:13+00:00",
    "sensor": "sentinel1-vv-cfar",
    "uncertainty_m": 9.1
   }
  },
  {
   "type": "Feature",
   "geometry": {
    "type": "Point",
    "coordinates": [
     -73.8597914086476,
     36.725201294104146
    ]
   },
   "properties": {
    "confidence": 0.338,
    "snr": 6.76,
    "peak_dn": 61.0,
    "background_dn": 19.9,
    "sigma_dn": 6.08,
    "pixels": 3,
    "length_m_approx": 17.3,
    "pixel": [
     21385.3,
     18914.7
    ],
    "scene": "S1A_IW_GRDH_1SDV_20240621T225813_20240621T225842_054428_069F67_E12F_COG.SAFE",
    "t": "2024-06-21T22:58:13+00:00",
    "sensor": "sentinel1-vv-cfar",
    "uncertainty_m": 9.1
   }
  },
  {
   "type": "Feature",
   "geometry": {
    "type": "Point",
    "coordinates": [
     -73.92611994379024,
     36.6879708423366
    ]
   },
   "properties": {
    "confidence": 0.337,
    "snr": 6.74,
    "peak_dn": 64.0,
    "background_dn": 20.7,
    "sigma_dn": 6.43,
    "pixels": 2,
    "length_m_approx": 14.1,
    "pixel": [
     20732.0,
     18608.5
    ],
    "scene": "S1A_IW_GRDH_1SDV_20240621T225813_20240621T225842_054428_069F67_E12F_COG.SAFE",
    "t": "2024-06-21T22:58:13+00:00",
    "sensor": "sentinel1-vv-cfar",
    "uncertainty_m": 7.6
   }
  },
  {
   "type": "Feature",
   "geometry": {
    "type": "Point",
    "coordinates": [
     -73.93157220464093,
     36.681270867032325
    ]
   },
   "properties": {
    "confidence": 0.331,
    "snr": 6.62,
    "peak_dn": 69.0,
    "background_dn": 21.7,
    "sigma_dn": 7.16,
    "pixels": 2,
    "length_m_approx": 14.1,
    "pixel": [
     20671.5,
     18544.0
    ],
    "scene": "S1A_IW_GRDH_1SDV_20240621T225813_20240621T225842_054428_069F67_E12F_COG.SAFE",
    "t": "2024-06-21T22:58:13+00:00",
    "sensor": "sentinel1-vv-cfar",
    "uncertainty_m": 7.6
   }
  },
  {
   "type": "Feature",
   "geometry": {
    "type": "Point",
    "coordinates": [
     -73.93736184959909,
     36.68960981672219
    ]
   },
   "properties": {
    "confidence": 0.327,
    "snr": 6.53,
    "peak_dn": 59.0,
    "background_dn": 19.9,
    "sigma_dn": 5.98,
    "pixels": 2,
    "length_m_approx": 14.1,
    "pixel": [
     20636.0,
     18642.5
    ],
    "scene": "S1A_IW_GRDH_1SDV_20240621T225813_20240621T225842_054428_069F67_E12F_COG.SAFE",
    "t": "2024-06-21T22:58:13+00:00",
    "sensor": "sentinel1-vv-cfar",
    "uncertainty_m": 7.6
   }
  },
  {
   "type": "Feature",
   "geometry": {
    "type": "Point",
    "coordinates": [
     -73.8361228727214,
     36.725027445597
    ]
   },
   "properties": {
    "confidence": 0.322,
    "snr": 6.44,
    "peak_dn": 60.0,
    "background_dn": 20.7,
    "sigma_dn": 6.1,
    "pixels": 2,
    "length_m_approx": 14.1,
    "pixel": [
     21593.5,
     18878.5
    ],
    "scene": "S1A_IW_GRDH_1SDV_20240621T225813_20240621T225842_054428_069F67_E12F_COG.SAFE",
    "t": "2024-06-21T22:58:13+00:00",
    "sensor": "sentinel1-vv-cfar",
    "uncertainty_m": 7.6
   }
  },
  {
   "type": "Feature",
   "geometry": {
    "type": "Point",
    "coordinates": [
     -73.92830362109666,
     36.68971450554319
    ]
   },
   "properties": {
    "confidence": 0.322,
    "snr": 6.44,
    "peak_dn": 63.0,
    "background_dn": 21.1,
    "sigma_dn": 6.51,
    "pixels": 2,
    "length_m_approx": 14.1,
    "pixel": [
     20716.0,
     18630.5
    ],
    "scene": "S1A_IW_GRDH_1SDV_20240621T225813_20240621T225842_054428_069F67_E12F_COG.SAFE",
    "t": "2024-06-21T22:58:13+00:00",
    "sensor": "sentinel1-vv-cfar",
    "uncertainty_m": 7.6
   }
  },
  {
   "type": "Feature",
   "geometry": {
    "type": "Point",
    "coordinates": [
     -73.85854243707695,
     36.71447921502826
    ]
   },
   "properties": {
    "confidence": 0.321,
    "snr": 6.42,
    "peak_dn": 62.0,
    "background_dn": 20.6,
    "sigma_dn": 6.46,
    "pixels": 2,
    "length_m_approx": 14.1,
    "pixel": [
     21376.5,
     18797.0
    ],
    "scene": "S1A_IW_GRDH_1SDV_20240621T225813_20240621T225842_054428_069F67_E12F_COG.SAFE",
    "t": "2024-06-21T22:58:13+00:00",
    "sensor": "sentinel1-vv-cfar",
    "uncertainty_m": 7.6
   }
  },
  {
   "type": "Feature",
   "geometry": {
    "type": "Point",
    "coordinates": [
     -73.85825755821597,
     36.731776272438495
    ]
   },
   "properties": {
    "confidence": 0.321,
    "snr": 6.41,
    "peak_dn": 55.0,
    "background_dn": 19.3,
    "sigma_dn": 5.57,
    "pixels": 2,
    "length_m_approx": 14.1,
    "pixel": [
     21411.0,
     18983.5
    ],
    "scene": "S1A_IW_GRDH_1SDV_20240621T225813_20240621T225842_054428_069F67_E12F_COG.SAFE",
    "t": "2024-06-21T22:58:13+00:00",
    "sensor": "sentinel1-vv-cfar",
    "uncertainty_m": 7.6
   }
  },
  {
   "type": "Feature",
   "geometry": {
    "type": "Point",
    "coordinates": [
     -73.94602502957602,
     36.67688014830181
    ]
   },
   "properties": {
    "confidence": 0.318,
    "snr": 6.36,
    "peak_dn": 60.0,
    "background_dn": 20.7,
    "sigma_dn": 6.19,
    "pixels": 2,
    "length_m_approx": 14.1,
    "pixel": [
     20536.0,
     18517.5
    ],
    "scene": "S1A_IW_GRDH_1SDV_20240621T225813_20240621T225842_054428_069F67_E12F_COG.SAFE",
    "t": "2024-06-21T22:58:13+00:00",
    "sensor": "sentinel1-vv-cfar",
    "uncertainty_m": 7.6
   }
  },
  {
   "type": "Feature",
   "geometry": {
    "type": "Point",
    "coordinates": [
     -73.84562548353023,
     36.73027627554329
    ]
   },
   "properties": {
    "confidence": 0.316,
    "snr": 6.32,
    "peak_dn": 49.0,
    "background_dn": 18.8,
    "sigma_dn": 4.78,
    "pixels": 2,
    "length_m_approx": 14.1,
    "pixel": [
     21519.5,
     18949.0
    ],
    "scene": "S1A_IW_GRDH_1SDV_20240621T225813_20240621T225842_054428_069F67_E12F_COG.SAFE",
    "t": "2024-06-21T22:58:13+00:00",
    "sensor": "sentinel1-vv-cfar",
    "uncertainty_m": 7.6
   }
  },
  {
   "type": "Feature",
   "geometry": {
    "type": "Point",
    "coordinates": [
     -73.90176871706845,
     36.67823497977171
    ]
   },
   "properties": {
    "confidence": 0.315,
    "snr": 6.3,
    "peak_dn": 50.0,
    "background_dn": 18.8,
    "sigma_dn": 4.95,
    "pixels": 2,
    "length_m_approx": 14.1,
    "pixel": [
     20928.5,
     18468.0
    ],
    "scene": "S1A_IW_GRDH_1SDV_20240621T225813_20240621T225842_054428_069F67_E12F_COG.SAFE",
    "t": "2024-06-21T22:58:13+00:00",
    "sensor": "sentinel1-vv-cfar",
    "uncertainty_m": 7.6
   }
  },
  {
   "type": "Feature",
   "geometry": {
    "type": "Point",
    "coordinates": [
     -73.86432592233906,
     36.71120520371771
    ]
   },
   "properties": {
    "confidence": 0.312,
    "snr": 6.25,
    "peak_dn": 57.0,
    "background_dn": 20.0,
    "sigma_dn": 5.92,
    "pixels": 2,
    "length_m_approx": 14.1,
    "pixel": [
     21319.5,
     18770.0
    ],
    "scene": "S1A_IW_GRDH_1SDV_20240621T225813_20240621T225842_054428_069F67_E12F_COG.SAFE",
    "t": "2024-06-21T22:58:13+00:00",
    "sensor": "sentinel1-vv-cfar",
    "uncertainty_m": 7.6
   }
  },
  {
   "type": "Feature",
   "geometry": {
    "type": "Point",
    "coordinates": [
     -73.85868311257025,
     36.73218105056974
    ]
   },
   "properties": {
    "confidence": 0.311,
    "snr": 6.23,
    "peak_dn": 53.0,
    "background_dn": 19.2,
    "sigma_dn": 5.43,
    "pixels": 2,
    "length_m_approx": 14.1,
    "pixel": [
     21408.0,
     18988.5
    ],
    "scene": "S1A_IW_GRDH_1SDV_20240621T225813_20240621T225842_054428_069F67_E12F_COG.SAFE",
    "t": "2024-06-21T22:58:13+00:00",
    "sensor": "sentinel1-vv-cfar",
    "uncertainty_m": 7.6
   }
  },
  {
   "type": "Feature",
   "geometry": {
    "type": "Point",
    "coordinates": [
     -73.92843737260434,
     36.68900315892285
    ]
   },
   "properties": {
    "confidence": 0.308,
    "snr": 6.16,
    "peak_dn": 62.0,
    "background_dn": 21.4,
    "sigma_dn": 6.58,
    "pixels": 2,
    "length_m_approx": 14.1,
    "pixel": [
     20713.5,
     18623.0
    ],
    "scene": "S1A_IW_GRDH_1SDV_20240621T225813_20240621T225842_054428_069F67_E12F_COG.SAFE",
    "t": "2024-06-21T22:58:13+00:00",
    "sensor": "sentinel1-vv-cfar",
    "uncertainty_m": 7.6
   }
  },
  {
   "type": "Feature",
   "geometry": {
    "type": "Point",
    "coordinates": [
     -73.54995066179856,
     36.78406583724664
    ]
   },
   "properties": {
    "confidence": 0.364,
    "snr": 7.28,
    "peak_dn": 78.0,
    "background_dn": 27.4,
    "sigma_dn": 6.96,
    "pixels": 2,
    "length_m_approx": 14.1,
    "pixel": [
     24222.0,
     19107.5
    ],
    "scene": "S1A_IW_GRDH_1SDV_20240621T225813_20240621T225842_054428_069F67_E12F_COG.SAFE",
    "t": "2024-06-21T22:58:13+00:00",
    "sensor": "sentinel1-vv-cfar",
    "uncertainty_m": 7.6
   }
  },
  {
   "type": "Feature",
   "geometry": {
    "type": "Point",
    "coordinates": [
     -73.54918581140925,
     36.78171983155636
    ]
   },
   "properties": {
    "confidence": 0.344,
    "snr": 6.88,
    "peak_dn": 76.0,
    "background_dn": 27.7,
    "sigma_dn": 7.02,
    "pixels": 2,
    "length_m_approx": 14.1,
    "pixel": [
     24224.5,
     19081.0
    ],
    "scene": "S1A_IW_GRDH_1SDV_20240621T225813_20240621T225842_054428_069F67_E12F_COG.SAFE",
    "t": "2024-06-21T22:58:13+00:00",
    "sensor": "sentinel1-vv-cfar",
    "uncertainty_m": 7.6
   }
  },
  {
   "type": "Feature",
   "geometry": {
    "type": "Point",
    "coordinates": [
     -73.58507342382468,
     36.7531535997591
    ]
   },
   "properties": {
    "confidence": 0.331,
    "snr": 6.62,
    "peak_dn": 65.0,
    "background_dn": 25.2,
    "sigma_dn": 6.01,
    "pixels": 2,
    "length_m_approx": 14.1,
    "pixel": [
     23856.5,
     18823.0
    ],
    "scene": "S1A_IW_GRDH_1SDV_20240621T225813_20240621T225842_054428_069F67_E12F_COG.SAFE",
    "t": "2024-06-21T22:58:13+00:00",
    "sensor": "sentinel1-vv-cfar",
    "uncertainty_m": 7.6
   }
  },
  {
   "type": "Feature",
   "geometry": {
    "type": "Point",
    "coordinates": [
     -73.5587242250802,
     36.7555573009327
    ]
   },
   "properties": {
    "confidence": 0.322,
    "snr": 6.43,
    "peak_dn": 65.0,
    "background_dn": 25.8,
    "sigma_dn": 6.1,
    "pixels": 2,
    "length_m_approx": 14.1,
    "pixel": [
     24093.0,
     18811.5
    ],
    "scene": "S1A_IW_GRDH_1SDV_20240621T225813_20240621T225842_054428_069F67_E12F_COG.SAFE",
    "t": "2024-06-21T22:58:13+00:00",
    "sensor": "sentinel1-vv-cfar",
    "uncertainty_m": 7.6
   }
  },
  {
   "type": "Feature",
   "geometry": {
    "type": "Point",
    "coordinates": [
     -73.498449796346,
     36.78161034328543
    ]
   },
   "properties": {
    "confidence": 0.575,
    "snr": 11.49,
    "peak_dn": 109.0,
    "background_dn": 29.7,
    "sigma_dn": 6.9,
    "pixels": 8,
    "length_m_approx": 28.3,
    "pixel": [
     24671.1,
     19008.1
    ],
    "scene": "S1A_IW_GRDH_1SDV_20240621T225813_20240621T225842_054428_069F67_E12F_COG.SAFE",
    "t": "2024-06-21T22:58:13+00:00",
    "sensor": "sentinel1-vv-cfar",
    "uncertainty_m": 14.4
   }
  },
  {
   "type": "Feature",
   "geometry": {
    "type": "Point",
    "coordinates": [
     -73.49850506360173,
     36.7819943879576
    ]
   },
   "properties": {
    "confidence": 0.373,
    "snr": 7.46,
    "peak_dn": 81.0,
    "background_dn": 29.6,
    "sigma_dn": 6.89,
    "pixels": 3,
    "length_m_approx": 17.3,
    "pixel": [
     24671.3,
     19012.3
    ],
    "scene": "S1A_IW_GRDH_1SDV_20240621T225813_20240621T225842_054428_069F67_E12F_COG.SAFE",
    "t": "2024-06-21T22:58:13+00:00",
    "sensor": "sentinel1-vv-cfar",
    "uncertainty_m": 9.1
   }
  }
 ]
}