{
 "type": "FeatureCollection",
 "properties": {
  "scene": "S1A_IW_GRDH_1SDV_20240808T225811_20240808T225840_055128_06B7CB_15AC_COG.SAFE",
  "acquired": "2024-08-08T22:58:11+00:00",
  "geolocation_rms_m": 9.4,
  "geolocation_holdout_m": 81.7,
  "geolocation_median_m": 9.4,
  "geolocation_p90_m": 9.7,
  "geolocation_worst_m": 1044.3,
  "geolocation_uneven": true,
  "geolocation_convergence": null,
  "geolocation_method": "geolocation grid (bilinear)",
  "geolocation_validation": "holdout at 2x spacing",
  "tiles": 130,
  "tiles_skipped": 0,
  "k_sigma": 6.0,
  "land_masked": true,
  "mask_source": "fallback shoreline",
  "water_fraction": 0.417,
  "land_sea_contrast": NaN,
  "coast_blind_m": 605.0,
  "searched_km2": 20722.4,
  "refused_km2": 0.0,
  "tiles_without_water": 38,
  "outside_aoi": 354,
  "aoi_sea": [
   -77.2,
   36.0,
   -71.0,
   39.6
  ],
  "footprint": [
   [
    -75.80846,
    34.68161
   ],
   [
    -75.57959,
    34.71756
   ],
   [
    -75.35053,
    34.75309
   ],
   [
    -75.12128,
    34.78822
   ],
   [
    -74.89182,
    34.82288
   ],
   [
    -74.66218,
    34.85712
   ],
   [
    -74.43236,
    34.89095
   ],
   [
    -74.20234,
    34.92431
   ],
   [
    -73.97214,
    34.95725
   ],
   [
    -73.74176,
    34.98978
   ],
   [
    -73.51119,
    35.02183
   ],
   [
    -73.28045,
    35.05346
   ],
   [
    -73.04953,
    35.08467
   ],
   [
    -73.07887,
    35.23009
   ],
   [
    -73.10823,
    35.37551
   ],
   [
    -73.13762,
    35.52092
   ],
   [
    -73.16703,
    35.66633
   ],
   [
    -73.19647,
    35.81173
   ],
   [
    -73.22594,
    35.95712
   ],
   [
    -73.25544,
    36.10251
   ],
   [
    -73.28496,
    36.2479
   ],
   [
    -73.31451,
    36.39328
   ],
   [
    -73.3441,
    36.53865
   ],
   [
    -73.3737,
    36.68402
   ],
   [
    -73.40334,
    36.82939
   ],
   [
    -73.63946,
    36.79851
   ],
   [
    -73.87539,
    36.76719
   ],
   [
    -74.11113,
    36.73542
   ],
   [
    -74.34666,
    36.70315
   ],
   [
    -74.58201,
    36.67043
   ],
   [
    -74.81716,
    36.63727
   ],
   [
    -75.05209,
    36.6036
   ],
   [
    -75.28683,
    36.56949
   ],
   [
    -75.52136,
    36.53495
   ],
   [
    -75.75567,
    36.4999
   ],
   [
    -75.98592,
    36.465
   ],
   [
    -76.22362,
    36.4285
   ],
   [
    -76.18868,
    36.28296
   ],
   [
    -76.15383,
    36.13741
   ],
   [
    -76.119,
    35.99187
   ],
   [
    -76.08425,
    35.84631
   ],
   [
    -76.04955,
    35.70075
   ],
   [
    -76.01489,
    35.55518
   ],
   [
    -75.98035,
    35.4096
   ],
   [
    -75.94586,
    35.26402
   ],
   [
    -75.91142,
    35.11842
   ],
   [
    -75.87704,
    34.97283
   ],
   [
    -75.84272,
    34.82722
   ]
  ],
  "searched_grid": {
   "cell_deg": 0.01,
   "lon0": -75.78,
   "lat0": 34.91,
   "levels": 10,
   "rows": {
    "10": [
     [
      166,
      1,
      5
     ],
     [
      168,
      1,
      1
     ],
     [
      169,
      1,
      3
     ],
     [
      170,
      1,
      1
     ]
    ],
    "11": [
     [
      166,
      1,
      8
     ],
     [
      167,
      1,
      10
     ],
     [
      168,
      1,
      9
     ],
     [
      169,
      3,
      10
     ],
     [
      172,
      1,
      6
     ],
     [
      175,
      1,
      5
     ],
     [
      176,
      1,
      1
     ],
     [
      178,
      2,
      2
     ]
    ],
    "12": [
     [
      162,
      1,
      2
     ],
     [
      166,
      1,
      7
     ],
     [
      167,
      1,
      2
     ],
     [
      168,
      1,
      3
     ],
     [
      169,
      1,
      10
     ],
     [
      170,
      1,
      9
     ],
     [
      171,
      1,
      7
     ],
     [
      174,
      1,
      5
     ],
     [
      175,
      1,
      10
     ],
     [
      176,
      1,
      4
     ],
     [
      178,
      4,
      6
     ]
    ],
    "13": [
     [
      161,
      1,
      2
     ],
     [
      162,
      1,
      8
     ],
     [
      163,
      1,
      1
     ],
     [
      166,
      1,
      6
     ],
     [
      169,
      1,
      9
     ],
     [
      170,
      1,
      2
     ],
     [
      172,
      1,
      4
     ],
     [
      173,
      1,
      3
     ],
     [
      174,
      4,
      10
     ],
     [
      178,
      1,
      9
     ],
     [
      181,
      1,
      7
     ]
    ],
    "14": [
     [
      163,
      1,
      7
     ],
     [
      164,
      1,
      9
     ],
     [
      167,
      1,
      7
     ],
     [
      168,
      1,
      10
     ],
     [
      169,
      1,
      4
     ],
     [
      171,
      1,
      1
     ],
     [
      172,
      1,
      8
     ],
     [
      173,
      2,
      3
     ],
     [
      175,
      1,
      10
     ],
     [
      176,
      2,
      8
     ],
     [
      178,
      1,
      9
     ],
     [
      179,
      3,
      5
     ]
    ],
    "15": [
     [
      163,
      1,
      5
     ],
     [
      164,
      1,
      10
     ],
     [
      165,
      1,
      5
     ],
     [
      166,
      1,
      4
     ],
     [
      167,
      2,
      10
     ],
     [
      169,
      1,
      7
     ],
     [
      170,
      1,
      2
     ],
     [
      171,
      1,
      5
     ],
     [
      172,
      1,
      6
     ],
     [
      175,
      1,
      10
     ],
     [
      176,
      1,
      4
     ],
     [
      178,
      1,
      5
     ],
     [
      179,
      1,
      9
     ],
     [
      180,
      1,
      3
     ],
     [
      181,
      1,
      1
     ]
    ],
    "16": [
     [
      163,
      1,
      2
     ],
     [
      164,
      2,
      10
     ],
     [
      166,
      1,
      2
     ],
     [
      167,
      1,
      4
     ],
     [
      168,
      1,
      8
     ],
     [
      169,
      1,
      9
     ],
     [
      170,
      1,
      3
     ],
     [
      172,
      1,
      5
     ],
     [
      173,
      1,
      10
     ],
     [
      174,
      1,
      9
     ],
     [
      175,
      1,
      10
     ],
     [
      176,
      1,
      7
     ],
     [
      177,
      1,
      4
     ],
     [
      178,
      1,
      8
     ],
     [
      179,
      1,
      7
     ]
    ],
    "17": [
     [
      163,
      1,
      1
     ],
     [
      164,
      2,
      3
     ],
     [
      168,
      1,
      7
     ],
     [
      169,
      1,
      4
     ],
     [
      171,
      1,
      2
     ],
     [
      172,
      1,
      8
     ],
     [
      173,
      1,
      2
     ],
     [
      174,
      1,
      3
     ],
     [
      175,
      1,
      10
     ],
     [
      176,
      1,
      9
     ],
     [
      177,
      1,
      7
     ],
     [
      178,
      2,
      10
     ],
     [
      180,
      1,
      9
     ]
    ],
    "18": [
     [
      166,
      1,
      6
     ],
     [
      167,
      1,
      5
     ],
     [
      170,
      1,
      5
     ],
     [
      171,
      1,
      8
     ],
     [
      172,
      1,
      9
     ],
     [
      175,
      1,
      10
     ],
     [
      176,
      1,
      4
     ],
     [
      178,
      1,
      4
     ],
     [
      179,
      1,
      10
     ],
     [
      180,
      1,
      2
     ],
     [
      182,
      1,
      2
     ],
     [
      183,
      1,
      4
     ],
     [
      184,
      1,
      2
     ],
     [
      185,
      1,
      1
     ]
    ],
    "19": [
     [
      166,
      1,
      7
     ],
     [
      169,
      1,
      6
     ],
     [
      170,
      2,
      4
     ],
     [
      172,
      1,
      6
     ],
     [
      173,
      1,
      10
     ],
     [
      174,
      1,
      6
     ],
     [
      175,
      1,
      9
     ],
     [
      176,
      1,
      7
     ],
     [
      177,
      1,
      4
     ],
     [
      178,
      1,
      8
     ],
     [
      179,
      1,
      7
     ],
     [
      181,
      1,
      1
     ],
     [
      182,
      5,
      10
     ],
     [
      187,
      1,
      8
     ],
     [
      188,
      1,
      7
     ],
     [
      189,
      1,
      5
     ],
     [
      190,
      1,
      4
     ],
     [
      191,
      1,
      3
     ]
    ],
    "20": [
     [
      163,
      1,
      1
     ],
     [
      164,
      1,
      5
     ],
     [
      165,
      1,
      8
     ],
     [
      166,
      1,
      9
     ],
     [
      167,
      1,
      5
     ],
     [
      168,
      1,
      4
     ],
     [
      169,
      1,
      10
     ],
     [
      170,
      1,
      3
     ],
     [
      172,
      1,
      7
     ],
     [
      173,
      1,
      8
     ],
     [
      176,
      10,
      10
     ],
     [
      186,
      2,
      3
     ],
     [
      188,
      1,
      10
     ],
     [
      189,
      2,
      8
     ],
     [
      191,
      3,
      10
     ],
     [
      194,
      1,
      8
     ],
     [
      195,
      1,
      6
     ],
     [
      196,
      1,
      5
     ],
     [
      197,
      1,
      4
     ],
     [
      198,
      1,
      3
     ],
     [
      199,
      1,
      1
     ]
    ],
    "21": [
     [
      163,
      1,
      1
     ],
     [
      164,
      1,
      3
     ],
     [
      165,
      1,
      6
     ],
     [
      166,
      1,
      10
     ],
     [
      167,
      1,
      7
     ],
     [
      168,
      1,
      9
     ],
     [
      169,
      2,
      10
     ],
     [
      171,
      1,
      8
     ],
     [
      172,
      1,
      7
     ],
     [
      173,
      1,
      9
     ],
     [
      174,
      1,
      5
     ],
     [
      175,
      1,
      6
     ],
     [
      176,
      4,
      10
     ],
     [
      180,
      2,
      2
     ],
     [
      182,
      3,
      10
     ],
     [
      185,
      1,
      7
     ],
     [
      187,
      1,
      1
     ],
     [
      188,
      1,
      10
     ],
     [
      189,
      1,
      4
     ],
     [
      191,
      1,
      6
     ],
     [
      192,
      9,
      10
     ],
     [
      201,
      1,
      9
     ],
     [
      202,
      1,
      7
     ],
     [
      203,
      1,
      6
     ],
     [
      204,
      1,
      4
     ],
     [
      205,
      1,
      3
     ],
     [
      206,
      1,
      2
     ]
    ],
    "22": [
     [
      156,
      1,
      7
     ],
     [
      166,
      1,
      2
     ],
     [
      169,
      1,
      9
     ],
     [
      170,
      1,
      10
     ],
     [
      171,
      1,
      3
     ],
     [
      173,
      2,
      6
     ],
     [
      175,
      1,
      8
     ],
     [
      176,
      3,
      10
     ],
     [
      179,
      1,
      2
     ],
     [
      182,
      5,
      10
     ],
     [
      187,
      1,
      9
     ],
     [
      188,
      1,
      10
     ],
     [
      189,
      1,
      6
     ],
     [
      190,
      1,
      4
     ],
     [
      191,
      1,
      8
     ],
     [
      192,
      16,
      10
     ],
     [
      208,
      1,
      9
     ],
     [
      209,
      1,
      7
     ],
     [
      210,
      1,
      8
     ],
     [
      211,
      1,
      4
     ],
     [
      212,
      1,
      3
     ],
     [
      213,
      1,
      2
     ]
    ],
    "23": [
     [
      167,
      1,
      4
     ],
     [
      168,
      1,
      2
     ],
     [
      169,
      2,
      10
     ],
     [
      171,
      1,
      6
     ],
     [
      172,
      1,
      4
     ],
     [
      173,
      1,
      8
     ],
     [
      176,
      1,
      10
     ],
     [
      177,
      1,
      4
     ],
     [
      178,
      1,
      3
     ],
     [
      181,
      5,
      10
     ],
     [
      186,
      2,
      2
     ],
     [
      188,
      1,
      10
     ],
     [
      189,
      1,
      9
     ],
     [
      190,
      1,
      7
     ],
     [
      191,
      1,
      9
     ],
     [
      192,
      23,
      10
     ],
     [
      215,
      1,
      9
     ],
     [
      216,
      2,
      7
     ],
     [
      218,
      1,
      5
     ],
     [
      219,
      1,
      4
     ],
     [
      220,
      1,
      2
     ]
    ],
    "24": [
     [
      166,
      1,
      2
     ],
     [
      167,
      1,
      8
     ],
     [
      168,
      1,
      2
     ],
     [
      169,
      1,
      3
     ],
     [
      170,
      2,
      10
     ],
     [
      172,
      1,
      4
     ],
     [
      173,
      1,
      2
     ],
     [
      174,
      2,
      4
     ],
     [
      176,
      1,
      6
     ],
     [
      177,
      1,
      1
     ],
     [
      179,
      2,
      6
     ],
     [
      181,
      1,
      9
     ],
     [
      182,
      3,
      10
     ],
     [
      185,
      1,
      8
     ],
     [
      188,
      1,
      10
     ],
     [
      189,
      1,
      3
     ],
     [
      191,
      1,
      5
     ],
     [
      192,
      31,
      10
     ],
     [
      223,
      2,
      7
     ],
     [
      225,
      1,
      5
     ],
     [
      226,
      1,
      4
     ],
     [
      227,
      1,
      3
     ]
    ],
    "25": [
     [
      157,
      2,
      1
     ],
     [
      165,
      1,
      1
     ],
     [
      166,
      2,
      8
     ],
     [
      170,
      2,
      10
     ],
     [
      174,
      1,
      8
     ],
     [
      175,
      1,
      10
     ],
     [
      176,
      1,
      3
     ],
     [
      178,
      1,
      6
     ],
     [
      179,
      1,
      9
     ],
     [
      182,
      1,
      10
     ],
     [
      183,
      1,
      4
     ],
     [
      184,
      1,
      3
     ],
     [
      185,
      1,
      7
     ],
     [
      186,
      3,
      10
     ],
     [
      189,
      1,
      8
     ],
     [
      190,
      1,
      4
     ],
     [
      191,
      1,
      8
     ],
     [
      192,
      1,
      3
     ],
     [
      193,
      1,
      2
     ],
     [
      194,
      5,
      10
     ],
     [
      199,
      1,
      9
     ],
     [
      200,
      1,
      7
     ],
     [
      201,
      29,
      10
     ],
     [
      230,
      1,
      8
     ],
     [
      231,
      1,
      6
     ],
     [
      232,
      1,
      5
     ],
     [
      233,
      1,
      4
     ],
     [
      234,
      1,
      3
     ],
     [
      235,
      1,
      1
     ]
    ],
    "26": [
     [
      157,
      2,
      3
     ],
     [
      165,
      1,
      1
     ],
     [
      166,
      2,
      4
     ],
     [
      168,
      1,
      9
     ],
     [
      169,
      1,
      6
     ],
     [
      170,
      1,
      9
     ],
     [
      171,
      2,
      10
     ],
     [
      173,
      1,
      7
     ],
     [
      174,
      1,
      8
     ],
     [
      175,
      3,
      10
     ],
     [
      178,
      2,
      9
     ],
     [
      180,
      2,
      5
     ],
     [
      182,
      1,
      10
     ],
     [
      183,
      1,
      3
     ],
     [
      185,
      1,
      7
     ],
     [
      186,
      5,
      10
     ],
     [
      191,
      1,
      8
     ],
     [
      194,
      5,
      10
     ],
     [
      199,
      1,
      7
     ],
     [
      201,
      1,
      3
     ],
     [
      202,
      35,
      10
     ],
     [
      237,
      1,
      9
     ],
     [
      238,
      2,
      7
     ],
     [
      240,
      1,
      4
     ],
     [
      241,
      2,
      3
     ]
    ],
    "27": [
     [
      164,
      1,
      4
     ],
     [
      165,
      1,
      1
     ],
     [
      168,
      1,
      5
     ],
     [
      170,
      1,
      1
     ],
     [
      171,
      1,
      9
     ],
     [
      172,
      1,
      7
     ],
     [
      175,
      1,
      8
     ],
     [
      176,
      1,
      7
     ],
     [
      177,
      1,
      3
     ],
     [
      178,
      1,
      6
     ],
     [
      179,
      1,
      10
     ],
     [
      180,
      1,
      9
     ],
     [
      181,
      1,
      3
     ],
     [
      182,
      1,
      4
     ],
     [
      183,
      1,
      10
     ],
     [
      184,
      1,
      8
     ],
     [
      185,
      1,
      7
     ],
     [
      186,
      2,
      10
     ],
     [
      188,
      1,
      9
     ],
     [
      189,
      1,
      7
     ],
     [
      190,
      3,
      10
     ],
     [
      193,
      1,
      9
     ],
     [
      194,
      5,
      10
     ],
     [
      199,
      1,
      8
     ],
     [
      200,
      2,
      5
     ],
     [
      202,
      43,
      10
     ],
     [
      245,
      1,
      8
     ],
     [
      246,
      1,
      7
     ],
     [
      247,
      1,
      5
     ],
     [
      248,
      2,
      3
     ],
     [
      250,
      1,
      1
     ]
    ],
    "28": [
     [
      163,
      1,
      2
     ],
     [
      164,
      1,
      9
     ],
     [
      165,
      1,
      7
     ],
     [
      168,
      1,
      3
     ],
     [
      169,
      1,
      5
     ],
     [
      170,
      1,
      6
     ],
     [
      171,
      1,
      4
     ],
     [
      173,
      2,
      3
     ],
     [
      175,
      1,
      2
     ],
     [
      176,
      1,
      1
     ],
     [
      178,
      1,
      4
     ],
     [
      179,
      1,
      10
     ],
     [
      180,
      1,
      7
     ],
     [
      182,
      1,
      2
     ],
     [
      183,
      1,
      6
     ],
     [
      184,
      1,
      1
     ],
     [
      186,
      2,
      6
     ],
     [
      188,
      1,
      5
     ],
     [
      190,
      1,
      3
     ],
     [
      191,
      26,
      10
     ],
     [
      217,
      1,
      7
     ],
     [
      218,
      1,
      3
     ],
     [
      219,
      1,
      4
     ],
     [
      220,
      32,
      10
     ],
     [
      252,
      1,
      8
     ],
     [
      253,
      2,
      7
     ],
     [
      255,
      2,
      3
     ],
     [
      257,
      1,
      2
     ]
    ],
    "29": [
     [
      164,
      1,
      10
     ],
     [
      165,
      1,
      3
     ],
     [
      167,
      1,
      2
     ],
     [
      168,
      1,
      8
     ],
     [
      169,
      1,
      4
     ],
     [
      170,
      1,
      3
     ],
     [
      171,
      1,
      2
     ],
     [
      172,
      1,
      4
     ],
     [
      173,
      1,
      8
     ],
     [
      174,
      1,
      2
     ],
     [
      177,
      1,
      9
     ],
     [
      178,
      1,
      7
     ],
     [
      179,
      3,
      10
     ],
     [
      182,
      1,
      9
     ],
     [
      183,
      1,
      4
     ],
     [
      185,
      1,
      2
     ],
     [
      186,
      1,
      8
     ],
     [
      189,
      1,
      5
     ],
     [
      190,
      1,
      1
     ],
     [
      191,
      1,
      3
     ],
     [
      192,
      1,
      6
     ],
     [
      193,
      24,
      10
     ],
     [
      217,
      1,
      6
     ],
     [
      219,
      1,
      3
     ],
     [
      220,
      39,
      10
     ],
     [
      259,
      1,
      9
     ],
     [
      260,
      1,
      7
     ],
     [
      263,
      1,
      4
     ],
     [
      264,
      1,
      2
     ],
     [
      265,
      1,
      1
     ]
    ],
    "30": [
     [
      159,
      1,
      2
     ],
     [
      160,
      1,
      5
     ],
     [
      161,
      1,
      7
     ],
     [
      162,
      1,
      5
     ],
     [
      163,
      1,
      4
     ],
     [
      164,
      1,
      10
     ],
     [
      165,
      1,
      3
     ],
     [
      167,
      1,
      6
     ],
     [
      168,
      1,
      8
     ],
     [
      171,
      1,
      3
     ],
     [
      172,
      1,
      10
     ],
     [
      173,
      1,
      9
     ],
     [
      176,
      1,
      10
     ],
     [
      177,
      1,
      4
     ],
     [
      179,
      1,
      4
     ],
     [
      180,
      1,
      10
     ],
     [
      181,
      1,
      2
     ],
     [
      182,
      1,
      3
     ],
     [
      183,
      2,
      10
     ],
     [
      185,
      1,
      4
     ],
     [
      186,
      1,
      2
     ],
     [
      187,
      2,
      4
     ],
     [
      189,
      1,
      10
     ],
     [
      190,
      1,
      3
     ],
     [
      192,
      1,
      6
     ],
     [
      193,
      26,
      10
     ],
     [
      219,
      1,
      9
     ],
     [
      220,
      42,
      10
     ],
     [
      262,
      1,
      9
     ],
     [
      263,
      2,
      10
     ]
    ],
    "31": [
     [
      161,
      1,
      5
     ],
     [
      162,
      1,
      9
     ],
     [
      163,
      2,
      3
     ],
     [
      165,
      2,
      10
     ],
     [
      167,
      1,
      8
     ],
     [
      168,
      1,
      9
     ],
     [
      169,
      1,
      5
     ],
     [
      170,
      1,
      6
     ],
     [
      171,
      1,
      9
     ],
     [
      172,
      3,
      10
     ],
     [
      175,
      1,
      6
     ],
     [
      176,
      1,
      9
     ],
     [
      177,
      1,
      7
     ],
     [
      178,
      1,
      4
     ],
     [
      179,
      1,
      8
     ],
     [
      180,
      1,
      7
     ],
     [
      183,
      2,
      10
     ],
     [
      187,
      1,
      8
     ],
     [
      188,
      77,
      10
     ]
    ],
    "32": [
     [
      152,
      2,
      2
     ],
     [
      157,
      1,
      2
     ],
     [
      158,
      1,
      6
     ],
     [
      159,
      1,
      7
     ],
     [
      160,
      1,
      3
     ],
     [
      161,
      1,
      8
     ],
     [
      162,
      1,
      7
     ],
     [
      164,
      1,
      1
     ],
     [
      165,
      2,
      10
     ],
     [
      169,
      1,
      1
     ],
     [
      170,
      1,
      8
     ],
     [
      171,
      3,
      10
     ],
     [
      174,
      1,
      8
     ],
     [
      177,
      1,
      10
     ],
     [
      178,
      1,
      4
     ],
     [
      179,
      1,
      3
     ],
     [
      180,
      1,
      8
     ],
     [
      181,
      1,
      10
     ],
     [
      182,
      1,
      7
     ],
     [
      183,
      1,
      9
     ],
     [
      184,
      2,
      10
     ],
     [
      186,
      1,
      7
     ],
     [
      187,
      2,
      3
     ],
     [
      189,
      1,
      10
     ],
     [
      190,
      2,
      8
     ],
     [
      192,
      72,
      10
     ],
     [
      264,
      1,
      6
     ]
    ],
    "33": [
     [
      160,
      1,
      2
     ],
     [
      161,
      1,
      6
     ],
     [
      162,
      2,
      10
     ],
     [
      164,
      1,
      9
     ],
     [
      165,
      1,
      10
     ],
     [
      166,
      1,
      9
     ],
     [
      167,
      1,
      2
     ],
     [
      171,
      1,
      10
     ],
     [
      172,
      1,
      4
     ],
     [
      173,
      1,
      3
     ],
     [
      174,
      1,
      4
     ],
     [
      175,
      1,
      5
     ],
     [
      176,
      1,
      6
     ],
     [
      177,
      1,
      10
     ],
     [
      178,
      1,
      2
     ],
     [
      180,
      1,
      7
     ],
     [
      181,
      1,
      2
     ],
     [
      183,
      1,
      1
     ],
     [
      184,
      1,
      9
     ],
     [
      185,
      1,
      7
     ],
     [
      189,
      1,
      10
     ],
     [
      190,
      1,
      4
     ],
     [
      192,
      1,
      5
     ],
     [
      193,
      13,
      10
     ],
     [
      206,
      1,
      7
     ],
     [
      207,
      1,
      2
     ],
     [
      208,
      1,
      5
     ],
     [
      209,
      55,
      10
     ],
     [
      264,
      1,
      5
     ]
    ],
    "34": [
     [
      161,
      1,
      4
     ],
     [
      162,
      1,
      10
     ],
     [
      163,
      1,
      2
     ],
     [
      164,
      1,
      3
     ],
     [
      165,
      1,
      10
     ],
     [
      166,
      1,
      9
     ],
     [
      167,
      1,
      2
     ],
     [
      170,
      1,
      5
     ],
     [
      171,
      1,
      6
     ],
     [
      172,
      1,
      1
     ],
     [
      174,
      1,
      6
     ],
     [
      175,
      1,
      7
     ],
     [
      176,
      1,
      9
     ],
     [
      177,
      3,
      10
     ],
     [
      180,
      1,
      8
     ],
     [
      183,
      1,
      2
     ],
     [
      184,
      1,
      3
     ],
     [
      186,
      2,
      3
     ],
     [
      188,
      1,
      9
     ],
     [
      189,
      1,
      10
     ],
     [
      190,
      1,
      7
     ],
     [
      191,
      1,
      4
     ],
     [
      192,
      1,
      8
     ],
     [
      193,
      13,
      10
     ],
     [
      206,
      1,
      6
     ],
     [
      208,
      1,
      3
     ],
     [
      209,
      30,
      10
     ],
     [
      239,
      2,
      8
     ],
     [
      241,
      23,
      10
     ],
     [
      264,
      1,
      3
     ]
    ],
    "35": [
     [
      159,
      1,
      1
     ],
     [
      160,
      1,
      4
     ],
     [
      161,
      2,
      8
     ],
     [
      165,
      1,
      10
     ],
     [
      166,
      1,
      3
     ],
     [
      169,
      1,
      3
     ],
     [
      170,
      1,
      10
     ],
     [
      171,
      1,
      3
     ],
     [
      173,
      1,
      6
     ],
     [
      174,
      1,
      9
     ],
     [
      177,
      1,
      10
     ],
     [
      178,
      1,
      4
     ],
     [
      179,
      1,
      3
     ],
     [
      180,
      1,
      6
     ],
     [
      181,
      1,
      10
     ],
     [
      182,
      1,
      4
     ],
     [
      185,
      1,
      2
     ],
     [
      186,
      1,
      8
     ],
     [
      187,
      1,
      2
     ],
     [
      188,
      1,
      3
     ],
     [
      189,
      1,
      10
     ],
     [
      190,
      1,
      9
     ],
     [
      191,
      1,
      7
     ],
     [
      192,
      16,
      10
     ],
     [
      208,
      1,
      9
     ],
     [
      209,
      30,
      10
     ],
     [
      239,
      1,
      1
     ],
     [
      241,
      1,
      7
     ],
     [
      242,
      22,
      10
     ]
    ],
    "36": [
     [
      159,
      7,
      10
     ],
     [
      166,
      1,
      8
     ],
     [
      167,
      1,
      3
     ],
     [
      168,
      1,
      7
     ],
     [
      169,
      2,
      3
     ],
     [
      171,
      1,
      10
     ],
     [
      172,
      1,
      8
     ],
     [
      173,
      1,
      7
     ],
     [
      174,
      1,
      9
     ],
     [
      175,
      1,
      5
     ],
     [
      176,
      1,
      4
     ],
     [
      177,
      1,
      10
     ],
     [
      178,
      1,
      3
     ],
     [
      180,
      1,
      6
     ],
     [
      181,
      1,
      8
     ],
     [
      184,
      1,
      1
     ],
     [
      185,
      1,
      8
     ],
     [
      186,
      1,
      9
     ],
     [
      189,
      1,
      10
     ],
     [
      190,
      1,
      4
     ],
     [
      192,
      1,
      4
     ],
     [
      193,
      1,
      10
     ],
     [
      194,
      1,
      2
     ],
     [
      195,
      1,
      3
     ],
     [
      196,
      43,
      10
     ],
     [
      239,
      1,
      5
     ],
     [
      240,
      1,
      4
     ],
     [
      241,
      4,
      10
     ],
     [
      245,
      2,
      8
     ],
     [
      247,
      16,
      10
     ],
     [
      263,
      1,
      9
     ]
    ],
    "37": [
     [
      158,
      1,
      2
     ],
     [
      159,
      1,
      9
     ],
     [
      160,
      6,
      10
     ],
     [
      166,
      1,
      9
     ],
     [
      167,
      1,
      7
     ],
     [
      168,
      1,
      6
     ],
     [
      171,
      1,
      10
     ],
     [
      172,
      1,
      4
     ],
     [
      174,
      1,
      5
     ],
     [
      175,
      1,
      9
     ],
     [
      176,
      2,
      3
     ],
     [
      178,
      3,
      10
     ],
     [
      181,
      1,
      9
     ],
     [
      182,
      1,
      5
     ],
     [
      183,
      1,
      6
     ],
     [
      184,
      2,
      4
     ],
     [
      186,
      1,
      6
     ],
     [
      187,
      1,
      10
     ],
     [
      188,
      1,
      6
     ],
     [
      189,
      1,
      9
     ],
     [
      190,
      1,
      7
     ],
     [
      191,
      1,
      4
     ],
     [
      192,
      1,
      8
     ],
     [
      193,
      1,
      7
     ],
     [
      196,
      49,
      10
     ],
     [
      245,
      1,
      1
     ],
     [
      247,
      1,
      6
     ],
     [
      248,
      15,
      10
     ],
     [
      263,
      1,
      7
     ]
    ],
    "38": [
     [
      159,
      1,
      7
     ],
     [
      160,
      2,
      10
     ],
     [
      162,
      1,
      2
     ],
     [
      163,
      1,
      3
     ],
     [
      164,
      2,
      9
     ],
     [
      166,
      1,
      3
     ],
     [
      168,
      1,
      5
     ],
     [
      169,
      1,
      10
     ],
     [
      170,
      1,
      9
     ],
     [
      171,
      1,
      10
     ],
     [
      172,
      1,
      7
     ],
     [
      173,
      1,
      3
     ],
     [
      174,
      1,
      8
     ],
     [
      175,
      1,
      7
     ],
     [
      177,
      1,
      1
     ],
     [
      178,
      3,
      10
     ],
     [
      181,
      1,
      4
     ],
     [
      183,
      1,
      3
     ],
     [
      184,
      1,
      1
     ],
     [
      186,
      1,
      7
     ],
     [
      187,
      1,
      8
     ],
     [
      190,
      14,
      10
     ],
     [
      204,
      1,
      4
     ],
     [
      205,
      1,
      3
     ],
     [
      206,
      1,
      8
     ],
     [
      207,
      38,
      10
     ],
     [
      245,
      1,
      5
     ],
     [
      246,
      1,
      4
     ],
     [
      247,
      4,
      10
     ],
     [
      251,
      2,
      8
     ],
     [
      253,
      10,
      10
     ],
     [
      263,
      1,
      5
     ]
    ],
    "39": [
     [
      159,
      1,
      10
     ],
     [
      160,
      1,
      4
     ],
     [
      161,
      1,
      3
     ],
     [
      164,
      1,
      7
     ],
     [
      165,
      1,
      4
     ],
     [
      167,
      1,
      2
     ],
     [
      168,
      1,
      8
     ],
     [
      169,
      1,
      2
     ],
     [
      170,
      1,
      3
     ],
     [
      171,
      1,
      10
     ],
     [
      172,
      1,
      9
     ],
     [
      173,
      1,
      7
     ],
     [
      174,
      3,
      10
     ],
     [
      177,
      1,
      9
     ],
     [
      178,
      3,
      10
     ],
     [
      181,
      1,
      2
     ],
     [
      185,
      1,
      3
     ],
     [
      186,
      1,
      7
     ],
     [
      187,
      1,
      9
     ],
     [
      188,
      1,
      5
     ],
     [
      189,
      1,
      6
     ],
     [
      190,
      14,
      10
     ],
     [
      206,
      1,
      8
     ],
     [
      207,
      44,
      10
     ],
     [
      251,
      1,
      1
     ],
     [
      253,
      1,
      6
     ],
     [
      254,
      9,
      10
     ],
     [
      263,
      1,
      3
     ]
    ],
    "40": [
     [
      158,
      1,
      2
     ],
     [
      159,
      1,
      10
     ],
     [
      160,
      1,
      3
     ],
     [
      162,
      1,
      6
     ],
     [
      163,
      1,
      4
     ],
     [
      166,
      1,
      1
     ],
     [
      167,
      1,
      8
     ],
     [
      168,
      1,
      9
     ],
     [
      171,
      1,
      10
     ],
     [
      172,
      1,
      4
     ],
     [
      174,
      1,
      4
     ],
     [
      175,
      1,
      10
     ],
     [
      176,
      1,
      2
     ],
     [
      177,
      1,
      3
     ],
     [
      178,
      1,
      10
     ],
     [
      179,
      1,
      9
     ],
     [
      180,
      1,
      7
     ],
     [
      183,
      1,
      4
     ],
     [
      184,
      1,
      3
     ],
     [
      187,
      1,
      6
     ],
     [
      188,
      1,
      7
     ],
     [
      189,
      1,
      8
     ],
     [
      190,
      20,
      10
     ],
     [
      210,
      1,
      5
     ],
     [
      211,
      1,
      3
     ],
     [
      212,
      1,
      8
     ],
     [
      213,
      38,
      10
     ],
     [
      251,
      1,
      5
     ],
     [
      252,
      1,
      4
     ],
     [
      253,
      10,
      10
     ]
    ],
    "41": [
     [
      157,
      1,
      4
     ],
     [
      158,
      1,
      7
     ],
     [
      159,
      3,
      10
     ],
     [
      162,
      1,
      9
     ],
     [
      166,
      1,
      1
     ],
     [
      167,
      1,
      4
     ],
     [
      168,
      1,
      6
     ],
     [
      169,
      1,
      10
     ],
     [
      170,
      1,
      6
     ],
     [
      171,
      1,
      9
     ],
     [
      172,
      1,
      7
     ],
     [
      173,
      1,
      4
     ],
     [
      174,
      2,
      8
     ],
     [
      178,
      1,
      9
     ],
     [
      179,
      1,
      2
     ],
     [
      181,
      1,
      4
     ],
     [
      182,
      1,
      2
     ],
     [
      183,
      2,
      10
     ],
     [
      185,
      1,
      6
     ],
     [
      186,
      1,
      4
     ],
     [
      187,
      1,
      7
     ],
     [
      190,
      20,
      10
     ],
     [
      212,
      1,
      8
     ],
     [
      213,
      49,
      10
     ],
     [
      262,
      1,
      9
     ]
    ],
    "42": [
     [
      158,
      1,
      7
     ],
     [
      159,
      3,
      10
     ],
     [
      162,
      1,
      9
     ],
     [
      163,
      1,
      5
     ],
     [
      164,
      1,
      3
     ],
     [
      165,
      1,
      2
     ],
     [
      168,
      1,
      7
     ],
     [
      169,
      1,
      8
     ],
     [
      172,
      6,
      10
     ],
     [
      178,
      1,
      4
     ],
     [
      180,
      1,
      2
     ],
     [
      181,
      1,
      8
     ],
     [
      182,
      2,
      3
     ],
     [
      184,
      1,
      10
     ],
     [
      185,
      1,
      9
     ],
     [
      186,
      1,
      7
     ],
     [
      187,
      1,
      9
     ],
     [
      188,
      1,
      5
     ],
     [
      189,
      1,
      2
     ],
     [
      190,
      1,
      7
     ],
     [
      191,
      20,
      10
     ],
     [
      211,
      1,
      9
     ],
     [
      212,
      7,
      10
     ],
     [
      219,
      1,
      9
     ],
     [
      220,
      1,
      7
     ],
     [
      221,
      41,
      10
     ],
     [
      262,
      1,
      7
     ]
    ],
    "43": [
     [
      158,
      1,
      8
     ],
     [
      159,
      1,
      7
     ],
     [
      160,
      1,
      3
     ],
     [
      161,
      1,
      6
     ],
     [
      162,
      1,
      10
     ],
     [
      163,
      1,
      7
     ],
     [
      164,
      1,
      9
     ],
     [
      165,
      2,
      10
     ],
     [
      167,
      1,
      8
     ],
     [
      168,
      1,
      7
     ],
     [
      169,
      1,
      9
     ],
     [
      170,
      1,
      5
     ],
     [
      171,
      1,
      6
     ],
     [
      172,
      6,
      10
     ],
     [
      178,
      1,
      7
     ],
     [
      179,
      1,
      3
     ],
     [
      180,
      2,
      8
     ],
     [
      184,
      1,
      10
     ],
     [
      185,
      1,
      4
     ],
     [
      187,
      1,
      5
     ],
     [
      188,
      1,
      10
     ],
     [
      189,
      1,
      7
     ],
     [
      191,
      1,
      3
     ],
     [
      192,
      27,
      10
     ],
     [
      219,
      1,
      7
     ],
     [
      221,
      1,
      3
     ],
     [
      222,
      40,
      10
     ],
     [
      262,
      1,
      3
     ]
    ],
    "44": [
     [
      158,
      1,
      2
     ],
     [
      159,
      1,
      1
     ],
     [
      161,
      1,
      2
     ],
     [
      162,
      1,
      7
     ],
     [
      165,
      1,
      9
     ],
     [
      166,
      1,
      10
     ],
     [
      167,
      1,
      3
     ],
     [
      169,
      1,
      6
     ],
     [
      170,
      1,
      7
     ],
     [
      171,
      1,
      8
     ],
     [
      172,
      3,
      10
     ],
     [
      175,
      1,
      2
     ],
     [
      176,
      1,
      4
     ],
     [
      177,
      1,
      8
     ],
     [
      178,
      1,
      9
     ],
     [
      179,
      1,
      7
     ],
     [
      180,
      3,
      10
     ],
     [
      183,
      1,
      6
     ],
     [
      184,
      1,
      9
     ],
     [
      185,
      1,
      7
     ],
     [
      186,
      1,
      3
     ],
     [
      187,
      1,
      8
     ],
     [
      188,
      1,
      10
     ],
     [
      189,
      1,
      8
     ],
     [
      190,
      2,
      5
     ],
     [
      192,
      27,
      10
     ],
     [
      219,
      1,
      8
     ],
     [
      220,
      2,
      5
     ],
     [
      222,
      3,
      10
     ],
     [
      225,
      1,
      9
     ],
     [
      226,
      1,
      7
     ],
     [
      227,
      33,
      10
     ],
     [
      260,
      1,
      9
     ],
     [
      261,
      1,
      7
     ],
     [
      262,
      1,
      3
     ]
    ],
    "45": [
     [
      156,
      1,
      2
     ],
     [
      160,
      1,
      9
     ],
     [
      161,
      1,
      2
     ],
     [
      163,
      1,
      4
     ],
     [
      164,
      1,
      2
     ],
     [
      165,
      2,
      10
     ],
     [
      167,
      1,
      6
     ],
     [
      168,
      1,
      4
     ],
     [
      169,
      1,
      7
     ],
     [
      172,
      1,
      10
     ],
     [
      173,
      1,
      5
     ],
     [
      174,
      1,
      3
     ],
     [
      177,
      1,
      7
     ],
     [
      178,
      1,
      4
     ],
     [
      180,
      1,
      3
     ],
     [
      181,
      1,
      10
     ],
     [
      182,
      1,
      7
     ],
     [
      184,
      1,
      1
     ],
     [
      185,
      1,
      9
     ],
     [
      186,
      1,
      4
     ],
     [
      187,
      1,
      2
     ],
     [
      188,
      1,
      8
     ],
     [
      189,
      36,
      10
     ],
     [
      225,
      1,
      7
     ],
     [
      227,
      1,
      3
     ],
     [
      228,
      32,
      10
     ],
     [
      260,
      1,
      7
     ]
    ],
    "46": [
     [
      156,
      1,
      7
     ],
     [
      159,
      1,
      10
     ],
     [
      160,
      1,
      4
     ],
     [
      162,
      1,
      2
     ],
     [
      163,
      1,
      8
     ],
     [
      164,
      1,
      2
     ],
     [
      165,
      1,
      3
     ],
     [
      166,
      1,
      10
     ],
     [
      167,
      1,
      9
     ],
     [
      168,
      1,
      4
     ],
     [
      169,
      1,
      2
     ],
     [
      170,
      1,
      4
     ],
     [
      171,
      1,
      2
     ],
     [
      172,
      1,
      7
     ],
     [
      173,
      1,
      3
     ],
     [
      175,
      1,
      6
     ],
     [
      176,
      1,
      5
     ],
     [
      179,
      1,
      5
     ],
     [
      180,
      1,
      8
     ],
     [
      181,
      1,
      10
     ],
     [
      182,
      1,
      9
     ],
     [
      183,
      1,
      5
     ],
     [
      184,
      1,
      6
     ],
     [
      185,
      1,
      4
     ],
     [
      188,
      1,
      7
     ],
     [
      189,
      36,
      10
     ],
     [
      225,
      1,
      9
     ],
     [
      226,
      2,
      5
     ],
     [
      228,
      32,
      10
     ],
     [
      260,
      1,
      8
     ],
     [
      261,
      1,
      4
     ]
    ],
    "47": [
     [
      155,
      1,
      1
     ],
     [
      156,
      2,
      10
     ],
     [
      158,
      1,
      9
     ],
     [
      159,
      1,
      10
     ],
     [
      160,
      1,
      6
     ],
     [
      162,
      1,
      1
     ],
     [
      163,
      1,
      7
     ],
     [
      166,
      1,
      10
     ],
     [
      167,
      1,
      4
     ],
     [
      170,
      1,
      8
     ],
     [
      171,
      1,
      7
     ],
     [
      173,
      1,
      3
     ],
     [
      174,
      1,
      10
     ],
     [
      175,
      1,
      9
     ],
     [
      178,
      1,
      6
     ],
     [
      179,
      1,
      5
     ],
     [
      180,
      1,
      3
     ],
     [
      181,
      1,
      6
     ],
     [
      182,
      1,
      10
     ],
     [
      183,
      1,
      7
     ],
     [
      184,
      1,
      9
     ],
     [
      185,
      1,
      8
     ],
     [
      186,
      1,
      5
     ],
     [
      187,
      1,
      6
     ],
     [
      188,
      1,
      8
     ],
     [
      189,
      72,
      10
     ],
     [
      261,
      1,
      6
     ]
    ],
    "48": [
     [
      155,
      1,
      3
     ],
     [
      156,
      4,
      10
     ],
     [
      160,
      1,
      8
     ],
     [
      161,
      1,
      1
     ],
     [
      163,
      1,
      2
     ],
     [
      165,
      1,
      3
     ],
     [
      166,
      1,
      9
     ],
     [
      167,
      1,
      7
     ],
     [
      168,
      1,
      3
     ],
     [
      169,
      1,
      7
     ],
     [
      170,
      1,
      10
     ],
     [
      171,
      1,
      8
     ],
     [
      172,
      2,
      5
     ],
     [
      174,
      1,
      10
     ],
     [
      175,
      1,
      9
     ],
     [
      176,
      1,
      5
     ],
     [
      177,
      1,
      4
     ],
     [
      178,
      1,
      10
     ],
     [
      179,
      1,
      3
     ],
     [
      181,
      1,
      6
     ],
     [
      182,
      1,
      8
     ],
     [
      185,
      2,
      10
     ],
     [
      187,
      1,
      1
     ],
     [
      189,
      1,
      6
     ],
     [
      190,
      71,
      10
     ],
     [
      261,
      1,
      4
     ]
    ],
    "49": [
     [
      156,
      1,
      3
     ],
     [
      157,
      1,
      6
     ],
     [
      158,
      3,
      10
     ],
     [
      161,
      1,
      2
     ],
     [
      166,
      1,
      1
     ],
     [
      167,
      1,
      9
     ],
     [
      168,
      1,
      7
     ],
     [
      169,
      1,
      9
     ],
     [
      170,
      2,
      10
     ],
     [
      172,
      1,
      7
     ],
     [
      173,
      1,
      3
     ],
     [
      174,
      1,
      6
     ],
     [
      175,
      2,
      10
     ],
     [
      177,
      1,
      3
     ],
     [
      178,
      1,
      4
     ],
     [
      179,
      1,
      10
     ],
     [
      180,
      1,
      8
     ],
     [
      181,
      1,
      7
     ],
     [
      182,
      1,
      9
     ],
     [
      183,
      2,
      5
     ],
     [
      185,
      2,
      10
     ],
     [
      187,
      1,
      5
     ],
     [
      188,
      1,
      4
     ],
     [
      189,
      72,
      10
     ],
     [
      261,
      1,
      3
     ]
    ],
    "50": [
     [
      72,
      1,
      4
     ],
     [
      157,
      1,
      6
     ],
     [
      158,
      1,
      7
     ],
     [
      159,
      1,
      9
     ],
     [
      160,
      3,
      10
     ],
     [
      163,
      1,
      7
     ],
     [
      164,
      1,
      3
     ],
     [
      166,
      1,
      3
     ],
     [
      167,
      1,
      4
     ],
     [
      169,
      1,
      5
     ],
     [
      170,
      1,
      10
     ],
     [
      171,
      1,
      2
     ],
     [
      172,
      1,
      1
     ],
     [
      174,
      1,
      2
     ],
     [
      175,
      1,
      7
     ],
     [
      176,
      1,
      6
     ],
     [
      178,
      1,
      1
     ],
     [
      179,
      1,
      10
     ],
     [
      180,
      1,
      4
     ],
     [
      182,
      1,
      6
     ],
     [
      183,
      13,
      10
     ],
     [
      196,
      1,
      7
     ],
     [
      197,
      1,
      3
     ],
     [
      198,
      1,
      5
     ],
     [
      199,
      62,
      10
     ]
    ],
    "51": [
     [
      153,
      1,
      1
     ],
     [
      156,
      1,
      6
     ],
     [
      157,
      1,
      9
     ],
     [
      160,
      1,
      10
     ],
     [
      161,
      1,
      4
     ],
     [
      162,
      1,
      3
     ],
     [
      163,
      1,
      6
     ],
     [
      164,
      1,
      10
     ],
     [
      165,
      1,
      7
     ],
     [
      166,
      1,
      6
     ],
     [
      167,
      1,
      8
     ],
     [
      168,
      1,
      4
     ],
     [
      169,
      1,
      6
     ],
     [
      170,
      1,
      2
     ],
     [
      176,
      1,
      5
     ],
     [
      177,
      1,
      10
     ],
     [
      178,
      1,
      9
     ],
     [
      179,
      1,
      10
     ],
     [
      180,
      1,
      6
     ],
     [
      181,
      1,
      4
     ],
     [
      182,
      1,
      8
     ],
     [
      183,
      13,
      10
     ],
     [
      196,
      1,
      6
     ],
     [
      198,
      1,
      3
     ],
     [
      199,
      61,
      10
     ],
     [
      260,
      1,
      8
     ]
    ],
    "52": [
     [
      55,
      1,
      4
     ],
     [
      68,
      2,
      2
     ],
     [
      70,
      1,
      1
     ],
     [
      153,
      1,
      2
     ],
     [
      154,
      1,
      10
     ],
     [
      155,
      1,
      8
     ],
     [
      156,
      1,
      7
     ],
     [
      157,
      1,
      9
     ],
     [
      158,
      1,
      5
     ],
     [
      159,
      1,
      4
     ],
     [
      160,
      1,
      10
     ],
     [
      161,
      1,
      3
     ],
     [
      163,
      1,
      6
     ],
     [
      164,
      1,
      8
     ],
     [
      167,
      2,
      10
     ],
     [
      169,
      1,
      1
     ],
     [
      172,
      1,
      6
     ],
     [
      176,
      1,
      7
     ],
     [
      177,
      2,
      2
     ],
     [
      179,
      1,
      10
     ],
     [
      180,
      1,
      9
     ],
     [
      181,
      1,
      7
     ],
     [
      182,
      1,
      9
     ],
     [
      183,
      2,
      10
     ],
     [
      185,
      1,
      7
     ],
     [
      186,
      1,
      3
     ],
     [
      187,
      1,
      6
     ],
     [
      188,
      10,
      10
     ],
     [
      198,
      1,
      9
     ],
     [
      199,
      61,
      10
     ],
     [
      260,
      1,
      7
     ]
    ],
    "53": [
     [
      56,
      1,
      4
     ],
     [
      57,
      1,
      1
     ],
     [
      69,
      1,
      7
     ],
     [
      153,
      1,
      1
     ],
     [
      154,
      1,
      10
     ],
     [
      155,
      1,
      4
     ],
     [
      157,
      1,
      5
     ],
     [
      158,
      1,
      9
     ],
     [
      159,
      2,
      3
     ],
     [
      161,
      1,
      10
     ],
     [
      162,
      2,
      8
     ],
     [
      164,
      1,
      9
     ],
     [
      165,
      1,
      5
     ],
     [
      166,
      1,
      6
     ],
     [
      167,
      2,
      10
     ],
     [
      169,
      1,
      5
     ],
     [
      170,
      1,
      4
     ],
     [
      171,
      1,
      6
     ],
     [
      172,
      1,
      8
     ],
     [
      173,
      1,
      6
     ],
     [
      174,
      1,
      5
     ],
     [
      175,
      1,
      7
     ],
     [
      176,
      1,
      8
     ],
     [
      179,
      1,
      10
     ],
     [
      180,
      1,
      4
     ],
     [
      182,
      1,
      5
     ],
     [
      183,
      1,
      10
     ],
     [
      184,
      1,
      2
     ],
     [
      185,
      1,
      1
     ],
     [
      187,
      1,
      5
     ],
     [
      188,
      72,
      10
     ],
     [
      260,
      1,
      4
     ]
    ],
    "54": [
     [
      69,
      1,
      5
     ],
     [
      70,
      1,
      3
     ],
     [
      71,
      1,
      1
     ],
     [
      153,
      1,
      3
     ],
     [
      154,
      1,
      9
     ],
     [
      155,
      1,
      7
     ],
     [
      156,
      1,
      4
     ],
     [
      157,
      1,
      8
     ],
     [
      158,
      1,
      7
     ],
     [
      160,
      1,
      1
     ],
     [
      161,
      1,
      6
     ],
     [
      162,
      1,
      1
     ],
     [
      164,
      1,
      6
     ],
     [
      165,
      1,
      7
     ],
     [
      166,
      1,
      8
     ],
     [
      167,
      3,
      10
     ],
     [
      170,
      1,
      8
     ],
     [
      173,
      1,
      10
     ],
     [
      174,
      2,
      4
     ],
     [
      176,
      1,
      7
     ],
     [
      177,
      1,
      10
     ],
     [
      178,
      1,
      7
     ],
     [
      179,
      1,
      9
     ],
     [
      180,
      1,
      7
     ],
     [
      181,
      1,
      4
     ],
     [
      182,
      1,
      8
     ],
     [
      183,
      1,
      2
     ],
     [
      185,
      1,
      1
     ],
     [
      186,
      1,
      9
     ],
     [
      187,
      1,
      7
     ],
     [
      188,
      24,
      10
     ],
     [
      212,
      2,
      8
     ],
     [
      214,
      46,
      10
     ],
     [
      260,
      1,
      3
     ]
    ],
    "55": [
     [
      58,
      1,
      1
     ],
     [
      70,
      1,
      2
     ],
     [
      76,
      1,
      3
     ],
     [
      77,
      1,
      5
     ],
     [
      154,
      1,
      1
     ],
     [
      155,
      1,
      9
     ],
     [
      156,
      1,
      7
     ],
     [
      157,
      3,
      10
     ],
     [
      160,
      1,
      9
     ],
     [
      161,
      1,
      4
     ],
     [
      164,
      1,
      5
     ],
     [
      167,
      1,
      10
     ],
     [
      168,
      1,
      4
     ],
     [
      169,
      1,
      3
     ],
     [
      170,
      1,
      4
     ],
     [
      171,
      1,
      5
     ],
     [
      172,
      1,
      6
     ],
     [
      173,
      1,
      10
     ],
     [
      174,
      1,
      2
     ],
     [
      176,
      2,
      7
     ],
     [
      180,
      2,
      10
     ],
     [
      182,
      1,
      8
     ],
     [
      185,
      1,
      10
     ],
     [
      186,
      1,
      4
     ],
     [
      188,
      1,
      4
     ],
     [
      189,
      5,
      10
     ],
     [
      194,
      1,
      4
     ],
     [
      195,
      1,
      3
     ],
     [
      196,
      1,
      8
     ],
     [
      197,
      15,
      10
     ],
     [
      212,
      1,
      1
     ],
     [
      214,
      1,
      6
     ],
     [
      215,
      35,
      10
     ],
     [
      250,
      1,
      7
     ],
     [
      251,
      1,
      3
     ],
     [
      252,
      1,
      5
     ],
     [
      253,
      7,
      10
     ]
    ],
    "56": [
     [
      58,
      1,
      1
     ],
     [
      59,
      1,
      5
     ],
     [
      60,
      1,
      2
     ],
     [
      77,
      1,
      1
     ],
     [
      155,
      1,
      1
     ],
     [
      157,
      1,
      4
     ],
     [
      158,
      1,
      10
     ],
     [
      159,
      1,
      2
     ],
     [
      160,
      1,
      3
     ],
     [
      161,
      1,
      10
     ],
     [
      162,
      1,
      9
     ],
     [
      163,
      1,
      2
     ],
     [
      166,
      1,
      4
     ],
     [
      167,
      1,
      6
     ],
     [
      168,
      1,
      1
     ],
     [
      170,
      1,
      6
     ],
     [
      171,
      1,
      7
     ],
     [
      172,
      1,
      9
     ],
     [
      173,
      3,
      10
     ],
     [
      176,
      2,
      9
     ],
     [
      178,
      1,
      5
     ],
     [
      179,
      1,
      4
     ],
     [
      180,
      1,
      7
     ],
     [
      181,
      3,
      10
     ],
     [
      184,
      1,
      9
     ],
     [
      185,
      1,
      10
     ],
     [
      186,
      1,
      7
     ],
     [
      187,
      1,
      4
     ],
     [
      188,
      1,
      8
     ],
     [
      189,
      5,
      10
     ],
     [
      196,
      1,
      8
     ],
     [
      197,
      15,
      10
     ],
     [
      212,
      1,
      5
     ],
     [
      213,
      1,
      4
     ],
     [
      214,
      22,
      10
     ],
     [
      236,
      1,
      5
     ],
     [
      237,
      1,
      3
     ],
     [
      238,
      1,
      8
     ],
     [
      239,
      11,
      10
     ],
     [
      250,
      1,
      6
     ],
     [
      252,
      1,
      3
     ],
     [
      253,
      6,
      10
     ],
     [
      259,
      1,
      8
     ]
    ],
    "57": [
     [
      60,
      1,
      2
     ],
     [
      66,
      1,
      3
     ],
     [
      157,
      2,
      7
     ],
     [
      161,
      1,
      10
     ],
     [
      162,
      1,
      3
     ],
     [
      165,
      1,
      2
     ],
     [
      166,
      1,
      10
     ],
     [
      167,
      1,
      3
     ],
     [
      169,
      1,
      2
     ],
     [
      170,
      1,
      7
     ],
     [
      173,
      1,
      10
     ],
     [
      174,
      1,
      6
     ],
     [
      175,
      1,
      3
     ],
     [
      176,
      1,
      6
     ],
     [
      177,
      1,
      10
     ],
     [
      178,
      1,
      6
     ],
     [
      179,
      1,
      5
     ],
     [
      181,
      1,
      3
     ],
     [
      182,
      1,
      10
     ],
     [
      183,
      1,
      2
     ],
     [
      184,
      1,
      4
     ],
     [
      185,
      1,
      9
     ],
     [
      186,
      1,
      10
     ],
     [
      187,
      1,
      4
     ],
     [
      188,
      1,
      3
     ],
     [
      189,
      1,
      8
     ],
     [
      190,
      13,
      10
     ],
     [
      203,
      1,
      9
     ],
     [
      204,
      1,
      7
     ],
     [
      205,
      16,
      10
     ],
     [
      221,
      1,
      7
     ],
     [
      222,
      1,
      2
     ],
     [
      223,
      1,
      5
     ],
     [
      224,
      12,
      10
     ],
     [
      238,
      1,
      8
     ],
     [
      239,
      13,
      10
     ],
     [
      252,
      1,
      9
     ],
     [
      253,
      6,
      10
     ],
     [
      259,
      1,
      7
     ]
    ],
    "58": [
     [
      66,
      1,
      4
     ],
     [
      67,
      1,
      3
     ],
     [
      85,
      1,
      2
     ],
     [
      157,
      1,
      2
     ],
     [
      158,
      1,
      8
     ],
     [
      159,
      1,
      10
     ],
     [
      160,
      1,
      1
     ],
     [
      161,
      1,
      3
     ],
     [
      162,
      1,
      8
     ],
     [
      163,
      1,
      3
     ],
     [
      164,
      1,
      7
     ],
     [
      165,
      2,
      3
     ],
     [
      167,
      1,
      10
     ],
     [
      168,
      1,
      6
     ],
     [
      172,
      1,
      1
     ],
     [
      173,
      1,
      10
     ],
     [
      174,
      1,
      3
     ],
     [
      176,
      1,
      6
     ],
     [
      177,
      1,
      9
     ],
     [
      180,
      1,
      5
     ],
     [
      181,
      1,
      1
     ],
     [
      182,
      1,
      3
     ],
     [
      185,
      2,
      10
     ],
     [
      187,
      1,
      2
     ],
     [
      189,
      1,
      7
     ],
     [
      190,
      13,
      10
     ],
     [
      203,
      1,
      7
     ],
     [
      205,
      1,
      3
     ],
     [
      206,
      15,
      10
     ],
     [
      221,
      1,
      6
     ],
     [
      223,
      1,
      3
     ],
     [
      224,
      13,
      10
     ],
     [
      237,
      1,
      9
     ],
     [
      238,
      21,
      10
     ],
     [
      259,
      1,
      3
     ]
    ],
    "59": [
     [
      55,
      1,
      2
     ],
     [
      56,
      1,
      1
     ],
     [
      66,
      2,
      1
     ],
     [
      85,
      1,
      2
     ],
     [
      96,
      2,
      2
     ],
     [
      158,
      1,
      4
     ],
     [
      159,
      1,
      1
     ],
     [
      161,
      1,
      1
     ],
     [
      162,
      1,
      9
     ],
     [
      163,
      1,
      7
     ],
     [
      164,
      1,
      6
     ],
     [
      167,
      1,
      10
     ],
     [
      168,
      1,
      4
     ],
     [
      172,
      1,
      1
     ],
     [
      173,
      1,
      3
     ],
     [
      174,
      3,
      10
     ],
     [
      177,
      1,
      9
     ],
     [
      178,
      2,
      5
     ],
     [
      180,
      1,
      6
     ],
     [
      181,
      1,
      1
     ],
     [
      183,
      2,
      6
     ],
     [
      185,
      1,
      9
     ],
     [
      186,
      3,
      10
     ],
     [
      189,
      1,
      9
     ],
     [
      190,
      13,
      10
     ],
     [
      203,
      1,
      8
     ],
     [
      204,
      2,
      5
     ],
     [
      206,
      17,
      10
     ],
     [
      223,
      1,
      9
     ],
     [
      224,
      3,
      10
     ],
     [
      227,
      1,
      7
     ],
     [
      228,
      1,
      3
     ],
     [
      229,
      1,
      4
     ],
     [
      230,
      29,
      10
     ],
     [
      259,
      1,
      3
     ]
    ],
    "60": [
     [
      56,
      1,
      4
     ],
     [
      63,
      1,
      2
     ],
     [
      156,
      2,
      2
     ],
     [
      161,
      1,
      2
     ],
     [
      162,
      1,
      3
     ],
     [
      164,
      1,
      5
     ],
     [
      165,
      1,
      10
     ],
     [
      166,
      1,
      9
     ],
     [
      167,
      1,
      10
     ],
     [
      168,
      1,
      5
     ],
     [
      171,
      1,
      5
     ],
     [
      173,
      1,
      1
     ],
     [
      174,
      6,
      10
     ],
     [
      180,
      1,
      3
     ],
     [
      182,
      1,
      6
     ],
     [
      183,
      1,
      9
     ],
     [
      186,
      41,
      10
     ],
     [
      227,
      1,
      6
     ],
     [
      229,
      1,
      3
     ],
     [
      230,
      29,
      10
     ]
    ],
    "61": [
     [
      56,
      1,
      3
     ],
     [
      57,
      1,
      6
     ],
     [
      63,
      1,
      6
     ],
     [
      97,
      2,
      2
     ],
     [
      160,
      2,
      2
     ],
     [
      163,
      1,
      2
     ],
     [
      164,
      1,
      8
     ],
     [
      165,
      1,
      2
     ],
     [
      166,
      1,
      4
     ],
     [
      167,
      1,
      9
     ],
     [
      168,
      1,
      7
     ],
     [
      171,
      1,
      8
     ],
     [
      172,
      1,
      10
     ],
     [
      173,
      1,
      9
     ],
     [
      174,
      3,
      10
     ],
     [
      177,
      2,
      8
     ],
     [
      179,
      2,
      10
     ],
     [
      181,
      1,
      8
     ],
     [
      182,
      1,
      7
     ],
     [
      183,
      1,
      9
     ],
     [
      184,
      1,
      5
     ],
     [
      185,
      1,
      4
     ],
     [
      186,
      43,
      10
     ],
     [
      229,
      1,
      9
     ],
     [
      230,
      28,
      10
     ],
     [
      258,
      1,
      9
     ]
    ],
    "62": [
     [
      63,
      2,
      2
     ],
     [
      163,
      1,
      4
     ],
     [
      164,
      1,
      9
     ],
     [
      167,
      1,
      10
     ],
     [
      168,
      1,
      4
     ],
     [
      171,
      1,
      7
     ],
     [
      172,
      2,
      2
     ],
     [
      174,
      1,
      10
     ],
     [
      175,
      1,
      9
     ],
     [
      176,
      1,
      7
     ],
     [
      179,
      1,
      8
     ],
     [
      180,
      1,
      10
     ],
     [
      181,
      1,
      4
     ],
     [
      183,
      1,
      5
     ],
     [
      184,
      1,
      9
     ],
     [
      185,
      2,
      3
     ],
     [
      187,
      71,
      10
     ],
     [
      258,
      1,
      6
     ]
    ],
    "63": [
     [
      70,
      1,
      3
     ],
     [
      74,
      1,
      4
     ],
     [
      156,
      1,
      3
     ],
     [
      164,
      1,
      5
     ],
     [
      165,
      1,
      8
     ],
     [
      166,
      1,
      6
     ],
     [
      167,
      1,
      9
     ],
     [
      168,
      1,
      7
     ],
     [
      170,
      1,
      4
     ],
     [
      171,
      1,
      6
     ],
     [
      174,
      1,
      9
     ],
     [
      175,
      1,
      2
     ],
     [
      177,
      2,
      3
     ],
     [
      179,
      1,
      2
     ],
     [
      180,
      1,
      3
     ],
     [
      181,
      1,
      7
     ],
     [
      182,
      1,
      4
     ],
     [
      183,
      1,
      8
     ],
     [
      184,
      1,
      7
     ],
     [
      186,
      1,
      1
     ],
     [
      187,
      71,
      10
     ],
     [
      258,
      1,
      4
     ]
    ],
    "64": [
     [
      74,
      1,
      4
     ],
     [
      165,
      1,
      8
     ],
     [
      168,
      1,
      7
     ],
     [
      172,
      1,
      6
     ],
     [
      173,
      1,
      10
     ],
     [
      174,
      1,
      4
     ],
     [
      176,
      1,
      2
     ],
     [
      177,
      1,
      8
     ],
     [
      178,
      1,
      2
     ],
     [
      181,
      5,
      10
     ],
     [
      186,
      1,
      9
     ],
     [
      187,
      71,
      10
     ],
     [
      258,
      1,
      2
     ]
    ],
    "65": [
     [
      73,
      1,
      4
     ],
     [
      104,
      2,
      2
     ],
     [
      164,
      1,
      4
     ],
     [
      165,
      1,
      9
     ],
     [
      166,
      1,
      5
     ],
     [
      167,
      2,
      6
     ],
     [
      172,
      1,
      4
     ],
     [
      173,
      1,
      10
     ],
     [
      174,
      1,
      7
     ],
     [
      175,
      1,
      4
     ],
     [
      176,
      2,
      8
     ],
     [
      180,
      5,
      10
     ],
     [
      185,
      1,
      2
     ],
     [
      186,
      1,
      3
     ],
     [
      187,
      53,
      10
     ],
     [
      240,
      1,
      9
     ],
     [
      241,
      1,
      7
     ],
     [
      242,
      16,
      10
     ]
    ],
    "66": [
     [
      90,
      1,
      2
     ],
     [
      91,
      1,
      1
     ],
     [
      157,
      1,
      4
     ],
     [
      158,
      1,
      2
     ],
     [
      161,
      1,
      4
     ],
     [
      162,
      1,
      1
     ],
     [
      167,
      2,
      3
     ],
     [
      169,
      1,
      7
     ],
     [
      172,
      1,
      1
     ],
     [
      173,
      1,
      8
     ],
     [
      174,
      1,
      9
     ],
     [
      175,
      1,
      4
     ],
     [
      176,
      1,
      3
     ],
     [
      177,
      1,
      7
     ],
     [
      178,
      1,
      10
     ],
     [
      179,
      1,
      9
     ],
     [
      180,
      4,
      10
     ],
     [
      184,
      1,
      8
     ],
     [
      187,
      53,
      10
     ],
     [
      240,
      1,
      7
     ],
     [
      242,
      1,
      3
     ],
     [
      243,
      14,
      10
     ],
     [
      257,
      1,
      8
     ]
    ],
    "67": [
     [
      57,
      1,
      2
     ],
     [
      58,
      1,
      1
     ],
     [
      59,
      1,
      4
     ],
     [
      61,
      2,
      1
     ],
     [
      87,
      1,
      2
     ],
     [
      88,
      1,
      8
     ],
     [
      89,
      2,
      5
     ],
     [
      91,
      1,
      7
     ],
     [
      94,
      1,
      6
     ],
     [
      95,
      1,
      1
     ],
     [
      156,
      1,
      2
     ],
     [
      157,
      1,
      7
     ],
     [
      160,
      2,
      2
     ],
     [
      162,
      1,
      1
     ],
     [
      173,
      1,
      6
     ],
     [
      174,
      1,
      5
     ],
     [
      177,
      1,
      7
     ],
     [
      178,
      62,
      10
     ],
     [
      240,
      1,
      8
     ],
     [
      241,
      2,
      5
     ],
     [
      243,
      14,
      10
     ],
     [
      257,
      1,
      7
     ]
    ],
    "68": [
     [
      57,
      1,
      1
     ],
     [
      61,
      1,
      1
     ],
     [
      62,
      1,
      5
     ],
     [
      63,
      1,
      7
     ],
     [
      64,
      1,
      2
     ],
     [
      84,
      1,
      3
     ],
     [
      85,
      1,
      9
     ],
     [
      88,
      1,
      7
     ],
     [
      89,
      1,
      5
     ],
     [
      90,
      1,
      3
     ],
     [
      94,
      2,
      1
     ],
     [
      155,
      1,
      9
     ],
     [
      156,
      1,
      3
     ],
     [
      158,
      1,
      4
     ],
     [
      159,
      1,
      10
     ],
     [
      160,
      1,
      2
     ],
     [
      163,
      1,
      5
     ],
     [
      171,
      2,
      6
     ],
     [
      175,
      1,
      5
     ],
     [
      176,
      1,
      8
     ],
     [
      177,
      1,
      9
     ],
     [
      178,
      54,
      10
     ],
     [
      232,
      2,
      8
     ],
     [
      234,
      23,
      10
     ],
     [
      257,
      1,
      4
     ]
    ],
    "69": [
     [
      62,
      1,
      2
     ],
     [
      63,
      1,
      10
     ],
     [
      64,
      1,
      3
     ],
     [
      83,
      1,
      2
     ],
     [
      84,
      1,
      9
     ],
     [
      85,
      1,
      10
     ],
     [
      86,
      1,
      6
     ],
     [
      87,
      1,
      3
     ],
     [
      88,
      1,
      5
     ],
     [
      148,
      1,
      3
     ],
     [
      154,
      1,
      3
     ],
     [
      155,
      1,
      9
     ],
     [
      156,
      1,
      7
     ],
     [
      157,
      1,
      4
     ],
     [
      158,
      1,
      8
     ],
     [
      159,
      1,
      7
     ],
     [
      169,
      1,
      2
     ],
     [
      170,
      1,
      6
     ],
     [
      171,
      1,
      10
     ],
     [
      174,
      2,
      6
     ],
     [
      176,
      1,
      3
     ],
     [
      177,
      1,
      6
     ],
     [
      178,
      6,
      10
     ],
     [
      184,
      1,
      2
     ],
     [
      185,
      1,
      4
     ],
     [
      186,
      1,
      8
     ],
     [
      187,
      45,
      10
     ],
     [
      232,
      1,
      1
     ],
     [
      234,
      1,
      6
     ],
     [
      235,
      22,
      10
     ],
     [
      257,
      1,
      2
     ]
    ],
    "70": [
     [
      63,
      1,
      8
     ],
     [
      84,
      1,
      3
     ],
     [
      85,
      1,
      6
     ],
     [
      87,
      1,
      2
     ],
     [
      156,
      1,
      10
     ],
     [
      157,
      1,
      4
     ],
     [
      158,
      2,
      3
     ],
     [
      163,
      1,
      2
     ],
     [
      164,
      1,
      3
     ],
     [
      165,
      1,
      7
     ],
     [
      168,
      1,
      1
     ],
     [
      169,
      1,
      5
     ],
     [
      170,
      1,
      10
     ],
     [
      171,
      1,
      9
     ],
     [
      172,
      1,
      5
     ],
     [
      173,
      1,
      4
     ],
     [
      174,
      1,
      10
     ],
     [
      175,
      1,
      3
     ],
     [
      177,
      1,
      6
     ],
     [
      178,
      4,
      10
     ],
     [
      182,
      1,
      5
     ],
     [
      183,
      1,
      3
     ],
     [
      186,
      1,
      7
     ],
     [
      187,
      1,
      8
     ],
     [
      188,
      44,
      10
     ],
     [
      232,
      1,
      5
     ],
     [
      233,
      1,
      4
     ],
     [
      234,
      23,
      10
     ]
    ],
    "71": [
     [
      63,
      1,
      2
     ],
     [
      84,
      2,
      2
     ],
     [
      156,
      1,
      7
     ],
     [
      157,
      1,
      1
     ],
     [
      159,
      1,
      2
     ],
     [
      162,
      1,
      1
     ],
     [
      163,
      2,
      4
     ],
     [
      165,
      1,
      2
     ],
     [
      168,
      1,
      7
     ],
     [
      169,
      1,
      3
     ],
     [
      170,
      1,
      5
     ],
     [
      171,
      2,
      10
     ],
     [
      173,
      2,
      3
     ],
     [
      175,
      1,
      10
     ],
     [
      176,
      1,
      8
     ],
     [
      177,
      1,
      7
     ],
     [
      178,
      2,
      10
     ],
     [
      180,
      1,
      9
     ],
     [
      181,
      1,
      7
     ],
     [
      182,
      1,
      3
     ],
     [
      184,
      1,
      6
     ],
     [
      185,
      1,
      5
     ],
     [
      188,
      62,
      10
     ],
     [
      250,
      2,
      8
     ],
     [
      252,
      4,
      10
     ],
     [
      256,
      1,
      8
     ]
    ],
    "72": [
     [
      59,
      1,
      2
     ],
     [
      91,
      1,
      3
     ],
     [
      92,
      1,
      9
     ],
     [
      98,
      2,
      2
     ],
     [
      101,
      1,
      2
     ],
     [
      102,
      1,
      7
     ],
     [
      103,
      1,
      4
     ],
     [
      104,
      1,
      2
     ],
     [
      105,
      1,
      5
     ],
     [
      156,
      1,
      8
     ],
     [
      157,
      1,
      5
     ],
     [
      158,
      1,
      7
     ],
     [
      159,
      1,
      8
     ],
     [
      162,
      1,
      6
     ],
     [
      163,
      1,
      4
     ],
     [
      167,
      2,
      1
     ],
     [
      170,
      1,
      2
     ],
     [
      171,
      1,
      7
     ],
     [
      172,
      1,
      6
     ],
     [
      174,
      1,
      1
     ],
     [
      175,
      1,
      10
     ],
     [
      176,
      1,
      4
     ],
     [
      178,
      1,
      5
     ],
     [
      179,
      1,
      10
     ],
     [
      180,
      1,
      6
     ],
     [
      182,
      1,
      3
     ],
     [
      183,
      1,
      10
     ],
     [
      184,
      1,
      9
     ],
     [
      187,
      1,
      6
     ],
     [
      188,
      62,
      10
     ],
     [
      250,
      1,
      1
     ],
     [
      252,
      1,
      6
     ],
     [
      253,
      3,
      10
     ],
     [
      256,
      1,
      6
     ]
    ],
    "73": [
     [
      59,
      1,
      7
     ],
     [
      60,
      1,
      2
     ],
     [
      90,
      1,
      3
     ],
     [
      91,
      2,
      10
     ],
     [
      93,
      1,
      5
     ],
     [
      94,
      1,
      3
     ],
     [
      95,
      1,
      5
     ],
     [
      98,
      2,
      3
     ],
     [
      101,
      1,
      7
     ],
     [
      102,
      1,
      10
     ],
     [
      103,
      1,
      4
     ],
     [
      105,
      1,
      1
     ],
     [
      106,
      1,
      6
     ],
     [
      107,
      1,
      2
     ],
     [
      110,
      1,
      1
     ],
     [
      111,
      1,
      4
     ],
     [
      153,
      1,
      2
     ],
     [
      159,
      1,
      4
     ],
     [
      160,
      1,
      5
     ],
     [
      161,
      1,
      4
     ],
     [
      162,
      1,
      3
     ],
     [
      163,
      1,
      2
     ],
     [
      164,
      1,
      4
     ],
     [
      165,
      1,
      6
     ],
     [
      169,
      1,
      9
     ],
     [
      170,
      1,
      2
     ],
     [
      172,
      1,
      5
     ],
     [
      173,
      1,
      10
     ],
     [
      174,
      1,
      6
     ],
     [
      175,
      1,
      9
     ],
     [
      176,
      1,
      7
     ],
     [
      177,
      1,
      3
     ],
     [
      178,
      1,
      8
     ],
     [
      179,
      1,
      10
     ],
     [
      180,
      1,
      8
     ],
     [
      181,
      2,
      5
     ],
     [
      183,
      1,
      10
     ],
     [
      184,
      1,
      9
     ],
     [
      185,
      1,
      5
     ],
     [
      186,
      1,
      4
     ],
     [
      187,
      63,
      10
     ],
     [
      250,
      1,
      5
     ],
     [
      251,
      1,
      4
     ],
     [
      252,
      4,
      10
     ],
     [
      256,
      1,
      3
     ]
    ],
    "74": [
     [
      60,
      1,
      6
     ],
     [
      61,
      1,
      10
     ],
     [
      62,
      1,
      4
     ],
     [
      64,
      2,
      1
     ],
     [
      90,
      1,
      1
     ],
     [
      91,
      1,
      4
     ],
     [
      92,
      1,
      10
     ],
     [
      93,
      1,
      8
     ],
     [
      94,
      1,
      7
     ],
     [
      95,
      1,
      9
     ],
     [
      96,
      1,
      5
     ],
     [
      97,
      2,
      2
     ],
     [
      101,
      1,
      7
     ],
     [
      102,
      1,
      6
     ],
     [
      150,
      2,
      1
     ],
     [
      152,
      1,
      4
     ],
     [
      153,
      1,
      9
     ],
     [
      154,
      1,
      5
     ],
     [
      163,
      1,
      3
     ],
     [
      164,
      1,
      10
     ],
     [
      165,
      1,
      1
     ],
     [
      168,
      1,
      10
     ],
     [
      169,
      1,
      4
     ],
     [
      171,
      1,
      2
     ],
     [
      172,
      1,
      8
     ],
     [
      173,
      1,
      2
     ],
     [
      175,
      1,
      1
     ],
     [
      176,
      1,
      9
     ],
     [
      177,
      1,
      7
     ],
     [
      178,
      1,
      9
     ],
     [
      179,
      2,
      10
     ],
     [
      181,
      1,
      7
     ],
     [
      182,
      1,
      3
     ],
     [
      183,
      1,
      6
     ],
     [
      184,
      2,
      10
     ],
     [
      186,
      2,
      3
     ],
     [
      188,
      2,
      10
     ],
     [
      190,
      1,
      4
     ],
     [
      191,
      1,
      3
     ],
     [
      192,
      1,
      8
     ],
     [
      193,
      18,
      10
     ],
     [
      211,
      1,
      7
     ],
     [
      212,
      1,
      3
     ],
     [
      213,
      1,
      4
     ],
     [
      214,
      27,
      10
     ],
     [
      241,
      1,
      9
     ],
     [
      242,
      1,
      8
     ],
     [
      243,
      1,
      9
     ],
     [
      244,
      12,
      10
     ],
     [
      256,
      1,
      2
     ]
    ],
    "75": [
     [
      59,
      1,
      2
     ],
     [
      60,
      5,
      10
     ],
     [
      65,
      1,
      1
     ],
     [
      91,
      1,
      3
     ],
     [
      92,
      1,
      10
     ],
     [
      93,
      1,
      1
     ],
     [
      95,
      2,
      7
     ],
     [
      97,
      1,
      1
     ],
     [
      99,
      1,
      4
     ],
     [
      100,
      2,
      8
     ],
     [
      102,
      1,
      9
     ],
     [
      111,
      1,
      5
     ],
     [
      112,
      1,
      6
     ],
     [
      113,
      1,
      2
     ],
     [
      150,
      2,
      1
     ],
     [
      153,
      1,
      3
     ],
     [
      154,
      1,
      1
     ],
     [
      158,
      1,
      4
     ],
     [
      159,
      1,
      6
     ],
     [
      160,
      1,
      7
     ],
     [
      161,
      1,
      5
     ],
     [
      162,
      1,
      6
     ],
     [
      163,
      1,
      9
     ],
     [
      164,
      1,
      10
     ],
     [
      165,
      1,
      5
     ],
     [
      166,
      1,
      4
     ],
     [
      167,
      1,
      6
     ],
     [
      168,
      1,
      9
     ],
     [
      169,
      1,
      7
     ],
     [
      170,
      1,
      5
     ],
     [
      171,
      2,
      8
     ],
     [
      175,
      1,
      6
     ],
     [
      176,
      1,
      4
     ],
     [
      178,
      1,
      4
     ],
     [
      179,
      1,
      10
     ],
     [
      180,
      1,
      2
     ],
     [
      181,
      1,
      1
     ],
     [
      183,
      1,
      4
     ],
     [
      184,
      1,
      10
     ],
     [
      185,
      1,
      7
     ],
     [
      187,
      1,
      1
     ],
     [
      188,
      2,
      10
     ],
     [
      192,
      1,
      8
     ],
     [
      193,
      18,
      10
     ],
     [
      211,
      1,
      6
     ],
     [
      213,
      1,
      3
     ],
     [
      214,
      27,
      10
     ],
     [
      241,
      1,
      7
     ],
     [
      243,
      1,
      3
     ],
     [
      244,
      12,
      10
     ]
    ],
    "76": [
     [
      54,
      1,
      2
     ],
     [
      56,
      1,
      4
     ],
     [
      57,
      1,
      5
     ],
     [
      58,
      1,
      1
     ],
     [
      59,
      1,
      7
     ],
     [
      60,
      2,
      10
     ],
     [
      62,
      1,
      7
     ],
     [
      63,
      1,
      1
     ],
     [
      64,
      2,
      5
     ],
     [
      66,
      1,
      2
     ],
     [
      67,
      1,
      4
     ],
     [
      89,
      1,
      4
     ],
     [
      90,
      3,
      10
     ],
     [
      93,
      1,
      6
     ],
     [
      94,
      1,
      2
     ],
     [
      95,
      1,
      5
     ],
     [
      96,
      1,
      2
     ],
     [
      99,
      1,
      1
     ],
     [
      102,
      1,
      4
     ],
     [
      111,
      1,
      9
     ],
     [
      112,
      1,
      10
     ],
     [
      156,
      1,
      2
     ],
     [
      157,
      1,
      4
     ],
     [
      160,
      1,
      6
     ],
     [
      161,
      1,
      7
     ],
     [
      162,
      1,
      8
     ],
     [
      163,
      3,
      10
     ],
     [
      166,
      1,
      6
     ],
     [
      169,
      1,
      10
     ],
     [
      170,
      1,
      4
     ],
     [
      171,
      1,
      3
     ],
     [
      172,
      1,
      7
     ],
     [
      173,
      1,
      10
     ],
     [
      174,
      1,
      4
     ],
     [
      175,
      1,
      3
     ],
     [
      176,
      1,
      2
     ],
     [
      177,
      1,
      4
     ],
     [
      178,
      2,
      6
     ],
     [
      182,
      1,
      9
     ],
     [
      183,
      1,
      7
     ],
     [
      184,
      3,
      10
     ],
     [
      187,
      1,
      9
     ],
     [
      188,
      3,
      10
     ],
     [
      191,
      1,
      9
     ],
     [
      192,
      7,
      10
     ],
     [
      199,
      1,
      9
     ],
     [
      200,
      1,
      8
     ],
     [
      201,
      1,
      9
     ],
     [
      202,
      11,
      10
     ],
     [
      213,
      1,
      9
     ],
     [
      214,
      27,
      10
     ],
     [
      241,
      1,
      9
     ],
     [
      242,
      2,
      5
     ],
     [
      244,
      11,
      10
     ],
     [
      255,
      1,
      7
     ]
    ],
    "77": [
     [
      53,
      1,
      1
     ],
     [
      54,
      1,
      6
     ],
     [
      56,
      1,
      3
     ],
     [
      57,
      1,
      8
     ],
     [
      58,
      1,
      2
     ],
     [
      60,
      1,
      7
     ],
     [
      61,
      1,
      10
     ],
     [
      62,
      1,
      6
     ],
     [
      64,
      1,
      3
     ],
     [
      65,
      1,
      8
     ],
     [
      68,
      1,
      4
     ],
     [
      69,
      1,
      2
     ],
     [
      89,
      1,
      9
     ],
     [
      90,
      1,
      7
     ],
     [
      91,
      2,
      10
     ],
     [
      93,
      1,
      8
     ],
     [
      111,
      1,
      5
     ],
     [
      112,
      2,
      10
     ],
     [
      114,
      1,
      7
     ],
     [
      156,
      2,
      1
     ],
     [
      160,
      1,
      6
     ],
     [
      163,
      1,
      5
     ],
     [
      164,
      2,
      3
     ],
     [
      169,
      1,
      6
     ],
     [
      170,
      1,
      2
     ],
     [
      172,
      1,
      7
     ],
     [
      173,
      1,
      8
     ],
     [
      176,
      1,
      3
     ],
     [
      177,
      1,
      10
     ],
     [
      178,
      1,
      1
     ],
     [
      180,
      1,
      6
     ],
     [
      181,
      1,
      10
     ],
     [
      182,
      1,
      4
     ],
     [
      184,
      1,
      4
     ],
     [
      185,
      14,
      10
     ],
     [
      199,
      1,
      7
     ],
     [
      201,
      1,
      3
     ],
     [
      202,
      31,
      10
     ],
     [
      233,
      2,
      8
     ],
     [
      235,
      20,
      10
     ],
     [
      255,
      1,
      6
     ]
    ],
    "78": [
     [
      53,
      1,
      1
     ],
     [
      54,
      1,
      5
     ],
     [
      55,
      1,
      4
     ],
     [
      56,
      2,
      3
     ],
     [
      59,
      1,
      3
     ],
     [
      60,
      5,
      10
     ],
     [
      65,
      1,
      1
     ],
     [
      67,
      1,
      3
     ],
     [
      68,
      1,
      7
     ],
     [
      69,
      1,
      2
     ],
     [
      83,
      1,
      4
     ],
     [
      84,
      1,
      2
     ],
     [
      85,
      1,
      6
     ],
     [
      88,
      1,
      9
     ],
     [
      89,
      1,
      6
     ],
     [
      91,
      1,
      3
     ],
     [
      92,
      1,
      8
     ],
     [
      93,
      1,
      2
     ],
     [
      109,
      1,
      2
     ],
     [
      113,
      1,
      7
     ],
     [
      155,
      1,
      1
     ],
     [
      169,
      1,
      7
     ],
     [
      172,
      1,
      6
     ],
     [
      173,
      1,
      9
     ],
     [
      174,
      1,
      5
     ],
     [
      175,
      1,
      6
     ],
     [
      176,
      1,
      9
     ],
     [
      177,
      1,
      10
     ],
     [
      178,
      1,
      5
     ],
     [
      179,
      1,
      4
     ],
     [
      180,
      1,
      7
     ],
     [
      181,
      1,
      9
     ],
     [
      182,
      1,
      7
     ],
     [
      183,
      1,
      5
     ],
     [
      184,
      1,
      8
     ],
     [
      185,
      14,
      10
     ],
     [
      199,
      1,
      9
     ],
     [
      200,
      2,
      5
     ],
     [
      202,
      31,
      10
     ],
     [
      233,
      1,
      1
     ],
     [
      235,
      1,
      6
     ],
     [
      236,
      19,
      10
     ],
     [
      255,
      1,
      4
     ]
    ],
    "79": [
     [
      54,
      1,
      8
     ],
     [
      55,
      1,
      4
     ],
     [
      57,
      1,
      2
     ],
     [
      58,
      1,
      4
     ],
     [
      59,
      1,
      1
     ],
     [
      60,
      1,
      3
     ],
     [
      61,
      1,
      8
     ],
     [
      62,
      3,
      10
     ],
     [
      65,
      1,
      5
     ],
     [
      66,
      1,
      2
     ],
     [
      67,
      1,
      7
     ],
     [
      68,
      1,
      4
     ],
     [
      77,
      1,
      2
     ],
     [
      78,
      1,
      3
     ],
     [
      79,
      1,
      1
     ],
     [
      81,
      1,
      7
     ],
     [
      82,
      1,
      9
     ],
     [
      83,
      1,
      4
     ],
     [
      85,
      1,
      3
     ],
     [
      86,
      1,
      10
     ],
     [
      87,
      1,
      2
     ],
     [
      88,
      1,
      3
     ],
     [
      89,
      1,
      5
     ],
     [
      90,
      3,
      3
     ],
     [
      109,
      1,
      2
     ],
     [
      112,
      1,
      2
     ],
     [
      113,
      1,
      10
     ],
     [
      114,
      1,
      5
     ],
     [
      154,
      1,
      2
     ],
     [
      155,
      1,
      9
     ],
     [
      156,
      1,
      10
     ],
     [
      157,
      1,
      3
     ],
     [
      158,
      1,
      2
     ],
     [
      165,
      1,
      5
     ],
     [
      166,
      1,
      8
     ],
     [
      169,
      1,
      8
     ],
     [
      173,
      2,
      6
     ],
     [
      175,
      1,
      8
     ],
     [
      176,
      3,
      10
     ],
     [
      179,
      1,
      8
     ],
     [
      182,
      5,
      10
     ],
     [
      187,
      1,
      7
     ],
     [
      188,
      1,
      3
     ],
     [
      189,
      1,
      4
     ],
     [
      190,
      43,
      10
     ],
     [
      233,
      1,
      5
     ],
     [
      234,
      1,
      4
     ],
     [
      235,
      13,
      10
     ],
     [
      248,
      1,
      7
     ],
     [
      249,
      1,
      2
     ],
     [
      250,
      1,
      5
     ],
     [
      251,
      4,
      10
     ],
     [
      255,
      1,
      1
     ]
    ],
    "80": [
     [
      53,
      1,
      1
     ],
     [
      54,
      1,
      6
     ],
     [
      56,
      1,
      2
     ],
     [
      57,
      2,
      4
     ],
     [
      61,
      1,
      8
     ],
     [
      62,
      1,
      2
     ],
     [
      63,
      1,
      3
     ],
     [
      64,
      1,
      10
     ],
     [
      65,
      1,
      8
     ],
     [
      68,
      1,
      7
     ],
     [
      77,
      1,
      3
     ],
     [
      78,
      1,
      10
     ],
     [
      81,
      1,
      8
     ],
     [
      82,
      1,
      6
     ],
     [
      85,
      1,
      2
     ],
     [
      86,
      1,
      4
     ],
     [
      90,
      1,
      1
     ],
     [
      109,
      1,
      7
     ],
     [
      110,
      1,
      3
     ],
     [
      111,
      1,
      2
     ],
     [
      112,
      1,
      9
     ],
     [
      113,
      2,
      10
     ],
     [
      156,
      4,
      10
     ],
     [
      160,
      1,
      9
     ],
     [
      163,
      1,
      1
     ],
     [
      164,
      1,
      4
     ],
     [
      165,
      1,
      7
     ],
     [
      166,
      1,
      9
     ],
     [
      167,
      1,
      5
     ],
     [
      168,
      1,
      4
     ],
     [
      169,
      1,
      6
     ],
     [
      173,
      1,
      1
     ],
     [
      176,
      3,
      10
     ],
     [
      179,
      1,
      9
     ],
     [
      180,
      2,
      5
     ],
     [
      182,
      5,
      10
     ],
     [
      187,
      1,
      6
     ],
     [
      189,
      1,
      3
     ],
     [
      190,
      34,
      10
     ],
     [
      224,
      1,
      9
     ],
     [
      225,
      1,
      7
     ],
     [
      226,
      22,
      10
     ],
     [
      248,
      1,
      5
     ],
     [
      252,
      1,
      5
     ],
     [
      253,
      2,
      10
     ]
    ],
    "81": [
     [
      53,
      2,
      8
     ],
     [
      55,
      1,
      4
     ],
     [
      56,
      1,
      2
     ],
     [
      57,
      1,
      3
     ],
     [
      60,
      1,
      8
     ],
     [
      61,
      1,
      2
     ],
     [
      63,
      1,
      3
     ],
     [
      64,
      1,
      10
     ],
     [
      65,
      1,
      2
     ],
     [
      67,
      1,
      3
     ],
     [
      68,
      1,
      10
     ],
     [
      69,
      1,
      7
     ],
     [
      70,
      1,
      6
     ],
     [
      71,
      1,
      5
     ],
     [
      72,
      1,
      1
     ],
     [
      77,
      1,
      1
     ],
     [
      78,
      1,
      6
     ],
     [
      79,
      1,
      10
     ],
     [
      80,
      2,
      3
     ],
     [
      82,
      1,
      1
     ],
     [
      109,
      1,
      3
     ],
     [
      110,
      1,
      9
     ],
     [
      111,
      3,
      10
     ],
     [
      114,
      1,
      8
     ],
     [
      117,
      1,
      2
     ],
     [
      130,
      1,
      1
     ],
     [
      147,
      1,
      5
     ],
     [
      148,
      1,
      3
     ],
     [
      154,
      1,
      2
     ],
     [
      155,
      1,
      1
     ],
     [
      156,
      1,
      2
     ],
     [
      157,
      1,
      10
     ],
     [
      158,
      1,
      9
     ],
     [
      159,
      1,
      7
     ],
     [
      160,
      1,
      6
     ],
     [
      163,
      1,
      10
     ],
     [
      164,
      1,
      4
     ],
     [
      166,
      1,
      5
     ],
     [
      167,
      1,
      10
     ],
     [
      168,
      1,
      2
     ],
     [
      169,
      1,
      1
     ],
     [
      175,
      1,
      1
     ],
     [
      176,
      4,
      10
     ],
     [
      180,
      1,
      7
     ],
     [
      181,
      1,
      9
     ],
     [
      182,
      7,
      10
     ],
     [
      189,
      1,
      9
     ],
     [
      190,
      34,
      10
     ],
     [
      224,
      1,
      7
     ],
     [
      226,
      1,
      3
     ],
     [
      227,
      22,
      10
     ],
     [
      251,
      1,
      1
     ],
     [
      252,
      1,
      4
     ],
     [
      253,
      1,
      10
     ],
     [
      254,
      1,
      7
     ]
    ],
    "82": [
     [
      52,
      1,
      1
     ],
     [
      53,
      1,
      8
     ],
     [
      54,
      1,
      9
     ],
     [
      55,
      1,
      4
     ],
     [
      57,
      1,
      2
     ],
     [
      58,
      1,
      4
     ],
     [
      60,
      1,
      2
     ],
     [
      62,
      1,
      1
     ],
     [
      63,
      1,
      7
     ],
     [
      64,
      1,
      9
     ],
     [
      65,
      1,
      6
     ],
     [
      66,
      1,
      2
     ],
     [
      67,
      1,
      7
     ],
     [
      68,
      1,
      9
     ],
     [
      69,
      3,
      10
     ],
     [
      72,
      1,
      1
     ],
     [
      74,
      1,
      3
     ],
     [
      75,
      1,
      7
     ],
     [
      76,
      1,
      2
     ],
     [
      78,
      1,
      3
     ],
     [
      79,
      1,
      4
     ],
     [
      110,
      2,
      4
     ],
     [
      112,
      1,
      1
     ],
     [
      113,
      1,
      5
     ],
     [
      114,
      1,
      10
     ],
     [
      115,
      1,
      8
     ],
     [
      116,
      1,
      6
     ],
     [
      117,
      1,
      3
     ],
     [
      130,
      1,
      2
     ],
     [
      131,
      1,
      1
     ],
     [
      148,
      1,
      4
     ],
     [
      149,
      1,
      7
     ],
     [
      150,
      1,
      2
     ],
     [
      154,
      1,
      2
     ],
     [
      157,
      1,
      10
     ],
     [
      158,
      1,
      4
     ],
     [
      160,
      1,
      5
     ],
     [
      161,
      1,
      10
     ],
     [
      162,
      1,
      9
     ],
     [
      163,
      1,
      10
     ],
     [
      164,
      1,
      7
     ],
     [
      165,
      1,
      3
     ],
     [
      166,
      1,
      8
     ],
     [
      167,
      1,
      7
     ],
     [
      169,
      1,
      1
     ],
     [
      170,
      1,
      2
     ],
     [
      171,
      1,
      5
     ],
     [
      175,
      1,
      2
     ],
     [
      176,
      1,
      10
     ],
     [
      177,
      1,
      5
     ],
     [
      178,
      1,
      6
     ],
     [
      179,
      1,
      10
     ],
     [
      182,
      42,
      10
     ],
     [
      224,
      1,
      9
     ],
     [
      225,
      2,
      5
     ],
     [
      227,
      22,
      10
     ],
     [
      249,
      2,
      7
     ],
     [
      251,
      3,
      10
     ],
     [
      254,
      1,
      7
     ]
    ],
    "83": [
     [
      41,
      2,
      2
     ],
     [
      53,
      1,
      8
     ],
     [
      54,
      1,
      6
     ],
     [
      56,
      1,
      2
     ],
     [
      57,
      1,
      6
     ],
     [
      58,
      1,
      4
     ],
     [
      61,
      1,
      9
     ],
     [
      62,
      1,
      5
     ],
     [
      64,
      1,
      4
     ],
     [
      65,
      1,
      8
     ],
     [
      66,
      1,
      1
     ],
     [
      68,
      1,
      7
     ],
     [
      69,
      3,
      10
     ],
     [
      72,
      1,
      5
     ],
     [
      73,
      1,
      4
     ],
     [
      74,
      1,
      7
     ],
     [
      77,
      2,
      10
     ],
     [
      79,
      1,
      2
     ],
     [
      81,
      1,
      7
     ],
     [
      82,
      1,
      5
     ],
     [
      84,
      2,
      2
     ],
     [
      86,
      1,
      1
     ],
     [
      113,
      1,
      2
     ],
     [
      114,
      1,
      7
     ],
     [
      117,
      1,
      5
     ],
     [
      118,
      1,
      2
     ],
     [
      156,
      2,
      10
     ],
     [
      158,
      1,
      8
     ],
     [
      159,
      1,
      5
     ],
     [
      160,
      1,
      8
     ],
     [
      161,
      1,
      2
     ],
     [
      162,
      1,
      4
     ],
     [
      163,
      2,
      9
     ],
     [
      165,
      1,
      4
     ],
     [
      166,
      1,
      2
     ],
     [
      167,
      1,
      8
     ],
     [
      168,
      1,
      10
     ],
     [
      169,
      1,
      6
     ],
     [
      170,
      1,
      9
     ],
     [
      171,
      1,
      10
     ],
     [
      172,
      2,
      3
     ],
     [
      176,
      1,
      8
     ],
     [
      179,
      1,
      9
     ],
     [
      180,
      1,
      5
     ],
     [
      181,
      1,
      4
     ],
     [
      182,
      34,
      10
     ],
     [
      216,
      2,
      8
     ],
     [
      218,
      36,
      10
     ],
     [
      254,
      1,
      3
     ]
    ],
    "84": [
     [
      52,
      1,
      7
     ],
     [
      53,
      1,
      10
     ],
     [
      54,
      1,
      8
     ],
     [
      55,
      1,
      4
     ],
     [
      56,
      1,
      2
     ],
     [
      57,
      1,
      8
     ],
     [
      60,
      1,
      8
     ],
     [
      61,
      1,
      3
     ],
     [
      62,
      1,
      1
     ],
     [
      63,
      1,
      5
     ],
     [
      64,
      1,
      4
     ],
     [
      65,
      1,
      3
     ],
     [
      67,
      1,
      3
     ],
     [
      68,
      1,
      8
     ],
     [
      69,
      2,
      3
     ],
     [
      71,
      1,
      10
     ],
     [
      72,
      2,
      8
     ],
     [
      74,
      1,
      9
     ],
     [
      75,
      1,
      5
     ],
     [
      76,
      2,
      2
     ],
     [
      78,
      1,
      5
     ],
     [
      79,
      1,
      10
     ],
     [
      80,
      1,
      8
     ],
     [
      81,
      1,
      7
     ],
     [
      82,
      1,
      9
     ],
     [
      83,
      1,
      4
     ],
     [
      85,
      1,
      2
     ],
     [
      88,
      1,
      8
     ],
     [
      89,
      1,
      5
     ],
     [
      91,
      1,
      2
     ],
     [
      92,
      1,
      5
     ],
     [
      93,
      1,
      3
     ],
     [
      96,
      1,
      4
     ],
     [
      97,
      1,
      1
     ],
     [
      99,
      1,
      2
     ],
     [
      100,
      1,
      4
     ],
     [
      117,
      1,
      4
     ],
     [
      118,
      1,
      1
     ],
     [
      148,
      1,
      2
     ],
     [
      149,
      2,
      5
     ],
     [
      151,
      1,
      8
     ],
     [
      152,
      1,
      1
     ],
     [
      154,
      1,
      2
     ],
     [
      155,
      1,
      6
     ],
     [
      156,
      1,
      9
     ],
     [
      157,
      3,
      10
     ],
     [
      160,
      1,
      3
     ],
     [
      163,
      1,
      3
     ],
     [
      164,
      1,
      4
     ],
     [
      167,
      1,
      7
     ],
     [
      168,
      1,
      2
     ],
     [
      170,
      1,
      1
     ],
     [
      171,
      1,
      9
     ],
     [
      172,
      1,
      7
     ],
     [
      173,
      1,
      6
     ],
     [
      176,
      1,
      7
     ],
     [
      177,
      1,
      1
     ],
     [
      179,
      1,
      5
     ],
     [
      180,
      5,
      10
     ],
     [
      185,
      1,
      4
     ],
     [
      186,
      1,
      3
     ],
     [
      187,
      1,
      8
     ],
     [
      188,
      25,
      10
     ],
     [
      213,
      2,
      6
     ],
     [
      215,
      1,
      9
     ],
     [
      216,
      1,
      1
     ],
     [
      218,
      1,
      6
     ],
     [
      219,
      35,
      10
     ],
     [
      254,
      1,
      1
     ]
    ],
    "85": [
     [
      52,
      1,
      3
     ],
     [
      53,
      1,
      8
     ],
     [
      54,
      1,
      10
     ],
     [
      55,
      1,
      4
     ],
     [
      57,
      1,
      3
     ],
     [
      58,
      1,
      10
     ],
     [
      59,
      1,
      9
     ],
     [
      60,
      1,
      7
     ],
     [
      62,
      1,
      1
     ],
     [
      63,
      1,
      7
     ],
     [
      64,
      1,
      3
     ],
     [
      67,
      1,
      1
     ],
     [
      68,
      1,
      2
     ],
     [
      70,
      1,
      3
     ],
     [
      71,
      1,
      10
     ],
     [
      72,
      1,
      2
     ],
     [
      74,
      1,
      6
     ],
     [
      75,
      1,
      7
     ],
     [
      76,
      1,
      2
     ],
     [
      78,
      1,
      3
     ],
     [
      79,
      1,
      10
     ],
     [
      80,
      1,
      1
     ],
     [
      82,
      1,
      7
     ],
     [
      83,
      1,
      6
     ],
     [
      86,
      1,
      4
     ],
     [
      87,
      2,
      3
     ],
     [
      89,
      1,
      6
     ],
     [
      90,
      1,
      4
     ],
     [
      91,
      1,
      6
     ],
     [
      92,
      1,
      10
     ],
     [
      96,
      1,
      2
     ],
     [
      97,
      1,
      6
     ],
     [
      98,
      1,
      4
     ],
     [
      99,
      1,
      2
     ],
     [
      100,
      1,
      4
     ],
     [
      103,
      1,
      3
     ],
     [
      104,
      1,
      1
     ],
     [
      150,
      1,
      5
     ],
     [
      151,
      3,
      10
     ],
     [
      154,
      1,
      7
     ],
     [
      157,
      1,
      7
     ],
     [
      158,
      1,
      1
     ],
     [
      159,
      1,
      4
     ],
     [
      163,
      1,
      4
     ],
     [
      164,
      1,
      2
     ],
     [
      167,
      1,
      7
     ],
     [
      170,
      1,
      2
     ],
     [
      171,
      1,
      3
     ],
     [
      173,
      1,
      5
     ],
     [
      174,
      1,
      10
     ],
     [
      175,
      1,
      1
     ],
     [
      176,
      1,
      2
     ],
     [
      177,
      1,
      7
     ],
     [
      178,
      1,
      3
     ],
     [
      179,
      1,
      8
     ],
     [
      180,
      5,
      10
     ],
     [
      187,
      1,
      8
     ],
     [
      188,
      25,
      10
     ],
     [
      215,
      1,
      2
     ],
     [
      217,
      1,
      2
     ],
     [
      218,
      36,
      10
     ]
    ],
    "86": [
     [
      53,
      1,
      7
     ],
     [
      54,
      1,
      6
     ],
     [
      56,
      1,
      2
     ],
     [
      57,
      2,
      5
     ],
     [
      59,
      1,
      3
     ],
     [
      60,
      1,
      8
     ],
     [
      61,
      1,
      9
     ],
     [
      62,
      1,
      4
     ],
     [
      64,
      1,
      2
     ],
     [
      65,
      1,
      4
     ],
     [
      69,
      1,
      8
     ],
     [
      70,
      1,
      1
     ],
     [
      71,
      1,
      3
     ],
     [
      72,
      1,
      5
     ],
     [
      73,
      1,
      4
     ],
     [
      74,
      1,
      10
     ],
     [
      75,
      1,
      7
     ],
     [
      77,
      1,
      3
     ],
     [
      78,
      2,
      10
     ],
     [
      80,
      1,
      6
     ],
     [
      81,
      1,
      4
     ],
     [
      82,
      1,
      10
     ],
     [
      83,
      1,
      6
     ],
     [
      85,
      1,
      3
     ],
     [
      86,
      1,
      10
     ],
     [
      87,
      1,
      1
     ],
     [
      90,
      1,
      1
     ],
     [
      91,
      1,
      3
     ],
     [
      92,
      1,
      5
     ],
     [
      93,
      1,
      7
     ],
     [
      97,
      1,
      9
     ],
     [
      98,
      1,
      6
     ],
     [
      102,
      1,
      8
     ],
     [
      103,
      1,
      3
     ],
     [
      104,
      1,
      1
     ],
     [
      105,
      1,
      5
     ],
     [
      106,
      1,
      1
     ],
     [
      151,
      1,
      2
     ],
     [
      152,
      1,
      5
     ],
     [
      153,
      1,
      3
     ],
     [
      156,
      1,
      5
     ],
     [
      157,
      1,
      6
     ],
     [
      164,
      1,
      8
     ],
     [
      165,
      1,
      1
     ],
     [
      167,
      1,
      7
     ],
     [
      168,
      1,
      4
     ],
     [
      173,
      1,
      4
     ],
     [
      174,
      1,
      2
     ],
     [
      177,
      1,
      9
     ],
     [
      178,
      1,
      4
     ],
     [
      179,
      1,
      2
     ],
     [
      180,
      1,
      8
     ],
     [
      181,
      1,
      10
     ],
     [
      182,
      1,
      7
     ],
     [
      183,
      1,
      9
     ],
     [
      184,
      2,
      10
     ],
     [
      186,
      1,
      9
     ],
     [
      187,
      26,
      10
     ],
     [
      213,
      2,
      7
     ],
     [
      217,
      1,
      9
     ],
     [
      218,
      35,
      10
     ],
     [
      253,
      1,
      7
     ]
    ],
    "87": [
     [
      52,
      1,
      4
     ],
     [
      53,
      1,
      8
     ],
     [
      54,
      1,
      9
     ],
     [
      55,
      1,
      4
     ],
     [
      56,
      1,
      2
     ],
     [
      57,
      1,
      8
     ],
     [
      60,
      1,
      8
     ],
     [
      61,
      1,
      7
     ],
     [
      63,
      1,
      2
     ],
     [
      64,
      1,
      3
     ],
     [
      65,
      1,
      8
     ],
     [
      68,
      1,
      8
     ],
     [
      69,
      1,
      5
     ],
     [
      71,
      1,
      2
     ],
     [
      72,
      1,
      6
     ],
     [
      73,
      2,
      3
     ],
     [
      75,
      1,
      8
     ],
     [
      76,
      1,
      10
     ],
     [
      77,
      1,
      9
     ],
     [
      78,
      2,
      10
     ],
     [
      80,
      1,
      8
     ],
     [
      81,
      1,
      7
     ],
     [
      82,
      3,
      10
     ],
     [
      85,
      2,
      4
     ],
     [
      87,
      1,
      7
     ],
     [
      88,
      1,
      10
     ],
     [
      89,
      1,
      2
     ],
     [
      92,
      1,
      3
     ],
     [
      93,
      1,
      8
     ],
     [
      94,
      1,
      7
     ],
     [
      95,
      1,
      9
     ],
     [
      96,
      1,
      2
     ],
     [
      97,
      1,
      1
     ],
     [
      98,
      1,
      5
     ],
     [
      99,
      1,
      6
     ],
     [
      100,
      1,
      7
     ],
     [
      101,
      1,
      9
     ],
     [
      102,
      1,
      7
     ],
     [
      104,
      1,
      1
     ],
     [
      105,
      1,
      10
     ],
     [
      106,
      1,
      3
     ],
     [
      109,
      1,
      9
     ],
     [
      110,
      2,
      7
     ],
     [
      112,
      2,
      10
     ],
     [
      114,
      2,
      7
     ],
     [
      116,
      1,
      5
     ],
     [
      151,
      2,
      1
     ],
     [
      154,
      1,
      2
     ],
     [
      156,
      1,
      9
     ],
     [
      157,
      1,
      3
     ],
     [
      160,
      1,
      4
     ],
     [
      163,
      1,
      4
     ],
     [
      164,
      1,
      5
     ],
     [
      165,
      1,
      1
     ],
     [
      176,
      2,
      1
     ],
     [
      180,
      1,
      7
     ],
     [
      181,
      1,
      2
     ],
     [
      184,
      1,
      2
     ],
     [
      185,
      1,
      7
     ],
     [
      186,
      1,
      9
     ],
     [
      187,
      29,
      10
     ],
     [
      216,
      1,
      7
     ],
     [
      217,
      36,
      10
     ],
     [
      253,
      1,
      5
     ]
    ],
    "88": [
     [
      50,
      1,
      1
     ],
     [
      51,
      1,
      5
     ],
     [
      54,
      1,
      7
     ],
     [
      55,
      1,
      4
     ],
     [
      57,
      1,
      2
     ],
     [
      58,
      1,
      10
     ],
     [
      59,
      1,
      9
     ],
     [
      60,
      1,
      10
     ],
     [
      61,
      1,
      8
     ],
     [
      62,
      2,
      5
     ],
     [
      64,
      1,
      4
     ],
     [
      66,
      1,
      5
     ],
     [
      67,
      1,
      9
     ],
     [
      68,
      1,
      2
     ],
     [
      75,
      1,
      8
     ],
     [
      76,
      2,
      3
     ],
     [
      78,
      2,
      10
     ],
     [
      80,
      1,
      1
     ],
     [
      82,
      2,
      7
     ],
     [
      84,
      1,
      2
     ],
     [
      85,
      1,
      1
     ],
     [
      87,
      1,
      7
     ],
     [
      88,
      1,
      10
     ],
     [
      89,
      1,
      5
     ],
     [
      92,
      1,
      2
     ],
     [
      93,
      1,
      5
     ],
     [
      94,
      2,
      10
     ],
     [
      96,
      1,
      2
     ],
     [
      98,
      1,
      2
     ],
     [
      99,
      5,
      10
     ],
     [
      104,
      1,
      9
     ],
     [
      105,
      1,
      10
     ],
     [
      106,
      1,
      6
     ],
     [
      107,
      1,
      4
     ],
     [
      108,
      1,
      7
     ],
     [
      109,
      8,
      10
     ],
     [
      117,
      2,
      7
     ],
     [
      119,
      1,
      5
     ],
     [
      120,
      1,
      4
     ],
     [
      153,
      1,
      5
     ],
     [
      154,
      1,
      4
     ],
     [
      157,
      1,
      8
     ],
     [
      158,
      1,
      3
     ],
     [
      161,
      1,
      3
     ],
     [
      163,
      1,
      2
     ],
     [
      180,
      1,
      2
     ],
     [
      186,
      1,
      5
     ],
     [
      187,
      1,
      10
     ],
     [
      188,
      1,
      7
     ],
     [
      189,
      1,
      9
     ],
     [
      190,
      23,
      10
     ],
     [
      213,
      1,
      9
     ],
     [
      214,
      1,
      8
     ],
     [
      215,
      1,
      9
     ],
     [
      216,
      1,
      8
     ],
     [
      217,
      1,
      6
     ],
     [
      218,
      1,
      8
     ],
     [
      219,
      30,
      10
     ],
     [
      249,
      1,
      7
     ],
     [
      250,
      1,
      3
     ],
     [
      251,
      1,
      4
     ],
     [
      252,
      1,
      10
     ],
     [
      253,
      1,
      3
     ]
    ],
    "89": [
     [
      49,
      1,
      3
     ],
     [
      50,
      1,
      10
     ],
     [
      51,
      1,
      1
     ],
     [
      53,
      1,
      2
     ],
     [
      54,
      1,
      5
     ],
     [
      56,
      1,
      1
     ],
     [
      57,
      1,
      6
     ],
     [
      58,
      1,
      5
     ],
     [
      59,
      1,
      3
     ],
     [
      60,
      1,
      8
     ],
     [
      61,
      1,
      10
     ],
     [
      62,
      1,
      7
     ],
     [
      63,
      1,
      9
     ],
     [
      64,
      1,
      7
     ],
     [
      65,
      1,
      4
     ],
     [
      66,
      1,
      1
     ],
     [
      67,
      1,
      2
     ],
     [
      72,
      2,
      2
     ],
     [
      75,
      1,
      2
     ],
     [
      77,
      1,
      2
     ],
     [
      78,
      1,
      7
     ],
     [
      79,
      1,
      9
     ],
     [
      80,
      1,
      6
     ],
     [
      81,
      1,
      5
     ],
     [
      82,
      1,
      10
     ],
     [
      83,
      1,
      6
     ],
     [
      85,
      1,
      3
     ],
     [
      86,
      1,
      10
     ],
     [
      87,
      1,
      9
     ],
     [
      88,
      2,
      10
     ],
     [
      90,
      1,
      9
     ],
     [
      91,
      1,
      4
     ],
     [
      93,
      1,
      4
     ],
     [
      94,
      2,
      10
     ],
     [
      96,
      1,
      9
     ],
     [
      97,
      1,
      4
     ],
     [
      98,
      1,
      6
     ],
     [
      99,
      22,
      10
     ],
     [
      148,
      1,
      4
     ],
     [
      152,
      1,
      2
     ],
     [
      153,
      1,
      7
     ],
     [
      156,
      1,
      4
     ],
     [
      157,
      1,
      6
     ],
     [
      160,
      1,
      2
     ],
     [
      161,
      1,
      1
     ],
     [
      177,
      1,
      8
     ],
     [
      178,
      1,
      1
     ],
     [
      182,
      1,
      4
     ],
     [
      185,
      1,
      5
     ],
     [
      186,
      1,
      8
     ],
     [
      187,
      1,
      7
     ],
     [
      190,
      23,
      10
     ],
     [
      213,
      1,
      7
     ],
     [
      218,
      1,
      1
     ],
     [
      219,
      1,
      4
     ],
     [
      220,
      1,
      7
     ],
     [
      221,
      28,
      10
     ],
     [
      249,
      1,
      6
     ],
     [
      251,
      1,
      3
     ],
     [
      252,
      1,
      10
     ],
     [
      253,
      1,
      1
     ]
    ],
    "90": [
     [
      49,
      1,
      1
     ],
     [
      50,
      2,
      5
     ],
     [
      52,
      1,
      1
     ],
     [
      53,
      1,
      5
     ],
     [
      57,
      1,
      2
     ],
     [
      60,
      1,
      7
     ],
     [
      61,
      1,
      6
     ],
     [
      63,
      1,
      2
     ],
     [
      64,
      1,
      10
     ],
     [
      65,
      1,
      5
     ],
     [
      68,
      1,
      8
     ],
     [
      69,
      1,
      1
     ],
     [
      72,
      2,
      2
     ],
     [
      76,
      1,
      9
     ],
     [
      77,
      1,
      3
     ],
     [
      79,
      1,
      4
     ],
     [
      80,
      17,
      10
     ],
     [
      97,
      1,
      7
     ],
     [
      98,
      1,
      2
     ],
     [
      99,
      1,
      6
     ],
     [
      100,
      22,
      10
     ],
     [
      122,
      1,
      8
     ],
     [
      125,
      1,
      4
     ],
     [
      126,
      1,
      1
     ],
     [
      151,
      1,
      3
     ],
     [
      152,
      1,
      1
     ],
     [
      154,
      1,
      3
     ],
     [
      155,
      2,
      2
     ],
     [
      157,
      1,
      1
     ],
     [
      160,
      1,
      2
     ],
     [
      176,
      1,
      1
     ],
     [
      177,
      1,
      5
     ],
     [
      178,
      1,
      1
     ],
     [
      184,
      3,
      10
     ],
     [
      187,
      1,
      9
     ],
     [
      188,
      1,
      5
     ],
     [
      189,
      1,
      6
     ],
     [
      190,
      23,
      10
     ],
     [
      213,
      1,
      9
     ],
     [
      214,
      1,
      5
     ],
     [
      215,
      1,
      2
     ],
     [
      216,
      1,
      1
     ],
     [
      217,
      1,
      7
     ],
     [
      218,
      1,
      2
     ],
     [
      220,
      1,
      4
     ],
     [
      221,
      8,
      10
     ],
     [
      229,
      1,
      4
     ],
     [
      230,
      1,
      3
     ],
     [
      231,
      1,
      8
     ],
     [
      232,
      19,
      10
     ],
     [
      251,
      1,
      9
     ],
     [
      252,
      1,
      10
     ]
    ],
    "91": [
     [
      34,
      2,
      1
     ],
     [
      50,
      1,
      3
     ],
     [
      51,
      1,
      8
     ],
     [
      52,
      1,
      1
     ],
     [
      54,
      1,
      4
     ],
     [
      55,
      1,
      2
     ],
     [
      60,
      1,
      3
     ],
     [
      61,
      1,
      6
     ],
     [
      62,
      1,
      4
     ],
     [
      63,
      1,
      6
     ],
     [
      64,
      1,
      10
     ],
     [
      67,
      1,
      8
     ],
     [
      68,
      1,
      10
     ],
     [
      69,
      1,
      8
     ],
     [
      70,
      1,
      6
     ],
     [
      71,
      1,
      1
     ],
     [
      74,
      1,
      3
     ],
     [
      75,
      1,
      9
     ],
     [
      76,
      1,
      6
     ],
     [
      78,
      1,
      2
     ],
     [
      79,
      1,
      7
     ],
     [
      80,
      3,
      10
     ],
     [
      83,
      1,
      8
     ],
     [
      84,
      1,
      2
     ],
     [
      85,
      1,
      4
     ],
     [
      86,
      1,
      10
     ],
     [
      87,
      1,
      8
     ],
     [
      88,
      1,
      7
     ],
     [
      89,
      8,
      10
     ],
     [
      97,
      1,
      5
     ],
     [
      99,
      1,
      3
     ],
     [
      100,
      22,
      10
     ],
     [
      122,
      1,
      9
     ],
     [
      123,
      2,
      5
     ],
     [
      125,
      1,
      10
     ],
     [
      126,
      1,
      3
     ],
     [
      128,
      1,
      6
     ],
     [
      129,
      1,
      7
     ],
     [
      150,
      1,
      9
     ],
     [
      151,
      1,
      10
     ],
     [
      152,
      1,
      7
     ],
     [
      153,
      1,
      3
     ],
     [
      154,
      1,
      8
     ],
     [
      155,
      1,
      2
     ],
     [
      158,
      1,
      8
     ],
     [
      159,
      1,
      2
     ],
     [
      162,
      1,
      8
     ],
     [
      183,
      2,
      5
     ],
     [
      185,
      1,
      4
     ],
     [
      186,
      1,
      6
     ],
     [
      187,
      1,
      10
     ],
     [
      188,
      1,
      5
     ],
     [
      189,
      1,
      3
     ],
     [
      190,
      1,
      4
     ],
     [
      191,
      10,
      10
     ],
     [
      201,
      1,
      7
     ],
     [
      202,
      1,
      3
     ],
     [
      203,
      1,
      5
     ],
     [
      204,
      10,
      10
     ],
     [
      214,
      1,
      7
     ],
     [
      215,
      1,
      3
     ],
     [
      218,
      1,
      7
     ],
     [
      219,
      1,
      8
     ],
     [
      220,
      1,
      9
     ],
     [
      221,
      8,
      10
     ],
     [
      231,
      1,
      8
     ],
     [
      232,
      9,
      10
     ],
     [
      241,
      1,
      5
     ],
     [
      242,
      1,
      3
     ],
     [
      243,
      1,
      8
     ],
     [
      244,
      8,
      10
     ],
     [
      252,
      1,
      7
     ]
    ],
    "92": [
     [
      34,
      2,
      1
     ],
     [
      37,
      1,
      2
     ],
     [
      38,
      1,
      4
     ],
     [
      49,
      1,
      3
     ],
     [
      50,
      1,
      10
     ],
     [
      51,
      1,
      1
     ],
     [
      53,
      1,
      3
     ],
     [
      54,
      1,
      7
     ],
     [
      55,
      1,
      4
     ],
     [
      61,
      2,
      7
     ],
     [
      63,
      1,
      3
     ],
     [
      64,
      1,
      6
     ],
     [
      65,
      1,
      10
     ],
     [
      66,
      1,
      7
     ],
     [
      67,
      1,
      8
     ],
     [
      68,
      3,
      10
     ],
     [
      71,
      1,
      4
     ],
     [
      74,
      1,
      1
     ],
     [
      75,
      1,
      3
     ],
     [
      76,
      1,
      6
     ],
     [
      77,
      1,
      4
     ],
     [
      78,
      1,
      2
     ],
     [
      79,
      1,
      9
     ],
     [
      80,
      2,
      10
     ],
     [
      82,
      1,
      8
     ],
     [
      83,
      1,
      2
     ],
     [
      85,
      1,
      3
     ],
     [
      86,
      1,
      8
     ],
     [
      87,
      1,
      2
     ],
     [
      89,
      1,
      7
     ],
     [
      90,
      9,
      10
     ],
     [
      99,
      1,
      9
     ],
     [
      100,
      29,
      10
     ],
     [
      129,
      1,
      9
     ],
     [
      130,
      1,
      2
     ],
     [
      139,
      1,
      3
     ],
     [
      144,
      1,
      7
     ],
     [
      150,
      1,
      4
     ],
     [
      151,
      1,
      5
     ],
     [
      152,
      1,
      8
     ],
     [
      153,
      1,
      5
     ],
     [
      154,
      1,
      2
     ],
     [
      157,
      1,
      6
     ],
     [
      158,
      1,
      3
     ],
     [
      160,
      1,
      1
     ],
     [
      161,
      1,
      5
     ],
     [
      162,
      1,
      2
     ],
     [
      164,
      2,
      1
     ],
     [
      183,
      1,
      3
     ],
     [
      184,
      1,
      1
     ],
     [
      186,
      1,
      6
     ],
     [
      187,
      1,
      3
     ],
     [
      190,
      1,
      2
     ],
     [
      191,
      1,
      7
     ],
     [
      192,
      1,
      9
     ],
     [
      193,
      8,
      10
     ],
     [
      201,
      1,
      6
     ],
     [
      203,
      1,
      3
     ],
     [
      204,
      10,
      10
     ],
     [
      214,
      1,
      5
     ],
     [
      216,
      1,
      1
     ],
     [
      217,
      1,
      3
     ],
     [
      218,
      12,
      10
     ],
     [
      230,
      1,
      9
     ],
     [
      231,
      10,
      10
     ],
     [
      243,
      1,
      8
     ],
     [
      244,
      8,
      10
     ],
     [
      252,
      1,
      5
     ]
    ],
    "93": [
     [
      35,
      1,
      2
     ],
     [
      36,
      1,
      1
     ],
     [
      37,
      1,
      6
     ],
     [
      49,
      1,
      7
     ],
     [
      50,
      1,
      10
     ],
     [
      51,
      1,
      5
     ],
     [
      52,
      1,
      4
     ],
     [
      53,
      1,
      8
     ],
     [
      56,
      1,
      10
     ],
     [
      57,
      1,
      3
     ],
     [
      59,
      1,
      5
     ],
     [
      60,
      1,
      8
     ],
     [
      61,
      1,
      7
     ],
     [
      62,
      1,
      3
     ],
     [
      64,
      1,
      3
     ],
     [
      65,
      1,
      5
     ],
     [
      68,
      1,
      8
     ],
     [
      69,
      1,
      7
     ],
     [
      70,
      1,
      9
     ],
     [
      71,
      1,
      4
     ],
     [
      76,
      2,
      4
     ],
     [
      79,
      1,
      1
     ],
     [
      80,
      1,
      8
     ],
     [
      81,
      2,
      2
     ],
     [
      84,
      1,
      1
     ],
     [
      85,
      1,
      7
     ],
     [
      86,
      1,
      2
     ],
     [
      88,
      1,
      3
     ],
     [
      89,
      1,
      8
     ],
     [
      90,
      1,
      3
     ],
     [
      91,
      1,
      4
     ],
     [
      92,
      34,
      10
     ],
     [
      126,
      1,
      5
     ],
     [
      127,
      1,
      3
     ],
     [
      128,
      1,
      6
     ],
     [
      129,
      1,
      10
     ],
     [
      130,
      1,
      1
     ],
     [
      139,
      1,
      1
     ],
     [
      143,
      1,
      1
     ],
     [
      144,
      1,
      5
     ],
     [
      147,
      2,
      2
     ],
     [
      152,
      1,
      6
     ],
     [
      153,
      1,
      1
     ],
     [
      155,
      1,
      7
     ],
     [
      158,
      1,
      1
     ],
     [
      159,
      1,
      2
     ],
     [
      160,
      1,
      5
     ],
     [
      164,
      1,
      7
     ],
     [
      165,
      1,
      1
     ],
     [
      167,
      1,
      1
     ],
     [
      168,
      1,
      3
     ],
     [
      185,
      1,
      2
     ],
     [
      186,
      1,
      7
     ],
     [
      189,
      1,
      4
     ],
     [
      190,
      1,
      3
     ],
     [
      192,
      1,
      4
     ],
     [
      193,
      9,
      10
     ],
     [
      202,
      1,
      9
     ],
     [
      203,
      1,
      6
     ],
     [
      204,
      38,
      10
     ],
     [
      242,
      1,
      9
     ],
     [
      243,
      9,
      10
     ],
     [
      252,
      1,
      4
     ]
    ],
    "94": [
     [
      36,
      1,
      1
     ],
     [
      38,
      1,
      4
     ],
     [
      49,
      1,
      2
     ],
     [
      50,
      1,
      10
     ],
     [
      51,
      2,
      8
     ],
     [
      53,
      1,
      9
     ],
     [
      54,
      1,
      5
     ],
     [
      55,
      2,
      2
     ],
     [
      57,
      1,
      1
     ],
     [
      59,
      1,
      4
     ],
     [
      62,
      1,
      8
     ],
     [
      63,
      1,
      7
     ],
     [
      64,
      2,
      1
     ],
     [
      68,
      1,
      5
     ],
     [
      70,
      1,
      2
     ],
     [
      71,
      1,
      6
     ],
     [
      80,
      1,
      2
     ],
     [
      83,
      1,
      8
     ],
     [
      84,
      1,
      3
     ],
     [
      86,
      1,
      2
     ],
     [
      87,
      1,
      4
     ],
     [
      88,
      1,
      1
     ],
     [
      89,
      1,
      2
     ],
     [
      91,
      1,
      3
     ],
     [
      92,
      34,
      10
     ],
     [
      126,
      1,
      4
     ],
     [
      128,
      1,
      4
     ],
     [
      129,
      1,
      9
     ],
     [
      132,
      1,
      5
     ],
     [
      133,
      1,
      1
     ],
     [
      141,
      2,
      6
     ],
     [
      145,
      1,
      4
     ],
     [
      146,
      1,
      1
     ],
     [
      147,
      1,
      2
     ],
     [
      148,
      1,
      6
     ],
     [
      149,
      1,
      10
     ],
     [
      150,
      2,
      6
     ],
     [
      152,
      1,
      9
     ],
     [
      153,
      1,
      5
     ],
     [
      154,
      2,
      7
     ],
     [
      158,
      1,
      6
     ],
     [
      159,
      1,
      4
     ],
     [
      161,
      2,
      3
     ],
     [
      163,
      2,
      1
     ],
     [
      166,
      1,
      2
     ],
     [
      167,
      1,
      7
     ],
     [
      168,
      1,
      2
     ],
     [
      187,
      1,
      3
     ],
     [
      188,
      1,
      4
     ],
     [
      189,
      1,
      6
     ],
     [
      191,
      1,
      2
     ],
     [
      192,
      1,
      6
     ],
     [
      193,
      3,
      10
     ],
     [
      196,
      1,
      9
     ],
     [
      197,
      1,
      7
     ],
     [
      198,
      1,
      9
     ],
     [
      199,
      3,
      10
     ],
     [
      202,
      1,
      6
     ],
     [
      204,
      1,
      3
     ],
     [
      205,
      47,
      10
     ]
    ],
    "95": [
     [
      38,
      1,
      5
     ],
     [
      50,
      1,
      6
     ],
     [
      51,
      1,
      2
     ],
     [
      53,
      1,
      6
     ],
     [
      54,
      1,
      8
     ],
     [
      55,
      1,
      2
     ],
     [
      57,
      1,
      3
     ],
     [
      58,
      1,
      10
     ],
     [
      61,
      1,
      3
     ],
     [
      62,
      1,
      7
     ],
     [
      63,
      1,
      1
     ],
     [
      65,
      1,
      3
     ],
     [
      66,
      1,
      7
     ],
     [
      69,
      1,
      4
     ],
     [
      70,
      1,
      2
     ],
     [
      71,
      1,
      6
     ],
     [
      79,
      1,
      5
     ],
     [
      82,
      1,
      9
     ],
     [
      83,
      1,
      6
     ],
     [
      85,
      1,
      2
     ],
     [
      86,
      1,
      4
     ],
     [
      87,
      1,
      8
     ],
     [
      90,
      1,
      10
     ],
     [
      91,
      1,
      9
     ],
     [
      92,
      37,
      10
     ],
     [
      129,
      1,
      9
     ],
     [
      130,
      1,
      6
     ],
     [
      131,
      1,
      4
     ],
     [
      132,
      1,
      10
     ],
     [
      133,
      1,
      4
     ],
     [
      135,
      1,
      2
     ],
     [
      136,
      1,
      7
     ],
     [
      141,
      1,
      2
     ],
     [
      142,
      1,
      4
     ],
     [
      143,
      2,
      5
     ],
     [
      145,
      1,
      10
     ],
     [
      146,
      1,
      3
     ],
     [
      148,
      1,
      7
     ],
     [
      149,
      1,
      8
     ],
     [
      152,
      1,
      7
     ],
     [
      155,
      1,
      7
     ],
     [
      156,
      3,
      10
     ],
     [
      159,
      1,
      8
     ],
     [
      160,
      1,
      4
     ],
     [
      161,
      1,
      8
     ],
     [
      162,
      1,
      2
     ],
     [
      165,
      1,
      9
     ],
     [
      166,
      1,
      2
     ],
     [
      170,
      1,
      4
     ],
     [
      185,
      1,
      2
     ],
     [
      186,
      1,
      4
     ],
     [
      187,
      1,
      1
     ],
     [
      188,
      1,
      3
     ],
     [
      189,
      1,
      6
     ],
     [
      190,
      2,
      5
     ],
     [
      192,
      4,
      10
     ],
     [
      196,
      1,
      6
     ],
     [
      198,
      1,
      3
     ],
     [
      199,
      1,
      10
     ],
     [
      200,
      1,
      2
     ],
     [
      201,
      1,
      3
     ],
     [
      202,
      2,
      5
     ],
     [
      204,
      1,
      6
     ],
     [
      205,
      3,
      10
     ],
     [
      208,
      1,
      9
     ],
     [
      209,
      1,
      7
     ],
     [
      210,
      8,
      10
     ],
     [
      218,
      2,
      4
     ],
     [
      220,
      1,
      8
     ],
     [
      221,
      27,
      10
     ],
     [
      248,
      2,
      8
     ],
     [
      250,
      1,
      10
     ],
     [
      251,
      1,
      9
     ]
    ],
    "96": [
     [
      44,
      1,
      2
     ],
     [
      50,
      1,
      2
     ],
     [
      51,
      1,
      5
     ],
     [
      52,
      1,
      4
     ],
     [
      53,
      1,
      10
     ],
     [
      54,
      1,
      7
     ],
     [
      56,
      1,
      3
     ],
     [
      57,
      2,
      10
     ],
     [
      59,
      1,
      6
     ],
     [
      60,
      1,
      4
     ],
     [
      61,
      1,
      10
     ],
     [
      62,
      1,
      6
     ],
     [
      64,
      1,
      3
     ],
     [
      65,
      1,
      10
     ],
     [
      66,
      1,
      1
     ],
     [
      68,
      1,
      3
     ],
     [
      69,
      1,
      4
     ],
     [
      71,
      2,
      2
     ],
     [
      79,
      2,
      10
     ],
     [
      81,
      1,
      2
     ],
     [
      82,
      1,
      3
     ],
     [
      83,
      1,
      6
     ],
     [
      84,
      1,
      5
     ],
     [
      85,
      1,
      6
     ],
     [
      86,
      1,
      3
     ],
     [
      88,
      1,
      6
     ],
     [
      89,
      42,
      10
     ],
     [
      131,
      1,
      7
     ],
     [
      132,
      1,
      3
     ],
     [
      133,
      1,
      6
     ],
     [
      134,
      1,
      10
     ],
     [
      135,
      2,
      8
     ],
     [
      137,
      1,
      6
     ],
     [
      138,
      1,
      3
     ],
     [
      142,
      1,
      6
     ],
     [
      143,
      5,
      10
     ],
     [
      148,
      2,
      9
     ],
     [
      150,
      2,
      5
     ],
     [
      152,
      1,
      9
     ],
     [
      153,
      1,
      1
     ],
     [
      155,
      1,
      6
     ],
     [
      156,
      5,
      10
     ],
     [
      161,
      1,
      9
     ],
     [
      164,
      1,
      7
     ],
     [
      165,
      1,
      2
     ],
     [
      167,
      1,
      2
     ],
     [
      168,
      1,
      6
     ],
     [
      169,
      1,
      4
     ],
     [
      171,
      1,
      1
     ],
     [
      172,
      1,
      7
     ],
     [
      177,
      1,
      2
     ],
     [
      184,
      1,
      1
     ],
     [
      185,
      1,
      5
     ],
     [
      186,
      1,
      10
     ],
     [
      189,
      1,
      8
     ],
     [
      190,
      6,
      10
     ],
     [
      196,
      1,
      8
     ],
     [
      197,
      2,
      6
     ],
     [
      199,
      1,
      4
     ],
     [
      202,
      1,
      8
     ],
     [
      203,
      1,
      6
     ],
     [
      204,
      1,
      3
     ],
     [
      205,
      1,
      4
     ],
     [
      206,
      1,
      8
     ],
     [
      207,
      1,
      10
     ],
     [
      208,
      1,
      6
     ],
     [
      210,
      1,
      3
     ],
     [
      211,
      4,
      10
     ],
     [
      215,
      1,
      9
     ],
     [
      216,
      1,
      7
     ],
     [
      217,
      1,
      9
     ],
     [
      220,
      13,
      10
     ],
     [
      233,
      1,
      9
     ],
     [
      234,
      1,
      7
     ],
     [
      235,
      13,
      10
     ],
     [
      248,
      1,
      1
     ],
     [
      250,
      1,
      6
     ],
     [
      251,
      1,
      7
     ]
    ],
    "97": [
     [
      44,
      1,
      2
     ],
     [
      47,
      2,
      1
     ],
     [
      50,
      1,
      3
     ],
     [
      51,
      1,
      8
     ],
     [
      52,
      2,
      3
     ],
     [
      54,
      2,
      8
     ],
     [
      56,
      1,
      1
     ],
     [
      57,
      1,
      4
     ],
     [
      58,
      5,
      10
     ],
     [
      63,
      1,
      7
     ],
     [
      64,
      1,
      1
     ],
     [
      65,
      2,
      5
     ],
     [
      67,
      1,
      2
     ],
     [
      68,
      1,
      5
     ],
     [
      70,
      1,
      1
     ],
     [
      71,
      1,
      2
     ],
     [
      79,
      1,
      8
     ],
     [
      80,
      1,
      4
     ],
     [
      84,
      1,
      1
     ],
     [
      85,
      1,
      7
     ],
     [
      86,
      1,
      6
     ],
     [
      87,
      1,
      4
     ],
     [
      88,
      1,
      8
     ],
     [
      89,
      42,
      10
     ],
     [
      131,
      1,
      3
     ],
     [
      133,
      1,
      4
     ],
     [
      134,
      1,
      10
     ],
     [
      137,
      1,
      8
     ],
     [
      138,
      1,
      6
     ],
     [
      140,
      1,
      3
     ],
     [
      141,
      1,
      10
     ],
     [
      142,
      1,
      4
     ],
     [
      143,
      1,
      3
     ],
     [
      144,
      1,
      5
     ],
     [
      145,
      1,
      10
     ],
     [
      146,
      1,
      6
     ],
     [
      147,
      1,
      3
     ],
     [
      148,
      1,
      6
     ],
     [
      149,
      1,
      10
     ],
     [
      150,
      1,
      6
     ],
     [
      151,
      2,
      3
     ],
     [
      153,
      10,
      10
     ],
     [
      163,
      1,
      9
     ],
     [
      164,
      1,
      6
     ],
     [
      166,
      1,
      1
     ],
     [
      167,
      1,
      8
     ],
     [
      168,
      1,
      1
     ],
     [
      170,
      1,
      3
     ],
     [
      171,
      1,
      2
     ],
     [
      172,
      1,
      1
     ],
     [
      174,
      1,
      2
     ],
     [
      175,
      1,
      4
     ],
     [
      176,
      1,
      9
     ],
     [
      177,
      1,
      4
     ],
     [
      180,
      1,
      2
     ],
     [
      184,
      1,
      7
     ],
     [
      185,
      1,
      3
     ],
     [
      186,
      1,
      5
     ],
     [
      187,
      1,
      10
     ],
     [
      188,
      2,
      8
     ],
     [
      190,
      9,
      10
     ],
     [
      201,
      1,
      8
     ],
     [
      202,
      1,
      6
     ],
     [
      206,
      1,
      1
     ],
     [
      207,
      1,
      3
     ],
     [
      208,
      1,
      6
     ],
     [
      209,
      1,
      5
     ],
     [
      210,
      1,
      6
     ],
     [
      211,
      3,
      10
     ],
     [
      214,
      1,
      9
     ],
     [
      215,
      1,
      5
     ],
     [
      217,
      1,
      4
     ],
     [
      218,
      1,
      10
     ],
     [
      219,
      1,
      9
     ],
     [
      220,
      13,
      10
     ],
     [
      233,
      1,
      6
     ],
     [
      235,
      1,
      3
     ],
     [
      236,
      4,
      10
     ],
     [
      240,
      1,
      9
     ],
     [
      241,
      1,
      7
     ],
     [
      242,
      1,
      9
     ],
     [
      243,
      5,
      10
     ],
     [
      248,
      1,
      5
     ],
     [
      249,
      1,
      4
     ],
     [
      250,
      1,
      10
     ],
     [
      251,
      1,
      6
     ]
    ],
    "98": [
     [
      46,
      1,
      5
     ],
     [
      47,
      2,
      1
     ],
     [
      51,
      1,
      1
     ],
     [
      54,
      1,
      8
     ],
     [
      55,
      1,
      2
     ],
     [
      57,
      1,
      3
     ],
     [
      58,
      2,
      8
     ],
     [
      60,
      2,
      10
     ],
     [
      62,
      1,
      7
     ],
     [
      63,
      1,
      2
     ],
     [
      65,
      1,
      3
     ],
     [
      66,
      1,
      8
     ],
     [
      69,
      1,
      4
     ],
     [
      70,
      1,
      2
     ],
     [
      71,
      1,
      1
     ],
     [
      85,
      1,
      2
     ],
     [
      86,
      46,
      10
     ],
     [
      132,
      2,
      9
     ],
     [
      134,
      1,
      10
     ],
     [
      135,
      1,
      5
     ],
     [
      136,
      1,
      2
     ],
     [
      137,
      1,
      10
     ],
     [
      138,
      1,
      3
     ],
     [
      140,
      1,
      4
     ],
     [
      141,
      1,
      10
     ],
     [
      145,
      1,
      9
     ],
     [
      146,
      1,
      4
     ],
     [
      148,
      1,
      5
     ],
     [
      149,
      1,
      9
     ],
     [
      152,
      1,
      2
     ],
     [
      153,
      4,
      10
     ],
     [
      157,
      1,
      6
     ],
     [
      158,
      1,
      8
     ],
     [
      159,
      5,
      10
     ],
     [
      164,
      1,
      6
     ],
     [
      165,
      1,
      4
     ],
     [
      166,
      1,
      2
     ],
     [
      167,
      1,
      3
     ],
     [
      171,
      1,
      2
     ],
     [
      173,
      1,
      1
     ],
     [
      174,
      1,
      8
     ],
     [
      175,
      1,
      2
     ],
     [
      176,
      1,
      3
     ],
     [
      177,
      2,
      9
     ],
     [
      179,
      1,
      5
     ],
     [
      180,
      1,
      8
     ],
     [
      183,
      1,
      9
     ],
     [
      184,
      1,
      4
     ],
     [
      186,
      1,
      3
     ],
     [
      187,
      1,
      8
     ],
     [
      190,
      1,
      8
     ],
     [
      191,
      1,
      9
     ],
     [
      192,
      1,
      8
     ],
     [
      193,
      3,
      10
     ],
     [
      196,
      1,
      7
     ],
     [
      197,
      1,
      3
     ],
     [
      198,
      1,
      6
     ],
     [
      199,
      1,
      10
     ],
     [
      200,
      1,
      7
     ],
     [
      201,
      1,
      8
     ],
     [
      202,
      1,
      9
     ],
     [
      203,
      2,
      5
     ],
     [
      205,
      1,
      8
     ],
     [
      208,
      1,
      8
     ],
     [
      209,
      5,
      10
     ],
     [
      214,
      1,
      7
     ],
     [
      216,
      1,
      2
     ],
     [
      217,
      1,
      6
     ],
     [
      218,
      1,
      4
     ],
     [
      219,
      1,
      3
     ],
     [
      220,
      1,
      8
     ],
     [
      221,
      1,
      9
     ],
     [
      222,
      2,
      8
     ],
     [
      224,
      7,
      10
     ],
     [
      231,
      1,
      2
     ],
     [
      232,
      1,
      3
     ],
     [
      233,
      2,
      5
     ],
     [
      235,
      1,
      6
     ],
     [
      236,
      3,
      10
     ],
     [
      239,
      1,
      9
     ],
     [
      240,
      1,
      4
     ],
     [
      242,
      1,
      4
     ],
     [
      243,
      8,
      10
     ],
     [
      251,
      1,
      3
     ]
    ],
    "99": [
     [
      43,
      1,
      2
     ],
     [
      44,
      1,
      4
     ],
     [
      52,
      1,
      2
     ],
     [
      54,
      1,
      2
     ],
     [
      56,
      1,
      1
     ],
     [
      57,
      1,
      7
     ],
     [
      58,
      1,
      2
     ],
     [
      60,
      1,
      4
     ],
     [
      61,
      1,
      7
     ],
     [
      62,
      1,
      5
     ],
     [
      64,
      1,
      3
     ],
     [
      65,
      1,
      10
     ],
     [
      66,
      1,
      1
     ],
     [
      68,
      1,
      3
     ],
     [
      69,
      1,
      10
     ],
     [
      70,
      1,
      5
     ],
     [
      72,
      1,
      1
     ],
     [
      73,
      1,
      3
     ],
     [
      77,
      2,
      1
     ],
     [
      79,
      1,
      8
     ],
     [
      80,
      1,
      6
     ],
     [
      81,
      1,
      10
     ],
     [
      82,
      1,
      7
     ],
     [
      83,
      1,
      8
     ],
     [
      84,
      2,
      5
     ],
     [
      86,
      45,
      10
     ],
     [
      131,
      2,
      2
     ],
     [
      133,
      6,
      10
     ],
     [
      139,
      3,
      9
     ],
     [
      142,
      1,
      2
     ],
     [
      145,
      1,
      2
     ],
     [
      146,
      1,
      6
     ],
     [
      147,
      2,
      10
     ],
     [
      149,
      1,
      9
     ],
     [
      150,
      1,
      5
     ],
     [
      151,
      1,
      4
     ],
     [
      152,
      1,
      9
     ],
     [
      153,
      2,
      10
     ],
     [
      155,
      1,
      8
     ],
     [
      156,
      1,
      7
     ],
     [
      159,
      1,
      10
     ],
     [
      160,
      1,
      5
     ],
     [
      161,
      1,
      3
     ],
     [
      162,
      1,
      6
     ],
     [
      163,
      2,
      10
     ],
     [
      165,
      1,
      7
     ],
     [
      166,
      1,
      1
     ],
     [
      168,
      1,
      7
     ],
     [
      169,
      1,
      6
     ],
     [
      172,
      1,
      9
     ],
     [
      173,
      1,
      7
     ],
     [
      174,
      1,
      8
     ],
     [
      177,
      1,
      7
     ],
     [
      178,
      1,
      4
     ],
     [
      180,
      1,
      3
     ],
     [
      181,
      1,
      10
     ],
     [
      182,
      1,
      8
     ],
     [
      183,
      4,
      10
     ],
     [
      187,
      1,
      1
     ],
     [
      189,
      1,
      3
     ],
     [
      190,
      1,
      9
     ],
     [
      191,
      1,
      3
     ],
     [
      193,
      1,
      4
     ],
     [
      194,
      2,
      8
     ],
     [
      196,
      1,
      4
     ],
     [
      198,
      1,
      2
     ],
     [
      199,
      1,
      7
     ],
     [
      202,
      2,
      7
     ],
     [
      204,
      1,
      3
     ],
     [
      205,
      1,
      5
     ],
     [
      206,
      1,
      10
     ],
     [
      207,
      2,
      8
     ],
     [
      209,
      5,
      10
     ],
     [
      214,
      1,
      9
     ],
     [
      215,
      1,
      4
     ],
     [
      216,
      1,
      5
     ],
     [
      217,
      1,
      10
     ],
     [
      220,
      1,
      8
     ],
     [
      221,
      1,
      6
     ],
     [
      223,
      1,
      3
     ],
     [
      224,
      6,
      10
     ],
     [
      230,
      1,
      5
     ],
     [
      233,
      1,
      9
     ],
     [
      234,
      5,
      10
     ],
     [
      239,
      1,
      6
     ],
     [
      241,
      1,
      2
     ],
     [
      242,
      1,
      6
     ],
     [
      243,
      1,
      4
     ],
     [
      244,
      1,
      3
     ],
     [
      245,
      1,
      8
     ],
     [
      246,
      5,
      10
     ]
    ],
    "100": [
     [
      42,
      1,
      2
     ],
     [
      43,
      1,
      4
     ],
     [
      44,
      1,
      7
     ],
     [
      52,
      1,
      5
     ],
     [
      55,
      1,
      2
     ],
     [
      56,
      1,
      4
     ],
     [
      58,
      2,
      2
     ],
     [
      62,
      1,
      7
     ],
     [
      63,
      3,
      10
     ],
     [
      66,
      1,
      5
     ],
     [
      67,
      1,
      2
     ],
     [
      68,
      1,
      7
     ],
     [
      69,
      5,
      10
     ],
     [
      74,
      1,
      6
     ],
     [
      75,
      1,
      3
     ],
     [
      76,
      1,
      5
     ],
     [
      77,
      1,
      8
     ],
     [
      78,
      1,
      1
     ],
     [
      80,
      1,
      7
     ],
     [
      81,
      49,
      10
     ],
     [
      130,
      1,
      8
     ],
     [
      133,
      9,
      10
     ],
     [
      142,
      1,
      3
     ],
     [
      146,
      1,
      1
     ],
     [
      147,
      1,
      3
     ],
     [
      148,
      7,
      10
     ],
     [
      155,
      1,
      2
     ],
     [
      158,
      1,
      4
     ],
     [
      159,
      1,
      6
     ],
     [
      160,
      1,
      1
     ],
     [
      162,
      2,
      6
     ],
     [
      164,
      1,
      3
     ],
     [
      165,
      1,
      1
     ],
     [
      167,
      1,
      6
     ],
     [
      168,
      2,
      9
     ],
     [
      170,
      3,
      5
     ],
     [
      174,
      1,
      4
     ],
     [
      175,
      1,
      10
     ],
     [
      176,
      1,
      4
     ],
     [
      179,
      2,
      4
     ],
     [
      181,
      1,
      8
     ],
     [
      182,
      5,
      10
     ],
     [
      187,
      1,
      5
     ],
     [
      188,
      1,
      4
     ],
     [
      189,
      1,
      10
     ],
     [
      190,
      1,
      6
     ],
     [
      192,
      1,
      1
     ],
     [
      193,
      1,
      6
     ],
     [
      194,
      1,
      1
     ],
     [
      196,
      2,
      7
     ],
     [
      200,
      1,
      2
     ],
     [
      201,
      1,
      4
     ],
     [
      202,
      1,
      10
     ],
     [
      203,
      1,
      4
     ],
     [
      205,
      1,
      3
     ],
     [
      206,
      1,
      8
     ],
     [
      209,
      1,
      8
     ],
     [
      210,
      5,
      10
     ],
     [
      215,
      1,
      7
     ],
     [
      216,
      1,
      3
     ],
     [
      217,
      1,
      5
     ],
     [
      218,
      3,
      10
     ],
     [
      221,
      1,
      9
     ],
     [
      222,
      2,
      5
     ],
     [
      224,
      6,
      10
     ],
     [
      232,
      1,
      8
     ],
     [
      233,
      6,
      10
     ],
     [
      239,
      1,
      8
     ],
     [
      240,
      2,
      5
     ],
     [
      242,
      1,
      10
     ],
     [
      245,
      1,
      9
     ],
     [
      246,
      4,
      10
     ],
     [
      250,
      1,
      9
     ]
    ],
    "101": [
     [
      41,
      1,
      1
     ],
     [
      42,
      1,
      5
     ],
     [
      43,
      1,
      3
     ],
     [
      45,
      1,
      6
     ],
     [
      46,
      1,
      10
     ],
     [
      49,
      1,
      1
     ],
     [
      50,
      1,
      3
     ],
     [
      51,
      1,
      2
     ],
     [
      53,
      2,
      6
     ],
     [
      55,
      2,
      1
     ],
     [
      57,
      1,
      5
     ],
     [
      58,
      1,
      4
     ],
     [
      59,
      1,
      1
     ],
     [
      63,
      1,
      2
     ],
     [
      64,
      1,
      3
     ],
     [
      65,
      1,
      10
     ],
     [
      66,
      1,
      8
     ],
     [
      69,
      1,
      7
     ],
     [
      70,
      4,
      10
     ],
     [
      74,
      1,
      8
     ],
     [
      75,
      1,
      5
     ],
     [
      77,
      1,
      1
     ],
     [
      78,
      2,
      3
     ],
     [
      80,
      1,
      9
     ],
     [
      81,
      1,
      10
     ],
     [
      82,
      1,
      8
     ],
     [
      83,
      1,
      7
     ],
     [
      84,
      1,
      9
     ],
     [
      85,
      52,
      10
     ],
     [
      137,
      2,
      2
     ],
     [
      139,
      1,
      10
     ],
     [
      140,
      1,
      9
     ],
     [
      141,
      1,
      7
     ],
     [
      142,
      1,
      8
     ],
     [
      143,
      1,
      6
     ],
     [
      148,
      1,
      8
     ],
     [
      149,
      6,
      10
     ],
     [
      155,
      1,
      7
     ],
     [
      156,
      1,
      6
     ],
     [
      157,
      1,
      3
     ],
     [
      158,
      1,
      10
     ],
     [
      159,
      1,
      3
     ],
     [
      161,
      1,
      5
     ],
     [
      162,
      1,
      10
     ],
     [
      165,
      1,
      2
     ],
     [
      166,
      2,
      9
     ],
     [
      168,
      4,
      10
     ],
     [
      172,
      1,
      8
     ],
     [
      173,
      1,
      5
     ],
     [
      174,
      1,
      8
     ],
     [
      175,
      1,
      9
     ],
     [
      178,
      1,
      6
     ],
     [
      179,
      1,
      4
     ],
     [
      181,
      1,
      4
     ],
     [
      182,
      8,
      10
     ],
     [
      190,
      1,
      6
     ],
     [
      191,
      1,
      4
     ],
     [
      192,
      1,
      2
     ],
     [
      193,
      1,
      1
     ],
     [
      196,
      1,
      4
     ],
     [
      197,
      1,
      2
     ],
     [
      199,
      1,
      2
     ],
     [
      200,
      1,
      6
     ],
     [
      201,
      1,
      7
     ],
     [
      202,
      4,
      10
     ],
     [
      206,
      1,
      1
     ],
     [
      208,
      1,
      3
     ],
     [
      209,
      4,
      10
     ],
     [
      213,
      1,
      8
     ],
     [
      214,
      1,
      7
     ],
     [
      215,
      1,
      4
     ],
     [
      217,
      1,
      2
     ],
     [
      218,
      1,
      7
     ],
     [
      219,
      1,
      2
     ],
     [
      220,
      1,
      4
     ],
     [
      221,
      1,
      9
     ],
     [
      222,
      1,
      7
     ],
     [
      223,
      1,
      2
     ],
     [
      224,
      1,
      5
     ],
     [
      225,
      6,
      10
     ],
     [
      231,
      1,
      7
     ],
     [
      232,
      1,
      8
     ],
     [
      233,
      17,
      10
     ],
     [
      250,
      1,
      7
     ]
    ],
    "102": [
     [
      36,
      1,
      1
     ],
     [
      37,
      1,
      3
     ],
     [
      40,
      1,
      8
     ],
     [
      41,
      1,
      7
     ],
     [
      42,
      2,
      8
     ],
     [
      44,
      1,
      3
     ],
     [
      45,
      1,
      6
     ],
     [
      46,
      1,
      5
     ],
     [
      49,
      2,
      3
     ],
     [
      53,
      1,
      1
     ],
     [
      56,
      1,
      1
     ],
     [
      57,
      1,
      4
     ],
     [
      58,
      1,
      1
     ],
     [
      65,
      1,
      6
     ],
     [
      66,
      1,
      2
     ],
     [
      68,
      1,
      3
     ],
     [
      69,
      5,
      10
     ],
     [
      74,
      1,
      1
     ],
     [
      76,
      1,
      4
     ],
     [
      77,
      2,
      2
     ],
     [
      79,
      1,
      5
     ],
     [
      80,
      1,
      10
     ],
     [
      81,
      1,
      8
     ],
     [
      84,
      1,
      9
     ],
     [
      85,
      1,
      7
     ],
     [
      86,
      1,
      8
     ],
     [
      87,
      2,
      10
     ],
     [
      89,
      1,
      8
     ],
     [
      90,
      1,
      7
     ],
     [
      91,
      45,
      10
     ],
     [
      136,
      1,
      8
     ],
     [
      139,
      1,
      10
     ],
     [
      140,
      1,
      4
     ],
     [
      142,
      1,
      4
     ],
     [
      143,
      1,
      10
     ],
     [
      148,
      1,
      5
     ],
     [
      149,
      1,
      9
     ],
     [
      150,
      11,
      10
     ],
     [
      161,
      2,
      9
     ],
     [
      163,
      1,
      6
     ],
     [
      164,
      1,
      3
     ],
     [
      165,
      1,
      9
     ],
     [
      166,
      9,
      10
     ],
     [
      175,
      1,
      9
     ],
     [
      176,
      1,
      5
     ],
     [
      177,
      1,
      4
     ],
     [
      178,
      1,
      10
     ],
     [
      179,
      1,
      3
     ],
     [
      181,
      1,
      6
     ],
     [
      182,
      10,
      10
     ],
     [
      192,
      1,
      3
     ],
     [
      194,
      1,
      2
     ],
     [
      195,
      1,
      7
     ],
     [
      198,
      1,
      3
     ],
     [
      199,
      1,
      4
     ],
     [
      200,
      1,
      1
     ],
     [
      202,
      1,
      7
     ],
     [
      203,
      3,
      10
     ],
     [
      206,
      1,
      5
     ],
     [
      207,
      1,
      4
     ],
     [
      208,
      5,
      10
     ],
     [
      213,
      1,
      1
     ],
     [
      215,
      1,
      7
     ],
     [
      216,
      1,
      10
     ],
     [
      217,
      1,
      3
     ],
     [
      221,
      1,
      7
     ],
     [
      222,
      1,
      1
     ],
     [
      224,
      1,
      3
     ],
     [
      225,
      2,
      8
     ],
     [
      227,
      4,
      10
     ],
     [
      233,
      2,
      7
     ],
     [
      235,
      1,
      3
     ],
     [
      236,
      1,
      5
     ],
     [
      237,
      1,
      10
     ],
     [
      238,
      1,
      8
     ],
     [
      239,
      1,
      7
     ],
     [
      240,
      10,
      10
     ],
     [
      250,
      1,
      3
     ]
    ],
    "103": [
     [
      34,
      1,
      1
     ],
     [
      35,
      1,
      9
     ],
     [
      36,
      4,
      3
     ],
     [
      40,
      1,
      5
     ],
     [
      42,
      1,
      2
     ],
     [
      43,
      1,
      9
     ],
     [
      44,
      1,
      4
     ],
     [
      55,
      1,
      4
     ],
     [
      56,
      1,
      5
     ],
     [
      65,
      2,
      2
     ],
     [
      67,
      1,
      4
     ],
     [
      68,
      6,
      10
     ],
     [
      74,
      1,
      6
     ],
     [
      75,
      1,
      5
     ],
     [
      76,
      1,
      10
     ],
     [
      77,
      1,
      6
     ],
     [
      79,
      1,
      3
     ],
     [
      80,
      1,
      10
     ],
     [
      81,
      1,
      1
     ],
     [
      83,
      1,
      3
     ],
     [
      84,
      1,
      6
     ],
     [
      86,
      1,
      1
     ],
     [
      87,
      2,
      10
     ],
     [
      91,
      1,
      8
     ],
     [
      92,
      48,
      10
     ],
     [
      140,
      1,
      7
     ],
     [
      141,
      1,
      4
     ],
     [
      142,
      2,
      8
     ],
     [
      146,
      1,
      10
     ],
     [
      147,
      1,
      3
     ],
     [
      149,
      1,
      5
     ],
     [
      150,
      1,
      10
     ],
     [
      151,
      2,
      2
     ],
     [
      153,
      1,
      10
     ],
     [
      154,
      1,
      9
     ],
     [
      155,
      1,
      7
     ],
     [
      156,
      1,
      9
     ],
     [
      157,
      7,
      10
     ],
     [
      164,
      1,
      2
     ],
     [
      165,
      1,
      3
     ],
     [
      166,
      1,
      10
     ],
     [
      167,
      1,
      9
     ],
     [
      168,
      1,
      7
     ],
     [
      169,
      1,
      9
     ],
     [
      170,
      11,
      10
     ],
     [
      181,
      1,
      9
     ],
     [
      182,
      12,
      10
     ],
     [
      194,
      1,
      3
     ],
     [
      195,
      1,
      2
     ],
     [
      196,
      1,
      3
     ],
     [
      197,
      1,
      4
     ],
     [
      198,
      1,
      6
     ],
     [
      199,
      1,
      2
     ],
     [
      201,
      1,
      2
     ],
     [
      202,
      11,
      10
     ],
     [
      213,
      1,
      6
     ],
     [
      214,
      1,
      5
     ],
     [
      215,
      2,
      10
     ],
     [
      217,
      1,
      8
     ],
     [
      218,
      1,
      5
     ],
     [
      219,
      2,
      8
     ],
     [
      221,
      1,
      5
     ],
     [
      223,
      1,
      3
     ],
     [
      224,
      1,
      10
     ],
     [
      225,
      1,
      1
     ],
     [
      227,
      1,
      6
     ],
     [
      228,
      1,
      7
     ],
     [
      229,
      1,
      2
     ],
     [
      230,
      2,
      5
     ],
     [
      232,
      1,
      4
     ],
     [
      233,
      1,
      10
     ],
     [
      234,
      1,
      6
     ],
     [
      236,
      1,
      3
     ],
     [
      237,
      1,
      8
     ],
     [
      240,
      1,
      7
     ],
     [
      241,
      9,
      10
     ],
     [
      250,
      1,
      3
     ]
    ],
    "104": [
     [
      35,
      1,
      1
     ],
     [
      38,
      1,
      4
     ],
     [
      39,
      1,
      2
     ],
     [
      42,
      1,
      2
     ],
     [
      43,
      1,
      1
     ],
     [
      46,
      1,
      2
     ],
     [
      49,
      1,
      6
     ],
     [
      50,
      1,
      2
     ],
     [
      51,
      1,
      1
     ],
     [
      55,
      1,
      2
     ],
     [
      56,
      1,
      1
     ],
     [
      66,
      1,
      4
     ],
     [
      67,
      1,
      7
     ],
     [
      68,
      11,
      10
     ],
     [
      79,
      1,
      4
     ],
     [
      80,
      1,
      3
     ],
     [
      81,
      1,
      2
     ],
     [
      82,
      1,
      4
     ],
     [
      83,
      1,
      10
     ],
     [
      84,
      1,
      9
     ],
     [
      85,
      2,
      6
     ],
     [
      87,
      2,
      10
     ],
     [
      89,
      1,
      6
     ],
     [
      90,
      1,
      4
     ],
     [
      91,
      56,
      10
     ],
     [
      147,
      1,
      8
     ],
     [
      148,
      1,
      4
     ],
     [
      149,
      1,
      1
     ],
     [
      150,
      1,
      2
     ],
     [
      153,
      1,
      10
     ],
     [
      154,
      1,
      3
     ],
     [
      156,
      1,
      5
     ],
     [
      157,
      6,
      10
     ],
     [
      163,
      1,
      7
     ],
     [
      166,
      1,
      10
     ],
     [
      167,
      1,
      4
     ],
     [
      169,
      1,
      6
     ],
     [
      170,
      1,
      10
     ],
     [
      171,
      1,
      2
     ],
     [
      172,
      1,
      3
     ],
     [
      173,
      1,
      10
     ],
     [
      174,
      1,
      9
     ],
     [
      175,
      1,
      7
     ],
     [
      176,
      1,
      9
     ],
     [
      177,
      17,
      10
     ],
     [
      196,
      1,
      9
     ],
     [
      197,
      1,
      6
     ],
     [
      199,
      1,
      3
     ],
     [
      200,
      1,
      10
     ],
     [
      201,
      2,
      3
     ],
     [
      203,
      1,
      8
     ],
     [
      204,
      1,
      9
     ],
     [
      205,
      1,
      7
     ],
     [
      206,
      1,
      9
     ],
     [
      207,
      15,
      10
     ],
     [
      222,
      1,
      9
     ],
     [
      223,
      1,
      6
     ],
     [
      224,
      1,
      10
     ],
     [
      225,
      1,
      5
     ],
     [
      226,
      1,
      4
     ],
     [
      227,
      1,
      10
     ],
     [
      228,
      1,
      6
     ],
     [
      230,
      1,
      3
     ],
     [
      231,
      6,
      10
     ],
     [
      237,
      1,
      1
     ],
     [
      239,
      1,
      3
     ],
     [
      240,
      1,
      7
     ],
     [
      241,
      1,
      3
     ],
     [
      242,
      1,
      4
     ],
     [
      243,
      7,
      10
     ]
    ],
    "105": [
     [
      36,
      1,
      1
     ],
     [
      37,
      1,
      7
     ],
     [
      41,
      2,
      1
     ],
     [
      44,
      1,
      2
     ],
     [
      45,
      1,
      8
     ],
     [
      46,
      1,
      7
     ],
     [
      49,
      2,
      10
     ],
     [
      51,
      1,
      5
     ],
     [
      57,
      1,
      8
     ],
     [
      58,
      1,
      2
     ],
     [
      65,
      2,
      2
     ],
     [
      68,
      1,
      6
     ],
     [
      69,
      1,
      8
     ],
     [
      70,
      2,
      3
     ],
     [
      72,
      1,
      10
     ],
     [
      73,
      2,
      8
     ],
     [
      75,
      4,
      10
     ],
     [
      79,
      1,
      2
     ],
     [
      81,
      1,
      4
     ],
     [
      82,
      1,
      7
     ],
     [
      83,
      6,
      10
     ],
     [
      89,
      1,
      8
     ],
     [
      90,
      1,
      7
     ],
     [
      91,
      1,
      9
     ],
     [
      92,
      6,
      10
     ],
     [
      98,
      1,
      7
     ],
     [
      99,
      1,
      9
     ],
     [
      100,
      49,
      10
     ],
     [
      149,
      1,
      1
     ],
     [
      152,
      2,
      10
     ],
     [
      154,
      1,
      8
     ],
     [
      155,
      1,
      5
     ],
     [
      156,
      1,
      8
     ],
     [
      157,
      3,
      10
     ],
     [
      160,
      1,
      9
     ],
     [
      161,
      1,
      7
     ],
     [
      162,
      5,
      10
     ],
     [
      167,
      1,
      7
     ],
     [
      168,
      1,
      3
     ],
     [
      169,
      1,
      8
     ],
     [
      170,
      1,
      7
     ],
     [
      173,
      1,
      10
     ],
     [
      174,
      1,
      3
     ],
     [
      176,
      1,
      6
     ],
     [
      177,
      18,
      10
     ],
     [
      195,
      1,
      9
     ],
     [
      196,
      1,
      10
     ],
     [
      197,
      1,
      7
     ],
     [
      198,
      1,
      5
     ],
     [
      199,
      1,
      6
     ],
     [
      200,
      1,
      10
     ],
     [
      203,
      1,
      9
     ],
     [
      204,
      1,
      5
     ],
     [
      206,
      1,
      4
     ],
     [
      207,
      6,
      10
     ],
     [
      213,
      2,
      3
     ],
     [
      215,
      1,
      8
     ],
     [
      216,
      6,
      10
     ],
     [
      222,
      1,
      6
     ],
     [
      224,
      1,
      3
     ],
     [
      225,
      4,
      10
     ],
     [
      229,
      1,
      9
     ],
     [
      230,
      1,
      7
     ],
     [
      231,
      1,
      9
     ],
     [
      232,
      5,
      10
     ],
     [
      237,
      1,
      5
     ],
     [
      238,
      1,
      4
     ],
     [
      239,
      1,
      10
     ],
     [
      240,
      1,
      7
     ],
     [
      242,
      1,
      3
     ],
     [
      243,
      6,
      10
     ],
     [
      249,
      1,
      9
     ]
    ],
    "106": [
     [
      35,
      1,
      3
     ],
     [
      36,
      1,
      4
     ],
     [
      37,
      2,
      3
     ],
     [
      39,
      2,
      4
     ],
     [
      43,
      1,
      3
     ],
     [
      44,
      1,
      4
     ],
     [
      45,
      1,
      2
     ],
     [
      46,
      1,
      8
     ],
     [
      47,
      4,
      10
     ],
     [
      51,
      1,
      8
     ],
     [
      52,
      1,
      1
     ],
     [
      58,
      2,
      2
     ],
     [
      68,
      1,
      1
     ],
     [
      69,
      1,
      2
     ],
     [
      71,
      1,
      1
     ],
     [
      72,
      1,
      7
     ],
     [
      73,
      1,
      2
     ],
     [
      75,
      1,
      6
     ],
     [
      76,
      5,
      10
     ],
     [
      83,
      2,
      7
     ],
     [
      85,
      1,
      2
     ],
     [
      86,
      1,
      4
     ],
     [
      87,
      1,
      10
     ],
     [
      88,
      1,
      8
     ],
     [
      91,
      1,
      8
     ],
     [
      92,
      1,
      7
     ],
     [
      93,
      1,
      2
     ],
     [
      94,
      1,
      5
     ],
     [
      95,
      1,
      10
     ],
     [
      96,
      1,
      8
     ],
     [
      97,
      1,
      5
     ],
     [
      99,
      1,
      1
     ],
     [
      100,
      38,
      10
     ],
     [
      138,
      1,
      6
     ],
     [
      139,
      1,
      8
     ],
     [
      140,
      3,
      10
     ],
     [
      143,
      1,
      2
     ],
     [
      144,
      1,
      4
     ],
     [
      145,
      1,
      8
     ],
     [
      146,
      1,
      9
     ],
     [
      147,
      1,
      7
     ],
     [
      148,
      1,
      10
     ],
     [
      151,
      1,
      6
     ],
     [
      152,
      1,
      9
     ],
     [
      153,
      7,
      10
     ],
     [
      160,
      1,
      4
     ],
     [
      162,
      1,
      4
     ],
     [
      163,
      1,
      10
     ],
     [
      164,
      1,
      2
     ],
     [
      165,
      1,
      3
     ],
     [
      166,
      1,
      10
     ],
     [
      167,
      1,
      9
     ],
     [
      168,
      1,
      7
     ],
     [
      169,
      1,
      9
     ],
     [
      170,
      4,
      10
     ],
     [
      174,
      1,
      8
     ],
     [
      175,
      1,
      4
     ],
     [
      176,
      1,
      8
     ],
     [
      177,
      2,
      2
     ],
     [
      179,
      25,
      10
     ],
     [
      204,
      1,
      8
     ],
     [
      205,
      1,
      5
     ],
     [
      206,
      1,
      6
     ],
     [
      207,
      6,
      10
     ],
     [
      215,
      1,
      9
     ],
     [
      216,
      4,
      10
     ],
     [
      220,
      1,
      2
     ],
     [
      221,
      1,
      3
     ],
     [
      222,
      2,
      5
     ],
     [
      224,
      1,
      6
     ],
     [
      225,
      3,
      10
     ],
     [
      228,
      1,
      9
     ],
     [
      229,
      1,
      4
     ],
     [
      231,
      1,
      4
     ],
     [
      232,
      9,
      10
     ],
     [
      241,
      1,
      9
     ],
     [
      242,
      1,
      7
     ],
     [
      243,
      1,
      9
     ],
     [
      244,
      5,
      10
     ],
     [
      249,
      1,
      6
     ]
    ],
    "107": [
     [
      33,
      1,
      4
     ],
     [
      34,
      1,
      3
     ],
     [
      35,
      2,
      1
     ],
     [
      38,
      1,
      4
     ],
     [
      39,
      1,
      5
     ],
     [
      42,
      1,
      6
     ],
     [
      43,
      1,
      10
     ],
     [
      44,
      1,
      1
     ],
     [
      46,
      1,
      4
     ],
     [
      47,
      2,
      2
     ],
     [
      49,
      1,
      10
     ],
     [
      50,
      1,
      9
     ],
     [
      51,
      1,
      7
     ],
     [
      63,
      1,
      4
     ],
     [
      66,
      1,
      2
     ],
     [
      70,
      1,
      9
     ],
     [
      71,
      1,
      4
     ],
     [
      73,
      1,
      2
     ],
     [
      74,
      1,
      4
     ],
     [
      75,
      1,
      1
     ],
     [
      76,
      1,
      3
     ],
     [
      77,
      1,
      8
     ],
     [
      78,
      1,
      9
     ],
     [
      79,
      1,
      7
     ],
     [
      80,
      1,
      9
     ],
     [
      81,
      1,
      6
     ],
     [
      82,
      1,
      5
     ],
     [
      83,
      1,
      10
     ],
     [
      84,
      1,
      6
     ],
     [
      86,
      1,
      3
     ],
     [
      87,
      1,
      10
     ],
     [
      88,
      1,
      1
     ],
     [
      90,
      1,
      3
     ],
     [
      91,
      1,
      7
     ],
     [
      92,
      1,
      2
     ],
     [
      94,
      1,
      4
     ],
     [
      95,
      1,
      10
     ],
     [
      98,
      1,
      4
     ],
     [
      99,
      1,
      6
     ],
     [
      100,
      37,
      10
     ],
     [
      137,
      1,
      9
     ],
     [
      140,
      1,
      10
     ],
     [
      141,
      1,
      4
     ],
     [
      142,
      1,
      3
     ],
     [
      145,
      1,
      6
     ],
     [
      146,
      1,
      5
     ],
     [
      148,
      1,
      3
     ],
     [
      149,
      1,
      10
     ],
     [
      150,
      1,
      6
     ],
     [
      153,
      7,
      10
     ],
     [
      160,
      1,
      7
     ],
     [
      161,
      1,
      5
     ],
     [
      162,
      1,
      8
     ],
     [
      163,
      1,
      9
     ],
     [
      166,
      1,
      9
     ],
     [
      167,
      1,
      3
     ],
     [
      169,
      1,
      4
     ],
     [
      170,
      6,
      10
     ],
     [
      176,
      1,
      8
     ],
     [
      179,
      35,
      10
     ],
     [
      214,
      1,
      9
     ],
     [
      215,
      5,
      10
     ],
     [
      222,
      1,
      9
     ],
     [
      223,
      5,
      10
     ],
     [
      228,
      1,
      6
     ],
     [
      230,
      1,
      2
     ],
     [
      231,
      1,
      6
     ],
     [
      232,
      1,
      4
     ],
     [
      233,
      1,
      3
     ],
     [
      234,
      1,
      8
     ],
     [
      235,
      5,
      10
     ],
     [
      240,
      1,
      9
     ],
     [
      241,
      1,
      5
     ],
     [
      243,
      1,
      4
     ],
     [
      244,
      1,
      10
     ],
     [
      245,
      1,
      2
     ],
     [
      246,
      1,
      3
     ],
     [
      247,
      1,
      8
     ],
     [
      248,
      1,
      10
     ],
     [
      249,
      1,
      4
     ]
    ],
    "108": [
     [
      34,
      1,
      1
     ],
     [
      36,
      1,
      3
     ],
     [
      37,
      1,
      10
     ],
     [
      40,
      1,
      4
     ],
     [
      41,
      2,
      2
     ],
     [
      43,
      1,
      5
     ],
     [
      44,
      1,
      10
     ],
     [
      45,
      1,
      3
     ],
     [
      49,
      1,
      7
     ],
     [
      50,
      1,
      1
     ],
     [
      52,
      1,
      2
     ],
     [
      53,
      1,
      1
     ],
     [
      64,
      1,
      2
     ],
     [
      65,
      1,
      1
     ],
     [
      66,
      1,
      5
     ],
     [
      69,
      1,
      9
     ],
     [
      70,
      1,
      10
     ],
     [
      71,
      1,
      8
     ],
     [
      72,
      1,
      5
     ],
     [
      73,
      1,
      7
     ],
     [
      74,
      1,
      10
     ],
     [
      77,
      1,
      10
     ],
     [
      78,
      1,
      5
     ],
     [
      80,
      1,
      4
     ],
     [
      81,
      1,
      8
     ],
     [
      82,
      1,
      7
     ],
     [
      83,
      5,
      10
     ],
     [
      88,
      1,
      6
     ],
     [
      89,
      1,
      4
     ],
     [
      90,
      1,
      10
     ],
     [
      91,
      1,
      6
     ],
     [
      93,
      1,
      3
     ],
     [
      94,
      2,
      10
     ],
     [
      96,
      1,
      6
     ],
     [
      97,
      1,
      4
     ],
     [
      98,
      39,
      10
     ],
     [
      137,
      1,
      9
     ],
     [
      138,
      1,
      6
     ],
     [
      139,
      1,
      4
     ],
     [
      140,
      1,
      10
     ],
     [
      141,
      1,
      3
     ],
     [
      143,
      1,
      6
     ],
     [
      144,
      1,
      8
     ],
     [
      147,
      1,
      5
     ],
     [
      148,
      1,
      1
     ],
     [
      149,
      1,
      3
     ],
     [
      150,
      1,
      4
     ],
     [
      151,
      2,
      5
     ],
     [
      153,
      8,
      10
     ],
     [
      161,
      1,
      4
     ],
     [
      162,
      1,
      3
     ],
     [
      163,
      1,
      7
     ],
     [
      164,
      2,
      10
     ],
     [
      166,
      1,
      5
     ],
     [
      168,
      1,
      2
     ],
     [
      169,
      1,
      8
     ],
     [
      170,
      1,
      2
     ],
     [
      171,
      1,
      4
     ],
     [
      172,
      1,
      9
     ],
     [
      173,
      55,
      10
     ],
     [
      228,
      1,
      8
     ],
     [
      229,
      2,
      5
     ],
     [
      231,
      1,
      10
     ],
     [
      234,
      1,
      9
     ],
     [
      235,
      5,
      10
     ],
     [
      240,
      1,
      7
     ],
     [
      242,
      1,
      2
     ],
     [
      243,
      1,
      6
     ],
     [
      244,
      1,
      4
     ],
     [
      247,
      1,
      9
     ],
     [
      248,
      1,
      10
     ],
     [
      249,
      1,
      4
     ]
    ],
    "109": [
     [
      35,
      1,
      3
     ],
     [
      36,
      1,
      4
     ],
     [
      37,
      1,
      3
     ],
     [
      38,
      1,
      2
     ],
     [
      39,
      1,
      5
     ],
     [
      40,
      1,
      7
     ],
     [
      41,
      1,
      4
     ],
     [
      43,
      2,
      3
     ],
     [
      45,
      1,
      1
     ],
     [
      48,
      1,
      7
     ],
     [
      49,
      1,
      3
     ],
     [
      52,
      1,
      1
     ],
     [
      55,
      1,
      8
     ],
     [
      56,
      1,
      4
     ],
     [
      65,
      1,
      1
     ],
     [
      67,
      1,
      5
     ],
     [
      68,
      1,
      10
     ],
     [
      69,
      2,
      3
     ],
     [
      71,
      7,
      10
     ],
     [
      78,
      1,
      8
     ],
     [
      79,
      1,
      5
     ],
     [
      80,
      1,
      8
     ],
     [
      81,
      1,
      1
     ],
     [
      83,
      1,
      7
     ],
     [
      84,
      1,
      8
     ],
     [
      85,
      1,
      2
     ],
     [
      86,
      1,
      3
     ],
     [
      87,
      57,
      10
     ],
     [
      144,
      1,
      9
     ],
     [
      145,
      1,
      5
     ],
     [
      146,
      1,
      6
     ],
     [
      147,
      1,
      10
     ],
     [
      148,
      1,
      3
     ],
     [
      150,
      1,
      6
     ],
     [
      151,
      10,
      10
     ],
     [
      161,
      1,
      2
     ],
     [
      163,
      1,
      6
     ],
     [
      164,
      2,
      10
     ],
     [
      166,
      1,
      7
     ],
     [
      167,
      1,
      5
     ],
     [
      168,
      1,
      1
     ],
     [
      169,
      1,
      3
     ],
     [
      172,
      68,
      10
     ],
     [
      240,
      1,
      9
     ],
     [
      241,
      2,
      5
     ],
     [
      243,
      1,
      10
     ],
     [
      246,
      1,
      8
     ],
     [
      247,
      2,
      10
     ]
    ],
    "110": [
     [
      33,
      1,
      7
     ],
     [
      34,
      2,
      10
     ],
     [
      36,
      1,
      2
     ],
     [
      38,
      1,
      6
     ],
     [
      39,
      1,
      8
     ],
     [
      42,
      1,
      10
     ],
     [
      43,
      1,
      4
     ],
     [
      44,
      1,
      1
     ],
     [
      49,
      1,
      1
     ],
     [
      50,
      1,
      9
     ],
     [
      51,
      1,
      2
     ],
     [
      54,
      1,
      2
     ],
     [
      55,
      1,
      5
     ],
     [
      65,
      1,
      2
     ],
     [
      66,
      1,
      4
     ],
     [
      67,
      1,
      1
     ],
     [
      68,
      1,
      2
     ],
     [
      71,
      2,
      8
     ],
     [
      73,
      2,
      10
     ],
     [
      75,
      2,
      3
     ],
     [
      77,
      1,
      8
     ],
     [
      78,
      1,
      9
     ],
     [
      79,
      1,
      6
     ],
     [
      80,
      1,
      9
     ],
     [
      81,
      1,
      6
     ],
     [
      82,
      1,
      5
     ],
     [
      83,
      1,
      9
     ],
     [
      84,
      1,
      7
     ],
     [
      86,
      1,
      3
     ],
     [
      87,
      67,
      10
     ],
     [
      154,
      1,
      6
     ],
     [
      155,
      1,
      3
     ],
     [
      156,
      1,
      6
     ],
     [
      157,
      1,
      10
     ],
     [
      158,
      1,
      7
     ],
     [
      159,
      1,
      8
     ],
     [
      160,
      8,
      10
     ],
     [
      168,
      1,
      2
     ],
     [
      170,
      1,
      6
     ],
     [
      171,
      1,
      9
     ],
     [
      172,
      76,
      10
     ],
     [
      248,
      1,
      9
     ]
    ],
    "111": [
     [
      33,
      1,
      8
     ],
     [
      34,
      1,
      2
     ],
     [
      35,
      1,
      3
     ],
     [
      36,
      1,
      10
     ],
     [
      37,
      1,
      8
     ],
     [
      38,
      1,
      3
     ],
     [
      39,
      1,
      2
     ],
     [
      40,
      1,
      3
     ],
     [
      41,
      2,
      2
     ],
     [
      43,
      1,
      1
     ],
     [
      45,
      1,
      4
     ],
     [
      49,
      1,
      2
     ],
     [
      50,
      1,
      1
     ],
     [
      53,
      1,
      4
     ],
     [
      54,
      1,
      2
     ],
     [
      57,
      1,
      2
     ],
     [
      64,
      1,
      2
     ],
     [
      65,
      2,
      10
     ],
     [
      69,
      1,
      8
     ],
     [
      70,
      1,
      5
     ],
     [
      72,
      1,
      3
     ],
     [
      73,
      1,
      10
     ],
     [
      74,
      1,
      4
     ],
     [
      77,
      1,
      9
     ],
     [
      78,
      1,
      6
     ],
     [
      80,
      1,
      3
     ],
     [
      81,
      1,
      10
     ],
     [
      82,
      1,
      2
     ],
     [
      83,
      1,
      3
     ],
     [
      84,
      1,
      8
     ],
     [
      85,
      5,
      10
     ],
     [
      90,
      1,
      8
     ],
     [
      91,
      1,
      3
     ],
     [
      92,
      1,
      4
     ],
     [
      93,
      61,
      10
     ],
     [
      154,
      1,
      4
     ],
     [
      156,
      1,
      4
     ],
     [
      157,
      1,
      7
     ],
     [
      160,
      5,
      10
     ],
     [
      165,
      1,
      7
     ],
     [
      166,
      1,
      8
     ],
     [
      167,
      11,
      10
     ],
     [
      178,
      1,
      6
     ],
     [
      179,
      1,
      8
     ],
     [
      180,
      68,
      10
     ],
     [
      248,
      1,
      7
     ]
    ],
    "112": [
     [
      27,
      1,
      1
     ],
     [
      28,
      1,
      4
     ],
     [
      31,
      2,
      6
     ],
     [
      33,
      1,
      2
     ],
     [
      35,
      1,
      3
     ],
     [
      36,
      1,
      4
     ],
     [
      37,
      1,
      1
     ],
     [
      40,
      1,
      6
     ],
     [
      41,
      1,
      5
     ],
     [
      43,
      2,
      3
     ],
     [
      47,
      1,
      3
     ],
     [
      48,
      1,
      7
     ],
     [
      49,
      1,
      4
     ],
     [
      51,
      1,
      1
     ],
     [
      52,
      1,
      7
     ],
     [
      56,
      2,
      1
     ],
     [
      59,
      1,
      2
     ],
     [
      60,
      1,
      1
     ],
     [
      63,
      1,
      4
     ],
     [
      64,
      1,
      6
     ],
     [
      65,
      5,
      10
     ],
     [
      70,
      1,
      8
     ],
     [
      71,
      1,
      6
     ],
     [
      72,
      1,
      5
     ],
     [
      73,
      1,
      10
     ],
     [
      76,
      1,
      8
     ],
     [
      77,
      1,
      10
     ],
     [
      78,
      1,
      8
     ],
     [
      79,
      1,
      5
     ],
     [
      80,
      1,
      6
     ],
     [
      81,
      1,
      10
     ],
     [
      84,
      1,
      9
     ],
     [
      85,
      4,
      10
     ],
     [
      89,
      2,
      2
     ],
     [
      92,
      1,
      2
     ],
     [
      93,
      62,
      10
     ],
     [
      155,
      2,
      8
     ],
     [
      159,
      1,
      4
     ],
     [
      160,
      4,
      10
     ],
     [
      164,
      1,
      7
     ],
     [
      167,
      10,
      10
     ],
     [
      177,
      1,
      9
     ],
     [
      180,
      68,
      10
     ],
     [
      248,
      1,
      5
     ]
    ],
    "113": [
     [
      30,
      1,
      2
     ],
     [
      31,
      1,
      1
     ],
     [
      34,
      1,
      1
     ],
     [
      35,
      1,
      7
     ],
     [
      36,
      1,
      3
     ],
     [
      38,
      1,
      2
     ],
     [
      39,
      1,
      6
     ],
     [
      42,
      2,
      10
     ],
     [
      44,
      1,
      3
     ],
     [
      46,
      1,
      2
     ],
     [
      47,
      1,
      7
     ],
     [
      50,
      1,
      6
     ],
     [
      51,
      2,
      3
     ],
     [
      53,
      1,
      2
     ],
     [
      54,
      1,
      5
     ],
     [
      55,
      1,
      4
     ],
     [
      59,
      1,
      1
     ],
     [
      63,
      1,
      7
     ],
     [
      64,
      1,
      9
     ],
     [
      65,
      2,
      10
     ],
     [
      67,
      1,
      4
     ],
     [
      68,
      1,
      3
     ],
     [
      69,
      1,
      8
     ],
     [
      70,
      8,
      10
     ],
     [
      78,
      1,
      9
     ],
     [
      79,
      2,
      8
     ],
     [
      81,
      8,
      10
     ],
     [
      91,
      2,
      9
     ],
     [
      93,
      62,
      10
     ],
     [
      155,
      1,
      4
     ],
     [
      157,
      1,
      3
     ],
     [
      158,
      2,
      2
     ],
     [
      160,
      1,
      3
     ],
     [
      161,
      3,
      10
     ],
     [
      166,
      1,
      4
     ],
     [
      167,
      10,
      10
     ],
     [
      177,
      1,
      9
     ],
     [
      178,
      1,
      6
     ],
     [
      179,
      1,
      5
     ],
     [
      180,
      68,
      10
     ],
     [
      248,
      1,
      3
     ]
    ],
    "114": [
     [
      29,
      1,
      2
     ],
     [
      30,
      1,
      8
     ],
     [
      33,
      1,
      2
     ],
     [
      36,
      1,
      4
     ],
     [
      37,
      1,
      8
     ],
     [
      38,
      1,
      7
     ],
     [
      39,
      1,
      9
     ],
     [
      40,
      2,
      5
     ],
     [
      42,
      3,
      10
     ],
     [
      45,
      1,
      8
     ],
     [
      46,
      1,
      7
     ],
     [
      47,
      1,
      9
     ],
     [
      48,
      1,
      5
     ],
     [
      49,
      1,
      2
     ],
     [
      54,
      1,
      1
     ],
     [
      57,
      2,
      2
     ],
     [
      64,
      1,
      1
     ],
     [
      65,
      2,
      10
     ],
     [
      67,
      1,
      1
     ],
     [
      69,
      1,
      7
     ],
     [
      70,
      4,
      10
     ],
     [
      74,
      1,
      4
     ],
     [
      75,
      1,
      3
     ],
     [
      76,
      1,
      8
     ],
     [
      77,
      1,
      10
     ],
     [
      78,
      1,
      4
     ],
     [
      80,
      1,
      3
     ],
     [
      81,
      67,
      10
     ],
     [
      148,
      1,
      9
     ],
     [
      149,
      1,
      7
     ],
     [
      150,
      5,
      10
     ],
     [
      155,
      1,
      7
     ],
     [
      156,
      1,
      3
     ],
     [
      157,
      1,
      8
     ],
     [
      158,
      1,
      7
     ],
     [
      160,
      1,
      1
     ],
     [
      161,
      2,
      10
     ],
     [
      163,
      1,
      9
     ],
     [
      164,
      1,
      6
     ],
     [
      165,
      2,
      2
     ],
     [
      167,
      1,
      3
     ],
     [
      168,
      80,
      10
     ]
    ],
    "115": [
     [
      28,
      1,
      2
     ],
     [
      31,
      2,
      6
     ],
     [
      33,
      1,
      2
     ],
     [
      35,
      1,
      1
     ],
     [
      36,
      1,
      6
     ],
     [
      37,
      1,
      3
     ],
     [
      39,
      2,
      6
     ],
     [
      41,
      2,
      3
     ],
     [
      43,
      2,
      10
     ],
     [
      45,
      1,
      2
     ],
     [
      47,
      1,
      6
     ],
     [
      48,
      1,
      5
     ],
     [
      49,
      1,
      2
     ],
     [
      51,
      1,
      3
     ],
     [
      52,
      1,
      10
     ],
     [
      55,
      1,
      3
     ],
     [
      56,
      1,
      2
     ],
     [
      64,
      2,
      2
     ],
     [
      66,
      1,
      6
     ],
     [
      67,
      1,
      10
     ],
     [
      68,
      2,
      8
     ],
     [
      70,
      4,
      10
     ],
     [
      76,
      1,
      8
     ],
     [
      77,
      1,
      6
     ],
     [
      79,
      1,
      2
     ],
     [
      80,
      1,
      5
     ],
     [
      81,
      67,
      10
     ],
     [
      148,
      1,
      4
     ],
     [
      150,
      1,
      4
     ],
     [
      151,
      1,
      10
     ],
     [
      152,
      2,
      2
     ],
     [
      154,
      1,
      10
     ],
     [
      155,
      1,
      9
     ],
     [
      156,
      1,
      7
     ],
     [
      157,
      1,
      9
     ],
     [
      158,
      7,
      10
     ],
     [
      165,
      1,
      7
     ],
     [
      167,
      1,
      1
     ],
     [
      168,
      1,
      9
     ],
     [
      169,
      1,
      7
     ],
     [
      170,
      77,
      10
     ],
     [
      247,
      1,
      9
     ]
    ],
    "116": [
     [
      27,
      3,
      7
     ],
     [
      30,
      1,
      4
     ],
     [
      31,
      1,
      1
     ],
     [
      34,
      1,
      1
     ],
     [
      35,
      1,
      4
     ],
     [
      36,
      1,
      3
     ],
     [
      37,
      1,
      2
     ],
     [
      38,
      1,
      4
     ],
     [
      39,
      1,
      1
     ],
     [
      42,
      1,
      1
     ],
     [
      43,
      1,
      4
     ],
     [
      44,
      1,
      3
     ],
     [
      45,
      1,
      2
     ],
     [
      46,
      1,
      5
     ],
     [
      47,
      1,
      6
     ],
     [
      52,
      1,
      3
     ],
     [
      56,
      1,
      2
     ],
     [
      58,
      2,
      2
     ],
     [
      63,
      1,
      2
     ],
     [
      64,
      1,
      4
     ],
     [
      66,
      1,
      3
     ],
     [
      67,
      1,
      10
     ],
     [
      70,
      1,
      7
     ],
     [
      71,
      6,
      10
     ],
     [
      77,
      1,
      9
     ],
     [
      78,
      1,
      4
     ],
     [
      79,
      1,
      6
     ],
     [
      80,
      68,
      10
     ],
     [
      148,
      1,
      7
     ],
     [
      149,
      1,
      4
     ],
     [
      150,
      2,
      8
     ],
     [
      154,
      1,
      10
     ],
     [
      155,
      1,
      4
     ],
     [
      157,
      1,
      5
     ],
     [
      158,
      10,
      10
     ],
     [
      168,
      1,
      4
     ],
     [
      170,
      1,
      4
     ],
     [
      171,
      4,
      10
     ],
     [
      175,
      1,
      9
     ],
     [
      176,
      1,
      7
     ],
     [
      177,
      1,
      9
     ],
     [
      178,
      69,
      10
     ],
     [
      247,
      1,
      7
     ]
    ],
    "117": [
     [
      28,
      1,
      2
     ],
     [
      29,
      1,
      8
     ],
     [
      30,
      1,
      4
     ],
     [
      33,
      1,
      4
     ],
     [
      34,
      1,
      5
     ],
     [
      37,
      1,
      2
     ],
     [
      38,
      1,
      7
     ],
     [
      41,
      1,
      5
     ],
     [
      42,
      1,
      4
     ],
     [
      45,
      1,
      3
     ],
     [
      46,
      1,
      2
     ],
     [
      49,
      1,
      4
     ],
     [
      50,
      1,
      3
     ],
     [
      65,
      3,
      10
     ],
     [
      68,
      1,
      6
     ],
     [
      69,
      1,
      4
     ],
     [
      70,
      66,
      10
     ],
     [
      136,
      2,
      3
     ],
     [
      138,
      1,
      6
     ],
     [
      139,
      16,
      10
     ],
     [
      155,
      1,
      8
     ],
     [
      156,
      1,
      4
     ],
     [
      157,
      1,
      8
     ],
     [
      158,
      10,
      10
     ],
     [
      168,
      1,
      7
     ],
     [
      169,
      1,
      4
     ],
     [
      170,
      1,
      8
     ],
     [
      171,
      4,
      10
     ],
     [
      175,
      1,
      3
     ],
     [
      177,
      1,
      5
     ],
     [
      178,
      69,
      10
     ],
     [
      247,
      1,
      3
     ]
    ],
    "118": [
     [
      28,
      1,
      4
     ],
     [
      29,
      1,
      3
     ],
     [
      32,
      2,
      2
     ],
     [
      34,
      1,
      1
     ],
     [
      35,
      1,
      5
     ],
     [
      36,
      1,
      4
     ],
     [
      37,
      1,
      2
     ],
     [
      39,
      2,
      6
     ],
     [
      41,
      1,
      2
     ],
     [
      42,
      1,
      1
     ],
     [
      43,
      1,
      5
     ],
     [
      44,
      1,
      4
     ],
     [
      45,
      1,
      1
     ],
     [
      48,
      2,
      2
     ],
     [
      50,
      1,
      3
     ],
     [
      51,
      1,
      7
     ],
     [
      65,
      1,
      2
     ],
     [
      66,
      1,
      5
     ],
     [
      67,
      1,
      10
     ],
     [
      68,
      1,
      8
     ],
     [
      69,
      1,
      7
     ],
     [
      70,
      15,
      10
     ],
     [
      85,
      1,
      7
     ],
     [
      86,
      1,
      9
     ],
     [
      87,
      49,
      10
     ],
     [
      136,
      1,
      3
     ],
     [
      138,
      1,
      6
     ],
     [
      139,
      36,
      10
     ],
     [
      175,
      1,
      8
     ],
     [
      176,
      1,
      5
     ],
     [
      177,
      1,
      8
     ],
     [
      178,
      69,
      10
     ],
     [
      247,
      1,
      3
     ]
    ],
    "119": [
     [
      28,
      1,
      2
     ],
     [
      29,
      1,
      8
     ],
     [
      30,
      1,
      5
     ],
     [
      32,
      1,
      2
     ],
     [
      35,
      1,
      8
     ],
     [
      36,
      1,
      3
     ],
     [
      38,
      1,
      3
     ],
     [
      39,
      1,
      7
     ],
     [
      42,
      1,
      1
     ],
     [
      43,
      1,
      4
     ],
     [
      44,
      1,
      1
     ],
     [
      46,
      1,
      3
     ],
     [
      47,
      1,
      5
     ],
     [
      48,
      1,
      2
     ],
     [
      50,
      1,
      1
     ],
     [
      51,
      1,
      3
     ],
     [
      66,
      1,
      3
     ],
     [
      67,
      1,
      10
     ],
     [
      70,
      2,
      7
     ],
     [
      72,
      1,
      2
     ],
     [
      73,
      1,
      5
     ],
     [
      74,
      10,
      10
     ],
     [
      84,
      1,
      6
     ],
     [
      86,
      1,
      1
     ],
     [
      87,
      55,
      10
     ],
     [
      142,
      1,
      4
     ],
     [
      143,
      1,
      3
     ],
     [
      144,
      1,
      6
     ],
     [
      145,
      1,
      10
     ],
     [
      146,
      1,
      6
     ],
     [
      147,
      1,
      8
     ],
     [
      148,
      19,
      10
     ],
     [
      167,
      1,
      9
     ],
     [
      168,
      1,
      7
     ],
     [
      169,
      78,
      10
     ]
    ],
    "120": [
     [
      29,
      1,
      7
     ],
     [
      30,
      1,
      3
     ],
     [
      36,
      1,
      2
     ],
     [
      37,
      1,
      4
     ],
     [
      38,
      1,
      1
     ],
     [
      39,
      1,
      2
     ],
     [
      40,
      1,
      4
     ],
     [
      41,
      1,
      3
     ],
     [
      42,
      1,
      4
     ],
     [
      45,
      1,
      2
     ],
     [
      46,
      1,
      1
     ],
     [
      49,
      1,
      1
     ],
     [
      50,
      1,
      3
     ],
     [
      53,
      1,
      2
     ],
     [
      65,
      1,
      1
     ],
     [
      66,
      1,
      8
     ],
     [
      67,
      1,
      10
     ],
     [
      68,
      1,
      6
     ],
     [
      69,
      1,
      5
     ],
     [
      70,
      1,
      7
     ],
     [
      71,
      1,
      2
     ],
     [
      73,
      1,
      3
     ],
     [
      74,
      10,
      10
     ],
     [
      84,
      1,
      9
     ],
     [
      85,
      1,
      5
     ],
     [
      86,
      1,
      6
     ],
     [
      87,
      55,
      10
     ],
     [
      142,
      1,
      3
     ],
     [
      144,
      1,
      6
     ],
     [
      145,
      1,
      9
     ],
     [
      148,
      1,
      10
     ],
     [
      149,
      1,
      5
     ],
     [
      150,
      1,
      3
     ],
     [
      151,
      1,
      6
     ],
     [
      152,
      14,
      10
     ],
     [
      166,
      1,
      6
     ],
     [
      167,
      1,
      5
     ],
     [
      169,
      1,
      3
     ],
     [
      170,
      1,
      10
     ],
     [
      171,
      1,
      2
     ],
     [
      172,
      1,
      4
     ],
     [
      173,
      1,
      8
     ],
     [
      174,
      72,
      10
     ],
     [
      246,
      1,
      9
     ]
    ],
    "121": [
     [
      37,
      1,
      2
     ],
     [
      40,
      1,
      7
     ],
     [
      41,
      1,
      1
     ],
     [
      43,
      1,
      2
     ],
     [
      44,
      1,
      4
     ],
     [
      45,
      1,
      8
     ],
     [
      48,
      1,
      2
     ],
     [
      51,
      1,
      2
     ],
     [
      52,
      1,
      4
     ],
     [
      53,
      1,
      3
     ],
     [
      65,
      1,
      7
     ],
     [
      66,
      4,
      10
     ],
     [
      70,
      1,
      7
     ],
     [
      72,
      1,
      3
     ],
     [
      73,
      72,
      10
     ],
     [
      145,
      1,
      9
     ],
     [
      146,
      1,
      5
     ],
     [
      147,
      1,
      4
     ],
     [
      148,
      1,
      10
     ],
     [
      149,
      1,
      3
     ],
     [
      151,
      1,
      6
     ],
     [
      152,
      8,
      10
     ],
     [
      160,
      1,
      8
     ],
     [
      161,
      1,
      2
     ],
     [
      162,
      1,
      3
     ],
     [
      163,
      2,
      10
     ],
     [
      165,
      1,
      9
     ],
     [
      168,
      1,
      4
     ],
     [
      169,
      1,
      2
     ],
     [
      170,
      1,
      3
     ],
     [
      173,
      73,
      10
     ],
     [
      246,
      1,
      6
     ]
    ],
    "122": [
     [
      40,
      1,
      2
     ],
     [
      43,
      2,
      2
     ],
     [
      46,
      1,
      2
     ],
     [
      47,
      1,
      7
     ],
     [
      48,
      1,
      2
     ],
     [
      50,
      1,
      1
     ],
     [
      51,
      1,
      6
     ],
     [
      52,
      1,
      3
     ],
     [
      58,
      1,
      4
     ],
     [
      65,
      1,
      2
     ],
     [
      66,
      6,
      10
     ],
     [
      72,
      1,
      9
     ],
     [
      73,
      2,
      10
     ],
     [
      75,
      1,
      8
     ],
     [
      76,
      1,
      7
     ],
     [
      77,
      83,
      10
     ],
     [
      160,
      1,
      7
     ],
     [
      162,
      1,
      2
     ],
     [
      163,
      2,
      10
     ],
     [
      165,
      1,
      9
     ],
     [
      166,
      2,
      5
     ],
     [
      168,
      1,
      10
     ],
     [
      169,
      1,
      3
     ],
     [
      171,
      1,
      6
     ],
     [
      172,
      1,
      9
     ],
     [
      173,
      73,
      10
     ],
     [
      246,
      1,
      4
     ]
    ],
    "123": [
     [
      44,
      2,
      2
     ],
     [
      50,
      2,
      8
     ],
     [
      52,
      1,
      7
     ],
     [
      53,
      1,
      4
     ],
     [
      57,
      1,
      1
     ],
     [
      58,
      1,
      4
     ],
     [
      66,
      1,
      6
     ],
     [
      67,
      3,
      10
     ],
     [
      70,
      1,
      8
     ],
     [
      71,
      2,
      3
     ],
     [
      73,
      2,
      10
     ],
     [
      75,
      1,
      2
     ],
     [
      77,
      1,
      7
     ],
     [
      78,
      50,
      10
     ],
     [
      128,
      1,
      7
     ],
     [
      129,
      1,
      8
     ],
     [
      130,
      6,
      10
     ],
     [
      136,
      1,
      9
     ],
     [
      137,
      1,
      7
     ],
     [
      138,
      7,
      10
     ],
     [
      145,
      2,
      8
     ],
     [
      147,
      28,
      10
     ],
     [
      175,
      1,
      6
     ],
     [
      176,
      1,
      3
     ],
     [
      177,
      1,
      6
     ],
     [
      178,
      68,
      10
     ],
     [
      246,
      1,
      3
     ]
    ],
    "124": [
     [
      20,
      2,
      2
     ],
     [
      48,
      1,
      8
     ],
     [
      49,
      1,
      5
     ],
     [
      51,
      1,
      3
     ],
     [
      52,
      1,
      8
     ],
     [
      53,
      1,
      4
     ],
     [
      56,
      1,
      4
     ],
     [
      57,
      1,
      5
     ],
     [
      60,
      1,
      2
     ],
     [
      61,
      1,
      7
     ],
     [
      65,
      1,
      2
     ],
     [
      66,
      1,
      7
     ],
     [
      67,
      3,
      10
     ],
     [
      70,
      1,
      7
     ],
     [
      72,
      1,
      3
     ],
     [
      73,
      2,
      10
     ],
     [
      75,
      1,
      6
     ],
     [
      76,
      1,
      5
     ],
     [
      77,
      50,
      10
     ],
     [
      127,
      1,
      6
     ],
     [
      129,
      1,
      2
     ],
     [
      130,
      6,
      10
     ],
     [
      136,
      1,
      4
     ],
     [
      138,
      1,
      5
     ],
     [
      139,
      1,
      10
     ],
     [
      140,
      1,
      2
     ],
     [
      141,
      1,
      3
     ],
     [
      142,
      2,
      10
     ],
     [
      144,
      1,
      5
     ],
     [
      147,
      1,
      8
     ],
     [
      148,
      1,
      5
     ],
     [
      149,
      1,
      3
     ],
     [
      150,
      1,
      6
     ],
     [
      151,
      24,
      10
     ],
     [
      175,
      1,
      4
     ],
     [
      177,
      1,
      4
     ],
     [
      178,
      68,
      10
     ]
    ],
    "125": [
     [
      18,
      1,
      4
     ],
     [
      19,
      1,
      2
     ],
     [
      47,
      1,
      5
     ],
     [
      48,
      1,
      2
     ],
     [
      49,
      1,
      1
     ],
     [
      50,
      1,
      6
     ],
     [
      51,
      1,
      5
     ],
     [
      52,
      1,
      3
     ],
     [
      55,
      1,
      7
     ],
     [
      56,
      1,
      2
     ],
     [
      57,
      1,
      1
     ],
     [
      58,
      1,
      5
     ],
     [
      59,
      2,
      4
     ],
     [
      61,
      1,
      2
     ],
     [
      63,
      1,
      1
     ],
     [
      64,
      1,
      3
     ],
     [
      65,
      1,
      7
     ],
     [
      66,
      6,
      10
     ],
     [
      72,
      1,
      9
     ],
     [
      73,
      54,
      10
     ],
     [
      127,
      1,
      9
     ],
     [
      128,
      1,
      5
     ],
     [
      129,
      1,
      6
     ],
     [
      130,
      6,
      10
     ],
     [
      136,
      1,
      7
     ],
     [
      137,
      1,
      3
     ],
     [
      138,
      1,
      8
     ],
     [
      139,
      1,
      7
     ],
     [
      142,
      2,
      10
     ],
     [
      146,
      1,
      2
     ],
     [
      147,
      1,
      1
     ],
     [
      150,
      1,
      4
     ],
     [
      151,
      12,
      10
     ],
     [
      163,
      1,
      9
     ],
     [
      164,
      1,
      7
     ],
     [
      165,
      1,
      9
     ],
     [
      166,
      10,
      10
     ],
     [
      176,
      1,
      9
     ],
     [
      177,
      1,
      7
     ],
     [
      178,
      67,
      10
     ],
     [
      245,
      1,
      8
     ]
    ],
    "126": [
     [
      19,
      1,
      2
     ],
     [
      50,
      2,
      8
     ],
     [
      52,
      1,
      7
     ],
     [
      53,
      1,
      2
     ],
     [
      54,
      1,
      5
     ],
     [
      55,
      1,
      2
     ],
     [
      59,
      1,
      1
     ],
     [
      62,
      1,
      7
     ],
     [
      63,
      1,
      1
     ],
     [
      64,
      1,
      3
     ],
     [
      65,
      68,
      10
     ],
     [
      133,
      1,
      2
     ],
     [
      134,
      1,
      3
     ],
     [
      135,
      1,
      10
     ],
     [
      136,
      1,
      9
     ],
     [
      137,
      1,
      7
     ],
     [
      138,
      1,
      9
     ],
     [
      139,
      7,
      10
     ],
     [
      146,
      1,
      7
     ],
     [
      149,
      1,
      6
     ],
     [
      150,
      1,
      9
     ],
     [
      151,
      7,
      10
     ],
     [
      158,
      1,
      4
     ],
     [
      159,
      1,
      3
     ],
     [
      160,
      1,
      8
     ],
     [
      161,
      2,
      10
     ],
     [
      163,
      1,
      3
     ],
     [
      165,
      1,
      4
     ],
     [
      166,
      10,
      10
     ],
     [
      176,
      1,
      4
     ],
     [
      178,
      1,
      5
     ],
     [
      179,
      66,
      10
     ],
     [
      245,
      1,
      7
     ]
    ],
    "127": [
     [
      59,
      2,
      2
     ],
     [
      61,
      1,
      4
     ],
     [
      62,
      1,
      5
     ],
     [
      64,
      1,
      1
     ],
     [
      65,
      67,
      10
     ],
     [
      132,
      1,
      8
     ],
     [
      135,
      1,
      10
     ],
     [
      136,
      1,
      4
     ],
     [
      138,
      1,
      4
     ],
     [
      139,
      1,
      10
     ],
     [
      140,
      1,
      1
     ],
     [
      141,
      1,
      4
     ],
     [
      142,
      2,
      9
     ],
     [
      144,
      1,
      7
     ],
     [
      145,
      1,
      9
     ],
     [
      146,
      10,
      10
     ],
     [
      156,
      1,
      9
     ],
     [
      157,
      1,
      7
     ],
     [
      160,
      1,
      7
     ],
     [
      161,
      2,
      10
     ],
     [
      163,
      1,
      8
     ],
     [
      164,
      1,
      4
     ],
     [
      165,
      1,
      8
     ],
     [
      166,
      10,
      10
     ],
     [
      176,
      1,
      7
     ],
     [
      177,
      1,
      4
     ],
     [
      178,
      1,
      8
     ],
     [
      179,
      66,
      10
     ],
     [
      245,
      1,
      4
     ]
    ],
    "128": [
     [
      50,
      1,
      2
     ],
     [
      51,
      1,
      1
     ],
     [
      59,
      2,
      2
     ],
     [
      62,
      1,
      7
     ],
     [
      63,
      1,
      10
     ],
     [
      64,
      1,
      9
     ],
     [
      65,
      69,
      10
     ],
     [
      134,
      1,
      7
     ],
     [
      135,
      2,
      8
     ],
     [
      137,
      1,
      5
     ],
     [
      138,
      1,
      8
     ],
     [
      139,
      1,
      2
     ],
     [
      142,
      1,
      9
     ],
     [
      143,
      1,
      3
     ],
     [
      145,
      1,
      4
     ],
     [
      146,
      10,
      10
     ],
     [
      156,
      1,
      4
     ],
     [
      158,
      1,
      4
     ],
     [
      159,
      86,
      10
     ],
     [
      245,
      1,
      2
     ]
    ],
    "129": [
     [
      30,
      1,
      4
     ],
     [
      51,
      1,
      1
     ],
     [
      53,
      1,
      2
     ],
     [
      54,
      1,
      1
     ],
     [
      61,
      1,
      3
     ],
     [
      62,
      1,
      8
     ],
     [
      63,
      70,
      10
     ],
     [
      133,
      1,
      8
     ],
     [
      136,
      1,
      10
     ],
     [
      137,
      2,
      3
     ],
     [
      141,
      1,
      7
     ],
     [
      142,
      1,
      4
     ],
     [
      144,
      1,
      2
     ],
     [
      145,
      1,
      6
     ],
     [
      146,
      1,
      7
     ],
     [
      147,
      9,
      10
     ],
     [
      156,
      1,
      7
     ],
     [
      157,
      1,
      5
     ],
     [
      158,
      1,
      8
     ],
     [
      159,
      86,
      10
     ]
    ],
    "130": [
     [
      52,
      1,
      1
     ],
     [
      53,
      1,
      2
     ],
     [
      56,
      1,
      8
     ],
     [
      57,
      1,
      6
     ],
     [
      58,
      1,
      5
     ],
     [
      59,
      1,
      8
     ],
     [
      60,
      1,
      3
     ],
     [
      61,
      1,
      8
     ],
     [
      62,
      69,
      10
     ],
     [
      131,
      2,
      8
     ],
     [
      133,
      1,
      9
     ],
     [
      134,
      1,
      5
     ],
     [
      135,
      1,
      6
     ],
     [
      136,
      1,
      10
     ],
     [
      137,
      1,
      2
     ],
     [
      139,
      1,
      6
     ],
     [
      140,
      1,
      7
     ],
     [
      143,
      1,
      5
     ],
     [
      144,
      2,
      1
     ],
     [
      147,
      1,
      6
     ],
     [
      148,
      96,
      10
     ],
     [
      244,
      1,
      8
     ]
    ],
    "131": [
     [
      51,
      1,
      2
     ],
     [
      52,
      1,
      4
     ],
     [
      55,
      1,
      2
     ],
     [
      56,
      1,
      6
     ],
     [
      58,
      1,
      1
     ],
     [
      59,
      72,
      10
     ],
     [
      131,
      1,
      2
     ],
     [
      133,
      1,
      6
     ],
     [
      134,
      1,
      5
     ],
     [
      135,
      2,
      3
     ],
     [
      137,
      1,
      10
     ],
     [
      138,
      1,
      8
     ],
     [
      139,
      1,
      7
     ],
     [
      140,
      1,
      9
     ],
     [
      141,
      1,
      5
     ],
     [
      142,
      1,
      6
     ],
     [
      143,
      1,
      10
     ],
     [
      144,
      1,
      3
     ],
     [
      146,
      1,
      2
     ],
     [
      147,
      97,
      10
     ],
     [
      244,
      1,
      6
     ]
    ],
    "132": [
     [
      42,
      1,
      2
     ],
     [
      54,
      1,
      4
     ],
     [
      55,
      2,
      2
     ],
     [
      57,
      1,
      4
     ],
     [
      58,
      1,
      6
     ],
     [
      59,
      72,
      10
     ],
     [
      131,
      1,
      5
     ],
     [
      132,
      1,
      4
     ],
     [
      133,
      1,
      8
     ],
     [
      136,
      1,
      2
     ],
     [
      137,
      1,
      5
     ],
     [
      138,
      1,
      1
     ],
     [
      140,
      1,
      6
     ],
     [
      141,
      103,
      10
     ],
     [
      244,
      1,
      3
     ]
    ],
    "133": [
     [
      42,
      1,
      2
     ],
     [
      49,
      2,
      2
     ],
     [
      52,
      1,
      1
     ],
     [
      53,
      1,
      7
     ],
     [
      57,
      1,
      7
     ],
     [
      58,
      1,
      8
     ],
     [
      59,
      60,
      10
     ],
     [
      119,
      2,
      8
     ],
     [
      121,
      2,
      10
     ],
     [
      123,
      1,
      5
     ],
     [
      124,
      1,
      3
     ],
     [
      125,
      1,
      6
     ],
     [
      126,
      7,
      10
     ],
     [
      133,
      1,
      9
     ],
     [
      134,
      1,
      6
     ],
     [
      135,
      1,
      4
     ],
     [
      136,
      1,
      10
     ],
     [
      137,
      1,
      4
     ],
     [
      139,
      1,
      2
     ],
     [
      140,
      1,
      9
     ],
     [
      141,
      103,
      10
     ],
     [
      244,
      1,
      2
     ]
    ],
    "134": [
     [
      51,
      1,
      10
     ],
     [
      52,
      1,
      4
     ],
     [
      53,
      1,
      3
     ],
     [
      54,
      1,
      2
     ],
     [
      55,
      1,
      4
     ],
     [
      56,
      1,
      6
     ],
     [
      58,
      1,
      1
     ],
     [
      59,
      60,
      10
     ],
     [
      121,
      1,
      8
     ],
     [
      122,
      1,
      6
     ],
     [
      123,
      1,
      1
     ],
     [
      125,
      1,
      4
     ],
     [
      126,
      2,
      8
     ],
     [
      128,
      116,
      10
     ]
    ],
    "135": [
     [
      49,
      1,
      4
     ],
     [
      50,
      2,
      2
     ],
     [
      52,
      1,
      1
     ],
     [
      54,
      1,
      4
     ],
     [
      55,
      1,
      7
     ],
     [
      56,
      1,
      9
     ],
     [
      57,
      1,
      5
     ],
     [
      58,
      1,
      6
     ],
     [
      59,
      59,
      10
     ],
     [
      118,
      1,
      9
     ],
     [
      119,
      1,
      6
     ],
     [
      120,
      1,
      2
     ],
     [
      121,
      1,
      1
     ],
     [
      124,
      1,
      2
     ],
     [
      125,
      1,
      4
     ],
     [
      128,
      1,
      8
     ],
     [
      129,
      114,
      10
     ],
     [
      243,
      1,
      8
     ]
    ],
    "136": [
     [
      48,
      1,
      6
     ],
     [
      49,
      1,
      4
     ],
     [
      50,
      1,
      2
     ],
     [
      52,
      1,
      2
     ],
     [
      53,
      1,
      7
     ],
     [
      56,
      2,
      7
     ],
     [
      58,
      1,
      2
     ],
     [
      59,
      1,
      4
     ],
     [
      60,
      1,
      10
     ],
     [
      61,
      1,
      8
     ],
     [
      62,
      1,
      7
     ],
     [
      63,
      57,
      10
     ],
     [
      120,
      1,
      7
     ],
     [
      123,
      1,
      6
     ],
     [
      124,
      1,
      2
     ],
     [
      127,
      2,
      2
     ],
     [
      129,
      1,
      3
     ],
     [
      130,
      113,
      10
     ],
     [
      243,
      1,
      6
     ]
    ],
    "137": [
     [
      48,
      1,
      6
     ],
     [
      56,
      1,
      7
     ],
     [
      57,
      1,
      2
     ],
     [
      59,
      1,
      3
     ],
     [
      60,
      1,
      10
     ],
     [
      61,
      1,
      1
     ],
     [
      63,
      1,
      6
     ],
     [
      64,
      58,
      10
     ],
     [
      122,
      1,
      7
     ],
     [
      123,
      2,
      8
     ],
     [
      125,
      1,
      4
     ],
     [
      126,
      2,
      8
     ],
     [
      130,
      113,
      10
     ],
     [
      243,
      1,
      4
     ]
    ],
    "138": [
     [
      10,
      1,
      4
     ],
     [
      56,
      1,
      2
     ],
     [
      58,
      1,
      3
     ],
     [
      59,
      2,
      10
     ],
     [
      61,
      1,
      6
     ],
     [
      62,
      1,
      4
     ],
     [
      63,
      58,
      10
     ],
     [
      121,
      1,
      6
     ],
     [
      123,
      1,
      1
     ],
     [
      124,
      44,
      10
     ],
     [
      168,
      2,
      2
     ],
     [
      170,
      73,
      10
     ],
     [
      243,
      1,
      1
     ]
    ],
    "139": [
     [
      56,
      1,
      3
     ],
     [
      57,
      1,
      10
     ],
     [
      58,
      1,
      9
     ],
     [
      59,
      2,
      10
     ],
     [
      61,
      1,
      8
     ],
     [
      62,
      1,
      7
     ],
     [
      63,
      58,
      10
     ],
     [
      121,
      1,
      9
     ],
     [
      122,
      1,
      5
     ],
     [
      123,
      1,
      6
     ],
     [
      124,
      43,
      10
     ],
     [
      167,
      1,
      8
     ],
     [
      170,
      1,
      9
     ],
     [
      171,
      1,
      7
     ],
     [
      172,
      71,
      10
     ]
    ],
    "140": [
     [
      57,
      2,
      3
     ],
     [
      59,
      1,
      10
     ],
     [
      60,
      1,
      8
     ],
     [
      61,
      1,
      2
     ],
     [
      63,
      1,
      4
     ],
     [
      64,
      4,
      10
     ],
     [
      68,
      2,
      8
     ],
     [
      70,
      99,
      10
     ],
     [
      169,
      1,
      7
     ],
     [
      170,
      1,
      4
     ],
     [
      172,
      1,
      3
     ],
     [
      173,
      1,
      8
     ],
     [
      174,
      1,
      7
     ],
     [
      175,
      67,
      10
     ],
     [
      242,
      1,
      7
     ]
    ],
    "141": [
     [
      35,
      1,
      4
     ],
     [
      58,
      1,
      2
     ],
     [
      59,
      1,
      6
     ],
     [
      60,
      1,
      1
     ],
     [
      63,
      1,
      1
     ],
     [
      64,
      1,
      9
     ],
     [
      65,
      1,
      10
     ],
     [
      66,
      1,
      9
     ],
     [
      67,
      1,
      6
     ],
     [
      68,
      1,
      2
     ],
     [
      70,
      1,
      6
     ],
     [
      71,
      41,
      10
     ],
     [
      112,
      1,
      8
     ],
     [
      113,
      1,
      7
     ],
     [
      114,
      54,
      10
     ],
     [
      168,
      1,
      8
     ],
     [
      171,
      1,
      5
     ],
     [
      172,
      2,
      1
     ],
     [
      175,
      1,
      7
     ],
     [
      176,
      66,
      10
     ],
     [
      242,
      1,
      6
     ]
    ],
    "142": [
     [
      36,
      1,
      2
     ],
     [
      37,
      1,
      1
     ],
     [
      57,
      1,
      2
     ],
     [
      58,
      1,
      9
     ],
     [
      59,
      1,
      3
     ],
     [
      65,
      1,
      10
     ],
     [
      66,
      1,
      4
     ],
     [
      68,
      1,
      2
     ],
     [
      69,
      1,
      4
     ],
     [
      70,
      1,
      9
     ],
     [
      71,
      41,
      10
     ],
     [
      112,
      1,
      2
     ],
     [
      114,
      1,
      7
     ],
     [
      115,
      4,
      10
     ],
     [
      119,
      1,
      8
     ],
     [
      120,
      1,
      7
     ],
     [
      121,
      37,
      10
     ],
     [
      158,
      1,
      4
     ],
     [
      159,
      1,
      3
     ],
     [
      160,
      1,
      6
     ],
     [
      161,
      1,
      10
     ],
     [
      162,
      1,
      6
     ],
     [
      163,
      1,
      8
     ],
     [
      164,
      4,
      10
     ],
     [
      168,
      1,
      9
     ],
     [
      169,
      1,
      5
     ],
     [
      170,
      1,
      6
     ],
     [
      171,
      1,
      10
     ],
     [
      172,
      1,
      4
     ],
     [
      174,
      1,
      2
     ],
     [
      175,
      67,
      10
     ],
     [
      242,
      1,
      3
     ]
    ],
    "143": [
     [
      37,
      1,
      1
     ],
     [
      51,
      2,
      1
     ],
     [
      57,
      1,
      1
     ],
     [
      58,
      1,
      3
     ],
     [
      59,
      1,
      10
     ],
     [
      60,
      1,
      8
     ],
     [
      61,
      1,
      6
     ],
     [
      62,
      1,
      7
     ],
     [
      63,
      1,
      5
     ],
     [
      64,
      1,
      4
     ],
     [
      65,
      1,
      10
     ],
     [
      66,
      1,
      8
     ],
     [
      67,
      1,
      5
     ],
     [
      68,
      1,
      7
     ],
     [
      69,
      43,
      10
     ],
     [
      112,
      1,
      6
     ],
     [
      113,
      1,
      5
     ],
     [
      114,
      1,
      6
     ],
     [
      115,
      1,
      9
     ],
     [
      116,
      3,
      10
     ],
     [
      119,
      1,
      2
     ],
     [
      121,
      1,
      7
     ],
     [
      122,
      34,
      10
     ],
     [
      156,
      1,
      8
     ],
     [
      157,
      1,
      2
     ],
     [
      158,
      1,
      1
     ],
     [
      160,
      1,
      6
     ],
     [
      161,
      1,
      9
     ],
     [
      164,
      14,
      10
     ],
     [
      178,
      1,
      5
     ],
     [
      179,
      1,
      3
     ],
     [
      180,
      1,
      6
     ],
     [
      181,
      61,
      10
     ],
     [
      242,
      1,
      1
     ]
    ],
    "144": [
     [
      34,
      1,
      4
     ],
     [
      46,
      1,
      2
     ],
     [
      51,
      2,
      1
     ],
     [
      58,
      1,
      1
     ],
     [
      59,
      1,
      6
     ],
     [
      60,
      1,
      3
     ],
     [
      62,
      1,
      6
     ],
     [
      63,
      50,
      10
     ],
     [
      113,
      1,
      9
     ],
     [
      116,
      1,
      10
     ],
     [
      117,
      1,
      6
     ],
     [
      118,
      1,
      3
     ],
     [
      119,
      1,
      2
     ],
     [
      120,
      2,
      5
     ],
     [
      122,
      1,
      8
     ],
     [
      123,
      33,
      10
     ],
     [
      156,
      1,
      7
     ],
     [
      158,
      1,
      2
     ],
     [
      159,
      2,
      10
     ],
     [
      161,
      1,
      9
     ],
     [
      162,
      1,
      6
     ],
     [
      163,
      1,
      4
     ],
     [
      164,
      14,
      10
     ],
     [
      178,
      1,
      4
     ],
     [
      180,
      1,
      4
     ],
     [
      181,
      2,
      8
     ],
     [
      183,
      59,
      10
     ]
    ],
    "145": [
     [
      46,
      1,
      2
     ],
     [
      50,
      1,
      4
     ],
     [
      57,
      1,
      4
     ],
     [
      58,
      1,
      6
     ],
     [
      60,
      1,
      2
     ],
     [
      61,
      1,
      4
     ],
     [
      62,
      1,
      1
     ],
     [
      63,
      1,
      3
     ],
     [
      64,
      1,
      8
     ],
     [
      65,
      1,
      9
     ],
     [
      66,
      2,
      8
     ],
     [
      68,
      45,
      10
     ],
     [
      113,
      1,
      9
     ],
     [
      114,
      1,
      5
     ],
     [
      115,
      1,
      4
     ],
     [
      116,
      1,
      10
     ],
     [
      117,
      1,
      3
     ],
     [
      119,
      1,
      5
     ],
     [
      120,
      1,
      9
     ],
     [
      123,
      53,
      10
     ],
     [
      176,
      1,
      2
     ],
     [
      177,
      1,
      3
     ],
     [
      178,
      1,
      10
     ],
     [
      179,
      1,
      9
     ],
     [
      180,
      1,
      4
     ],
     [
      183,
      1,
      7
     ],
     [
      184,
      2,
      8
     ],
     [
      186,
      3,
      10
     ],
     [
      189,
      1,
      2
     ],
     [
      190,
      1,
      3
     ],
     [
      191,
      50,
      10
     ],
     [
      241,
      1,
      7
     ]
    ],
    "146": [
     [
      56,
      2,
      2
     ],
     [
      58,
      1,
      1
     ],
     [
      59,
      1,
      6
     ],
     [
      60,
      1,
      3
     ],
     [
      61,
      1,
      8
     ],
     [
      64,
      1,
      9
     ],
     [
      65,
      1,
      6
     ],
     [
      67,
      1,
      3
     ],
     [
      68,
      52,
      10
     ],
     [
      120,
      1,
      9
     ],
     [
      121,
      1,
      6
     ],
     [
      122,
      1,
      4
     ],
     [
      123,
      52,
      10
     ],
     [
      175,
      1,
      7
     ],
     [
      178,
      1,
      10
     ],
     [
      179,
      1,
      3
     ],
     [
      182,
      1,
      2
     ],
     [
      183,
      1,
      6
     ],
     [
      185,
      1,
      2
     ],
     [
      186,
      2,
      10
     ],
     [
      188,
      1,
      7
     ],
     [
      191,
      50,
      10
     ],
     [
      241,
      1,
      6
     ]
    ],
    "147": [
     [
      54,
      1,
      3
     ],
     [
      55,
      1,
      8
     ],
     [
      56,
      1,
      7
     ],
     [
      58,
      1,
      1
     ],
     [
      59,
      1,
      10
     ],
     [
      60,
      1,
      4
     ],
     [
      62,
      1,
      5
     ],
     [
      63,
      2,
      10
     ],
     [
      65,
      1,
      8
     ],
     [
      66,
      1,
      6
     ],
     [
      67,
      1,
      5
     ],
     [
      68,
      54,
      10
     ],
     [
      122,
      1,
      2
     ],
     [
      123,
      1,
      3
     ],
     [
      124,
      55,
      10
     ],
     [
      179,
      1,
      8
     ],
     [
      180,
      1,
      4
     ],
     [
      181,
      1,
      8
     ],
     [
      182,
      1,
      10
     ],
     [
      183,
      1,
      9
     ],
     [
      184,
      1,
      5
     ],
     [
      185,
      1,
      4
     ],
     [
      186,
      1,
      7
     ],
     [
      187,
      1,
      9
     ],
     [
      188,
      53,
      10
     ],
     [
      241,
      1,
      3
     ]
    ],
    "148": [
     [
      54,
      1,
      1
     ],
     [
      55,
      1,
      3
     ],
     [
      56,
      1,
      8
     ],
     [
      57,
      1,
      10
     ],
     [
      58,
      1,
      7
     ],
     [
      59,
      1,
      9
     ],
     [
      60,
      1,
      7
     ],
     [
      61,
      1,
      3
     ],
     [
      62,
      1,
      8
     ],
     [
      63,
      58,
      10
     ],
     [
      121,
      1,
      7
     ],
     [
      123,
      1,
      1
     ],
     [
      124,
      52,
      10
     ],
     [
      176,
      2,
      2
     ],
     [
      178,
      7,
      10
     ],
     [
      185,
      1,
      4
     ],
     [
      187,
      1,
      4
     ],
     [
      188,
      53,
      10
     ],
     [
      241,
      1,
      1
     ]
    ],
    "149": [
     [
      57,
      1,
      1
     ],
     [
      59,
      1,
      2
     ],
     [
      60,
      1,
      9
     ],
     [
      61,
      1,
      7
     ],
     [
      62,
      1,
      9
     ],
     [
      63,
      112,
      10
     ],
     [
      175,
      1,
      8
     ],
     [
      178,
      5,
      10
     ],
     [
      183,
      1,
      7
     ],
     [
      184,
      1,
      9
     ],
     [
      185,
      1,
      8
     ],
     [
      186,
      1,
      5
     ],
     [
      187,
      1,
      8
     ],
     [
      188,
      1,
      2
     ],
     [
      189,
      1,
      4
     ],
     [
      190,
      1,
      8
     ],
     [
      191,
      5,
      10
     ],
     [
      196,
      1,
      6
     ],
     [
      197,
      1,
      8
     ],
     [
      198,
      43,
      10
     ]
    ],
    "150": [
     [
      59,
      1,
      6
     ],
     [
      60,
      1,
      3
     ],
     [
      62,
      1,
      4
     ],
     [
      63,
      1,
      10
     ],
     [
      64,
      2,
      2
     ],
     [
      66,
      116,
      10
     ],
     [
      182,
      1,
      8
     ],
     [
      185,
      3,
      10
     ],
     [
      190,
      1,
      8
     ],
     [
      191,
      2,
      3
     ],
     [
      193,
      2,
      10
     ],
     [
      195,
      1,
      8
     ],
     [
      198,
      42,
      10
     ],
     [
      240,
      1,
      7
     ]
    ],
    "151": [
     [
      57,
      1,
      7
     ],
     [
      58,
      2,
      10
     ],
     [
      60,
      1,
      8
     ],
     [
      61,
      1,
      4
     ],
     [
      62,
      2,
      8
     ],
     [
      66,
      116,
      10
     ],
     [
      182,
      1,
      9
     ],
     [
      183,
      2,
      5
     ],
     [
      185,
      4,
      10
     ],
     [
      189,
      1,
      9
     ],
     [
      190,
      1,
      7
     ],
     [
      192,
      1,
      3
     ],
     [
      193,
      2,
      10
     ],
     [
      195,
      1,
      9
     ],
     [
      196,
      2,
      5
     ],
     [
      198,
      42,
      10
     ],
     [
      240,
      1,
      5
     ]
    ],
    "152": [
     [
      56,
      1,
      2
     ],
     [
      57,
      183,
      10
     ],
     [
      240,
      1,
      4
     ]
    ],
    "153": [
     [
      23,
      1,
      4
     ],
     [
      31,
      1,
      4
     ],
     [
      39,
      1,
      4
     ],
     [
      43,
      1,
      2
     ],
     [
      51,
      1,
      2
     ],
     [
      55,
      1,
      4
     ],
     [
      56,
      1,
      7
     ],
     [
      57,
      7,
      10
     ],
     [
      64,
      1,
      1
     ],
     [
      65,
      1,
      4
     ],
     [
      66,
      1,
      9
     ],
     [
      67,
      128,
      10
     ],
     [
      195,
      2,
      8
     ],
     [
      197,
      43,
      10
     ]
    ],
    "154": [
     [
      41,
      1,
      3
     ],
     [
      43,
      1,
      2
     ],
     [
      51,
      1,
      2
     ],
     [
      54,
      1,
      4
     ],
     [
      57,
      1,
      7
     ],
     [
      58,
      5,
      10
     ],
     [
      63,
      1,
      8
     ],
     [
      66,
      127,
      10
     ],
     [
      193,
      1,
      9
     ],
     [
      194,
      1,
      4
     ],
     [
      197,
      1,
      8
     ],
     [
      198,
      1,
      7
     ],
     [
      199,
      1,
      8
     ],
     [
      200,
      40,
      10
     ]
    ],
    "155": [
     [
      41,
      1,
      1
     ],
     [
      56,
      1,
      2
     ],
     [
      57,
      136,
      10
     ],
     [
      193,
      1,
      3
     ],
     [
      196,
      1,
      2
     ],
     [
      197,
      1,
      6
     ],
     [
      199,
      1,
      1
     ],
     [
      200,
      39,
      10
     ],
     [
      239,
      1,
      6
     ]
    ],
    "156": [
     [
      50,
      1,
      4
     ],
     [
      55,
      1,
      2
     ],
     [
      56,
      137,
      10
     ],
     [
      193,
      1,
      8
     ],
     [
      194,
      1,
      4
     ],
     [
      195,
      1,
      8
     ],
     [
      196,
      1,
      10
     ],
     [
      197,
      1,
      9
     ],
     [
      198,
      1,
      5
     ],
     [
      199,
      1,
      6
     ],
     [
      200,
      39,
      10
     ],
     [
      239,
      1,
      6
     ]
    ],
    "157": [
     [
      53,
      1,
      3
     ],
     [
      54,
      2,
      8
     ],
     [
      56,
      183,
      10
     ],
     [
      239,
      1,
      3
     ]
    ],
    "158": [
     [
      52,
      1,
      3
     ],
     [
      53,
      1,
      10
     ],
     [
      54,
      1,
      2
     ],
     [
      56,
      1,
      6
     ],
     [
      57,
      182,
      10
     ]
    ],
    "159": [
     [
      52,
      1,
      4
     ],
     [
      53,
      1,
      10
     ],
     [
      54,
      1,
      5
     ],
     [
      55,
      1,
      4
     ],
     [
      56,
      1,
      1
     ],
     [
      57,
      1,
      4
     ],
     [
      58,
      1,
      8
     ],
     [
      59,
      1,
      9
     ],
     [
      60,
      1,
      7
     ],
     [
      61,
      1,
      9
     ],
     [
      62,
      176,
      10
     ],
     [
      238,
      1,
      9
     ]
    ],
    "160": [
     [
      54,
      1,
      4
     ],
     [
      55,
      1,
      3
     ],
     [
      58,
      1,
      10
     ],
     [
      59,
      1,
      5
     ],
     [
      61,
      1,
      4
     ],
     [
      62,
      176,
      10
     ],
     [
      238,
      1,
      7
     ]
    ],
    "161": [
     [
      57,
      1,
      9
     ],
     [
      58,
      1,
      10
     ],
     [
      59,
      1,
      8
     ],
     [
      60,
      1,
      5
     ],
     [
      61,
      1,
      6
     ],
     [
      62,
      176,
      10
     ],
     [
      238,
      1,
      4
     ]
    ],
    "162": [
     [
      55,
      1,
      2
     ],
     [
      57,
      1,
      3
     ],
     [
      58,
      1,
      8
     ],
     [
      59,
      1,
      9
     ],
     [
      60,
      1,
      7
     ],
     [
      61,
      1,
      9
     ],
     [
      62,
      176,
      10
     ],
     [
      238,
      1,
      3
     ]
    ],
    "163": [
     [
      35,
      1,
      4
     ],
     [
      38,
      1,
      2
     ],
     [
      55,
      1,
      6
     ],
     [
      58,
      1,
      9
     ],
     [
      59,
      1,
      6
     ],
     [
      61,
      1,
      3
     ],
     [
      62,
      1,
      10
     ],
     [
      63,
      2,
      3
     ],
     [
      65,
      1,
      8
     ],
     [
      66,
      172,
      10
     ]
    ],
    "164": [
     [
      38,
      1,
      7
     ],
     [
      41,
      1,
      8
     ],
     [
      49,
      1,
      4
     ],
     [
      56,
      1,
      6
     ],
     [
      57,
      2,
      10
     ],
     [
      59,
      1,
      8
     ],
     [
      60,
      2,
      6
     ],
     [
      62,
      1,
      10
     ],
     [
      65,
      1,
      8
     ],
     [
      66,
      171,
      10
     ],
     [
      237,
      1,
      9
     ]
    ],
    "165": [
     [
      51,
      1,
      1
     ],
     [
      52,
      1,
      6
     ],
     [
      55,
      1,
      2
     ],
     [
      56,
      1,
      1
     ],
     [
      57,
      1,
      3
     ],
     [
      58,
      1,
      8
     ],
     [
      59,
      1,
      9
     ],
     [
      60,
      2,
      8
     ],
     [
      62,
      175,
      10
     ],
     [
      237,
      1,
      7
     ]
    ],
    "166": [
     [
      51,
      1,
      5
     ],
     [
      52,
      1,
      3
     ],
     [
      55,
      1,
      8
     ],
     [
      58,
      1,
      8
     ],
     [
      59,
      1,
      6
     ],
     [
      61,
      1,
      2
     ],
     [
      62,
      1,
      10
     ],
     [
      63,
      1,
      4
     ],
     [
      64,
      1,
      3
     ],
     [
      65,
      1,
      8
     ],
     [
      66,
      1,
      10
     ],
     [
      67,
      1,
      7
     ],
     [
      68,
      1,
      8
     ],
     [
      69,
      168,
      10
     ],
     [
      237,
      1,
      4
     ]
    ],
    "167": [
     [
      58,
      1,
      10
     ],
     [
      59,
      1,
      3
     ],
     [
      61,
      1,
      3
     ],
     [
      62,
      1,
      10
     ],
     [
      65,
      1,
      8
     ],
     [
      66,
      1,
      6
     ],
     [
      68,
      1,
      2
     ],
     [
      69,
      1,
      10
     ],
     [
      70,
      1,
      4
     ],
     [
      71,
      1,
      3
     ],
     [
      72,
      1,
      8
     ],
     [
      73,
      164,
      10
     ],
     [
      237,
      1,
      3
     ]
    ],
    "168": [
     [
      65,
      1,
      10
     ],
     [
      66,
      1,
      5
     ],
     [
      68,
      1,
      3
     ],
     [
      69,
      1,
      10
     ],
     [
      72,
      1,
      7
     ],
     [
      73,
      164,
      10
     ]
    ],
    "169": [
     [
      72,
      164,
      10
     ],
     [
      236,
      1,
      9
     ]
    ],
    "170": [
     [
      79,
      157,
      10
     ],
     [
      236,
      1,
      6
     ]
    ],
    "171": [
     [
      86,
      150,
      10
     ],
     [
      236,
      1,
      4
     ]
    ],
    "172": [
     [
      93,
      143,
      10
     ],
     [
      236,
      1,
      2
     ]
    ],
    "173": [
     [
      100,
      136,
      10
     ]
    ],
    "174": [
     [
      107,
      128,
      10
     ],
     [
      235,
      1,
      8
     ]
    ],
    "175": [
     [
      114,
      121,
      10
     ],
     [
      235,
      1,
      7
     ]
    ],
    "176": [
     [
      121,
      114,
      10
     ],
     [
      235,
      1,
      4
     ]
    ],
    "177": [
     [
      128,
      107,
      10
     ],
     [
      235,
      1,
      2
     ]
    ],
    "178": [
     [
      135,
      100,
      10
     ]
    ],
    "179": [
     [
      143,
      91,
      10
     ],
     [
      234,
      1,
      8
     ]
    ],
    "180": [
     [
      150,
      84,
      10
     ],
     [
      234,
      1,
      6
     ]
    ],
    "181": [
     [
      157,
      77,
      10
     ],
     [
      234,
      1,
      3
     ]
    ],
    "182": [
     [
      165,
      69,
      10
     ],
     [
      234,
      1,
      2
     ]
    ],
    "183": [
     [
      172,
      62,
      10
     ]
    ],
    "184": [
     [
      179,
      54,
      10
     ],
     [
      233,
      1,
      7
     ]
    ],
    "185": [
     [
      187,
      46,
      10
     ],
     [
      233,
      1,
      6
     ]
    ],
    "186": [
     [
      194,
      39,
      10
     ],
     [
      233,
      1,
      4
     ]
    ],
    "187": [
     [
      202,
      31,
      10
     ],
     [
      233,
      1,
      1
     ]
    ],
    "188": [
     [
      209,
      24,
      10
     ]
    ],
    "189": [
     [
      217,
      15,
      10
     ],
     [
      232,
      1,
      7
     ]
    ],
    "190": [
     [
      224,
      8,
      10
     ],
     [
      232,
      1,
      7
     ]
    ]
   }
  },
  "clutter_headroom": 38.23,
  "clutter_at_floor": 0.605,
  "clutter_verdict": "vessels present"
 },
 "features": [
  {
   "type": "Feature",
   "geometry": {
    "type": "Point",
    "coordinates": [
     -74.50050543074407,
     36.01972338619835
    ]
   },
   "properties": {
    "confidence": 0.369,
    "snr": 7.38,
    "peak_dn": 226.0,
    "background_dn": 80.5,
    "sigma_dn": 19.71,
    "pixels": 4,
    "length_m_approx": 20.0,
    "pixel": [
     14402.5,
     12254.5
    ],
    "scene": "S1A_IW_GRDH_1SDV_20240808T225811_20240808T225840_055128_06B7CB_15AC_COG.SAFE",
    "t": "2024-08-08T22:58:11+00:00",
    "sensor": "sentinel1-vv-cfar",
    "uncertainty_m": 14.0
   }
  },
  {
   "type": "Feature",
   "geometry": {
    "type": "Point",
    "coordinates": [
     -74.44251032968158,
     36.019450600004106
    ]
   },
   "properties": {
    "confidence": 0.337,
    "snr": 6.75,
    "peak_dn": 238.0,
    "background_dn": 88.9,
    "sigma_dn": 22.11,
    "pixels": 3,
    "length_m_approx": 17.3,
    "pixel": [
     14916.7,
     12163.0
    ],
    "scene": "S1A_IW_GRDH_1SDV_20240808T225811_20240808T225840_055128_06B7CB_15AC_COG.SAFE",
    "t": "2024-08-08T22:58:11+00:00",
    "sensor": "sentinel1-vv-cfar",
    "uncertainty_m": 13.0
   }
  },
  {
   "type": "Feature",
   "geometry": {
    "type": "Point",
    "coordinates": [
     -73.83294023093181,
     36.067161520144616
    ]
   },
   "properties": {
    "confidence": 0.415,
    "snr": 8.29,
    "peak_dn": 258.0,
    "background_dn": 83.2,
    "sigma_dn": 21.08,
    "pixels": 3,
    "length_m_approx": 17.3,
    "pixel": [
     20419.3,
     11763.7
    ],
    "scene": "S1A_IW_GRDH_1SDV_20240808T225811_20240808T225840_055128_06B7CB_15AC_COG.SAFE",
    "t": "2024-08-08T22:58:11+00:00",
    "sensor": "sentinel1-vv-cfar",
    "uncertainty_m": 13.0
   }
  },
  {
   "type": "Feature",
   "geometry": {
    "type": "Point",
    "coordinates": [
     -73.8908721105349,
     36.01465568299189
    ]
   },
   "properties": {
    "confidence": 0.312,
    "snr": 6.23,
    "peak_dn": 226.0,
    "background_dn": 87.8,
    "sigma_dn": 22.17,
    "pixels": 4,
    "length_m_approx": 20.0,
    "pixel": [
     19806.5,
     11282.5
    ],
    "scene": "S1A_IW_GRDH_1SDV_20240808T225811_20240808T225840_055128_06B7CB_15AC_COG.SAFE",
    "t": "2024-08-08T22:58:11+00:00",
    "sensor": "sentinel1-vv-cfar",
    "uncertainty_m": 13.9
   }
  },
  {
   "type": "Feature",
   "geometry": {
    "type": "Point",
    "coordinates": [
     -73.60789054988594,
     36.083208429002575
    ]
   },
   "properties": {
    "confidence": 0.424,
    "snr": 8.48,
    "peak_dn": 271.0,
    "background_dn": 84.8,
    "sigma_dn": 21.97,
    "pixels": 4,
    "length_m_approx": 20.0,
    "pixel": [
     22447.8,
     11608.0
    ],
    "scene": "S1A_IW_GRDH_1SDV_20240808T225811_20240808T225840_055128_06B7CB_15AC_COG.SAFE",
    "t": "2024-08-08T22:58:11+00:00",
    "sensor": "sentinel1-vv-cfar",
    "uncertainty_m": 13.9
   }
  },
  {
   "type": "Feature",
   "geometry": {
    "type": "Point",
    "coordinates": [
     -73.63246529820383,
     36.03849421653791
    ]
   },
   "properties": {
    "confidence": 0.38,
    "snr": 7.59,
    "peak_dn": 247.0,
    "background_dn": 83.5,
    "sigma_dn": 21.53,
    "pixels": 2,
    "length_m_approx": 14.1,
    "pixel": [
     22147.0,
     11160.5
    ],
    "scene": "S1A_IW_GRDH_1SDV_20240808T225811_20240808T225840_055128_06B7CB_15AC_COG.SAFE",
    "t": "2024-08-08T22:58:11+00:00",
    "sensor": "sentinel1-vv-cfar",
    "uncertainty_m": 12.0
   }
  },
  {
   "type": "Feature",
   "geometry": {
    "type": "Point",
    "coordinates": [
     -73.70951634721668,
     36.119261836284416
    ]
   },
   "properties": {
    "confidence": 0.347,
    "snr": 6.93,
    "peak_dn": 237.0,
    "background_dn": 86.0,
    "sigma_dn": 21.78,
    "pixels": 2,
    "length_m_approx": 14.1,
    "pixel": [
     21612.0,
     12145.5
    ],
    "scene": "S1A_IW_GRDH_1SDV_20240808T225811_20240808T225840_055128_06B7CB_15AC_COG.SAFE",
    "t": "2024-08-08T22:58:11+00:00",
    "sensor": "sentinel1-vv-cfar",
    "uncertainty_m": 12.0
   }
  },
  {
   "type": "Feature",
   "geometry": {
    "type": "Point",
    "coordinates": [
     -73.69887425680308,
     36.058145723729666
    ]
   },
   "properties": {
    "confidence": 0.346,
    "snr": 6.92,
    "peak_dn": 227.0,
    "background_dn": 80.7,
    "sigma_dn": 21.13,
    "pixels": 3,
    "length_m_approx": 17.3,
    "pixel": [
     21593.3,
     11469.7
    ],
    "scene": "S1A_IW_GRDH_1SDV_20240808T225811_20240808T225840_055128_06B7CB_15AC_COG.SAFE",
    "t": "2024-08-08T22:58:11+00:00",
    "sensor": "sentinel1-vv-cfar",
    "uncertainty_m": 13.0
   }
  },
  {
   "type": "Feature",
   "geometry": {
    "type": "Point",
    "coordinates": [
     -73.78451670928587,
     36.1081804445991
    ]
   },
   "properties": {
    "confidence": 0.325,
    "snr": 6.5,
    "peak_dn": 225.0,
    "background_dn": 84.7,
    "sigma_dn": 21.58,
    "pixels": 3,
    "length_m_approx": 17.3,
    "pixel": [
     20925.7,
     12135.7
    ],
    "scene": "S1A_IW_GRDH_1SDV_20240808T225811_20240808T225840_055128_06B7CB_15AC_COG.SAFE",
    "t": "2024-08-08T22:58:11+00:00",
    "sensor": "sentinel1-vv-cfar",
    "uncertainty_m": 13.0
   }
  },
  {
   "type": "Feature",
   "geometry": {
    "type": "Point",
    "coordinates": [
     -73.57200554294704,
     36.00285833053769
    ]
   },
   "properties": {
    "confidence": 0.416,
    "snr": 8.32,
    "peak_dn": 250.0,
    "background_dn": 80.4,
    "sigma_dn": 20.39,
    "pixels": 3,
    "length_m_approx": 17.3,
    "pixel": [
     22618.7,
     10687.3
    ],
    "scene": "S1A_IW_GRDH_1SDV_20240808T225811_20240808T225840_055128_06B7CB_15AC_COG.SAFE",
    "t": "2024-08-08T22:58:11+00:00",
    "sensor": "sentinel1-vv-cfar",
    "uncertainty_m": 13.0
   }
  },
  {
   "type": "Feature",
   "geometry": {
    "type": "Point",
    "coordinates": [
     -73.42393437663523,
     36.019088434868294
    ]
   },
   "properties": {
    "confidence": 0.315,
    "snr": 6.31,
    "peak_dn": 202.0,
    "background_dn": 76.3,
    "sigma_dn": 19.94,
    "pixels": 2,
    "length_m_approx": 14.1,
    "pixel": [
     23965.0,
     10648.5
    ],
    "scene": "S1A_IW_GRDH_1SDV_20240808T225811_20240808T225840_055128_06B7CB_15AC_COG.SAFE",
    "t": "2024-08-08T22:58:11+00:00",
    "sensor": "sentinel1-vv-cfar",
    "uncertainty_m": 12.0
   }
  },
  {
   "type": "Feature",
   "geometry": {
    "type": "Point",
    "coordinates": [
     -73.35032849050468,
     36.11773633620922
    ]
   },
   "properties": {
    "confidence": 0.376,
    "snr": 7.51,
    "peak_dn": 208.0,
    "background_dn": 72.0,
    "sigma_dn": 18.11,
    "pixels": 2,
    "length_m_approx": 14.1,
    "pixel": [
     24798.5,
     11610.0
    ],
    "scene": "S1A_IW_GRDH_1SDV_20240808T225811_20240808T225840_055128_06B7CB_15AC_COG.SAFE",
    "t": "2024-08-08T22:58:11+00:00",
    "sensor": "sentinel1-vv-cfar",
    "uncertainty_m": 12.0
   }
  },
  {
   "type": "Feature",
   "geometry": {
    "type": "Point",
    "coordinates": [
     -73.37292323936998,
     36.105972972720025
    ]
   },
   "properties": {
    "confidence": 0.337,
    "snr": 6.75,
    "peak_dn": 187.0,
    "background_dn": 69.4,
    "sigma_dn": 17.44,
    "pixels": 2,
    "length_m_approx": 14.1,
    "pixel": [
     24576.5,
     11515.0
    ],
    "scene": "S1A_IW_GRDH_1SDV_20240808T225811_20240808T225840_055128_06B7CB_15AC_COG.SAFE",
    "t": "2024-08-08T22:58:11+00:00",
    "sensor": "sentinel1-vv-cfar",
    "uncertainty_m": 12.0
   }
  },
  {
   "type": "Feature",
   "geometry": {
    "type": "Point",
    "coordinates": [
     -73.32963222455244,
     36.16671937760862
    ]
   },
   "properties": {
    "confidence": 0.337,
    "snr": 6.73,
    "peak_dn": 203.0,
    "background_dn": 74.6,
    "sigma_dn": 19.08,
    "pixels": 2,
    "length_m_approx": 14.1,
    "pixel": [
     25071.0,
     12110.5
    ],
    "scene": "S1A_IW_GRDH_1SDV_20240808T225811_20240808T225840_055128_06B7CB_15AC_COG.SAFE",
    "t": "2024-08-08T22:58:11+00:00",
    "sensor": "sentinel1-vv-cfar",
    "uncertainty_m": 12.0
   }
  },
  {
   "type": "Feature",
   "geometry": {
    "type": "Point",
    "coordinates": [
     -73.3539347965835,
     36.039209913003965
    ]
   },
   "properties": {
    "confidence": 0.329,
    "snr": 6.57,
    "peak_dn": 192.0,
    "background_dn": 71.6,
    "sigma_dn": 18.31,
    "pixels": 2,
    "length_m_approx": 14.1,
    "pixel": [
     24624.0,
     10765.5
    ],
    "scene": "S1A_IW_GRDH_1SDV_20240808T225811_20240808T225840_055128_06B7CB_15AC_COG.SAFE",
    "t": "2024-08-08T22:58:11+00:00",
    "sensor": "sentinel1-vv-cfar",
    "uncertainty_m": 12.0
   }
  },
  {
   "type": "Feature",
   "geometry": {
    "type": "Point",
    "coordinates": [
     -75.33641051224132,
     36.07271454105276
    ]
   },
   "properties": {
    "confidence": 0.372,
    "snr": 7.44,
    "peak_dn": 305.0,
    "background_dn": 105.2,
    "sigma_dn": 26.86,
    "pixels": 3,
    "length_m_approx": 17.3,
    "pixel": [
     7096.7,
     14131.3
    ],
    "scene": "S1A_IW_GRDH_1SDV_20240808T225811_20240808T225840_055128_06B7CB_15AC_COG.SAFE",
    "t": "2024-08-08T22:58:11+00:00",
    "sensor": "sentinel1-vv-cfar",
    "uncertainty_m": 13.0
   }
  },
  {
   "type": "Feature",
   "geometry": {
    "type": "Point",
    "coordinates": [
     -75.26088678454036,
     36.040395680989654
    ]
   },
   "properties": {
    "confidence": 0.361,
    "snr": 7.23,
    "peak_dn": 306.0,
    "background_dn": 109.8,
    "sigma_dn": 27.14,
    "pixels": 3,
    "length_m_approx": 17.3,
    "pixel": [
     7700.3,
     13663.7
    ],
    "scene": "S1A_IW_GRDH_1SDV_20240808T225811_20240808T225840_055128_06B7CB_15AC_COG.SAFE",
    "t": "2024-08-08T22:58:11+00:00",
    "sensor": "sentinel1-vv-cfar",
    "uncertainty_m": 13.0
   }
  },
  {
   "type": "Feature",
   "geometry": {
    "type": "Point",
    "coordinates": [
     -75.27628405694895,
     36.04293112366771
    ]
   },
   "properties": {
    "confidence": 0.36,
    "snr": 7.2,
    "peak_dn": 314.0,
    "background_dn": 110.2,
    "sigma_dn": 28.33,
    "pixels": 2,
    "length_m_approx": 14.1,
    "pixel": [
     7569.0,
     13715.5
    ],
    "scene": "S1A_IW_GRDH_1SDV_20240808T225811_20240808T225840_055128_06B7CB_15AC_COG.SAFE",
    "t": "2024-08-08T22:58:11+00:00",
    "sensor": "sentinel1-vv-cfar",
    "uncertainty_m": 12.0
   }
  },
  {
   "type": "Feature",
   "geometry": {
    "type": "Point",
    "coordinates": [
     -75.34738889216108,
     36.04475129466645
    ]
   },
   "properties": {
    "confidence": 0.352,
    "snr": 7.03,
    "peak_dn": 293.0,
    "background_dn": 104.6,
    "sigma_dn": 26.78,
    "pixels": 3,
    "length_m_approx": 17.3,
    "pixel": [
     6942.7,
     13848.7
    ],
    "scene": "S1A_IW_GRDH_1SDV_20240808T225811_20240808T225840_055128_06B7CB_15AC_COG.SAFE",
    "t": "2024-08-08T22:58:11+00:00",
    "sensor": "sentinel1-vv-cfar",
    "uncertainty_m": 13.0
   }
  },
  {
   "type": "Feature",
   "geometry": {
    "type": "Point",
    "coordinates": [
     -75.37977318997982,
     36.065828829220244
    ]
   },
   "properties": {
    "confidence": 0.348,
    "snr": 6.95,
    "peak_dn": 299.0,
    "background_dn": 107.0,
    "sigma_dn": 27.62,
    "pixels": 3,
    "length_m_approx": 17.3,
    "pixel": [
     6698.7,
     14126.7
    ],
    "scene": "S1A_IW_GRDH_1SDV_20240808T225811_20240808T225840_055128_06B7CB_15AC_COG.SAFE",
    "t": "2024-08-08T22:58:11+00:00",
    "sensor": "sentinel1-vv-cfar",
    "uncertainty_m": 13.0
   }
  },
  {
   "type": "Feature",
   "geometry": {
    "type": "Point",
    "coordinates": [
     -75.22624330423415,
     36.07100677108469
    ]
   },
   "properties": {
    "confidence": 0.336,
    "snr": 6.72,
    "peak_dn": 301.0,
    "background_dn": 109.1,
    "sigma_dn": 28.55,
    "pixels": 2,
    "length_m_approx": 14.1,
    "pixel": [
     8069.0,
     13937.5
    ],
    "scene": "S1A_IW_GRDH_1SDV_20240808T225811_20240808T225840_055128_06B7CB_15AC_COG.SAFE",
    "t": "2024-08-08T22:58:11+00:00",
    "sensor": "sentinel1-vv-cfar",
    "uncertainty_m": 12.0
   }
  },
  {
   "type": "Feature",
   "geometry": {
    "type": "Point",
    "coordinates": [
     -75.07295140659556,
     36.07230445918352
    ]
   },
   "properties": {
    "confidence": 0.571,
    "snr": 11.42,
    "peak_dn": 420.0,
    "background_dn": 108.1,
    "sigma_dn": 27.31,
    "pixels": 7,
    "length_m_approx": 26.5,
    "pixel": [
     9429.7,
     13709.0
    ],
    "scene": "S1A_IW_GRDH_1SDV_20240808T225811_20240808T225840_055128_06B7CB_15AC_COG.SAFE",
    "t": "2024-08-08T22:58:11+00:00",
    "sensor": "sentinel1-vv-cfar",
    "uncertainty_m": 16.4
   }
  },
  {
   "type": "Feature",
   "geometry": {
    "type": "Point",
    "coordinates": [
     -74.99632739239611,
     36.03407503163432
    ]
   },
   "properties": {
    "confidence": 0.46,
    "snr": 9.21,
    "peak_dn": 347.0,
    "background_dn": 104.7,
    "sigma_dn": 26.32,
    "pixels": 4,
    "length_m_approx": 20.0,
    "pixel": [
     10032.5,
     13177.5
    ],
    "scene": "S1A_IW_GRDH_1SDV_20240808T225811_20240808T225840_055128_06B7CB_15AC_COG.SAFE",
    "t": "2024-08-08T22:58:11+00:00",
    "sensor": "sentinel1-vv-cfar",
    "uncertainty_m": 13.9
   }
  },
  {
   "type": "Feature",
   "geometry": {
    "type": "Point",
    "coordinates": [
     -75.13981334997021,
     36.07240532948228
    ]
   },
   "properties": {
    "confidence": 0.444,
    "snr": 8.89,
    "peak_dn": 334.0,
    "background_dn": 103.2,
    "sigma_dn": 25.97,
    "pixels": 4,
    "length_m_approx": 20.0,
    "pixel": [
     8837.5,
     13815.5
    ],
    "scene": "S1A_IW_GRDH_1SDV_20240808T225811_20240808T225840_055128_06B7CB_15AC_COG.SAFE",
    "t": "2024-08-08T22:58:11+00:00",
    "sensor": "sentinel1-vv-cfar",
    "uncertainty_m": 13.9
   }
  },
  {
   "type": "Feature",
   "geometry": {
    "type": "Point",
    "coordinates": [
     -75.09927127779547,
     36.065360809356434
    ]
   },
   "properties": {
    "confidence": 0.399,
    "snr": 7.98,
    "peak_dn": 315.0,
    "background_dn": 104.7,
    "sigma_dn": 26.34,
    "pixels": 5,
    "length_m_approx": 22.4,
    "pixel": [
     9182.6,
     13675.8
    ],
    "scene": "S1A_IW_GRDH_1SDV_20240808T225811_20240808T225840_055128_06B7CB_15AC_COG.SAFE",
    "t": "2024-08-08T22:58:11+00:00",
    "sensor": "sentinel1-vv-cfar",
    "uncertainty_m": 14.8
   }
  },
  {
   "type": "Feature",
   "geometry": {
    "type": "Point",
    "coordinates": [
     -75.01891873008974,
     36.0530015380319
    ]
   },
   "properties": {
    "confidence": 0.394,
    "snr": 7.88,
    "peak_dn": 323.0,
    "background_dn": 106.3,
    "sigma_dn": 27.5,
    "pixels": 2,
    "length_m_approx": 14.1,
    "pixel": [
     9870.0,
     13416.5
    ],
    "scene": "S1A_IW_GRDH_1SDV_20240808T225811_20240808T225840_055128_06B7CB_15AC_COG.SAFE",
    "t": "2024-08-08T22:58:11+00:00",
    "sensor": "sentinel1-vv-cfar",
    "uncertainty_m": 12.0
   }
  },
  {
   "type": "Feature",
   "geometry": {
    "type": "Point",
    "coordinates": [
     -75.1214943425102,
     36.08979454964653
    ]
   },
   "properties": {
    "confidence": 0.393,
    "snr": 7.86,
    "peak_dn": 316.0,
    "background_dn": 106.1,
    "sigma_dn": 26.7,
    "pixels": 3,
    "length_m_approx": 17.3,
    "pixel": [
     9034.7,
     13973.3
    ],
    "scene": "S1A_IW_GRDH_1SDV_20240808T225811_20240808T225840_055128_06B7CB_15AC_COG.SAFE",
    "t": "2024-08-08T22:58:11+00:00",
    "sensor": "sentinel1-vv-cfar",
    "uncertainty_m": 13.0
   }
  },
  {
   "type": "Feature",
   "geometry": {
    "type": "Point",
    "coordinates": [
     -75.03986491717383,
     36.05132932545047
    ]
   },
   "properties": {
    "confidence": 0.361,
    "snr": 7.23,
    "peak_dn": 301.0,
    "background_dn": 106.3,
    "sigma_dn": 26.95,
    "pixels": 2,
    "length_m_approx": 14.1,
    "pixel": [
     9681.0,
     13431.5
    ],
    "scene": "S1A_IW_GRDH_1SDV_20240808T225811_20240808T225840_055128_06B7CB_15AC_COG.SAFE",
    "t": "2024-08-08T22:58:11+00:00",
    "sensor": "sentinel1-vv-cfar",
    "uncertainty_m": 12.0
   }
  },
  {
   "type": "Feature",
   "geometry": {
    "type": "Point",
    "coordinates": [
     -75.18002431444137,
     36.04245114216456
    ]
   },
   "properties": {
    "confidence": 0.344,
    "snr": 6.89,
    "peak_dn": 291.0,
    "background_dn": 105.2,
    "sigma_dn": 26.98,
    "pixels": 2,
    "length_m_approx": 14.1,
    "pixel": [
     8421.0,
     13557.5
    ],
    "scene": "S1A_IW_GRDH_1SDV_20240808T225811_20240808T225840_055128_06B7CB_15AC_COG.SAFE",
    "t": "2024-08-08T22:58:11+00:00",
    "sensor": "sentinel1-vv-cfar",
    "uncertainty_m": 12.0
   }
  },
  {
   "type": "Feature",
   "geometry": {
    "type": "Point",
    "coordinates": [
     -75.01350034309515,
     36.11519907147238
    ]
   },
   "properties": {
    "confidence": 0.337,
    "snr": 6.74,
    "peak_dn": 287.0,
    "background_dn": 105.7,
    "sigma_dn": 26.89,
    "pixels": 2,
    "length_m_approx": 14.1,
    "pixel": [
     10042.0,
     14076.5
    ],
    "scene": "S1A_IW_GRDH_1SDV_20240808T225811_20240808T225840_055128_06B7CB_15AC_COG.SAFE",
    "t": "2024-08-08T22:58:11+00:00",
    "sensor": "sentinel1-vv-cfar",
    "uncertainty_m": 12.0
   }
  },
  {
   "type": "Feature",
   "geometry": {
    "type": "Point",
    "coordinates": [
     -75.03092729913968,
     36.10460200028013
    ]
   },
   "properties": {
    "confidence": 0.323,
    "snr": 6.47,
    "peak_dn": 276.0,
    "background_dn": 105.5,
    "sigma_dn": 26.36,
    "pixels": 2,
    "length_m_approx": 14.1,
    "pixel": [
     9866.5,
     13990.0
    ],
    "scene": "S1A_IW_GRDH_1SDV_20240808T225811_20240808T225840_055128_06B7CB_15AC_COG.SAFE",
    "t": "2024-08-08T22:58:11+00:00",
    "sensor": "sentinel1-vv-cfar",
    "uncertainty_m": 12.0
   }
  },
  {
   "type": "Feature",
   "geometry": {
    "type": "Point",
    "coordinates": [
     -75.10989281970389,
     36.03841824598698
    ]
   },
   "properties": {
    "confidence": 0.31,
    "snr": 6.2,
    "peak_dn": 276.0,
    "background_dn": 106.0,
    "sigma_dn": 27.43,
    "pixels": 2,
    "length_m_approx": 14.1,
    "pixel": [
     9034.5,
     13403.0
    ],
    "scene": "S1A_IW_GRDH_1SDV_20240808T225811_20240808T225840_055128_06B7CB_15AC_COG.SAFE",
    "t": "2024-08-08T22:58:11+00:00",
    "sensor": "sentinel1-vv-cfar",
    "uncertainty_m": 12.0
   }
  },
  {
   "type": "Feature",
   "geometry": {
    "type": "Point",
    "coordinates": [
     -75.00850679405629,
     36.12811925258332
    ]
   },
   "properties": {
    "confidence": 0.31,
    "snr": 6.19,
    "peak_dn": 276.0,
    "background_dn": 107.1,
    "sigma_dn": 27.27,
    "pixels": 2,
    "length_m_approx": 14.1,
    "pixel": [
     10112.0,
     14207.5
    ],
    "scene": "S1A_IW_GRDH_1SDV_20240808T225811_20240808T225840_055128_06B7CB_15AC_COG.SAFE",
    "t": "2024-08-08T22:58:11+00:00",
    "sensor": "sentinel1-vv-cfar",
    "uncertainty_m": 12.0
   }
  },
  {
   "type": "Feature",
   "geometry": {
    "type": "Point",
    "coordinates": [
     -74.79943422601954,
     36.01558272245251
    ]
   },
   "properties": {
    "confidence": 0.484,
    "snr": 9.67,
    "peak_dn": 352.0,
    "background_dn": 101.6,
    "sigma_dn": 25.89,
    "pixels": 5,
    "length_m_approx": 22.4,
    "pixel": [
     11742.0,
     12671.0
    ],
    "scene": "S1A_IW_GRDH_1SDV_20240808T225811_20240808T225840_055128_06B7CB_15AC_COG.SAFE",
    "t": "2024-08-08T22:58:11+00:00",
    "sensor": "sentinel1-vv-cfar",
    "uncertainty_m": 14.8
   }
  },
  {
   "type": "Feature",
   "geometry": {
    "type": "Point",
    "coordinates": [
     -74.8019086731467,
     36.15386375525607
    ]
   },
   "properties": {
    "confidence": 0.46,
    "snr": 9.21,
    "peak_dn": 341.0,
    "background_dn": 102.4,
    "sigma_dn": 25.92,
    "pixels": 4,
    "length_m_approx": 20.0,
    "pixel": [
     11992.6,
     14162.5
    ],
    "scene": "S1A_IW_GRDH_1SDV_20240808T225811_20240808T225840_055128_06B7CB_15AC_COG.SAFE",
    "t": "2024-08-08T22:58:11+00:00",
    "sensor": "sentinel1-vv-cfar",
    "uncertainty_m": 13.9
   }
  },
  {
   "type": "Feature",
   "geometry": {
    "type": "Point",
    "coordinates": [
     -74.87450474710212,
     36.02094222428455
    ]
   },
   "properties": {
    "confidence": 0.443,
    "snr": 8.86,
    "peak_dn": 332.0,
    "background_dn": 102.7,
    "sigma_dn": 25.88,
    "pixels": 3,
    "length_m_approx": 17.3,
    "pixel": [
     11086.7,
     12845.7
    ],
    "scene": "S1A_IW_GRDH_1SDV_20240808T225811_20240808T225840_055128_06B7CB_15AC_COG.SAFE",
    "t": "2024-08-08T22:58:11+00:00",
    "sensor": "sentinel1-vv-cfar",
    "uncertainty_m": 13.0
   }
  },
  {
   "type": "Feature",
   "geometry": {
    "type": "Point",
    "coordinates": [
     -74.82538691109515,
     36.01552985965789
    ]
   },
   "properties": {
    "confidence": 0.423,
    "snr": 8.46,
    "peak_dn": 312.0,
    "background_dn": 98.6,
    "sigma_dn": 25.22,
    "pixels": 3,
    "length_m_approx": 17.3,
    "pixel": [
     11511.7,
     12710.7
    ],
    "scene": "S1A_IW_GRDH_1SDV_20240808T225811_20240808T225840_055128_06B7CB_15AC_COG.SAFE",
    "t": "2024-08-08T22:58:11+00:00",
    "sensor": "sentinel1-vv-cfar",
    "uncertainty_m": 13.0
   }
  },
  {
   "type": "Feature",
   "geometry": {
    "type": "Point",
    "coordinates": [
     -74.81519006317446,
     36.146560416145434
    ]
   },
   "properties": {
    "confidence": 0.423,
    "snr": 8.46,
    "peak_dn": 317.0,
    "background_dn": 101.7,
    "sigma_dn": 25.44,
    "pixels": 4,
    "length_m_approx": 20.0,
    "pixel": [
     11860.5,
     14104.5
    ],
    "scene": "S1A_IW_GRDH_1SDV_20240808T225811_20240808T225840_055128_06B7CB_15AC_COG.SAFE",
    "t": "2024-08-08T22:58:11+00:00",
    "sensor": "sentinel1-vv-cfar",
    "uncertainty_m": 13.9
   }
  },
  {
   "type": "Feature",
   "geometry": {
    "type": "Point",
    "coordinates": [
     -74.8909900189306,
     36.138197444193665
    ]
   },
   "properties": {
    "confidence": 0.422,
    "snr": 8.43,
    "peak_dn": 315.0,
    "background_dn": 100.5,
    "sigma_dn": 25.44,
    "pixels": 3,
    "length_m_approx": 17.3,
    "pixel": [
     11172.7,
     14132.3
    ],
    "scene": "S1A_IW_GRDH_1SDV_20240808T225811_20240808T225840_055128_06B7CB_15AC_COG.SAFE",
    "t": "2024-08-08T22:58:11+00:00",
    "sensor": "sentinel1-vv-cfar",
    "uncertainty_m": 13.0
   }
  },
  {
   "type": "Feature",
   "geometry": {
    "type": "Point",
    "coordinates": [
     -74.86573472234599,
     36.02156309116824
    ]
   },
   "properties": {
    "confidence": 0.418,
    "snr": 8.36,
    "peak_dn": 310.0,
    "background_dn": 100.5,
    "sigma_dn": 25.07,
    "pixels": 3,
    "length_m_approx": 17.3,
    "pixel": [
     11165.7,
     12838.6
    ],
    "scene": "S1A_IW_GRDH_1SDV_20240808T225811_20240808T225840_055128_06B7CB_15AC_COG.SAFE",
    "t": "2024-08-08T22:58:11+00:00",
    "sensor": "sentinel1-vv-cfar",
    "uncertainty_m": 13.0
   }
  },
  {
   "type": "Feature",
   "geometry": {
    "type": "Point",
    "coordinates": [
     -74.94387026206896,
     36.00684180567794
    ]
   },
   "properties": {
    "confidence": 0.402,
    "snr": 8.03,
    "peak_dn": 311.0,
    "background_dn": 102.1,
    "sigma_dn": 26.01,
    "pixels": 4,
    "length_m_approx": 20.0,
    "pixel": [
     10443.5,
     12802.5
    ],
    "scene": "S1A_IW_GRDH_1SDV_20240808T225811_20240808T225840_055128_06B7CB_15AC_COG.SAFE",
    "t": "2024-08-08T22:58:11+00:00",
    "sensor": "sentinel1-vv-cfar",
    "uncertainty_m": 13.9
   }
  },
  {
   "type": "Feature",
   "geometry": {
    "type": "Point",
    "coordinates": [
     -74.95597213974763,
     36.056287089125156
    ]
   },
   "properties": {
    "confidence": 0.4,
    "snr": 7.99,
    "peak_dn": 316.0,
    "background_dn": 103.6,
    "sigma_dn": 26.59,
    "pixels": 2,
    "length_m_approx": 14.1,
    "pixel": [
     10434.5,
     13353.0
    ],
    "scene": "S1A_IW_GRDH_1SDV_20240808T225811_20240808T225840_055128_06B7CB_15AC_COG.SAFE",
    "t": "2024-08-08T22:58:11+00:00",
    "sensor": "sentinel1-vv-cfar",
    "uncertainty_m": 12.0
   }
  },
  {
   "type": "Feature",
   "geometry": {
    "type": "Point",
    "coordinates": [
     -74.9221697983605,
     36.14419862504908
    ]
   },
   "properties": {
    "confidence": 0.394,
    "snr": 7.88,
    "peak_dn": 312.0,
    "background_dn": 105.8,
    "sigma_dn": 26.18,
    "pixels": 4,
    "length_m_approx": 20.0,
    "pixel": [
     10908.5,
     14245.5
    ],
    "scene": "S1A_IW_GRDH_1SDV_20240808T225811_20240808T225840_055128_06B7CB_15AC_COG.SAFE",
    "t": "2024-08-08T22:58:11+00:00",
    "sensor": "sentinel1-vv-cfar",
    "uncertainty_m": 13.9
   }
  },
  {
   "type": "Feature",
   "geometry": {
    "type": "Point",
    "coordinates": [
     -74.76692401374508,
     36.12083667896006
    ]
   },
   "properties": {
    "confidence": 0.387,
    "snr": 7.74,
    "peak_dn": 301.0,
    "background_dn": 99.4,
    "sigma_dn": 26.04,
    "pixels": 2,
    "length_m_approx": 14.1,
    "pixel": [
     12237.5,
     13753.0
    ],
    "scene": "S1A_IW_GRDH_1SDV_20240808T225811_20240808T225840_055128_06B7CB_15AC_COG.SAFE",
    "t": "2024-08-08T22:58:11+00:00",
    "sensor": "sentinel1-vv-cfar",
    "uncertainty_m": 12.0
   }
  },
  {
   "type": "Feature",
   "geometry": {
    "type": "Point",
    "coordinates": [
     -74.77200287275014,
     36.0987280100688
    ]
   },
   "properties": {
    "confidence": 0.384,
    "snr": 7.68,
    "peak_dn": 286.0,
    "background_dn": 97.6,
    "sigma_dn": 24.54,
    "pixels": 3,
    "length_m_approx": 17.3,
    "pixel": [
     12149.0,
     13523.0
    ],
    "scene": "S1A_IW_GRDH_1SDV_20240808T225811_20240808T225840_055128_06B7CB_15AC_COG.SAFE",
    "t": "2024-08-08T22:58:11+00:00",
    "sensor": "sentinel1-vv-cfar",
    "uncertainty_m": 13.0
   }
  },
  {
   "type": "Feature",
   "geometry": {
    "type": "Point",
    "coordinates": [
     -74.78008435084885,
     36.127259307243555
    ]
   },
   "properties": {
    "confidence": 0.382,
    "snr": 7.64,
    "peak_dn": 286.0,
    "background_dn": 97.3,
    "sigma_dn": 24.71,
    "pixels": 4,
    "length_m_approx": 20.0,
    "pixel": [
     12133.5,
     13842.5
    ],
    "scene": "S1A_IW_GRDH_1SDV_20240808T225811_20240808T225840_055128_06B7CB_15AC_COG.SAFE",
    "t": "2024-08-08T22:58:11+00:00",
    "sensor": "sentinel1-vv-cfar",
    "uncertainty_m": 13.9
   }
  },
  {
   "type": "Feature",
   "geometry": {
    "type": "Point",
    "coordinates": [
     -74.79713056489081,
     36.05035440547175
    ]
   },
   "properties": {
    "confidence": 0.377,
    "snr": 7.53,
    "peak_dn": 295.0,
    "background_dn": 101.5,
    "sigma_dn": 25.69,
    "pixels": 2,
    "length_m_approx": 14.1,
    "pixel": [
     11831.0,
     13041.5
    ],
    "scene": "S1A_IW_GRDH_1SDV_20240808T225811_20240808T225840_055128_06B7CB_15AC_COG.SAFE",
    "t": "2024-08-08T22:58:11+00:00",
    "sensor": "sentinel1-vv-cfar",
    "uncertainty_m": 12.0
   }
  },
  {
   "type": "Feature",
   "geometry": {
    "type": "Point",
    "coordinates": [
     -74.93456744694672,
     36.04911992237789
    ]
   },
   "properties": {
    "confidence": 0.371,
    "snr": 7.41,
    "peak_dn": 300.0,
    "background_dn": 104.1,
    "sigma_dn": 26.43,
    "pixels": 2,
    "length_m_approx": 14.1,
    "pixel": [
     10610.0,
     13242.5
    ],
    "scene": "S1A_IW_GRDH_1SDV_20240808T225811_20240808T225840_055128_06B7CB_15AC_COG.SAFE",
    "t": "2024-08-08T22:58:11+00:00",
    "sensor": "sentinel1-vv-cfar",
    "uncertainty_m": 12.0
   }
  },
  {
   "type": "Feature",
   "geometry": {
    "type": "Point",
    "coordinates": [
     -74.77045754696059,
     36.00186915988374
    ]
   },
   "properties": {
    "confidence": 0.369,
    "snr": 7.37,
    "peak_dn": 287.0,
    "background_dn": 101.9,
    "sigma_dn": 25.11,
    "pixels": 2,
    "length_m_approx": 14.1,
    "pixel": [
     11972.0,
     12478.5
    ],
    "scene": "S1A_IW_GRDH_1SDV_20240808T225811_20240808T225840_055128_06B7CB_15AC_COG.SAFE",
    "t": "2024-08-08T22:58:11+00:00",
    "sensor": "sentinel1-vv-cfar",
    "uncertainty_m": 12.0
   }
  },
  {
   "type": "Feature",
   "geometry": {
    "type": "Point",
    "coordinates": [
     -74.77572562142471,
     36.155680101053726
    ]
   },
   "properties": {
    "confidence": 0.364,
    "snr": 7.28,
    "peak_dn": 285.0,
    "background_dn": 100.1,
    "sigma_dn": 25.4,
    "pixels": 2,
    "length_m_approx": 14.1,
    "pixel": [
     12228.0,
     14141.5
    ],
    "scene": "S1A_IW_GRDH_1SDV_20240808T225811_20240808T225840_055128_06B7CB_15AC_COG.SAFE",
    "t": "2024-08-08T22:58:11+00:00",
    "sensor": "sentinel1-vv-cfar",
    "uncertainty_m": 12.0
   }
  },
  {
   "type": "Feature",
   "geometry": {
    "type": "Point",
    "coordinates": [
     -74.77207666046674,
     36.05264625669916
    ]
   },
   "properties": {
    "confidence": 0.361,
    "snr": 7.21,
    "peak_dn": 286.0,
    "background_dn": 100.5,
    "sigma_dn": 25.71,
    "pixels": 3,
    "length_m_approx": 17.3,
    "pixel": [
     12057.7,
     13027.3
    ],
    "scene": "S1A_IW_GRDH_1SDV_20240808T225811_20240808T225840_055128_06B7CB_15AC_COG.SAFE",
    "t": "2024-08-08T22:58:11+00:00",
    "sensor": "sentinel1-vv-cfar",
    "uncertainty_m": 13.0
   }
  },
  {
   "type": "Feature",
   "geometry": {
    "type": "Point",
    "coordinates": [
     -74.80943169074331,
     36.142741639614385
    ]
   },
   "properties": {
    "confidence": 0.354,
    "snr": 7.09,
    "peak_dn": 283.0,
    "background_dn": 101.5,
    "sigma_dn": 25.61,
    "pixels": 2,
    "length_m_approx": 14.1,
    "pixel": [
     11904.0,
     14054.5
    ],
    "scene": "S1A_IW_GRDH_1SDV_20240808T225811_20240808T225840_055128_06B7CB_15AC_COG.SAFE",
    "t": "2024-08-08T22:58:11+00:00",
    "sensor": "sentinel1-vv-cfar",
    "uncertainty_m": 12.0
   }
  },
  {
   "type": "Feature",
   "geometry": {
    "type": "Point",
    "coordinates": [
     -74.97009876735592,
     36.02247057227671
    ]
   },
   "properties": {
    "confidence": 0.354,
    "snr": 7.07,
    "peak_dn": 295.0,
    "background_dn": 105.2,
    "sigma_dn": 26.84,
    "pixels": 2,
    "length_m_approx": 14.1,
    "pixel": [
     10242.0,
     13011.5
    ],
    "scene": "S1A_IW_GRDH_1SDV_20240808T225811_20240808T225840_055128_06B7CB_15AC_COG.SAFE",
    "t": "2024-08-08T22:58:11+00:00",
    "sensor": "sentinel1-vv-cfar",
    "uncertainty_m": 12.0
   }
  },
  {
   "type": "Feature",
   "geometry": {
    "type": "Point",
    "coordinates": [
     -74.91714263557458,
     36.07131984388636
    ]
   },
   "properties": {
    "confidence": 0.337,
    "snr": 6.75,
    "peak_dn": 275.0,
    "background_dn": 101.8,
    "sigma_dn": 25.66,
    "pixels": 2,
    "length_m_approx": 14.1,
    "pixel": [
     10808.5,
     13454.0
    ],
    "scene": "S1A_IW_GRDH_1SDV_20240808T225811_20240808T225840_055128_06B7CB_15AC_COG.SAFE",
    "t": "2024-08-08T22:58:11+00:00",
    "sensor": "sentinel1-vv-cfar",
    "uncertainty_m": 12.0
   }
  },
  {
   "type": "Feature",
   "geometry": {
    "type": "Point",
    "coordinates": [
     -74.90295243501018,
     36.041668506639624
    ]
   },
   "properties": {
    "confidence": 0.336,
    "snr": 6.73,
    "peak_dn": 277.0,
    "background_dn": 101.6,
    "sigma_dn": 26.07,
    "pixels": 2,
    "length_m_approx": 14.1,
    "pixel": [
     10875.5,
     13113.0
    ],
    "scene": "S1A_IW_GRDH_1SDV_20240808T225811_20240808T225840_055128_06B7CB_15AC_COG.SAFE",
    "t": "2024-08-08T22:58:11+00:00",
    "sensor": "sentinel1-vv-cfar",
    "uncertainty_m": 12.0
   }
  },
  {
   "type": "Feature",
   "geometry": {
    "type": "Point",
    "coordinates": [
     -74.88335060673906,
     36.09420533441332
    ]
   },
   "properties": {
    "confidence": 0.333,
    "snr": 6.67,
    "peak_dn": 272.0,
    "background_dn": 100.8,
    "sigma_dn": 25.68,
    "pixels": 3,
    "length_m_approx": 17.3,
    "pixel": [
     11153.3,
     13647.3
    ],
    "scene": "S1A_IW_GRDH_1SDV_20240808T225811_20240808T225840_055128_06B7CB_15AC_COG.SAFE",
    "t": "2024-08-08T22:58:11+00:00",
    "sensor": "sentinel1-vv-cfar",
    "uncertainty_m": 13.0
   }
  },
  {
   "type": "Feature",
   "geometry": {
    "type": "Point",
    "coordinates": [
     -74.96772324360654,
     36.040024159743865
    ]
   },
   "properties": {
    "confidence": 0.332,
    "snr": 6.65,
    "peak_dn": 288.0,
    "background_dn": 106.1,
    "sigma_dn": 27.36,
    "pixels": 2,
    "length_m_approx": 14.1,
    "pixel": [
     10298.0,
     13196.5
    ],
    "scene": "S1A_IW_GRDH_1SDV_20240808T225811_20240808T225840_055128_06B7CB_15AC_COG.SAFE",
    "t": "2024-08-08T22:58:11+00:00",
    "sensor": "sentinel1-vv-cfar",
    "uncertainty_m": 12.0
   }
  },
  {
   "type": "Feature",
   "geometry": {
    "type": "Point",
    "coordinates": [
     -74.78138429413721,
     36.09575088213403
    ]
   },
   "properties": {
    "confidence": 0.331,
    "snr": 6.62,
    "peak_dn": 267.0,
    "background_dn": 99.9,
    "sigma_dn": 25.24,
    "pixels": 2,
    "length_m_approx": 14.1,
    "pixel": [
     12060.0,
     13505.5
    ],
    "scene": "S1A_IW_GRDH_1SDV_20240808T225811_20240808T225840_055128_06B7CB_15AC_COG.SAFE",
    "t": "2024-08-08T22:58:11+00:00",
    "sensor": "sentinel1-vv-cfar",
    "uncertainty_m": 12.0
   }
  },
  {
   "type": "Feature",
   "geometry": {
    "type": "Point",
    "coordinates": [
     -74.76921770036407,
     36.05237797557156
    ]
   },
   "properties": {
    "confidence": 0.329,
    "snr": 6.58,
    "peak_dn": 269.0,
    "background_dn": 100.5,
    "sigma_dn": 25.61,
    "pixels": 2,
    "length_m_approx": 14.1,
    "pixel": [
     12082.5,
     13020.0
    ],
    "scene": "S1A_IW_GRDH_1SDV_20240808T225811_20240808T225840_055128_06B7CB_15AC_COG.SAFE",
    "t": "2024-08-08T22:58:11+00:00",
    "sensor": "sentinel1-vv-cfar",
    "uncertainty_m": 12.0
   }
  },
  {
   "type": "Feature",
   "geometry": {
    "type": "Point",
    "coordinates": [
     -74.81508305617335,
     36.01346594435712
    ]
   },
   "properties": {
    "confidence": 0.327,
    "snr": 6.54,
    "peak_dn": 273.0,
    "background_dn": 102.3,
    "sigma_dn": 26.08,
    "pixels": 2,
    "length_m_approx": 14.1,
    "pixel": [
     11599.0,
     12672.5
    ],
    "scene": "S1A_IW_GRDH_1SDV_20240808T225811_20240808T225840_055128_06B7CB_15AC_COG.SAFE",
    "t": "2024-08-08T22:58:11+00:00",
    "sensor": "sentinel1-vv-cfar",
    "uncertainty_m": 12.0
   }
  },
  {
   "type": "Feature",
   "geometry": {
    "type": "Point",
    "coordinates": [
     -74.94940074567569,
     36.06068277843785
    ]
   },
   "properties": {
    "confidence": 0.326,
    "snr": 6.52,
    "peak_dn": 269.0,
    "background_dn": 101.8,
    "sigma_dn": 25.62,
    "pixels": 2,
    "length_m_approx": 14.1,
    "pixel": [
     10501.5,
     13390.0
    ],
    "scene": "S1A_IW_GRDH_1SDV_20240808T225811_20240808T225840_055128_06B7CB_15AC_COG.SAFE",
    "t": "2024-08-08T22:58:11+00:00",
    "sensor": "sentinel1-vv-cfar",
    "uncertainty_m": 12.0
   }
  },
  {
   "type": "Feature",
   "geometry": {
    "type": "Point",
    "coordinates": [
     -74.84291405172667,
     36.09056126505938
    ]
   },
   "properties": {
    "confidence": 0.324,
    "snr": 6.48,
    "peak_dn": 266.0,
    "background_dn": 100.7,
    "sigma_dn": 25.49,
    "pixels": 2,
    "length_m_approx": 14.1,
    "pixel": [
     11504.5,
     13545.0
    ],
    "scene": "S1A_IW_GRDH_1SDV_20240808T225811_20240808T225840_055128_06B7CB_15AC_COG.SAFE",
    "t": "2024-08-08T22:58:11+00:00",
    "sensor": "sentinel1-vv-cfar",
    "uncertainty_m": 12.0
   }
  },
  {
   "type": "Feature",
   "geometry": {
    "type": "Point",
    "coordinates": [
     -74.76217891027909,
     36.10200194191291
    ]
   },
   "properties": {
    "confidence": 0.312,
    "snr": 6.25,
    "peak_dn": 254.0,
    "background_dn": 98.2,
    "sigma_dn": 24.93,
    "pixels": 2,
    "length_m_approx": 14.1,
    "pixel": [
     12242.5,
     13543.0
    ],
    "scene": "S1A_IW_GRDH_1SDV_20240808T225811_20240808T225840_055128_06B7CB_15AC_COG.SAFE",
    "t": "2024-08-08T22:58:11+00:00",
    "sensor": "sentinel1-vv-cfar",
    "uncertainty_m": 12.0
   }
  },
  {
   "type": "Feature",
   "geometry": {
    "type": "Point",
    "coordinates": [
     -74.84984059683669,
     36.05180301787247
    ]
   },
   "properties": {
    "confidence": 0.308,
    "snr": 6.16,
    "peak_dn": 253.0,
    "background_dn": 100.7,
    "sigma_dn": 24.74,
    "pixels": 2,
    "length_m_approx": 14.1,
    "pixel": [
     11366.5,
     13139.0
    ],
    "scene": "S1A_IW_GRDH_1SDV_20240808T225811_20240808T225840_055128_06B7CB_15AC_COG.SAFE",
    "t": "2024-08-08T22:58:11+00:00",
    "sensor": "sentinel1-vv-cfar",
    "uncertainty_m": 12.0
   }
  },
  {
   "type": "Feature",
   "geometry": {
    "type": "Point",
    "coordinates": [
     -74.62054150288174,
     36.045428794688085
    ]
   },
   "properties": {
    "confidence": 0.5,
    "snr": 9.99,
    "peak_dn": 318.0,
    "background_dn": 90.4,
    "sigma_dn": 22.78,
    "pixels": 4,
    "length_m_approx": 20.0,
    "pixel": [
     13387.5,
     12715.5
    ],
    "scene": "S1A_IW_GRDH_1SDV_20240808T225811_20240808T225840_055128_06B7CB_15AC_COG.SAFE",
    "t": "2024-08-08T22:58:11+00:00",
    "sensor": "sentinel1-vv-cfar",
    "uncertainty_m": 13.9
   }
  },
  {
   "type": "Feature",
   "geometry": {
    "type": "Point",
    "coordinates": [
     -74.7138632410625,
     36.12842879531384
    ]
   },
   "properties": {
    "confidence": 0.444,
    "snr": 8.88,
    "peak_dn": 311.0,
    "background_dn": 96.4,
    "sigma_dn": 24.18,
    "pixels": 4,
    "length_m_approx": 20.0,
    "pixel": [
     12722.5,
     13752.5
    ],
    "scene": "S1A_IW_GRDH_1SDV_20240808T225811_20240808T225840_055128_06B7CB_15AC_COG.SAFE",
    "t": "2024-08-08T22:58:11+00:00",
    "sensor": "sentinel1-vv-cfar",
    "uncertainty_m": 13.9
   }
  },
  {
   "type": "Feature",
   "geometry": {
    "type": "Point",
    "coordinates": [
     -74.55332409876357,
     36.12937488026821
    ]
   },
   "properties": {
    "confidence": 0.43,
    "snr": 8.6,
    "peak_dn": 249.0,
    "background_dn": 78.7,
    "sigma_dn": 19.81,
    "pixels": 3,
    "length_m_approx": 17.3,
    "pixel": [
     14147.0,
     13516.0
    ],
    "scene": "S1A_IW_GRDH_1SDV_20240808T225811_20240808T225840_055128_06B7CB_15AC_COG.SAFE",
    "t": "2024-08-08T22:58:11+00:00",
    "sensor": "sentinel1-vv-cfar",
    "uncertainty_m": 13.0
   }
  },
  {
   "type": "Feature",
   "geometry": {
    "type": "Point",
    "coordinates": [
     -74.70896608149923,
     36.01630685196133
    ]
   },
   "properties": {
    "confidence": 0.413,
    "snr": 8.26,
    "peak_dn": 311.0,
    "background_dn": 99.9,
    "sigma_dn": 25.57,
    "pixels": 2,
    "length_m_approx": 14.1,
    "pixel": [
     12546.0,
     12538.5
    ],
    "scene": "S1A_IW_GRDH_1SDV_20240808T225811_20240808T225840_055128_06B7CB_15AC_COG.SAFE",
    "t": "2024-08-08T22:58:11+00:00",
    "sensor": "sentinel1-vv-cfar",
    "uncertainty_m": 12.0
   }
  },
  {
   "type": "Feature",
   "geometry": {
    "type": "Point",
    "coordinates": [
     -74.67920022979052,
     36.01542512515381
    ]
   },
   "properties": {
    "confidence": 0.411,
    "snr": 8.22,
    "peak_dn": 302.0,
    "background_dn": 96.0,
    "sigma_dn": 25.06,
    "pixels": 5,
    "length_m_approx": 22.4,
    "pixel": [
     12808.4,
     12482.8
    ],
    "scene": "S1A_IW_GRDH_1SDV_20240808T225811_20240808T225840_055128_06B7CB_15AC_COG.SAFE",
    "t": "2024-08-08T22:58:11+00:00",
    "sensor": "sentinel1-vv-cfar",
    "uncertainty_m": 14.8
   }
  },
  {
   "type": "Feature",
   "geometry": {
    "type": "Point",
    "coordinates": [
     -74.55715311890933,
     36.15199797736767
    ]
   },
   "properties": {
    "confidence": 0.395,
    "snr": 7.89,
    "peak_dn": 230.0,
    "background_dn": 77.8,
    "sigma_dn": 19.29,
    "pixels": 2,
    "length_m_approx": 14.1,
    "pixel": [
     14157.0,
     13765.5
    ],
    "scene": "S1A_IW_GRDH_1SDV_20240808T225811_20240808T225840_055128_06B7CB_15AC_COG.SAFE",
    "t": "2024-08-08T22:58:11+00:00",
    "sensor": "sentinel1-vv-cfar",
    "uncertainty_m": 12.0
   }
  },
  {
   "type": "Feature",
   "geometry": {
    "type": "Point",
    "coordinates": [
     -74.72078755135968,
     36.03430856590049
    ]
   },
   "properties": {
    "confidence": 0.377,
    "snr": 7.53,
    "peak_dn": 289.0,
    "background_dn": 99.7,
    "sigma_dn": 25.14,
    "pixels": 4,
    "length_m_approx": 20.0,
    "pixel": [
     12476.5,
     12750.5
    ],
    "scene": "S1A_IW_GRDH_1SDV_20240808T225811_20240808T225840_055128_06B7CB_15AC_COG.SAFE",
    "t": "2024-08-08T22:58:11+00:00",
    "sensor": "sentinel1-vv-cfar",
    "uncertainty_m": 13.9
   }
  },
  {
   "type": "Feature",
   "geometry": {
    "type": "Point",
    "coordinates": [
     -74.70230460153321,
     36.068988442449594
    ]
   },
   "properties": {
    "confidence": 0.371,
    "snr": 7.42,
    "peak_dn": 286.0,
    "background_dn": 99.8,
    "sigma_dn": 25.11,
    "pixels": 2,
    "length_m_approx": 14.1,
    "pixel": [
     12708.5,
     13095.0
    ],
    "scene": "S1A_IW_GRDH_1SDV_20240808T225811_20240808T225840_055128_06B7CB_15AC_COG.SAFE",
    "t": "2024-08-08T22:58:11+00:00",
    "sensor": "sentinel1-vv-cfar",
    "uncertainty_m": 12.0
   }
  },
  {
   "type": "Feature",
   "geometry": {
    "type": "Point",
    "coordinates": [
     -74.55558776184232,
     36.101614270362916
    ]
   },
   "properties": {
    "confidence": 0.37,
    "snr": 7.39,
    "peak_dn": 229.0,
    "background_dn": 78.7,
    "sigma_dn": 20.34,
    "pixels": 2,
    "length_m_approx": 14.1,
    "pixel": [
     14073.0,
     13220.5
    ],
    "scene": "S1A_IW_GRDH_1SDV_20240808T225811_20240808T225840_055128_06B7CB_15AC_COG.SAFE",
    "t": "2024-08-08T22:58:11+00:00",
    "sensor": "sentinel1-vv-cfar",
    "uncertainty_m": 12.0
   }
  },
  {
   "type": "Feature",
   "geometry": {
    "type": "Point",
    "coordinates": [
     -74.74234094942854,
     36.146169377590056
    ]
   },
   "properties": {
    "confidence": 0.366,
    "snr": 7.32,
    "peak_dn": 281.0,
    "background_dn": 98.3,
    "sigma_dn": 24.94,
    "pixels": 2,
    "length_m_approx": 14.1,
    "pixel": [
     12505.0,
     13987.5
    ],
    "scene": "S1A_IW_GRDH_1SDV_20240808T225811_20240808T225840_055128_06B7CB_15AC_COG.SAFE",
    "t": "2024-08-08T22:58:11+00:00",
    "sensor": "sentinel1-vv-cfar",
    "uncertainty_m": 12.0
   }
  },
  {
   "type": "Feature",
   "geometry": {
    "type": "Point",
    "coordinates": [
     -74.64671481284093,
     36.02328888523145
    ]
   },
   "properties": {
    "confidence": 0.366,
    "snr": 7.32,
    "peak_dn": 276.0,
    "background_dn": 96.6,
    "sigma_dn": 24.51,
    "pixels": 2,
    "length_m_approx": 14.1,
    "pixel": [
     13112.0,
     12517.5
    ],
    "scene": "S1A_IW_GRDH_1SDV_20240808T225811_20240808T225840_055128_06B7CB_15AC_COG.SAFE",
    "t": "2024-08-08T22:58:11+00:00",
    "sensor": "sentinel1-vv-cfar",
    "uncertainty_m": 12.0
   }
  },
  {
   "type": "Feature",
   "geometry": {
    "type": "Point",
    "coordinates": [
     -74.7516617287347,
     36.13093304230927
    ]
   },
   "properties": {
    "confidence": 0.361,
    "snr": 7.21,
    "peak_dn": 294.0,
    "background_dn": 102.1,
    "sigma_dn": 26.61,
    "pixels": 2,
    "length_m_approx": 14.1,
    "pixel": [
     12392.5,
     13838.0
    ],
    "scene": "S1A_IW_GRDH_1SDV_20240808T225811_20240808T225840_055128_06B7CB_15AC_COG.SAFE",
    "t": "2024-08-08T22:58:11+00:00",
    "sensor": "sentinel1-vv-cfar",
    "uncertainty_m": 12.0
   }
  },
  {
   "type": "Feature",
   "geometry": {
    "type": "Point",
    "coordinates": [
     -74.5924126421139,
     36.040979479245706
    ]
   },
   "properties": {
    "confidence": 0.359,
    "snr": 7.18,
    "peak_dn": 246.0,
    "background_dn": 86.8,
    "sigma_dn": 22.16,
    "pixels": 3,
    "length_m_approx": 17.3,
    "pixel": [
     13628.3,
     12624.4
    ],
    "scene": "S1A_IW_GRDH_1SDV_20240808T225811_20240808T225840_055128_06B7CB_15AC_COG.SAFE",
    "t": "2024-08-08T22:58:11+00:00",
    "sensor": "sentinel1-vv-cfar",
    "uncertainty_m": 13.0
   }
  },
  {
   "type": "Feature",
   "geometry": {
    "type": "Point",
    "coordinates": [
     -74.55872308871562,
     36.0614136077066
    ]
   },
   "properties": {
    "confidence": 0.35,
    "snr": 7.01,
    "peak_dn": 237.0,
    "background_dn": 86.8,
    "sigma_dn": 21.43,
    "pixels": 2,
    "length_m_approx": 14.1,
    "pixel": [
     13967.0,
     12792.5
    ],
    "scene": "S1A_IW_GRDH_1SDV_20240808T225811_20240808T225840_055128_06B7CB_15AC_COG.SAFE",
    "t": "2024-08-08T22:58:11+00:00",
    "sensor": "sentinel1-vv-cfar",
    "uncertainty_m": 12.0
   }
  },
  {
   "type": "Feature",
   "geometry": {
    "type": "Point",
    "coordinates": [
     -74.69522785399121,
     36.08111404816643
    ]
   },
   "properties": {
    "confidence": 0.35,
    "snr": 7.0,
    "peak_dn": 268.0,
    "background_dn": 96.7,
    "sigma_dn": 24.48,
    "pixels": 2,
    "length_m_approx": 14.1,
    "pixel": [
     12795.0,
     13214.5
    ],
    "scene": "S1A_IW_GRDH_1SDV_20240808T225811_20240808T225840_055128_06B7CB_15AC_COG.SAFE",
    "t": "2024-08-08T22:58:11+00:00",
    "sensor": "sentinel1-vv-cfar",
    "uncertainty_m": 12.0
   }
  },
  {
   "type": "Feature",
   "geometry": {
    "type": "Point",
    "coordinates": [
     -74.62085805588401,
     36.114772137874944
    ]
   },
   "properties": {
    "confidence": 0.344,
    "snr": 6.88,
    "peak_dn": 240.0,
    "background_dn": 88.6,
    "sigma_dn": 22.01,
    "pixels": 2,
    "length_m_approx": 14.1,
    "pixel": [
     13520.0,
     13462.5
    ],
    "scene": "S1A_IW_GRDH_1SDV_20240808T225811_20240808T225840_055128_06B7CB_15AC_COG.SAFE",
    "t": "2024-08-08T22:58:11+00:00",
    "sensor": "sentinel1-vv-cfar",
    "uncertainty_m": 12.0
   }
  },
  {
   "type": "Feature",
   "geometry": {
    "type": "Point",
    "coordinates": [
     -74.54661534868997,
     36.091556179922605
    ]
   },
   "properties": {
    "confidence": 0.343,
    "snr": 6.87,
    "peak_dn": 218.0,
    "background_dn": 80.7,
    "sigma_dn": 19.98,
    "pixels": 2,
    "length_m_approx": 14.1,
    "pixel": [
     14133.0,
     13098.5
    ],
    "scene": "S1A_IW_GRDH_1SDV_20240808T225811_20240808T225840_055128_06B7CB_15AC_COG.SAFE",
    "t": "2024-08-08T22:58:11+00:00",
    "sensor": "sentinel1-vv-cfar",
    "uncertainty_m": 12.0
   }
  },
  {
   "type": "Feature",
   "geometry": {
    "type": "Point",
    "coordinates": [
     -74.60786063170752,
     36.18294735401358
    ]
   },
   "properties": {
    "confidence": 0.343,
    "snr": 6.86,
    "peak_dn": 219.0,
    "background_dn": 79.9,
    "sigma_dn": 20.28,
    "pixels": 2,
    "length_m_approx": 14.1,
    "pixel": [
     13768.0,
     14176.5
    ],
    "scene": "S1A_IW_GRDH_1SDV_20240808T225811_20240808T225840_055128_06B7CB_15AC_COG.SAFE",
    "t": "2024-08-08T22:58:11+00:00",
    "sensor": "sentinel1-vv-cfar",
    "uncertainty_m": 12.0
   }
  },
  {
   "type": "Feature",
   "geometry": {
    "type": "Point",
    "coordinates": [
     -74.61782762932512,
     36.17539415298316
    ]
   },
   "properties": {
    "confidence": 0.341,
    "snr": 6.82,
    "peak_dn": 227.0,
    "background_dn": 85.0,
    "sigma_dn": 20.82,
    "pixels": 2,
    "length_m_approx": 14.1,
    "pixel": [
     13665.0,
     14110.5
    ],
    "scene": "S1A_IW_GRDH_1SDV_20240808T225811_20240808T225840_055128_06B7CB_15AC_COG.SAFE",
    "t": "2024-08-08T22:58:11+00:00",
    "sensor": "sentinel1-vv-cfar",
    "uncertainty_m": 12.0
   }
  },
  {
   "type": "Feature",
   "geometry": {
    "type": "Point",
    "coordinates": [
     -74.57659140412734,
     36.16729751914032
    ]
   },
   "properties": {
    "confidence": 0.339,
    "snr": 6.78,
    "peak_dn": 210.0,
    "background_dn": 78.6,
    "sigma_dn": 19.37,
    "pixels": 2,
    "length_m_approx": 14.1,
    "pixel": [
     14014.5,
     13960.0
    ],
    "scene": "S1A_IW_GRDH_1SDV_20240808T225811_20240808T225840_055128_06B7CB_15AC_COG.SAFE",
    "t": "2024-08-08T22:58:11+00:00",
    "sensor": "sentinel1-vv-cfar",
    "uncertainty_m": 12.0
   }
  },
  {
   "type": "Feature",
   "geometry": {
    "type": "Point",
    "coordinates": [
     -74.71432553962777,
     36.08305574646178
    ]
   },
   "properties": {
    "confidence": 0.339,
    "snr": 6.78,
    "peak_dn": 269.0,
    "background_dn": 98.3,
    "sigma_dn": 25.17,
    "pixels": 2,
    "length_m_approx": 14.1,
    "pixel": [
     12629.5,
     13265.0
    ],
    "scene": "S1A_IW_GRDH_1SDV_20240808T225811_20240808T225840_055128_06B7CB_15AC_COG.SAFE",
    "t": "2024-08-08T22:58:11+00:00",
    "sensor": "sentinel1-vv-cfar",
    "uncertainty_m": 12.0
   }
  },
  {
   "type": "Feature",
   "geometry": {
    "type": "Point",
    "coordinates": [
     -74.58729461140875,
     36.05342874676665
    ]
   },
   "properties": {
    "confidence": 0.335,
    "snr": 6.7,
    "peak_dn": 230.0,
    "background_dn": 85.8,
    "sigma_dn": 21.51,
    "pixels": 2,
    "length_m_approx": 14.1,
    "pixel": [
     13698.0,
     12750.5
    ],
    "scene": "S1A_IW_GRDH_1SDV_20240808T225811_20240808T225840_055128_06B7CB_15AC_COG.SAFE",
    "t": "2024-08-08T22:58:11+00:00",
    "sensor": "sentinel1-vv-cfar",
    "uncertainty_m": 12.0
   }
  },
  {
   "type": "Feature",
   "geometry": {
    "type": "Point",
    "coordinates": [
     -74.6704128577023,
     36.09952393062514
    ]
   },
   "properties": {
    "confidence": 0.332,
    "snr": 6.64,
    "peak_dn": 251.0,
    "background_dn": 93.5,
    "sigma_dn": 23.71,
    "pixels": 2,
    "length_m_approx": 14.1,
    "pixel": [
     13051.0,
     13374.5
    ],
    "scene": "S1A_IW_GRDH_1SDV_20240808T225811_20240808T225840_055128_06B7CB_15AC_COG.SAFE",
    "t": "2024-08-08T22:58:11+00:00",
    "sensor": "sentinel1-vv-cfar",
    "uncertainty_m": 12.0
   }
  },
  {
   "type": "Feature",
   "geometry": {
    "type": "Point",
    "coordinates": [
     -74.72882117511318,
     36.01147924767808
    ]
   },
   "properties": {
    "confidence": 0.329,
    "snr": 6.57,
    "peak_dn": 265.0,
    "background_dn": 99.8,
    "sigma_dn": 25.13,
    "pixels": 3,
    "length_m_approx": 17.3,
    "pixel": [
     12360.3,
     12517.3
    ],
    "scene": "S1A_IW_GRDH_1SDV_20240808T225811_20240808T225840_055128_06B7CB_15AC_COG.SAFE",
    "t": "2024-08-08T22:58:11+00:00",
    "sensor": "sentinel1-vv-cfar",
    "uncertainty_m": 13.0
   }
  },
  {
   "type": "Feature",
   "geometry": {
    "type": "Point",
    "coordinates": [
     -74.61362779354305,
     36.08575416667314
    ]
   },
   "properties": {
    "confidence": 0.301,
    "snr": 6.02,
    "peak_dn": 223.0,
    "background_dn": 90.1,
    "sigma_dn": 22.06,
    "pixels": 2,
    "length_m_approx": 14.1,
    "pixel": [
     13527.5,
     13139.0
    ],
    "scene": "S1A_IW_GRDH_1SDV_20240808T225811_20240808T225840_055128_06B7CB_15AC_COG.SAFE",
    "t": "2024-08-08T22:58:11+00:00",
    "sensor": "sentinel1-vv-cfar",
    "uncertainty_m": 12.0
   }
  },
  {
   "type": "Feature",
   "geometry": {
    "type": "Point",
    "coordinates": [
     -74.41091858132599,
     36.10538137699896
    ]
   },
   "properties": {
    "confidence": 0.428,
    "snr": 8.55,
    "peak_dn": 279.0,
    "background_dn": 88.5,
    "sigma_dn": 22.27,
    "pixels": 2,
    "length_m_approx": 14.1,
    "pixel": [
     15363.0,
     13040.5
    ],
    "scene": "S1A_IW_GRDH_1SDV_20240808T225811_20240808T225840_055128_06B7CB_15AC_COG.SAFE",
    "t": "2024-08-08T22:58:11+00:00",
    "sensor": "sentinel1-vv-cfar",
    "uncertainty_m": 12.0
   }
  },
  {
   "type": "Feature",
   "geometry": {
    "type": "Point",
    "coordinates": [
     -74.10222926828209,
     36.23883941287337
    ]
   },
   "properties": {
    "confidence": 0.435,
    "snr": 8.7,
    "peak_dn": 329.0,
    "background_dn": 103.8,
    "sigma_dn": 25.89,
    "pixels": 4,
    "length_m_approx": 20.0,
    "pixel": [
     18353.5,
     14015.5
    ],
    "scene": "S1A_IW_GRDH_1SDV_20240808T225811_20240808T225840_055128_06B7CB_15AC_COG.SAFE",
    "t": "2024-08-08T22:58:11+00:00",
    "sensor": "sentinel1-vv-cfar",
    "uncertainty_m": 14.0
   }
  },
  {
   "type": "Feature",
   "geometry": {
    "type": "Point",
    "coordinates": [
     -74.13830148708134,
     36.126473457662115
    ]
   },
   "properties": {
    "confidence": 0.333,
    "snr": 6.66,
    "peak_dn": 312.0,
    "background_dn": 114.2,
    "sigma_dn": 29.7,
    "pixels": 3,
    "length_m_approx": 17.3,
    "pixel": [
     17821.0,
     12857.0
    ],
    "scene": "S1A_IW_GRDH_1SDV_20240808T225811_20240808T225840_055128_06B7CB_15AC_COG.SAFE",
    "t": "2024-08-08T22:58:11+00:00",
    "sensor": "sentinel1-vv-cfar",
    "uncertainty_m": 13.0
   }
  },
  {
   "type": "Feature",
   "geometry": {
    "type": "Point",
    "coordinates": [
     -74.23251513408862,
     36.15087556383844
    ]
   },
   "properties": {
    "confidence": 0.331,
    "snr": 6.61,
    "peak_dn": 242.0,
    "background_dn": 92.5,
    "sigma_dn": 22.61,
    "pixels": 2,
    "length_m_approx": 14.1,
    "pixel": [
     17032.0,
     13261.5
    ],
    "scene": "S1A_IW_GRDH_1SDV_20240808T225811_20240808T225840_055128_06B7CB_15AC_COG.SAFE",
    "t": "2024-08-08T22:58:11+00:00",
    "sensor": "sentinel1-vv-cfar",
    "uncertainty_m": 12.0
   }
  },
  {
   "type": "Feature",
   "geometry": {
    "type": "Point",
    "coordinates": [
     -74.20102170796272,
     36.14709522718539
    ]
   },
   "properties": {
    "confidence": 0.328,
    "snr": 6.56,
    "peak_dn": 237.0,
    "background_dn": 90.4,
    "sigma_dn": 22.35,
    "pixels": 2,
    "length_m_approx": 14.1,
    "pixel": [
     17304.0,
     13173.5
    ],
    "scene": "S1A_IW_GRDH_1SDV_20240808T225811_20240808T225840_055128_06B7CB_15AC_COG.SAFE",
    "t": "2024-08-08T22:58:11+00:00",
    "sensor": "sentinel1-vv-cfar",
    "uncertainty_m": 12.0
   }
  },
  {
   "type": "Feature",
   "geometry": {
    "type": "Point",
    "coordinates": [
     -73.93933939038916,
     36.148362484950766
    ]
   },
   "properties": {
    "confidence": 0.377,
    "snr": 7.55,
    "peak_dn": 272.0,
    "background_dn": 92.9,
    "sigma_dn": 23.72,
    "pixels": 2,
    "length_m_approx": 14.1,
    "pixel": [
     19627.0,
     12797.5
    ],
    "scene": "S1A_IW_GRDH_1SDV_20240808T225811_20240808T225840_055128_06B7CB_15AC_COG.SAFE",
    "t": "2024-08-08T22:58:11+00:00",
    "sensor": "sentinel1-vv-cfar",
    "uncertainty_m": 12.0
   }
  },
  {
   "type": "Feature",
   "geometry": {
    "type": "Point",
    "coordinates": [
     -73.95842669236426,
     36.125880462941204
    ]
   },
   "properties": {
    "confidence": 0.369,
    "snr": 7.38,
    "peak_dn": 261.0,
    "background_dn": 91.0,
    "sigma_dn": 23.05,
    "pixels": 2,
    "length_m_approx": 14.1,
    "pixel": [
     19415.5,
     12583.0
    ],
    "scene": "S1A_IW_GRDH_1SDV_20240808T225811_20240808T225840_055128_06B7CB_15AC_COG.SAFE",
    "t": "2024-08-08T22:58:11+00:00",
    "sensor": "sentinel1-vv-cfar",
    "uncertainty_m": 12.0
   }
  },
  {
   "type": "Feature",
   "geometry": {
    "type": "Point",
    "coordinates": [
     -73.9933896828332,
     36.19081193562148
    ]
   },
   "properties": {
    "confidence": 0.347,
    "snr": 6.94,
    "peak_dn": 248.0,
    "background_dn": 90.6,
    "sigma_dn": 22.67,
    "pixels": 4,
    "length_m_approx": 20.0,
    "pixel": [
     19227.5,
     13335.5
    ],
    "scene": "S1A_IW_GRDH_1SDV_20240808T225811_20240808T225840_055128_06B7CB_15AC_COG.SAFE",
    "t": "2024-08-08T22:58:11+00:00",
    "sensor": "sentinel1-vv-cfar",
    "uncertainty_m": 14.0
   }
  },
  {
   "type": "Feature",
   "geometry": {
    "type": "Point",
    "coordinates": [
     -73.92789588232083,
     36.10776181671021
    ]
   },
   "properties": {
    "confidence": 0.313,
    "snr": 6.25,
    "peak_dn": 233.0,
    "background_dn": 92.2,
    "sigma_dn": 22.51,
    "pixels": 3,
    "length_m_approx": 17.3,
    "pixel": [
     19652.3,
     12342.3
    ],
    "scene": "S1A_IW_GRDH_1SDV_20240808T225811_20240808T225840_055128_06B7CB_15AC_COG.SAFE",
    "t": "2024-08-08T22:58:11+00:00",
    "sensor": "sentinel1-vv-cfar",
    "uncertainty_m": 13.0
   }
  },
  {
   "type": "Feature",
   "geometry": {
    "type": "Point",
    "coordinates": [
     -73.66661658728526,
     36.164836798324956
    ]
   },
   "properties": {
    "confidence": 0.403,
    "snr": 8.06,
    "peak_dn": 260.0,
    "background_dn": 86.4,
    "sigma_dn": 21.54,
    "pixels": 2,
    "length_m_approx": 14.1,
    "pixel": [
     22077.0,
     12575.5
    ],
    "scene": "S1A_IW_GRDH_1SDV_20240808T225811_20240808T225840_055128_06B7CB_15AC_COG.SAFE",
    "t": "2024-08-08T22:58:11+00:00",
    "sensor": "sentinel1-vv-cfar",
    "uncertainty_m": 12.0
   }
  },
  {
   "type": "Feature",
   "geometry": {
    "type": "Point",
    "coordinates": [
     -73.64641345833833,
     36.24313432662444
    ]
   },
   "properties": {
    "confidence": 0.358,
    "snr": 7.16,
    "peak_dn": 219.0,
    "background_dn": 79.7,
    "sigma_dn": 19.46,
    "pixels": 4,
    "length_m_approx": 20.0,
    "pixel": [
     22400.5,
     13392.5
    ],
    "scene": "S1A_IW_GRDH_1SDV_20240808T225811_20240808T225840_055128_06B7CB_15AC_COG.SAFE",
    "t": "2024-08-08T22:58:11+00:00",
    "sensor": "sentinel1-vv-cfar",
    "uncertainty_m": 14.0
   }
  },
  {
   "type": "Feature",
   "geometry": {
    "type": "Point",
    "coordinates": [
     -73.76467081749549,
     36.24239471414121
    ]
   },
   "properties": {
    "confidence": 0.326,
    "snr": 6.52,
    "peak_dn": 233.0,
    "background_dn": 88.3,
    "sigma_dn": 22.18,
    "pixels": 2,
    "length_m_approx": 14.1,
    "pixel": [
     21351.0,
     13556.5
    ],
    "scene": "S1A_IW_GRDH_1SDV_20240808T225811_20240808T225840_055128_06B7CB_15AC_COG.SAFE",
    "t": "2024-08-08T22:58:11+00:00",
    "sensor": "sentinel1-vv-cfar",
    "uncertainty_m": 12.0
   }
  },
  {
   "type": "Feature",
   "geometry": {
    "type": "Point",
    "coordinates": [
     -73.82594115194343,
     36.17254103088403
    ]
   },
   "properties": {
    "confidence": 0.316,
    "snr": 6.32,
    "peak_dn": 225.0,
    "background_dn": 87.3,
    "sigma_dn": 21.79,
    "pixels": 2,
    "length_m_approx": 14.1,
    "pixel": [
     20678.0,
     12891.5
    ],
    "scene": "S1A_IW_GRDH_1SDV_20240808T225811_20240808T225840_055128_06B7CB_15AC_COG.SAFE",
    "t": "2024-08-08T22:58:11+00:00",
    "sensor": "sentinel1-vv-cfar",
    "uncertainty_m": 12.0
   }
  },
  {
   "type": "Feature",
   "geometry": {
    "type": "Point",
    "coordinates": [
     -73.60246457443942,
     36.28612337268615
    ]
   },
   "properties": {
    "confidence": 0.356,
    "snr": 7.11,
    "peak_dn": 215.0,
    "background_dn": 77.9,
    "sigma_dn": 19.28,
    "pixels": 2,
    "length_m_approx": 14.1,
    "pixel": [
     22869.0,
     13793.5
    ],
    "scene": "S1A_IW_GRDH_1SDV_20240808T225811_20240808T225840_055128_06B7CB_15AC_COG.SAFE",
    "t": "2024-08-08T22:58:11+00:00",
    "sensor": "sentinel1-vv-cfar",
    "uncertainty_m": 12.0
   }
  },
  {
   "type": "Feature",
   "geometry": {
    "type": "Point",
    "coordinates": [
     -73.43546597101086,
     36.29089022977437
    ]
   },
   "properties": {
    "confidence": 0.329,
    "snr": 6.58,
    "peak_dn": 194.0,
    "background_dn": 73.0,
    "sigma_dn": 18.39,
    "pixels": 2,
    "length_m_approx": 14.1,
    "pixel": [
     24357.5,
     13605.0
    ],
    "scene": "S1A_IW_GRDH_1SDV_20240808T225811_20240808T225840_055128_06B7CB_15AC_COG.SAFE",
    "t": "2024-08-08T22:58:11+00:00",
    "sensor": "sentinel1-vv-cfar",
    "uncertainty_m": 12.0
   }
  },
  {
   "type": "Feature",
   "geometry": {
    "type": "Point",
    "coordinates": [
     -73.61416028259913,
     36.25597063820735
    ]
   },
   "properties": {
    "confidence": 0.326,
    "snr": 6.51,
    "peak_dn": 206.0,
    "background_dn": 78.0,
    "sigma_dn": 19.65,
    "pixels": 2,
    "length_m_approx": 14.1,
    "pixel": [
     22710.0,
     13484.5
    ],
    "scene": "S1A_IW_GRDH_1SDV_20240808T225811_20240808T225840_055128_06B7CB_15AC_COG.SAFE",
    "t": "2024-08-08T22:58:11+00:00",
    "sensor": "sentinel1-vv-cfar",
    "uncertainty_m": 12.0
   }
  },
  {
   "type": "Feature",
   "geometry": {
    "type": "Point",
    "coordinates": [
     -73.59532564988291,
     36.27126062648473
    ]
   },
   "properties": {
    "confidence": 0.315,
    "snr": 6.29,
    "peak_dn": 195.0,
    "background_dn": 75.1,
    "sigma_dn": 19.05,
    "pixels": 2,
    "length_m_approx": 14.1,
    "pixel": [
     22905.0,
     13622.5
    ],
    "scene": "S1A_IW_GRDH_1SDV_20240808T225811_20240808T225840_055128_06B7CB_15AC_COG.SAFE",
    "t": "2024-08-08T22:58:11+00:00",
    "sensor": "sentinel1-vv-cfar",
    "uncertainty_m": 12.0
   }
  },
  {
   "type": "Feature",
   "geometry": {
    "type": "Point",
    "coordinates": [
     -73.56165273562743,
     36.265026099015756
    ]
   },
   "properties": {
    "confidence": 0.303,
    "snr": 6.05,
    "peak_dn": 201.0,
    "background_dn": 79.9,
    "sigma_dn": 20.01,
    "pixels": 2,
    "length_m_approx": 14.1,
    "pixel": [
     23192.0,
     13506.5
    ],
    "scene": "S1A_IW_GRDH_1SDV_20240808T225811_20240808T225840_055128_06B7CB_15AC_COG.SAFE",
    "t": "2024-08-08T22:58:11+00:00",
    "sensor": "sentinel1-vv-cfar",
    "uncertainty_m": 12.0
   }
  },
  {
   "type": "Feature",
   "geometry": {
    "type": "Point",
    "coordinates": [
     -73.37097973076638,
     36.35283105588165
    ]
   },
   "properties": {
    "confidence": 0.339,
    "snr": 6.79,
    "peak_dn": 249.0,
    "background_dn": 80.8,
    "sigma_dn": 24.78,
    "pixels": 2,
    "length_m_approx": 14.1,
    "pixel": [
     25041.0,
     14183.5
    ],
    "scene": "S1A_IW_GRDH_1SDV_20240808T225811_20240808T225840_055128_06B7CB_15AC_COG.SAFE",
    "t": "2024-08-08T22:58:11+00:00",
    "sensor": "sentinel1-vv-cfar",
    "uncertainty_m": 12.0
   }
  },
  {
   "type": "Feature",
   "geometry": {
    "type": "Point",
    "coordinates": [
     -73.37050443734131,
     36.35198368986215
    ]
   },
   "properties": {
    "confidence": 0.337,
    "snr": 6.74,
    "peak_dn": 251.0,
    "background_dn": 80.5,
    "sigma_dn": 25.31,
    "pixels": 3,
    "length_m_approx": 17.3,
    "pixel": [
     25043.7,
     14173.7
    ],
    "scene": "S1A_IW_GRDH_1SDV_20240808T225811_20240808T225840_055128_06B7CB_15AC_COG.SAFE",
    "t": "2024-08-08T22:58:11+00:00",
    "sensor": "sentinel1-vv-cfar",
    "uncertainty_m": 13.0
   }
  },
  {
   "type": "Feature",
   "geometry": {
    "type": "Point",
    "coordinates": [
     -73.37158482511049,
     36.35358213184284
    ]
   },
   "properties": {
    "confidence": 0.333,
    "snr": 6.67,
    "peak_dn": 252.0,
    "background_dn": 82.7,
    "sigma_dn": 25.39,
    "pixels": 2,
    "length_m_approx": 14.1,
    "pixel": [
     25037.0,
     14192.5
    ],
    "scene": "S1A_IW_GRDH_1SDV_20240808T225811_20240808T225840_055128_06B7CB_15AC_COG.SAFE",
    "t": "2024-08-08T22:58:11+00:00",
    "sensor": "sentinel1-vv-cfar",
    "uncertainty_m": 12.0
   }
  },
  {
   "type": "Feature",
   "geometry": {
    "type": "Point",
    "coordinates": [
     -73.35678984384172,
     36.1962680599499
    ]
   },
   "properties": {
    "confidence": 0.329,
    "snr": 6.58,
    "peak_dn": 194.0,
    "background_dn": 71.9,
    "sigma_dn": 18.56,
    "pixels": 2,
    "length_m_approx": 14.1,
    "pixel": [
     24883.5,
     12469.0
    ],
    "scene": "S1A_IW_GRDH_1SDV_20240808T225811_20240808T225840_055128_06B7CB_15AC_COG.SAFE",
    "t": "2024-08-08T22:58:11+00:00",
    "sensor": "sentinel1-vv-cfar",
    "uncertainty_m": 12.0
   }
  },
  {
   "type": "Feature",
   "geometry": {
    "type": "Point",
    "coordinates": [
     -73.37049355640093,
     36.35238513184768
    ]
   },
   "properties": {
    "confidence": 0.311,
    "snr": 6.22,
    "peak_dn": 234.0,
    "background_dn": 80.4,
    "sigma_dn": 24.7,
    "pixels": 2,
    "length_m_approx": 14.1,
    "pixel": [
     25044.5,
     14178.0
    ],
    "scene": "S1A_IW_GRDH_1SDV_20240808T225811_20240808T225840_055128_06B7CB_15AC_COG.SAFE",
    "t": "2024-08-08T22:58:11+00:00",
    "sensor": "sentinel1-vv-cfar",
    "uncertainty_m": 12.0
   }
  },
  {
   "type": "Feature",
   "geometry": {
    "type": "Point",
    "coordinates": [
     -73.36968701156997,
     36.35286073926227
    ]
   },
   "properties": {
    "confidence": 0.311,
    "snr": 6.22,
    "peak_dn": 233.0,
    "background_dn": 80.3,
    "sigma_dn": 24.55,
    "pixels": 2,
    "length_m_approx": 14.1,
    "pixel": [
     25052.5,
     14182.0
    ],
    "scene": "S1A_IW_GRDH_1SDV_20240808T225811_20240808T225840_055128_06B7CB_15AC_COG.SAFE",
    "t": "2024-08-08T22:58:11+00:00",
    "sensor": "sentinel1-vv-cfar",
    "uncertainty_m": 12.0
   }
  },
  {
   "type": "Feature",
   "geometry": {
    "type": "Point",
    "coordinates": [
     -75.25510427598148,
     36.17875425986655
    ]
   },
   "properties": {
    "confidence": 0.377,
    "snr": 7.54,
    "peak_dn": 319.0,
    "background_dn": 111.6,
    "sigma_dn": 27.51,
    "pixels": 2,
    "length_m_approx": 14.1,
    "pixel": [
     8031.0,
     15140.5
    ],
    "scene": "S1A_IW_GRDH_1SDV_20240808T225811_20240808T225840_055128_06B7CB_15AC_COG.SAFE",
    "t": "2024-08-08T22:58:11+00:00",
    "sensor": "sentinel1-vv-cfar",
    "uncertainty_m": 12.0
   }
  },
  {
   "type": "Feature",
   "geometry": {
    "type": "Point",
    "coordinates": [
     -75.09370533553101,
     36.28565328452813
    ]
   },
   "properties": {
    "confidence": 0.567,
    "snr": 11.34,
    "peak_dn": 431.0,
    "background_dn": 110.5,
    "sigma_dn": 28.26,
    "pixels": 4,
    "length_m_approx": 20.0,
    "pixel": [
     9672.5,
     16034.5
    ],
    "scene": "S1A_IW_GRDH_1SDV_20240808T225811_20240808T225840_055128_06B7CB_15AC_COG.SAFE",
    "t": "2024-08-08T22:58:11+00:00",
    "sensor": "sentinel1-vv-cfar",
    "uncertainty_m": 14.0
   }
  },
  {
   "type": "Feature",
   "geometry": {
    "type": "Point",
    "coordinates": [
     -75.12700364522316,
     36.305866357551345
    ]
   },
   "properties": {
    "confidence": 0.461,
    "snr": 9.23,
    "peak_dn": 364.0,
    "background_dn": 108.9,
    "sigma_dn": 27.65,
    "pixels": 4,
    "length_m_approx": 20.0,
    "pixel": [
     9418.8,
     16304.0
    ],
    "scene": "S1A_IW_GRDH_1SDV_20240808T225811_20240808T225840_055128_06B7CB_15AC_COG.SAFE",
    "t": "2024-08-08T22:58:11+00:00",
    "sensor": "sentinel1-vv-cfar",
    "uncertainty_m": 14.0
   }
  },
  {
   "type": "Feature",
   "geometry": {
    "type": "Point",
    "coordinates": [
     -75.10555399186302,
     36.24151334548475
    ]
   },
   "properties": {
    "confidence": 0.424,
    "snr": 8.47,
    "peak_dn": 350.0,
    "background_dn": 110.4,
    "sigma_dn": 28.28,
    "pixels": 8,
    "length_m_approx": 28.3,
    "pixel": [
     9479.6,
     15578.7
    ],
    "scene": "S1A_IW_GRDH_1SDV_20240808T225811_20240808T225840_055128_06B7CB_15AC_COG.SAFE",
    "t": "2024-08-08T22:58:11+00:00",
    "sensor": "sentinel1-vv-cfar",
    "uncertainty_m": 17.2
   }
  },
  {
   "type": "Feature",
   "geometry": {
    "type": "Point",
    "coordinates": [
     -75.06936311607993,
     36.3181358970438
    ]
   },
   "properties": {
    "confidence": 0.42,
    "snr": 8.4,
    "peak_dn": 334.0,
    "background_dn": 109.9,
    "sigma_dn": 26.67,
    "pixels": 4,
    "length_m_approx": 20.0,
    "pixel": [
     9952.5,
     16345.5
    ],
    "scene": "S1A_IW_GRDH_1SDV_20240808T225811_20240808T225840_055128_06B7CB_15AC_COG.SAFE",
    "t": "2024-08-08T22:58:11+00:00",
    "sensor": "sentinel1-vv-cfar",
    "uncertainty_m": 14.0
   }
  },
  {
   "type": "Feature",
   "geometry": {
    "type": "Point",
    "coordinates": [
     -75.20386161774981,
     36.24150857523888
    ]
   },
   "properties": {
    "confidence": 0.419,
    "snr": 8.39,
    "peak_dn": 328.0,
    "background_dn": 107.0,
    "sigma_dn": 26.36,
    "pixels": 4,
    "length_m_approx": 20.0,
    "pixel": [
     8610.5,
     15733.5
    ],
    "scene": "S1A_IW_GRDH_1SDV_20240808T225811_20240808T225840_055128_06B7CB_15AC_COG.SAFE",
    "t": "2024-08-08T22:58:11+00:00",
    "sensor": "sentinel1-vv-cfar",
    "uncertainty_m": 13.9
   }
  },
  {
   "type": "Feature",
   "geometry": {
    "type": "Point",
    "coordinates": [
     -75.12879710903087,
     36.195758420508625
    ]
   },
   "properties": {
    "confidence": 0.416,
    "snr": 8.32,
    "peak_dn": 330.0,
    "background_dn": 106.9,
    "sigma_dn": 26.8,
    "pixels": 4,
    "length_m_approx": 20.0,
    "pixel": [
     9182.5,
     15123.5
    ],
    "scene": "S1A_IW_GRDH_1SDV_20240808T225811_20240808T225840_055128_06B7CB_15AC_COG.SAFE",
    "t": "2024-08-08T22:58:11+00:00",
    "sensor": "sentinel1-vv-cfar",
    "uncertainty_m": 13.9
   }
  },
  {
   "type": "Feature",
   "geometry": {
    "type": "Point",
    "coordinates": [
     -75.10737349195594,
     36.13956910213572
    ]
   },
   "properties": {
    "confidence": 0.404,
    "snr": 8.08,
    "peak_dn": 324.0,
    "background_dn": 107.3,
    "sigma_dn": 26.81,
    "pixels": 2,
    "length_m_approx": 14.1,
    "pixel": [
     9259.5,
     14486.0
    ],
    "scene": "S1A_IW_GRDH_1SDV_20240808T225811_20240808T225840_055128_06B7CB_15AC_COG.SAFE",
    "t": "2024-08-08T22:58:11+00:00",
    "sensor": "sentinel1-vv-cfar",
    "uncertainty_m": 12.0
   }
  },
  {
   "type": "Feature",
   "geometry": {
    "type": "Point",
    "coordinates": [
     -75.08459430684562,
     36.15597565421298
    ]
   },
   "properties": {
    "confidence": 0.396,
    "snr": 7.92,
    "peak_dn": 325.0,
    "background_dn": 107.6,
    "sigma_dn": 27.46,
    "pixels": 2,
    "length_m_approx": 14.1,
    "pixel": [
     9494.0,
     14626.5
    ],
    "scene": "S1A_IW_GRDH_1SDV_20240808T225811_20240808T225840_055128_06B7CB_15AC_COG.SAFE",
    "t": "2024-08-08T22:58:11+00:00",
    "sensor": "sentinel1-vv-cfar",
    "uncertainty_m": 12.0
   }
  },
  {
   "type": "Feature",
   "geometry": {
    "type": "Point",
    "coordinates": [
     -75.09798514087018,
     36.27412253226815
    ]
   },
   "properties": {
    "confidence": 0.387,
    "snr": 7.74,
    "peak_dn": 327.0,
    "background_dn": 111.2,
    "sigma_dn": 27.89,
    "pixels": 3,
    "length_m_approx": 17.3,
    "pixel": [
     9611.7,
     15917.3
    ],
    "scene": "S1A_IW_GRDH_1SDV_20240808T225811_20240808T225840_055128_06B7CB_15AC_COG.SAFE",
    "t": "2024-08-08T22:58:11+00:00",
    "sensor": "sentinel1-vv-cfar",
    "uncertainty_m": 13.0
   }
  },
  {
   "type": "Feature",
   "geometry": {
    "type": "Point",
    "coordinates": [
     -75.06775186546368,
     36.16244156785391
    ]
   },
   "properties": {
    "confidence": 0.385,
    "snr": 7.71,
    "peak_dn": 314.0,
    "background_dn": 107.1,
    "sigma_dn": 26.85,
    "pixels": 2,
    "length_m_approx": 14.1,
    "pixel": [
     9656.0,
     14669.5
    ],
    "scene": "S1A_IW_GRDH_1SDV_20240808T225811_20240808T225840_055128_06B7CB_15AC_COG.SAFE",
    "t": "2024-08-08T22:58:11+00:00",
    "sensor": "sentinel1-vv-cfar",
    "uncertainty_m": 12.0
   }
  },
  {
   "type": "Feature",
   "geometry": {
    "type": "Point",
    "coordinates": [
     -75.13831313427328,
     36.247501404998765
    ]
   },
   "properties": {
    "confidence": 0.374,
    "snr": 7.48,
    "peak_dn": 319.0,
    "background_dn": 111.5,
    "sigma_dn": 27.76,
    "pixels": 2,
    "length_m_approx": 14.1,
    "pixel": [
     9202.0,
     15694.5
    ],
    "scene": "S1A_IW_GRDH_1SDV_20240808T225811_20240808T225840_055128_06B7CB_15AC_COG.SAFE",
    "t": "2024-08-08T22:58:11+00:00",
    "sensor": "sentinel1-vv-cfar",
    "uncertainty_m": 12.0
   }
  },
  {
   "type": "Feature",
   "geometry": {
    "type": "Point",
    "coordinates": [
     -75.03917360539592,
     36.26179255076217
    ]
   },
   "properties": {
    "confidence": 0.364,
    "snr": 7.28,
    "peak_dn": 307.0,
    "background_dn": 107.3,
    "sigma_dn": 27.42,
    "pixels": 2,
    "length_m_approx": 14.1,
    "pixel": [
     10107.0,
     15692.5
    ],
    "scene": "S1A_IW_GRDH_1SDV_20240808T225811_20240808T225840_055128_06B7CB_15AC_COG.SAFE",
    "t": "2024-08-08T22:58:11+00:00",
    "sensor": "sentinel1-vv-cfar",
    "uncertainty_m": 12.0
   }
  },
  {
   "type": "Feature",
   "geometry": {
    "type": "Point",
    "coordinates": [
     -75.14590776548698,
     36.25681380688235
    ]
   },
   "properties": {
    "confidence": 0.362,
    "snr": 7.24,
    "peak_dn": 317.0,
    "background_dn": 112.8,
    "sigma_dn": 28.21,
    "pixels": 4,
    "length_m_approx": 20.0,
    "pixel": [
     9153.5,
     15806.5
    ],
    "scene": "S1A_IW_GRDH_1SDV_20240808T225811_20240808T225840_055128_06B7CB_15AC_COG.SAFE",
    "t": "2024-08-08T22:58:11+00:00",
    "sensor": "sentinel1-vv-cfar",
    "uncertainty_m": 13.9
   }
  },
  {
   "type": "Feature",
   "geometry": {
    "type": "Point",
    "coordinates": [
     -75.11141428548369,
     36.17529872842658
    ]
   },
   "properties": {
    "confidence": 0.361,
    "snr": 7.21,
    "peak_dn": 304.0,
    "background_dn": 107.5,
    "sigma_dn": 27.24,
    "pixels": 3,
    "length_m_approx": 17.3,
    "pixel": [
     9295.3,
     14876.3
    ],
    "scene": "S1A_IW_GRDH_1SDV_20240808T225811_20240808T225840_055128_06B7CB_15AC_COG.SAFE",
    "t": "2024-08-08T22:58:11+00:00",
    "sensor": "sentinel1-vv-cfar",
    "uncertainty_m": 13.0
   }
  },
  {
   "type": "Feature",
   "geometry": {
    "type": "Point",
    "coordinates": [
     -75.08891362246533,
     36.3157467262827
    ]
   },
   "properties": {
    "confidence": 0.346,
    "snr": 6.93,
    "peak_dn": 303.0,
    "background_dn": 111.0,
    "sigma_dn": 27.71,
    "pixels": 2,
    "length_m_approx": 14.1,
    "pixel": [
     9775.0,
     16350.5
    ],
    "scene": "S1A_IW_GRDH_1SDV_20240808T225811_20240808T225840_055128_06B7CB_15AC_COG.SAFE",
    "t": "2024-08-08T22:58:11+00:00",
    "sensor": "sentinel1-vv-cfar",
    "uncertainty_m": 12.1
   }
  },
  {
   "type": "Feature",
   "geometry": {
    "type": "Point",
    "coordinates": [
     -75.08062066157272,
     36.22894266705504
    ]
   },
   "properties": {
    "confidence": 0.346,
    "snr": 6.92,
    "peak_dn": 306.0,
    "background_dn": 110.0,
    "sigma_dn": 28.34,
    "pixels": 2,
    "length_m_approx": 14.1,
    "pixel": [
     9675.0,
     15404.5
    ],
    "scene": "S1A_IW_GRDH_1SDV_20240808T225811_20240808T225840_055128_06B7CB_15AC_COG.SAFE",
    "t": "2024-08-08T22:58:11+00:00",
    "sensor": "sentinel1-vv-cfar",
    "uncertainty_m": 12.0
   }
  },
  {
   "type": "Feature",
   "geometry": {
    "type": "Point",
    "coordinates": [
     -75.03156054002332,
     36.15090571947699
    ]
   },
   "properties": {
    "confidence": 0.341,
    "snr": 6.82,
    "peak_dn": 288.0,
    "background_dn": 105.9,
    "sigma_dn": 26.69,
    "pixels": 3,
    "length_m_approx": 17.3,
    "pixel": [
     9953.3,
     14488.7
    ],
    "scene": "S1A_IW_GRDH_1SDV_20240808T225811_20240808T225840_055128_06B7CB_15AC_COG.SAFE",
    "t": "2024-08-08T22:58:11+00:00",
    "sensor": "sentinel1-vv-cfar",
    "uncertainty_m": 13.0
   }
  },
  {
   "type": "Feature",
   "geometry": {
    "type": "Point",
    "coordinates": [
     -75.1722716742747,
     36.253406566433796
    ]
   },
   "properties": {
    "confidence": 0.338,
    "snr": 6.76,
    "peak_dn": 299.0,
    "background_dn": 110.5,
    "sigma_dn": 27.89,
    "pixels": 3,
    "length_m_approx": 17.3,
    "pixel": [
     8913.7,
     15811.3
    ],
    "scene": "S1A_IW_GRDH_1SDV_20240808T225811_20240808T225840_055128_06B7CB_15AC_COG.SAFE",
    "t": "2024-08-08T22:58:11+00:00",
    "sensor": "sentinel1-vv-cfar",
    "uncertainty_m": 13.0
   }
  },
  {
   "type": "Feature",
   "geometry": {
    "type": "Point",
    "coordinates": [
     -75.14185618267142,
     36.2117156924156
    ]
   },
   "properties": {
    "confidence": 0.328,
    "snr": 6.56,
    "peak_dn": 281.0,
    "background_dn": 107.1,
    "sigma_dn": 26.49,
    "pixels": 2,
    "length_m_approx": 14.1,
    "pixel": [
     9099.0,
     15315.5
    ],
    "scene": "S1A_IW_GRDH_1SDV_20240808T225811_20240808T225840_055128_06B7CB_15AC_COG.SAFE",
    "t": "2024-08-08T22:58:11+00:00",
    "sensor": "sentinel1-vv-cfar",
    "uncertainty_m": 12.0
   }
  },
  {
   "type": "Feature",
   "geometry": {
    "type": "Point",
    "coordinates": [
     -75.01605514266126,
     36.299617722933995
    ]
   },
   "properties": {
    "confidence": 0.95,
    "snr": 71.5,
    "peak_dn": 3427.0,
    "background_dn": 111.1,
    "sigma_dn": 46.38,
    "pixels": 196,
    "length_m_approx": 140.0,
    "pixel": [
     10386.6,
     16063.0
    ],
    "scene": "S1A_IW_GRDH_1SDV_20240808T225811_20240808T225840_055128_06B7CB_15AC_COG.SAFE",
    "t": "2024-08-08T22:58:11+00:00",
    "sensor": "sentinel1-vv-cfar",
    "uncertainty_m": 70.7
   }
  },
  {
   "type": "Feature",
   "geometry": {
    "type": "Point",
    "coordinates": [
     -74.82597877496278,
     36.287057155590006
    ]
   },
   "properties": {
    "confidence": 0.528,
    "snr": 10.56,
    "peak_dn": 370.0,
    "background_dn": 99.4,
    "sigma_dn": 25.63,
    "pixels": 6,
    "length_m_approx": 24.5,
    "pixel": [
     12041.8,
     15632.8
    ],
    "scene": "S1A_IW_GRDH_1SDV_20240808T225811_20240808T225840_055128_06B7CB_15AC_COG.SAFE",
    "t": "2024-08-08T22:58:11+00:00",
    "sensor": "sentinel1-vv-cfar",
    "uncertainty_m": 15.6
   }
  },
  {
   "type": "Feature",
   "geometry": {
    "type": "Point",
    "coordinates": [
     -74.95634283161799,
     36.24437150638631
    ]
   },
   "properties": {
    "confidence": 0.477,
    "snr": 9.54,
    "peak_dn": 356.0,
    "background_dn": 103.5,
    "sigma_dn": 26.46,
    "pixels": 4,
    "length_m_approx": 20.0,
    "pixel": [
     10804.8,
     15376.0
    ],
    "scene": "S1A_IW_GRDH_1SDV_20240808T225811_20240808T225840_055128_06B7CB_15AC_COG.SAFE",
    "t": "2024-08-08T22:58:11+00:00",
    "sensor": "sentinel1-vv-cfar",
    "uncertainty_m": 13.9
   }
  },
  {
   "type": "Feature",
   "geometry": {
    "type": "Point",
    "coordinates": [
     -74.99920660397937,
     36.2986571420582
    ]
   },
   "properties": {
    "confidence": 0.454,
    "snr": 9.08,
    "peak_dn": 351.0,
    "background_dn": 107.4,
    "sigma_dn": 26.83,
    "pixels": 4,
    "length_m_approx": 20.0,
    "pixel": [
     10533.5,
     16026.5
    ],
    "scene": "S1A_IW_GRDH_1SDV_20240808T225811_20240808T225840_055128_06B7CB_15AC_COG.SAFE",
    "t": "2024-08-08T22:58:11+00:00",
    "sensor": "sentinel1-vv-cfar",
    "uncertainty_m": 13.9
   }
  },
  {
   "type": "Feature",
   "geometry": {
    "type": "Point",
    "coordinates": [
     -74.955503947843,
     36.25571602755559
    ]
   },
   "properties": {
    "confidence": 0.448,
    "snr": 8.97,
    "peak_dn": 333.0,
    "background_dn": 102.5,
    "sigma_dn": 25.71,
    "pixels": 3,
    "length_m_approx": 17.3,
    "pixel": [
     10834.7,
     15496.7
    ],
    "scene": "S1A_IW_GRDH_1SDV_20240808T225811_20240808T225840_055128_06B7CB_15AC_COG.SAFE",
    "t": "2024-08-08T22:58:11+00:00",
    "sensor": "sentinel1-vv-cfar",
    "uncertainty_m": 13.0
   }
  },
  {
   "type": "Feature",
   "geometry": {
    "type": "Point",
    "coordinates": [
     -74.86357351712883,
     36.17157197497646
    ]
   },
   "properties": {
    "confidence": 0.443,
    "snr": 8.86,
    "peak_dn": 320.0,
    "background_dn": 98.8,
    "sigma_dn": 24.95,
    "pixels": 4,
    "length_m_approx": 20.0,
    "pixel": [
     11481.5,
     14448.5
    ],
    "scene": "S1A_IW_GRDH_1SDV_20240808T225811_20240808T225840_055128_06B7CB_15AC_COG.SAFE",
    "t": "2024-08-08T22:58:11+00:00",
    "sensor": "sentinel1-vv-cfar",
    "uncertainty_m": 13.9
   }
  },
  {
   "type": "Feature",
   "geometry": {
    "type": "Point",
    "coordinates": [
     -74.97127797797722,
     36.16157848844697
    ]
   },
   "properties": {
    "confidence": 0.419,
    "snr": 8.39,
    "peak_dn": 323.0,
    "background_dn": 105.2,
    "sigma_dn": 25.96,
    "pixels": 4,
    "length_m_approx": 20.0,
    "pixel": [
     10508.2,
     14509.0
    ],
    "scene": "S1A_IW_GRDH_1SDV_20240808T225811_20240808T225840_055128_06B7CB_15AC_COG.SAFE",
    "t": "2024-08-08T22:58:11+00:00",
    "sensor": "sentinel1-vv-cfar",
    "uncertainty_m": 13.9
   }
  },
  {
   "type": "Feature",
   "geometry": {
    "type": "Point",
    "coordinates": [
     -75.01612767615575,
     36.32865039971507
    ]
   },
   "properties": {
    "confidence": 0.403,
    "snr": 8.06,
    "peak_dn": 328.0,
    "background_dn": 107.2,
    "sigma_dn": 27.39,
    "pixels": 3,
    "length_m_approx": 17.3,
    "pixel": [
     10443.7,
     16375.3
    ],
    "scene": "S1A_IW_GRDH_1SDV_20240808T225811_20240808T225840_055128_06B7CB_15AC_COG.SAFE",
    "t": "2024-08-08T22:58:11+00:00",
    "sensor": "sentinel1-vv-cfar",
    "uncertainty_m": 13.1
   }
  },
  {
   "type": "Feature",
   "geometry": {
    "type": "Point",
    "coordinates": [
     -75.00203765045768,
     36.20760037273941
    ]
   },
   "properties": {
    "confidence": 0.38,
    "snr": 7.59,
    "peak_dn": 306.0,
    "background_dn": 105.7,
    "sigma_dn": 26.39,
    "pixels": 5,
    "length_m_approx": 22.4,
    "pixel": [
     10327.6,
     15051.8
    ],
    "scene": "S1A_IW_GRDH_1SDV_20240808T225811_20240808T225840_055128_06B7CB_15AC_COG.SAFE",
    "t": "2024-08-08T22:58:11+00:00",
    "sensor": "sentinel1-vv-cfar",
    "uncertainty_m": 14.8
   }
  },
  {
   "type": "Feature",
   "geometry": {
    "type": "Point",
    "coordinates": [
     -74.94715891610667,
     36.21915508211254
    ]
   },
   "properties": {
    "confidence": 0.379,
    "snr": 7.59,
    "peak_dn": 309.0,
    "background_dn": 105.7,
    "sigma_dn": 26.79,
    "pixels": 2,
    "length_m_approx": 14.1,
    "pixel": [
     10836.0,
     15090.5
    ],
    "scene": "S1A_IW_GRDH_1SDV_20240808T225811_20240808T225840_055128_06B7CB_15AC_COG.SAFE",
    "t": "2024-08-08T22:58:11+00:00",
    "sensor": "sentinel1-vv-cfar",
    "uncertainty_m": 12.0
   }
  },
  {
   "type": "Feature",
   "geometry": {
    "type": "Point",
    "coordinates": [
     -74.8477465426391,
     36.29993659398969
    ]
   },
   "properties": {
    "confidence": 0.376,
    "snr": 7.52,
    "peak_dn": 278.0,
    "background_dn": 96.3,
    "sigma_dn": 24.17,
    "pixels": 4,
    "length_m_approx": 20.0,
    "pixel": [
     11874.8,
     15805.0
    ],
    "scene": "S1A_IW_GRDH_1SDV_20240808T225811_20240808T225840_055128_06B7CB_15AC_COG.SAFE",
    "t": "2024-08-08T22:58:11+00:00",
    "sensor": "sentinel1-vv-cfar",
    "uncertainty_m": 13.9
   }
  },
  {
   "type": "Feature",
   "geometry": {
    "type": "Point",
    "coordinates": [
     -74.921181907855,
     36.310230650382024
    ]
   },
   "properties": {
    "confidence": 0.373,
    "snr": 7.46,
    "peak_dn": 297.0,
    "background_dn": 102.9,
    "sigma_dn": 26.03,
    "pixels": 2,
    "length_m_approx": 14.1,
    "pixel": [
     11246.0,
     16029.5
    ],
    "scene": "S1A_IW_GRDH_1SDV_20240808T225811_20240808T225840_055128_06B7CB_15AC_COG.SAFE",
    "t": "2024-08-08T22:58:11+00:00",
    "sensor": "sentinel1-vv-cfar",
    "uncertainty_m": 12.0
   }
  },
  {
   "type": "Feature",
   "geometry": {
    "type": "Point",
    "coordinates": [
     -74.98833364831067,
     36.2522476970644
    ]
   },
   "properties": {
    "confidence": 0.373,
    "snr": 7.46,
    "peak_dn": 300.0,
    "background_dn": 105.0,
    "sigma_dn": 26.15,
    "pixels": 4,
    "length_m_approx": 20.0,
    "pixel": [
     10537.5,
     15510.5
    ],
    "scene": "S1A_IW_GRDH_1SDV_20240808T225811_20240808T225840_055128_06B7CB_15AC_COG.SAFE",
    "t": "2024-08-08T22:58:11+00:00",
    "sensor": "sentinel1-vv-cfar",
    "uncertainty_m": 13.9
   }
  },
  {
   "type": "Feature",
   "geometry": {
    "type": "Point",
    "coordinates": [
     -74.81525079096903,
     36.35351322800645
    ]
   },
   "properties": {
    "confidence": 0.37,
    "snr": 7.41,
    "peak_dn": 282.0,
    "background_dn": 99.0,
    "sigma_dn": 24.7,
    "pixels": 3,
    "length_m_approx": 17.3,
    "pixel": [
     12267.3,
     16331.3
    ],
    "scene": "S1A_IW_GRDH_1SDV_20240808T225811_20240808T225840_055128_06B7CB_15AC_COG.SAFE",
    "t": "2024-08-08T22:58:11+00:00",
    "sensor": "sentinel1-vv-cfar",
    "uncertainty_m": 13.1
   }
  },
  {
   "type": "Feature",
   "geometry": {
    "type": "Point",
    "coordinates": [
     -74.86858046600163,
     36.28018769292112
    ]
   },
   "properties": {
    "confidence": 0.37,
    "snr": 7.4,
    "peak_dn": 288.0,
    "background_dn": 102.0,
    "sigma_dn": 25.12,
    "pixels": 3,
    "length_m_approx": 17.3,
    "pixel": [
     11651.7,
     15624.7
    ],
    "scene": "S1A_IW_GRDH_1SDV_20240808T225811_20240808T225840_055128_06B7CB_15AC_COG.SAFE",
    "t": "2024-08-08T22:58:11+00:00",
    "sensor": "sentinel1-vv-cfar",
    "uncertainty_m": 13.0
   }
  },
  {
   "type": "Feature",
   "geometry": {
    "type": "Point",
    "coordinates": [
     -74.92434822519581,
     36.29201307252344
    ]
   },
   "properties": {
    "confidence": 0.363,
    "snr": 7.27,
    "peak_dn": 284.0,
    "background_dn": 101.6,
    "sigma_dn": 25.11,
    "pixels": 2,
    "length_m_approx": 14.1,
    "pixel": [
     11182.0,
     15838.5
    ],
    "scene": "S1A_IW_GRDH_1SDV_20240808T225811_20240808T225840_055128_06B7CB_15AC_COG.SAFE",
    "t": "2024-08-08T22:58:11+00:00",
    "sensor": "sentinel1-vv-cfar",
    "uncertainty_m": 12.0
   }
  },
  {
   "type": "Feature",
   "geometry": {
    "type": "Point",
    "coordinates": [
     -74.9462033504097,
     36.29791359962278
    ]
   },
   "properties": {
    "confidence": 0.359,
    "snr": 7.18,
    "peak_dn": 283.0,
    "background_dn": 101.6,
    "sigma_dn": 25.27,
    "pixels": 2,
    "length_m_approx": 14.1,
    "pixel": [
     11000.5,
     15936.0
    ],
    "scene": "S1A_IW_GRDH_1SDV_20240808T225811_20240808T225840_055128_06B7CB_15AC_COG.SAFE",
    "t": "2024-08-08T22:58:11+00:00",
    "sensor": "sentinel1-vv-cfar",
    "uncertainty_m": 12.0
   }
  },
  {
   "type": "Feature",
   "geometry": {
    "type": "Point",
    "coordinates": [
     -74.93916413943046,
     36.32608350550429
    ]
   },
   "properties": {
    "confidence": 0.354,
    "snr": 7.09,
    "peak_dn": 282.0,
    "background_dn": 101.8,
    "sigma_dn": 25.44,
    "pixels": 2,
    "length_m_approx": 14.1,
    "pixel": [
     11118.5,
     16228.0
    ],
    "scene": "S1A_IW_GRDH_1SDV_20240808T225811_20240808T225840_055128_06B7CB_15AC_COG.SAFE",
    "t": "2024-08-08T22:58:11+00:00",
    "sensor": "sentinel1-vv-cfar",
    "uncertainty_m": 12.1
   }
  },
  {
   "type": "Feature",
   "geometry": {
    "type": "Point",
    "coordinates": [
     -74.86148823036564,
     36.324919005728596
    ]
   },
   "properties": {
    "confidence": 0.352,
    "snr": 7.04,
    "peak_dn": 274.0,
    "background_dn": 98.2,
    "sigma_dn": 24.96,
    "pixels": 2,
    "length_m_approx": 14.1,
    "pixel": [
     11802.5,
     16095.0
    ],
    "scene": "S1A_IW_GRDH_1SDV_20240808T225811_20240808T225840_055128_06B7CB_15AC_COG.SAFE",
    "t": "2024-08-08T22:58:11+00:00",
    "sensor": "sentinel1-vv-cfar",
    "uncertainty_m": 12.1
   }
  },
  {
   "type": "Feature",
   "geometry": {
    "type": "Point",
    "coordinates": [
     -74.86154566121411,
     36.3254221238189
    ]
   },
   "properties": {
    "confidence": 0.348,
    "snr": 6.95,
    "peak_dn": 271.0,
    "background_dn": 98.1,
    "sigma_dn": 24.86,
    "pixels": 2,
    "length_m_approx": 14.1,
    "pixel": [
     11803.0,
     16100.5
    ],
    "scene": "S1A_IW_GRDH_1SDV_20240808T225811_20240808T225840_055128_06B7CB_15AC_COG.SAFE",
    "t": "2024-08-08T22:58:11+00:00",
    "sensor": "sentinel1-vv-cfar",
    "uncertainty_m": 12.1
   }
  },
  {
   "type": "Feature",
   "geometry": {
    "type": "Point",
    "coordinates": [
     -74.89161623225955,
     36.203537215495025
    ]
   },
   "properties": {
    "confidence": 0.345,
    "snr": 6.91,
    "peak_dn": 285.0,
    "background_dn": 103.3,
    "sigma_dn": 26.31,
    "pixels": 2,
    "length_m_approx": 14.1,
    "pixel": [
     11296.5,
     14836.0
    ],
    "scene": "S1A_IW_GRDH_1SDV_20240808T225811_20240808T225840_055128_06B7CB_15AC_COG.SAFE",
    "t": "2024-08-08T22:58:11+00:00",
    "sensor": "sentinel1-vv-cfar",
    "uncertainty_m": 12.0
   }
  },
  {
   "type": "Feature",
   "geometry": {
    "type": "Point",
    "coordinates": [
     -74.87414900366403,
     36.24930215258421
    ]
   },
   "properties": {
    "confidence": 0.336,
    "snr": 6.73,
    "peak_dn": 274.0,
    "background_dn": 101.7,
    "sigma_dn": 25.62,
    "pixels": 2,
    "length_m_approx": 14.1,
    "pixel": [
     11541.5,
     15301.0
    ],
    "scene": "S1A_IW_GRDH_1SDV_20240808T225811_20240808T225840_055128_06B7CB_15AC_COG.SAFE",
    "t": "2024-08-08T22:58:11+00:00",
    "sensor": "sentinel1-vv-cfar",
    "uncertainty_m": 12.0
   }
  },
  {
   "type": "Feature",
   "geometry": {
    "type": "Point",
    "coordinates": [
     -75.02413567618916,
     36.31811532178242
    ]
   },
   "properties": {
    "confidence": 0.333,
    "snr": 6.67,
    "peak_dn": 290.0,
    "background_dn": 107.4,
    "sigma_dn": 27.39,
    "pixels": 2,
    "length_m_approx": 14.1,
    "pixel": [
     10352.0,
     16274.5
    ],
    "scene": "S1A_IW_GRDH_1SDV_20240808T225811_20240808T225840_055128_06B7CB_15AC_COG.SAFE",
    "t": "2024-08-08T22:58:11+00:00",
    "sensor": "sentinel1-vv-cfar",
    "uncertainty_m": 12.1
   }
  },
  {
   "type": "Feature",
   "geometry": {
    "type": "Point",
    "coordinates": [
     -74.86317008022694,
     36.332949635626925
    ]
   },
   "properties": {
    "confidence": 0.332,
    "snr": 6.64,
    "peak_dn": 262.0,
    "background_dn": 98.1,
    "sigma_dn": 24.69,
    "pixels": 2,
    "length_m_approx": 14.1,
    "pixel": [
     11803.5,
     16184.0
    ],
    "scene": "S1A_IW_GRDH_1SDV_20240808T225811_20240808T225840_055128_06B7CB_15AC_COG.SAFE",
    "t": "2024-08-08T22:58:11+00:00",
    "sensor": "sentinel1-vv-cfar",
    "uncertainty_m": 12.1
   }
  },
  {
   "type": "Feature",
   "geometry": {
    "type": "Point",
    "coordinates": [
     -74.9204825853769,
     36.23152678487462
    ]
   },
   "properties": {
    "confidence": 0.328,
    "snr": 6.55,
    "peak_dn": 270.0,
    "background_dn": 101.9,
    "sigma_dn": 25.66,
    "pixels": 2,
    "length_m_approx": 14.1,
    "pixel": [
     11096.5,
     15182.0
    ],
    "scene": "S1A_IW_GRDH_1SDV_20240808T225811_20240808T225840_055128_06B7CB_15AC_COG.SAFE",
    "t": "2024-08-08T22:58:11+00:00",
    "sensor": "sentinel1-vv-cfar",
    "uncertainty_m": 12.0
   }
  },
  {
   "type": "Feature",
   "geometry": {
    "type": "Point",
    "coordinates": [
     -74.9583463906592,
     36.199489834221815
    ]
   },
   "properties": {
    "confidence": 0.326,
    "snr": 6.51,
    "peak_dn": 275.0,
    "background_dn": 104.4,
    "sigma_dn": 26.2,
    "pixels": 2,
    "length_m_approx": 14.1,
    "pixel": [
     10698.0,
     14896.5
    ],
    "scene": "S1A_IW_GRDH_1SDV_20240808T225811_20240808T225840_055128_06B7CB_15AC_COG.SAFE",
    "t": "2024-08-08T22:58:11+00:00",
    "sensor": "sentinel1-vv-cfar",
    "uncertainty_m": 12.0
   }
  },
  {
   "type": "Feature",
   "geometry": {
    "type": "Point",
    "coordinates": [
     -75.01627390398097,
     36.30130422701755
    ]
   },
   "properties": {
    "confidence": 0.323,
    "snr": 6.46,
    "peak_dn": 806.0,
    "background_dn": 117.2,
    "sigma_dn": 106.67,
    "pixels": 2,
    "length_m_approx": 14.1,
    "pixel": [
     10388.0,
     16081.5
    ],
    "scene": "S1A_IW_GRDH_1SDV_20240808T225811_20240808T225840_055128_06B7CB_15AC_COG.SAFE",
    "t": "2024-08-08T22:58:11+00:00",
    "sensor": "sentinel1-vv-cfar",
    "uncertainty_m": 12.1
   }
  },
  {
   "type": "Feature",
   "geometry": {
    "type": "Point",
    "coordinates": [
     -74.97550862784242,
     36.300692864634435
    ]
   },
   "properties": {
    "confidence": 0.319,
    "snr": 6.39,
    "peak_dn": 273.0,
    "background_dn": 105.1,
    "sigma_dn": 26.28,
    "pixels": 2,
    "length_m_approx": 14.1,
    "pixel": [
     10747.0,
     16011.5
    ],
    "scene": "S1A_IW_GRDH_1SDV_20240808T225811_20240808T225840_055128_06B7CB_15AC_COG.SAFE",
    "t": "2024-08-08T22:58:11+00:00",
    "sensor": "sentinel1-vv-cfar",
    "uncertainty_m": 12.0
   }
  },
  {
   "type": "Feature",
   "geometry": {
    "type": "Point",
    "coordinates": [
     -74.88069304152174,
     36.29813674345999
    ]
   },
   "properties": {
    "confidence": 0.317,
    "snr": 6.34,
    "peak_dn": 255.0,
    "background_dn": 97.8,
    "sigma_dn": 24.81,
    "pixels": 2,
    "length_m_approx": 14.1,
    "pixel": [
     11580.0,
     15836.5
    ],
    "scene": "S1A_IW_GRDH_1SDV_20240808T225811_20240808T225840_055128_06B7CB_15AC_COG.SAFE",
    "t": "2024-08-08T22:58:11+00:00",
    "sensor": "sentinel1-vv-cfar",
    "uncertainty_m": 12.0
   }
  },
  {
   "type": "Feature",
   "geometry": {
    "type": "Point",
    "coordinates": [
     -74.85627446282038,
     36.31219035840142
    ]
   },
   "properties": {
    "confidence": 0.313,
    "snr": 6.27,
    "peak_dn": 254.0,
    "background_dn": 97.8,
    "sigma_dn": 24.93,
    "pixels": 2,
    "length_m_approx": 14.1,
    "pixel": [
     11823.5,
     15950.0
    ],
    "scene": "S1A_IW_GRDH_1SDV_20240808T225811_20240808T225840_055128_06B7CB_15AC_COG.SAFE",
    "t": "2024-08-08T22:58:11+00:00",
    "sensor": "sentinel1-vv-cfar",
    "uncertainty_m": 12.0
   }
  },
  {
   "type": "Feature",
   "geometry": {
    "type": "Point",
    "coordinates": [
     -74.96374412926585,
     36.22102790350941
    ]
   },
   "properties": {
    "confidence": 0.311,
    "snr": 6.22,
    "peak_dn": 268.0,
    "background_dn": 104.3,
    "sigma_dn": 26.34,
    "pixels": 2,
    "length_m_approx": 14.1,
    "pixel": [
     10693.0,
     15136.5
    ],
    "scene": "S1A_IW_GRDH_1SDV_20240808T225811_20240808T225840_055128_06B7CB_15AC_COG.SAFE",
    "t": "2024-08-08T22:58:11+00:00",
    "sensor": "sentinel1-vv-cfar",
    "uncertainty_m": 12.0
   }
  },
  {
   "type": "Feature",
   "geometry": {
    "type": "Point",
    "coordinates": [
     -74.79514533776833,
     36.204931885832735
    ]
   },
   "properties": {
    "confidence": 0.31,
    "snr": 6.2,
    "peak_dn": 245.0,
    "background_dn": 96.0,
    "sigma_dn": 24.04,
    "pixels": 2,
    "length_m_approx": 14.1,
    "pixel": [
     12153.0,
     14701.5
    ],
    "scene": "S1A_IW_GRDH_1SDV_20240808T225811_20240808T225840_055128_06B7CB_15AC_COG.SAFE",
    "t": "2024-08-08T22:58:11+00:00",
    "sensor": "sentinel1-vv-cfar",
    "uncertainty_m": 12.0
   }
  },
  {
   "type": "Feature",
   "geometry": {
    "type": "Point",
    "coordinates": [
     -74.91632337181889,
     36.25588700126155
    ]
   },
   "properties": {
    "confidence": 0.306,
    "snr": 6.12,
    "peak_dn": 247.0,
    "background_dn": 96.8,
    "sigma_dn": 24.54,
    "pixels": 2,
    "length_m_approx": 14.1,
    "pixel": [
     11181.5,
     15437.5
    ],
    "scene": "S1A_IW_GRDH_1SDV_20240808T225811_20240808T225840_055128_06B7CB_15AC_COG.SAFE",
    "t": "2024-08-08T22:58:11+00:00",
    "sensor": "sentinel1-vv-cfar",
    "uncertainty_m": 12.0
   }
  },
  {
   "type": "Feature",
   "geometry": {
    "type": "Point",
    "coordinates": [
     -74.90550069347458,
     36.33825214869596
    ]
   },
   "properties": {
    "confidence": 0.305,
    "snr": 6.1,
    "peak_dn": 256.0,
    "background_dn": 100.0,
    "sigma_dn": 25.58,
    "pixels": 2,
    "length_m_approx": 14.1,
    "pixel": [
     11440.0,
     16306.5
    ],
    "scene": "S1A_IW_GRDH_1SDV_20240808T225811_20240808T225840_055128_06B7CB_15AC_COG.SAFE",
    "t": "2024-08-08T22:58:11+00:00",
    "sensor": "sentinel1-vv-cfar",
    "uncertainty_m": 12.1
   }
  },
  {
   "type": "Feature",
   "geometry": {
    "type": "Point",
    "coordinates": [
     -74.63353021850088,
     36.31990562498335
    ]
   },
   "properties": {
    "confidence": 0.494,
    "snr": 9.89,
    "peak_dn": 282.0,
    "background_dn": 81.2,
    "sigma_dn": 20.3,
    "pixels": 4,
    "length_m_approx": 20.0,
    "pixel": [
     13807.6,
     15690.5
    ],
    "scene": "S1A_IW_GRDH_1SDV_20240808T225811_20240808T225840_055128_06B7CB_15AC_COG.SAFE",
    "t": "2024-08-08T22:58:11+00:00",
    "sensor": "sentinel1-vv-cfar",
    "uncertainty_m": 13.9
   }
  },
  {
   "type": "Feature",
   "geometry": {
    "type": "Point",
    "coordinates": [
     -74.70993541991376,
     36.27150660336787
    ]
   },
   "properties": {
    "confidence": 0.4,
    "snr": 8.0,
    "peak_dn": 270.0,
    "background_dn": 88.0,
    "sigma_dn": 22.76,
    "pixels": 4,
    "length_m_approx": 20.0,
    "pixel": [
     13037.5,
     15286.5
    ],
    "scene": "S1A_IW_GRDH_1SDV_20240808T225811_20240808T225840_055128_06B7CB_15AC_COG.SAFE",
    "t": "2024-08-08T22:58:11+00:00",
    "sensor": "sentinel1-vv-cfar",
    "uncertainty_m": 13.9
   }
  },
  {
   "type": "Feature",
   "geometry": {
    "type": "Point",
    "coordinates": [
     -74.62060251862239,
     36.284503121410566
    ]
   },
   "properties": {
    "confidence": 0.38,
    "snr": 7.59,
    "peak_dn": 240.0,
    "background_dn": 84.2,
    "sigma_dn": 20.51,
    "pixels": 2,
    "length_m_approx": 14.1,
    "pixel": [
     13853.0,
     15289.5
    ],
    "scene": "S1A_IW_GRDH_1SDV_20240808T225811_20240808T225840_055128_06B7CB_15AC_COG.SAFE",
    "t": "2024-08-08T22:58:11+00:00",
    "sensor": "sentinel1-vv-cfar",
    "uncertainty_m": 12.0
   }
  },
  {
   "type": "Feature",
   "geometry": {
    "type": "Point",
    "coordinates": [
     -74.73008155368348,
     36.349194921559345
    ]
   },
   "properties": {
    "confidence": 0.378,
    "snr": 7.55,
    "peak_dn": 250.0,
    "background_dn": 87.2,
    "sigma_dn": 21.56,
    "pixels": 3,
    "length_m_approx": 17.3,
    "pixel": [
     13011.3,
     16153.7
    ],
    "scene": "S1A_IW_GRDH_1SDV_20240808T225811_20240808T225840_055128_06B7CB_15AC_COG.SAFE",
    "t": "2024-08-08T22:58:11+00:00",
    "sensor": "sentinel1-vv-cfar",
    "uncertainty_m": 13.1
   }
  },
  {
   "type": "Feature",
   "geometry": {
    "type": "Point",
    "coordinates": [
     -74.77918468958164,
     36.360824291481684
    ]
   },
   "properties": {
    "confidence": 0.377,
    "snr": 7.54,
    "peak_dn": 258.0,
    "background_dn": 88.3,
    "sigma_dn": 22.5,
    "pixels": 3,
    "length_m_approx": 17.3,
    "pixel": [
     12600.3,
     16354.3
    ],
    "scene": "S1A_IW_GRDH_1SDV_20240808T225811_20240808T225840_055128_06B7CB_15AC_COG.SAFE",
    "t": "2024-08-08T22:58:11+00:00",
    "sensor": "sentinel1-vv-cfar",
    "uncertainty_m": 13.1
   }
  },
  {
   "type": "Feature",
   "geometry": {
    "type": "Point",
    "coordinates": [
     -74.78429659307113,
     36.225266026267256
    ]
   },
   "properties": {
    "confidence": 0.367,
    "snr": 7.34,
    "peak_dn": 264.0,
    "background_dn": 93.5,
    "sigma_dn": 23.22,
    "pixels": 2,
    "length_m_approx": 14.1,
    "pixel": [
     12289.0,
     14903.5
    ],
    "scene": "S1A_IW_GRDH_1SDV_20240808T225811_20240808T225840_055128_06B7CB_15AC_COG.SAFE",
    "t": "2024-08-08T22:58:11+00:00",
    "sensor": "sentinel1-vv-cfar",
    "uncertainty_m": 12.0
   }
  },
  {
   "type": "Feature",
   "geometry": {
    "type": "Point",
    "coordinates": [
     -74.59231789516423,
     36.29949953779069
    ]
   },
   "properties": {
    "confidence": 0.367,
    "snr": 7.33,
    "peak_dn": 237.0,
    "background_dn": 83.5,
    "sigma_dn": 20.94,
    "pixels": 3,
    "length_m_approx": 17.3,
    "pixel": [
     14132.3,
     15407.7
    ],
    "scene": "S1A_IW_GRDH_1SDV_20240808T225811_20240808T225840_055128_06B7CB_15AC_COG.SAFE",
    "t": "2024-08-08T22:58:11+00:00",
    "sensor": "sentinel1-vv-cfar",
    "uncertainty_m": 13.0
   }
  },
  {
   "type": "Feature",
   "geometry": {
    "type": "Point",
    "coordinates": [
     -74.74821362886323,
     36.24346156387942
    ]
   },
   "properties": {
    "confidence": 0.358,
    "snr": 7.16,
    "peak_dn": 268.0,
    "background_dn": 95.2,
    "sigma_dn": 24.12,
    "pixels": 2,
    "length_m_approx": 14.1,
    "pixel": [
     12644.0,
     15043.5
    ],
    "scene": "S1A_IW_GRDH_1SDV_20240808T225811_20240808T225840_055128_06B7CB_15AC_COG.SAFE",
    "t": "2024-08-08T22:58:11+00:00",
    "sensor": "sentinel1-vv-cfar",
    "uncertainty_m": 12.0
   }
  },
  {
   "type": "Feature",
   "geometry": {
    "type": "Point",
    "coordinates": [
     -74.61872852264986,
     36.26211126124015
    ]
   },
   "properties": {
    "confidence": 0.351,
    "snr": 7.01,
    "peak_dn": 225.0,
    "background_dn": 81.7,
    "sigma_dn": 20.43,
    "pixels": 2,
    "length_m_approx": 14.1,
    "pixel": [
     13826.0,
     15045.5
    ],
    "scene": "S1A_IW_GRDH_1SDV_20240808T225811_20240808T225840_055128_06B7CB_15AC_COG.SAFE",
    "t": "2024-08-08T22:58:11+00:00",
    "sensor": "sentinel1-vv-cfar",
    "uncertainty_m": 12.0
   }
  },
  {
   "type": "Feature",
   "geometry": {
    "type": "Point",
    "coordinates": [
     -74.69163197759175,
     36.319442113141655
    ]
   },
   "properties": {
    "confidence": 0.35,
    "snr": 7.0,
    "peak_dn": 230.0,
    "background_dn": 83.9,
    "sigma_dn": 20.89,
    "pixels": 2,
    "length_m_approx": 14.1,
    "pixel": [
     13293.0,
     15774.5
    ],
    "scene": "S1A_IW_GRDH_1SDV_20240808T225811_20240808T225840_055128_06B7CB_15AC_COG.SAFE",
    "t": "2024-08-08T22:58:11+00:00",
    "sensor": "sentinel1-vv-cfar",
    "uncertainty_m": 12.0
   }
  },
  {
   "type": "Feature",
   "geometry": {
    "type": "Point",
    "coordinates": [
     -74.73123921473616,
     36.26344166805158
    ]
   },
   "properties": {
    "confidence": 0.348,
    "snr": 6.97,
    "peak_dn": 253.0,
    "background_dn": 90.8,
    "sigma_dn": 23.28,
    "pixels": 3,
    "length_m_approx": 17.3,
    "pixel": [
     12833.3,
     15232.3
    ],
    "scene": "S1A_IW_GRDH_1SDV_20240808T225811_20240808T225840_055128_06B7CB_15AC_COG.SAFE",
    "t": "2024-08-08T22:58:11+00:00",
    "sensor": "sentinel1-vv-cfar",
    "uncertainty_m": 13.0
   }
  },
  {
   "type": "Feature",
   "geometry": {
    "type": "Point",
    "coordinates": [
     -74.70257554578245,
     36.20371930105739
    ]
   },
   "properties": {
    "confidence": 0.345,
    "snr": 6.91,
    "peak_dn": 247.0,
    "background_dn": 90.7,
    "sigma_dn": 22.63,
    "pixels": 2,
    "length_m_approx": 14.1,
    "pixel": [
     12970.0,
     14545.5
    ],
    "scene": "S1A_IW_GRDH_1SDV_20240808T225811_20240808T225840_055128_06B7CB_15AC_COG.SAFE",
    "t": "2024-08-08T22:58:11+00:00",
    "sensor": "sentinel1-vv-cfar",
    "uncertainty_m": 12.0
   }
  },
  {
   "type": "Feature",
   "geometry": {
    "type": "Point",
    "coordinates": [
     -74.68012747531938,
     36.22688940280613
    ]
   },
   "properties": {
    "confidence": 0.337,
    "snr": 6.75,
    "peak_dn": 232.0,
    "background_dn": 86.0,
    "sigma_dn": 21.64,
    "pixels": 2,
    "length_m_approx": 14.1,
    "pixel": [
     13214.0,
     14760.5
    ],
    "scene": "S1A_IW_GRDH_1SDV_20240808T225811_20240808T225840_055128_06B7CB_15AC_COG.SAFE",
    "t": "2024-08-08T22:58:11+00:00",
    "sensor": "sentinel1-vv-cfar",
    "uncertainty_m": 12.0
   }
  },
  {
   "type": "Feature",
   "geometry": {
    "type": "Point",
    "coordinates": [
     -74.64449806312739,
     36.30446088707145
    ]
   },
   "properties": {
    "confidence": 0.332,
    "snr": 6.64,
    "peak_dn": 220.0,
    "background_dn": 83.3,
    "sigma_dn": 20.6,
    "pixels": 2,
    "length_m_approx": 14.1,
    "pixel": [
     13680.5,
     15541.0
    ],
    "scene": "S1A_IW_GRDH_1SDV_20240808T225811_20240808T225840_055128_06B7CB_15AC_COG.SAFE",
    "t": "2024-08-08T22:58:11+00:00",
    "sensor": "sentinel1-vv-cfar",
    "uncertainty_m": 12.0
   }
  },
  {
   "type": "Feature",
   "geometry": {
    "type": "Point",
    "coordinates": [
     -74.63097542203394,
     36.30801015932136
    ]
   },
   "properties": {
    "confidence": 0.315,
    "snr": 6.3,
    "peak_dn": 208.0,
    "background_dn": 81.9,
    "sigma_dn": 20.03,
    "pixels": 2,
    "length_m_approx": 14.1,
    "pixel": [
     13807.0,
     15558.5
    ],
    "scene": "S1A_IW_GRDH_1SDV_20240808T225811_20240808T225840_055128_06B7CB_15AC_COG.SAFE",
    "t": "2024-08-08T22:58:11+00:00",
    "sensor": "sentinel1-vv-cfar",
    "uncertainty_m": 12.0
   }
  },
  {
   "type": "Feature",
   "geometry": {
    "type": "Point",
    "coordinates": [
     -74.75423693283955,
     36.353653942683316
    ]
   },
   "properties": {
    "confidence": 0.311,
    "snr": 6.22,
    "peak_dn": 234.0,
    "background_dn": 91.3,
    "sigma_dn": 22.94,
    "pixels": 3,
    "length_m_approx": 17.3,
    "pixel": [
     12806.7,
     16238.7
    ],
    "scene": "S1A_IW_GRDH_1SDV_20240808T225811_20240808T225840_055128_06B7CB_15AC_COG.SAFE",
    "t": "2024-08-08T22:58:11+00:00",
    "sensor": "sentinel1-vv-cfar",
    "uncertainty_m": 13.1
   }
  },
  {
   "type": "Feature",
   "geometry": {
    "type": "Point",
    "coordinates": [
     -74.50027630289705,
     36.290964716013185
    ]
   },
   "properties": {
    "confidence": 0.95,
    "snr": 85.62,
    "peak_dn": 3271.0,
    "background_dn": 85.4,
    "sigma_dn": 37.2,
    "pixels": 139,
    "length_m_approx": 117.9,
    "pixel": [
     14929.8,
     15175.8
    ],
    "scene": "S1A_IW_GRDH_1SDV_20240808T225811_20240808T225840_055128_06B7CB_15AC_COG.SAFE",
    "t": "2024-08-08T22:58:11+00:00",
    "sensor": "sentinel1-vv-cfar",
    "uncertainty_m": 59.7
   }
  },
  {
   "type": "Feature",
   "geometry": {
    "type": "Point",
    "coordinates": [
     -74.43861921342308,
     36.36280908820571
    ]
   },
   "properties": {
    "confidence": 0.405,
    "snr": 8.09,
    "peak_dn": 243.0,
    "background_dn": 80.9,
    "sigma_dn": 20.04,
    "pixels": 4,
    "length_m_approx": 20.0,
    "pixel": [
     15613.5,
     15856.5
    ],
    "scene": "S1A_IW_GRDH_1SDV_20240808T225811_20240808T225840_055128_06B7CB_15AC_COG.SAFE",
    "t": "2024-08-08T22:58:11+00:00",
    "sensor": "sentinel1-vv-cfar",
    "uncertainty_m": 14.0
   }
  },
  {
   "type": "Feature",
   "geometry": {
    "type": "Point",
    "coordinates": [
     -74.44780139848054,
     36.39500478607951
    ]
   },
   "properties": {
    "confidence": 0.339,
    "snr": 6.78,
    "peak_dn": 223.0,
    "background_dn": 82.5,
    "sigma_dn": 20.72,
    "pixels": 3,
    "length_m_approx": 17.3,
    "pixel": [
     15594.3,
     16217.3
    ],
    "scene": "S1A_IW_GRDH_1SDV_20240808T225811_20240808T225840_055128_06B7CB_15AC_COG.SAFE",
    "t": "2024-08-08T22:58:11+00:00",
    "sensor": "sentinel1-vv-cfar",
    "uncertainty_m": 13.1
   }
  },
  {
   "type": "Feature",
   "geometry": {
    "type": "Point",
    "coordinates": [
     -74.54545324916585,
     36.34327557490517
    ]
   },
   "properties": {
    "confidence": 0.327,
    "snr": 6.55,
    "peak_dn": 220.0,
    "background_dn": 82.9,
    "sigma_dn": 20.95,
    "pixels": 2,
    "length_m_approx": 14.1,
    "pixel": [
     14631.5,
     15808.0
    ],
    "scene": "S1A_IW_GRDH_1SDV_20240808T225811_20240808T225840_055128_06B7CB_15AC_COG.SAFE",
    "t": "2024-08-08T22:58:11+00:00",
    "sensor": "sentinel1-vv-cfar",
    "uncertainty_m": 12.0
   }
  },
  {
   "type": "Feature",
   "geometry": {
    "type": "Point",
    "coordinates": [
     -74.41804915448637,
     36.362622625546315
    ]
   },
   "properties": {
    "confidence": 0.32,
    "snr": 6.4,
    "peak_dn": 213.0,
    "background_dn": 82.9,
    "sigma_dn": 20.31,
    "pixels": 2,
    "length_m_approx": 14.1,
    "pixel": [
     15795.0,
     15823.5
    ],
    "scene": "S1A_IW_GRDH_1SDV_20240808T225811_20240808T225840_055128_06B7CB_15AC_COG.SAFE",
    "t": "2024-08-08T22:58:11+00:00",
    "sensor": "sentinel1-vv-cfar",
    "uncertainty_m": 12.0
   }
  },
  {
   "type": "Feature",
   "geometry": {
    "type": "Point",
    "coordinates": [
     -74.33850803900039,
     36.31627190509104
    ]
   },
   "properties": {
    "confidence": 0.341,
    "snr": 6.82,
    "peak_dn": 228.0,
    "background_dn": 84.5,
    "sigma_dn": 21.04,
    "pixels": 2,
    "length_m_approx": 14.1,
    "pixel": [
     16409.5,
     15204.0
    ],
    "scene": "S1A_IW_GRDH_1SDV_20240808T225811_20240808T225840_055128_06B7CB_15AC_COG.SAFE",
    "t": "2024-08-08T22:58:11+00:00",
    "sensor": "sentinel1-vv-cfar",
    "uncertainty_m": 12.0
   }
  },
  {
   "type": "Feature",
   "geometry": {
    "type": "Point",
    "coordinates": [
     -74.16442922724244,
     36.32546592518482
    ]
   },
   "properties": {
    "confidence": 0.31,
    "snr": 6.21,
    "peak_dn": 254.0,
    "background_dn": 100.4,
    "sigma_dn": 24.75,
    "pixels": 2,
    "length_m_approx": 14.1,
    "pixel": [
     17967.0,
     15042.5
    ],
    "scene": "S1A_IW_GRDH_1SDV_20240808T225811_20240808T225840_055128_06B7CB_15AC_COG.SAFE",
    "t": "2024-08-08T22:58:11+00:00",
    "sensor": "sentinel1-vv-cfar",
    "uncertainty_m": 12.0
   }
  },
  {
   "type": "Feature",
   "geometry": {
    "type": "Point",
    "coordinates": [
     -74.31452380289826,
     36.2606904773679
    ]
   },
   "properties": {
    "confidence": 0.304,
    "snr": 6.08,
    "peak_dn": 219.0,
    "background_dn": 86.8,
    "sigma_dn": 21.73,
    "pixels": 3,
    "length_m_approx": 17.3,
    "pixel": [
     16515.3,
     14568.7
    ],
    "scene": "S1A_IW_GRDH_1SDV_20240808T225811_20240808T225840_055128_06B7CB_15AC_COG.SAFE",
    "t": "2024-08-08T22:58:11+00:00",
    "sensor": "sentinel1-vv-cfar",
    "uncertainty_m": 13.0
   }
  },
  {
   "type": "Feature",
   "geometry": {
    "type": "Point",
    "coordinates": [
     -74.11118070737155,
     36.41998690427648
    ]
   },
   "properties": {
    "confidence": 0.415,
    "snr": 8.3,
    "peak_dn": 256.0,
    "background_dn": 84.0,
    "sigma_dn": 20.71,
    "pixels": 4,
    "length_m_approx": 20.0,
    "pixel": [
     18616.5,
     15983.5
    ],
    "scene": "S1A_IW_GRDH_1SDV_20240808T225811_20240808T225840_055128_06B7CB_15AC_COG.SAFE",
    "t": "2024-08-08T22:58:11+00:00",
    "sensor": "sentinel1-vv-cfar",
    "uncertainty_m": 14.0
   }
  },
  {
   "type": "Feature",
   "geometry": {
    "type": "Point",
    "coordinates": [
     -74.04767623875627,
     36.29147541490758
    ]
   },
   "properties": {
    "confidence": 0.322,
    "snr": 6.45,
    "peak_dn": 244.0,
    "background_dn": 94.2,
    "sigma_dn": 23.23,
    "pixels": 2,
    "length_m_approx": 14.1,
    "pixel": [
     18936.0,
     14502.5
    ],
    "scene": "S1A_IW_GRDH_1SDV_20240808T225811_20240808T225840_055128_06B7CB_15AC_COG.SAFE",
    "t": "2024-08-08T22:58:11+00:00",
    "sensor": "sentinel1-vv-cfar",
    "uncertainty_m": 12.0
   }
  },
  {
   "type": "Feature",
   "geometry": {
    "type": "Point",
    "coordinates": [
     -73.99400662783948,
     36.442857062137605
    ]
   },
   "properties": {
    "confidence": 0.312,
    "snr": 6.24,
    "peak_dn": 218.0,
    "background_dn": 85.3,
    "sigma_dn": 21.27,
    "pixels": 2,
    "length_m_approx": 14.1,
    "pixel": [
     19695.0,
     16057.5
    ],
    "scene": "S1A_IW_GRDH_1SDV_20240808T225811_20240808T225840_055128_06B7CB_15AC_COG.SAFE",
    "t": "2024-08-08T22:58:11+00:00",
    "sensor": "sentinel1-vv-cfar",
    "uncertainty_m": 12.1
   }
  },
  {
   "type": "Feature",
   "geometry": {
    "type": "Point",
    "coordinates": [
     -73.79804538423537,
     36.341923248304155
    ]
   },
   "properties": {
    "confidence": 0.363,
    "snr": 7.27,
    "peak_dn": 246.0,
    "background_dn": 87.6,
    "sigma_dn": 21.8,
    "pixels": 2,
    "length_m_approx": 14.1,
    "pixel": [
     21240.0,
     14680.5
    ],
    "scene": "S1A_IW_GRDH_1SDV_20240808T225811_20240808T225840_055128_06B7CB_15AC_COG.SAFE",
    "t": "2024-08-08T22:58:11+00:00",
    "sensor": "sentinel1-vv-cfar",
    "uncertainty_m": 12.0
   }
  },
  {
   "type": "Feature",
   "geometry": {
    "type": "Point",
    "coordinates": [
     -73.75662966053046,
     36.42812464084126
    ]
   },
   "properties": {
    "confidence": 0.332,
    "snr": 6.65,
    "peak_dn": 213.0,
    "background_dn": 81.3,
    "sigma_dn": 19.82,
    "pixels": 2,
    "length_m_approx": 14.1,
    "pixel": [
     21766.0,
     15551.5
    ],
    "scene": "S1A_IW_GRDH_1SDV_20240808T225811_20240808T225840_055128_06B7CB_15AC_COG.SAFE",
    "t": "2024-08-08T22:58:11+00:00",
    "sensor": "sentinel1-vv-cfar",
    "uncertainty_m": 12.0
   }
  },
  {
   "type": "Feature",
   "geometry": {
    "type": "Point",
    "coordinates": [
     -73.7901443933713,
     36.48237249817924
    ]
   },
   "properties": {
    "confidence": 0.331,
    "snr": 6.61,
    "peak_dn": 222.0,
    "background_dn": 84.1,
    "sigma_dn": 20.84,
    "pixels": 2,
    "length_m_approx": 14.1,
    "pixel": [
     21570.0,
     16186.5
    ],
    "scene": "S1A_IW_GRDH_1SDV_20240808T225811_20240808T225840_055128_06B7CB_15AC_COG.SAFE",
    "t": "2024-08-08T22:58:11+00:00",
    "sensor": "sentinel1-vv-cfar",
    "uncertainty_m": 12.1
   }
  },
  {
   "type": "Feature",
   "geometry": {
    "type": "Point",
    "coordinates": [
     -73.86398326864038,
     36.304922041154676
    ]
   },
   "properties": {
    "confidence": 0.325,
    "snr": 6.5,
    "peak_dn": 236.0,
    "background_dn": 89.7,
    "sigma_dn": 22.49,
    "pixels": 2,
    "length_m_approx": 14.1,
    "pixel": [
     20587.5,
     14377.0
    ],
    "scene": "S1A_IW_GRDH_1SDV_20240808T225811_20240808T225840_055128_06B7CB_15AC_COG.SAFE",
    "t": "2024-08-08T22:58:11+00:00",
    "sensor": "sentinel1-vv-cfar",
    "uncertainty_m": 12.0
   }
  },
  {
   "type": "Feature",
   "geometry": {
    "type": "Point",
    "coordinates": [
     -73.45794882433628,
     36.445010285962795
    ]
   },
   "properties": {
    "confidence": 0.397,
    "snr": 7.95,
    "peak_dn": 174.0,
    "background_dn": 59.1,
    "sigma_dn": 14.46,
    "pixels": 3,
    "length_m_approx": 17.3,
    "pixel": [
     24438.3,
     15304.7
    ],
    "scene": "S1A_IW_GRDH_1SDV_20240808T225811_20240808T225840_055128_06B7CB_15AC_COG.SAFE",
    "t": "2024-08-08T22:58:11+00:00",
    "sensor": "sentinel1-vv-cfar",
    "uncertainty_m": 13.0
   }
  },
  {
   "type": "Feature",
   "geometry": {
    "type": "Point",
    "coordinates": [
     -73.64899346108905,
     36.378682759893906
    ]
   },
   "properties": {
    "confidence": 0.328,
    "snr": 6.57,
    "peak_dn": 201.0,
    "background_dn": 75.9,
    "sigma_dn": 19.05,
    "pixels": 2,
    "length_m_approx": 14.1,
    "pixel": [
     22627.0,
     14861.5
    ],
    "scene": "S1A_IW_GRDH_1SDV_20240808T225811_20240808T225840_055128_06B7CB_15AC_COG.SAFE",
    "t": "2024-08-08T22:58:11+00:00",
    "sensor": "sentinel1-vv-cfar",
    "uncertainty_m": 12.0
   }
  },
  {
   "type": "Feature",
   "geometry": {
    "type": "Point",
    "coordinates": [
     -73.53773820745974,
     36.48584275624297
    ]
   },
   "properties": {
    "confidence": 0.311,
    "snr": 6.23,
    "peak_dn": 185.0,
    "background_dn": 72.5,
    "sigma_dn": 18.07,
    "pixels": 2,
    "length_m_approx": 14.1,
    "pixel": [
     23807.0,
     15860.5
    ],
    "scene": "S1A_IW_GRDH_1SDV_20240808T225811_20240808T225840_055128_06B7CB_15AC_COG.SAFE",
    "t": "2024-08-08T22:58:11+00:00",
    "sensor": "sentinel1-vv-cfar",
    "uncertainty_m": 12.0
   }
  },
  {
   "type": "Feature",
   "geometry": {
    "type": "Point",
    "coordinates": [
     -73.38644046708227,
     36.47073467908288
    ]
   },
   "properties": {
    "confidence": 0.556,
    "snr": 11.12,
    "peak_dn": 259.0,
    "background_dn": 65.0,
    "sigma_dn": 17.45,
    "pixels": 28,
    "length_m_approx": 52.9,
    "pixel": [
     25117.3,
     15481.6
    ],
    "scene": "S1A_IW_GRDH_1SDV_20240808T225811_20240808T225840_055128_06B7CB_15AC_COG.SAFE",
    "t": "2024-08-08T22:58:11+00:00",
    "sensor": "sentinel1-vv-cfar",
    "uncertainty_m": 28.2
   }
  },
  {
   "type": "Feature",
   "geometry": {
    "type": "Point",
    "coordinates": [
     -73.38637544908636,
     36.46976821357915
    ]
   },
   "properties": {
    "confidence": 0.443,
    "snr": 8.87,
    "peak_dn": 221.0,
    "background_dn": 65.1,
    "sigma_dn": 17.58,
    "pixels": 23,
    "length_m_approx": 48.0,
    "pixel": [
     25116.1,
     15471.0
    ],
    "scene": "S1A_IW_GRDH_1SDV_20240808T225811_20240808T225840_055128_06B7CB_15AC_COG.SAFE",
    "t": "2024-08-08T22:58:11+00:00",
    "sensor": "sentinel1-vv-cfar",
    "uncertainty_m": 25.9
   }
  },
  {
   "type": "Feature",
   "geometry": {
    "type": "Point",
    "coordinates": [
     -73.38739070182939,
     36.46988045736769
    ]
   },
   "properties": {
    "confidence": 0.395,
    "snr": 7.91,
    "peak_dn": 211.0,
    "background_dn": 66.0,
    "sigma_dn": 18.33,
    "pixels": 3,
    "length_m_approx": 17.3,
    "pixel": [
     25107.3,
     15473.7
    ],
    "scene": "S1A_IW_GRDH_1SDV_20240808T225811_20240808T225840_055128_06B7CB_15AC_COG.SAFE",
    "t": "2024-08-08T22:58:11+00:00",
    "sensor": "sentinel1-vv-cfar",
    "uncertainty_m": 13.0
   }
  },
  {
   "type": "Feature",
   "geometry": {
    "type": "Point",
    "coordinates": [
     -73.38554173215135,
     36.47093316893159
    ]
   },
   "properties": {
    "confidence": 0.375,
    "snr": 7.49,
    "peak_dn": 201.0,
    "background_dn": 65.3,
    "sigma_dn": 18.12,
    "pixels": 7,
    "length_m_approx": 26.5,
    "pixel": [
     25125.6,
     15482.4
    ],
    "scene": "S1A_IW_GRDH_1SDV_20240808T225811_20240808T225840_055128_06B7CB_15AC_COG.SAFE",
    "t": "2024-08-08T22:58:11+00:00",
    "sensor": "sentinel1-vv-cfar",
    "uncertainty_m": 16.4
   }
  },
  {
   "type": "Feature",
   "geometry": {
    "type": "Point",
    "coordinates": [
     -73.38671070952901,
     36.47006353680436
    ]
   },
   "properties": {
    "confidence": 0.365,
    "snr": 7.29,
    "peak_dn": 191.0,
    "background_dn": 65.0,
    "sigma_dn": 17.28,
    "pixels": 3,
    "length_m_approx": 17.3,
    "pixel": [
     25113.7,
     15474.7
    ],
    "scene": "S1A_IW_GRDH_1SDV_20240808T225811_20240808T225840_055128_06B7CB_15AC_COG.SAFE",
    "t": "2024-08-08T22:58:11+00:00",
    "sensor": "sentinel1-vv-cfar",
    "uncertainty_m": 13.0
   }
  },
  {
   "type": "Feature",
   "geometry": {
    "type": "Point",
    "coordinates": [
     -73.3872875525594,
     36.471125668279385
    ]
   },
   "properties": {
    "confidence": 0.355,
    "snr": 7.09,
    "peak_dn": 198.0,
    "background_dn": 65.9,
    "sigma_dn": 18.63,
    "pixels": 2,
    "length_m_approx": 14.1,
    "pixel": [
     25110.5,
     15487.0
    ],
    "scene": "S1A_IW_GRDH_1SDV_20240808T225811_20240808T225840_055128_06B7CB_15AC_COG.SAFE",
    "t": "2024-08-08T22:58:11+00:00",
    "sensor": "sentinel1-vv-cfar",
    "uncertainty_m": 12.0
   }
  },
  {
   "type": "Feature",
   "geometry": {
    "type": "Point",
    "coordinates": [
     -73.38545819839351,
     36.46965658673007
    ]
   },
   "properties": {
    "confidence": 0.317,
    "snr": 6.35,
    "peak_dn": 183.0,
    "background_dn": 65.8,
    "sigma_dn": 18.47,
    "pixels": 2,
    "length_m_approx": 14.1,
    "pixel": [
     25124.0,
     15468.5
    ],
    "scene": "S1A_IW_GRDH_1SDV_20240808T225811_20240808T225840_055128_06B7CB_15AC_COG.SAFE",
    "t": "2024-08-08T22:58:11+00:00",
    "sensor": "sentinel1-vv-cfar",
    "uncertainty_m": 12.0
   }
  },
  {
   "type": "Feature",
   "geometry": {
    "type": "Point",
    "coordinates": [
     -75.43197992572475,
     36.35540337914705
    ]
   },
   "properties": {
    "confidence": 0.359,
    "snr": 7.18,
    "peak_dn": 321.0,
    "background_dn": 115.8,
    "sigma_dn": 28.57,
    "pixels": 2,
    "length_m_approx": 14.1,
    "pixel": [
     6826.0,
     17318.5
    ],
    "scene": "S1A_IW_GRDH_1SDV_20240808T225811_20240808T225840_055128_06B7CB_15AC_COG.SAFE",
    "t": "2024-08-08T22:58:11+00:00",
    "sensor": "sentinel1-vv-cfar",
    "uncertainty_m": 12.1
   }
  },
  {
   "type": "Feature",
   "geometry": {
    "type": "Point",
    "coordinates": [
     -75.10112482906952,
     36.427762709439726
    ]
   },
   "properties": {
    "confidence": 0.484,
    "snr": 9.68,
    "peak_dn": 384.0,
    "background_dn": 112.3,
    "sigma_dn": 28.07,
    "pixels": 3,
    "length_m_approx": 17.3,
    "pixel": [
     9890.7,
     17573.7
    ],
    "scene": "S1A_IW_GRDH_1SDV_20240808T225811_20240808T225840_055128_06B7CB_15AC_COG.SAFE",
    "t": "2024-08-08T22:58:11+00:00",
    "sensor": "sentinel1-vv-cfar",
    "uncertainty_m": 13.1
   }
  },
  {
   "type": "Feature",
   "geometry": {
    "type": "Point",
    "coordinates": [
     -75.10860390169167,
     36.394699478028095
    ]
   },
   "properties": {
    "confidence": 0.438,
    "snr": 8.76,
    "peak_dn": 352.0,
    "background_dn": 109.0,
    "sigma_dn": 27.74,
    "pixels": 4,
    "length_m_approx": 20.0,
    "pixel": [
     9758.8,
     17230.0
    ],
    "scene": "S1A_IW_GRDH_1SDV_20240808T225811_20240808T225840_055128_06B7CB_15AC_COG.SAFE",
    "t": "2024-08-08T22:58:11+00:00",
    "sensor": "sentinel1-vv-cfar",
    "uncertainty_m": 14.0
   }
  },
  {
   "type": "Feature",
   "geometry": {
    "type": "Point",
    "coordinates": [
     -75.12233355262657,
     36.366712558399215
    ]
   },
   "properties": {
    "confidence": 0.41,
    "snr": 8.19,
    "peak_dn": 327.0,
    "background_dn": 107.1,
    "sigma_dn": 26.84,
    "pixels": 3,
    "length_m_approx": 17.3,
    "pixel": [
     9581.7,
     16950.7
    ],
    "scene": "S1A_IW_GRDH_1SDV_20240808T225811_20240808T225840_055128_06B7CB_15AC_COG.SAFE",
    "t": "2024-08-08T22:58:11+00:00",
    "sensor": "sentinel1-vv-cfar",
    "uncertainty_m": 13.1
   }
  },
  {
   "type": "Feature",
   "geometry": {
    "type": "Point",
    "coordinates": [
     -75.15150810207679,
     36.392122754500406
    ]
   },
   "properties": {
    "confidence": 0.388,
    "snr": 7.77,
    "peak_dn": 336.0,
    "background_dn": 111.3,
    "sigma_dn": 28.92,
    "pixels": 2,
    "length_m_approx": 14.1,
    "pixel": [
     9375.0,
     17269.5
    ],
    "scene": "S1A_IW_GRDH_1SDV_20240808T225811_20240808T225840_055128_06B7CB_15AC_COG.SAFE",
    "t": "2024-08-08T22:58:11+00:00",
    "sensor": "sentinel1-vv-cfar",
    "uncertainty_m": 12.1
   }
  },
  {
   "type": "Feature",
   "geometry": {
    "type": "Point",
    "coordinates": [
     -75.10124971434016,
     36.446876566266795
    ]
   },
   "properties": {
    "confidence": 0.387,
    "snr": 7.75,
    "peak_dn": 314.0,
    "background_dn": 110.1,
    "sigma_dn": 26.32,
    "pixels": 3,
    "length_m_approx": 17.3,
    "pixel": [
     9927.7,
     17779.3
    ],
    "scene": "S1A_IW_GRDH_1SDV_20240808T225811_20240808T225840_055128_06B7CB_15AC_COG.SAFE",
    "t": "2024-08-08T22:58:11+00:00",
    "sensor": "sentinel1-vv-cfar",
    "uncertainty_m": 13.1
   }
  },
  {
   "type": "Feature",
   "geometry": {
    "type": "Point",
    "coordinates": [
     -75.09463216590177,
     36.370938492845475
    ]
   },
   "properties": {
    "confidence": 0.386,
    "snr": 7.73,
    "peak_dn": 315.0,
    "background_dn": 107.9,
    "sigma_dn": 26.8,
    "pixels": 3,
    "length_m_approx": 17.3,
    "pixel": [
     9834.7,
     16952.7
    ],
    "scene": "S1A_IW_GRDH_1SDV_20240808T225811_20240808T225840_055128_06B7CB_15AC_COG.SAFE",
    "t": "2024-08-08T22:58:11+00:00",
    "sensor": "sentinel1-vv-cfar",
    "uncertainty_m": 13.1
   }
  },
  {
   "type": "Feature",
   "geometry": {
    "type": "Point",
    "coordinates": [
     -75.11512605996172,
     36.414638630598105
    ]
   },
   "properties": {
    "confidence": 0.367,
    "snr": 7.33,
    "peak_dn": 311.0,
    "background_dn": 110.1,
    "sigma_dn": 27.41,
    "pixels": 2,
    "length_m_approx": 14.1,
    "pixel": [
     9741.0,
     17454.5
    ],
    "scene": "S1A_IW_GRDH_1SDV_20240808T225811_20240808T225840_055128_06B7CB_15AC_COG.SAFE",
    "t": "2024-08-08T22:58:11+00:00",
    "sensor": "sentinel1-vv-cfar",
    "uncertainty_m": 12.1
   }
  },
  {
   "type": "Feature",
   "geometry": {
    "type": "Point",
    "coordinates": [
     -75.09675324100323,
     36.50391931626871
    ]
   },
   "properties": {
    "confidence": 0.363,
    "snr": 7.26,
    "peak_dn": 297.0,
    "background_dn": 104.3,
    "sigma_dn": 26.56,
    "pixels": 2,
    "length_m_approx": 14.1,
    "pixel": [
     10081.0,
     18385.5
    ],
    "scene": "S1A_IW_GRDH_1SDV_20240808T225811_20240808T225840_055128_06B7CB_15AC_COG.SAFE",
    "t": "2024-08-08T22:58:11+00:00",
    "sensor": "sentinel1-vv-cfar",
    "uncertainty_m": 12.1
   }
  },
  {
   "type": "Feature",
   "geometry": {
    "type": "Point",
    "coordinates": [
     -75.18068557609962,
     36.38536099823337
    ]
   },
   "properties": {
    "confidence": 0.357,
    "snr": 7.14,
    "peak_dn": 310.0,
    "background_dn": 112.4,
    "sigma_dn": 27.67,
    "pixels": 2,
    "length_m_approx": 14.1,
    "pixel": [
     9104.0,
     17242.5
    ],
    "scene": "S1A_IW_GRDH_1SDV_20240808T225811_20240808T225840_055128_06B7CB_15AC_COG.SAFE",
    "t": "2024-08-08T22:58:11+00:00",
    "sensor": "sentinel1-vv-cfar",
    "uncertainty_m": 12.1
   }
  },
  {
   "type": "Feature",
   "geometry": {
    "type": "Point",
    "coordinates": [
     -75.17377465078799,
     36.40534783474322
    ]
   },
   "properties": {
    "confidence": 0.357,
    "snr": 7.14,
    "peak_dn": 314.0,
    "background_dn": 112.1,
    "sigma_dn": 28.28,
    "pixels": 2,
    "length_m_approx": 14.1,
    "pixel": [
     9205.0,
     17446.5
    ],
    "scene": "S1A_IW_GRDH_1SDV_20240808T225811_20240808T225840_055128_06B7CB_15AC_COG.SAFE",
    "t": "2024-08-08T22:58:11+00:00",
    "sensor": "sentinel1-vv-cfar",
    "uncertainty_m": 12.1
   }
  },
  {
   "type": "Feature",
   "geometry": {
    "type": "Point",
    "coordinates": [
     -75.21220682014392,
     36.3996415341004
    ]
   },
   "properties": {
    "confidence": 0.351,
    "snr": 7.03,
    "peak_dn": 308.0,
    "background_dn": 111.8,
    "sigma_dn": 27.91,
    "pixels": 4,
    "length_m_approx": 20.0,
    "pixel": [
     8854.5,
     17445.5
    ],
    "scene": "S1A_IW_GRDH_1SDV_20240808T225811_20240808T225840_055128_06B7CB_15AC_COG.SAFE",
    "t": "2024-08-08T22:58:11+00:00",
    "sensor": "sentinel1-vv-cfar",
    "uncertainty_m": 14.0
   }
  },
  {
   "type": "Feature",
   "geometry": {
    "type": "Point",
    "coordinates": [
     -75.09926274755247,
     36.48541602056041
    ]
   },
   "properties": {
    "confidence": 0.35,
    "snr": 6.99,
    "peak_dn": 296.0,
    "background_dn": 107.8,
    "sigma_dn": 26.91,
    "pixels": 2,
    "length_m_approx": 14.1,
    "pixel": [
     10022.0,
     18190.5
    ],
    "scene": "S1A_IW_GRDH_1SDV_20240808T225811_20240808T225840_055128_06B7CB_15AC_COG.SAFE",
    "t": "2024-08-08T22:58:11+00:00",
    "sensor": "sentinel1-vv-cfar",
    "uncertainty_m": 12.1
   }
  },
  {
   "type": "Feature",
   "geometry": {
    "type": "Point",
    "coordinates": [
     -75.16008593205734,
     36.402302289271226
    ]
   },
   "properties": {
    "confidence": 0.348,
    "snr": 6.96,
    "peak_dn": 318.0,
    "background_dn": 114.3,
    "sigma_dn": 29.26,
    "pixels": 3,
    "length_m_approx": 17.3,
    "pixel": [
     9319.7,
     17392.3
    ],
    "scene": "S1A_IW_GRDH_1SDV_20240808T225811_20240808T225840_055128_06B7CB_15AC_COG.SAFE",
    "t": "2024-08-08T22:58:11+00:00",
    "sensor": "sentinel1-vv-cfar",
    "uncertainty_m": 13.1
   }
  },
  {
   "type": "Feature",
   "geometry": {
    "type": "Point",
    "coordinates": [
     -75.1793157829854,
     36.49446646490333
    ]
   },
   "properties": {
    "confidence": 0.339,
    "snr": 6.77,
    "peak_dn": 297.0,
    "background_dn": 109.5,
    "sigma_dn": 27.69,
    "pixels": 2,
    "length_m_approx": 14.1,
    "pixel": [
     9334.5,
     18413.0
    ],
    "scene": "S1A_IW_GRDH_1SDV_20240808T225811_20240808T225840_055128_06B7CB_15AC_COG.SAFE",
    "t": "2024-08-08T22:58:11+00:00",
    "sensor": "sentinel1-vv-cfar",
    "uncertainty_m": 12.1
   }
  },
  {
   "type": "Feature",
   "geometry": {
    "type": "Point",
    "coordinates": [
     -75.11736523059179,
     36.4618961623097
    ]
   },
   "properties": {
    "confidence": 0.337,
    "snr": 6.74,
    "peak_dn": 291.0,
    "background_dn": 109.1,
    "sigma_dn": 26.98,
    "pixels": 2,
    "length_m_approx": 14.1,
    "pixel": [
     9815.5,
     17966.0
    ],
    "scene": "S1A_IW_GRDH_1SDV_20240808T225811_20240808T225840_055128_06B7CB_15AC_COG.SAFE",
    "t": "2024-08-08T22:58:11+00:00",
    "sensor": "sentinel1-vv-cfar",
    "uncertainty_m": 12.1
   }
  },
  {
   "type": "Feature",
   "geometry": {
    "type": "Point",
    "coordinates": [
     -75.1478275666842,
     36.483464420729256
    ]
   },
   "properties": {
    "confidence": 0.332,
    "snr": 6.64,
    "peak_dn": 285.0,
    "background_dn": 107.6,
    "sigma_dn": 26.74,
    "pixels": 2,
    "length_m_approx": 14.1,
    "pixel": [
     9590.0,
     18245.5
    ],
    "scene": "S1A_IW_GRDH_1SDV_20240808T225811_20240808T225840_055128_06B7CB_15AC_COG.SAFE",
    "t": "2024-08-08T22:58:11+00:00",
    "sensor": "sentinel1-vv-cfar",
    "uncertainty_m": 12.1
   }
  },
  {
   "type": "Feature",
   "geometry": {
    "type": "Point",
    "coordinates": [
     -75.18548202181566,
     36.41797254770241
    ]
   },
   "properties": {
    "confidence": 0.316,
    "snr": 6.32,
    "peak_dn": 284.0,
    "background_dn": 110.5,
    "sigma_dn": 27.46,
    "pixels": 2,
    "length_m_approx": 14.1,
    "pixel": [
     9127.0,
     17600.5
    ],
    "scene": "S1A_IW_GRDH_1SDV_20240808T225811_20240808T225840_055128_06B7CB_15AC_COG.SAFE",
    "t": "2024-08-08T22:58:11+00:00",
    "sensor": "sentinel1-vv-cfar",
    "uncertainty_m": 12.1
   }
  },
  {
   "type": "Feature",
   "geometry": {
    "type": "Point",
    "coordinates": [
     -74.92810481034911,
     36.37035168077375
    ]
   },
   "properties": {
    "confidence": 0.95,
    "snr": 229.4,
    "peak_dn": 6335.0,
    "background_dn": 105.6,
    "sigma_dn": 27.16,
    "pixels": 160,
    "length_m_approx": 126.5,
    "pixel": [
     11303.8,
     16686.9
    ],
    "scene": "S1A_IW_GRDH_1SDV_20240808T225811_20240808T225840_055128_06B7CB_15AC_COG.SAFE",
    "t": "2024-08-08T22:58:11+00:00",
    "sensor": "sentinel1-vv-cfar",
    "uncertainty_m": 64.0
   }
  },
  {
   "type": "Feature",
   "geometry": {
    "type": "Point",
    "coordinates": [
     -74.92926182926482,
     36.37056009597223
    ]
   },
   "properties": {
    "confidence": 0.728,
    "snr": 14.56,
    "peak_dn": 557.0,
    "background_dn": 106.5,
    "sigma_dn": 30.94,
    "pixels": 3,
    "length_m_approx": 17.3,
    "pixel": [
     11294.0,
     16690.9
    ],
    "scene": "S1A_IW_GRDH_1SDV_20240808T225811_20240808T225840_055128_06B7CB_15AC_COG.SAFE",
    "t": "2024-08-08T22:58:11+00:00",
    "sensor": "sentinel1-vv-cfar",
    "uncertainty_m": 13.1
   }
  },
  {
   "type": "Feature",
   "geometry": {
    "type": "Point",
    "coordinates": [
     -74.9603323263923,
     36.35533196884928
    ]
   },
   "properties": {
    "confidence": 0.497,
    "snr": 9.95,
    "peak_dn": 365.0,
    "background_dn": 103.9,
    "sigma_dn": 26.24,
    "pixels": 4,
    "length_m_approx": 20.0,
    "pixel": [
     10989.5,
     16575.5
    ],
    "scene": "S1A_IW_GRDH_1SDV_20240808T225811_20240808T225840_055128_06B7CB_15AC_COG.SAFE",
    "t": "2024-08-08T22:58:11+00:00",
    "sensor": "sentinel1-vv-cfar",
    "uncertainty_m": 14.0
   }
  },
  {
   "type": "Feature",
   "geometry": {
    "type": "Point",
    "coordinates": [
     -74.93060443712952,
     36.41795618951056
    ]
   },
   "properties": {
    "confidence": 0.496,
    "snr": 9.92,
    "peak_dn": 354.0,
    "background_dn": 102.6,
    "sigma_dn": 25.34,
    "pixels": 6,
    "length_m_approx": 24.5,
    "pixel": [
     11375.8,
     17202.8
    ],
    "scene": "S1A_IW_GRDH_1SDV_20240808T225811_20240808T225840_055128_06B7CB_15AC_COG.SAFE",
    "t": "2024-08-08T22:58:11+00:00",
    "sensor": "sentinel1-vv-cfar",
    "uncertainty_m": 15.7
   }
  },
  {
   "type": "Feature",
   "geometry": {
    "type": "Point",
    "coordinates": [
     -74.99696959287948,
     36.40363928616233
    ]
   },
   "properties": {
    "confidence": 0.471,
    "snr": 9.42,
    "peak_dn": 341.0,
    "background_dn": 101.0,
    "sigma_dn": 25.49,
    "pixels": 4,
    "length_m_approx": 20.0,
    "pixel": [
     10761.8,
     17152.0
    ],
    "scene": "S1A_IW_GRDH_1SDV_20240808T225811_20240808T225840_055128_06B7CB_15AC_COG.SAFE",
    "t": "2024-08-08T22:58:11+00:00",
    "sensor": "sentinel1-vv-cfar",
    "uncertainty_m": 14.0
   }
  },
  {
   "type": "Feature",
   "geometry": {
    "type": "Point",
    "coordinates": [
     -75.0116768824285,
     36.40315034625918
    ]
   },
   "properties": {
    "confidence": 0.439,
    "snr": 8.78,
    "peak_dn": 327.0,
    "background_dn": 103.3,
    "sigma_dn": 25.47,
    "pixels": 2,
    "length_m_approx": 14.1,
    "pixel": [
     10631.0,
     17169.5
    ],
    "scene": "S1A_IW_GRDH_1SDV_20240808T225811_20240808T225840_055128_06B7CB_15AC_COG.SAFE",
    "t": "2024-08-08T22:58:11+00:00",
    "sensor": "sentinel1-vv-cfar",
    "uncertainty_m": 12.1
   }
  },
  {
   "type": "Feature",
   "geometry": {
    "type": "Point",
    "coordinates": [
     -75.00790324060252,
     36.43143026421218
    ]
   },
   "properties": {
    "confidence": 0.431,
    "snr": 8.63,
    "peak_dn": 325.0,
    "background_dn": 103.9,
    "sigma_dn": 25.63,
    "pixels": 5,
    "length_m_approx": 22.4,
    "pixel": [
     10720.4,
     17467.8
    ],
    "scene": "S1A_IW_GRDH_1SDV_20240808T225811_20240808T225840_055128_06B7CB_15AC_COG.SAFE",
    "t": "2024-08-08T22:58:11+00:00",
    "sensor": "sentinel1-vv-cfar",
    "uncertainty_m": 14.9
   }
  },
  {
   "type": "Feature",
   "geometry": {
    "type": "Point",
    "coordinates": [
     -74.98818058049889,
     36.50461724679335
    ]
   },
   "properties": {
    "confidence": 0.423,
    "snr": 8.46,
    "peak_dn": 319.0,
    "background_dn": 102.6,
    "sigma_dn": 25.57,
    "pixels": 3,
    "length_m_approx": 17.3,
    "pixel": [
     11039.3,
     18224.3
    ],
    "scene": "S1A_IW_GRDH_1SDV_20240808T225811_20240808T225840_055128_06B7CB_15AC_COG.SAFE",
    "t": "2024-08-08T22:58:11+00:00",
    "sensor": "sentinel1-vv-cfar",
    "uncertainty_m": 13.1
   }
  },
  {
   "type": "Feature",
   "geometry": {
    "type": "Point",
    "coordinates": [
     -74.96797274017432,
     36.51475575693127
    ]
   },
   "properties": {
    "confidence": 0.417,
    "snr": 8.34,
    "peak_dn": 315.0,
    "background_dn": 103.1,
    "sigma_dn": 25.41,
    "pixels": 2,
    "length_m_approx": 14.1,
    "pixel": [
     11237.5,
     18302.0
    ],
    "scene": "S1A_IW_GRDH_1SDV_20240808T225811_20240808T225840_055128_06B7CB_15AC_COG.SAFE",
    "t": "2024-08-08T22:58:11+00:00",
    "sensor": "sentinel1-vv-cfar",
    "uncertainty_m": 12.1
   }
  },
  {
   "type": "Feature",
   "geometry": {
    "type": "Point",
    "coordinates": [
     -75.05016664482515,
     36.45454372490358
    ]
   },
   "properties": {
    "confidence": 0.396,
    "snr": 7.91,
    "peak_dn": 315.0,
    "background_dn": 107.4,
    "sigma_dn": 26.25,
    "pixels": 2,
    "length_m_approx": 14.1,
    "pixel": [
     10393.5,
     17782.0
    ],
    "scene": "S1A_IW_GRDH_1SDV_20240808T225811_20240808T225840_055128_06B7CB_15AC_COG.SAFE",
    "t": "2024-08-08T22:58:11+00:00",
    "sensor": "sentinel1-vv-cfar",
    "uncertainty_m": 12.1
   }
  },
  {
   "type": "Feature",
   "geometry": {
    "type": "Point",
    "coordinates": [
     -74.92881455305312,
     36.37132894611185
    ]
   },
   "properties": {
    "confidence": 0.394,
    "snr": 7.87,
    "peak_dn": 385.0,
    "background_dn": 106.0,
    "sigma_dn": 35.45,
    "pixels": 4,
    "length_m_approx": 20.0,
    "pixel": [
     11299.5,
     16698.5
    ],
    "scene": "S1A_IW_GRDH_1SDV_20240808T225811_20240808T225840_055128_06B7CB_15AC_COG.SAFE",
    "t": "2024-08-08T22:58:11+00:00",
    "sensor": "sentinel1-vv-cfar",
    "uncertainty_m": 14.0
   }
  },
  {
   "type": "Feature",
   "geometry": {
    "type": "Point",
    "coordinates": [
     -74.8689426953824,
     36.37056940985843
    ]
   },
   "properties": {
    "confidence": 0.39,
    "snr": 7.8,
    "peak_dn": 285.0,
    "background_dn": 98.2,
    "sigma_dn": 23.94,
    "pixels": 3,
    "length_m_approx": 17.3,
    "pixel": [
     11826.7,
     16597.7
    ],
    "scene": "S1A_IW_GRDH_1SDV_20240808T225811_20240808T225840_055128_06B7CB_15AC_COG.SAFE",
    "t": "2024-08-08T22:58:11+00:00",
    "sensor": "sentinel1-vv-cfar",
    "uncertainty_m": 13.1
   }
  },
  {
   "type": "Feature",
   "geometry": {
    "type": "Point",
    "coordinates": [
     -74.85185544215938,
     36.39465578305155
    ]
   },
   "properties": {
    "confidence": 0.384,
    "snr": 7.68,
    "peak_dn": 283.0,
    "background_dn": 96.7,
    "sigma_dn": 24.26,
    "pixels": 2,
    "length_m_approx": 14.1,
    "pixel": [
     12025.0,
     16830.5
    ],
    "scene": "S1A_IW_GRDH_1SDV_20240808T225811_20240808T225840_055128_06B7CB_15AC_COG.SAFE",
    "t": "2024-08-08T22:58:11+00:00",
    "sensor": "sentinel1-vv-cfar",
    "uncertainty_m": 12.1
   }
  },
  {
   "type": "Feature",
   "geometry": {
    "type": "Point",
    "coordinates": [
     -74.97192756501896,
     36.36616323373373
    ]
   },
   "properties": {
    "confidence": 0.379,
    "snr": 7.58,
    "peak_dn": 295.0,
    "background_dn": 101.9,
    "sigma_dn": 25.49,
    "pixels": 2,
    "length_m_approx": 14.1,
    "pixel": [
     10908.5,
     16710.0
    ],
    "scene": "S1A_IW_GRDH_1SDV_20240808T225811_20240808T225840_055128_06B7CB_15AC_COG.SAFE",
    "t": "2024-08-08T22:58:11+00:00",
    "sensor": "sentinel1-vv-cfar",
    "uncertainty_m": 12.1
   }
  },
  {
   "type": "Feature",
   "geometry": {
    "type": "Point",
    "coordinates": [
     -74.90114219986818,
     36.50227885648084
    ]
   },
   "properties": {
    "confidence": 0.369,
    "snr": 7.39,
    "peak_dn": 285.0,
    "background_dn": 100.5,
    "sigma_dn": 24.98,
    "pixels": 2,
    "length_m_approx": 14.1,
    "pixel": [
     11802.0,
     18064.5
    ],
    "scene": "S1A_IW_GRDH_1SDV_20240808T225811_20240808T225840_055128_06B7CB_15AC_COG.SAFE",
    "t": "2024-08-08T22:58:11+00:00",
    "sensor": "sentinel1-vv-cfar",
    "uncertainty_m": 12.1
   }
  },
  {
   "type": "Feature",
   "geometry": {
    "type": "Point",
    "coordinates": [
     -74.85751680298596,
     36.48668343944825
    ]
   },
   "properties": {
    "confidence": 0.368,
    "snr": 7.36,
    "peak_dn": 271.0,
    "background_dn": 97.8,
    "sigma_dn": 23.52,
    "pixels": 2,
    "length_m_approx": 14.1,
    "pixel": [
     12156.0,
     17829.5
    ],
    "scene": "S1A_IW_GRDH_1SDV_20240808T225811_20240808T225840_055128_06B7CB_15AC_COG.SAFE",
    "t": "2024-08-08T22:58:11+00:00",
    "sensor": "sentinel1-vv-cfar",
    "uncertainty_m": 12.1
   }
  },
  {
   "type": "Feature",
   "geometry": {
    "type": "Point",
    "coordinates": [
     -74.92845990904337,
     36.36975130397352
    ]
   },
   "properties": {
    "confidence": 0.365,
    "snr": 7.3,
    "peak_dn": 306.0,
    "background_dn": 105.8,
    "sigma_dn": 27.42,
    "pixels": 2,
    "length_m_approx": 14.1,
    "pixel": [
     11299.5,
     16681.0
    ],
    "scene": "S1A_IW_GRDH_1SDV_20240808T225811_20240808T225840_055128_06B7CB_15AC_COG.SAFE",
    "t": "2024-08-08T22:58:11+00:00",
    "sensor": "sentinel1-vv-cfar",
    "uncertainty_m": 12.1
   }
  },
  {
   "type": "Feature",
   "geometry": {
    "type": "Point",
    "coordinates": [
     -74.95943083790822,
     36.47438496740743
    ]
   },
   "properties": {
    "confidence": 0.359,
    "snr": 7.18,
    "peak_dn": 288.0,
    "background_dn": 103.1,
    "sigma_dn": 25.77,
    "pixels": 2,
    "length_m_approx": 14.1,
    "pixel": [
     11233.0,
     17854.5
    ],
    "scene": "S1A_IW_GRDH_1SDV_20240808T225811_20240808T225840_055128_06B7CB_15AC_COG.SAFE",
    "t": "2024-08-08T22:58:11+00:00",
    "sensor": "sentinel1-vv-cfar",
    "uncertainty_m": 12.1
   }
  },
  {
   "type": "Feature",
   "geometry": {
    "type": "Point",
    "coordinates": [
     -74.88159133680946,
     36.491415779453796
    ]
   },
   "properties": {
    "confidence": 0.357,
    "snr": 7.14,
    "peak_dn": 276.0,
    "background_dn": 99.1,
    "sigma_dn": 24.78,
    "pixels": 2,
    "length_m_approx": 14.1,
    "pixel": [
     11953.0,
     17917.5
    ],
    "scene": "S1A_IW_GRDH_1SDV_20240808T225811_20240808T225840_055128_06B7CB_15AC_COG.SAFE",
    "t": "2024-08-08T22:58:11+00:00",
    "sensor": "sentinel1-vv-cfar",
    "uncertainty_m": 12.1
   }
  },
  {
   "type": "Feature",
   "geometry": {
    "type": "Point",
    "coordinates": [
     -74.9277175823618,
     36.37074346395122
    ]
   },
   "properties": {
    "confidence": 0.35,
    "snr": 7.0,
    "peak_dn": 293.0,
    "background_dn": 105.5,
    "sigma_dn": 26.78,
    "pixels": 2,
    "length_m_approx": 14.1,
    "pixel": [
     11308.0,
     16690.5
    ],
    "scene": "S1A_IW_GRDH_1SDV_20240808T225811_20240808T225840_055128_06B7CB_15AC_COG.SAFE",
    "t": "2024-08-08T22:58:11+00:00",
    "sensor": "sentinel1-vv-cfar",
    "uncertainty_m": 12.1
   }
  },
  {
   "type": "Feature",
   "geometry": {
    "type": "Point",
    "coordinates": [
     -74.85253327611329,
     36.409892442947125
    ]
   },
   "properties": {
    "confidence": 0.341,
    "snr": 6.82,
    "peak_dn": 260.0,
    "background_dn": 95.6,
    "sigma_dn": 24.12,
    "pixels": 2,
    "length_m_approx": 14.1,
    "pixel": [
     12049.0,
     16995.5
    ],
    "scene": "S1A_IW_GRDH_1SDV_20240808T225811_20240808T225840_055128_06B7CB_15AC_COG.SAFE",
    "t": "2024-08-08T22:58:11+00:00",
    "sensor": "sentinel1-vv-cfar",
    "uncertainty_m": 12.1
   }
  },
  {
   "type": "Feature",
   "geometry": {
    "type": "Point",
    "coordinates": [
     -74.89853592728787,
     36.45836995147741
    ]
   },
   "properties": {
    "confidence": 0.337,
    "snr": 6.75,
    "peak_dn": 264.0,
    "background_dn": 98.2,
    "sigma_dn": 24.57,
    "pixels": 2,
    "length_m_approx": 14.1,
    "pixel": [
     11738.5,
     17588.0
    ],
    "scene": "S1A_IW_GRDH_1SDV_20240808T225811_20240808T225840_055128_06B7CB_15AC_COG.SAFE",
    "t": "2024-08-08T22:58:11+00:00",
    "sensor": "sentinel1-vv-cfar",
    "uncertainty_m": 12.1
   }
  },
  {
   "type": "Feature",
   "geometry": {
    "type": "Point",
    "coordinates": [
     -74.87437038511716,
     36.42804680887268
    ]
   },
   "properties": {
    "confidence": 0.336,
    "snr": 6.73,
    "peak_dn": 265.0,
    "background_dn": 97.9,
    "sigma_dn": 24.84,
    "pixels": 2,
    "length_m_approx": 14.1,
    "pixel": [
     11892.0,
     17224.5
    ],
    "scene": "S1A_IW_GRDH_1SDV_20240808T225811_20240808T225840_055128_06B7CB_15AC_COG.SAFE",
    "t": "2024-08-08T22:58:11+00:00",
    "sensor": "sentinel1-vv-cfar",
    "uncertainty_m": 12.1
   }
  },
  {
   "type": "Feature",
   "geometry": {
    "type": "Point",
    "coordinates": [
     -74.89919727828203,
     36.48011551773449
    ]
   },
   "properties": {
    "confidence": 0.335,
    "snr": 6.71,
    "peak_dn": 263.0,
    "background_dn": 97.4,
    "sigma_dn": 24.69,
    "pixels": 2,
    "length_m_approx": 14.1,
    "pixel": [
     11775.5,
     17823.0
    ],
    "scene": "S1A_IW_GRDH_1SDV_20240808T225811_20240808T225840_055128_06B7CB_15AC_COG.SAFE",
    "t": "2024-08-08T22:58:11+00:00",
    "sensor": "sentinel1-vv-cfar",
    "uncertainty_m": 12.1
   }
  },
  {
   "type": "Feature",
   "geometry": {
    "type": "Point",
    "coordinates": [
     -74.99716539904905,
     36.45154945608073
    ]
   },
   "properties": {
    "confidence": 0.331,
    "snr": 6.63,
    "peak_dn": 274.0,
    "background_dn": 103.2,
    "sigma_dn": 25.77,
    "pixels": 2,
    "length_m_approx": 14.1,
    "pixel": [
     10855.0,
     17667.5
    ],
    "scene": "S1A_IW_GRDH_1SDV_20240808T225811_20240808T225840_055128_06B7CB_15AC_COG.SAFE",
    "t": "2024-08-08T22:58:11+00:00",
    "sensor": "sentinel1-vv-cfar",
    "uncertainty_m": 12.1
   }
  },
  {
   "type": "Feature",
   "geometry": {
    "type": "Point",
    "coordinates": [
     -74.92130239821937,
     36.45167142923669
    ]
   },
   "properties": {
    "confidence": 0.331,
    "snr": 6.62,
    "peak_dn": 267.0,
    "background_dn": 100.0,
    "sigma_dn": 25.22,
    "pixels": 2,
    "length_m_approx": 14.1,
    "pixel": [
     11524.5,
     17551.0
    ],
    "scene": "S1A_IW_GRDH_1SDV_20240808T225811_20240808T225840_055128_06B7CB_15AC_COG.SAFE",
    "t": "2024-08-08T22:58:11+00:00",
    "sensor": "sentinel1-vv-cfar",
    "uncertainty_m": 12.1
   }
  },
  {
   "type": "Feature",
   "geometry": {
    "type": "Point",
    "coordinates": [
     -75.01928310221601,
     36.391631042875815
    ]
   },
   "properties": {
    "confidence": 0.325,
    "snr": 6.5,
    "peak_dn": 270.0,
    "background_dn": 103.9,
    "sigma_dn": 25.56,
    "pixels": 2,
    "length_m_approx": 14.1,
    "pixel": [
     10541.0,
     17057.5
    ],
    "scene": "S1A_IW_GRDH_1SDV_20240808T225811_20240808T225840_055128_06B7CB_15AC_COG.SAFE",
    "t": "2024-08-08T22:58:11+00:00",
    "sensor": "sentinel1-vv-cfar",
    "uncertainty_m": 12.1
   }
  },
  {
   "type": "Feature",
   "geometry": {
    "type": "Point",
    "coordinates": [
     -74.92180980026069,
     36.41417851955815
    ]
   },
   "properties": {
    "confidence": 0.324,
    "snr": 6.47,
    "peak_dn": 266.0,
    "background_dn": 102.2,
    "sigma_dn": 25.31,
    "pixels": 2,
    "length_m_approx": 14.1,
    "pixel": [
     11446.0,
     17148.5
    ],
    "scene": "S1A_IW_GRDH_1SDV_20240808T225811_20240808T225840_055128_06B7CB_15AC_COG.SAFE",
    "t": "2024-08-08T22:58:11+00:00",
    "sensor": "sentinel1-vv-cfar",
    "uncertainty_m": 12.1
   }
  },
  {
   "type": "Feature",
   "geometry": {
    "type": "Point",
    "coordinates": [
     -74.87404306479203,
     36.46926351553202
    ]
   },
   "properties": {
    "confidence": 0.323,
    "snr": 6.46,
    "peak_dn": 254.0,
    "background_dn": 98.0,
    "sigma_dn": 24.15,
    "pixels": 2,
    "length_m_approx": 14.1,
    "pixel": [
     11976.0,
     17667.5
    ],
    "scene": "S1A_IW_GRDH_1SDV_20240808T225811_20240808T225840_055128_06B7CB_15AC_COG.SAFE",
    "t": "2024-08-08T22:58:11+00:00",
    "sensor": "sentinel1-vv-cfar",
    "uncertainty_m": 12.1
   }
  },
  {
   "type": "Feature",
   "geometry": {
    "type": "Point",
    "coordinates": [
     -74.93597445772517,
     36.3504884604495
    ]
   },
   "properties": {
    "confidence": 0.323,
    "snr": 6.46,
    "peak_dn": 266.0,
    "background_dn": 102.0,
    "sigma_dn": 25.39,
    "pixels": 2,
    "length_m_approx": 14.1,
    "pixel": [
     11195.0,
     16485.5
    ],
    "scene": "S1A_IW_GRDH_1SDV_20240808T225811_20240808T225840_055128_06B7CB_15AC_COG.SAFE",
    "t": "2024-08-08T22:58:11+00:00",
    "sensor": "sentinel1-vv-cfar",
    "uncertainty_m": 12.1
   }
  },
  {
   "type": "Feature",
   "geometry": {
    "type": "Point",
    "coordinates": [
     -74.98981545069134,
     36.50718794206102
    ]
   },
   "properties": {
    "confidence": 0.322,
    "snr": 6.43,
    "peak_dn": 269.0,
    "background_dn": 102.6,
    "sigma_dn": 25.86,
    "pixels": 2,
    "length_m_approx": 14.1,
    "pixel": [
     11030.0,
     18254.5
    ],
    "scene": "S1A_IW_GRDH_1SDV_20240808T225811_20240808T225840_055128_06B7CB_15AC_COG.SAFE",
    "t": "2024-08-08T22:58:11+00:00",
    "sensor": "sentinel1-vv-cfar",
    "uncertainty_m": 12.1
   }
  },
  {
   "type": "Feature",
   "geometry": {
    "type": "Point",
    "coordinates": [
     -74.9717024826678,
     36.43481645239364
    ]
   },
   "properties": {
    "confidence": 0.32,
    "snr": 6.41,
    "peak_dn": 262.0,
    "background_dn": 100.3,
    "sigma_dn": 25.24,
    "pixels": 2,
    "length_m_approx": 14.1,
    "pixel": [
     11046.5,
     17448.0
    ],
    "scene": "S1A_IW_GRDH_1SDV_20240808T225811_20240808T225840_055128_06B7CB_15AC_COG.SAFE",
    "t": "2024-08-08T22:58:11+00:00",
    "sensor": "sentinel1-vv-cfar",
    "uncertainty_m": 12.1
   }
  },
  {
   "type": "Feature",
   "geometry": {
    "type": "Point",
    "coordinates": [
     -74.85470762159234,
     36.53387408780246
    ]
   },
   "properties": {
    "confidence": 0.318,
    "snr": 6.36,
    "peak_dn": 250.0,
    "background_dn": 96.6,
    "sigma_dn": 24.14,
    "pixels": 2,
    "length_m_approx": 14.1,
    "pixel": [
     12273.5,
     18333.0
    ],
    "scene": "S1A_IW_GRDH_1SDV_20240808T225811_20240808T225840_055128_06B7CB_15AC_COG.SAFE",
    "t": "2024-08-08T22:58:11+00:00",
    "sensor": "sentinel1-vv-cfar",
    "uncertainty_m": 12.1
   }
  },
  {
   "type": "Feature",
   "geometry": {
    "type": "Point",
    "coordinates": [
     -74.89453160474835,
     36.438403851563024
    ]
   },
   "properties": {
    "confidence": 0.313,
    "snr": 6.27,
    "peak_dn": 251.0,
    "background_dn": 96.8,
    "sigma_dn": 24.6,
    "pixels": 2,
    "length_m_approx": 14.1,
    "pixel": [
     11734.5,
     17367.0
    ],
    "scene": "S1A_IW_GRDH_1SDV_20240808T225811_20240808T225840_055128_06B7CB_15AC_COG.SAFE",
    "t": "2024-08-08T22:58:11+00:00",
    "sensor": "sentinel1-vv-cfar",
    "uncertainty_m": 12.1
   }
  },
  {
   "type": "Feature",
   "geometry": {
    "type": "Point",
    "coordinates": [
     -74.63987452355312,
     36.39543877832177
    ]
   },
   "properties": {
    "confidence": 0.479,
    "snr": 9.58,
    "peak_dn": 258.0,
    "background_dn": 77.1,
    "sigma_dn": 18.89,
    "pixels": 4,
    "length_m_approx": 20.0,
    "pixel": [
     13898.5,
     16513.5
    ],
    "scene": "S1A_IW_GRDH_1SDV_20240808T225811_20240808T225840_055128_06B7CB_15AC_COG.SAFE",
    "t": "2024-08-08T22:58:11+00:00",
    "sensor": "sentinel1-vv-cfar",
    "uncertainty_m": 14.0
   }
  },
  {
   "type": "Feature",
   "geometry": {
    "type": "Point",
    "coordinates": [
     -74.73491860106928,
     36.54151997455497
    ]
   },
   "properties": {
    "confidence": 0.472,
    "snr": 9.44,
    "peak_dn": 283.0,
    "background_dn": 85.0,
    "sigma_dn": 20.99,
    "pixels": 3,
    "length_m_approx": 17.3,
    "pixel": [
     13344.3,
     18231.7
    ],
    "scene": "S1A_IW_GRDH_1SDV_20240808T225811_20240808T225840_055128_06B7CB_15AC_COG.SAFE",
    "t": "2024-08-08T22:58:11+00:00",
    "sensor": "sentinel1-vv-cfar",
    "uncertainty_m": 13.1
   }
  },
  {
   "type": "Feature",
   "geometry": {
    "type": "Point",
    "coordinates": [
     -74.80803756281136,
     36.462265905389216
    ]
   },
   "properties": {
    "confidence": 0.464,
    "snr": 9.28,
    "peak_dn": 327.0,
    "background_dn": 98.2,
    "sigma_dn": 24.67,
    "pixels": 4,
    "length_m_approx": 20.0,
    "pixel": [
     12544.5,
     17490.5
    ],
    "scene": "S1A_IW_GRDH_1SDV_20240808T225811_20240808T225840_055128_06B7CB_15AC_COG.SAFE",
    "t": "2024-08-08T22:58:11+00:00",
    "sensor": "sentinel1-vv-cfar",
    "uncertainty_m": 14.0
   }
  },
  {
   "type": "Feature",
   "geometry": {
    "type": "Point",
    "coordinates": [
     -74.76282484511296,
     36.508842702177674
    ]
   },
   "properties": {
    "confidence": 0.42,
    "snr": 8.4,
    "peak_dn": 285.0,
    "background_dn": 92.7,
    "sigma_dn": 22.9,
    "pixels": 4,
    "length_m_approx": 20.0,
    "pixel": [
     13034.5,
     17922.5
    ],
    "scene": "S1A_IW_GRDH_1SDV_20240808T225811_20240808T225840_055128_06B7CB_15AC_COG.SAFE",
    "t": "2024-08-08T22:58:11+00:00",
    "sensor": "sentinel1-vv-cfar",
    "uncertainty_m": 14.0
   }
  },
  {
   "type": "Feature",
   "geometry": {
    "type": "Point",
    "coordinates": [
     -74.63184414117471,
     36.40690294696309
    ]
   },
   "properties": {
    "confidence": 0.417,
    "snr": 8.34,
    "peak_dn": 238.0,
    "background_dn": 76.8,
    "sigma_dn": 19.33,
    "pixels": 3,
    "length_m_approx": 17.3,
    "pixel": [
     13991.7,
     16624.7
    ],
    "scene": "S1A_IW_GRDH_1SDV_20240808T225811_20240808T225840_055128_06B7CB_15AC_COG.SAFE",
    "t": "2024-08-08T22:58:11+00:00",
    "sensor": "sentinel1-vv-cfar",
    "uncertainty_m": 13.1
   }
  },
  {
   "type": "Feature",
   "geometry": {
    "type": "Point",
    "coordinates": [
     -74.76520840345091,
     36.438794941645156
    ]
   },
   "properties": {
    "confidence": 0.4,
    "snr": 7.99,
    "peak_dn": 286.0,
    "background_dn": 95.2,
    "sigma_dn": 23.88,
    "pixels": 2,
    "length_m_approx": 14.1,
    "pixel": [
     12876.5,
     17172.0
    ],
    "scene": "S1A_IW_GRDH_1SDV_20240808T225811_20240808T225840_055128_06B7CB_15AC_COG.SAFE",
    "t": "2024-08-08T22:58:11+00:00",
    "sensor": "sentinel1-vv-cfar",
    "uncertainty_m": 12.1
   }
  },
  {
   "type": "Feature",
   "geometry": {
    "type": "Point",
    "coordinates": [
     -74.81865598415084,
     36.44874129592586
    ]
   },
   "properties": {
    "confidence": 0.388,
    "snr": 7.76,
    "peak_dn": 282.0,
    "background_dn": 96.3,
    "sigma_dn": 23.93,
    "pixels": 3,
    "length_m_approx": 17.3,
    "pixel": [
     12424.3,
     17361.3
    ],
    "scene": "S1A_IW_GRDH_1SDV_20240808T225811_20240808T225840_055128_06B7CB_15AC_COG.SAFE",
    "t": "2024-08-08T22:58:11+00:00",
    "sensor": "sentinel1-vv-cfar",
    "uncertainty_m": 13.1
   }
  },
  {
   "type": "Feature",
   "geometry": {
    "type": "Point",
    "coordinates": [
     -74.72215603299078,
     36.52759678792579
    ]
   },
   "properties": {
    "confidence": 0.385,
    "snr": 7.7,
    "peak_dn": 248.0,
    "background_dn": 85.5,
    "sigma_dn": 21.11,
    "pixels": 3,
    "length_m_approx": 17.3,
    "pixel": [
     13429.7,
     18062.3
    ],
    "scene": "S1A_IW_GRDH_1SDV_20240808T225811_20240808T225840_055128_06B7CB_15AC_COG.SAFE",
    "t": "2024-08-08T22:58:11+00:00",
    "sensor": "sentinel1-vv-cfar",
    "uncertainty_m": 13.1
   }
  },
  {
   "type": "Feature",
   "geometry": {
    "type": "Point",
    "coordinates": [
     -74.69261369228221,
     36.52855582441759
    ]
   },
   "properties": {
    "confidence": 0.37,
    "snr": 7.4,
    "peak_dn": 234.0,
    "background_dn": 82.8,
    "sigma_dn": 20.43,
    "pixels": 2,
    "length_m_approx": 14.1,
    "pixel": [
     13692.0,
     18027.5
    ],
    "scene": "S1A_IW_GRDH_1SDV_20240808T225811_20240808T225840_055128_06B7CB_15AC_COG.SAFE",
    "t": "2024-08-08T22:58:11+00:00",
    "sensor": "sentinel1-vv-cfar",
    "uncertainty_m": 12.1
   }
  },
  {
   "type": "Feature",
   "geometry": {
    "type": "Point",
    "coordinates": [
     -74.72258811692369,
     36.429751756121966
    ]
   },
   "properties": {
    "confidence": 0.367,
    "snr": 7.35,
    "peak_dn": 242.0,
    "background_dn": 85.6,
    "sigma_dn": 21.28,
    "pixels": 2,
    "length_m_approx": 14.1,
    "pixel": [
     13235.0,
     17009.5
    ],
    "scene": "S1A_IW_GRDH_1SDV_20240808T225811_20240808T225840_055128_06B7CB_15AC_COG.SAFE",
    "t": "2024-08-08T22:58:11+00:00",
    "sensor": "sentinel1-vv-cfar",
    "uncertainty_m": 12.1
   }
  },
  {
   "type": "Feature",
   "geometry": {
    "type": "Point",
    "coordinates": [
     -74.79844913845426,
     36.39362139109722
    ]
   },
   "properties": {
    "confidence": 0.367,
    "snr": 7.34,
    "peak_dn": 266.0,
    "background_dn": 92.9,
    "sigma_dn": 23.6,
    "pixels": 2,
    "length_m_approx": 14.1,
    "pixel": [
     12494.5,
     16737.0
    ],
    "scene": "S1A_IW_GRDH_1SDV_20240808T225811_20240808T225840_055128_06B7CB_15AC_COG.SAFE",
    "t": "2024-08-08T22:58:11+00:00",
    "sensor": "sentinel1-vv-cfar",
    "uncertainty_m": 12.1
   }
  },
  {
   "type": "Feature",
   "geometry": {
    "type": "Point",
    "coordinates": [
     -74.81962121502133,
     36.41776580119319
    ]
   },
   "properties": {
    "confidence": 0.366,
    "snr": 7.31,
    "peak_dn": 279.0,
    "background_dn": 98.3,
    "sigma_dn": 24.72,
    "pixels": 2,
    "length_m_approx": 14.1,
    "pixel": [
     12355.0,
     17029.5
    ],
    "scene": "S1A_IW_GRDH_1SDV_20240808T225811_20240808T225840_055128_06B7CB_15AC_COG.SAFE",
    "t": "2024-08-08T22:58:11+00:00",
    "sensor": "sentinel1-vv-cfar",
    "uncertainty_m": 12.1
   }
  },
  {
   "type": "Feature",
   "geometry": {
    "type": "Point",
    "coordinates": [
     -74.79381250749414,
     36.50036912617694
    ]
   },
   "properties": {
    "confidence": 0.362,
    "snr": 7.23,
    "peak_dn": 268.0,
    "background_dn": 95.6,
    "sigma_dn": 23.83,
    "pixels": 3,
    "length_m_approx": 17.3,
    "pixel": [
     12744.7,
     17878.7
    ],
    "scene": "S1A_IW_GRDH_1SDV_20240808T225811_20240808T225840_055128_06B7CB_15AC_COG.SAFE",
    "t": "2024-08-08T22:58:11+00:00",
    "sensor": "sentinel1-vv-cfar",
    "uncertainty_m": 13.1
   }
  },
  {
   "type": "Feature",
   "geometry": {
    "type": "Point",
    "coordinates": [
     -74.72470677200258,
     36.45596987830703
    ]
   },
   "properties": {
    "confidence": 0.357,
    "snr": 7.14,
    "peak_dn": 237.0,
    "background_dn": 86.0,
    "sigma_dn": 21.14,
    "pixels": 2,
    "length_m_approx": 14.1,
    "pixel": [
     13267.5,
     17295.0
    ],
    "scene": "S1A_IW_GRDH_1SDV_20240808T225811_20240808T225840_055128_06B7CB_15AC_COG.SAFE",
    "t": "2024-08-08T22:58:11+00:00",
    "sensor": "sentinel1-vv-cfar",
    "uncertainty_m": 12.1
   }
  },
  {
   "type": "Feature",
   "geometry": {
    "type": "Point",
    "coordinates": [
     -74.80677899982216,
     36.40416689366347
    ]
   },
   "properties": {
    "confidence": 0.355,
    "snr": 7.11,
    "peak_dn": 265.0,
    "background_dn": 95.6,
    "sigma_dn": 23.82,
    "pixels": 3,
    "length_m_approx": 17.3,
    "pixel": [
     12441.7,
     16863.3
    ],
    "scene": "S1A_IW_GRDH_1SDV_20240808T225811_20240808T225840_055128_06B7CB_15AC_COG.SAFE",
    "t": "2024-08-08T22:58:11+00:00",
    "sensor": "sentinel1-vv-cfar",
    "uncertainty_m": 13.1
   }
  },
  {
   "type": "Feature",
   "geometry": {
    "type": "Point",
    "coordinates": [
     -74.7808840433393,
     36.53298751185748
    ]
   },
   "properties": {
    "confidence": 0.354,
    "snr": 7.09,
    "peak_dn": 258.0,
    "background_dn": 92.9,
    "sigma_dn": 23.3,
    "pixels": 2,
    "length_m_approx": 14.1,
    "pixel": [
     12922.5,
     18210.0
    ],
    "scene": "S1A_IW_GRDH_1SDV_20240808T225811_20240808T225840_055128_06B7CB_15AC_COG.SAFE",
    "t": "2024-08-08T22:58:11+00:00",
    "sensor": "sentinel1-vv-cfar",
    "uncertainty_m": 12.1
   }
  },
  {
   "type": "Feature",
   "geometry": {
    "type": "Point",
    "coordinates": [
     -74.78942579219773,
     36.40244135974303
    ]
   },
   "properties": {
    "confidence": 0.35,
    "snr": 7.0,
    "peak_dn": 257.0,
    "background_dn": 92.4,
    "sigma_dn": 23.5,
    "pixels": 2,
    "length_m_approx": 14.1,
    "pixel": [
     12591.5,
     16818.0
    ],
    "scene": "S1A_IW_GRDH_1SDV_20240808T225811_20240808T225840_055128_06B7CB_15AC_COG.SAFE",
    "t": "2024-08-08T22:58:11+00:00",
    "sensor": "sentinel1-vv-cfar",
    "uncertainty_m": 12.1
   }
  },
  {
   "type": "Feature",
   "geometry": {
    "type": "Point",
    "coordinates": [
     -74.66999622692221,
     36.53398951642379
    ]
   },
   "properties": {
    "confidence": 0.35,
    "snr": 6.99,
    "peak_dn": 220.0,
    "background_dn": 80.8,
    "sigma_dn": 19.9,
    "pixels": 2,
    "length_m_approx": 14.1,
    "pixel": [
     13902.0,
     18051.5
    ],
    "scene": "S1A_IW_GRDH_1SDV_20240808T225811_20240808T225840_055128_06B7CB_15AC_COG.SAFE",
    "t": "2024-08-08T22:58:11+00:00",
    "sensor": "sentinel1-vv-cfar",
    "uncertainty_m": 12.1
   }
  },
  {
   "type": "Feature",
   "geometry": {
    "type": "Point",
    "coordinates": [
     -74.64251571616131,
     36.42775200805643
    ]
   },
   "properties": {
    "confidence": 0.337,
    "snr": 6.73,
    "peak_dn": 206.0,
    "background_dn": 77.3,
    "sigma_dn": 19.12,
    "pixels": 2,
    "length_m_approx": 14.1,
    "pixel": [
     13938.0,
     16865.5
    ],
    "scene": "S1A_IW_GRDH_1SDV_20240808T225811_20240808T225840_055128_06B7CB_15AC_COG.SAFE",
    "t": "2024-08-08T22:58:11+00:00",
    "sensor": "sentinel1-vv-cfar",
    "uncertainty_m": 12.1
   }
  },
  {
   "type": "Feature",
   "geometry": {
    "type": "Point",
    "coordinates": [
     -74.64281406536989,
     36.51147052587796
    ]
   },
   "properties": {
    "confidence": 0.333,
    "snr": 6.66,
    "peak_dn": 212.0,
    "background_dn": 80.1,
    "sigma_dn": 19.8,
    "pixels": 2,
    "length_m_approx": 14.1,
    "pixel": [
     14098.0,
     17767.5
    ],
    "scene": "S1A_IW_GRDH_1SDV_20240808T225811_20240808T225840_055128_06B7CB_15AC_COG.SAFE",
    "t": "2024-08-08T22:58:11+00:00",
    "sensor": "sentinel1-vv-cfar",
    "uncertainty_m": 12.1
   }
  },
  {
   "type": "Feature",
   "geometry": {
    "type": "Point",
    "coordinates": [
     -74.80568799468837,
     36.52439055060248
    ]
   },
   "properties": {
    "confidence": 0.332,
    "snr": 6.64,
    "peak_dn": 255.0,
    "background_dn": 95.8,
    "sigma_dn": 23.99,
    "pixels": 2,
    "length_m_approx": 14.1,
    "pixel": [
     12687.0,
     18155.5
    ],
    "scene": "S1A_IW_GRDH_1SDV_20240808T225811_20240808T225840_055128_06B7CB_15AC_COG.SAFE",
    "t": "2024-08-08T22:58:11+00:00",
    "sensor": "sentinel1-vv-cfar",
    "uncertainty_m": 12.1
   }
  },
  {
   "type": "Feature",
   "geometry": {
    "type": "Point",
    "coordinates": [
     -74.64759422465656,
     36.47121915160526
    ]
   },
   "properties": {
    "confidence": 0.324,
    "snr": 6.47,
    "peak_dn": 213.0,
    "background_dn": 81.4,
    "sigma_dn": 20.33,
    "pixels": 3,
    "length_m_approx": 17.3,
    "pixel": [
     13977.7,
     17341.3
    ],
    "scene": "S1A_IW_GRDH_1SDV_20240808T225811_20240808T225840_055128_06B7CB_15AC_COG.SAFE",
    "t": "2024-08-08T22:58:11+00:00",
    "sensor": "sentinel1-vv-cfar",
    "uncertainty_m": 13.1
   }
  },
  {
   "type": "Feature",
   "geometry": {
    "type": "Point",
    "coordinates": [
     -74.687948383554,
     36.526428226091134
    ]
   },
   "properties": {
    "confidence": 0.323,
    "snr": 6.46,
    "peak_dn": 213.0,
    "background_dn": 82.5,
    "sigma_dn": 20.21,
    "pixels": 2,
    "length_m_approx": 14.1,
    "pixel": [
     13729.0,
     17997.5
    ],
    "scene": "S1A_IW_GRDH_1SDV_20240808T225811_20240808T225840_055128_06B7CB_15AC_COG.SAFE",
    "t": "2024-08-08T22:58:11+00:00",
    "sensor": "sentinel1-vv-cfar",
    "uncertainty_m": 12.1
   }
  },
  {
   "type": "Feature",
   "geometry": {
    "type": "Point",
    "coordinates": [
     -74.65607217207707,
     36.393692970297096
    ]
   },
   "properties": {
    "confidence": 0.322,
    "snr": 6.43,
    "peak_dn": 205.0,
    "background_dn": 78.5,
    "sigma_dn": 19.66,
    "pixels": 2,
    "length_m_approx": 14.1,
    "pixel": [
     13752.0,
     16519.5
    ],
    "scene": "S1A_IW_GRDH_1SDV_20240808T225811_20240808T225840_055128_06B7CB_15AC_COG.SAFE",
    "t": "2024-08-08T22:58:11+00:00",
    "sensor": "sentinel1-vv-cfar",
    "uncertainty_m": 12.1
   }
  },
  {
   "type": "Feature",
   "geometry": {
    "type": "Point",
    "coordinates": [
     -74.74412258423835,
     36.5531989006184
    ]
   },
   "properties": {
    "confidence": 0.303,
    "snr": 6.07,
    "peak_dn": 223.0,
    "background_dn": 88.8,
    "sigma_dn": 22.11,
    "pixels": 2,
    "length_m_approx": 14.1,
    "pixel": [
     13286.0,
     18371.5
    ],
    "scene": "S1A_IW_GRDH_1SDV_20240808T225811_20240808T225840_055128_06B7CB_15AC_COG.SAFE",
    "t": "2024-08-08T22:58:11+00:00",
    "sensor": "sentinel1-vv-cfar",
    "uncertainty_m": 12.1
   }
  },
  {
   "type": "Feature",
   "geometry": {
    "type": "Point",
    "coordinates": [
     -74.58496247019754,
     36.477764580086486
    ]
   },
   "properties": {
    "confidence": 0.472,
    "snr": 9.45,
    "peak_dn": 248.0,
    "background_dn": 74.9,
    "sigma_dn": 18.32,
    "pixels": 4,
    "length_m_approx": 20.0,
    "pixel": [
     14543.0,
     17316.7
    ],
    "scene": "S1A_IW_GRDH_1SDV_20240808T225811_20240808T225840_055128_06B7CB_15AC_COG.SAFE",
    "t": "2024-08-08T22:58:11+00:00",
    "sensor": "sentinel1-vv-cfar",
    "uncertainty_m": 14.0
   }
  },
  {
   "type": "Feature",
   "geometry": {
    "type": "Point",
    "coordinates": [
     -74.49328391503505,
     36.53318110490085
    ]
   },
   "properties": {
    "confidence": 0.432,
    "snr": 8.63,
    "peak_dn": 242.0,
    "background_dn": 77.6,
    "sigma_dn": 19.03,
    "pixels": 4,
    "length_m_approx": 20.0,
    "pixel": [
     15458.8,
     17775.0
    ],
    "scene": "S1A_IW_GRDH_1SDV_20240808T225811_20240808T225840_055128_06B7CB_15AC_COG.SAFE",
    "t": "2024-08-08T22:58:11+00:00",
    "sensor": "sentinel1-vv-cfar",
    "uncertainty_m": 14.0
   }
  },
  {
   "type": "Feature",
   "geometry": {
    "type": "Point",
    "coordinates": [
     -74.47837112280986,
     36.493510119325855
    ]
   },
   "properties": {
    "confidence": 0.427,
    "snr": 8.54,
    "peak_dn": 246.0,
    "background_dn": 78.5,
    "sigma_dn": 19.61,
    "pixels": 3,
    "length_m_approx": 17.3,
    "pixel": [
     15514.0,
     17325.0
    ],
    "scene": "S1A_IW_GRDH_1SDV_20240808T225811_20240808T225840_055128_06B7CB_15AC_COG.SAFE",
    "t": "2024-08-08T22:58:11+00:00",
    "sensor": "sentinel1-vv-cfar",
    "uncertainty_m": 13.1
   }
  },
  {
   "type": "Feature",
   "geometry": {
    "type": "Point",
    "coordinates": [
     -74.43970771243315,
     36.59143644580534
    ]
   },
   "properties": {
    "confidence": 0.422,
    "snr": 8.44,
    "peak_dn": 229.0,
    "background_dn": 73.8,
    "sigma_dn": 18.4,
    "pixels": 2,
    "length_m_approx": 14.1,
    "pixel": [
     16043.0,
     18322.5
    ],
    "scene": "S1A_IW_GRDH_1SDV_20240808T225811_20240808T225840_055128_06B7CB_15AC_COG.SAFE",
    "t": "2024-08-08T22:58:11+00:00",
    "sensor": "sentinel1-vv-cfar",
    "uncertainty_m": 12.1
   }
  },
  {
   "type": "Feature",
   "geometry": {
    "type": "Point",
    "coordinates": [
     -74.53719257894689,
     36.48344158827551
    ]
   },
   "properties": {
    "confidence": 0.416,
    "snr": 8.33,
    "peak_dn": 234.0,
    "background_dn": 75.3,
    "sigma_dn": 19.06,
    "pixels": 4,
    "length_m_approx": 20.0,
    "pixel": [
     14975.5,
     17305.5
    ],
    "scene": "S1A_IW_GRDH_1SDV_20240808T225811_20240808T225840_055128_06B7CB_15AC_COG.SAFE",
    "t": "2024-08-08T22:58:11+00:00",
    "sensor": "sentinel1-vv-cfar",
    "uncertainty_m": 14.0
   }
  },
  {
   "type": "Feature",
   "geometry": {
    "type": "Point",
    "coordinates": [
     -74.44072857461106,
     36.514965397431084
    ]
   },
   "properties": {
    "confidence": 0.413,
    "snr": 8.26,
    "peak_dn": 229.0,
    "background_dn": 74.0,
    "sigma_dn": 18.77,
    "pixels": 3,
    "length_m_approx": 17.3,
    "pixel": [
     15887.3,
     17499.7
    ],
    "scene": "S1A_IW_GRDH_1SDV_20240808T225811_20240808T225840_055128_06B7CB_15AC_COG.SAFE",
    "t": "2024-08-08T22:58:11+00:00",
    "sensor": "sentinel1-vv-cfar",
    "uncertainty_m": 13.1
   }
  },
  {
   "type": "Feature",
   "geometry": {
    "type": "Point",
    "coordinates": [
     -74.55488807072463,
     36.5580858560116
    ]
   },
   "properties": {
    "confidence": 0.379,
    "snr": 7.57,
    "peak_dn": 202.0,
    "background_dn": 71.2,
    "sigma_dn": 17.28,
    "pixels": 4,
    "length_m_approx": 20.0,
    "pixel": [
     14963.5,
     18136.5
    ],
    "scene": "S1A_IW_GRDH_1SDV_20240808T225811_20240808T225840_055128_06B7CB_15AC_COG.SAFE",
    "t": "2024-08-08T22:58:11+00:00",
    "sensor": "sentinel1-vv-cfar",
    "uncertainty_m": 14.0
   }
  },
  {
   "type": "Feature",
   "geometry": {
    "type": "Point",
    "coordinates": [
     -74.56441146348334,
     36.515350370861555
    ]
   },
   "properties": {
    "confidence": 0.354,
    "snr": 7.08,
    "peak_dn": 201.0,
    "background_dn": 73.0,
    "sigma_dn": 18.08,
    "pixels": 2,
    "length_m_approx": 14.1,
    "pixel": [
     14797.0,
     17690.5
    ],
    "scene": "S1A_IW_GRDH_1SDV_20240808T225811_20240808T225840_055128_06B7CB_15AC_COG.SAFE",
    "t": "2024-08-08T22:58:11+00:00",
    "sensor": "sentinel1-vv-cfar",
    "uncertainty_m": 12.1
   }
  },
  {
   "type": "Feature",
   "geometry": {
    "type": "Point",
    "coordinates": [
     -74.44303888060693,
     36.510822346131945
    ]
   },
   "properties": {
    "confidence": 0.352,
    "snr": 7.04,
    "peak_dn": 214.0,
    "background_dn": 76.7,
    "sigma_dn": 19.51,
    "pixels": 2,
    "length_m_approx": 14.1,
    "pixel": [
     15859.0,
     17458.5
    ],
    "scene": "S1A_IW_GRDH_1SDV_20240808T225811_20240808T225840_055128_06B7CB_15AC_COG.SAFE",
    "t": "2024-08-08T22:58:11+00:00",
    "sensor": "sentinel1-vv-cfar",
    "uncertainty_m": 12.1
   }
  },
  {
   "type": "Feature",
   "geometry": {
    "type": "Point",
    "coordinates": [
     -74.53162645208333,
     36.50176612270275
    ]
   },
   "properties": {
    "confidence": 0.351,
    "snr": 7.01,
    "peak_dn": 216.0,
    "background_dn": 77.9,
    "sigma_dn": 19.69,
    "pixels": 2,
    "length_m_approx": 14.1,
    "pixel": [
     15060.0,
     17494.5
    ],
    "scene": "S1A_IW_GRDH_1SDV_20240808T225811_20240808T225840_055128_06B7CB_15AC_COG.SAFE",
    "t": "2024-08-08T22:58:11+00:00",
    "sensor": "sentinel1-vv-cfar",
    "uncertainty_m": 12.1
   }
  },
  {
   "type": "Feature",
   "geometry": {
    "type": "Point",
    "coordinates": [
     -74.41596334870654,
     36.46473405431858
    ]
   },
   "properties": {
    "confidence": 0.347,
    "snr": 6.94,
    "peak_dn": 227.0,
    "background_dn": 83.1,
    "sigma_dn": 20.73,
    "pixels": 2,
    "length_m_approx": 14.1,
    "pixel": [
     16009.5,
     16921.0
    ],
    "scene": "S1A_IW_GRDH_1SDV_20240808T225811_20240808T225840_055128_06B7CB_15AC_COG.SAFE",
    "t": "2024-08-08T22:58:11+00:00",
    "sensor": "sentinel1-vv-cfar",
    "uncertainty_m": 12.1
   }
  },
  {
   "type": "Feature",
   "geometry": {
    "type": "Point",
    "coordinates": [
     -74.53441318984369,
     36.48109560725285
    ]
   },
   "properties": {
    "confidence": 0.346,
    "snr": 6.93,
    "peak_dn": 203.0,
    "background_dn": 74.7,
    "sigma_dn": 18.52,
    "pixels": 2,
    "length_m_approx": 14.1,
    "pixel": [
     14995.5,
     17276.0
    ],
    "scene": "S1A_IW_GRDH_1SDV_20240808T225811_20240808T225840_055128_06B7CB_15AC_COG.SAFE",
    "t": "2024-08-08T22:58:11+00:00",
    "sensor": "sentinel1-vv-cfar",
    "uncertainty_m": 12.1
   }
  },
  {
   "type": "Feature",
   "geometry": {
    "type": "Point",
    "coordinates": [
     -74.60076808631302,
     36.5263724655251
    ]
   },
   "properties": {
    "confidence": 0.322,
    "snr": 6.45,
    "peak_dn": 197.0,
    "background_dn": 76.2,
    "sigma_dn": 18.73,
    "pixels": 3,
    "length_m_approx": 17.3,
    "pixel": [
     14497.7,
     17864.3
    ],
    "scene": "S1A_IW_GRDH_1SDV_20240808T225811_20240808T225840_055128_06B7CB_15AC_COG.SAFE",
    "t": "2024-08-08T22:58:11+00:00",
    "sensor": "sentinel1-vv-cfar",
    "uncertainty_m": 13.1
   }
  },
  {
   "type": "Feature",
   "geometry": {
    "type": "Point",
    "coordinates": [
     -74.5537100685993,
     36.43804941271607
    ]
   },
   "properties": {
    "confidence": 0.321,
    "snr": 6.43,
    "peak_dn": 197.0,
    "background_dn": 74.8,
    "sigma_dn": 19.01,
    "pixels": 2,
    "length_m_approx": 14.1,
    "pixel": [
     14742.0,
     16841.5
    ],
    "scene": "S1A_IW_GRDH_1SDV_20240808T225811_20240808T225840_055128_06B7CB_15AC_COG.SAFE",
    "t": "2024-08-08T22:58:11+00:00",
    "sensor": "sentinel1-vv-cfar",
    "uncertainty_m": 12.1
   }
  },
  {
   "type": "Feature",
   "geometry": {
    "type": "Point",
    "coordinates": [
     -74.34596652966233,
     36.57486230971776
    ]
   },
   "properties": {
    "confidence": 0.413,
    "snr": 8.26,
    "peak_dn": 293.0,
    "background_dn": 92.1,
    "sigma_dn": 24.34,
    "pixels": 3,
    "length_m_approx": 17.3,
    "pixel": [
     16837.7,
     18003.3
    ],
    "scene": "S1A_IW_GRDH_1SDV_20240808T225811_20240808T225840_055128_06B7CB_15AC_COG.SAFE",
    "t": "2024-08-08T22:58:11+00:00",
    "sensor": "sentinel1-vv-cfar",
    "uncertainty_m": 13.1
   }
  },
  {
   "type": "Feature",
   "geometry": {
    "type": "Point",
    "coordinates": [
     -74.3185801008965,
     36.49864434671288
    ]
   },
   "properties": {
    "confidence": 0.363,
    "snr": 7.26,
    "peak_dn": 219.0,
    "background_dn": 79.3,
    "sigma_dn": 19.24,
    "pixels": 2,
    "length_m_approx": 14.1,
    "pixel": [
     16934.0,
     17140.5
    ],
    "scene": "S1A_IW_GRDH_1SDV_20240808T225811_20240808T225840_055128_06B7CB_15AC_COG.SAFE",
    "t": "2024-08-08T22:58:11+00:00",
    "sensor": "sentinel1-vv-cfar",
    "uncertainty_m": 12.1
   }
  },
  {
   "type": "Feature",
   "geometry": {
    "type": "Point",
    "coordinates": [
     -74.23207399180393,
     36.614426013433004
    ]
   },
   "properties": {
    "confidence": 0.347,
    "snr": 6.94,
    "peak_dn": 218.0,
    "background_dn": 81.3,
    "sigma_dn": 19.72,
    "pixels": 2,
    "length_m_approx": 14.1,
    "pixel": [
     17917.0,
     18260.5
    ],
    "scene": "S1A_IW_GRDH_1SDV_20240808T225811_20240808T225840_055128_06B7CB_15AC_COG.SAFE",
    "t": "2024-08-08T22:58:11+00:00",
    "sensor": "sentinel1-vv-cfar",
    "uncertainty_m": 12.1
   }
  },
  {
   "type": "Feature",
   "geometry": {
    "type": "Point",
    "coordinates": [
     -74.36844648410741,
     36.57843499619689
    ]
   },
   "properties": {
    "confidence": 0.335,
    "snr": 6.7,
    "peak_dn": 200.0,
    "background_dn": 75.9,
    "sigma_dn": 18.53,
    "pixels": 3,
    "length_m_approx": 17.3,
    "pixel": [
     16646.3,
     18075.3
    ],
    "scene": "S1A_IW_GRDH_1SDV_20240808T225811_20240808T225840_055128_06B7CB_15AC_COG.SAFE",
    "t": "2024-08-08T22:58:11+00:00",
    "sensor": "sentinel1-vv-cfar",
    "uncertainty_m": 13.1
   }
  },
  {
   "type": "Feature",
   "geometry": {
    "type": "Point",
    "coordinates": [
     -74.36109111389413,
     36.4234605427711
    ]
   },
   "properties": {
    "confidence": 0.333,
    "snr": 6.67,
    "peak_dn": 215.0,
    "background_dn": 81.3,
    "sigma_dn": 20.05,
    "pixels": 2,
    "length_m_approx": 14.1,
    "pixel": [
     16415.0,
     16393.5
    ],
    "scene": "S1A_IW_GRDH_1SDV_20240808T225811_20240808T225840_055128_06B7CB_15AC_COG.SAFE",
    "t": "2024-08-08T22:58:11+00:00",
    "sensor": "sentinel1-vv-cfar",
    "uncertainty_m": 12.1
   }
  },
  {
   "type": "Feature",
   "geometry": {
    "type": "Point",
    "coordinates": [
     -74.20851963826372,
     36.62705515064942
    ]
   },
   "properties": {
    "confidence": 0.324,
    "snr": 6.48,
    "peak_dn": 212.0,
    "background_dn": 81.6,
    "sigma_dn": 20.13,
    "pixels": 2,
    "length_m_approx": 14.1,
    "pixel": [
     18148.5,
     18362.0
    ],
    "scene": "S1A_IW_GRDH_1SDV_20240808T225811_20240808T225840_055128_06B7CB_15AC_COG.SAFE",
    "t": "2024-08-08T22:58:11+00:00",
    "sensor": "sentinel1-vv-cfar",
    "uncertainty_m": 12.1
   }
  },
  {
   "type": "Feature",
   "geometry": {
    "type": "Point",
    "coordinates": [
     -74.06833647724119,
     36.554457692972754
    ]
   },
   "properties": {
    "confidence": 0.342,
    "snr": 6.85,
    "peak_dn": 211.0,
    "background_dn": 78.3,
    "sigma_dn": 19.37,
    "pixels": 2,
    "length_m_approx": 14.1,
    "pixel": [
     19248.0,
     17371.5
    ],
    "scene": "S1A_IW_GRDH_1SDV_20240808T225811_20240808T225840_055128_06B7CB_15AC_COG.SAFE",
    "t": "2024-08-08T22:58:11+00:00",
    "sensor": "sentinel1-vv-cfar",
    "uncertainty_m": 12.1
   }
  },
  {
   "type": "Feature",
   "geometry": {
    "type": "Point",
    "coordinates": [
     -74.01050762896867,
     36.50169298077333
    ]
   },
   "properties": {
    "confidence": 0.34,
    "snr": 6.81,
    "peak_dn": 220.0,
    "background_dn": 80.8,
    "sigma_dn": 20.44,
    "pixels": 2,
    "length_m_approx": 14.1,
    "pixel": [
     19659.5,
     16717.0
    ],
    "scene": "S1A_IW_GRDH_1SDV_20240808T225811_20240808T225840_055128_06B7CB_15AC_COG.SAFE",
    "t": "2024-08-08T22:58:11+00:00",
    "sensor": "sentinel1-vv-cfar",
    "uncertainty_m": 12.1
   }
  },
  {
   "type": "Feature",
   "geometry": {
    "type": "Point",
    "coordinates": [
     -74.0764622947257,
     36.58118869924906
    ]
   },
   "properties": {
    "confidence": 0.339,
    "snr": 6.77,
    "peak_dn": 215.0,
    "background_dn": 79.9,
    "sigma_dn": 19.94,
    "pixels": 2,
    "length_m_approx": 14.1,
    "pixel": [
     19226.5,
     17672.0
    ],
    "scene": "S1A_IW_GRDH_1SDV_20240808T225811_20240808T225840_055128_06B7CB_15AC_COG.SAFE",
    "t": "2024-08-08T22:58:11+00:00",
    "sensor": "sentinel1-vv-cfar",
    "uncertainty_m": 12.1
   }
  },
  {
   "type": "Feature",
   "geometry": {
    "type": "Point",
    "coordinates": [
     -74.03268629354734,
     36.52188152863971
    ]
   },
   "properties": {
    "confidence": 0.329,
    "snr": 6.58,
    "peak_dn": 213.0,
    "background_dn": 80.4,
    "sigma_dn": 20.14,
    "pixels": 2,
    "length_m_approx": 14.1,
    "pixel": [
     19501.5,
     16967.5
    ],
    "scene": "S1A_IW_GRDH_1SDV_20240808T225811_20240808T225840_055128_06B7CB_15AC_COG.SAFE",
    "t": "2024-08-08T22:58:11+00:00",
    "sensor": "sentinel1-vv-cfar",
    "uncertainty_m": 12.1
   }
  },
  {
   "type": "Feature",
   "geometry": {
    "type": "Point",
    "coordinates": [
     -73.9262648576234,
     36.507349031149445
    ]
   },
   "properties": {
    "confidence": 0.311,
    "snr": 6.23,
    "peak_dn": 213.0,
    "background_dn": 84.4,
    "sigma_dn": 20.66,
    "pixels": 2,
    "length_m_approx": 14.1,
    "pixel": [
     20414.0,
     16654.5
    ],
    "scene": "S1A_IW_GRDH_1SDV_20240808T225811_20240808T225840_055128_06B7CB_15AC_COG.SAFE",
    "t": "2024-08-08T22:58:11+00:00",
    "sensor": "sentinel1-vv-cfar",
    "uncertainty_m": 12.1
   }
  },
  {
   "type": "Feature",
   "geometry": {
    "type": "Point",
    "coordinates": [
     -73.87297167606022,
     36.57756768165265
    ]
   },
   "properties": {
    "confidence": 0.355,
    "snr": 7.1,
    "peak_dn": 193.0,
    "background_dn": 71.3,
    "sigma_dn": 17.14,
    "pixels": 2,
    "length_m_approx": 14.1,
    "pixel": [
     21015.0,
     17335.5
    ],
    "scene": "S1A_IW_GRDH_1SDV_20240808T225811_20240808T225840_055128_06B7CB_15AC_COG.SAFE",
    "t": "2024-08-08T22:58:11+00:00",
    "sensor": "sentinel1-vv-cfar",
    "uncertainty_m": 12.1
   }
  },
  {
   "type": "Feature",
   "geometry": {
    "type": "Point",
    "coordinates": [
     -73.83005706743273,
     36.57232258214699
    ]
   },
   "properties": {
    "confidence": 0.312,
    "snr": 6.24,
    "peak_dn": 184.0,
    "background_dn": 72.8,
    "sigma_dn": 17.83,
    "pixels": 2,
    "length_m_approx": 14.1,
    "pixel": [
     21384.0,
     17216.5
    ],
    "scene": "S1A_IW_GRDH_1SDV_20240808T225811_20240808T225840_055128_06B7CB_15AC_COG.SAFE",
    "t": "2024-08-08T22:58:11+00:00",
    "sensor": "sentinel1-vv-cfar",
    "uncertainty_m": 12.1
   }
  },
  {
   "type": "Feature",
   "geometry": {
    "type": "Point",
    "coordinates": [
     -73.52514738772484,
     36.66761549436883
    ]
   },
   "properties": {
    "confidence": 0.95,
    "snr": 168.21,
    "peak_dn": 3722.0,
    "background_dn": 73.8,
    "sigma_dn": 21.69,
    "pixels": 275,
    "length_m_approx": 165.8,
    "pixel": [
     24248.7,
     17809.0
    ],
    "scene": "S1A_IW_GRDH_1SDV_20240808T225811_20240808T225840_055128_06B7CB_15AC_COG.SAFE",
    "t": "2024-08-08T22:58:11+00:00",
    "sensor": "sentinel1-vv-cfar",
    "uncertainty_m": 83.5
   }
  },
  {
   "type": "Feature",
   "geometry": {
    "type": "Point",
    "coordinates": [
     -73.52658543506409,
     36.66816628718092
    ]
   },
   "properties": {
    "confidence": 0.526,
    "snr": 10.53,
    "peak_dn": 354.0,
    "background_dn": 74.7,
    "sigma_dn": 26.53,
    "pixels": 3,
    "length_m_approx": 17.3,
    "pixel": [
     24237.0,
     17817.0
    ],
    "scene": "S1A_IW_GRDH_1SDV_20240808T225811_20240808T225840_055128_06B7CB_15AC_COG.SAFE",
    "t": "2024-08-08T22:58:11+00:00",
    "sensor": "sentinel1-vv-cfar",
    "uncertainty_m": 13.1
   }
  },
  {
   "type": "Feature",
   "geometry": {
    "type": "Point",
    "coordinates": [
     -73.52587841726087,
     36.66724232525986
    ]
   },
   "properties": {
    "confidence": 0.472,
    "snr": 9.43,
    "peak_dn": 251.0,
    "background_dn": 73.6,
    "sigma_dn": 18.81,
    "pixels": 2,
    "length_m_approx": 14.1,
    "pixel": [
     24241.6,
     17806.0
    ],
    "scene": "S1A_IW_GRDH_1SDV_20240808T225811_20240808T225840_055128_06B7CB_15AC_COG.SAFE",
    "t": "2024-08-08T22:58:11+00:00",
    "sensor": "sentinel1-vv-cfar",
    "uncertainty_m": 12.1
   }
  },
  {
   "type": "Feature",
   "geometry": {
    "type": "Point",
    "coordinates": [
     -73.57195484687868,
     36.6146676294864
    ]
   },
   "properties": {
    "confidence": 0.468,
    "snr": 9.36,
    "peak_dn": 227.0,
    "background_dn": 69.0,
    "sigma_dn": 16.88,
    "pixels": 6,
    "length_m_approx": 24.5,
    "pixel": [
     23739.5,
     17303.0
    ],
    "scene": "S1A_IW_GRDH_1SDV_20240808T225811_20240808T225840_055128_06B7CB_15AC_COG.SAFE",
    "t": "2024-08-08T22:58:11+00:00",
    "sensor": "sentinel1-vv-cfar",
    "uncertainty_m": 15.7
   }
  },
  {
   "type": "Feature",
   "geometry": {
    "type": "Point",
    "coordinates": [
     -73.60875505645588,
     36.68308028300259
    ]
   },
   "properties": {
    "confidence": 0.424,
    "snr": 8.47,
    "peak_dn": 266.0,
    "background_dn": 72.9,
    "sigma_dn": 22.79,
    "pixels": 4,
    "length_m_approx": 20.0,
    "pixel": [
     23539.5,
     18095.5
    ],
    "scene": "S1A_IW_GRDH_1SDV_20240808T225811_20240808T225840_055128_06B7CB_15AC_COG.SAFE",
    "t": "2024-08-08T22:58:11+00:00",
    "sensor": "sentinel1-vv-cfar",
    "uncertainty_m": 14.0
   }
  },
  {
   "type": "Feature",
   "geometry": {
    "type": "Point",
    "coordinates": [
     -73.52619217449231,
     36.63833532626504
    ]
   },
   "properties": {
    "confidence": 0.404,
    "snr": 8.09,
    "peak_dn": 210.0,
    "background_dn": 71.1,
    "sigma_dn": 17.17,
    "pixels": 3,
    "length_m_approx": 17.3,
    "pixel": [
     24186.3,
     17493.7
    ],
    "scene": "S1A_IW_GRDH_1SDV_20240808T225811_20240808T225840_055128_06B7CB_15AC_COG.SAFE",
    "t": "2024-08-08T22:58:11+00:00",
    "sensor": "sentinel1-vv-cfar",
    "uncertainty_m": 13.1
   }
  },
  {
   "type": "Feature",
   "geometry": {
    "type": "Point",
    "coordinates": [
     -73.6082053876841,
     36.68381014742872
    ]
   },
   "properties": {
    "confidence": 0.397,
    "snr": 7.95,
    "peak_dn": 242.0,
    "background_dn": 72.7,
    "sigma_dn": 21.3,
    "pixels": 6,
    "length_m_approx": 24.5,
    "pixel": [
     23545.7,
     18102.7
    ],
    "scene": "S1A_IW_GRDH_1SDV_20240808T225811_20240808T225840_055128_06B7CB_15AC_COG.SAFE",
    "t": "2024-08-08T22:58:11+00:00",
    "sensor": "sentinel1-vv-cfar",
    "uncertainty_m": 15.7
   }
  },
  {
   "type": "Feature",
   "geometry": {
    "type": "Point",
    "coordinates": [
     -73.60791300862556,
     36.68434124491999
    ]
   },
   "properties": {
    "confidence": 0.368,
    "snr": 7.35,
    "peak_dn": 227.0,
    "background_dn": 73.2,
    "sigma_dn": 20.91,
    "pixels": 4,
    "length_m_approx": 20.0,
    "pixel": [
     23549.2,
     18108.0
    ],
    "scene": "S1A_IW_GRDH_1SDV_20240808T225811_20240808T225840_055128_06B7CB_15AC_COG.SAFE",
    "t": "2024-08-08T22:58:11+00:00",
    "sensor": "sentinel1-vv-cfar",
    "uncertainty_m": 14.0
   }
  },
  {
   "type": "Feature",
   "geometry": {
    "type": "Point",
    "coordinates": [
     -73.56188242251126,
     36.665038580127984
    ]
   },
   "properties": {
    "confidence": 0.364,
    "snr": 7.28,
    "peak_dn": 192.0,
    "background_dn": 68.3,
    "sigma_dn": 16.99,
    "pixels": 2,
    "length_m_approx": 14.1,
    "pixel": [
     23920.0,
     17833.5
    ],
    "scene": "S1A_IW_GRDH_1SDV_20240808T225811_20240808T225840_055128_06B7CB_15AC_COG.SAFE",
    "t": "2024-08-08T22:58:11+00:00",
    "sensor": "sentinel1-vv-cfar",
    "uncertainty_m": 12.1
   }
  },
  {
   "type": "Feature",
   "geometry": {
    "type": "Point",
    "coordinates": [
     -73.72152618757522,
     36.677157428008954
    ]
   },
   "properties": {
    "confidence": 0.351,
    "snr": 7.02,
    "peak_dn": 238.0,
    "background_dn": 85.3,
    "sigma_dn": 21.75,
    "pixels": 2,
    "length_m_approx": 14.1,
    "pixel": [
     22534.5,
     18193.0
    ],
    "scene": "S1A_IW_GRDH_1SDV_20240808T225811_20240808T225840_055128_06B7CB_15AC_COG.SAFE",
    "t": "2024-08-08T22:58:11+00:00",
    "sensor": "sentinel1-vv-cfar",
    "uncertainty_m": 12.1
   }
  },
  {
   "type": "Feature",
   "geometry": {
    "type": "Point",
    "coordinates": [
     -73.52578348309882,
     36.66702310257906
    ]
   },
   "properties": {
    "confidence": 0.348,
    "snr": 6.96,
    "peak_dn": 208.0,
    "background_dn": 73.7,
    "sigma_dn": 19.29,
    "pixels": 2,
    "length_m_approx": 14.1,
    "pixel": [
     24242.0,
     17803.5
    ],
    "scene": "S1A_IW_GRDH_1SDV_20240808T225811_20240808T225840_055128_06B7CB_15AC_COG.SAFE",
    "t": "2024-08-08T22:58:11+00:00",
    "sensor": "sentinel1-vv-cfar",
    "uncertainty_m": 12.1
   }
  },
  {
   "type": "Feature",
   "geometry": {
    "type": "Point",
    "coordinates": [
     -73.60796036444904,
     36.6850775567031
    ]
   },
   "properties": {
    "confidence": 0.346,
    "snr": 6.93,
    "peak_dn": 224.0,
    "background_dn": 74.9,
    "sigma_dn": 21.52,
    "pixels": 6,
    "length_m_approx": 24.5,
    "pixel": [
     23550.2,
     18116.0
    ],
    "scene": "S1A_IW_GRDH_1SDV_20240808T225811_20240808T225840_055128_06B7CB_15AC_COG.SAFE",
    "t": "2024-08-08T22:58:11+00:00",
    "sensor": "sentinel1-vv-cfar",
    "uncertainty_m": 15.7
   }
  },
  {
   "type": "Feature",
   "geometry": {
    "type": "Point",
    "coordinates": [
     -73.68502389106999,
     36.5461021314589
    ]
   },
   "properties": {
    "confidence": 0.309,
    "snr": 6.17,
    "peak_dn": 198.0,
    "background_dn": 79.1,
    "sigma_dn": 19.26,
    "pixels": 2,
    "length_m_approx": 14.1,
    "pixel": [
     22616.0,
     16723.5
    ],
    "scene": "S1A_IW_GRDH_1SDV_20240808T225811_20240808T225840_055128_06B7CB_15AC_COG.SAFE",
    "t": "2024-08-08T22:58:11+00:00",
    "sensor": "sentinel1-vv-cfar",
    "uncertainty_m": 12.1
   }
  },
  {
   "type": "Feature",
   "geometry": {
    "type": "Point",
    "coordinates": [
     -73.42722230986334,
     36.68497623825505
    ]
   },
   "properties": {
    "confidence": 0.354,
    "snr": 7.07,
    "peak_dn": 272.0,
    "background_dn": 85.0,
    "sigma_dn": 26.43,
    "pixels": 3,
    "length_m_approx": 17.3,
    "pixel": [
     25143.7,
     17858.3
    ],
    "scene": "S1A_IW_GRDH_1SDV_20240808T225811_20240808T225840_055128_06B7CB_15AC_COG.SAFE",
    "t": "2024-08-08T22:58:11+00:00",
    "sensor": "sentinel1-vv-cfar",
    "uncertainty_m": 13.1
   }
  },
  {
   "type": "Feature",
   "geometry": {
    "type": "Point",
    "coordinates": [
     -75.36000389259463,
     36.55667644331204
    ]
   },
   "properties": {
    "confidence": 0.345,
    "snr": 6.9,
    "peak_dn": 309.0,
    "background_dn": 115.1,
    "sigma_dn": 28.09,
    "pixels": 2,
    "length_m_approx": 14.1,
    "pixel": [
     7868.0,
     19365.5
    ],
    "scene": "S1A_IW_GRDH_1SDV_20240808T225811_20240808T225840_055128_06B7CB_15AC_COG.SAFE",
    "t": "2024-08-08T22:58:11+00:00",
    "sensor": "sentinel1-vv-cfar",
    "uncertainty_m": 12.1
   }
  },
  {
   "type": "Feature",
   "geometry": {
    "type": "Point",
    "coordinates": [
     -75.12047278283995,
     36.57493485605706
    ]
   },
   "properties": {
    "confidence": 0.316,
    "snr": 6.33,
    "peak_dn": 274.0,
    "background_dn": 105.9,
    "sigma_dn": 26.56,
    "pixels": 2,
    "length_m_approx": 14.1,
    "pixel": [
     10013.5,
     19186.0
    ],
    "scene": "S1A_IW_GRDH_1SDV_20240808T225811_20240808T225840_055128_06B7CB_15AC_COG.SAFE",
    "t": "2024-08-08T22:58:11+00:00",
    "sensor": "sentinel1-vv-cfar",
    "uncertainty_m": 12.1
   }
  },
  {
   "type": "Feature",
   "geometry": {
    "type": "Point",
    "coordinates": [
     -75.04640046957377,
     36.52210110836359
    ]
   },
   "properties": {
    "confidence": 0.64,
    "snr": 12.81,
    "peak_dn": 430.0,
    "background_dn": 104.6,
    "sigma_dn": 25.41,
    "pixels": 9,
    "length_m_approx": 30.0,
    "pixel": [
     10560.9,
     18502.7
    ],
    "scene": "S1A_IW_GRDH_1SDV_20240808T225811_20240808T225840_055128_06B7CB_15AC_COG.SAFE",
    "t": "2024-08-08T22:58:11+00:00",
    "sensor": "sentinel1-vv-cfar",
    "uncertainty_m": 17.9
   }
  },
  {
   "type": "Feature",
   "geometry": {
    "type": "Point",
    "coordinates": [
     -74.92003223610892,
     36.61546816329911
    ]
   },
   "properties": {
    "confidence": 0.487,
    "snr": 9.75,
    "peak_dn": 339.0,
    "background_dn": 99.2,
    "sigma_dn": 24.6,
    "pixels": 4,
    "length_m_approx": 20.0,
    "pixel": [
     11858.5,
     19311.5
    ],
    "scene": "S1A_IW_GRDH_1SDV_20240808T225811_20240808T225840_055128_06B7CB_15AC_COG.SAFE",
    "t": "2024-08-08T22:58:11+00:00",
    "sensor": "sentinel1-vv-cfar",
    "uncertainty_m": 14.0
   }
  },
  {
   "type": "Feature",
   "geometry": {
    "type": "Point",
    "coordinates": [
     -75.0657933858476,
     36.5452368574732
    ]
   },
   "properties": {
    "confidence": 0.442,
    "snr": 8.85,
    "peak_dn": 333.0,
    "background_dn": 102.5,
    "sigma_dn": 26.06,
    "pixels": 2,
    "length_m_approx": 14.1,
    "pixel": [
     10436.0,
     18781.5
    ],
    "scene": "S1A_IW_GRDH_1SDV_20240808T225811_20240808T225840_055128_06B7CB_15AC_COG.SAFE",
    "t": "2024-08-08T22:58:11+00:00",
    "sensor": "sentinel1-vv-cfar",
    "uncertainty_m": 12.1
   }
  },
  {
   "type": "Feature",
   "geometry": {
    "type": "Point",
    "coordinates": [
     -74.98525238356696,
     36.56686721081961
    ]
   },
   "properties": {
    "confidence": 0.428,
    "snr": 8.56,
    "peak_dn": 321.0,
    "background_dn": 102.3,
    "sigma_dn": 25.57,
    "pixels": 3,
    "length_m_approx": 17.3,
    "pixel": [
     11188.3,
     18889.3
    ],
    "scene": "S1A_IW_GRDH_1SDV_20240808T225811_20240808T225840_055128_06B7CB_15AC_COG.SAFE",
    "t": "2024-08-08T22:58:11+00:00",
    "sensor": "sentinel1-vv-cfar",
    "uncertainty_m": 13.1
   }
  },
  {
   "type": "Feature",
   "geometry": {
    "type": "Point",
    "coordinates": [
     -74.97929553980784,
     36.55863093337446
    ]
   },
   "properties": {
    "confidence": 0.396,
    "snr": 7.92,
    "peak_dn": 307.0,
    "background_dn": 103.8,
    "sigma_dn": 25.64,
    "pixels": 4,
    "length_m_approx": 20.0,
    "pixel": [
     11224.5,
     18791.5
    ],
    "scene": "S1A_IW_GRDH_1SDV_20240808T225811_20240808T225840_055128_06B7CB_15AC_COG.SAFE",
    "t": "2024-08-08T22:58:11+00:00",
    "sensor": "sentinel1-vv-cfar",
    "uncertainty_m": 14.0
   }
  },
  {
   "type": "Feature",
   "geometry": {
    "type": "Point",
    "coordinates": [
     -74.96267734053092,
     36.614387955109386
    ]
   },
   "properties": {
    "confidence": 0.362,
    "snr": 7.24,
    "peak_dn": 286.0,
    "background_dn": 101.6,
    "sigma_dn": 25.47,
    "pixels": 2,
    "length_m_approx": 14.1,
    "pixel": [
     11481.0,
     19365.5
    ],
    "scene": "S1A_IW_GRDH_1SDV_20240808T225811_20240808T225840_055128_06B7CB_15AC_COG.SAFE",
    "t": "2024-08-08T22:58:11+00:00",
    "sensor": "sentinel1-vv-cfar",
    "uncertainty_m": 12.1
   }
  },
  {
   "type": "Feature",
   "geometry": {
    "type": "Point",
    "coordinates": [
     -74.9724352324315,
     36.568268642858655
    ]
   },
   "properties": {
    "confidence": 0.356,
    "snr": 7.13,
    "peak_dn": 286.0,
    "background_dn": 103.4,
    "sigma_dn": 25.62,
    "pixels": 2,
    "length_m_approx": 14.1,
    "pixel": [
     11304.0,
     18884.5
    ],
    "scene": "S1A_IW_GRDH_1SDV_20240808T225811_20240808T225840_055128_06B7CB_15AC_COG.SAFE",
    "t": "2024-08-08T22:58:11+00:00",
    "sensor": "sentinel1-vv-cfar",
    "uncertainty_m": 12.1
   }
  },
  {
   "type": "Feature",
   "geometry": {
    "type": "Point",
    "coordinates": [
     -74.99037314413408,
     36.58394843948189
    ]
   },
   "properties": {
    "confidence": 0.347,
    "snr": 6.93,
    "peak_dn": 265.0,
    "background_dn": 98.5,
    "sigma_dn": 24.02,
    "pixels": 3,
    "length_m_approx": 17.3,
    "pixel": [
     11177.0,
     19081.0
    ],
    "scene": "S1A_IW_GRDH_1SDV_20240808T225811_20240808T225840_055128_06B7CB_15AC_COG.SAFE",
    "t": "2024-08-08T22:58:11+00:00",
    "sensor": "sentinel1-vv-cfar",
    "uncertainty_m": 13.1
   }
  },
  {
   "type": "Feature",
   "geometry": {
    "type": "Point",
    "coordinates": [
     -74.9666282628442,
     36.58388554746034
    ]
   },
   "properties": {
    "confidence": 0.326,
    "snr": 6.51,
    "peak_dn": 269.0,
    "background_dn": 103.4,
    "sigma_dn": 25.43,
    "pixels": 2,
    "length_m_approx": 14.1,
    "pixel": [
     11386.0,
     19043.5
    ],
    "scene": "S1A_IW_GRDH_1SDV_20240808T225811_20240808T225840_055128_06B7CB_15AC_COG.SAFE",
    "t": "2024-08-08T22:58:11+00:00",
    "sensor": "sentinel1-vv-cfar",
    "uncertainty_m": 12.1
   }
  },
  {
   "type": "Feature",
   "geometry": {
    "type": "Point",
    "coordinates": [
     -74.90077029996654,
     36.58871400920593
    ]
   },
   "properties": {
    "confidence": 0.312,
    "snr": 6.25,
    "peak_dn": 252.0,
    "background_dn": 98.6,
    "sigma_dn": 24.56,
    "pixels": 2,
    "length_m_approx": 14.1,
    "pixel": [
     11975.5,
     18994.0
    ],
    "scene": "S1A_IW_GRDH_1SDV_20240808T225811_20240808T225840_055128_06B7CB_15AC_COG.SAFE",
    "t": "2024-08-08T22:58:11+00:00",
    "sensor": "sentinel1-vv-cfar",
    "uncertainty_m": 12.1
   }
  },
  {
   "type": "Feature",
   "geometry": {
    "type": "Point",
    "coordinates": [
     -74.7163254658749,
     36.63005691443771
    ]
   },
   "properties": {
    "confidence": 0.452,
    "snr": 9.04,
    "peak_dn": 271.0,
    "background_dn": 83.3,
    "sigma_dn": 20.77,
    "pixels": 3,
    "length_m_approx": 17.3,
    "pixel": [
     13680.7,
     19156.7
    ],
    "scene": "S1A_IW_GRDH_1SDV_20240808T225811_20240808T225840_055128_06B7CB_15AC_COG.SAFE",
    "t": "2024-08-08T22:58:11+00:00",
    "sensor": "sentinel1-vv-cfar",
    "uncertainty_m": 13.1
   }
  },
  {
   "type": "Feature",
   "geometry": {
    "type": "Point",
    "coordinates": [
     -74.70127317458468,
     36.58778260604756
    ]
   },
   "properties": {
    "confidence": 0.445,
    "snr": 8.9,
    "peak_dn": 272.0,
    "background_dn": 84.3,
    "sigma_dn": 21.1,
    "pixels": 2,
    "length_m_approx": 14.1,
    "pixel": [
     13731.0,
     18678.5
    ],
    "scene": "S1A_IW_GRDH_1SDV_20240808T225811_20240808T225840_055128_06B7CB_15AC_COG.SAFE",
    "t": "2024-08-08T22:58:11+00:00",
    "sensor": "sentinel1-vv-cfar",
    "uncertainty_m": 12.1
   }
  },
  {
   "type": "Feature",
   "geometry": {
    "type": "Point",
    "coordinates": [
     -74.63725084316619,
     36.60526839952619
    ]
   },
   "properties": {
    "confidence": 0.432,
    "snr": 8.64,
    "peak_dn": 239.0,
    "background_dn": 77.3,
    "sigma_dn": 18.71,
    "pixels": 4,
    "length_m_approx": 20.0,
    "pixel": [
     14329.0,
     18769.5
    ],
    "scene": "S1A_IW_GRDH_1SDV_20240808T225811_20240808T225840_055128_06B7CB_15AC_COG.SAFE",
    "t": "2024-08-08T22:58:11+00:00",
    "sensor": "sentinel1-vv-cfar",
    "uncertainty_m": 14.0
   }
  },
  {
   "type": "Feature",
   "geometry": {
    "type": "Point",
    "coordinates": [
     -74.76896750887335,
     36.63688508874847
    ]
   },
   "properties": {
    "confidence": 0.432,
    "snr": 8.64,
    "peak_dn": 284.0,
    "background_dn": 90.4,
    "sigma_dn": 22.41,
    "pixels": 4,
    "length_m_approx": 20.0,
    "pixel": [
     13230.5,
     19310.5
    ],
    "scene": "S1A_IW_GRDH_1SDV_20240808T225811_20240808T225840_055128_06B7CB_15AC_COG.SAFE",
    "t": "2024-08-08T22:58:11+00:00",
    "sensor": "sentinel1-vv-cfar",
    "uncertainty_m": 14.0
   }
  },
  {
   "type": "Feature",
   "geometry": {
    "type": "Point",
    "coordinates": [
     -74.66739313343209,
     36.62173707152113
    ]
   },
   "properties": {
    "confidence": 0.429,
    "snr": 8.58,
    "peak_dn": 240.0,
    "background_dn": 76.8,
    "sigma_dn": 19.02,
    "pixels": 4,
    "length_m_approx": 20.0,
    "pixel": [
     14095.5,
     18992.5
    ],
    "scene": "S1A_IW_GRDH_1SDV_20240808T225811_20240808T225840_055128_06B7CB_15AC_COG.SAFE",
    "t": "2024-08-08T22:58:11+00:00",
    "sensor": "sentinel1-vv-cfar",
    "uncertainty_m": 14.0
   }
  },
  {
   "type": "Feature",
   "geometry": {
    "type": "Point",
    "coordinates": [
     -74.8524714888552,
     36.60236773996727
    ]
   },
   "properties": {
    "confidence": 0.384,
    "snr": 7.68,
    "peak_dn": 283.0,
    "background_dn": 99.0,
    "sigma_dn": 23.96,
    "pixels": 3,
    "length_m_approx": 17.3,
    "pixel": [
     12427.7,
     19066.7
    ],
    "scene": "S1A_IW_GRDH_1SDV_20240808T225811_20240808T225840_055128_06B7CB_15AC_COG.SAFE",
    "t": "2024-08-08T22:58:11+00:00",
    "sensor": "sentinel1-vv-cfar",
    "uncertainty_m": 13.1
   }
  },
  {
   "type": "Feature",
   "geometry": {
    "type": "Point",
    "coordinates": [
     -74.6615813151578,
     36.63559635360497
    ]
   },
   "properties": {
    "confidence": 0.377,
    "snr": 7.53,
    "peak_dn": 225.0,
    "background_dn": 79.6,
    "sigma_dn": 19.3,
    "pixels": 2,
    "length_m_approx": 14.1,
    "pixel": [
     14173.5,
     19133.0
    ],
    "scene": "S1A_IW_GRDH_1SDV_20240808T225811_20240808T225840_055128_06B7CB_15AC_COG.SAFE",
    "t": "2024-08-08T22:58:11+00:00",
    "sensor": "sentinel1-vv-cfar",
    "uncertainty_m": 12.1
   }
  },
  {
   "type": "Feature",
   "geometry": {
    "type": "Point",
    "coordinates": [
     -74.79268453371031,
     36.57283417398585
    ]
   },
   "properties": {
    "confidence": 0.376,
    "snr": 7.51,
    "peak_dn": 269.0,
    "background_dn": 93.7,
    "sigma_dn": 23.34,
    "pixels": 2,
    "length_m_approx": 14.1,
    "pixel": [
     12896.5,
     18657.0
    ],
    "scene": "S1A_IW_GRDH_1SDV_20240808T225811_20240808T225840_055128_06B7CB_15AC_COG.SAFE",
    "t": "2024-08-08T22:58:11+00:00",
    "sensor": "sentinel1-vv-cfar",
    "uncertainty_m": 12.1
   }
  },
  {
   "type": "Feature",
   "geometry": {
    "type": "Point",
    "coordinates": [
     -74.65188957002559,
     36.626220634293816
    ]
   },
   "properties": {
    "confidence": 0.357,
    "snr": 7.14,
    "peak_dn": 215.0,
    "background_dn": 78.2,
    "sigma_dn": 19.16,
    "pixels": 3,
    "length_m_approx": 17.3,
    "pixel": [
     14240.7,
     19017.3
    ],
    "scene": "S1A_IW_GRDH_1SDV_20240808T225811_20240808T225840_055128_06B7CB_15AC_COG.SAFE",
    "t": "2024-08-08T22:58:11+00:00",
    "sensor": "sentinel1-vv-cfar",
    "uncertainty_m": 13.1
   }
  },
  {
   "type": "Feature",
   "geometry": {
    "type": "Point",
    "coordinates": [
     -74.7724878654252,
     36.575182924284846
    ]
   },
   "properties": {
    "confidence": 0.354,
    "snr": 7.09,
    "peak_dn": 255.0,
    "background_dn": 92.0,
    "sigma_dn": 23.0,
    "pixels": 2,
    "length_m_approx": 14.1,
    "pixel": [
     13079.0,
     18651.5
    ],
    "scene": "S1A_IW_GRDH_1SDV_20240808T225811_20240808T225840_055128_06B7CB_15AC_COG.SAFE",
    "t": "2024-08-08T22:58:11+00:00",
    "sensor": "sentinel1-vv-cfar",
    "uncertainty_m": 12.1
   }
  },
  {
   "type": "Feature",
   "geometry": {
    "type": "Point",
    "coordinates": [
     -74.70457010662152,
     36.6278967933703
    ]
   },
   "properties": {
    "confidence": 0.352,
    "snr": 7.03,
    "peak_dn": 229.0,
    "background_dn": 83.9,
    "sigma_dn": 20.63,
    "pixels": 2,
    "length_m_approx": 14.1,
    "pixel": [
     13780.0,
     19115.5
    ],
    "scene": "S1A_IW_GRDH_1SDV_20240808T225811_20240808T225840_055128_06B7CB_15AC_COG.SAFE",
    "t": "2024-08-08T22:58:11+00:00",
    "sensor": "sentinel1-vv-cfar",
    "uncertainty_m": 12.1
   }
  },
  {
   "type": "Feature",
   "geometry": {
    "type": "Point",
    "coordinates": [
     -74.66787478854512,
     36.65564400609676
    ]
   },
   "properties": {
    "confidence": 0.344,
    "snr": 6.88,
    "peak_dn": 226.0,
    "background_dn": 82.3,
    "sigma_dn": 20.9,
    "pixels": 2,
    "length_m_approx": 14.1,
    "pixel": [
     14157.0,
     19358.5
    ],
    "scene": "S1A_IW_GRDH_1SDV_20240808T225811_20240808T225840_055128_06B7CB_15AC_COG.SAFE",
    "t": "2024-08-08T22:58:11+00:00",
    "sensor": "sentinel1-vv-cfar",
    "uncertainty_m": 12.1
   }
  },
  {
   "type": "Feature",
   "geometry": {
    "type": "Point",
    "coordinates": [
     -74.76145984573346,
     36.582782868548264
    ]
   },
   "properties": {
    "confidence": 0.342,
    "snr": 6.84,
    "peak_dn": 238.0,
    "background_dn": 88.7,
    "sigma_dn": 21.84,
    "pixels": 2,
    "length_m_approx": 14.1,
    "pixel": [
     13191.0,
     18716.5
    ],
    "scene": "S1A_IW_GRDH_1SDV_20240808T225811_20240808T225840_055128_06B7CB_15AC_COG.SAFE",
    "t": "2024-08-08T22:58:11+00:00",
    "sensor": "sentinel1-vv-cfar",
    "uncertainty_m": 12.1
   }
  },
  {
   "type": "Feature",
   "geometry": {
    "type": "Point",
    "coordinates": [
     -74.80941122820028,
     36.571244385390315
    ]
   },
   "properties": {
    "confidence": 0.331,
    "snr": 6.61,
    "peak_dn": 253.0,
    "background_dn": 94.2,
    "sigma_dn": 24.01,
    "pixels": 2,
    "length_m_approx": 14.1,
    "pixel": [
     12746.0,
     18665.5
    ],
    "scene": "S1A_IW_GRDH_1SDV_20240808T225811_20240808T225840_055128_06B7CB_15AC_COG.SAFE",
    "t": "2024-08-08T22:58:11+00:00",
    "sensor": "sentinel1-vv-cfar",
    "uncertainty_m": 12.1
   }
  },
  {
   "type": "Feature",
   "geometry": {
    "type": "Point",
    "coordinates": [
     -74.73943716418835,
     36.59918448107872
    ]
   },
   "properties": {
    "confidence": 0.315,
    "snr": 6.29,
    "peak_dn": 219.0,
    "background_dn": 85.3,
    "sigma_dn": 21.26,
    "pixels": 2,
    "length_m_approx": 14.1,
    "pixel": [
     13417.0,
     18859.5
    ],
    "scene": "S1A_IW_GRDH_1SDV_20240808T225811_20240808T225840_055128_06B7CB_15AC_COG.SAFE",
    "t": "2024-08-08T22:58:11+00:00",
    "sensor": "sentinel1-vv-cfar",
    "uncertainty_m": 12.1
   }
  },
  {
   "type": "Feature",
   "geometry": {
    "type": "Point",
    "coordinates": [
     -74.8120577206704,
     36.580854785583426
    ]
   },
   "properties": {
    "confidence": 0.312,
    "snr": 6.24,
    "peak_dn": 242.0,
    "background_dn": 95.2,
    "sigma_dn": 23.51,
    "pixels": 2,
    "length_m_approx": 14.1,
    "pixel": [
     12741.5,
     18773.0
    ],
    "scene": "S1A_IW_GRDH_1SDV_20240808T225811_20240808T225840_055128_06B7CB_15AC_COG.SAFE",
    "t": "2024-08-08T22:58:11+00:00",
    "sensor": "sentinel1-vv-cfar",
    "uncertainty_m": 12.1
   }
  },
  {
   "type": "Feature",
   "geometry": {
    "type": "Point",
    "coordinates": [
     -74.43318409752553,
     36.658759325946946
    ]
   },
   "properties": {
    "confidence": 0.422,
    "snr": 8.45,
    "peak_dn": 222.0,
    "background_dn": 71.6,
    "sigma_dn": 17.8,
    "pixels": 4,
    "length_m_approx": 20.0,
    "pixel": [
     16229.5,
     19038.5
    ],
    "scene": "S1A_IW_GRDH_1SDV_20240808T225811_20240808T225840_055128_06B7CB_15AC_COG.SAFE",
    "t": "2024-08-08T22:58:11+00:00",
    "sensor": "sentinel1-vv-cfar",
    "uncertainty_m": 14.0
   }
  },
  {
   "type": "Feature",
   "geometry": {
    "type": "Point",
    "coordinates": [
     -74.50932171824567,
     36.63379236883527
    ]
   },
   "properties": {
    "confidence": 0.359,
    "snr": 7.18,
    "peak_dn": 212.0,
    "background_dn": 76.7,
    "sigma_dn": 18.84,
    "pixels": 2,
    "length_m_approx": 14.1,
    "pixel": [
     15511.0,
     18883.5
    ],
    "scene": "S1A_IW_GRDH_1SDV_20240808T225811_20240808T225840_055128_06B7CB_15AC_COG.SAFE",
    "t": "2024-08-08T22:58:11+00:00",
    "sensor": "sentinel1-vv-cfar",
    "uncertainty_m": 12.1
   }
  },
  {
   "type": "Feature",
   "geometry": {
    "type": "Point",
    "coordinates": [
     -74.6132194429959,
     36.598710838288184
    ]
   },
   "properties": {
    "confidence": 0.357,
    "snr": 7.15,
    "peak_dn": 210.0,
    "background_dn": 76.2,
    "sigma_dn": 18.72,
    "pixels": 2,
    "length_m_approx": 14.1,
    "pixel": [
     14528.0,
     18662.5
    ],
    "scene": "S1A_IW_GRDH_1SDV_20240808T225811_20240808T225840_055128_06B7CB_15AC_COG.SAFE",
    "t": "2024-08-08T22:58:11+00:00",
    "sensor": "sentinel1-vv-cfar",
    "uncertainty_m": 12.1
   }
  },
  {
   "type": "Feature",
   "geometry": {
    "type": "Point",
    "coordinates": [
     -74.48804724234547,
     36.66588019805254
    ]
   },
   "properties": {
    "confidence": 0.357,
    "snr": 7.14,
    "peak_dn": 200.0,
    "background_dn": 71.6,
    "sigma_dn": 17.97,
    "pixels": 2,
    "length_m_approx": 14.1,
    "pixel": [
     15760.0,
     19197.5
    ],
    "scene": "S1A_IW_GRDH_1SDV_20240808T225811_20240808T225840_055128_06B7CB_15AC_COG.SAFE",
    "t": "2024-08-08T22:58:11+00:00",
    "sensor": "sentinel1-vv-cfar",
    "uncertainty_m": 12.1
   }
  },
  {
   "type": "Feature",
   "geometry": {
    "type": "Point",
    "coordinates": [
     -74.5964973564831,
     36.65906859142373
    ]
   },
   "properties": {
    "confidence": 0.342,
    "snr": 6.85,
    "peak_dn": 191.0,
    "background_dn": 72.0,
    "sigma_dn": 17.38,
    "pixels": 2,
    "length_m_approx": 14.1,
    "pixel": [
     14792.0,
     19287.5
    ],
    "scene": "S1A_IW_GRDH_1SDV_20240808T225811_20240808T225840_055128_06B7CB_15AC_COG.SAFE",
    "t": "2024-08-08T22:58:11+00:00",
    "sensor": "sentinel1-vv-cfar",
    "uncertainty_m": 12.1
   }
  },
  {
   "type": "Feature",
   "geometry": {
    "type": "Point",
    "coordinates": [
     -74.4617151293483,
     36.65395634430302
    ]
   },
   "properties": {
    "confidence": 0.335,
    "snr": 6.7,
    "peak_dn": 194.0,
    "background_dn": 72.6,
    "sigma_dn": 18.12,
    "pixels": 2,
    "length_m_approx": 14.1,
    "pixel": [
     15969.0,
     19029.5
    ],
    "scene": "S1A_IW_GRDH_1SDV_20240808T225811_20240808T225840_055128_06B7CB_15AC_COG.SAFE",
    "t": "2024-08-08T22:58:11+00:00",
    "sensor": "sentinel1-vv-cfar",
    "uncertainty_m": 12.1
   }
  },
  {
   "type": "Feature",
   "geometry": {
    "type": "Point",
    "coordinates": [
     -74.58247237386897,
     36.615837990105916
    ]
   },
   "properties": {
    "confidence": 0.333,
    "snr": 6.66,
    "peak_dn": 198.0,
    "background_dn": 74.9,
    "sigma_dn": 18.5,
    "pixels": 2,
    "length_m_approx": 14.1,
    "pixel": [
     14832.0,
     18800.5
    ],
    "scene": "S1A_IW_GRDH_1SDV_20240808T225811_20240808T225840_055128_06B7CB_15AC_COG.SAFE",
    "t": "2024-08-08T22:58:11+00:00",
    "sensor": "sentinel1-vv-cfar",
    "uncertainty_m": 12.1
   }
  },
  {
   "type": "Feature",
   "geometry": {
    "type": "Point",
    "coordinates": [
     -74.60047888337922,
     36.61098827836517
    ]
   },
   "properties": {
    "confidence": 0.33,
    "snr": 6.59,
    "peak_dn": 196.0,
    "background_dn": 74.3,
    "sigma_dn": 18.45,
    "pixels": 2,
    "length_m_approx": 14.1,
    "pixel": [
     14664.0,
     18775.5
    ],
    "scene": "S1A_IW_GRDH_1SDV_20240808T225811_20240808T225840_055128_06B7CB_15AC_COG.SAFE",
    "t": "2024-08-08T22:58:11+00:00",
    "sensor": "sentinel1-vv-cfar",
    "uncertainty_m": 12.1
   }
  },
  {
   "type": "Feature",
   "geometry": {
    "type": "Point",
    "coordinates": [
     -74.53647265464404,
     36.60429167230499
    ]
   },
   "properties": {
    "confidence": 0.318,
    "snr": 6.36,
    "peak_dn": 185.0,
    "background_dn": 70.4,
    "sigma_dn": 18.02,
    "pixels": 2,
    "length_m_approx": 14.1,
    "pixel": [
     15215.0,
     18606.5
    ],
    "scene": "S1A_IW_GRDH_1SDV_20240808T225811_20240808T225840_055128_06B7CB_15AC_COG.SAFE",
    "t": "2024-08-08T22:58:11+00:00",
    "sensor": "sentinel1-vv-cfar",
    "uncertainty_m": 12.1
   }
  },
  {
   "type": "Feature",
   "geometry": {
    "type": "Point",
    "coordinates": [
     -74.40281379605989,
     36.68644361618787
    ]
   },
   "properties": {
    "confidence": 0.485,
    "snr": 9.69,
    "peak_dn": 252.0,
    "background_dn": 74.4,
    "sigma_dn": 18.33,
    "pixels": 7,
    "length_m_approx": 26.5,
    "pixel": [
     16549.9,
     19291.4
    ],
    "scene": "S1A_IW_GRDH_1SDV_20240808T225811_20240808T225840_055128_06B7CB_15AC_COG.SAFE",
    "t": "2024-08-08T22:58:11+00:00",
    "sensor": "sentinel1-vv-cfar",
    "uncertainty_m": 16.5
   }
  },
  {
   "type": "Feature",
   "geometry": {
    "type": "Point",
    "coordinates": [
     -74.30132612341188,
     36.62990142196708
    ]
   },
   "properties": {
    "confidence": 0.408,
    "snr": 8.16,
    "peak_dn": 255.0,
    "background_dn": 84.6,
    "sigma_dn": 20.89,
    "pixels": 2,
    "length_m_approx": 14.1,
    "pixel": [
     17336.0,
     18530.5
    ],
    "scene": "S1A_IW_GRDH_1SDV_20240808T225811_20240808T225840_055128_06B7CB_15AC_COG.SAFE",
    "t": "2024-08-08T22:58:11+00:00",
    "sensor": "sentinel1-vv-cfar",
    "uncertainty_m": 12.1
   }
  },
  {
   "type": "Feature",
   "geometry": {
    "type": "Point",
    "coordinates": [
     -74.3151573772557,
     36.69067950698984
    ]
   },
   "properties": {
    "confidence": 0.384,
    "snr": 7.69,
    "peak_dn": 218.0,
    "background_dn": 76.9,
    "sigma_dn": 18.35,
    "pixels": 3,
    "length_m_approx": 17.3,
    "pixel": [
     17329.7,
     19206.7
    ],
    "scene": "S1A_IW_GRDH_1SDV_20240808T225811_20240808T225840_055128_06B7CB_15AC_COG.SAFE",
    "t": "2024-08-08T22:58:11+00:00",
    "sensor": "sentinel1-vv-cfar",
    "uncertainty_m": 13.1
   }
  },
  {
   "type": "Feature",
   "geometry": {
    "type": "Point",
    "coordinates": [
     -74.41024049878258,
     36.683409758939135
    ]
   },
   "properties": {
    "confidence": 0.361,
    "snr": 7.22,
    "peak_dn": 205.0,
    "background_dn": 74.0,
    "sigma_dn": 18.14,
    "pixels": 6,
    "length_m_approx": 24.5,
    "pixel": [
     16478.7,
     19269.8
    ],
    "scene": "S1A_IW_GRDH_1SDV_20240808T225811_20240808T225840_055128_06B7CB_15AC_COG.SAFE",
    "t": "2024-08-08T22:58:11+00:00",
    "sensor": "sentinel1-vv-cfar",
    "uncertainty_m": 15.7
   }
  },
  {
   "type": "Feature",
   "geometry": {
    "type": "Point",
    "coordinates": [
     -74.22976225282763,
     36.67480921391673
    ]
   },
   "properties": {
    "confidence": 0.314,
    "snr": 6.27,
    "peak_dn": 228.0,
    "background_dn": 88.6,
    "sigma_dn": 22.23,
    "pixels": 3,
    "length_m_approx": 17.3,
    "pixel": [
     18051.7,
     18908.7
    ],
    "scene": "S1A_IW_GRDH_1SDV_20240808T225811_20240808T225840_055128_06B7CB_15AC_COG.SAFE",
    "t": "2024-08-08T22:58:11+00:00",
    "sensor": "sentinel1-vv-cfar",
    "uncertainty_m": 13.1
   }
  },
  {
   "type": "Feature",
   "geometry": {
    "type": "Point",
    "coordinates": [
     -74.34056939729984,
     36.62008256854761
    ]
   },
   "properties": {
    "confidence": 0.307,
    "snr": 6.13,
    "peak_dn": 212.0,
    "background_dn": 85.1,
    "sigma_dn": 20.7,
    "pixels": 2,
    "length_m_approx": 14.1,
    "pixel": [
     16971.5,
     18483.0
    ],
    "scene": "S1A_IW_GRDH_1SDV_20240808T225811_20240808T225840_055128_06B7CB_15AC_COG.SAFE",
    "t": "2024-08-08T22:58:11+00:00",
    "sensor": "sentinel1-vv-cfar",
    "uncertainty_m": 12.1
   }
  },
  {
   "type": "Feature",
   "geometry": {
    "type": "Point",
    "coordinates": [
     -74.12476363698956,
     36.68038691153994
    ]
   },
   "properties": {
    "confidence": 0.95,
    "snr": 121.84,
    "peak_dn": 2449.0,
    "background_dn": 76.9,
    "sigma_dn": 19.47,
    "pixels": 152,
    "length_m_approx": 123.3,
    "pixel": [
     18987.1,
     18814.0
    ],
    "scene": "S1A_IW_GRDH_1SDV_20240808T225811_20240808T225840_055128_06B7CB_15AC_COG.SAFE",
    "t": "2024-08-08T22:58:11+00:00",
    "sensor": "sentinel1-vv-cfar",
    "uncertainty_m": 62.4
   }
  },
  {
   "type": "Feature",
   "geometry": {
    "type": "Point",
    "coordinates": [
     -74.12554569734331,
     36.681110215497135
    ]
   },
   "properties": {
    "confidence": 0.42,
    "snr": 8.39,
    "peak_dn": 238.0,
    "background_dn": 76.6,
    "sigma_dn": 19.23,
    "pixels": 2,
    "length_m_approx": 14.1,
    "pixel": [
     18981.5,
     18823.0
    ],
    "scene": "S1A_IW_GRDH_1SDV_20240808T225811_20240808T225840_055128_06B7CB_15AC_COG.SAFE",
    "t": "2024-08-08T22:58:11+00:00",
    "sensor": "sentinel1-vv-cfar",
    "uncertainty_m": 12.1
   }
  },
  {
   "type": "Feature",
   "geometry": {
    "type": "Point",
    "coordinates": [
     -74.12555266318586,
     36.68138719509262
    ]
   },
   "properties": {
    "confidence": 0.417,
    "snr": 8.34,
    "peak_dn": 238.0,
    "background_dn": 76.7,
    "sigma_dn": 19.34,
    "pixels": 3,
    "length_m_approx": 17.3,
    "pixel": [
     18982.0,
     18826.0
    ],
    "scene": "S1A_IW_GRDH_1SDV_20240808T225811_20240808T225840_055128_06B7CB_15AC_COG.SAFE",
    "t": "2024-08-08T22:58:11+00:00",
    "sensor": "sentinel1-vv-cfar",
    "uncertainty_m": 13.1
   }
  },
  {
   "type": "Feature",
   "geometry": {
    "type": "Point",
    "coordinates": [
     -74.09139478543955,
     36.6935138159079
    ]
   },
   "properties": {
    "confidence": 0.331,
    "snr": 6.61,
    "peak_dn": 197.0,
    "background_dn": 74.8,
    "sigma_dn": 18.47,
    "pixels": 3,
    "length_m_approx": 17.3,
    "pixel": [
     19305.7,
     18906.7
    ],
    "scene": "S1A_IW_GRDH_1SDV_20240808T225811_20240808T225840_055128_06B7CB_15AC_COG.SAFE",
    "t": "2024-08-08T22:58:11+00:00",
    "sensor": "sentinel1-vv-cfar",
    "uncertainty_m": 13.1
   }
  },
  {
   "type": "Feature",
   "geometry": {
    "type": "Point",
    "coordinates": [
     -74.18786398526997,
     36.68079513735714
    ]
   },
   "properties": {
    "confidence": 0.308,
    "snr": 6.15,
    "peak_dn": 209.0,
    "background_dn": 82.3,
    "sigma_dn": 20.59,
    "pixels": 2,
    "length_m_approx": 14.1,
    "pixel": [
     18432.0,
     18911.5
    ],
    "scene": "S1A_IW_GRDH_1SDV_20240808T225811_20240808T225840_055128_06B7CB_15AC_COG.SAFE",
    "t": "2024-08-08T22:58:11+00:00",
    "sensor": "sentinel1-vv-cfar",
    "uncertainty_m": 12.1
   }
  },
  {
   "type": "Feature",
   "geometry": {
    "type": "Point",
    "coordinates": [
     -73.93677998832408,
     36.69366613846492
    ]
   },
   "properties": {
    "confidence": 0.329,
    "snr": 6.58,
    "peak_dn": 197.0,
    "background_dn": 74.6,
    "sigma_dn": 18.6,
    "pixels": 2,
    "length_m_approx": 14.1,
    "pixel": [
     20668.0,
     18682.5
    ],
    "scene": "S1A_IW_GRDH_1SDV_20240808T225811_20240808T225840_055128_06B7CB_15AC_COG.SAFE",
    "t": "2024-08-08T22:58:11+00:00",
    "sensor": "sentinel1-vv-cfar",
    "uncertainty_m": 12.1
   }
  },
  {
   "type": "Feature",
   "geometry": {
    "type": "Point",
    "coordinates": [
     -73.59543428844309,
     36.7500906285604
    ]
   },
   "properties": {
    "confidence": 0.324,
    "snr": 6.49,
    "peak_dn": 197.0,
    "background_dn": 76.0,
    "sigma_dn": 18.65,
    "pixels": 2,
    "length_m_approx": 14.1,
    "pixel": [
     23779.0,
     18801.5
    ],
    "scene": "S1A_IW_GRDH_1SDV_20240808T225811_20240808T225840_055128_06B7CB_15AC_COG.SAFE",
    "t": "2024-08-08T22:58:11+00:00",
    "sensor": "sentinel1-vv-cfar",
    "uncertainty_m": 12.1
   }
  },
  {
   "type": "Feature",
   "geometry": {
    "type": "Point",
    "coordinates": [
     -73.50804934801451,
     36.78846363319373
    ]
   },
   "properties": {
    "confidence": 0.432,
    "snr": 8.64,
    "peak_dn": 214.0,
    "background_dn": 68.6,
    "sigma_dn": 16.82,
    "pixels": 3,
    "length_m_approx": 17.3,
    "pixel": [
     24618.3,
     19092.7
    ],
    "scene": "S1A_IW_GRDH_1SDV_20240808T225811_20240808T225840_055128_06B7CB_15AC_COG.SAFE",
    "t": "2024-08-08T22:58:11+00:00",
    "sensor": "sentinel1-vv-cfar",
    "uncertainty_m": 13.1
   }
  }
 ]
}