{
 "type": "FeatureCollection",
 "properties": {
  "scene": "S1A_IW_GRDH_1SDV_20240715T225841_20240715T225906_054778_06AB8D_6E9C_COG.SAFE",
  "acquired": "2024-07-15T22:58:41+00:00",
  "geolocation_rms_m": 3.1,
  "geolocation_holdout_m": 9.9,
  "geolocation_median_m": 10.0,
  "geolocation_p90_m": 10.8,
  "geolocation_worst_m": 49.4,
  "geolocation_uneven": true,
  "geolocation_convergence": 3.2,
  "geolocation_method": "geolocation grid (bilinear)",
  "geolocation_validation": "holdout at 2x spacing",
  "tiles": 117,
  "tiles_skipped": 0,
  "k_sigma": 6.0,
  "land_masked": true,
  "water_fraction": 0.846,
  "land_sea_contrast": 3.3,
  "coast_blind_m": 605.0,
  "searched_km2": 35556.9,
  "refused_km2": 0.0,
  "tiles_without_water": 3,
  "outside_aoi": 0,
  "aoi_sea": [
   -77.2,
   36.0,
   -71.0,
   39.6
  ],
  "footprint": [
   [
    -76.2233,
    36.4286
   ],
   [
    -75.98935,
    36.46453
   ],
   [
    -75.75516,
    36.50002
   ],
   [
    -75.52076,
    36.53507
   ],
   [
    -75.28613,
    36.56963
   ],
   [
    -75.0513,
    36.60375
   ],
   [
    -74.81628,
    36.63742
   ],
   [
    -74.58103,
    36.67059
   ],
   [
    -74.3456,
    36.70332
   ],
   [
    -74.10997,
    36.7356
   ],
   [
    -73.87413,
    36.76737
   ],
   [
    -73.63811,
    36.7987
   ],
   [
    -73.4019,
    36.82958
   ],
   [
    -73.42744,
    36.95475
   ],
   [
    -73.453,
    37.07991
   ],
   [
    -73.47859,
    37.20507
   ],
   [
    -73.5042,
    37.33023
   ],
   [
    -73.52984,
    37.45538
   ],
   [
    -73.5555,
    37.58053
   ],
   [
    -73.58119,
    37.70567
   ],
   [
    -73.60689,
    37.83081
   ],
   [
    -73.63261,
    37.95595
   ],
   [
    -73.65835,
    38.08108
   ],
   [
    -73.68413,
    38.20621
   ],
   [
    -73.70992,
    38.33134
   ],
   [
    -73.95098,
    38.30073
   ],
   [
    -74.19183,
    38.26966
   ],
   [
    -74.4325,
    38.23811
   ],
   [
    -74.67293,
    38.20602
   ],
   [
    -74.91317,
    38.17347
   ],
   [
    -75.15319,
    38.14045
   ],
   [
    -75.39289,
    38.10691
   ],
   [
    -75.63244,
    38.07289
   ],
   [
    -75.87193,
    38.03839
   ],
   [
    -76.11106,
    38.00338
   ],
   [
    -76.34985,
    37.96791
   ],
   [
    -76.58808,
    37.93204
   ],
   [
    -76.55754,
    37.80676
   ],
   [
    -76.52706,
    37.68148
   ],
   [
    -76.49641,
    37.55622
   ],
   [
    -76.46591,
    37.43094
   ],
   [
    -76.43548,
    37.30566
   ],
   [
    -76.40503,
    37.18038
   ],
   [
    -76.37434,
    37.05514
   ],
   [
    -76.34383,
    36.92987
   ],
   [
    -76.31382,
    36.80453
   ],
   [
    -76.28361,
    36.67922
   ],
   [
    -76.25342,
    36.55391
   ]
  ],
  "searched_grid": {
   "cell_deg": 0.01,
   "lon0": -76.59,
   "lat0": 36.42,
   "levels": 10,
   "rows": {
    "4": [
     [
      57,
      1,
      6
     ],
     [
      58,
      6,
      10
     ]
    ],
    "5": [
     [
      57,
      1,
      8
     ],
     [
      58,
      7,
      10
     ],
     [
      65,
      1,
      7
     ],
     [
      66,
      3,
      5
     ]
    ],
    "6": [
     [
      56,
      1,
      4
     ],
     [
      57,
      2,
      10
     ],
     [
      59,
      1,
      8
     ],
     [
      60,
      1,
      2
     ],
     [
      62,
      1,
      4
     ],
     [
      63,
      1,
      6
     ],
     [
      64,
      1,
      4
     ],
     [
      65,
      1,
      1
     ],
     [
      74,
      1,
      7
     ],
     [
      75,
      2,
      10
     ]
    ],
    "7": [
     [
      56,
      1,
      7
     ],
     [
      57,
      2,
      10
     ],
     [
      59,
      1,
      3
     ],
     [
      69,
      1,
      5
     ],
     [
      74,
      1,
      9
     ],
     [
      75,
      9,
      10
     ]
    ],
    "8": [
     [
      55,
      1,
      2
     ],
     [
      56,
      1,
      9
     ],
     [
      57,
      2,
      10
     ],
     [
      59,
      1,
      7
     ],
     [
      69,
      1,
      8
     ],
     [
      70,
      1,
      2
     ],
     [
      74,
      16,
      10
     ]
    ],
    "9": [
     [
      56,
      1,
      1
     ],
     [
      57,
      1,
      7
     ],
     [
      58,
      1,
      10
     ],
     [
      59,
      1,
      8
     ],
     [
      60,
      1,
      1
     ],
     [
      73,
      1,
      3
     ],
     [
      74,
      23,
      10
     ]
    ],
    "10": [
     [
      57,
      1,
      10
     ],
     [
      58,
      1,
      6
     ],
     [
      73,
      1,
      5
     ],
     [
      74,
      30,
      10
     ]
    ],
    "11": [
     [
      56,
      1,
      1
     ],
     [
      57,
      1,
      9
     ],
     [
      73,
      1,
      8
     ],
     [
      74,
      37,
      10
     ]
    ],
    "12": [
     [
      56,
      1,
      4
     ],
     [
      73,
      1,
      8
     ],
     [
      74,
      43,
      10
     ]
    ],
    "13": [
     [
      56,
      1,
      3
     ],
     [
      73,
      51,
      10
     ]
    ],
    "14": [
     [
      55,
      1,
      1
     ],
     [
      64,
      1,
      1
     ],
     [
      67,
      1,
      6
     ],
     [
      68,
      1,
      1
     ],
     [
      72,
      1,
      1
     ],
     [
      73,
      58,
      10
     ]
    ],
    "15": [
     [
      61,
      1,
      2
     ],
     [
      62,
      1,
      3
     ],
     [
      63,
      1,
      1
     ],
     [
      64,
      1,
      4
     ],
     [
      65,
      1,
      8
     ],
     [
      66,
      1,
      7
     ],
     [
      67,
      1,
      8
     ],
     [
      68,
      1,
      5
     ],
     [
      72,
      1,
      4
     ],
     [
      73,
      65,
      10
     ]
    ],
    "16": [
     [
      61,
      1,
      5
     ],
     [
      62,
      6,
      10
     ],
     [
      68,
      1,
      8
     ],
     [
      72,
      1,
      6
     ],
     [
      73,
      72,
      10
     ]
    ],
    "17": [
     [
      61,
      1,
      7
     ],
     [
      62,
      6,
      10
     ],
     [
      68,
      1,
      6
     ],
     [
      72,
      1,
      8
     ],
     [
      73,
      79,
      10
     ]
    ],
    "18": [
     [
      61,
      1,
      9
     ],
     [
      62,
      5,
      10
     ],
     [
      67,
      1,
      9
     ],
     [
      68,
      1,
      1
     ],
     [
      72,
      86,
      10
     ]
    ],
    "19": [
     [
      61,
      1,
      9
     ],
     [
      62,
      2,
      10
     ],
     [
      64,
      1,
      6
     ],
     [
      65,
      1,
      3
     ],
     [
      67,
      1,
      1
     ],
     [
      71,
      1,
      5
     ],
     [
      72,
      93,
      10
     ]
    ],
    "20": [
     [
      61,
      2,
      10
     ],
     [
      63,
      1,
      5
     ],
     [
      71,
      1,
      9
     ],
     [
      72,
      100,
      10
     ]
    ],
    "21": [
     [
      60,
      1,
      1
     ],
     [
      61,
      1,
      5
     ],
     [
      62,
      1,
      10
     ],
     [
      63,
      1,
      4
     ],
     [
      70,
      1,
      3
     ],
     [
      71,
      109,
      10
     ]
    ],
    "22": [
     [
      62,
      1,
      4
     ],
     [
      63,
      1,
      2
     ],
     [
      66,
      1,
      1
     ],
     [
      69,
      1,
      1
     ],
     [
      70,
      1,
      7
     ],
     [
      71,
      116,
      10
     ]
    ],
    "23": [
     [
      69,
      1,
      3
     ],
     [
      70,
      124,
      10
     ]
    ],
    "24": [
     [
      69,
      1,
      8
     ],
     [
      70,
      131,
      10
     ]
    ],
    "25": [
     [
      68,
      1,
      3
     ],
     [
      69,
      139,
      10
     ]
    ],
    "26": [
     [
      64,
      1,
      5
     ],
     [
      67,
      1,
      1
     ],
     [
      68,
      1,
      9
     ],
     [
      69,
      146,
      10
     ]
    ],
    "27": [
     [
      64,
      1,
      4
     ],
     [
      67,
      1,
      3
     ],
     [
      68,
      155,
      10
     ]
    ],
    "28": [
     [
      63,
      1,
      1
     ],
     [
      64,
      1,
      2
     ],
     [
      67,
      1,
      9
     ],
     [
      68,
      162,
      10
     ]
    ],
    "29": [
     [
      66,
      1,
      3
     ],
     [
      67,
      170,
      10
     ]
    ],
    "30": [
     [
      66,
      1,
      5
     ],
     [
      67,
      177,
      10
     ]
    ],
    "31": [
     [
      66,
      185,
      10
     ]
    ],
    "32": [
     [
      65,
      1,
      3
     ],
     [
      66,
      193,
      10
     ]
    ],
    "33": [
     [
      65,
      1,
      7
     ],
     [
      66,
      200,
      10
     ]
    ],
    "34": [
     [
      64,
      1,
      1
     ],
     [
      65,
      209,
      10
     ]
    ],
    "35": [
     [
      64,
      1,
      4
     ],
     [
      65,
      217,
      10
     ]
    ],
    "36": [
     [
      64,
      1,
      9
     ],
     [
      65,
      224,
      10
     ]
    ],
    "37": [
     [
      63,
      1,
      2
     ],
     [
      64,
      232,
      10
     ]
    ],
    "38": [
     [
      63,
      1,
      3
     ],
     [
      64,
      240,
      10
     ]
    ],
    "39": [
     [
      63,
      1,
      1
     ],
     [
      64,
      248,
      10
     ]
    ],
    "40": [
     [
      63,
      1,
      8
     ],
     [
      64,
      250,
      10
     ]
    ],
    "41": [
     [
      62,
      1,
      1
     ],
     [
      63,
      251,
      10
     ]
    ],
    "42": [
     [
      62,
      1,
      3
     ],
     [
      63,
      250,
      10
     ],
     [
      313,
      1,
      7
     ]
    ],
    "43": [
     [
      62,
      1,
      5
     ],
     [
      63,
      250,
      10
     ],
     [
      313,
      1,
      4
     ]
    ],
    "44": [
     [
      62,
      1,
      5
     ],
     [
      63,
      250,
      10
     ],
     [
      313,
      1,
      3
     ]
    ],
    "45": [
     [
      61,
      1,
      1
     ],
     [
      62,
      47,
      10
     ],
     [
      109,
      1,
      8
     ],
     [
      110,
      1,
      9
     ],
     [
      111,
      202,
      10
     ]
    ],
    "46": [
     [
      61,
      1,
      3
     ],
     [
      62,
      46,
      10
     ],
     [
      108,
      1,
      7
     ],
     [
      110,
      1,
      4
     ],
     [
      111,
      201,
      10
     ],
     [
      312,
      1,
      8
     ]
    ],
    "47": [
     [
      61,
      1,
      6
     ],
     [
      62,
      47,
      10
     ],
     [
      110,
      1,
      3
     ],
     [
      111,
      201,
      10
     ],
     [
      312,
      1,
      7
     ]
    ],
    "48": [
     [
      61,
      1,
      8
     ],
     [
      62,
      48,
      10
     ],
     [
      110,
      1,
      8
     ],
     [
      111,
      201,
      10
     ],
     [
      312,
      1,
      5
     ]
    ],
    "49": [
     [
      48,
      2,
      1
     ],
     [
      51,
      1,
      1
     ],
     [
      60,
      1,
      1
     ],
     [
      61,
      251,
      10
     ],
     [
      312,
      1,
      2
     ]
    ],
    "50": [
     [
      47,
      1,
      4
     ],
     [
      48,
      1,
      10
     ],
     [
      49,
      1,
      9
     ],
     [
      50,
      1,
      6
     ],
     [
      51,
      1,
      10
     ],
     [
      52,
      1,
      8
     ],
     [
      53,
      1,
      1
     ],
     [
      59,
      1,
      1
     ],
     [
      60,
      1,
      8
     ],
     [
      61,
      251,
      10
     ]
    ],
    "51": [
     [
      40,
      1,
      1
     ],
     [
      42,
      1,
      2
     ],
     [
      43,
      1,
      8
     ],
     [
      44,
      1,
      9
     ],
     [
      45,
      1,
      8
     ],
     [
      46,
      1,
      2
     ],
     [
      47,
      1,
      7
     ],
     [
      48,
      5,
      10
     ],
     [
      53,
      1,
      9
     ],
     [
      54,
      1,
      4
     ],
     [
      55,
      1,
      3
     ],
     [
      56,
      2,
      2
     ],
     [
      58,
      1,
      5
     ],
     [
      59,
      1,
      9
     ],
     [
      60,
      251,
      10
     ],
     [
      311,
      1,
      8
     ]
    ],
    "52": [
     [
      36,
      1,
      1
     ],
     [
      37,
      1,
      3
     ],
     [
      38,
      1,
      8
     ],
     [
      39,
      1,
      10
     ],
     [
      40,
      1,
      8
     ],
     [
      41,
      1,
      5
     ],
     [
      42,
      269,
      10
     ],
     [
      311,
      1,
      7
     ]
    ],
    "53": [
     [
      35,
      1,
      4
     ],
     [
      36,
      1,
      9
     ],
     [
      37,
      274,
      10
     ],
     [
      311,
      1,
      3
     ]
    ],
    "54": [
     [
      33,
      1,
      2
     ],
     [
      34,
      1,
      8
     ],
     [
      35,
      10,
      10
     ],
     [
      45,
      1,
      6
     ],
     [
      46,
      1,
      9
     ],
     [
      47,
      68,
      10
     ],
     [
      115,
      1,
      9
     ],
     [
      116,
      1,
      7
     ],
     [
      117,
      194,
      10
     ],
     [
      311,
      1,
      2
     ]
    ],
    "55": [
     [
      25,
      1,
      1
     ],
     [
      26,
      1,
      2
     ],
     [
      30,
      1,
      3
     ],
     [
      31,
      1,
      5
     ],
     [
      32,
      1,
      7
     ],
     [
      33,
      1,
      9
     ],
     [
      34,
      9,
      10
     ],
     [
      43,
      1,
      8
     ],
     [
      46,
      1,
      7
     ],
     [
      47,
      68,
      10
     ],
     [
      115,
      1,
      2
     ],
     [
      117,
      1,
      6
     ],
     [
      118,
      193,
      10
     ]
    ],
    "56": [
     [
      26,
      2,
      1
     ],
     [
      29,
      1,
      4
     ],
     [
      30,
      13,
      10
     ],
     [
      43,
      1,
      8
     ],
     [
      44,
      1,
      3
     ],
     [
      45,
      1,
      7
     ],
     [
      46,
      1,
      9
     ],
     [
      47,
      68,
      10
     ],
     [
      115,
      2,
      6
     ],
     [
      117,
      193,
      10
     ],
     [
      310,
      1,
      8
     ]
    ],
    "57": [
     [
      25,
      1,
      7
     ],
     [
      26,
      1,
      1
     ],
     [
      27,
      2,
      3
     ],
     [
      29,
      1,
      6
     ],
     [
      30,
      280,
      10
     ],
     [
      310,
      1,
      6
     ]
    ],
    "58": [
     [
      30,
      1,
      9
     ],
     [
      31,
      279,
      10
     ],
     [
      310,
      1,
      3
     ]
    ],
    "59": [
     [
      30,
      1,
      8
     ],
     [
      31,
      279,
      10
     ],
     [
      310,
      1,
      2
     ]
    ],
    "60": [
     [
      30,
      1,
      7
     ],
     [
      31,
      279,
      10
     ]
    ],
    "61": [
     [
      30,
      1,
      1
     ],
     [
      31,
      1,
      9
     ],
     [
      32,
      20,
      10
     ],
     [
      52,
      2,
      8
     ],
     [
      54,
      255,
      10
     ],
     [
      309,
      1,
      7
     ]
    ],
    "62": [
     [
      31,
      1,
      6
     ],
     [
      32,
      20,
      10
     ],
     [
      53,
      1,
      2
     ],
     [
      54,
      1,
      9
     ],
     [
      55,
      254,
      10
     ],
     [
      309,
      1,
      6
     ]
    ],
    "63": [
     [
      31,
      1,
      1
     ],
     [
      32,
      20,
      10
     ],
     [
      52,
      1,
      8
     ],
     [
      53,
      1,
      1
     ],
     [
      55,
      1,
      8
     ],
     [
      56,
      253,
      10
     ],
     [
      309,
      1,
      4
     ]
    ],
    "64": [
     [
      31,
      1,
      1
     ],
     [
      32,
      21,
      10
     ],
     [
      53,
      1,
      7
     ],
     [
      54,
      2,
      8
     ],
     [
      56,
      253,
      10
     ],
     [
      309,
      1,
      1
     ]
    ],
    "65": [
     [
      32,
      1,
      5
     ],
     [
      33,
      27,
      10
     ],
     [
      60,
      1,
      9
     ],
     [
      61,
      2,
      7
     ],
     [
      63,
      1,
      4
     ],
     [
      64,
      1,
      8
     ],
     [
      65,
      244,
      10
     ]
    ],
    "66": [
     [
      32,
      1,
      3
     ],
     [
      33,
      26,
      10
     ],
     [
      59,
      1,
      5
     ],
     [
      60,
      1,
      1
     ],
     [
      65,
      1,
      4
     ],
     [
      66,
      242,
      10
     ],
     [
      308,
      1,
      7
     ]
    ],
    "67": [
     [
      32,
      1,
      5
     ],
     [
      33,
      26,
      10
     ],
     [
      59,
      1,
      6
     ],
     [
      65,
      1,
      1
     ],
     [
      66,
      242,
      10
     ],
     [
      308,
      1,
      7
     ]
    ],
    "68": [
     [
      28,
      1,
      3
     ],
     [
      31,
      1,
      2
     ],
     [
      32,
      1,
      9
     ],
     [
      33,
      27,
      10
     ],
     [
      60,
      1,
      2
     ],
     [
      64,
      1,
      1
     ],
     [
      65,
      1,
      7
     ],
     [
      66,
      2,
      3
     ],
     [
      68,
      1,
      7
     ],
     [
      69,
      1,
      9
     ],
     [
      70,
      238,
      10
     ],
     [
      308,
      1,
      3
     ]
    ],
    "69": [
     [
      30,
      1,
      6
     ],
     [
      31,
      29,
      10
     ],
     [
      60,
      1,
      8
     ],
     [
      61,
      1,
      2
     ],
     [
      64,
      1,
      3
     ],
     [
      65,
      1,
      6
     ],
     [
      70,
      1,
      7
     ],
     [
      71,
      237,
      10
     ],
     [
      308,
      1,
      1
     ]
    ],
    "70": [
     [
      30,
      1,
      6
     ],
     [
      31,
      30,
      10
     ],
     [
      66,
      1,
      1
     ],
     [
      71,
      1,
      6
     ],
     [
      72,
      236,
      10
     ]
    ],
    "71": [
     [
      30,
      1,
      6
     ],
     [
      31,
      29,
      10
     ],
     [
      60,
      1,
      9
     ],
     [
      67,
      1,
      10
     ],
     [
      68,
      1,
      1
     ],
     [
      72,
      1,
      6
     ],
     [
      73,
      234,
      10
     ],
     [
      307,
      1,
      7
     ]
    ],
    "72": [
     [
      27,
      1,
      2
     ],
     [
      28,
      1,
      6
     ],
     [
      31,
      1,
      4
     ],
     [
      32,
      28,
      10
     ],
     [
      60,
      1,
      6
     ],
     [
      65,
      1,
      2
     ],
     [
      66,
      1,
      6
     ],
     [
      67,
      1,
      8
     ],
     [
      68,
      1,
      1
     ],
     [
      73,
      1,
      7
     ],
     [
      74,
      233,
      10
     ],
     [
      307,
      1,
      4
     ]
    ],
    "73": [
     [
      26,
      1,
      7
     ],
     [
      27,
      1,
      10
     ],
     [
      28,
      1,
      3
     ],
     [
      31,
      1,
      2
     ],
     [
      32,
      1,
      9
     ],
     [
      33,
      26,
      10
     ],
     [
      59,
      1,
      6
     ],
     [
      60,
      1,
      2
     ],
     [
      65,
      1,
      4
     ],
     [
      66,
      1,
      10
     ],
     [
      74,
      1,
      6
     ],
     [
      75,
      232,
      10
     ],
     [
      307,
      1,
      3
     ]
    ],
    "74": [
     [
      26,
      1,
      10
     ],
     [
      27,
      1,
      9
     ],
     [
      28,
      1,
      1
     ],
     [
      33,
      1,
      7
     ],
     [
      34,
      24,
      10
     ],
     [
      58,
      1,
      7
     ],
     [
      66,
      1,
      10
     ],
     [
      67,
      1,
      1
     ],
     [
      75,
      1,
      2
     ],
     [
      76,
      1,
      9
     ],
     [
      77,
      230,
      10
     ],
     [
      307,
      1,
      1
     ]
    ],
    "75": [
     [
      24,
      1,
      1
     ],
     [
      26,
      1,
      5
     ],
     [
      27,
      1,
      4
     ],
     [
      31,
      1,
      5
     ],
     [
      32,
      1,
      7
     ],
     [
      33,
      1,
      9
     ],
     [
      34,
      10,
      10
     ],
     [
      44,
      1,
      8
     ],
     [
      45,
      1,
      9
     ],
     [
      46,
      12,
      10
     ],
     [
      58,
      1,
      6
     ],
     [
      65,
      1,
      1
     ],
     [
      66,
      1,
      10
     ],
     [
      67,
      1,
      2
     ],
     [
      76,
      1,
      6
     ],
     [
      77,
      230,
      10
     ]
    ],
    "76": [
     [
      23,
      1,
      3
     ],
     [
      24,
      2,
      1
     ],
     [
      26,
      1,
      6
     ],
     [
      27,
      1,
      7
     ],
     [
      28,
      1,
      3
     ],
     [
      30,
      1,
      1
     ],
     [
      31,
      1,
      8
     ],
     [
      32,
      12,
      10
     ],
     [
      44,
      1,
      3
     ],
     [
      46,
      1,
      8
     ],
     [
      47,
      10,
      10
     ],
     [
      57,
      1,
      8
     ],
     [
      58,
      1,
      2
     ],
     [
      66,
      1,
      4
     ],
     [
      67,
      1,
      2
     ],
     [
      77,
      1,
      5
     ],
     [
      78,
      228,
      10
     ],
     [
      306,
      1,
      6
     ]
    ],
    "77": [
     [
      23,
      2,
      9
     ],
     [
      25,
      1,
      8
     ],
     [
      26,
      2,
      10
     ],
     [
      28,
      1,
      7
     ],
     [
      29,
      1,
      1
     ],
     [
      32,
      12,
      10
     ],
     [
      44,
      1,
      8
     ],
     [
      47,
      2,
      3
     ],
     [
      49,
      1,
      4
     ],
     [
      50,
      1,
      9
     ],
     [
      51,
      6,
      10
     ],
     [
      57,
      1,
      2
     ],
     [
      66,
      1,
      2
     ],
     [
      67,
      1,
      5
     ],
     [
      78,
      1,
      9
     ],
     [
      79,
      227,
      10
     ],
     [
      306,
      1,
      5
     ]
    ],
    "78": [
     [
      20,
      1,
      2
     ],
     [
      21,
      2,
      5
     ],
     [
      23,
      6,
      10
     ],
     [
      29,
      1,
      4
     ],
     [
      31,
      1,
      3
     ],
     [
      32,
      13,
      10
     ],
     [
      45,
      1,
      7
     ],
     [
      46,
      1,
      6
     ],
     [
      47,
      1,
      2
     ],
     [
      49,
      1,
      2
     ],
     [
      50,
      7,
      10
     ],
     [
      78,
      1,
      7
     ],
     [
      79,
      227,
      10
     ],
     [
      306,
      1,
      3
     ]
    ],
    "79": [
     [
      20,
      1,
      4
     ],
     [
      21,
      8,
      10
     ],
     [
      29,
      1,
      8
     ],
     [
      30,
      1,
      5
     ],
     [
      31,
      1,
      8
     ],
     [
      32,
      1,
      6
     ],
     [
      33,
      1,
      4
     ],
     [
      34,
      1,
      7
     ],
     [
      35,
      21,
      10
     ],
     [
      56,
      1,
      8
     ],
     [
      71,
      1,
      4
     ],
     [
      72,
      1,
      5
     ],
     [
      73,
      1,
      8
     ],
     [
      79,
      1,
      6
     ],
     [
      80,
      226,
      10
     ]
    ],
    "80": [
     [
      18,
      1,
      1
     ],
     [
      21,
      1,
      7
     ],
     [
      22,
      9,
      10
     ],
     [
      31,
      1,
      8
     ],
     [
      34,
      1,
      5
     ],
     [
      35,
      22,
      10
     ],
     [
      71,
      1,
      2
     ],
     [
      72,
      1,
      10
     ],
     [
      73,
      1,
      8
     ],
     [
      79,
      1,
      3
     ],
     [
      80,
      225,
      10
     ],
     [
      305,
      1,
      9
     ]
    ],
    "81": [
     [
      17,
      1,
      3
     ],
     [
      18,
      1,
      8
     ],
     [
      21,
      1,
      1
     ],
     [
      22,
      1,
      8
     ],
     [
      23,
      8,
      10
     ],
     [
      31,
      1,
      5
     ],
     [
      33,
      1,
      2
     ],
     [
      34,
      12,
      10
     ],
     [
      47,
      1,
      4
     ],
     [
      48,
      8,
      10
     ],
     [
      56,
      1,
      5
     ],
     [
      72,
      1,
      8
     ],
     [
      73,
      1,
      9
     ],
     [
      79,
      1,
      5
     ],
     [
      80,
      225,
      10
     ],
     [
      305,
      1,
      7
     ]
    ],
    "82": [
     [
      17,
      1,
      1
     ],
     [
      18,
      1,
      6
     ],
     [
      22,
      1,
      7
     ],
     [
      23,
      3,
      10
     ],
     [
      26,
      1,
      9
     ],
     [
      28,
      1,
      3
     ],
     [
      29,
      1,
      9
     ],
     [
      30,
      1,
      10
     ],
     [
      31,
      1,
      6
     ],
     [
      33,
      1,
      7
     ],
     [
      34,
      11,
      10
     ],
     [
      45,
      1,
      9
     ],
     [
      46,
      2,
      2
     ],
     [
      48,
      1,
      8
     ],
     [
      49,
      7,
      10
     ],
     [
      67,
      1,
      1
     ],
     [
      72,
      1,
      2
     ],
     [
      73,
      1,
      8
     ],
     [
      74,
      1,
      4
     ],
     [
      75,
      1,
      2
     ],
     [
      79,
      1,
      1
     ],
     [
      80,
      225,
      10
     ],
     [
      305,
      1,
      5
     ]
    ],
    "83": [
     [
      18,
      1,
      2
     ],
     [
      19,
      1,
      3
     ],
     [
      23,
      1,
      7
     ],
     [
      24,
      2,
      10
     ],
     [
      26,
      1,
      3
     ],
     [
      28,
      1,
      2
     ],
     [
      29,
      3,
      10
     ],
     [
      32,
      1,
      8
     ],
     [
      33,
      13,
      10
     ],
     [
      46,
      1,
      4
     ],
     [
      48,
      7,
      10
     ],
     [
      55,
      1,
      8
     ],
     [
      67,
      1,
      2
     ],
     [
      68,
      1,
      3
     ],
     [
      74,
      1,
      6
     ],
     [
      75,
      1,
      10
     ],
     [
      76,
      1,
      9
     ],
     [
      77,
      1,
      2
     ],
     [
      80,
      1,
      8
     ],
     [
      81,
      224,
      10
     ],
     [
      305,
      1,
      3
     ]
    ],
    "84": [
     [
      23,
      1,
      5
     ],
     [
      24,
      2,
      10
     ],
     [
      26,
      1,
      2
     ],
     [
      28,
      1,
      7
     ],
     [
      29,
      26,
      10
     ],
     [
      55,
      1,
      7
     ],
     [
      75,
      1,
      3
     ],
     [
      76,
      1,
      5
     ],
     [
      77,
      1,
      6
     ],
     [
      80,
      1,
      8
     ],
     [
      81,
      224,
      10
     ]
    ],
    "85": [
     [
      23,
      2,
      7
     ],
     [
      25,
      1,
      6
     ],
     [
      26,
      1,
      1
     ],
     [
      28,
      1,
      3
     ],
     [
      29,
      2,
      10
     ],
     [
      31,
      1,
      8
     ],
     [
      32,
      1,
      4
     ],
     [
      33,
      1,
      5
     ],
     [
      34,
      1,
      8
     ],
     [
      35,
      20,
      10
     ],
     [
      55,
      1,
      8
     ],
     [
      77,
      1,
      6
     ],
     [
      80,
      1,
      6
     ],
     [
      81,
      223,
      10
     ],
     [
      304,
      1,
      9
     ]
    ],
    "86": [
     [
      22,
      1,
      7
     ],
     [
      23,
      1,
      9
     ],
     [
      24,
      1,
      2
     ],
     [
      28,
      1,
      4
     ],
     [
      29,
      1,
      10
     ],
     [
      30,
      1,
      6
     ],
     [
      31,
      1,
      2
     ],
     [
      36,
      1,
      4
     ],
     [
      37,
      1,
      6
     ],
     [
      38,
      17,
      10
     ],
     [
      55,
      1,
      9
     ],
     [
      76,
      1,
      2
     ],
     [
      77,
      1,
      9
     ],
     [
      78,
      2,
      2
     ],
     [
      80,
      1,
      3
     ],
     [
      81,
      1,
      8
     ],
     [
      82,
      222,
      10
     ],
     [
      304,
      1,
      7
     ]
    ],
    "87": [
     [
      22,
      1,
      4
     ],
     [
      23,
      1,
      9
     ],
     [
      24,
      1,
      6
     ],
     [
      25,
      1,
      2
     ],
     [
      27,
      1,
      2
     ],
     [
      28,
      1,
      9
     ],
     [
      29,
      1,
      10
     ],
     [
      30,
      1,
      2
     ],
     [
      38,
      17,
      10
     ],
     [
      55,
      1,
      9
     ],
     [
      56,
      1,
      2
     ],
     [
      73,
      1,
      4
     ],
     [
      74,
      1,
      7
     ],
     [
      75,
      1,
      6
     ],
     [
      76,
      1,
      9
     ],
     [
      77,
      2,
      10
     ],
     [
      79,
      1,
      4
     ],
     [
      81,
      1,
      1
     ],
     [
      82,
      1,
      8
     ],
     [
      83,
      221,
      10
     ],
     [
      304,
      1,
      3
     ]
    ],
    "88": [
     [
      23,
      1,
      4
     ],
     [
      24,
      1,
      9
     ],
     [
      25,
      1,
      10
     ],
     [
      26,
      1,
      4
     ],
     [
      28,
      1,
      8
     ],
     [
      29,
      1,
      10
     ],
     [
      30,
      1,
      3
     ],
     [
      32,
      1,
      3
     ],
     [
      33,
      1,
      4
     ],
     [
      36,
      1,
      2
     ],
     [
      37,
      1,
      8
     ],
     [
      38,
      18,
      10
     ],
     [
      56,
      1,
      1
     ],
     [
      73,
      1,
      2
     ],
     [
      74,
      1,
      9
     ],
     [
      75,
      4,
      10
     ],
     [
      79,
      1,
      2
     ],
     [
      82,
      1,
      1
     ],
     [
      83,
      1,
      9
     ],
     [
      84,
      220,
      10
     ],
     [
      304,
      1,
      3
     ]
    ],
    "89": [
     [
      24,
      1,
      1
     ],
     [
      25,
      3,
      10
     ],
     [
      28,
      1,
      8
     ],
     [
      29,
      1,
      3
     ],
     [
      30,
      1,
      1
     ],
     [
      32,
      1,
      4
     ],
     [
      33,
      2,
      6
     ],
     [
      35,
      1,
      9
     ],
     [
      36,
      20,
      10
     ],
     [
      56,
      1,
      1
     ],
     [
      74,
      1,
      3
     ],
     [
      75,
      1,
      9
     ],
     [
      76,
      4,
      10
     ],
     [
      80,
      1,
      3
     ],
     [
      83,
      1,
      7
     ],
     [
      84,
      220,
      10
     ]
    ],
    "90": [
     [
      24,
      1,
      1
     ],
     [
      25,
      1,
      7
     ],
     [
      26,
      1,
      10
     ],
     [
      27,
      1,
      4
     ],
     [
      32,
      1,
      1
     ],
     [
      35,
      21,
      10
     ],
     [
      56,
      1,
      4
     ],
     [
      69,
      2,
      2
     ],
     [
      75,
      1,
      1
     ],
     [
      76,
      1,
      10
     ],
     [
      77,
      1,
      6
     ],
     [
      78,
      1,
      7
     ],
     [
      79,
      1,
      3
     ],
     [
      84,
      1,
      8
     ],
     [
      85,
      218,
      10
     ],
     [
      303,
      1,
      9
     ]
    ],
    "91": [
     [
      26,
      1,
      4
     ],
     [
      32,
      1,
      2
     ],
     [
      33,
      2,
      7
     ],
     [
      35,
      21,
      10
     ],
     [
      56,
      1,
      8
     ],
     [
      70,
      1,
      3
     ],
     [
      76,
      1,
      4
     ],
     [
      84,
      1,
      7
     ],
     [
      85,
      218,
      10
     ],
     [
      303,
      1,
      6
     ]
    ],
    "92": [
     [
      34,
      1,
      9
     ],
     [
      35,
      22,
      10
     ],
     [
      57,
      1,
      5
     ],
     [
      70,
      1,
      4
     ],
     [
      71,
      1,
      1
     ],
     [
      73,
      1,
      1
     ],
     [
      74,
      1,
      6
     ],
     [
      75,
      1,
      4
     ],
     [
      76,
      1,
      8
     ],
     [
      77,
      1,
      10
     ],
     [
      78,
      1,
      6
     ],
     [
      81,
      2,
      1
     ],
     [
      84,
      1,
      9
     ],
     [
      85,
      218,
      10
     ],
     [
      303,
      1,
      4
     ]
    ],
    "93": [
     [
      16,
      1,
      1
     ],
     [
      24,
      1,
      2
     ],
     [
      34,
      1,
      9
     ],
     [
      35,
      23,
      10
     ],
     [
      58,
      1,
      4
     ],
     [
      74,
      1,
      5
     ],
     [
      75,
      4,
      10
     ],
     [
      79,
      1,
      1
     ],
     [
      81,
      2,
      3
     ],
     [
      83,
      1,
      5
     ],
     [
      84,
      219,
      10
     ],
     [
      303,
      1,
      4
     ]
    ],
    "94": [
     [
      15,
      1,
      2
     ],
     [
      16,
      1,
      3
     ],
     [
      34,
      1,
      5
     ],
     [
      35,
      23,
      10
     ],
     [
      58,
      1,
      9
     ],
     [
      74,
      1,
      4
     ],
     [
      75,
      4,
      10
     ],
     [
      79,
      1,
      3
     ],
     [
      83,
      2,
      10
     ],
     [
      85,
      1,
      9
     ],
     [
      86,
      1,
      2
     ],
     [
      87,
      1,
      3
     ],
     [
      88,
      1,
      9
     ],
     [
      89,
      214,
      10
     ],
     [
      303,
      1,
      3
     ]
    ],
    "95": [
     [
      15,
      1,
      2
     ],
     [
      35,
      1,
      7
     ],
     [
      36,
      4,
      10
     ],
     [
      40,
      1,
      2
     ],
     [
      41,
      1,
      7
     ],
     [
      42,
      17,
      10
     ],
     [
      59,
      1,
      6
     ],
     [
      72,
      1,
      1
     ],
     [
      73,
      1,
      2
     ],
     [
      74,
      1,
      8
     ],
     [
      75,
      1,
      9
     ],
     [
      76,
      2,
      10
     ],
     [
      78,
      1,
      4
     ],
     [
      81,
      1,
      2
     ],
     [
      82,
      1,
      8
     ],
     [
      83,
      2,
      10
     ],
     [
      85,
      1,
      5
     ],
     [
      88,
      1,
      2
     ],
     [
      89,
      214,
      10
     ],
     [
      303,
      1,
      2
     ]
    ],
    "96": [
     [
      35,
      1,
      8
     ],
     [
      36,
      3,
      10
     ],
     [
      39,
      1,
      8
     ],
     [
      41,
      1,
      4
     ],
     [
      42,
      17,
      10
     ],
     [
      59,
      1,
      5
     ],
     [
      60,
      1,
      1
     ],
     [
      73,
      2,
      2
     ],
     [
      75,
      1,
      1
     ],
     [
      77,
      1,
      5
     ],
     [
      81,
      1,
      7
     ],
     [
      82,
      3,
      10
     ],
     [
      85,
      1,
      1
     ],
     [
      89,
      1,
      9
     ],
     [
      90,
      213,
      10
     ]
    ],
    "97": [
     [
      18,
      1,
      2
     ],
     [
      35,
      1,
      4
     ],
     [
      36,
      3,
      10
     ],
     [
      39,
      1,
      6
     ],
     [
      41,
      1,
      6
     ],
     [
      42,
      18,
      10
     ],
     [
      60,
      1,
      7
     ],
     [
      80,
      1,
      5
     ],
     [
      81,
      1,
      9
     ],
     [
      82,
      3,
      10
     ],
     [
      85,
      1,
      2
     ],
     [
      89,
      1,
      1
     ],
     [
      90,
      1,
      9
     ],
     [
      91,
      211,
      10
     ],
     [
      302,
      1,
      7
     ]
    ],
    "98": [
     [
      35,
      1,
      3
     ],
     [
      36,
      3,
      10
     ],
     [
      39,
      1,
      6
     ],
     [
      40,
      1,
      4
     ],
     [
      41,
      1,
      8
     ],
     [
      42,
      18,
      10
     ],
     [
      80,
      1,
      4
     ],
     [
      81,
      6,
      10
     ],
     [
      87,
      1,
      4
     ],
     [
      90,
      1,
      1
     ],
     [
      91,
      211,
      10
     ],
     [
      302,
      1,
      6
     ]
    ],
    "99": [
     [
      35,
      1,
      7
     ],
     [
      36,
      23,
      10
     ],
     [
      59,
      1,
      7
     ],
     [
      79,
      1,
      3
     ],
     [
      80,
      1,
      9
     ],
     [
      81,
      4,
      10
     ],
     [
      85,
      1,
      2
     ],
     [
      86,
      1,
      7
     ],
     [
      87,
      1,
      8
     ],
     [
      88,
      1,
      2
     ],
     [
      91,
      1,
      3
     ],
     [
      92,
      210,
      10
     ],
     [
      302,
      1,
      4
     ]
    ],
    "100": [
     [
      34,
      1,
      1
     ],
     [
      35,
      1,
      8
     ],
     [
      36,
      23,
      10
     ],
     [
      59,
      1,
      9
     ],
     [
      78,
      1,
      7
     ],
     [
      79,
      5,
      10
     ],
     [
      84,
      1,
      9
     ],
     [
      87,
      1,
      6
     ],
     [
      88,
      1,
      1
     ],
     [
      92,
      1,
      8
     ],
     [
      93,
      209,
      10
     ],
     [
      302,
      1,
      1
     ]
    ],
    "101": [
     [
      34,
      1,
      4
     ],
     [
      35,
      25,
      10
     ],
     [
      78,
      1,
      2
     ],
     [
      79,
      5,
      10
     ],
     [
      84,
      1,
      8
     ],
     [
      92,
      1,
      1
     ],
     [
      93,
      1,
      9
     ],
     [
      94,
      208,
      10
     ]
    ],
    "102": [
     [
      34,
      1,
      8
     ],
     [
      35,
      25,
      10
     ],
     [
      60,
      1,
      3
     ],
     [
      78,
      1,
      1
     ],
     [
      79,
      5,
      10
     ],
     [
      84,
      1,
      9
     ],
     [
      85,
      1,
      2
     ],
     [
      93,
      1,
      5
     ],
     [
      94,
      207,
      10
     ],
     [
      301,
      1,
      7
     ]
    ],
    "103": [
     [
      33,
      1,
      5
     ],
     [
      34,
      26,
      10
     ],
     [
      60,
      1,
      9
     ],
     [
      61,
      1,
      2
     ],
     [
      78,
      1,
      4
     ],
     [
      79,
      1,
      9
     ],
     [
      80,
      5,
      10
     ],
     [
      85,
      1,
      9
     ],
     [
      86,
      1,
      4
     ],
     [
      93,
      1,
      3
     ],
     [
      94,
      207,
      10
     ],
     [
      301,
      1,
      7
     ]
    ],
    "104": [
     [
      32,
      1,
      6
     ],
     [
      33,
      28,
      10
     ],
     [
      61,
      1,
      6
     ],
     [
      79,
      1,
      4
     ],
     [
      80,
      1,
      9
     ],
     [
      81,
      4,
      10
     ],
     [
      85,
      1,
      7
     ],
     [
      86,
      1,
      2
     ],
     [
      91,
      1,
      2
     ],
     [
      92,
      1,
      1
     ],
     [
      93,
      1,
      7
     ],
     [
      94,
      207,
      10
     ],
     [
      301,
      1,
      3
     ]
    ],
    "105": [
     [
      33,
      1,
      7
     ],
     [
      34,
      28,
      10
     ],
     [
      80,
      1,
      2
     ],
     [
      81,
      1,
      9
     ],
     [
      82,
      2,
      10
     ],
     [
      90,
      1,
      1
     ],
     [
      91,
      1,
      5
     ],
     [
      92,
      1,
      8
     ],
     [
      93,
      208,
      10
     ],
     [
      301,
      1,
      1
     ]
    ],
    "106": [
     [
      33,
      1,
      3
     ],
     [
      34,
      27,
      10
     ],
     [
      61,
      1,
      7
     ],
     [
      81,
      1,
      1
     ],
     [
      82,
      2,
      7
     ],
     [
      93,
      1,
      5
     ],
     [
      94,
      207,
      10
     ]
    ],
    "107": [
     [
      26,
      1,
      1
     ],
     [
      32,
      1,
      2
     ],
     [
      33,
      1,
      3
     ],
     [
      34,
      27,
      10
     ],
     [
      61,
      1,
      8
     ],
     [
      62,
      1,
      1
     ],
     [
      94,
      1,
      7
     ],
     [
      95,
      205,
      10
     ],
     [
      300,
      1,
      7
     ]
    ],
    "108": [
     [
      26,
      1,
      5
     ],
     [
      27,
      1,
      8
     ],
     [
      28,
      1,
      1
     ],
     [
      31,
      1,
      1
     ],
     [
      32,
      1,
      8
     ],
     [
      33,
      29,
      10
     ],
     [
      62,
      1,
      4
     ],
     [
      94,
      1,
      2
     ],
     [
      95,
      205,
      10
     ],
     [
      300,
      1,
      5
     ]
    ],
    "109": [
     [
      23,
      1,
      1
     ],
     [
      24,
      2,
      9
     ],
     [
      26,
      2,
      10
     ],
     [
      28,
      1,
      3
     ],
     [
      30,
      1,
      1
     ],
     [
      31,
      1,
      6
     ],
     [
      32,
      30,
      10
     ],
     [
      62,
      1,
      7
     ],
     [
      85,
      1,
      3
     ],
     [
      95,
      1,
      3
     ],
     [
      96,
      204,
      10
     ],
     [
      300,
      1,
      3
     ]
    ],
    "110": [
     [
      23,
      1,
      3
     ],
     [
      24,
      1,
      9
     ],
     [
      27,
      2,
      10
     ],
     [
      29,
      1,
      8
     ],
     [
      30,
      1,
      9
     ],
     [
      31,
      32,
      10
     ],
     [
      63,
      1,
      1
     ],
     [
      85,
      1,
      7
     ],
     [
      86,
      1,
      10
     ],
     [
      87,
      1,
      3
     ],
     [
      96,
      1,
      6
     ],
     [
      97,
      203,
      10
     ],
     [
      300,
      1,
      1
     ]
    ],
    "111": [
     [
      27,
      1,
      7
     ],
     [
      28,
      1,
      8
     ],
     [
      29,
      34,
      10
     ],
     [
      63,
      1,
      9
     ],
     [
      86,
      1,
      4
     ],
     [
      92,
      1,
      1
     ],
     [
      97,
      1,
      8
     ],
     [
      98,
      202,
      10
     ]
    ],
    "112": [
     [
      28,
      1,
      1
     ],
     [
      29,
      1,
      6
     ],
     [
      30,
      34,
      10
     ],
     [
      64,
      1,
      6
     ],
     [
      91,
      1,
      2
     ],
     [
      92,
      1,
      9
     ],
     [
      97,
      1,
      1
     ],
     [
      98,
      1,
      9
     ],
     [
      99,
      200,
      10
     ],
     [
      299,
      1,
      7
     ]
    ],
    "113": [
     [
      30,
      1,
      9
     ],
     [
      31,
      33,
      10
     ],
     [
      64,
      1,
      1
     ],
     [
      91,
      1,
      4
     ],
     [
      92,
      1,
      6
     ],
     [
      98,
      1,
      2
     ],
     [
      99,
      200,
      10
     ],
     [
      299,
      1,
      4
     ]
    ],
    "114": [
     [
      27,
      1,
      1
     ],
     [
      28,
      1,
      2
     ],
     [
      29,
      1,
      1
     ],
     [
      30,
      34,
      10
     ],
     [
      64,
      1,
      1
     ],
     [
      99,
      1,
      4
     ],
     [
      100,
      199,
      10
     ],
     [
      299,
      1,
      4
     ]
    ],
    "115": [
     [
      21,
      1,
      1
     ],
     [
      23,
      1,
      2
     ],
     [
      24,
      1,
      1
     ],
     [
      25,
      1,
      3
     ],
     [
      26,
      1,
      6
     ],
     [
      27,
      1,
      9
     ],
     [
      28,
      36,
      10
     ],
     [
      64,
      1,
      4
     ],
     [
      99,
      1,
      8
     ],
     [
      100,
      199,
      10
     ]
    ],
    "116": [
     [
      18,
      1,
      1
     ],
     [
      19,
      1,
      6
     ],
     [
      20,
      1,
      8
     ],
     [
      21,
      44,
      10
     ],
     [
      65,
      1,
      5
     ],
     [
      66,
      1,
      1
     ],
     [
      90,
      1,
      5
     ],
     [
      91,
      1,
      1
     ],
     [
      97,
      1,
      3
     ],
     [
      98,
      1,
      8
     ],
     [
      99,
      199,
      10
     ],
     [
      298,
      1,
      9
     ]
    ],
    "117": [
     [
      18,
      1,
      9
     ],
     [
      19,
      47,
      10
     ],
     [
      66,
      1,
      1
     ],
     [
      98,
      1,
      9
     ],
     [
      99,
      199,
      10
     ],
     [
      298,
      1,
      7
     ]
    ],
    "118": [
     [
      16,
      1,
      1
     ],
     [
      17,
      1,
      5
     ],
     [
      18,
      3,
      10
     ],
     [
      21,
      1,
      7
     ],
     [
      23,
      1,
      3
     ],
     [
      24,
      1,
      8
     ],
     [
      25,
      4,
      10
     ],
     [
      29,
      2,
      6
     ],
     [
      31,
      1,
      9
     ],
     [
      32,
      34,
      10
     ],
     [
      95,
      1,
      3
     ],
     [
      98,
      1,
      7
     ],
     [
      99,
      199,
      10
     ],
     [
      298,
      1,
      5
     ]
    ],
    "119": [
     [
      8,
      1,
      3
     ],
     [
      9,
      2,
      2
     ],
     [
      11,
      1,
      4
     ],
     [
      12,
      1,
      1
     ],
     [
      13,
      1,
      3
     ],
     [
      14,
      1,
      2
     ],
     [
      17,
      1,
      6
     ],
     [
      18,
      1,
      10
     ],
     [
      19,
      1,
      6
     ],
     [
      20,
      1,
      5
     ],
     [
      25,
      1,
      4
     ],
     [
      26,
      2,
      3
     ],
     [
      28,
      1,
      1
     ],
     [
      31,
      1,
      3
     ],
     [
      32,
      34,
      10
     ],
     [
      66,
      1,
      4
     ],
     [
      69,
      1,
      3
     ],
     [
      95,
      1,
      8
     ],
     [
      98,
      1,
      3
     ],
     [
      99,
      199,
      10
     ],
     [
      298,
      1,
      2
     ]
    ],
    "120": [
     [
      8,
      1,
      8
     ],
     [
      9,
      6,
      10
     ],
     [
      15,
      1,
      3
     ],
     [
      31,
      1,
      5
     ],
     [
      32,
      35,
      10
     ],
     [
      67,
      1,
      1
     ],
     [
      69,
      1,
      2
     ],
     [
      93,
      1,
      1
     ],
     [
      94,
      1,
      4
     ],
     [
      95,
      1,
      2
     ],
     [
      99,
      1,
      8
     ],
     [
      100,
      198,
      10
     ]
    ],
    "121": [
     [
      8,
      2,
      7
     ],
     [
      10,
      5,
      10
     ],
     [
      15,
      1,
      4
     ],
     [
      26,
      1,
      1
     ],
     [
      30,
      1,
      2
     ],
     [
      31,
      37,
      10
     ],
     [
      68,
      1,
      9
     ],
     [
      94,
      1,
      1
     ],
     [
      100,
      197,
      10
     ],
     [
      297,
      1,
      8
     ]
    ],
    "122": [
     [
      10,
      1,
      7
     ],
     [
      11,
      1,
      10
     ],
     [
      12,
      1,
      7
     ],
     [
      13,
      1,
      1
     ],
     [
      14,
      1,
      2
     ],
     [
      26,
      1,
      1
     ],
     [
      27,
      2,
      3
     ],
     [
      29,
      1,
      6
     ],
     [
      30,
      1,
      9
     ],
     [
      31,
      38,
      10
     ],
     [
      69,
      1,
      2
     ],
     [
      100,
      1,
      9
     ],
     [
      101,
      196,
      10
     ],
     [
      297,
      1,
      7
     ]
    ],
    "123": [
     [
      10,
      2,
      6
     ],
     [
      26,
      1,
      7
     ],
     [
      27,
      42,
      10
     ],
     [
      69,
      1,
      6
     ],
     [
      70,
      1,
      1
     ],
     [
      100,
      1,
      6
     ],
     [
      101,
      196,
      10
     ],
     [
      297,
      1,
      3
     ]
    ],
    "124": [
     [
      26,
      1,
      2
     ],
     [
      27,
      1,
      8
     ],
     [
      28,
      42,
      10
     ],
     [
      70,
      1,
      7
     ],
     [
      100,
      1,
      3
     ],
     [
      101,
      196,
      10
     ],
     [
      297,
      1,
      2
     ]
    ],
    "125": [
     [
      27,
      1,
      5
     ],
     [
      28,
      1,
      8
     ],
     [
      29,
      43,
      10
     ],
     [
      72,
      1,
      5
     ],
     [
      100,
      1,
      2
     ],
     [
      101,
      1,
      9
     ],
     [
      102,
      195,
      10
     ]
    ],
    "126": [
     [
      11,
      1,
      1
     ],
     [
      28,
      1,
      1
     ],
     [
      29,
      1,
      6
     ],
     [
      30,
      42,
      10
     ],
     [
      72,
      1,
      1
     ],
     [
      101,
      1,
      6
     ],
     [
      102,
      194,
      10
     ],
     [
      296,
      1,
      8
     ]
    ],
    "127": [
     [
      29,
      1,
      3
     ],
     [
      30,
      42,
      10
     ],
     [
      72,
      1,
      7
     ],
     [
      102,
      194,
      10
     ],
     [
      296,
      1,
      6
     ]
    ],
    "128": [
     [
      29,
      1,
      6
     ],
     [
      30,
      42,
      10
     ],
     [
      72,
      1,
      8
     ],
     [
      102,
      1,
      6
     ],
     [
      103,
      193,
      10
     ],
     [
      296,
      1,
      3
     ]
    ],
    "129": [
     [
      28,
      1,
      3
     ],
     [
      29,
      45,
      10
     ],
     [
      74,
      1,
      6
     ],
     [
      75,
      1,
      1
     ],
     [
      99,
      2,
      1
     ],
     [
      102,
      1,
      2
     ],
     [
      103,
      193,
      10
     ],
     [
      296,
      1,
      2
     ]
    ],
    "130": [
     [
      27,
      1,
      1
     ],
     [
      28,
      1,
      5
     ],
     [
      29,
      46,
      10
     ],
     [
      75,
      1,
      2
     ],
     [
      103,
      1,
      7
     ],
     [
      104,
      192,
      10
     ]
    ],
    "131": [
     [
      28,
      1,
      1
     ],
     [
      29,
      46,
      10
     ],
     [
      103,
      1,
      1
     ],
     [
      104,
      191,
      10
     ],
     [
      295,
      1,
      7
     ]
    ],
    "132": [
     [
      28,
      1,
      2
     ],
     [
      29,
      46,
      10
     ],
     [
      75,
      1,
      8
     ],
     [
      76,
      1,
      1
     ],
     [
      104,
      1,
      3
     ],
     [
      105,
      190,
      10
     ],
     [
      295,
      1,
      6
     ]
    ],
    "133": [
     [
      28,
      1,
      2
     ],
     [
      29,
      3,
      10
     ],
     [
      32,
      1,
      8
     ],
     [
      33,
      1,
      7
     ],
     [
      34,
      44,
      10
     ],
     [
      78,
      1,
      7
     ],
     [
      79,
      1,
      1
     ],
     [
      105,
      1,
      6
     ],
     [
      106,
      189,
      10
     ],
     [
      295,
      1,
      4
     ]
    ],
    "134": [
     [
      29,
      2,
      10
     ],
     [
      31,
      1,
      2
     ],
     [
      32,
      1,
      1
     ],
     [
      34,
      1,
      7
     ],
     [
      35,
      43,
      10
     ],
     [
      78,
      1,
      7
     ],
     [
      105,
      1,
      3
     ],
     [
      106,
      189,
      10
     ],
     [
      295,
      1,
      1
     ]
    ],
    "135": [
     [
      31,
      1,
      1
     ],
     [
      32,
      1,
      3
     ],
     [
      33,
      1,
      8
     ],
     [
      34,
      1,
      9
     ],
     [
      35,
      42,
      10
     ],
     [
      77,
      1,
      5
     ],
     [
      78,
      1,
      4
     ],
     [
      106,
      1,
      5
     ],
     [
      107,
      188,
      10
     ]
    ],
    "136": [
     [
      31,
      45,
      10
     ],
     [
      76,
      1,
      8
     ],
     [
      107,
      1,
      7
     ],
     [
      108,
      186,
      10
     ],
     [
      294,
      1,
      7
     ]
    ],
    "137": [
     [
      29,
      2,
      8
     ],
     [
      31,
      45,
      10
     ],
     [
      76,
      1,
      9
     ],
     [
      77,
      1,
      4
     ],
     [
      82,
      2,
      1
     ],
     [
      84,
      1,
      4
     ],
     [
      107,
      1,
      2
     ],
     [
      108,
      1,
      8
     ],
     [
      109,
      185,
      10
     ],
     [
      294,
      1,
      7
     ]
    ],
    "138": [
     [
      29,
      1,
      10
     ],
     [
      30,
      1,
      2
     ],
     [
      31,
      2,
      7
     ],
     [
      33,
      26,
      10
     ],
     [
      59,
      1,
      5
     ],
     [
      60,
      1,
      9
     ],
     [
      61,
      17,
      10
     ],
     [
      78,
      1,
      4
     ],
     [
      79,
      1,
      3
     ],
     [
      80,
      2,
      1
     ],
     [
      82,
      1,
      3
     ],
     [
      83,
      1,
      10
     ],
     [
      108,
      1,
      2
     ],
     [
      109,
      99,
      10
     ],
     [
      208,
      1,
      9
     ],
     [
      209,
      1,
      2
     ],
     [
      210,
      1,
      1
     ],
     [
      211,
      1,
      4
     ],
     [
      212,
      82,
      10
     ],
     [
      294,
      1,
      3
     ]
    ],
    "139": [
     [
      29,
      1,
      2
     ],
     [
      33,
      1,
      3
     ],
     [
      34,
      24,
      10
     ],
     [
      58,
      1,
      4
     ],
     [
      61,
      1,
      8
     ],
     [
      62,
      22,
      10
     ],
     [
      84,
      1,
      5
     ],
     [
      85,
      1,
      4
     ],
     [
      109,
      1,
      2
     ],
     [
      110,
      98,
      10
     ],
     [
      208,
      1,
      8
     ],
     [
      209,
      1,
      1
     ],
     [
      212,
      82,
      10
     ],
     [
      294,
      1,
      1
     ]
    ],
    "140": [
     [
      34,
      1,
      6
     ],
     [
      35,
      23,
      10
     ],
     [
      62,
      1,
      9
     ],
     [
      63,
      23,
      10
     ],
     [
      86,
      1,
      4
     ],
     [
      110,
      1,
      2
     ],
     [
      111,
      1,
      9
     ],
     [
      112,
      98,
      10
     ],
     [
      210,
      1,
      8
     ],
     [
      211,
      83,
      10
     ]
    ],
    "141": [
     [
      35,
      23,
      10
     ],
     [
      58,
      1,
      1
     ],
     [
      62,
      24,
      10
     ],
     [
      86,
      1,
      8
     ],
     [
      111,
      1,
      1
     ],
     [
      112,
      1,
      9
     ],
     [
      113,
      180,
      10
     ],
     [
      293,
      1,
      7
     ]
    ],
    "142": [
     [
      34,
      1,
      1
     ],
     [
      35,
      1,
      9
     ],
     [
      36,
      22,
      10
     ],
     [
      58,
      1,
      4
     ],
     [
      60,
      1,
      1
     ],
     [
      61,
      26,
      10
     ],
     [
      87,
      1,
      2
     ],
     [
      89,
      1,
      1
     ],
     [
      112,
      1,
      1
     ],
     [
      113,
      1,
      9
     ],
     [
      114,
      5,
      10
     ],
     [
      119,
      1,
      2
     ],
     [
      120,
      1,
      3
     ],
     [
      121,
      1,
      6
     ],
     [
      122,
      1,
      8
     ],
     [
      123,
      170,
      10
     ],
     [
      293,
      1,
      4
     ]
    ],
    "143": [
     [
      35,
      1,
      6
     ],
     [
      36,
      22,
      10
     ],
     [
      58,
      1,
      9
     ],
     [
      59,
      1,
      7
     ],
     [
      60,
      1,
      9
     ],
     [
      61,
      26,
      10
     ],
     [
      87,
      1,
      9
     ],
     [
      88,
      1,
      8
     ],
     [
      114,
      1,
      6
     ],
     [
      115,
      3,
      10
     ],
     [
      118,
      1,
      7
     ],
     [
      122,
      1,
      1
     ],
     [
      123,
      170,
      10
     ],
     [
      293,
      1,
      3
     ]
    ],
    "144": [
     [
      35,
      1,
      5
     ],
     [
      36,
      53,
      10
     ],
     [
      115,
      1,
      3
     ],
     [
      116,
      1,
      4
     ],
     [
      117,
      1,
      8
     ],
     [
      118,
      1,
      10
     ],
     [
      123,
      1,
      7
     ],
     [
      124,
      169,
      10
     ],
     [
      293,
      1,
      1
     ]
    ],
    "145": [
     [
      36,
      3,
      10
     ],
     [
      39,
      1,
      9
     ],
     [
      40,
      1,
      3
     ],
     [
      41,
      1,
      6
     ],
     [
      42,
      47,
      10
     ],
     [
      89,
      1,
      8
     ],
     [
      117,
      1,
      4
     ],
     [
      118,
      1,
      7
     ],
     [
      121,
      1,
      1
     ],
     [
      122,
      1,
      8
     ],
     [
      123,
      1,
      6
     ],
     [
      124,
      1,
      5
     ],
     [
      125,
      1,
      9
     ],
     [
      126,
      167,
      10
     ]
    ],
    "146": [
     [
      36,
      1,
      8
     ],
     [
      37,
      2,
      10
     ],
     [
      39,
      1,
      7
     ],
     [
      41,
      1,
      1
     ],
     [
      42,
      46,
      10
     ],
     [
      88,
      1,
      6
     ],
     [
      89,
      1,
      1
     ],
     [
      117,
      1,
      3
     ],
     [
      118,
      2,
      10
     ],
     [
      120,
      1,
      5
     ],
     [
      121,
      1,
      4
     ],
     [
      122,
      1,
      3
     ],
     [
      123,
      1,
      1
     ],
     [
      125,
      1,
      4
     ],
     [
      126,
      166,
      10
     ],
     [
      292,
      1,
      6
     ]
    ],
    "147": [
     [
      35,
      1,
      3
     ],
     [
      36,
      2,
      10
     ],
     [
      38,
      1,
      7
     ],
     [
      41,
      1,
      6
     ],
     [
      42,
      40,
      10
     ],
     [
      82,
      1,
      7
     ],
     [
      84,
      1,
      1
     ],
     [
      86,
      1,
      2
     ],
     [
      87,
      1,
      4
     ],
     [
      88,
      1,
      1
     ],
     [
      117,
      1,
      1
     ],
     [
      119,
      1,
      2
     ],
     [
      126,
      1,
      6
     ],
     [
      127,
      165,
      10
     ],
     [
      292,
      1,
      5
     ]
    ],
    "148": [
     [
      34,
      1,
      7
     ],
     [
      35,
      3,
      10
     ],
     [
      38,
      1,
      7
     ],
     [
      39,
      2,
      4
     ],
     [
      41,
      28,
      10
     ],
     [
      69,
      1,
      8
     ],
     [
      70,
      1,
      5
     ],
     [
      71,
      1,
      7
     ],
     [
      72,
      10,
      10
     ],
     [
      82,
      1,
      8
     ],
     [
      83,
      1,
      3
     ],
     [
      126,
      1,
      1
     ],
     [
      127,
      1,
      9
     ],
     [
      128,
      164,
      10
     ],
     [
      292,
      1,
      3
     ]
    ],
    "149": [
     [
      32,
      1,
      1
     ],
     [
      33,
      1,
      8
     ],
     [
      34,
      21,
      10
     ],
     [
      55,
      1,
      9
     ],
     [
      56,
      1,
      7
     ],
     [
      57,
      1,
      9
     ],
     [
      58,
      10,
      10
     ],
     [
      68,
      1,
      9
     ],
     [
      69,
      1,
      3
     ],
     [
      73,
      1,
      4
     ],
     [
      74,
      1,
      9
     ],
     [
      75,
      8,
      10
     ],
     [
      83,
      1,
      8
     ],
     [
      84,
      1,
      1
     ],
     [
      127,
      1,
      3
     ],
     [
      128,
      164,
      10
     ]
    ],
    "150": [
     [
      30,
      1,
      1
     ],
     [
      31,
      1,
      6
     ],
     [
      32,
      23,
      10
     ],
     [
      55,
      1,
      3
     ],
     [
      57,
      1,
      1
     ],
     [
      58,
      1,
      7
     ],
     [
      59,
      9,
      10
     ],
     [
      68,
      1,
      7
     ],
     [
      75,
      1,
      1
     ],
     [
      76,
      1,
      7
     ],
     [
      77,
      7,
      10
     ],
     [
      84,
      1,
      9
     ],
     [
      85,
      1,
      2
     ],
     [
      128,
      1,
      6
     ],
     [
      129,
      162,
      10
     ],
     [
      291,
      1,
      9
     ]
    ],
    "151": [
     [
      28,
      1,
      4
     ],
     [
      29,
      1,
      6
     ],
     [
      30,
      25,
      10
     ],
     [
      55,
      1,
      1
     ],
     [
      58,
      1,
      8
     ],
     [
      59,
      9,
      10
     ],
     [
      68,
      1,
      8
     ],
     [
      76,
      1,
      1
     ],
     [
      77,
      1,
      5
     ],
     [
      78,
      8,
      10
     ],
     [
      88,
      1,
      2
     ],
     [
      89,
      1,
      3
     ],
     [
      128,
      1,
      2
     ],
     [
      129,
      162,
      10
     ],
     [
      291,
      1,
      7
     ]
    ],
    "152": [
     [
      26,
      1,
      3
     ],
     [
      27,
      1,
      8
     ],
     [
      28,
      25,
      10
     ],
     [
      53,
      1,
      9
     ],
     [
      54,
      1,
      2
     ],
     [
      55,
      1,
      1
     ],
     [
      60,
      1,
      9
     ],
     [
      61,
      8,
      10
     ],
     [
      69,
      1,
      2
     ],
     [
      77,
      1,
      1
     ],
     [
      78,
      9,
      10
     ],
     [
      87,
      1,
      9
     ],
     [
      88,
      1,
      8
     ],
     [
      89,
      1,
      9
     ],
     [
      90,
      1,
      4
     ],
     [
      91,
      2,
      3
     ],
     [
      93,
      1,
      6
     ],
     [
      94,
      1,
      1
     ],
     [
      117,
      1,
      2
     ],
     [
      120,
      1,
      1
     ],
     [
      129,
      1,
      5
     ],
     [
      130,
      161,
      10
     ],
     [
      291,
      1,
      4
     ]
    ],
    "153": [
     [
      23,
      1,
      3
     ],
     [
      24,
      1,
      4
     ],
     [
      25,
      1,
      9
     ],
     [
      26,
      27,
      10
     ],
     [
      53,
      1,
      4
     ],
     [
      60,
      1,
      2
     ],
     [
      61,
      8,
      10
     ],
     [
      69,
      1,
      8
     ],
     [
      70,
      1,
      3
     ],
     [
      71,
      1,
      2
     ],
     [
      80,
      1,
      8
     ],
     [
      81,
      3,
      10
     ],
     [
      84,
      1,
      8
     ],
     [
      85,
      1,
      7
     ],
     [
      86,
      1,
      9
     ],
     [
      87,
      4,
      10
     ],
     [
      91,
      1,
      6
     ],
     [
      116,
      1,
      4
     ],
     [
      117,
      1,
      9
     ],
     [
      118,
      3,
      10
     ],
     [
      121,
      1,
      6
     ],
     [
      122,
      1,
      5
     ],
     [
      130,
      1,
      6
     ],
     [
      131,
      160,
      10
     ],
     [
      291,
      1,
      2
     ]
    ],
    "154": [
     [
      20,
      1,
      3
     ],
     [
      21,
      32,
      10
     ],
     [
      53,
      1,
      7
     ],
     [
      60,
      1,
      5
     ],
     [
      61,
      7,
      10
     ],
     [
      68,
      1,
      9
     ],
     [
      69,
      1,
      8
     ],
     [
      70,
      1,
      4
     ],
     [
      71,
      1,
      1
     ],
     [
      80,
      1,
      1
     ],
     [
      81,
      3,
      3
     ],
     [
      84,
      1,
      1
     ],
     [
      87,
      1,
      5
     ],
     [
      88,
      1,
      1
     ],
     [
      116,
      1,
      3
     ],
     [
      117,
      6,
      10
     ],
     [
      123,
      1,
      8
     ],
     [
      124,
      1,
      1
     ],
     [
      130,
      1,
      1
     ],
     [
      131,
      1,
      8
     ],
     [
      132,
      159,
      10
     ]
    ],
    "155": [
     [
      27,
      26,
      10
     ],
     [
      53,
      1,
      4
     ],
     [
      60,
      1,
      6
     ],
     [
      61,
      7,
      10
     ],
     [
      68,
      1,
      6
     ],
     [
      116,
      1,
      2
     ],
     [
      117,
      1,
      8
     ],
     [
      118,
      6,
      10
     ],
     [
      124,
      1,
      9
     ],
     [
      125,
      1,
      1
     ],
     [
      131,
      1,
      2
     ],
     [
      132,
      1,
      9
     ],
     [
      133,
      157,
      10
     ],
     [
      290,
      1,
      8
     ]
    ],
    "156": [
     [
      33,
      20,
      10
     ],
     [
      53,
      1,
      1
     ],
     [
      60,
      1,
      2
     ],
     [
      61,
      1,
      7
     ],
     [
      62,
      6,
      10
     ],
     [
      68,
      1,
      9
     ],
     [
      119,
      6,
      10
     ],
     [
      125,
      1,
      4
     ],
     [
      126,
      2,
      2
     ],
     [
      132,
      1,
      3
     ],
     [
      133,
      157,
      10
     ],
     [
      290,
      1,
      7
     ]
    ],
    "157": [
     [
      40,
      13,
      10
     ],
     [
      53,
      1,
      4
     ],
     [
      61,
      1,
      4
     ],
     [
      62,
      7,
      10
     ],
     [
      69,
      1,
      5
     ],
     [
      119,
      1,
      3
     ],
     [
      120,
      1,
      7
     ],
     [
      121,
      1,
      9
     ],
     [
      122,
      5,
      10
     ],
     [
      127,
      1,
      7
     ],
     [
      128,
      1,
      4
     ],
     [
      129,
      1,
      1
     ],
     [
      133,
      1,
      6
     ],
     [
      134,
      156,
      10
     ],
     [
      290,
      1,
      3
     ]
    ],
    "158": [
     [
      47,
      6,
      10
     ],
     [
      53,
      1,
      4
     ],
     [
      55,
      1,
      2
     ],
     [
      61,
      1,
      4
     ],
     [
      62,
      8,
      10
     ],
     [
      121,
      1,
      1
     ],
     [
      122,
      7,
      10
     ],
     [
      129,
      1,
      7
     ],
     [
      134,
      1,
      9
     ],
     [
      135,
      155,
      10
     ],
     [
      290,
      1,
      2
     ]
    ],
    "159": [
     [
      55,
      1,
      5
     ],
     [
      61,
      1,
      8
     ],
     [
      62,
      8,
      10
     ],
     [
      70,
      1,
      7
     ],
     [
      121,
      1,
      3
     ],
     [
      122,
      8,
      10
     ],
     [
      130,
      1,
      5
     ],
     [
      134,
      1,
      1
     ],
     [
      135,
      1,
      9
     ],
     [
      136,
      154,
      10
     ]
    ],
    "160": [
     [
      61,
      10,
      10
     ],
     [
      121,
      1,
      2
     ],
     [
      122,
      1,
      1
     ],
     [
      123,
      1,
      3
     ],
     [
      124,
      6,
      10
     ],
     [
      130,
      1,
      9
     ],
     [
      131,
      1,
      4
     ],
     [
      135,
      1,
      2
     ],
     [
      136,
      153,
      10
     ],
     [
      289,
      1,
      8
     ]
    ],
    "161": [
     [
      67,
      4,
      10
     ],
     [
      71,
      1,
      1
     ],
     [
      75,
      1,
      1
     ],
     [
      126,
      1,
      7
     ],
     [
      127,
      5,
      10
     ],
     [
      132,
      1,
      4
     ],
     [
      136,
      1,
      6
     ],
     [
      137,
      152,
      10
     ],
     [
      289,
      1,
      6
     ]
    ],
    "162": [
     [
      74,
      1,
      10
     ],
     [
      75,
      1,
      3
     ],
     [
      126,
      1,
      4
     ],
     [
      127,
      1,
      8
     ],
     [
      128,
      5,
      10
     ],
     [
      137,
      1,
      7
     ],
     [
      138,
      151,
      10
     ],
     [
      289,
      1,
      3
     ]
    ],
    "163": [
     [
      124,
      2,
      1
     ],
     [
      127,
      1,
      5
     ],
     [
      128,
      5,
      10
     ],
     [
      138,
      151,
      10
     ],
     [
      289,
      1,
      2
     ]
    ],
    "164": [
     [
      124,
      1,
      5
     ],
     [
      125,
      1,
      2
     ],
     [
      126,
      1,
      3
     ],
     [
      127,
      1,
      9
     ],
     [
      128,
      5,
      10
     ],
     [
      133,
      1,
      6
     ],
     [
      138,
      1,
      4
     ],
     [
      139,
      150,
      10
     ]
    ],
    "165": [
     [
      123,
      1,
      1
     ],
     [
      126,
      1,
      4
     ],
     [
      127,
      6,
      10
     ],
     [
      133,
      1,
      5
     ],
     [
      135,
      1,
      6
     ],
     [
      136,
      1,
      2
     ],
     [
      139,
      1,
      6
     ],
     [
      140,
      148,
      10
     ],
     [
      288,
      1,
      7
     ]
    ],
    "166": [
     [
      126,
      1,
      7
     ],
     [
      127,
      9,
      10
     ],
     [
      136,
      1,
      1
     ],
     [
      140,
      148,
      10
     ],
     [
      288,
      1,
      6
     ]
    ],
    "167": [
     [
      126,
      1,
      4
     ],
     [
      127,
      1,
      3
     ],
     [
      128,
      1,
      2
     ],
     [
      129,
      1,
      4
     ],
     [
      130,
      6,
      10
     ],
     [
      136,
      1,
      6
     ],
     [
      137,
      1,
      2
     ],
     [
      140,
      1,
      4
     ],
     [
      141,
      147,
      10
     ],
     [
      288,
      1,
      3
     ]
    ],
    "168": [
     [
      130,
      1,
      6
     ],
     [
      131,
      6,
      10
     ],
     [
      137,
      1,
      2
     ],
     [
      141,
      1,
      9
     ],
     [
      142,
      146,
      10
     ],
     [
      288,
      1,
      1
     ]
    ],
    "169": [
     [
      130,
      1,
      3
     ],
     [
      131,
      7,
      10
     ],
     [
      138,
      1,
      4
     ],
     [
      141,
      1,
      6
     ],
     [
      142,
      146,
      10
     ]
    ],
    "170": [
     [
      130,
      8,
      10
     ],
     [
      138,
      1,
      6
     ],
     [
      141,
      1,
      3
     ],
     [
      142,
      145,
      10
     ],
     [
      287,
      1,
      7
     ]
    ],
    "171": [
     [
      137,
      2,
      10
     ],
     [
      141,
      1,
      3
     ],
     [
      142,
      145,
      10
     ],
     [
      287,
      1,
      6
     ]
    ],
    "172": [
     [
      145,
      142,
      10
     ],
     [
      287,
      1,
      3
     ]
    ],
    "173": [
     [
      152,
      135,
      10
     ],
     [
      287,
      1,
      1
     ]
    ],
    "174": [
     [
      159,
      128,
      10
     ]
    ],
    "175": [
     [
      166,
      120,
      10
     ],
     [
      286,
      1,
      7
     ]
    ],
    "176": [
     [
      174,
      112,
      10
     ],
     [
      286,
      1,
      4
     ]
    ],
    "177": [
     [
      181,
      105,
      10
     ],
     [
      286,
      1,
      4
     ]
    ],
    "178": [
     [
      188,
      98,
      10
     ]
    ],
    "179": [
     [
      196,
      90,
      10
     ]
    ],
    "180": [
     [
      204,
      81,
      10
     ],
     [
      285,
      1,
      6
     ]
    ],
    "181": [
     [
      211,
      74,
      10
     ],
     [
      285,
      1,
      5
     ]
    ],
    "182": [
     [
      218,
      67,
      10
     ],
     [
      285,
      1,
      2
     ]
    ],
    "183": [
     [
      226,
      59,
      10
     ]
    ],
    "184": [
     [
      234,
      50,
      10
     ],
     [
      284,
      1,
      8
     ]
    ],
    "185": [
     [
      241,
      43,
      10
     ],
     [
      284,
      1,
      7
     ]
    ],
    "186": [
     [
      249,
      35,
      10
     ],
     [
      284,
      1,
      4
     ]
    ],
    "187": [
     [
      257,
      27,
      10
     ],
     [
      284,
      1,
      2
     ]
    ],
    "188": [
     [
      265,
      19,
      10
     ]
    ],
    "189": [
     [
      272,
      11,
      10
     ],
     [
      283,
      1,
      8
     ]
    ],
    "190": [
     [
      280,
      3,
      10
     ],
     [
      283,
      1,
      7
     ]
    ]
   }
  },
  "clutter_headroom": 90.3,
  "clutter_at_floor": 0.272,
  "clutter_verdict": "vessels present"
 },
 "features": [
  {
   "type": "Feature",
   "geometry": {
    "type": "Point",
    "coordinates": [
     -75.91932388955391,
     36.59862674454453
    ]
   },
   "properties": {
    "confidence": 0.52,
    "snr": 10.4,
    "peak_dn": 506.0,
    "background_dn": 91.8,
    "sigma_dn": 39.83,
    "pixels": 7,
    "length_m_approx": 26.5,
    "pixel": [
     3031.0,
     1323.0
    ],
    "scene": "S1A_IW_GRDH_1SDV_20240715T225841_20240715T225906_054778_06AB8D_6E9C_COG.SAFE",
    "t": "2024-07-15T22:58:41+00:00",
    "sensor": "sentinel1-vv-cfar",
    "uncertainty_m": 13.7
   }
  },
  {
   "type": "Feature",
   "geometry": {
    "type": "Point",
    "coordinates": [
     -75.92300651261304,
     36.588317960467705
    ]
   },
   "properties": {
    "confidence": 0.51,
    "snr": 10.21,
    "peak_dn": 290.0,
    "background_dn": 86.0,
    "sigma_dn": 19.99,
    "pixels": 7,
    "length_m_approx": 26.5,
    "pixel": [
     2977.2,
     1218.4
    ],
    "scene": "S1A_IW_GRDH_1SDV_20240715T225841_20240715T225906_054778_06AB8D_6E9C_COG.SAFE",
    "t": "2024-07-15T22:58:41+00:00",
    "sensor": "sentinel1-vv-cfar",
    "uncertainty_m": 13.7
   }
  },
  {
   "type": "Feature",
   "geometry": {
    "type": "Point",
    "coordinates": [
     -75.92018334101725,
     36.59807348781879
    ]
   },
   "properties": {
    "confidence": 0.477,
    "snr": 9.53,
    "peak_dn": 455.0,
    "background_dn": 91.0,
    "sigma_dn": 38.19,
    "pixels": 18,
    "length_m_approx": 42.4,
    "pixel": [
     3022.3,
     1318.4
    ],
    "scene": "S1A_IW_GRDH_1SDV_20240715T225841_20240715T225906_054778_06AB8D_6E9C_COG.SAFE",
    "t": "2024-07-15T22:58:41+00:00",
    "sensor": "sentinel1-vv-cfar",
    "uncertainty_m": 21.5
   }
  },
  {
   "type": "Feature",
   "geometry": {
    "type": "Point",
    "coordinates": [
     -75.92138748618963,
     36.599755874376456
    ]
   },
   "properties": {
    "confidence": 0.432,
    "snr": 8.63,
    "peak_dn": 426.0,
    "background_dn": 92.3,
    "sigma_dn": 38.66,
    "pixels": 11,
    "length_m_approx": 33.2,
    "pixel": [
     3015.2,
     1338.4
    ],
    "scene": "S1A_IW_GRDH_1SDV_20240715T225841_20240715T225906_054778_06AB8D_6E9C_COG.SAFE",
    "t": "2024-07-15T22:58:41+00:00",
    "sensor": "sentinel1-vv-cfar",
    "uncertainty_m": 17.0
   }
  },
  {
   "type": "Feature",
   "geometry": {
    "type": "Point",
    "coordinates": [
     -75.92261385815186,
     36.58777874393858
    ]
   },
   "properties": {
    "confidence": 0.426,
    "snr": 8.53,
    "peak_dn": 256.0,
    "background_dn": 86.0,
    "sigma_dn": 19.93,
    "pixels": 6,
    "length_m_approx": 24.5,
    "pixel": [
     2979.5,
     1212.0
    ],
    "scene": "S1A_IW_GRDH_1SDV_20240715T225841_20240715T225906_054778_06AB8D_6E9C_COG.SAFE",
    "t": "2024-07-15T22:58:41+00:00",
    "sensor": "sentinel1-vv-cfar",
    "uncertainty_m": 12.8
   }
  },
  {
   "type": "Feature",
   "geometry": {
    "type": "Point",
    "coordinates": [
     -75.9223426407286,
     36.595358684208335
    ]
   },
   "properties": {
    "confidence": 0.413,
    "snr": 8.27,
    "peak_dn": 527.0,
    "background_dn": 100.9,
    "sigma_dn": 51.52,
    "pixels": 5,
    "length_m_approx": 22.4,
    "pixel": [
     2997.6,
     1292.8
    ],
    "scene": "S1A_IW_GRDH_1SDV_20240715T225841_20240715T225906_054778_06AB8D_6E9C_COG.SAFE",
    "t": "2024-07-15T22:58:41+00:00",
    "sensor": "sentinel1-vv-cfar",
    "uncertainty_m": 11.8
   }
  },
  {
   "type": "Feature",
   "geometry": {
    "type": "Point",
    "coordinates": [
     -75.92120504181477,
     36.599045868609466
    ]
   },
   "properties": {
    "confidence": 0.399,
    "snr": 7.98,
    "peak_dn": 379.0,
    "background_dn": 90.8,
    "sigma_dn": 36.11,
    "pixels": 14,
    "length_m_approx": 37.4,
    "pixel": [
     3015.3,
     1330.5
    ],
    "scene": "S1A_IW_GRDH_1SDV_20240715T225841_20240715T225906_054778_06AB8D_6E9C_COG.SAFE",
    "t": "2024-07-15T22:58:41+00:00",
    "sensor": "sentinel1-vv-cfar",
    "uncertainty_m": 19.1
   }
  },
  {
   "type": "Feature",
   "geometry": {
    "type": "Point",
    "coordinates": [
     -75.92042463144577,
     36.599557870220565
    ]
   },
   "properties": {
    "confidence": 0.386,
    "snr": 7.71,
    "peak_dn": 349.0,
    "background_dn": 89.6,
    "sigma_dn": 33.64,
    "pixels": 4,
    "length_m_approx": 20.0,
    "pixel": [
     3023.2,
     1334.7
    ],
    "scene": "S1A_IW_GRDH_1SDV_20240715T225841_20240715T225906_054778_06AB8D_6E9C_COG.SAFE",
    "t": "2024-07-15T22:58:41+00:00",
    "sensor": "sentinel1-vv-cfar",
    "uncertainty_m": 10.6
   }
  },
  {
   "type": "Feature",
   "geometry": {
    "type": "Point",
    "coordinates": [
     -75.91843228782699,
     36.59935491912042
    ]
   },
   "properties": {
    "confidence": 0.384,
    "snr": 7.68,
    "peak_dn": 453.0,
    "background_dn": 95.5,
    "sigma_dn": 46.57,
    "pixels": 3,
    "length_m_approx": 17.3,
    "pixel": [
     3040.3,
     1329.3
    ],
    "scene": "S1A_IW_GRDH_1SDV_20240715T225841_20240715T225906_054778_06AB8D_6E9C_COG.SAFE",
    "t": "2024-07-15T22:58:41+00:00",
    "sensor": "sentinel1-vv-cfar",
    "uncertainty_m": 9.4
   }
  },
  {
   "type": "Feature",
   "geometry": {
    "type": "Point",
    "coordinates": [
     -75.92021508077147,
     36.59896156189248
    ]
   },
   "properties": {
    "confidence": 0.38,
    "snr": 7.59,
    "peak_dn": 343.0,
    "background_dn": 89.1,
    "sigma_dn": 33.45,
    "pixels": 10,
    "length_m_approx": 31.6,
    "pixel": [
     3023.8,
     1328.0
    ],
    "scene": "S1A_IW_GRDH_1SDV_20240715T225841_20240715T225906_054778_06AB8D_6E9C_COG.SAFE",
    "t": "2024-07-15T22:58:41+00:00",
    "sensor": "sentinel1-vv-cfar",
    "uncertainty_m": 16.2
   }
  },
  {
   "type": "Feature",
   "geometry": {
    "type": "Point",
    "coordinates": [
     -75.99423561759644,
     36.472817859023834
    ]
   },
   "properties": {
    "confidence": 0.376,
    "snr": 7.53,
    "peak_dn": 252.0,
    "background_dn": 91.5,
    "sigma_dn": 21.33,
    "pixels": 6,
    "length_m_approx": 24.5,
    "pixel": [
     2109.7,
     96.8
    ],
    "scene": "S1A_IW_GRDH_1SDV_20240715T225841_20240715T225906_054778_06AB8D_6E9C_COG.SAFE",
    "t": "2024-07-15T22:58:41+00:00",
    "sensor": "sentinel1-vv-cfar",
    "uncertainty_m": 12.8
   }
  },
  {
   "type": "Feature",
   "geometry": {
    "type": "Point",
    "coordinates": [
     -75.92252228812414,
     36.60038530300341
    ]
   },
   "properties": {
    "confidence": 0.354,
    "snr": 7.08,
    "peak_dn": 415.0,
    "background_dn": 96.4,
    "sigma_dn": 45.01,
    "pixels": 2,
    "length_m_approx": 14.1,
    "pixel": [
     3006.5,
     1347.0
    ],
    "scene": "S1A_IW_GRDH_1SDV_20240715T225841_20240715T225906_054778_06AB8D_6E9C_COG.SAFE",
    "t": "2024-07-15T22:58:41+00:00",
    "sensor": "sentinel1-vv-cfar",
    "uncertainty_m": 8.0
   }
  },
  {
   "type": "Feature",
   "geometry": {
    "type": "Point",
    "coordinates": [
     -75.92179417481142,
     36.5980207068464
    ]
   },
   "properties": {
    "confidence": 0.35,
    "snr": 7.01,
    "peak_dn": 401.0,
    "background_dn": 94.9,
    "sigma_dn": 43.67,
    "pixels": 2,
    "length_m_approx": 14.1,
    "pixel": [
     3008.0,
     1320.5
    ],
    "scene": "S1A_IW_GRDH_1SDV_20240715T225841_20240715T225906_054778_06AB8D_6E9C_COG.SAFE",
    "t": "2024-07-15T22:58:41+00:00",
    "sensor": "sentinel1-vv-cfar",
    "uncertainty_m": 8.0
   }
  },
  {
   "type": "Feature",
   "geometry": {
    "type": "Point",
    "coordinates": [
     -75.92225551482348,
     36.60076907926642
    ]
   },
   "properties": {
    "confidence": 0.344,
    "snr": 6.88,
    "peak_dn": 413.0,
    "background_dn": 96.5,
    "sigma_dn": 46.02,
    "pixels": 3,
    "length_m_approx": 17.3,
    "pixel": [
     3009.7,
     1350.7
    ],
    "scene": "S1A_IW_GRDH_1SDV_20240715T225841_20240715T225906_054778_06AB8D_6E9C_COG.SAFE",
    "t": "2024-07-15T22:58:41+00:00",
    "sensor": "sentinel1-vv-cfar",
    "uncertainty_m": 9.4
   }
  },
  {
   "type": "Feature",
   "geometry": {
    "type": "Point",
    "coordinates": [
     -75.91852370160046,
     36.598143070939244
    ]
   },
   "properties": {
    "confidence": 0.333,
    "snr": 6.66,
    "peak_dn": 403.0,
    "background_dn": 95.6,
    "sigma_dn": 46.19,
    "pixels": 2,
    "length_m_approx": 14.1,
    "pixel": [
     3037.0,
     1316.5
    ],
    "scene": "S1A_IW_GRDH_1SDV_20240715T225841_20240715T225906_054778_06AB8D_6E9C_COG.SAFE",
    "t": "2024-07-15T22:58:41+00:00",
    "sensor": "sentinel1-vv-cfar",
    "uncertainty_m": 8.0
   }
  },
  {
   "type": "Feature",
   "geometry": {
    "type": "Point",
    "coordinates": [
     -75.9204075731246,
     36.600099572379754
    ]
   },
   "properties": {
    "confidence": 0.332,
    "snr": 6.64,
    "peak_dn": 348.0,
    "background_dn": 91.9,
    "sigma_dn": 38.58,
    "pixels": 4,
    "length_m_approx": 20.0,
    "pixel": [
     3024.5,
     1340.5
    ],
    "scene": "S1A_IW_GRDH_1SDV_20240715T225841_20240715T225906_054778_06AB8D_6E9C_COG.SAFE",
    "t": "2024-07-15T22:58:41+00:00",
    "sensor": "sentinel1-vv-cfar",
    "uncertainty_m": 10.6
   }
  },
  {
   "type": "Feature",
   "geometry": {
    "type": "Point",
    "coordinates": [
     -75.9188340318405,
     36.599217896452004
    ]
   },
   "properties": {
    "confidence": 0.319,
    "snr": 6.39,
    "peak_dn": 373.0,
    "background_dn": 93.9,
    "sigma_dn": 43.69,
    "pixels": 4,
    "length_m_approx": 20.0,
    "pixel": [
     3036.5,
     1328.5
    ],
    "scene": "S1A_IW_GRDH_1SDV_20240715T225841_20240715T225906_054778_06AB8D_6E9C_COG.SAFE",
    "t": "2024-07-15T22:58:41+00:00",
    "sensor": "sentinel1-vv-cfar",
    "uncertainty_m": 10.6
   }
  },
  {
   "type": "Feature",
   "geometry": {
    "type": "Point",
    "coordinates": [
     -75.92213160155988,
     36.60016454145551
    ]
   },
   "properties": {
    "confidence": 0.316,
    "snr": 6.32,
    "peak_dn": 369.0,
    "background_dn": 95.1,
    "sigma_dn": 43.32,
    "pixels": 2,
    "length_m_approx": 14.1,
    "pixel": [
     3009.5,
     1344.0
    ],
    "scene": "S1A_IW_GRDH_1SDV_20240715T225841_20240715T225906_054778_06AB8D_6E9C_COG.SAFE",
    "t": "2024-07-15T22:58:41+00:00",
    "sensor": "sentinel1-vv-cfar",
    "uncertainty_m": 8.0
   }
  },
  {
   "type": "Feature",
   "geometry": {
    "type": "Point",
    "coordinates": [
     -75.77372390738573,
     36.66387104546411
    ]
   },
   "properties": {
    "confidence": 0.412,
    "snr": 8.24,
    "peak_dn": 248.0,
    "background_dn": 81.7,
    "sigma_dn": 20.19,
    "pixels": 5,
    "length_m_approx": 22.4,
    "pixel": [
     4445.4,
     1787.2
    ],
    "scene": "S1A_IW_GRDH_1SDV_20240715T225841_20240715T225906_054778_06AB8D_6E9C_COG.SAFE",
    "t": "2024-07-15T22:58:41+00:00",
    "sensor": "sentinel1-vv-cfar",
    "uncertainty_m": 11.8
   }
  },
  {
   "type": "Feature",
   "geometry": {
    "type": "Point",
    "coordinates": [
     -75.65542823352754,
     36.69919919934164
    ]
   },
   "properties": {
    "confidence": 0.324,
    "snr": 6.47,
    "peak_dn": 200.0,
    "background_dn": 78.6,
    "sigma_dn": 18.75,
    "pixels": 2,
    "length_m_approx": 14.1,
    "pixel": [
     5557.0,
     1976.5
    ],
    "scene": "S1A_IW_GRDH_1SDV_20240715T225841_20240715T225906_054778_06AB8D_6E9C_COG.SAFE",
    "t": "2024-07-15T22:58:41+00:00",
    "sensor": "sentinel1-vv-cfar",
    "uncertainty_m": 8.0
   }
  },
  {
   "type": "Feature",
   "geometry": {
    "type": "Point",
    "coordinates": [
     -75.72394248472308,
     36.630905037977485
    ]
   },
   "properties": {
    "confidence": 0.306,
    "snr": 6.12,
    "peak_dn": 199.0,
    "background_dn": 80.5,
    "sigma_dn": 19.36,
    "pixels": 2,
    "length_m_approx": 14.1,
    "pixel": [
     4815.0,
     1353.5
    ],
    "scene": "S1A_IW_GRDH_1SDV_20240715T225841_20240715T225906_054778_06AB8D_6E9C_COG.SAFE",
    "t": "2024-07-15T22:58:41+00:00",
    "sensor": "sentinel1-vv-cfar",
    "uncertainty_m": 8.0
   }
  },
  {
   "type": "Feature",
   "geometry": {
    "type": "Point",
    "coordinates": [
     -75.28085037247456,
     36.67963433739095
    ]
   },
   "properties": {
    "confidence": 0.95,
    "snr": 149.37,
    "peak_dn": 3718.0,
    "background_dn": 80.8,
    "sigma_dn": 24.35,
    "pixels": 215,
    "length_m_approx": 146.6,
    "pixel": [
     8808.8,
     1173.6
    ],
    "scene": "S1A_IW_GRDH_1SDV_20240715T225841_20240715T225906_054778_06AB8D_6E9C_COG.SAFE",
    "t": "2024-07-15T22:58:41+00:00",
    "sensor": "sentinel1-vv-cfar",
    "uncertainty_m": 73.4
   }
  },
  {
   "type": "Feature",
   "geometry": {
    "type": "Point",
    "coordinates": [
     -75.28182420763238,
     36.680461031893145
    ]
   },
   "properties": {
    "confidence": 0.484,
    "snr": 9.68,
    "peak_dn": 335.0,
    "background_dn": 81.2,
    "sigma_dn": 26.22,
    "pixels": 3,
    "length_m_approx": 17.3,
    "pixel": [
     8801.9,
     1184.0
    ],
    "scene": "S1A_IW_GRDH_1SDV_20240715T225841_20240715T225906_054778_06AB8D_6E9C_COG.SAFE",
    "t": "2024-07-15T22:58:41+00:00",
    "sensor": "sentinel1-vv-cfar",
    "uncertainty_m": 9.2
   }
  },
  {
   "type": "Feature",
   "geometry": {
    "type": "Point",
    "coordinates": [
     -74.92885837146092,
     36.66673136401907
    ]
   },
   "properties": {
    "confidence": 0.95,
    "snr": 254.35,
    "peak_dn": 4702.0,
    "background_dn": 71.5,
    "sigma_dn": 18.21,
    "pixels": 268,
    "length_m_approx": 163.7,
    "pixel": [
     11878.8,
     488.4
    ],
    "scene": "S1A_IW_GRDH_1SDV_20240715T225841_20240715T225906_054778_06AB8D_6E9C_COG.SAFE",
    "t": "2024-07-15T22:58:41+00:00",
    "sensor": "sentinel1-vv-cfar",
    "uncertainty_m": 81.9
   }
  },
  {
   "type": "Feature",
   "geometry": {
    "type": "Point",
    "coordinates": [
     -74.93030920090828,
     36.66672513123678
    ]
   },
   "properties": {
    "confidence": 0.402,
    "snr": 8.04,
    "peak_dn": 235.0,
    "background_dn": 72.2,
    "sigma_dn": 20.26,
    "pixels": 2,
    "length_m_approx": 14.1,
    "pixel": [
     11866.0,
     490.5
    ],
    "scene": "S1A_IW_GRDH_1SDV_20240715T225841_20240715T225906_054778_06AB8D_6E9C_COG.SAFE",
    "t": "2024-07-15T22:58:41+00:00",
    "sensor": "sentinel1-vv-cfar",
    "uncertainty_m": 7.7
   }
  },
  {
   "type": "Feature",
   "geometry": {
    "type": "Point",
    "coordinates": [
     -74.92749490548013,
     36.66684767736531
    ]
   },
   "properties": {
    "confidence": 0.386,
    "snr": 7.73,
    "peak_dn": 320.0,
    "background_dn": 72.7,
    "sigma_dn": 32.0,
    "pixels": 2,
    "length_m_approx": 14.1,
    "pixel": [
     11891.0,
     487.5
    ],
    "scene": "S1A_IW_GRDH_1SDV_20240715T225841_20240715T225906_054778_06AB8D_6E9C_COG.SAFE",
    "t": "2024-07-15T22:58:41+00:00",
    "sensor": "sentinel1-vv-cfar",
    "uncertainty_m": 7.7
   }
  },
  {
   "type": "Feature",
   "geometry": {
    "type": "Point",
    "coordinates": [
     -75.00165751248656,
     36.65366335272307
    ]
   },
   "properties": {
    "confidence": 0.326,
    "snr": 6.52,
    "peak_dn": 172.0,
    "background_dn": 67.8,
    "sigma_dn": 16.0,
    "pixels": 2,
    "length_m_approx": 14.1,
    "pixel": [
     11212.5,
     460.0
    ],
    "scene": "S1A_IW_GRDH_1SDV_20240715T225841_20240715T225906_054778_06AB8D_6E9C_COG.SAFE",
    "t": "2024-07-15T22:58:41+00:00",
    "sensor": "sentinel1-vv-cfar",
    "uncertainty_m": 7.7
   }
  },
  {
   "type": "Feature",
   "geometry": {
    "type": "Point",
    "coordinates": [
     -74.90426084430156,
     36.75062550327091
    ]
   },
   "properties": {
    "confidence": 0.305,
    "snr": 6.09,
    "peak_dn": 167.0,
    "background_dn": 67.8,
    "sigma_dn": 16.27,
    "pixels": 2,
    "length_m_approx": 14.1,
    "pixel": [
     12260.0,
     1353.5
    ],
    "scene": "S1A_IW_GRDH_1SDV_20240715T225841_20240715T225906_054778_06AB8D_6E9C_COG.SAFE",
    "t": "2024-07-15T22:58:41+00:00",
    "sensor": "sentinel1-vv-cfar",
    "uncertainty_m": 7.7
   }
  },
  {
   "type": "Feature",
   "geometry": {
    "type": "Point",
    "coordinates": [
     -74.68620331495501,
     36.75073469390685
    ]
   },
   "properties": {
    "confidence": 0.95,
    "snr": 309.75,
    "peak_dn": 5326.0,
    "background_dn": 66.0,
    "sigma_dn": 16.98,
    "pixels": 153,
    "length_m_approx": 123.7,
    "pixel": [
     14177.2,
     1022.3
    ],
    "scene": "S1A_IW_GRDH_1SDV_20240715T225841_20240715T225906_054778_06AB8D_6E9C_COG.SAFE",
    "t": "2024-07-15T22:58:41+00:00",
    "sensor": "sentinel1-vv-cfar",
    "uncertainty_m": 61.9
   }
  },
  {
   "type": "Feature",
   "geometry": {
    "type": "Point",
    "coordinates": [
     -74.68657021253603,
     36.749955112756055
    ]
   },
   "properties": {
    "confidence": 0.95,
    "snr": 22.9,
    "peak_dn": 446.0,
    "background_dn": 66.3,
    "sigma_dn": 16.58,
    "pixels": 7,
    "length_m_approx": 26.5,
    "pixel": [
     14172.5,
     1014.4
    ],
    "scene": "S1A_IW_GRDH_1SDV_20240715T225841_20240715T225906_054778_06AB8D_6E9C_COG.SAFE",
    "t": "2024-07-15T22:58:41+00:00",
    "sensor": "sentinel1-vv-cfar",
    "uncertainty_m": 13.6
   }
  },
  {
   "type": "Feature",
   "geometry": {
    "type": "Point",
    "coordinates": [
     -74.68691700395767,
     36.75153790678108
    ]
   },
   "properties": {
    "confidence": 0.63,
    "snr": 12.6,
    "peak_dn": 277.0,
    "background_dn": 65.9,
    "sigma_dn": 16.75,
    "pixels": 2,
    "length_m_approx": 14.1,
    "pixel": [
     14172.5,
     1032.0
    ],
    "scene": "S1A_IW_GRDH_1SDV_20240715T225841_20240715T225906_054778_06AB8D_6E9C_COG.SAFE",
    "t": "2024-07-15T22:58:41+00:00",
    "sensor": "sentinel1-vv-cfar",
    "uncertainty_m": 7.7
   }
  },
  {
   "type": "Feature",
   "geometry": {
    "type": "Point",
    "coordinates": [
     -74.68695915036233,
     36.75171764885576
    ]
   },
   "properties": {
    "confidence": 0.576,
    "snr": 11.51,
    "peak_dn": 262.0,
    "background_dn": 65.9,
    "sigma_dn": 17.03,
    "pixels": 2,
    "length_m_approx": 14.1,
    "pixel": [
     14172.5,
     1034.0
    ],
    "scene": "S1A_IW_GRDH_1SDV_20240715T225841_20240715T225906_054778_06AB8D_6E9C_COG.SAFE",
    "t": "2024-07-15T22:58:41+00:00",
    "sensor": "sentinel1-vv-cfar",
    "uncertainty_m": 7.7
   }
  },
  {
   "type": "Feature",
   "geometry": {
    "type": "Point",
    "coordinates": [
     -74.68647060120732,
     36.749518962348574
    ]
   },
   "properties": {
    "confidence": 0.48,
    "snr": 9.59,
    "peak_dn": 233.0,
    "background_dn": 66.6,
    "sigma_dn": 17.35,
    "pixels": 6,
    "length_m_approx": 24.5,
    "pixel": [
     14172.5,
     1009.6
    ],
    "scene": "S1A_IW_GRDH_1SDV_20240715T225841_20240715T225906_054778_06AB8D_6E9C_COG.SAFE",
    "t": "2024-07-15T22:58:41+00:00",
    "sensor": "sentinel1-vv-cfar",
    "uncertainty_m": 12.6
   }
  },
  {
   "type": "Feature",
   "geometry": {
    "type": "Point",
    "coordinates": [
     -74.68570858072954,
     36.75124301678015
    ]
   },
   "properties": {
    "confidence": 0.431,
    "snr": 8.61,
    "peak_dn": 208.0,
    "background_dn": 65.9,
    "sigma_dn": 16.49,
    "pixels": 2,
    "length_m_approx": 14.1,
    "pixel": [
     14182.5,
     1027.0
    ],
    "scene": "S1A_IW_GRDH_1SDV_20240715T225841_20240715T225906_054778_06AB8D_6E9C_COG.SAFE",
    "t": "2024-07-15T22:58:41+00:00",
    "sensor": "sentinel1-vv-cfar",
    "uncertainty_m": 7.7
   }
  },
  {
   "type": "Feature",
   "geometry": {
    "type": "Point",
    "coordinates": [
     -74.68493931770792,
     36.75032970137335
    ]
   },
   "properties": {
    "confidence": 0.399,
    "snr": 7.98,
    "peak_dn": 204.0,
    "background_dn": 66.8,
    "sigma_dn": 17.19,
    "pixels": 2,
    "length_m_approx": 14.1,
    "pixel": [
     14187.5,
     1016.0
    ],
    "scene": "S1A_IW_GRDH_1SDV_20240715T225841_20240715T225906_054778_06AB8D_6E9C_COG.SAFE",
    "t": "2024-07-15T22:58:41+00:00",
    "sensor": "sentinel1-vv-cfar",
    "uncertainty_m": 7.7
   }
  },
  {
   "type": "Feature",
   "geometry": {
    "type": "Point",
    "coordinates": [
     -74.68522999639428,
     36.751124391366304
    ]
   },
   "properties": {
    "confidence": 0.36,
    "snr": 7.2,
    "peak_dn": 188.0,
    "background_dn": 66.3,
    "sigma_dn": 16.89,
    "pixels": 2,
    "length_m_approx": 14.1,
    "pixel": [
     14186.5,
     1025.0
    ],
    "scene": "S1A_IW_GRDH_1SDV_20240715T225841_20240715T225906_054778_06AB8D_6E9C_COG.SAFE",
    "t": "2024-07-15T22:58:41+00:00",
    "sensor": "sentinel1-vv-cfar",
    "uncertainty_m": 7.7
   }
  },
  {
   "type": "Feature",
   "geometry": {
    "type": "Point",
    "coordinates": [
     -74.70001781751041,
     36.759628703923596
    ]
   },
   "properties": {
    "confidence": 0.359,
    "snr": 7.17,
    "peak_dn": 169.0,
    "background_dn": 62.6,
    "sigma_dn": 14.83,
    "pixels": 3,
    "length_m_approx": 17.3,
    "pixel": [
     14073.0,
     1139.0
    ],
    "scene": "S1A_IW_GRDH_1SDV_20240715T225841_20240715T225906_054778_06AB8D_6E9C_COG.SAFE",
    "t": "2024-07-15T22:58:41+00:00",
    "sensor": "sentinel1-vv-cfar",
    "uncertainty_m": 9.2
   }
  },
  {
   "type": "Feature",
   "geometry": {
    "type": "Point",
    "coordinates": [
     -74.80257585478478,
     36.773003822534925
    ]
   },
   "properties": {
    "confidence": 0.334,
    "snr": 6.67,
    "peak_dn": 172.0,
    "background_dn": 67.0,
    "sigma_dn": 15.74,
    "pixels": 2,
    "length_m_approx": 14.1,
    "pixel": [
     13197.5,
     1439.0
    ],
    "scene": "S1A_IW_GRDH_1SDV_20240715T225841_20240715T225906_054778_06AB8D_6E9C_COG.SAFE",
    "t": "2024-07-15T22:58:41+00:00",
    "sensor": "sentinel1-vv-cfar",
    "uncertainty_m": 7.7
   }
  },
  {
   "type": "Feature",
   "geometry": {
    "type": "Point",
    "coordinates": [
     -74.68498357352041,
     36.75050914735988
    ]
   },
   "properties": {
    "confidence": 0.332,
    "snr": 6.65,
    "peak_dn": 181.0,
    "background_dn": 66.8,
    "sigma_dn": 17.19,
    "pixels": 2,
    "length_m_approx": 14.1,
    "pixel": [
     14187.5,
     1018.0
    ],
    "scene": "S1A_IW_GRDH_1SDV_20240715T225841_20240715T225906_054778_06AB8D_6E9C_COG.SAFE",
    "t": "2024-07-15T22:58:41+00:00",
    "sensor": "sentinel1-vv-cfar",
    "uncertainty_m": 7.7
   }
  },
  {
   "type": "Feature",
   "geometry": {
    "type": "Point",
    "coordinates": [
     -74.88719951471832,
     36.72439308926333
    ]
   },
   "properties": {
    "confidence": 0.331,
    "snr": 6.62,
    "peak_dn": 173.0,
    "background_dn": 67.7,
    "sigma_dn": 15.91,
    "pixels": 2,
    "length_m_approx": 14.1,
    "pixel": [
     12358.5,
     1045.0
    ],
    "scene": "S1A_IW_GRDH_1SDV_20240715T225841_20240715T225906_054778_06AB8D_6E9C_COG.SAFE",
    "t": "2024-07-15T22:58:41+00:00",
    "sensor": "sentinel1-vv-cfar",
    "uncertainty_m": 7.7
   }
  },
  {
   "type": "Feature",
   "geometry": {
    "type": "Point",
    "coordinates": [
     -74.67748064259771,
     36.709278823473106
    ]
   },
   "properties": {
    "confidence": 0.328,
    "snr": 6.55,
    "peak_dn": 163.0,
    "background_dn": 64.0,
    "sigma_dn": 15.11,
    "pixels": 2,
    "length_m_approx": 14.1,
    "pixel": [
     14173.5,
     562.5
    ],
    "scene": "S1A_IW_GRDH_1SDV_20240715T225841_20240715T225906_054778_06AB8D_6E9C_COG.SAFE",
    "t": "2024-07-15T22:58:41+00:00",
    "sensor": "sentinel1-vv-cfar",
    "uncertainty_m": 7.7
   }
  },
  {
   "type": "Feature",
   "geometry": {
    "type": "Point",
    "coordinates": [
     -74.3686805760992,
     36.730703964961535
    ]
   },
   "properties": {
    "confidence": 0.402,
    "snr": 8.03,
    "peak_dn": 196.0,
    "background_dn": 67.7,
    "sigma_dn": 15.98,
    "pixels": 3,
    "length_m_approx": 17.3,
    "pixel": [
     16931.7,
     329.7
    ],
    "scene": "S1A_IW_GRDH_1SDV_20240715T225841_20240715T225906_054778_06AB8D_6E9C_COG.SAFE",
    "t": "2024-07-15T22:58:41+00:00",
    "sensor": "sentinel1-vv-cfar",
    "uncertainty_m": 9.2
   }
  },
  {
   "type": "Feature",
   "geometry": {
    "type": "Point",
    "coordinates": [
     -74.17677412542683,
     36.823014322835284
    ]
   },
   "properties": {
    "confidence": 0.347,
    "snr": 6.94,
    "peak_dn": 172.0,
    "background_dn": 64.9,
    "sigma_dn": 15.44,
    "pixels": 2,
    "length_m_approx": 14.1,
    "pixel": [
     18794.5,
     1042.0
    ],
    "scene": "S1A_IW_GRDH_1SDV_20240715T225841_20240715T225906_054778_06AB8D_6E9C_COG.SAFE",
    "t": "2024-07-15T22:58:41+00:00",
    "sensor": "sentinel1-vv-cfar",
    "uncertainty_m": 7.7
   }
  },
  {
   "type": "Feature",
   "geometry": {
    "type": "Point",
    "coordinates": [
     -73.67272333600553,
     36.84910507534719
    ]
   },
   "properties": {
    "confidence": 0.336,
    "snr": 6.73,
    "peak_dn": 167.0,
    "background_dn": 63.2,
    "sigma_dn": 15.42,
    "pixels": 2,
    "length_m_approx": 14.1,
    "pixel": [
     23276.0,
     594.5
    ],
    "scene": "S1A_IW_GRDH_1SDV_20240715T225841_20240715T225906_054778_06AB8D_6E9C_COG.SAFE",
    "t": "2024-07-15T22:58:41+00:00",
    "sensor": "sentinel1-vv-cfar",
    "uncertainty_m": 7.7
   }
  },
  {
   "type": "Feature",
   "geometry": {
    "type": "Point",
    "coordinates": [
     -75.94568045102683,
     36.82525629465418
    ]
   },
   "properties": {
    "confidence": 0.95,
    "snr": 35.08,
    "peak_dn": 931.0,
    "background_dn": 85.6,
    "sigma_dn": 24.1,
    "pixels": 44,
    "length_m_approx": 66.3,
    "pixel": [
     3270.0,
     3795.0
    ],
    "scene": "S1A_IW_GRDH_1SDV_20240715T225841_20240715T225906_054778_06AB8D_6E9C_COG.SAFE",
    "t": "2024-07-15T22:58:41+00:00",
    "sensor": "sentinel1-vv-cfar",
    "uncertainty_m": 33.4
   }
  },
  {
   "type": "Feature",
   "geometry": {
    "type": "Point",
    "coordinates": [
     -75.80733262997438,
     36.83351152130403
    ]
   },
   "properties": {
    "confidence": 0.95,
    "snr": 167.21,
    "peak_dn": 8705.0,
    "background_dn": 93.4,
    "sigma_dn": 51.5,
    "pixels": 338,
    "length_m_approx": 183.8,
    "pixel": [
     4500.1,
     3660.7
    ],
    "scene": "S1A_IW_GRDH_1SDV_20240715T225841_20240715T225906_054778_06AB8D_6E9C_COG.SAFE",
    "t": "2024-07-15T22:58:41+00:00",
    "sensor": "sentinel1-vv-cfar",
    "uncertainty_m": 92.0
   }
  },
  {
   "type": "Feature",
   "geometry": {
    "type": "Point",
    "coordinates": [
     -75.62972687416699,
     36.775931008369156
    ]
   },
   "properties": {
    "confidence": 0.95,
    "snr": 122.12,
    "peak_dn": 9486.0,
    "background_dn": 88.3,
    "sigma_dn": 76.96,
    "pixels": 293,
    "length_m_approx": 171.2,
    "pixel": [
     5939.6,
     2759.0
    ],
    "scene": "S1A_IW_GRDH_1SDV_20240715T225841_20240715T225906_054778_06AB8D_6E9C_COG.SAFE",
    "t": "2024-07-15T22:58:41+00:00",
    "sensor": "sentinel1-vv-cfar",
    "uncertainty_m": 85.7
   }
  },
  {
   "type": "Feature",
   "geometry": {
    "type": "Point",
    "coordinates": [
     -75.68014135324964,
     36.75743781662089
    ]
   },
   "properties": {
    "confidence": 0.95,
    "snr": 93.45,
    "peak_dn": 5961.0,
    "background_dn": 88.9,
    "sigma_dn": 62.83,
    "pixels": 295,
    "length_m_approx": 171.8,
    "pixel": [
     5459.4,
     2640.9
    ],
    "scene": "S1A_IW_GRDH_1SDV_20240715T225841_20240715T225906_054778_06AB8D_6E9C_COG.SAFE",
    "t": "2024-07-15T22:58:41+00:00",
    "sensor": "sentinel1-vv-cfar",
    "uncertainty_m": 86.0
   }
  },
  {
   "type": "Feature",
   "geometry": {
    "type": "Point",
    "coordinates": [
     -75.7812766837986,
     36.82526656850133
    ]
   },
   "properties": {
    "confidence": 0.591,
    "snr": 11.82,
    "peak_dn": 302.0,
    "background_dn": 78.0,
    "sigma_dn": 18.96,
    "pixels": 4,
    "length_m_approx": 20.0,
    "pixel": [
     4711.6,
     3530.5
    ],
    "scene": "S1A_IW_GRDH_1SDV_20240715T225841_20240715T225906_054778_06AB8D_6E9C_COG.SAFE",
    "t": "2024-07-15T22:58:41+00:00",
    "sensor": "sentinel1-vv-cfar",
    "uncertainty_m": 10.6
   }
  },
  {
   "type": "Feature",
   "geometry": {
    "type": "Point",
    "coordinates": [
     -75.63969654110021,
     36.82211243602873
    ]
   },
   "properties": {
    "confidence": 0.472,
    "snr": 9.44,
    "peak_dn": 255.0,
    "background_dn": 78.6,
    "sigma_dn": 18.68,
    "pixels": 32,
    "length_m_approx": 56.6,
    "pixel": [
     5946.5,
     3270.5
    ],
    "scene": "S1A_IW_GRDH_1SDV_20240715T225841_20240715T225906_054778_06AB8D_6E9C_COG.SAFE",
    "t": "2024-07-15T22:58:41+00:00",
    "sensor": "sentinel1-vv-cfar",
    "uncertainty_m": 28.5
   }
  },
  {
   "type": "Feature",
   "geometry": {
    "type": "Point",
    "coordinates": [
     -75.66881514424766,
     36.71141907921406
    ]
   },
   "properties": {
    "confidence": 0.45,
    "snr": 9.0,
    "peak_dn": 246.0,
    "background_dn": 78.6,
    "sigma_dn": 18.6,
    "pixels": 6,
    "length_m_approx": 24.5,
    "pixel": [
     5464.5,
     2129.0
    ],
    "scene": "S1A_IW_GRDH_1SDV_20240715T225841_20240715T225906_054778_06AB8D_6E9C_COG.SAFE",
    "t": "2024-07-15T22:58:41+00:00",
    "sensor": "sentinel1-vv-cfar",
    "uncertainty_m": 12.8
   }
  },
  {
   "type": "Feature",
   "geometry": {
    "type": "Point",
    "coordinates": [
     -75.778906936921,
     36.82851120732725
    ]
   },
   "properties": {
    "confidence": 0.396,
    "snr": 7.91,
    "peak_dn": 229.0,
    "background_dn": 77.9,
    "sigma_dn": 19.11,
    "pixels": 2,
    "length_m_approx": 14.1,
    "pixel": [
     4739.0,
     3561.5
    ],
    "scene": "S1A_IW_GRDH_1SDV_20240715T225841_20240715T225906_054778_06AB8D_6E9C_COG.SAFE",
    "t": "2024-07-15T22:58:41+00:00",
    "sensor": "sentinel1-vv-cfar",
    "uncertainty_m": 8.0
   }
  },
  {
   "type": "Feature",
   "geometry": {
    "type": "Point",
    "coordinates": [
     -75.61818730497866,
     36.72933337716813
    ]
   },
   "properties": {
    "confidence": 0.374,
    "snr": 7.48,
    "peak_dn": 225.0,
    "background_dn": 80.4,
    "sigma_dn": 19.33,
    "pixels": 6,
    "length_m_approx": 24.5,
    "pixel": [
     5945.7,
     2240.5
    ],
    "scene": "S1A_IW_GRDH_1SDV_20240715T225841_20240715T225906_054778_06AB8D_6E9C_COG.SAFE",
    "t": "2024-07-15T22:58:41+00:00",
    "sensor": "sentinel1-vv-cfar",
    "uncertainty_m": 12.8
   }
  },
  {
   "type": "Feature",
   "geometry": {
    "type": "Point",
    "coordinates": [
     -75.63973803274675,
     36.823268966621036
    ]
   },
   "properties": {
    "confidence": 0.369,
    "snr": 7.38,
    "peak_dn": 221.0,
    "background_dn": 78.9,
    "sigma_dn": 19.25,
    "pixels": 4,
    "length_m_approx": 20.0,
    "pixel": [
     5948.5,
     3283.0
    ],
    "scene": "S1A_IW_GRDH_1SDV_20240715T225841_20240715T225906_054778_06AB8D_6E9C_COG.SAFE",
    "t": "2024-07-15T22:58:41+00:00",
    "sensor": "sentinel1-vv-cfar",
    "uncertainty_m": 10.6
   }
  },
  {
   "type": "Feature",
   "geometry": {
    "type": "Point",
    "coordinates": [
     -75.82571038160664,
     36.84733441589095
    ]
   },
   "properties": {
    "confidence": 0.367,
    "snr": 7.35,
    "peak_dn": 248.0,
    "background_dn": 84.8,
    "sigma_dn": 22.21,
    "pixels": 4,
    "length_m_approx": 20.0,
    "pixel": [
     4367.5,
     3838.5
    ],
    "scene": "S1A_IW_GRDH_1SDV_20240715T225841_20240715T225906_054778_06AB8D_6E9C_COG.SAFE",
    "t": "2024-07-15T22:58:41+00:00",
    "sensor": "sentinel1-vv-cfar",
    "uncertainty_m": 10.6
   }
  },
  {
   "type": "Feature",
   "geometry": {
    "type": "Point",
    "coordinates": [
     -75.63097675165601,
     36.77560889666116
    ]
   },
   "properties": {
    "confidence": 0.365,
    "snr": 7.31,
    "peak_dn": 285.0,
    "background_dn": 85.3,
    "sigma_dn": 27.32,
    "pixels": 2,
    "length_m_approx": 14.1,
    "pixel": [
     5928.0,
     2757.5
    ],
    "scene": "S1A_IW_GRDH_1SDV_20240715T225841_20240715T225906_054778_06AB8D_6E9C_COG.SAFE",
    "t": "2024-07-15T22:58:41+00:00",
    "sensor": "sentinel1-vv-cfar",
    "uncertainty_m": 8.0
   }
  },
  {
   "type": "Feature",
   "geometry": {
    "type": "Point",
    "coordinates": [
     -75.6502127161294,
     36.86899893313882
    ]
   },
   "properties": {
    "confidence": 0.351,
    "snr": 7.03,
    "peak_dn": 212.0,
    "background_dn": 78.6,
    "sigma_dn": 18.99,
    "pixels": 2,
    "length_m_approx": 14.1,
    "pixel": [
     5950.0,
     3790.5
    ],
    "scene": "S1A_IW_GRDH_1SDV_20240715T225841_20240715T225906_054778_06AB8D_6E9C_COG.SAFE",
    "t": "2024-07-15T22:58:41+00:00",
    "sensor": "sentinel1-vv-cfar",
    "uncertainty_m": 8.0
   }
  },
  {
   "type": "Feature",
   "geometry": {
    "type": "Point",
    "coordinates": [
     -75.84794259785541,
     36.85864884628287
    ]
   },
   "properties": {
    "confidence": 0.35,
    "snr": 7.0,
    "peak_dn": 239.0,
    "background_dn": 85.3,
    "sigma_dn": 21.96,
    "pixels": 2,
    "length_m_approx": 14.1,
    "pixel": [
     4196.0,
     3995.5
    ],
    "scene": "S1A_IW_GRDH_1SDV_20240715T225841_20240715T225906_054778_06AB8D_6E9C_COG.SAFE",
    "t": "2024-07-15T22:58:41+00:00",
    "sensor": "sentinel1-vv-cfar",
    "uncertainty_m": 8.0
   }
  },
  {
   "type": "Feature",
   "geometry": {
    "type": "Point",
    "coordinates": [
     -75.65001150594753,
     36.8693549871505
    ]
   },
   "properties": {
    "confidence": 0.337,
    "snr": 6.74,
    "peak_dn": 206.0,
    "background_dn": 78.7,
    "sigma_dn": 18.89,
    "pixels": 2,
    "length_m_approx": 14.1,
    "pixel": [
     5952.5,
     3794.0
    ],
    "scene": "S1A_IW_GRDH_1SDV_20240715T225841_20240715T225906_054778_06AB8D_6E9C_COG.SAFE",
    "t": "2024-07-15T22:58:41+00:00",
    "sensor": "sentinel1-vv-cfar",
    "uncertainty_m": 8.0
   }
  },
  {
   "type": "Feature",
   "geometry": {
    "type": "Point",
    "coordinates": [
     -75.63588762705854,
     36.72968588527831
    ]
   },
   "properties": {
    "confidence": 0.334,
    "snr": 6.68,
    "peak_dn": 206.0,
    "background_dn": 79.8,
    "sigma_dn": 18.88,
    "pixels": 2,
    "length_m_approx": 14.1,
    "pixel": [
     5791.0,
     2272.5
    ],
    "scene": "S1A_IW_GRDH_1SDV_20240715T225841_20240715T225906_054778_06AB8D_6E9C_COG.SAFE",
    "t": "2024-07-15T22:58:41+00:00",
    "sensor": "sentinel1-vv-cfar",
    "uncertainty_m": 8.0
   }
  },
  {
   "type": "Feature",
   "geometry": {
    "type": "Point",
    "coordinates": [
     -75.63952810977963,
     36.82131136358219
    ]
   },
   "properties": {
    "confidence": 0.328,
    "snr": 6.55,
    "peak_dn": 203.0,
    "background_dn": 78.5,
    "sigma_dn": 19.0,
    "pixels": 3,
    "length_m_approx": 17.3,
    "pixel": [
     5946.3,
     3261.7
    ],
    "scene": "S1A_IW_GRDH_1SDV_20240715T225841_20240715T225906_054778_06AB8D_6E9C_COG.SAFE",
    "t": "2024-07-15T22:58:41+00:00",
    "sensor": "sentinel1-vv-cfar",
    "uncertainty_m": 9.4
   }
  },
  {
   "type": "Feature",
   "geometry": {
    "type": "Point",
    "coordinates": [
     -75.61836470415439,
     36.73000653568384
    ]
   },
   "properties": {
    "confidence": 0.324,
    "snr": 6.49,
    "peak_dn": 206.0,
    "background_dn": 80.5,
    "sigma_dn": 19.33,
    "pixels": 2,
    "length_m_approx": 14.1,
    "pixel": [
     5945.5,
     2248.0
    ],
    "scene": "S1A_IW_GRDH_1SDV_20240715T225841_20240715T225906_054778_06AB8D_6E9C_COG.SAFE",
    "t": "2024-07-15T22:58:41+00:00",
    "sensor": "sentinel1-vv-cfar",
    "uncertainty_m": 8.0
   }
  },
  {
   "type": "Feature",
   "geometry": {
    "type": "Point",
    "coordinates": [
     -75.62811227450582,
     36.77603199196694
    ]
   },
   "properties": {
    "confidence": 0.318,
    "snr": 6.36,
    "peak_dn": 278.0,
    "background_dn": 86.1,
    "sigma_dn": 30.18,
    "pixels": 2,
    "length_m_approx": 14.1,
    "pixel": [
     5954.0,
     2757.5
    ],
    "scene": "S1A_IW_GRDH_1SDV_20240715T225841_20240715T225906_054778_06AB8D_6E9C_COG.SAFE",
    "t": "2024-07-15T22:58:41+00:00",
    "sensor": "sentinel1-vv-cfar",
    "uncertainty_m": 8.0
   }
  },
  {
   "type": "Feature",
   "geometry": {
    "type": "Point",
    "coordinates": [
     -75.55427512930721,
     36.90719658739495
    ]
   },
   "properties": {
    "confidence": 0.95,
    "snr": 297.21,
    "peak_dn": 14122.0,
    "background_dn": 94.8,
    "sigma_dn": 47.2,
    "pixels": 348,
    "length_m_approx": 186.5,
    "pixel": [
     6868.4,
     4048.5
    ],
    "scene": "S1A_IW_GRDH_1SDV_20240715T225841_20240715T225906_054778_06AB8D_6E9C_COG.SAFE",
    "t": "2024-07-15T22:58:41+00:00",
    "sensor": "sentinel1-vv-cfar",
    "uncertainty_m": 93.3
   }
  },
  {
   "type": "Feature",
   "geometry": {
    "type": "Point",
    "coordinates": [
     -75.4173303862426,
     36.85603861413813
    ]
   },
   "properties": {
    "confidence": 0.95,
    "snr": 116.15,
    "peak_dn": 2155.0,
    "background_dn": 75.7,
    "sigma_dn": 17.9,
    "pixels": 67,
    "length_m_approx": 81.9,
    "pixel": [
     7965.4,
     3283.2
    ],
    "scene": "S1A_IW_GRDH_1SDV_20240715T225841_20240715T225906_054778_06AB8D_6E9C_COG.SAFE",
    "t": "2024-07-15T22:58:41+00:00",
    "sensor": "sentinel1-vv-cfar",
    "uncertainty_m": 41.0
   }
  },
  {
   "type": "Feature",
   "geometry": {
    "type": "Point",
    "coordinates": [
     -75.45750719977009,
     36.88467788656215
    ]
   },
   "properties": {
    "confidence": 0.95,
    "snr": 75.86,
    "peak_dn": 1467.0,
    "background_dn": 78.1,
    "sigma_dn": 18.31,
    "pixels": 24,
    "length_m_approx": 49.0,
    "pixel": [
     7670.9,
     3653.8
    ],
    "scene": "S1A_IW_GRDH_1SDV_20240715T225841_20240715T225906_054778_06AB8D_6E9C_COG.SAFE",
    "t": "2024-07-15T22:58:41+00:00",
    "sensor": "sentinel1-vv-cfar",
    "uncertainty_m": 24.7
   }
  },
  {
   "type": "Feature",
   "geometry": {
    "type": "Point",
    "coordinates": [
     -75.45553386531948,
     36.869266664485735
    ]
   },
   "properties": {
    "confidence": 0.95,
    "snr": 64.92,
    "peak_dn": 1273.0,
    "background_dn": 76.6,
    "sigma_dn": 18.43,
    "pixels": 19,
    "length_m_approx": 43.6,
    "pixel": [
     7657.1,
     3485.2
    ],
    "scene": "S1A_IW_GRDH_1SDV_20240715T225841_20240715T225906_054778_06AB8D_6E9C_COG.SAFE",
    "t": "2024-07-15T22:58:41+00:00",
    "sensor": "sentinel1-vv-cfar",
    "uncertainty_m": 22.0
   }
  },
  {
   "type": "Feature",
   "geometry": {
    "type": "Point",
    "coordinates": [
     -75.47110886494379,
     36.869245712672694
    ]
   },
   "properties": {
    "confidence": 0.95,
    "snr": 62.39,
    "peak_dn": 1222.0,
    "background_dn": 77.7,
    "sigma_dn": 18.34,
    "pixels": 22,
    "length_m_approx": 46.9,
    "pixel": [
     7520.5,
     3509.6
    ],
    "scene": "S1A_IW_GRDH_1SDV_20240715T225841_20240715T225906_054778_06AB8D_6E9C_COG.SAFE",
    "t": "2024-07-15T22:58:41+00:00",
    "sensor": "sentinel1-vv-cfar",
    "uncertainty_m": 23.7
   }
  },
  {
   "type": "Feature",
   "geometry": {
    "type": "Point",
    "coordinates": [
     -75.44197951106156,
     36.88476931843075
    ]
   },
   "properties": {
    "confidence": 0.95,
    "snr": 61.54,
    "peak_dn": 1199.0,
    "background_dn": 77.0,
    "sigma_dn": 18.23,
    "pixels": 20,
    "length_m_approx": 44.7,
    "pixel": [
     7807.2,
     3630.5
    ],
    "scene": "S1A_IW_GRDH_1SDV_20240715T225841_20240715T225906_054778_06AB8D_6E9C_COG.SAFE",
    "t": "2024-07-15T22:58:41+00:00",
    "sensor": "sentinel1-vv-cfar",
    "uncertainty_m": 22.6
   }
  },
  {
   "type": "Feature",
   "geometry": {
    "type": "Point",
    "coordinates": [
     -75.43041495913683,
     36.915682433872156
    ]
   },
   "properties": {
    "confidence": 0.95,
    "snr": 57.64,
    "peak_dn": 1119.0,
    "background_dn": 77.1,
    "sigma_dn": 18.08,
    "pixels": 23,
    "length_m_approx": 48.0,
    "pixel": [
     7970.9,
     3944.5
    ],
    "scene": "S1A_IW_GRDH_1SDV_20240715T225841_20240715T225906_054778_06AB8D_6E9C_COG.SAFE",
    "t": "2024-07-15T22:58:41+00:00",
    "sensor": "sentinel1-vv-cfar",
    "uncertainty_m": 24.2
   }
  },
  {
   "type": "Feature",
   "geometry": {
    "type": "Point",
    "coordinates": [
     -75.42841753628836,
     36.90028952977808
    ]
   },
   "properties": {
    "confidence": 0.95,
    "snr": 56.52,
    "peak_dn": 1094.0,
    "background_dn": 76.5,
    "sigma_dn": 18.0,
    "pixels": 27,
    "length_m_approx": 52.0,
    "pixel": [
     7957.4,
     3776.0
    ],
    "scene": "S1A_IW_GRDH_1SDV_20240715T225841_20240715T225906_054778_06AB8D_6E9C_COG.SAFE",
    "t": "2024-07-15T22:58:41+00:00",
    "sensor": "sentinel1-vv-cfar",
    "uncertainty_m": 26.2
   }
  },
  {
   "type": "Feature",
   "geometry": {
    "type": "Point",
    "coordinates": [
     -75.41683896261962,
     36.93116336969601
    ]
   },
   "properties": {
    "confidence": 0.95,
    "snr": 54.61,
    "peak_dn": 1108.0,
    "background_dn": 78.5,
    "sigma_dn": 18.85,
    "pixels": 24,
    "length_m_approx": 49.0,
    "pixel": [
     8121.0,
     4089.5
    ],
    "scene": "S1A_IW_GRDH_1SDV_20240715T225841_20240715T225906_054778_06AB8D_6E9C_COG.SAFE",
    "t": "2024-07-15T22:58:41+00:00",
    "sensor": "sentinel1-vv-cfar",
    "uncertainty_m": 24.7
   }
  },
  {
   "type": "Feature",
   "geometry": {
    "type": "Point",
    "coordinates": [
     -75.47510132433241,
     36.90007811581163
    ]
   },
   "properties": {
    "confidence": 0.95,
    "snr": 52.41,
    "peak_dn": 1053.0,
    "background_dn": 78.9,
    "sigma_dn": 18.59,
    "pixels": 20,
    "length_m_approx": 44.7,
    "pixel": [
     7547.8,
     3847.0
    ],
    "scene": "S1A_IW_GRDH_1SDV_20240715T225841_20240715T225906_054778_06AB8D_6E9C_COG.SAFE",
    "t": "2024-07-15T22:58:41+00:00",
    "sensor": "sentinel1-vv-cfar",
    "uncertainty_m": 22.6
   }
  },
  {
   "type": "Feature",
   "geometry": {
    "type": "Point",
    "coordinates": [
     -75.4595391190612,
     36.90015913593277
    ]
   },
   "properties": {
    "confidence": 0.95,
    "snr": 51.8,
    "peak_dn": 1065.0,
    "background_dn": 79.6,
    "sigma_dn": 19.02,
    "pixels": 21,
    "length_m_approx": 45.8,
    "pixel": [
     7684.4,
     3823.3
    ],
    "scene": "S1A_IW_GRDH_1SDV_20240715T225841_20240715T225906_054778_06AB8D_6E9C_COG.SAFE",
    "t": "2024-07-15T22:58:41+00:00",
    "sensor": "sentinel1-vv-cfar",
    "uncertainty_m": 23.1
   }
  },
  {
   "type": "Feature",
   "geometry": {
    "type": "Point",
    "coordinates": [
     -75.44596991870385,
     36.91562234491217
    ]
   },
   "properties": {
    "confidence": 0.95,
    "snr": 51.67,
    "peak_dn": 1043.0,
    "background_dn": 78.8,
    "sigma_dn": 18.66,
    "pixels": 18,
    "length_m_approx": 42.4,
    "pixel": [
     7834.5,
     3968.2
    ],
    "scene": "S1A_IW_GRDH_1SDV_20240715T225841_20240715T225906_054778_06AB8D_6E9C_COG.SAFE",
    "t": "2024-07-15T22:58:41+00:00",
    "sensor": "sentinel1-vv-cfar",
    "uncertainty_m": 21.4
   }
  },
  {
   "type": "Feature",
   "geometry": {
    "type": "Point",
    "coordinates": [
     -75.43998925366692,
     36.869330972475
    ]
   },
   "properties": {
    "confidence": 0.95,
    "snr": 48.07,
    "peak_dn": 967.0,
    "background_dn": 76.2,
    "sigma_dn": 18.53,
    "pixels": 18,
    "length_m_approx": 42.4,
    "pixel": [
     7793.5,
     3461.5
    ],
    "scene": "S1A_IW_GRDH_1SDV_20240715T225841_20240715T225906_054778_06AB8D_6E9C_COG.SAFE",
    "t": "2024-07-15T22:58:41+00:00",
    "sensor": "sentinel1-vv-cfar",
    "uncertainty_m": 21.4
   }
  },
  {
   "type": "Feature",
   "geometry": {
    "type": "Point",
    "coordinates": [
     -75.47706548963728,
     36.91554800315492
    ]
   },
   "properties": {
    "confidence": 0.95,
    "snr": 43.26,
    "peak_dn": 874.0,
    "background_dn": 78.4,
    "sigma_dn": 18.39,
    "pixels": 24,
    "length_m_approx": 49.0,
    "pixel": [
     7561.9,
     4016.3
    ],
    "scene": "S1A_IW_GRDH_1SDV_20240715T225841_20240715T225906_054778_06AB8D_6E9C_COG.SAFE",
    "t": "2024-07-15T22:58:41+00:00",
    "sensor": "sentinel1-vv-cfar",
    "uncertainty_m": 24.7
   }
  },
  {
   "type": "Feature",
   "geometry": {
    "type": "Point",
    "coordinates": [
     -75.47309193056105,
     36.884656514474734
    ]
   },
   "properties": {
    "confidence": 0.95,
    "snr": 42.69,
    "peak_dn": 874.0,
    "background_dn": 78.4,
    "sigma_dn": 18.64,
    "pixels": 19,
    "length_m_approx": 43.6,
    "pixel": [
     7534.3,
     3678.2
    ],
    "scene": "S1A_IW_GRDH_1SDV_20240715T225841_20240715T225906_054778_06AB8D_6E9C_COG.SAFE",
    "t": "2024-07-15T22:58:41+00:00",
    "sensor": "sentinel1-vv-cfar",
    "uncertainty_m": 22.0
   }
  },
  {
   "type": "Feature",
   "geometry": {
    "type": "Point",
    "coordinates": [
     -75.44397907522448,
     36.90018649674331
    ]
   },
   "properties": {
    "confidence": 0.95,
    "snr": 41.78,
    "peak_dn": 860.0,
    "background_dn": 76.4,
    "sigma_dn": 18.76,
    "pixels": 13,
    "length_m_approx": 36.1,
    "pixel": [
     7820.8,
     3799.2
    ],
    "scene": "S1A_IW_GRDH_1SDV_20240715T225841_20240715T225906_054778_06AB8D_6E9C_COG.SAFE",
    "t": "2024-07-15T22:58:41+00:00",
    "sensor": "sentinel1-vv-cfar",
    "uncertainty_m": 18.3
   }
  },
  {
   "type": "Feature",
   "geometry": {
    "type": "Point",
    "coordinates": [
     -75.42642311996299,
     36.884745845974884
    ]
   },
   "properties": {
    "confidence": 0.95,
    "snr": 32.49,
    "peak_dn": 673.0,
    "background_dn": 77.5,
    "sigma_dn": 18.33,
    "pixels": 18,
    "length_m_approx": 42.4,
    "pixel": [
     7943.5,
     3605.8
    ],
    "scene": "S1A_IW_GRDH_1SDV_20240715T225841_20240715T225906_054778_06AB8D_6E9C_COG.SAFE",
    "t": "2024-07-15T22:58:41+00:00",
    "sensor": "sentinel1-vv-cfar",
    "uncertainty_m": 21.4
   }
  },
  {
   "type": "Feature",
   "geometry": {
    "type": "Point",
    "coordinates": [
     -75.44394503359112,
     36.899731878776464
    ]
   },
   "properties": {
    "confidence": 0.915,
    "snr": 18.29,
    "peak_dn": 419.0,
    "background_dn": 76.4,
    "sigma_dn": 18.73,
    "pixels": 9,
    "length_m_approx": 30.0,
    "pixel": [
     7820.2,
     3794.3
    ],
    "scene": "S1A_IW_GRDH_1SDV_20240715T225841_20240715T225906_054778_06AB8D_6E9C_COG.SAFE",
    "t": "2024-07-15T22:58:41+00:00",
    "sensor": "sentinel1-vv-cfar",
    "uncertainty_m": 15.3
   }
  },
  {
   "type": "Feature",
   "geometry": {
    "type": "Point",
    "coordinates": [
     -75.45572028246023,
     36.86975291983481
    ]
   },
   "properties": {
    "confidence": 0.853,
    "snr": 17.05,
    "peak_dn": 389.0,
    "background_dn": 76.5,
    "sigma_dn": 18.32,
    "pixels": 7,
    "length_m_approx": 26.5,
    "pixel": [
     7656.5,
     3490.7
    ],
    "scene": "S1A_IW_GRDH_1SDV_20240715T225841_20240715T225906_054778_06AB8D_6E9C_COG.SAFE",
    "t": "2024-07-15T22:58:41+00:00",
    "sensor": "sentinel1-vv-cfar",
    "uncertainty_m": 13.6
   }
  },
  {
   "type": "Feature",
   "geometry": {
    "type": "Point",
    "coordinates": [
     -75.4266028169893,
     36.88538163761239
    ]
   },
   "properties": {
    "confidence": 0.69,
    "snr": 13.81,
    "peak_dn": 333.0,
    "background_dn": 77.7,
    "sigma_dn": 18.49,
    "pixels": 7,
    "length_m_approx": 26.5,
    "pixel": [
     7943.2,
     3612.9
    ],
    "scene": "S1A_IW_GRDH_1SDV_20240715T225841_20240715T225906_054778_06AB8D_6E9C_COG.SAFE",
    "t": "2024-07-15T22:58:41+00:00",
    "sensor": "sentinel1-vv-cfar",
    "uncertainty_m": 13.6
   }
  },
  {
   "type": "Feature",
   "geometry": {
    "type": "Point",
    "coordinates": [
     -75.54369833009683,
     36.860229579106694
    ]
   },
   "properties": {
    "confidence": 0.634,
    "snr": 12.67,
    "peak_dn": 303.0,
    "background_dn": 75.2,
    "sigma_dn": 17.97,
    "pixels": 18,
    "length_m_approx": 42.4,
    "pixel": [
     6865.8,
     3527.4
    ],
    "scene": "S1A_IW_GRDH_1SDV_20240715T225841_20240715T225906_054778_06AB8D_6E9C_COG.SAFE",
    "t": "2024-07-15T22:58:41+00:00",
    "sensor": "sentinel1-vv-cfar",
    "uncertainty_m": 21.4
   }
  },
  {
   "type": "Feature",
   "geometry": {
    "type": "Point",
    "coordinates": [
     -75.40343556173659,
     36.865047467352625
    ]
   },
   "properties": {
    "confidence": 0.525,
    "snr": 10.5,
    "peak_dn": 263.0,
    "background_dn": 75.4,
    "sigma_dn": 17.87,
    "pixels": 5,
    "length_m_approx": 22.4,
    "pixel": [
     8105.4,
     3358.2
    ],
    "scene": "S1A_IW_GRDH_1SDV_20240715T225841_20240715T225906_054778_06AB8D_6E9C_COG.SAFE",
    "t": "2024-07-15T22:58:41+00:00",
    "sensor": "sentinel1-vv-cfar",
    "uncertainty_m": 11.6
   }
  },
  {
   "type": "Feature",
   "geometry": {
    "type": "Point",
    "coordinates": [
     -75.44015113156877,
     36.86977412565225
    ]
   },
   "properties": {
    "confidence": 0.399,
    "snr": 7.98,
    "peak_dn": 225.0,
    "background_dn": 76.3,
    "sigma_dn": 18.64,
    "pixels": 2,
    "length_m_approx": 14.1,
    "pixel": [
     7793.0,
     3466.5
    ],
    "scene": "S1A_IW_GRDH_1SDV_20240715T225841_20240715T225906_054778_06AB8D_6E9C_COG.SAFE",
    "t": "2024-07-15T22:58:41+00:00",
    "sensor": "sentinel1-vv-cfar",
    "uncertainty_m": 7.7
   }
  },
  {
   "type": "Feature",
   "geometry": {
    "type": "Point",
    "coordinates": [
     -75.54313208809539,
     36.861129125380955
    ]
   },
   "properties": {
    "confidence": 0.368,
    "snr": 7.37,
    "peak_dn": 207.0,
    "background_dn": 75.4,
    "sigma_dn": 17.87,
    "pixels": 5,
    "length_m_approx": 22.4,
    "pixel": [
     6872.6,
     3536.2
    ],
    "scene": "S1A_IW_GRDH_1SDV_20240715T225841_20240715T225906_054778_06AB8D_6E9C_COG.SAFE",
    "t": "2024-07-15T22:58:41+00:00",
    "sensor": "sentinel1-vv-cfar",
    "uncertainty_m": 11.6
   }
  },
  {
   "type": "Feature",
   "geometry": {
    "type": "Point",
    "coordinates": [
     -75.41682727979745,
     36.85614129468493
    ]
   },
   "properties": {
    "confidence": 0.357,
    "snr": 7.14,
    "peak_dn": 204.0,
    "background_dn": 75.8,
    "sigma_dn": 17.97,
    "pixels": 2,
    "length_m_approx": 14.1,
    "pixel": [
     7970.0,
     3283.5
    ],
    "scene": "S1A_IW_GRDH_1SDV_20240715T225841_20240715T225906_054778_06AB8D_6E9C_COG.SAFE",
    "t": "2024-07-15T22:58:41+00:00",
    "sensor": "sentinel1-vv-cfar",
    "uncertainty_m": 7.7
   }
  },
  {
   "type": "Feature",
   "geometry": {
    "type": "Point",
    "coordinates": [
     -75.53305945712721,
     36.81337567493402
    ]
   },
   "properties": {
    "confidence": 0.343,
    "snr": 6.87,
    "peak_dn": 205.0,
    "background_dn": 77.5,
    "sigma_dn": 18.56,
    "pixels": 2,
    "length_m_approx": 14.1,
    "pixel": [
     6864.0,
     3007.5
    ],
    "scene": "S1A_IW_GRDH_1SDV_20240715T225841_20240715T225906_054778_06AB8D_6E9C_COG.SAFE",
    "t": "2024-07-15T22:58:41+00:00",
    "sensor": "sentinel1-vv-cfar",
    "uncertainty_m": 7.7
   }
  },
  {
   "type": "Feature",
   "geometry": {
    "type": "Point",
    "coordinates": [
     -75.54284982618294,
     36.86133817899017
    ]
   },
   "properties": {
    "confidence": 0.34,
    "snr": 6.81,
    "peak_dn": 197.0,
    "background_dn": 75.2,
    "sigma_dn": 17.9,
    "pixels": 2,
    "length_m_approx": 14.1,
    "pixel": [
     6875.5,
     3538.0
    ],
    "scene": "S1A_IW_GRDH_1SDV_20240715T225841_20240715T225906_054778_06AB8D_6E9C_COG.SAFE",
    "t": "2024-07-15T22:58:41+00:00",
    "sensor": "sentinel1-vv-cfar",
    "uncertainty_m": 7.7
   }
  },
  {
   "type": "Feature",
   "geometry": {
    "type": "Point",
    "coordinates": [
     -75.44215225743494,
     36.885167051084224
    ]
   },
   "properties": {
    "confidence": 0.334,
    "snr": 6.69,
    "peak_dn": 200.0,
    "background_dn": 77.1,
    "sigma_dn": 18.37,
    "pixels": 2,
    "length_m_approx": 14.1,
    "pixel": [
     7806.5,
     3635.0
    ],
    "scene": "S1A_IW_GRDH_1SDV_20240715T225841_20240715T225906_054778_06AB8D_6E9C_COG.SAFE",
    "t": "2024-07-15T22:58:41+00:00",
    "sensor": "sentinel1-vv-cfar",
    "uncertainty_m": 7.7
   }
  },
  {
   "type": "Feature",
   "geometry": {
    "type": "Point",
    "coordinates": [
     -75.5542492886132,
     36.906131309973965
    ]
   },
   "properties": {
    "confidence": 0.323,
    "snr": 6.45,
    "peak_dn": 860.0,
    "background_dn": 101.1,
    "sigma_dn": 117.57,
    "pixels": 2,
    "length_m_approx": 14.1,
    "pixel": [
     6866.5,
     4037.0
    ],
    "scene": "S1A_IW_GRDH_1SDV_20240715T225841_20240715T225906_054778_06AB8D_6E9C_COG.SAFE",
    "t": "2024-07-15T22:58:41+00:00",
    "sensor": "sentinel1-vv-cfar",
    "uncertainty_m": 7.7
   }
  },
  {
   "type": "Feature",
   "geometry": {
    "type": "Point",
    "coordinates": [
     -75.54421434541347,
     36.85983367441778
    ]
   },
   "properties": {
    "confidence": 0.322,
    "snr": 6.43,
    "peak_dn": 191.0,
    "background_dn": 75.3,
    "sigma_dn": 17.99,
    "pixels": 2,
    "length_m_approx": 14.1,
    "pixel": [
     6860.5,
     3524.0
    ],
    "scene": "S1A_IW_GRDH_1SDV_20240715T225841_20240715T225906_054778_06AB8D_6E9C_COG.SAFE",
    "t": "2024-07-15T22:58:41+00:00",
    "sensor": "sentinel1-vv-cfar",
    "uncertainty_m": 7.7
   }
  },
  {
   "type": "Feature",
   "geometry": {
    "type": "Point",
    "coordinates": [
     -75.23734509059145,
     36.870381989484734
    ]
   },
   "properties": {
    "confidence": 0.95,
    "snr": 204.67,
    "peak_dn": 3881.0,
    "background_dn": 73.9,
    "sigma_dn": 18.6,
    "pixels": 170,
    "length_m_approx": 130.4,
    "pixel": [
     9572.6,
     3156.0
    ],
    "scene": "S1A_IW_GRDH_1SDV_20240715T225841_20240715T225906_054778_06AB8D_6E9C_COG.SAFE",
    "t": "2024-07-15T22:58:41+00:00",
    "sensor": "sentinel1-vv-cfar",
    "uncertainty_m": 65.3
   }
  },
  {
   "type": "Feature",
   "geometry": {
    "type": "Point",
    "coordinates": [
     -75.2365224688987,
     36.87045536390565
    ]
   },
   "properties": {
    "confidence": 0.374,
    "snr": 7.49,
    "peak_dn": 213.0,
    "background_dn": 73.8,
    "sigma_dn": 18.59,
    "pixels": 2,
    "length_m_approx": 14.1,
    "pixel": [
     9580.0,
     3155.5
    ],
    "scene": "S1A_IW_GRDH_1SDV_20240715T225841_20240715T225906_054778_06AB8D_6E9C_COG.SAFE",
    "t": "2024-07-15T22:58:41+00:00",
    "sensor": "sentinel1-vv-cfar",
    "uncertainty_m": 7.7
   }
  },
  {
   "type": "Feature",
   "geometry": {
    "type": "Point",
    "coordinates": [
     -75.15082158172525,
     36.80119223321846
    ]
   },
   "properties": {
    "confidence": 0.331,
    "snr": 6.62,
    "peak_dn": 194.0,
    "background_dn": 75.1,
    "sigma_dn": 17.97,
    "pixels": 2,
    "length_m_approx": 14.1,
    "pixel": [
     10194.0,
     2277.5
    ],
    "scene": "S1A_IW_GRDH_1SDV_20240715T225841_20240715T225906_054778_06AB8D_6E9C_COG.SAFE",
    "t": "2024-07-15T22:58:41+00:00",
    "sensor": "sentinel1-vv-cfar",
    "uncertainty_m": 7.7
   }
  },
  {
   "type": "Feature",
   "geometry": {
    "type": "Point",
    "coordinates": [
     -75.21206325258595,
     36.77925483204271
    ]
   },
   "properties": {
    "confidence": 0.304,
    "snr": 6.08,
    "peak_dn": 172.0,
    "background_dn": 69.9,
    "sigma_dn": 16.79,
    "pixels": 2,
    "length_m_approx": 14.1,
    "pixel": [
     9612.5,
     2137.0
    ],
    "scene": "S1A_IW_GRDH_1SDV_20240715T225841_20240715T225906_054778_06AB8D_6E9C_COG.SAFE",
    "t": "2024-07-15T22:58:41+00:00",
    "sensor": "sentinel1-vv-cfar",
    "uncertainty_m": 7.7
   }
  },
  {
   "type": "Feature",
   "geometry": {
    "type": "Point",
    "coordinates": [
     -74.42950498921823,
     37.06325767969139
    ]
   },
   "properties": {
    "confidence": 0.53,
    "snr": 10.61,
    "peak_dn": 243.0,
    "background_dn": 68.1,
    "sigma_dn": 16.49,
    "pixels": 6,
    "length_m_approx": 24.5,
    "pixel": [
     17030.5,
     4007.1
    ],
    "scene": "S1A_IW_GRDH_1SDV_20240715T225841_20240715T225906_054778_06AB8D_6E9C_COG.SAFE",
    "t": "2024-07-15T22:58:41+00:00",
    "sensor": "sentinel1-vv-cfar",
    "uncertainty_m": 12.6
   }
  },
  {
   "type": "Feature",
   "geometry": {
    "type": "Point",
    "coordinates": [
     -74.06942854448516,
     36.99454502456196
    ]
   },
   "properties": {
    "confidence": 0.519,
    "snr": 10.37,
    "peak_dn": 218.0,
    "background_dn": 62.5,
    "sigma_dn": 15.0,
    "pixels": 10,
    "length_m_approx": 31.6,
    "pixel": [
     20058.6,
     2737.5
    ],
    "scene": "S1A_IW_GRDH_1SDV_20240715T225841_20240715T225906_054778_06AB8D_6E9C_COG.SAFE",
    "t": "2024-07-15T22:58:41+00:00",
    "sensor": "sentinel1-vv-cfar",
    "uncertainty_m": 16.1
   }
  },
  {
   "type": "Feature",
   "geometry": {
    "type": "Point",
    "coordinates": [
     -73.57354573001365,
     37.084706333709
    ]
   },
   "properties": {
    "confidence": 0.327,
    "snr": 6.53,
    "peak_dn": 149.0,
    "background_dn": 58.6,
    "sigma_dn": 13.83,
    "pixels": 2,
    "length_m_approx": 14.1,
    "pixel": [
     24575.0,
     3003.5
    ],
    "scene": "S1A_IW_GRDH_1SDV_20240715T225841_20240715T225906_054778_06AB8D_6E9C_COG.SAFE",
    "t": "2024-07-15T22:58:41+00:00",
    "sensor": "sentinel1-vv-cfar",
    "uncertainty_m": 7.7
   }
  },
  {
   "type": "Feature",
   "geometry": {
    "type": "Point",
    "coordinates": [
     -76.1603826395757,
     36.98869060743299
    ]
   },
   "properties": {
    "confidence": 0.95,
    "snr": 28.06,
    "peak_dn": 358.0,
    "background_dn": 43.8,
    "sigma_dn": 11.2,
    "pixels": 18,
    "length_m_approx": 42.4,
    "pixel": [
     1731.9,
     5894.9
    ],
    "scene": "S1A_IW_GRDH_1SDV_20240715T225841_20240715T225906_054778_06AB8D_6E9C_COG.SAFE",
    "t": "2024-07-15T22:58:41+00:00",
    "sensor": "sentinel1-vv-cfar",
    "uncertainty_m": 26.2
   }
  },
  {
   "type": "Feature",
   "geometry": {
    "type": "Point",
    "coordinates": [
     -76.18623793616317,
     36.99590594448881
    ]
   },
   "properties": {
    "confidence": 0.95,
    "snr": 25.28,
    "peak_dn": 454.0,
    "background_dn": 46.5,
    "sigma_dn": 16.12,
    "pixels": 12,
    "length_m_approx": 34.6,
    "pixel": [
     1521.1,
     6014.2
    ],
    "scene": "S1A_IW_GRDH_1SDV_20240715T225841_20240715T225906_054778_06AB8D_6E9C_COG.SAFE",
    "t": "2024-07-15T22:58:41+00:00",
    "sensor": "sentinel1-vv-cfar",
    "uncertainty_m": 23.2
   }
  },
  {
   "type": "Feature",
   "geometry": {
    "type": "Point",
    "coordinates": [
     -76.18734848366688,
     36.99179569528927
    ]
   },
   "properties": {
    "confidence": 0.921,
    "snr": 18.42,
    "peak_dn": 366.0,
    "background_dn": 47.1,
    "sigma_dn": 17.31,
    "pixels": 10,
    "length_m_approx": 31.6,
    "pixel": [
     1502.7,
     5972.0
    ],
    "scene": "S1A_IW_GRDH_1SDV_20240715T225841_20240715T225906_054778_06AB8D_6E9C_COG.SAFE",
    "t": "2024-07-15T22:58:41+00:00",
    "sensor": "sentinel1-vv-cfar",
    "uncertainty_m": 22.1
   }
  },
  {
   "type": "Feature",
   "geometry": {
    "type": "Point",
    "coordinates": [
     -76.1615536095749,
     36.98593327080351
    ]
   },
   "properties": {
    "confidence": 0.594,
    "snr": 11.87,
    "peak_dn": 191.0,
    "background_dn": 44.1,
    "sigma_dn": 12.37,
    "pixels": 14,
    "length_m_approx": 37.4,
    "pixel": [
     1715.9,
     5867.3
    ],
    "scene": "S1A_IW_GRDH_1SDV_20240715T225841_20240715T225906_054778_06AB8D_6E9C_COG.SAFE",
    "t": "2024-07-15T22:58:41+00:00",
    "sensor": "sentinel1-vv-cfar",
    "uncertainty_m": 24.3
   }
  },
  {
   "type": "Feature",
   "geometry": {
    "type": "Point",
    "coordinates": [
     -76.1662128856088,
     36.976263440340674
    ]
   },
   "properties": {
    "confidence": 0.521,
    "snr": 10.42,
    "peak_dn": 222.0,
    "background_dn": 48.4,
    "sigma_dn": 16.67,
    "pixels": 13,
    "length_m_approx": 36.1,
    "pixel": [
     1654.9,
     5771.2
    ],
    "scene": "S1A_IW_GRDH_1SDV_20240715T225841_20240715T225906_054778_06AB8D_6E9C_COG.SAFE",
    "t": "2024-07-15T22:58:41+00:00",
    "sensor": "sentinel1-vv-cfar",
    "uncertainty_m": 23.7
   }
  },
  {
   "type": "Feature",
   "geometry": {
    "type": "Point",
    "coordinates": [
     -76.15422486836478,
     36.997152948837126
    ]
   },
   "properties": {
    "confidence": 0.483,
    "snr": 9.66,
    "peak_dn": 134.0,
    "background_dn": 41.8,
    "sigma_dn": 9.54,
    "pixels": 8,
    "length_m_approx": 28.3,
    "pixel": [
     1803.5,
     5975.6
    ],
    "scene": "S1A_IW_GRDH_1SDV_20240715T225841_20240715T225906_054778_06AB8D_6E9C_COG.SAFE",
    "t": "2024-07-15T22:58:41+00:00",
    "sensor": "sentinel1-vv-cfar",
    "uncertainty_m": 20.9
   }
  },
  {
   "type": "Feature",
   "geometry": {
    "type": "Point",
    "coordinates": [
     -76.214488006441,
     36.99892243866269
    ]
   },
   "properties": {
    "confidence": 0.468,
    "snr": 9.36,
    "peak_dn": 340.0,
    "background_dn": 90.9,
    "sigma_dn": 26.6,
    "pixels": 4,
    "length_m_approx": 20.0,
    "pixel": [
     1280.5,
     6092.5
    ],
    "scene": "S1A_IW_GRDH_1SDV_20240715T225841_20240715T225906_054778_06AB8D_6E9C_COG.SAFE",
    "t": "2024-07-15T22:58:41+00:00",
    "sensor": "sentinel1-vv-cfar",
    "uncertainty_m": 18.4
   }
  },
  {
   "type": "Feature",
   "geometry": {
    "type": "Point",
    "coordinates": [
     -76.17464986883986,
     36.983598354504124
    ]
   },
   "properties": {
    "confidence": 0.422,
    "snr": 8.45,
    "peak_dn": 131.0,
    "background_dn": 43.6,
    "sigma_dn": 10.34,
    "pixels": 4,
    "length_m_approx": 20.0,
    "pixel": [
     1596.5,
     5863.5
    ],
    "scene": "S1A_IW_GRDH_1SDV_20240715T225841_20240715T225906_054778_06AB8D_6E9C_COG.SAFE",
    "t": "2024-07-15T22:58:41+00:00",
    "sensor": "sentinel1-vv-cfar",
    "uncertainty_m": 18.4
   }
  },
  {
   "type": "Feature",
   "geometry": {
    "type": "Point",
    "coordinates": [
     -76.18804673272385,
     36.98651008536316
    ]
   },
   "properties": {
    "confidence": 0.399,
    "snr": 7.99,
    "peak_dn": 160.0,
    "background_dn": 45.5,
    "sigma_dn": 14.34,
    "pixels": 4,
    "length_m_approx": 20.0,
    "pixel": [
     1485.5,
     5916.5
    ],
    "scene": "S1A_IW_GRDH_1SDV_20240715T225841_20240715T225906_054778_06AB8D_6E9C_COG.SAFE",
    "t": "2024-07-15T22:58:41+00:00",
    "sensor": "sentinel1-vv-cfar",
    "uncertainty_m": 18.4
   }
  },
  {
   "type": "Feature",
   "geometry": {
    "type": "Point",
    "coordinates": [
     -76.1205938802303,
     36.9422887602025
    ]
   },
   "properties": {
    "confidence": 0.358,
    "snr": 7.16,
    "peak_dn": 276.0,
    "background_dn": 95.1,
    "sigma_dn": 25.26,
    "pixels": 2,
    "length_m_approx": 14.1,
    "pixel": [
     1982.5,
     5333.0
    ],
    "scene": "S1A_IW_GRDH_1SDV_20240715T225841_20240715T225906_054778_06AB8D_6E9C_COG.SAFE",
    "t": "2024-07-15T22:58:41+00:00",
    "sensor": "sentinel1-vv-cfar",
    "uncertainty_m": 17.0
   }
  },
  {
   "type": "Feature",
   "geometry": {
    "type": "Point",
    "coordinates": [
     -76.21283104302168,
     37.00272319352171
    ]
   },
   "properties": {
    "confidence": 0.309,
    "snr": 6.18,
    "peak_dn": 262.0,
    "background_dn": 78.2,
    "sigma_dn": 29.76,
    "pixels": 2,
    "length_m_approx": 14.1,
    "pixel": [
     1303.0,
     6130.5
    ],
    "scene": "S1A_IW_GRDH_1SDV_20240715T225841_20240715T225906_054778_06AB8D_6E9C_COG.SAFE",
    "t": "2024-07-15T22:58:41+00:00",
    "sensor": "sentinel1-vv-cfar",
    "uncertainty_m": 17.0
   }
  },
  {
   "type": "Feature",
   "geometry": {
    "type": "Point",
    "coordinates": [
     -75.9321880420546,
     36.932422045482284
    ]
   },
   "properties": {
    "confidence": 0.95,
    "snr": 156.17,
    "peak_dn": 3879.0,
    "background_dn": 83.5,
    "sigma_dn": 24.3,
    "pixels": 208,
    "length_m_approx": 144.2,
    "pixel": [
     3610.8,
     4922.2
    ],
    "scene": "S1A_IW_GRDH_1SDV_20240715T225841_20240715T225906_054778_06AB8D_6E9C_COG.SAFE",
    "t": "2024-07-15T22:58:41+00:00",
    "sensor": "sentinel1-vv-cfar",
    "uncertainty_m": 72.2
   }
  },
  {
   "type": "Feature",
   "geometry": {
    "type": "Point",
    "coordinates": [
     -75.96151314742144,
     36.94467394697752
    ]
   },
   "properties": {
    "confidence": 0.95,
    "snr": 139.91,
    "peak_dn": 6486.0,
    "background_dn": 90.4,
    "sigma_dn": 45.71,
    "pixels": 267,
    "length_m_approx": 163.4,
    "pixel": [
     3379.5,
     5100.9
    ],
    "scene": "S1A_IW_GRDH_1SDV_20240715T225841_20240715T225906_054778_06AB8D_6E9C_COG.SAFE",
    "t": "2024-07-15T22:58:41+00:00",
    "sensor": "sentinel1-vv-cfar",
    "uncertainty_m": 81.8
   }
  },
  {
   "type": "Feature",
   "geometry": {
    "type": "Point",
    "coordinates": [
     -75.87507656901062,
     36.88996032046521
    ]
   },
   "properties": {
    "confidence": 0.95,
    "snr": 89.35,
    "peak_dn": 2005.0,
    "background_dn": 81.2,
    "sigma_dn": 21.53,
    "pixels": 130,
    "length_m_approx": 114.0,
    "pixel": [
     4023.1,
     4374.9
    ],
    "scene": "S1A_IW_GRDH_1SDV_20240715T225841_20240715T225906_054778_06AB8D_6E9C_COG.SAFE",
    "t": "2024-07-15T22:58:41+00:00",
    "sensor": "sentinel1-vv-cfar",
    "uncertainty_m": 57.1
   }
  },
  {
   "type": "Feature",
   "geometry": {
    "type": "Point",
    "coordinates": [
     -76.11253888421294,
     36.965258479790876
    ]
   },
   "properties": {
    "confidence": 0.95,
    "snr": 31.54,
    "peak_dn": 1255.0,
    "background_dn": 86.7,
    "sigma_dn": 37.05,
    "pixels": 278,
    "length_m_approx": 166.7,
    "pixel": [
     2101.1,
     5566.0
    ],
    "scene": "S1A_IW_GRDH_1SDV_20240715T225841_20240715T225906_054778_06AB8D_6E9C_COG.SAFE",
    "t": "2024-07-15T22:58:41+00:00",
    "sensor": "sentinel1-vv-cfar",
    "uncertainty_m": 84.8
   }
  },
  {
   "type": "Feature",
   "geometry": {
    "type": "Point",
    "coordinates": [
     -76.10645071866688,
     36.9806995553223
    ]
   },
   "properties": {
    "confidence": 0.95,
    "snr": 30.18,
    "peak_dn": 1164.0,
    "background_dn": 79.4,
    "sigma_dn": 35.94,
    "pixels": 195,
    "length_m_approx": 139.6,
    "pixel": [
     2186.7,
     5721.6
    ],
    "scene": "S1A_IW_GRDH_1SDV_20240715T225841_20240715T225906_054778_06AB8D_6E9C_COG.SAFE",
    "t": "2024-07-15T22:58:41+00:00",
    "sensor": "sentinel1-vv-cfar",
    "uncertainty_m": 71.5
   }
  },
  {
   "type": "Feature",
   "geometry": {
    "type": "Point",
    "coordinates": [
     -75.93302178188044,
     37.01662478550649
    ]
   },
   "properties": {
    "confidence": 0.95,
    "snr": 22.2,
    "peak_dn": 492.0,
    "background_dn": 74.5,
    "sigma_dn": 18.81,
    "pixels": 11,
    "length_m_approx": 33.2,
    "pixel": [
     3777.9,
     5826.3
    ],
    "scene": "S1A_IW_GRDH_1SDV_20240715T225841_20240715T225906_054778_06AB8D_6E9C_COG.SAFE",
    "t": "2024-07-15T22:58:41+00:00",
    "sensor": "sentinel1-vv-cfar",
    "uncertainty_m": 17.0
   }
  },
  {
   "type": "Feature",
   "geometry": {
    "type": "Point",
    "coordinates": [
     -75.95012233181322,
     36.89952482944791
    ]
   },
   "properties": {
    "confidence": 0.95,
    "snr": 20.43,
    "peak_dn": 540.0,
    "background_dn": 89.2,
    "sigma_dn": 22.06,
    "pixels": 43,
    "length_m_approx": 65.6,
    "pixel": [
     3385.5,
     4598.4
    ],
    "scene": "S1A_IW_GRDH_1SDV_20240715T225841_20240715T225906_054778_06AB8D_6E9C_COG.SAFE",
    "t": "2024-07-15T22:58:41+00:00",
    "sensor": "sentinel1-vv-cfar",
    "uncertainty_m": 33.0
   }
  },
  {
   "type": "Feature",
   "geometry": {
    "type": "Point",
    "coordinates": [
     -76.06059076328125,
     36.959003393093354
    ]
   },
   "properties": {
    "confidence": 0.95,
    "snr": 20.34,
    "peak_dn": 526.0,
    "background_dn": 83.7,
    "sigma_dn": 21.75,
    "pixels": 12,
    "length_m_approx": 34.6,
    "pixel": [
     2542.4,
     5414.5
    ],
    "scene": "S1A_IW_GRDH_1SDV_20240715T225841_20240715T225906_054778_06AB8D_6E9C_COG.SAFE",
    "t": "2024-07-15T22:58:41+00:00",
    "sensor": "sentinel1-vv-cfar",
    "uncertainty_m": 23.2
   }
  },
  {
   "type": "Feature",
   "geometry": {
    "type": "Point",
    "coordinates": [
     -76.03036753147305,
     37.00317683451295
    ]
   },
   "properties": {
    "confidence": 0.938,
    "snr": 18.76,
    "peak_dn": 435.0,
    "background_dn": 76.1,
    "sigma_dn": 19.13,
    "pixels": 12,
    "length_m_approx": 34.6,
    "pixel": [
     2898.9,
     5839.2
    ],
    "scene": "S1A_IW_GRDH_1SDV_20240715T225841_20240715T225906_054778_06AB8D_6E9C_COG.SAFE",
    "t": "2024-07-15T22:58:41+00:00",
    "sensor": "sentinel1-vv-cfar",
    "uncertainty_m": 17.7
   }
  },
  {
   "type": "Feature",
   "geometry": {
    "type": "Point",
    "coordinates": [
     -76.01221210049383,
     36.95948904010489
    ]
   },
   "properties": {
    "confidence": 0.877,
    "snr": 17.53,
    "peak_dn": 463.0,
    "background_dn": 87.9,
    "sigma_dn": 21.39,
    "pixels": 13,
    "length_m_approx": 36.1,
    "pixel": [
     2966.6,
     5341.6
    ],
    "scene": "S1A_IW_GRDH_1SDV_20240715T225841_20240715T225906_054778_06AB8D_6E9C_COG.SAFE",
    "t": "2024-07-15T22:58:41+00:00",
    "sensor": "sentinel1-vv-cfar",
    "uncertainty_m": 18.4
   }
  },
  {
   "type": "Feature",
   "geometry": {
    "type": "Point",
    "coordinates": [
     -76.09772011482443,
     36.97312023182795
    ]
   },
   "properties": {
    "confidence": 0.854,
    "snr": 17.07,
    "peak_dn": 504.0,
    "background_dn": 78.4,
    "sigma_dn": 24.93,
    "pixels": 8,
    "length_m_approx": 28.3,
    "pixel": [
     2247.2,
     5626.2
    ],
    "scene": "S1A_IW_GRDH_1SDV_20240715T225841_20240715T225906_054778_06AB8D_6E9C_COG.SAFE",
    "t": "2024-07-15T22:58:41+00:00",
    "sensor": "sentinel1-vv-cfar",
    "uncertainty_m": 20.9
   }
  },
  {
   "type": "Feature",
   "geometry": {
    "type": "Point",
    "coordinates": [
     -76.00388341517426,
     36.988049878955295
    ]
   },
   "properties": {
    "confidence": 0.845,
    "snr": 16.9,
    "peak_dn": 408.0,
    "background_dn": 75.4,
    "sigma_dn": 19.68,
    "pixels": 7,
    "length_m_approx": 26.5,
    "pixel": [
     3099.0,
     5634.3
    ],
    "scene": "S1A_IW_GRDH_1SDV_20240715T225841_20240715T225906_054778_06AB8D_6E9C_COG.SAFE",
    "t": "2024-07-15T22:58:41+00:00",
    "sensor": "sentinel1-vv-cfar",
    "uncertainty_m": 13.8
   }
  },
  {
   "type": "Feature",
   "geometry": {
    "type": "Point",
    "coordinates": [
     -76.11917498335885,
     36.97474889366003
    ]
   },
   "properties": {
    "confidence": 0.803,
    "snr": 16.06,
    "peak_dn": 530.0,
    "background_dn": 92.5,
    "sigma_dn": 27.25,
    "pixels": 8,
    "length_m_approx": 28.3,
    "pixel": [
     2063.0,
     5678.5
    ],
    "scene": "S1A_IW_GRDH_1SDV_20240715T225841_20240715T225906_054778_06AB8D_6E9C_COG.SAFE",
    "t": "2024-07-15T22:58:41+00:00",
    "sensor": "sentinel1-vv-cfar",
    "uncertainty_m": 20.9
   }
  },
  {
   "type": "Feature",
   "geometry": {
    "type": "Point",
    "coordinates": [
     -75.96570635018445,
     36.91770387931092
    ]
   },
   "properties": {
    "confidence": 0.758,
    "snr": 15.16,
    "peak_dn": 449.0,
    "background_dn": 94.1,
    "sigma_dn": 23.42,
    "pixels": 10,
    "length_m_approx": 31.6,
    "pixel": [
     3286.8,
     4818.5
    ],
    "scene": "S1A_IW_GRDH_1SDV_20240715T225841_20240715T225906_054778_06AB8D_6E9C_COG.SAFE",
    "t": "2024-07-15T22:58:41+00:00",
    "sensor": "sentinel1-vv-cfar",
    "uncertainty_m": 16.3
   }
  },
  {
   "type": "Feature",
   "geometry": {
    "type": "Point",
    "coordinates": [
     -76.10502539202503,
     36.98278801599241
    ]
   },
   "properties": {
    "confidence": 0.758,
    "snr": 15.15,
    "peak_dn": 852.0,
    "background_dn": 82.1,
    "sigma_dn": 50.82,
    "pixels": 17,
    "length_m_approx": 41.2,
    "pixel": [
     2203.5,
     5741.6
    ],
    "scene": "S1A_IW_GRDH_1SDV_20240715T225841_20240715T225906_054778_06AB8D_6E9C_COG.SAFE",
    "t": "2024-07-15T22:58:41+00:00",
    "sensor": "sentinel1-vv-cfar",
    "uncertainty_m": 25.8
   }
  },
  {
   "type": "Feature",
   "geometry": {
    "type": "Point",
    "coordinates": [
     -76.02309917611163,
     36.949272867523945
    ]
   },
   "properties": {
    "confidence": 0.755,
    "snr": 15.11,
    "peak_dn": 411.0,
    "background_dn": 77.1,
    "sigma_dn": 22.1,
    "pixels": 9,
    "length_m_approx": 30.0,
    "pixel": [
     2850.1,
     5249.6
    ],
    "scene": "S1A_IW_GRDH_1SDV_20240715T225841_20240715T225906_054778_06AB8D_6E9C_COG.SAFE",
    "t": "2024-07-15T22:58:41+00:00",
    "sensor": "sentinel1-vv-cfar",
    "uncertainty_m": 15.5
   }
  },
  {
   "type": "Feature",
   "geometry": {
    "type": "Point",
    "coordinates": [
     -75.98869285633454,
     36.937186150947255
    ]
   },
   "properties": {
    "confidence": 0.724,
    "snr": 14.48,
    "peak_dn": 402.0,
    "background_dn": 90.8,
    "sigma_dn": 21.5,
    "pixels": 8,
    "length_m_approx": 28.3,
    "pixel": [
     3126.0,
     5064.5
    ],
    "scene": "S1A_IW_GRDH_1SDV_20240715T225841_20240715T225906_054778_06AB8D_6E9C_COG.SAFE",
    "t": "2024-07-15T22:58:41+00:00",
    "sensor": "sentinel1-vv-cfar",
    "uncertainty_m": 14.7
   }
  },
  {
   "type": "Feature",
   "geometry": {
    "type": "Point",
    "coordinates": [
     -75.90542423133597,
     37.00526642175383
    ]
   },
   "properties": {
    "confidence": 0.684,
    "snr": 13.67,
    "peak_dn": 335.0,
    "background_dn": 77.8,
    "sigma_dn": 18.81,
    "pixels": 6,
    "length_m_approx": 24.5,
    "pixel": [
     3995.8,
     5660.2
    ],
    "scene": "S1A_IW_GRDH_1SDV_20240715T225841_20240715T225906_054778_06AB8D_6E9C_COG.SAFE",
    "t": "2024-07-15T22:58:41+00:00",
    "sensor": "sentinel1-vv-cfar",
    "uncertainty_m": 12.8
   }
  },
  {
   "type": "Feature",
   "geometry": {
    "type": "Point",
    "coordinates": [
     -76.09449644067489,
     37.01111670805787
    ]
   },
   "properties": {
    "confidence": 0.665,
    "snr": 13.31,
    "peak_dn": 406.0,
    "background_dn": 53.1,
    "sigma_dn": 26.52,
    "pixels": 8,
    "length_m_approx": 28.3,
    "pixel": [
     2354.8,
     6028.1
    ],
    "scene": "S1A_IW_GRDH_1SDV_20240715T225841_20240715T225906_054778_06AB8D_6E9C_COG.SAFE",
    "t": "2024-07-15T22:58:41+00:00",
    "sensor": "sentinel1-vv-cfar",
    "uncertainty_m": 20.9
   }
  },
  {
   "type": "Feature",
   "geometry": {
    "type": "Point",
    "coordinates": [
     -76.05883990597547,
     36.96300439338514
    ]
   },
   "properties": {
    "confidence": 0.629,
    "snr": 12.59,
    "peak_dn": 366.0,
    "background_dn": 86.0,
    "sigma_dn": 22.24,
    "pixels": 6,
    "length_m_approx": 24.5,
    "pixel": [
     2566.1,
     5454.5
    ],
    "scene": "S1A_IW_GRDH_1SDV_20240715T225841_20240715T225906_054778_06AB8D_6E9C_COG.SAFE",
    "t": "2024-07-15T22:58:41+00:00",
    "sensor": "sentinel1-vv-cfar",
    "uncertainty_m": 12.8
   }
  },
  {
   "type": "Feature",
   "geometry": {
    "type": "Point",
    "coordinates": [
     -76.0950416917674,
     37.00981577200848
    ]
   },
   "properties": {
    "confidence": 0.586,
    "snr": 11.71,
    "peak_dn": 344.0,
    "background_dn": 51.7,
    "sigma_dn": 24.96,
    "pixels": 9,
    "length_m_approx": 30.0,
    "pixel": [
     2347.3,
     6015.0
    ],
    "scene": "S1A_IW_GRDH_1SDV_20240715T225841_20240715T225906_054778_06AB8D_6E9C_COG.SAFE",
    "t": "2024-07-15T22:58:41+00:00",
    "sensor": "sentinel1-vv-cfar",
    "uncertainty_m": 21.5
   }
  },
  {
   "type": "Feature",
   "geometry": {
    "type": "Point",
    "coordinates": [
     -76.02160633005525,
     36.9532884075822
    ]
   },
   "properties": {
    "confidence": 0.556,
    "snr": 11.11,
    "peak_dn": 319.0,
    "background_dn": 78.6,
    "sigma_dn": 21.64,
    "pixels": 7,
    "length_m_approx": 26.5,
    "pixel": [
     2871.5,
     5290.3
    ],
    "scene": "S1A_IW_GRDH_1SDV_20240715T225841_20240715T225906_054778_06AB8D_6E9C_COG.SAFE",
    "t": "2024-07-15T22:58:41+00:00",
    "sensor": "sentinel1-vv-cfar",
    "uncertainty_m": 13.8
   }
  },
  {
   "type": "Feature",
   "geometry": {
    "type": "Point",
    "coordinates": [
     -75.91515861813602,
     36.940455495885615
    ]
   },
   "properties": {
    "confidence": 0.554,
    "snr": 11.08,
    "peak_dn": 311.0,
    "background_dn": 87.3,
    "sigma_dn": 20.2,
    "pixels": 5,
    "length_m_approx": 22.4,
    "pixel": [
     3776.6,
     4980.8
    ],
    "scene": "S1A_IW_GRDH_1SDV_20240715T225841_20240715T225906_054778_06AB8D_6E9C_COG.SAFE",
    "t": "2024-07-15T22:58:41+00:00",
    "sensor": "sentinel1-vv-cfar",
    "uncertainty_m": 11.8
   }
  },
  {
   "type": "Feature",
   "geometry": {
    "type": "Point",
    "coordinates": [
     -75.88460141080607,
     36.88763221612177
    ]
   },
   "properties": {
    "confidence": 0.551,
    "snr": 11.03,
    "peak_dn": 312.0,
    "background_dn": 81.7,
    "sigma_dn": 20.88,
    "pixels": 6,
    "length_m_approx": 24.5,
    "pixel": [
     3934.8,
     4365.2
    ],
    "scene": "S1A_IW_GRDH_1SDV_20240715T225841_20240715T225906_054778_06AB8D_6E9C_COG.SAFE",
    "t": "2024-07-15T22:58:41+00:00",
    "sensor": "sentinel1-vv-cfar",
    "uncertainty_m": 12.8
   }
  },
  {
   "type": "Feature",
   "geometry": {
    "type": "Point",
    "coordinates": [
     -76.10548274564944,
     36.980796801480196
    ]
   },
   "properties": {
    "confidence": 0.548,
    "snr": 10.96,
    "peak_dn": 465.0,
    "background_dn": 78.0,
    "sigma_dn": 35.29,
    "pixels": 11,
    "length_m_approx": 33.2,
    "pixel": [
     2195.4,
     5721.0
    ],
    "scene": "S1A_IW_GRDH_1SDV_20240715T225841_20240715T225906_054778_06AB8D_6E9C_COG.SAFE",
    "t": "2024-07-15T22:58:41+00:00",
    "sensor": "sentinel1-vv-cfar",
    "uncertainty_m": 22.7
   }
  },
  {
   "type": "Feature",
   "geometry": {
    "type": "Point",
    "coordinates": [
     -76.10298257505977,
     36.990496214703064
    ]
   },
   "properties": {
    "confidence": 0.536,
    "snr": 10.72,
    "peak_dn": 370.0,
    "background_dn": 63.3,
    "sigma_dn": 28.62,
    "pixels": 6,
    "length_m_approx": 24.5,
    "pixel": [
     2237.5,
     5820.9
    ],
    "scene": "S1A_IW_GRDH_1SDV_20240715T225841_20240715T225906_054778_06AB8D_6E9C_COG.SAFE",
    "t": "2024-07-15T22:58:41+00:00",
    "sensor": "sentinel1-vv-cfar",
    "uncertainty_m": 19.7
   }
  },
  {
   "type": "Feature",
   "geometry": {
    "type": "Point",
    "coordinates": [
     -76.09912231538156,
     36.99974597717233
    ]
   },
   "properties": {
    "confidence": 0.518,
    "snr": 10.36,
    "peak_dn": 286.0,
    "background_dn": 50.9,
    "sigma_dn": 22.69,
    "pixels": 5,
    "length_m_approx": 22.4,
    "pixel": [
     2290.6,
     5913.7
    ],
    "scene": "S1A_IW_GRDH_1SDV_20240715T225841_20240715T225906_054778_06AB8D_6E9C_COG.SAFE",
    "t": "2024-07-15T22:58:41+00:00",
    "sensor": "sentinel1-vv-cfar",
    "uncertainty_m": 19.1
   }
  },
  {
   "type": "Feature",
   "geometry": {
    "type": "Point",
    "coordinates": [
     -75.89418823555553,
     36.9402323693097
    ]
   },
   "properties": {
    "confidence": 0.473,
    "snr": 9.46,
    "peak_dn": 284.0,
    "background_dn": 86.9,
    "sigma_dn": 20.83,
    "pixels": 3,
    "length_m_approx": 17.3,
    "pixel": [
     3959.7,
     4944.7
    ],
    "scene": "S1A_IW_GRDH_1SDV_20240715T225841_20240715T225906_054778_06AB8D_6E9C_COG.SAFE",
    "t": "2024-07-15T22:58:41+00:00",
    "sensor": "sentinel1-vv-cfar",
    "uncertainty_m": 9.5
   }
  },
  {
   "type": "Feature",
   "geometry": {
    "type": "Point",
    "coordinates": [
     -76.09931797304918,
     36.99680876602614
    ]
   },
   "properties": {
    "confidence": 0.47,
    "snr": 9.4,
    "peak_dn": 274.0,
    "background_dn": 53.1,
    "sigma_dn": 23.49,
    "pixels": 5,
    "length_m_approx": 22.4,
    "pixel": [
     2282.8,
     5882.6
    ],
    "scene": "S1A_IW_GRDH_1SDV_20240715T225841_20240715T225906_054778_06AB8D_6E9C_COG.SAFE",
    "t": "2024-07-15T22:58:41+00:00",
    "sensor": "sentinel1-vv-cfar",
    "uncertainty_m": 19.1
   }
  },
  {
   "type": "Feature",
   "geometry": {
    "type": "Point",
    "coordinates": [
     -76.04707593339731,
     37.01599408220928
    ]
   },
   "properties": {
    "confidence": 0.47,
    "snr": 9.39,
    "peak_dn": 259.0,
    "background_dn": 72.6,
    "sigma_dn": 19.84,
    "pixels": 4,
    "length_m_approx": 20.0,
    "pixel": [
     2779.5,
     6003.6
    ],
    "scene": "S1A_IW_GRDH_1SDV_20240715T225841_20240715T225906_054778_06AB8D_6E9C_COG.SAFE",
    "t": "2024-07-15T22:58:41+00:00",
    "sensor": "sentinel1-vv-cfar",
    "uncertainty_m": 10.7
   }
  },
  {
   "type": "Feature",
   "geometry": {
    "type": "Point",
    "coordinates": [
     -76.00314725107398,
     36.979759530911934
    ]
   },
   "properties": {
    "confidence": 0.461,
    "snr": 9.22,
    "peak_dn": 247.0,
    "background_dn": 68.3,
    "sigma_dn": 19.37,
    "pixels": 6,
    "length_m_approx": 24.5,
    "pixel": [
     3088.1,
     5544.2
    ],
    "scene": "S1A_IW_GRDH_1SDV_20240715T225841_20240715T225906_054778_06AB8D_6E9C_COG.SAFE",
    "t": "2024-07-15T22:58:41+00:00",
    "sensor": "sentinel1-vv-cfar",
    "uncertainty_m": 12.8
   }
  },
  {
   "type": "Feature",
   "geometry": {
    "type": "Point",
    "coordinates": [
     -75.99206378580787,
     36.962114347227846
    ]
   },
   "properties": {
    "confidence": 0.461,
    "snr": 9.22,
    "peak_dn": 269.0,
    "background_dn": 82.4,
    "sigma_dn": 20.23,
    "pixels": 5,
    "length_m_approx": 22.4,
    "pixel": [
     3148.4,
     5337.2
    ],
    "scene": "S1A_IW_GRDH_1SDV_20240715T225841_20240715T225906_054778_06AB8D_6E9C_COG.SAFE",
    "t": "2024-07-15T22:58:41+00:00",
    "sensor": "sentinel1-vv-cfar",
    "uncertainty_m": 11.8
   }
  },
  {
   "type": "Feature",
   "geometry": {
    "type": "Point",
    "coordinates": [
     -76.09954174058953,
     36.99623176649665
    ]
   },
   "properties": {
    "confidence": 0.459,
    "snr": 9.19,
    "peak_dn": 284.0,
    "background_dn": 53.8,
    "sigma_dn": 25.05,
    "pixels": 5,
    "length_m_approx": 22.4,
    "pixel": [
     2279.6,
     5876.8
    ],
    "scene": "S1A_IW_GRDH_1SDV_20240715T225841_20240715T225906_054778_06AB8D_6E9C_COG.SAFE",
    "t": "2024-07-15T22:58:41+00:00",
    "sensor": "sentinel1-vv-cfar",
    "uncertainty_m": 19.1
   }
  },
  {
   "type": "Feature",
   "geometry": {
    "type": "Point",
    "coordinates": [
     -76.09396453040968,
     37.00981469956095
    ]
   },
   "properties": {
    "confidence": 0.45,
    "snr": 9.0,
    "peak_dn": 273.0,
    "background_dn": 51.8,
    "sigma_dn": 24.58,
    "pixels": 12,
    "length_m_approx": 34.6,
    "pixel": [
     2356.8,
     6013.3
    ],
    "scene": "S1A_IW_GRDH_1SDV_20240715T225841_20240715T225906_054778_06AB8D_6E9C_COG.SAFE",
    "t": "2024-07-15T22:58:41+00:00",
    "sensor": "sentinel1-vv-cfar",
    "uncertainty_m": 23.2
   }
  },
  {
   "type": "Feature",
   "geometry": {
    "type": "Point",
    "coordinates": [
     -76.1052019443302,
     36.98119509731125
    ]
   },
   "properties": {
    "confidence": 0.45,
    "snr": 9.0,
    "peak_dn": 379.0,
    "background_dn": 77.7,
    "sigma_dn": 33.48,
    "pixels": 5,
    "length_m_approx": 22.4,
    "pixel": [
     2198.6,
     5724.8
    ],
    "scene": "S1A_IW_GRDH_1SDV_20240715T225841_20240715T225906_054778_06AB8D_6E9C_COG.SAFE",
    "t": "2024-07-15T22:58:41+00:00",
    "sensor": "sentinel1-vv-cfar",
    "uncertainty_m": 19.1
   }
  },
  {
   "type": "Feature",
   "geometry": {
    "type": "Point",
    "coordinates": [
     -76.11967002031801,
     37.014246904988866
    ]
   },
   "properties": {
    "confidence": 0.432,
    "snr": 8.65,
    "peak_dn": 129.0,
    "background_dn": 41.8,
    "sigma_dn": 10.09,
    "pixels": 6,
    "length_m_approx": 24.5,
    "pixel": [
     2141.3,
     6102.5
    ],
    "scene": "S1A_IW_GRDH_1SDV_20240715T225841_20240715T225906_054778_06AB8D_6E9C_COG.SAFE",
    "t": "2024-07-15T22:58:41+00:00",
    "sensor": "sentinel1-vv-cfar",
    "uncertainty_m": 19.7
   }
  },
  {
   "type": "Feature",
   "geometry": {
    "type": "Point",
    "coordinates": [
     -76.11789079748047,
     36.977809453484966
    ]
   },
   "properties": {
    "confidence": 0.417,
    "snr": 8.34,
    "peak_dn": 320.0,
    "background_dn": 88.6,
    "sigma_dn": 27.77,
    "pixels": 5,
    "length_m_approx": 22.4,
    "pixel": [
     2080.6,
     5709.2
    ],
    "scene": "S1A_IW_GRDH_1SDV_20240715T225841_20240715T225906_054778_06AB8D_6E9C_COG.SAFE",
    "t": "2024-07-15T22:58:41+00:00",
    "sensor": "sentinel1-vv-cfar",
    "uncertainty_m": 19.1
   }
  },
  {
   "type": "Feature",
   "geometry": {
    "type": "Point",
    "coordinates": [
     -76.00012920209767,
     36.96123348663217
    ]
   },
   "properties": {
    "confidence": 0.41,
    "snr": 8.2,
    "peak_dn": 252.0,
    "background_dn": 84.8,
    "sigma_dn": 20.38,
    "pixels": 4,
    "length_m_approx": 20.0,
    "pixel": [
     3076.0,
     5340.8
    ],
    "scene": "S1A_IW_GRDH_1SDV_20240715T225841_20240715T225906_054778_06AB8D_6E9C_COG.SAFE",
    "t": "2024-07-15T22:58:41+00:00",
    "sensor": "sentinel1-vv-cfar",
    "uncertainty_m": 10.7
   }
  },
  {
   "type": "Feature",
   "geometry": {
    "type": "Point",
    "coordinates": [
     -75.95651596533236,
     36.93587770981818
    ]
   },
   "properties": {
    "confidence": 0.41,
    "snr": 8.19,
    "peak_dn": 266.0,
    "background_dn": 78.8,
    "sigma_dn": 22.85,
    "pixels": 2,
    "length_m_approx": 14.1,
    "pixel": [
     3405.0,
     4998.5
    ],
    "scene": "S1A_IW_GRDH_1SDV_20240715T225841_20240715T225906_054778_06AB8D_6E9C_COG.SAFE",
    "t": "2024-07-15T22:58:41+00:00",
    "sensor": "sentinel1-vv-cfar",
    "uncertainty_m": 8.1
   }
  },
  {
   "type": "Feature",
   "geometry": {
    "type": "Point",
    "coordinates": [
     -75.86733922060725,
     36.87276195303074
    ]
   },
   "properties": {
    "confidence": 0.404,
    "snr": 8.08,
    "peak_dn": 249.0,
    "background_dn": 82.1,
    "sigma_dn": 20.66,
    "pixels": 4,
    "length_m_approx": 20.0,
    "pixel": [
     4055.3,
     4178.0
    ],
    "scene": "S1A_IW_GRDH_1SDV_20240715T225841_20240715T225906_054778_06AB8D_6E9C_COG.SAFE",
    "t": "2024-07-15T22:58:41+00:00",
    "sensor": "sentinel1-vv-cfar",
    "uncertainty_m": 10.7
   }
  },
  {
   "type": "Feature",
   "geometry": {
    "type": "Point",
    "coordinates": [
     -75.9334763766975,
     36.93263684408899
    ]
   },
   "properties": {
    "confidence": 0.404,
    "snr": 8.07,
    "peak_dn": 291.0,
    "background_dn": 84.2,
    "sigma_dn": 25.61,
    "pixels": 2,
    "length_m_approx": 14.1,
    "pixel": [
     3600.0,
     4926.5
    ],
    "scene": "S1A_IW_GRDH_1SDV_20240715T225841_20240715T225906_054778_06AB8D_6E9C_COG.SAFE",
    "t": "2024-07-15T22:58:41+00:00",
    "sensor": "sentinel1-vv-cfar",
    "uncertainty_m": 8.1
   }
  },
  {
   "type": "Feature",
   "geometry": {
    "type": "Point",
    "coordinates": [
     -76.11979671958889,
     37.01383360254965
    ]
   },
   "properties": {
    "confidence": 0.39,
    "snr": 7.8,
    "peak_dn": 120.0,
    "background_dn": 41.7,
    "sigma_dn": 10.04,
    "pixels": 3,
    "length_m_approx": 17.3,
    "pixel": [
     2139.4,
     6098.3
    ],
    "scene": "S1A_IW_GRDH_1SDV_20240715T225841_20240715T225906_054778_06AB8D_6E9C_COG.SAFE",
    "t": "2024-07-15T22:58:41+00:00",
    "sensor": "sentinel1-vv-cfar",
    "uncertainty_m": 17.7
   }
  },
  {
   "type": "Feature",
   "geometry": {
    "type": "Point",
    "coordinates": [
     -76.09893953008716,
     37.00012351261156
    ]
   },
   "properties": {
    "confidence": 0.382,
    "snr": 7.63,
    "peak_dn": 225.0,
    "background_dn": 50.7,
    "sigma_dn": 22.83,
    "pixels": 2,
    "length_m_approx": 14.1,
    "pixel": [
     2293.0,
     5917.5
    ],
    "scene": "S1A_IW_GRDH_1SDV_20240715T225841_20240715T225906_054778_06AB8D_6E9C_COG.SAFE",
    "t": "2024-07-15T22:58:41+00:00",
    "sensor": "sentinel1-vv-cfar",
    "uncertainty_m": 17.0
   }
  },
  {
   "type": "Feature",
   "geometry": {
    "type": "Point",
    "coordinates": [
     -76.10299951803093,
     36.990158114497376
    ]
   },
   "properties": {
    "confidence": 0.38,
    "snr": 7.6,
    "peak_dn": 287.0,
    "background_dn": 64.0,
    "sigma_dn": 29.35,
    "pixels": 3,
    "length_m_approx": 17.3,
    "pixel": [
     2236.7,
     5817.3
    ],
    "scene": "S1A_IW_GRDH_1SDV_20240715T225841_20240715T225906_054778_06AB8D_6E9C_COG.SAFE",
    "t": "2024-07-15T22:58:41+00:00",
    "sensor": "sentinel1-vv-cfar",
    "uncertainty_m": 17.7
   }
  },
  {
   "type": "Feature",
   "geometry": {
    "type": "Point",
    "coordinates": [
     -76.09995594003944,
     36.99752741828931
    ]
   },
   "properties": {
    "confidence": 0.369,
    "snr": 7.38,
    "peak_dn": 224.0,
    "background_dn": 52.2,
    "sigma_dn": 23.29,
    "pixels": 3,
    "length_m_approx": 17.3,
    "pixel": [
     2278.7,
     5891.3
    ],
    "scene": "S1A_IW_GRDH_1SDV_20240715T225841_20240715T225906_054778_06AB8D_6E9C_COG.SAFE",
    "t": "2024-07-15T22:58:41+00:00",
    "sensor": "sentinel1-vv-cfar",
    "uncertainty_m": 17.7
   }
  },
  {
   "type": "Feature",
   "geometry": {
    "type": "Point",
    "coordinates": [
     -76.11060602354215,
     37.01566510804277
    ]
   },
   "properties": {
    "confidence": 0.368,
    "snr": 7.36,
    "peak_dn": 120.0,
    "background_dn": 42.5,
    "sigma_dn": 10.53,
    "pixels": 2,
    "length_m_approx": 14.1,
    "pixel": [
     2223.5,
     6103.0
    ],
    "scene": "S1A_IW_GRDH_1SDV_20240715T225841_20240715T225906_054778_06AB8D_6E9C_COG.SAFE",
    "t": "2024-07-15T22:58:41+00:00",
    "sensor": "sentinel1-vv-cfar",
    "uncertainty_m": 17.0
   }
  },
  {
   "type": "Feature",
   "geometry": {
    "type": "Point",
    "coordinates": [
     -76.09377575106735,
     37.010332772129495
    ]
   },
   "properties": {
    "confidence": 0.362,
    "snr": 7.24,
    "peak_dn": 233.0,
    "background_dn": 52.3,
    "sigma_dn": 24.94,
    "pixels": 4,
    "length_m_approx": 20.0,
    "pixel": [
     2359.5,
     6018.5
    ],
    "scene": "S1A_IW_GRDH_1SDV_20240715T225841_20240715T225906_054778_06AB8D_6E9C_COG.SAFE",
    "t": "2024-07-15T22:58:41+00:00",
    "sensor": "sentinel1-vv-cfar",
    "uncertainty_m": 18.4
   }
  },
  {
   "type": "Feature",
   "geometry": {
    "type": "Point",
    "coordinates": [
     -75.92254465265731,
     36.916139402035896
    ]
   },
   "properties": {
    "confidence": 0.362,
    "snr": 7.24,
    "peak_dn": 242.0,
    "background_dn": 83.8,
    "sigma_dn": 21.87,
    "pixels": 2,
    "length_m_approx": 14.1,
    "pixel": [
     3661.5,
     4732.0
    ],
    "scene": "S1A_IW_GRDH_1SDV_20240715T225841_20240715T225906_054778_06AB8D_6E9C_COG.SAFE",
    "t": "2024-07-15T22:58:41+00:00",
    "sensor": "sentinel1-vv-cfar",
    "uncertainty_m": 8.1
   }
  },
  {
   "type": "Feature",
   "geometry": {
    "type": "Point",
    "coordinates": [
     -76.09433973155326,
     37.00895620407082
    ]
   },
   "properties": {
    "confidence": 0.361,
    "snr": 7.21,
    "peak_dn": 230.0,
    "background_dn": 51.4,
    "sigma_dn": 24.76,
    "pixels": 3,
    "length_m_approx": 17.3,
    "pixel": [
     2351.7,
     6004.7
    ],
    "scene": "S1A_IW_GRDH_1SDV_20240715T225841_20240715T225906_054778_06AB8D_6E9C_COG.SAFE",
    "t": "2024-07-15T22:58:41+00:00",
    "sensor": "sentinel1-vv-cfar",
    "uncertainty_m": 17.7
   }
  },
  {
   "type": "Feature",
   "geometry": {
    "type": "Point",
    "coordinates": [
     -76.02732867371682,
     37.005621505280764
    ]
   },
   "properties": {
    "confidence": 0.342,
    "snr": 6.85,
    "peak_dn": 216.0,
    "background_dn": 75.5,
    "sigma_dn": 20.51,
    "pixels": 4,
    "length_m_approx": 20.0,
    "pixel": [
     2930.5,
     5860.5
    ],
    "scene": "S1A_IW_GRDH_1SDV_20240715T225841_20240715T225906_054778_06AB8D_6E9C_COG.SAFE",
    "t": "2024-07-15T22:58:41+00:00",
    "sensor": "sentinel1-vv-cfar",
    "uncertainty_m": 10.7
   }
  },
  {
   "type": "Feature",
   "geometry": {
    "type": "Point",
    "coordinates": [
     -76.10497948633787,
     36.98353146710702
    ]
   },
   "properties": {
    "confidence": 0.333,
    "snr": 6.66,
    "peak_dn": 488.0,
    "background_dn": 85.4,
    "sigma_dn": 60.49,
    "pixels": 2,
    "length_m_approx": 14.1,
    "pixel": [
     2205.5,
     5749.5
    ],
    "scene": "S1A_IW_GRDH_1SDV_20240715T225841_20240715T225906_054778_06AB8D_6E9C_COG.SAFE",
    "t": "2024-07-15T22:58:41+00:00",
    "sensor": "sentinel1-vv-cfar",
    "uncertainty_m": 17.0
   }
  },
  {
   "type": "Feature",
   "geometry": {
    "type": "Point",
    "coordinates": [
     -76.10486585507137,
     36.98203727883997
    ]
   },
   "properties": {
    "confidence": 0.324,
    "snr": 6.49,
    "peak_dn": 356.0,
    "background_dn": 79.4,
    "sigma_dn": 42.64,
    "pixels": 3,
    "length_m_approx": 17.3,
    "pixel": [
     2203.3,
     5733.3
    ],
    "scene": "S1A_IW_GRDH_1SDV_20240715T225841_20240715T225906_054778_06AB8D_6E9C_COG.SAFE",
    "t": "2024-07-15T22:58:41+00:00",
    "sensor": "sentinel1-vv-cfar",
    "uncertainty_m": 17.7
   }
  },
  {
   "type": "Feature",
   "geometry": {
    "type": "Point",
    "coordinates": [
     -76.09785367267462,
     37.00036679688947
    ]
   },
   "properties": {
    "confidence": 0.311,
    "snr": 6.23,
    "peak_dn": 193.0,
    "background_dn": 50.6,
    "sigma_dn": 22.85,
    "pixels": 3,
    "length_m_approx": 17.3,
    "pixel": [
     2303.0,
     5918.3
    ],
    "scene": "S1A_IW_GRDH_1SDV_20240715T225841_20240715T225906_054778_06AB8D_6E9C_COG.SAFE",
    "t": "2024-07-15T22:58:41+00:00",
    "sensor": "sentinel1-vv-cfar",
    "uncertainty_m": 17.7
   }
  },
  {
   "type": "Feature",
   "geometry": {
    "type": "Point",
    "coordinates": [
     -75.80383236790328,
     36.96560728713236
    ]
   },
   "properties": {
    "confidence": 0.95,
    "snr": 67.42,
    "peak_dn": 1603.0,
    "background_dn": 82.9,
    "sigma_dn": 22.55,
    "pixels": 67,
    "length_m_approx": 81.9,
    "pixel": [
     4802.7,
     5072.1
    ],
    "scene": "S1A_IW_GRDH_1SDV_20240715T225841_20240715T225906_054778_06AB8D_6E9C_COG.SAFE",
    "t": "2024-07-15T22:58:41+00:00",
    "sensor": "sentinel1-vv-cfar",
    "uncertainty_m": 41.1
   }
  },
  {
   "type": "Feature",
   "geometry": {
    "type": "Point",
    "coordinates": [
     -75.71234102577425,
     36.904721854735755
    ]
   },
   "properties": {
    "confidence": 0.95,
    "snr": 37.15,
    "peak_dn": 792.0,
    "background_dn": 80.5,
    "sigma_dn": 19.15,
    "pixels": 54,
    "length_m_approx": 73.5,
    "pixel": [
     5478.7,
     4272.8
    ],
    "scene": "S1A_IW_GRDH_1SDV_20240715T225841_20240715T225906_054778_06AB8D_6E9C_COG.SAFE",
    "t": "2024-07-15T22:58:41+00:00",
    "sensor": "sentinel1-vv-cfar",
    "uncertainty_m": 36.9
   }
  },
  {
   "type": "Feature",
   "geometry": {
    "type": "Point",
    "coordinates": [
     -75.88933301942303,
     37.01505443509909
    ]
   },
   "properties": {
    "confidence": 0.95,
    "snr": 21.42,
    "peak_dn": 447.0,
    "background_dn": 71.2,
    "sigma_dn": 17.54,
    "pixels": 23,
    "length_m_approx": 48.0,
    "pixel": [
     4156.7,
     5739.4
    ],
    "scene": "S1A_IW_GRDH_1SDV_20240715T225841_20240715T225906_054778_06AB8D_6E9C_COG.SAFE",
    "t": "2024-07-15T22:58:41+00:00",
    "sensor": "sentinel1-vv-cfar",
    "uncertainty_m": 24.3
   }
  },
  {
   "type": "Feature",
   "geometry": {
    "type": "Point",
    "coordinates": [
     -75.83792870116409,
     36.92056347979019
    ]
   },
   "properties": {
    "confidence": 0.664,
    "snr": 13.29,
    "peak_dn": 359.0,
    "background_dn": 85.7,
    "sigma_dn": 20.57,
    "pixels": 17,
    "length_m_approx": 41.2,
    "pixel": [
     4411.5,
     4643.6
    ],
    "scene": "S1A_IW_GRDH_1SDV_20240715T225841_20240715T225906_054778_06AB8D_6E9C_COG.SAFE",
    "t": "2024-07-15T22:58:41+00:00",
    "sensor": "sentinel1-vv-cfar",
    "uncertainty_m": 21.0
   }
  },
  {
   "type": "Feature",
   "geometry": {
    "type": "Point",
    "coordinates": [
     -75.81825908799895,
     36.87921741058562
    ]
   },
   "properties": {
    "confidence": 0.45,
    "snr": 9.0,
    "peak_dn": 260.0,
    "background_dn": 82.2,
    "sigma_dn": 19.76,
    "pixels": 6,
    "length_m_approx": 24.5,
    "pixel": [
     4498.5,
     4168.5
    ],
    "scene": "S1A_IW_GRDH_1SDV_20240715T225841_20240715T225906_054778_06AB8D_6E9C_COG.SAFE",
    "t": "2024-07-15T22:58:41+00:00",
    "sensor": "sentinel1-vv-cfar",
    "uncertainty_m": 12.8
   }
  },
  {
   "type": "Feature",
   "geometry": {
    "type": "Point",
    "coordinates": [
     -75.80760887816143,
     36.964567946501816
    ]
   },
   "properties": {
    "confidence": 0.404,
    "snr": 8.08,
    "peak_dn": 501.0,
    "background_dn": 85.9,
    "sigma_dn": 51.36,
    "pixels": 2,
    "length_m_approx": 14.1,
    "pixel": [
     4767.6,
     5067.0
    ],
    "scene": "S1A_IW_GRDH_1SDV_20240715T225841_20240715T225906_054778_06AB8D_6E9C_COG.SAFE",
    "t": "2024-07-15T22:58:41+00:00",
    "sensor": "sentinel1-vv-cfar",
    "uncertainty_m": 8.1
   }
  },
  {
   "type": "Feature",
   "geometry": {
    "type": "Point",
    "coordinates": [
     -75.81817803917593,
     36.87896420891525
    ]
   },
   "properties": {
    "confidence": 0.403,
    "snr": 8.06,
    "peak_dn": 241.0,
    "background_dn": 82.3,
    "sigma_dn": 19.69,
    "pixels": 3,
    "length_m_approx": 17.3,
    "pixel": [
     4498.7,
     4165.7
    ],
    "scene": "S1A_IW_GRDH_1SDV_20240715T225841_20240715T225906_054778_06AB8D_6E9C_COG.SAFE",
    "t": "2024-07-15T22:58:41+00:00",
    "sensor": "sentinel1-vv-cfar",
    "uncertainty_m": 9.5
   }
  },
  {
   "type": "Feature",
   "geometry": {
    "type": "Point",
    "coordinates": [
     -75.81826241126552,
     36.879471952014846
    ]
   },
   "properties": {
    "confidence": 0.402,
    "snr": 8.04,
    "peak_dn": 241.0,
    "background_dn": 82.2,
    "sigma_dn": 19.76,
    "pixels": 4,
    "length_m_approx": 20.0,
    "pixel": [
     4499.0,
     4171.3
    ],
    "scene": "S1A_IW_GRDH_1SDV_20240715T225841_20240715T225906_054778_06AB8D_6E9C_COG.SAFE",
    "t": "2024-07-15T22:58:41+00:00",
    "sensor": "sentinel1-vv-cfar",
    "uncertainty_m": 10.7
   }
  },
  {
   "type": "Feature",
   "geometry": {
    "type": "Point",
    "coordinates": [
     -75.71177047480803,
     36.904517746646775
    ]
   },
   "properties": {
    "confidence": 0.397,
    "snr": 7.95,
    "peak_dn": 233.0,
    "background_dn": 80.5,
    "sigma_dn": 19.19,
    "pixels": 3,
    "length_m_approx": 17.3,
    "pixel": [
     5483.3,
     4269.7
    ],
    "scene": "S1A_IW_GRDH_1SDV_20240715T225841_20240715T225906_054778_06AB8D_6E9C_COG.SAFE",
    "t": "2024-07-15T22:58:41+00:00",
    "sensor": "sentinel1-vv-cfar",
    "uncertainty_m": 9.5
   }
  },
  {
   "type": "Feature",
   "geometry": {
    "type": "Point",
    "coordinates": [
     -75.8384687303333,
     36.92054641208037
    ]
   },
   "properties": {
    "confidence": 0.364,
    "snr": 7.28,
    "peak_dn": 235.0,
    "background_dn": 85.8,
    "sigma_dn": 20.5,
    "pixels": 4,
    "length_m_approx": 20.0,
    "pixel": [
     4406.8,
     4644.2
    ],
    "scene": "S1A_IW_GRDH_1SDV_20240715T225841_20240715T225906_054778_06AB8D_6E9C_COG.SAFE",
    "t": "2024-07-15T22:58:41+00:00",
    "sensor": "sentinel1-vv-cfar",
    "uncertainty_m": 10.7
   }
  },
  {
   "type": "Feature",
   "geometry": {
    "type": "Point",
    "coordinates": [
     -75.7392561110305,
     37.01839342150161
    ]
   },
   "properties": {
    "confidence": 0.355,
    "snr": 7.09,
    "peak_dn": 198.0,
    "background_dn": 74.0,
    "sigma_dn": 17.48,
    "pixels": 2,
    "length_m_approx": 14.1,
    "pixel": [
     5476.0,
     5535.5
    ],
    "scene": "S1A_IW_GRDH_1SDV_20240715T225841_20240715T225906_054778_06AB8D_6E9C_COG.SAFE",
    "t": "2024-07-15T22:58:41+00:00",
    "sensor": "sentinel1-vv-cfar",
    "uncertainty_m": 8.1
   }
  },
  {
   "type": "Feature",
   "geometry": {
    "type": "Point",
    "coordinates": [
     -75.46350224195461,
     36.930949899947734
    ]
   },
   "properties": {
    "confidence": 0.95,
    "snr": 86.14,
    "peak_dn": 1648.0,
    "background_dn": 78.1,
    "sigma_dn": 18.23,
    "pixels": 21,
    "length_m_approx": 45.8,
    "pixel": [
     7711.9,
     4160.3
    ],
    "scene": "S1A_IW_GRDH_1SDV_20240715T225841_20240715T225906_054778_06AB8D_6E9C_COG.SAFE",
    "t": "2024-07-15T22:58:41+00:00",
    "sensor": "sentinel1-vv-cfar",
    "uncertainty_m": 23.1
   }
  },
  {
   "type": "Feature",
   "geometry": {
    "type": "Point",
    "coordinates": [
     -75.43238644648996,
     36.93107097188539
    ]
   },
   "properties": {
    "confidence": 0.95,
    "snr": 70.15,
    "peak_dn": 1401.0,
    "background_dn": 79.0,
    "sigma_dn": 18.85,
    "pixels": 17,
    "length_m_approx": 41.2,
    "pixel": [
     7984.7,
     4112.9
    ],
    "scene": "S1A_IW_GRDH_1SDV_20240715T225841_20240715T225906_054778_06AB8D_6E9C_COG.SAFE",
    "t": "2024-07-15T22:58:41+00:00",
    "sensor": "sentinel1-vv-cfar",
    "uncertainty_m": 20.9
   }
  },
  {
   "type": "Feature",
   "geometry": {
    "type": "Point",
    "coordinates": [
     -75.43437701140093,
     36.94650426635951
    ]
   },
   "properties": {
    "confidence": 0.95,
    "snr": 63.63,
    "peak_dn": 1265.0,
    "background_dn": 80.1,
    "sigma_dn": 18.62,
    "pixels": 20,
    "length_m_approx": 44.7,
    "pixel": [
     7998.4,
     4281.8
    ],
    "scene": "S1A_IW_GRDH_1SDV_20240715T225841_20240715T225906_054778_06AB8D_6E9C_COG.SAFE",
    "t": "2024-07-15T22:58:41+00:00",
    "sensor": "sentinel1-vv-cfar",
    "uncertainty_m": 22.6
   }
  },
  {
   "type": "Feature",
   "geometry": {
    "type": "Point",
    "coordinates": [
     -75.44992637989958,
     36.94643253532316
    ]
   },
   "properties": {
    "confidence": 0.95,
    "snr": 61.29,
    "peak_dn": 1239.0,
    "background_dn": 78.8,
    "sigma_dn": 18.93,
    "pixels": 17,
    "length_m_approx": 41.2,
    "pixel": [
     7862.0,
     4305.4
    ],
    "scene": "S1A_IW_GRDH_1SDV_20240715T225841_20240715T225906_054778_06AB8D_6E9C_COG.SAFE",
    "t": "2024-07-15T22:58:41+00:00",
    "sensor": "sentinel1-vv-cfar",
    "uncertainty_m": 20.9
   }
  },
  {
   "type": "Feature",
   "geometry": {
    "type": "Point",
    "coordinates": [
     -75.45502718780715,
     36.97744101694576
    ]
   },
   "properties": {
    "confidence": 0.95,
    "snr": 59.42,
    "peak_dn": 1177.0,
    "background_dn": 78.0,
    "sigma_dn": 18.5,
    "pixels": 16,
    "length_m_approx": 40.0,
    "pixel": [
     7880.0,
     4646.5
    ],
    "scene": "S1A_IW_GRDH_1SDV_20240715T225841_20240715T225906_054778_06AB8D_6E9C_COG.SAFE",
    "t": "2024-07-15T22:58:41+00:00",
    "sensor": "sentinel1-vv-cfar",
    "uncertainty_m": 20.2
   }
  },
  {
   "type": "Feature",
   "geometry": {
    "type": "Point",
    "coordinates": [
     -75.47906655802055,
     36.93079832755534
    ]
   },
   "properties": {
    "confidence": 0.95,
    "snr": 57.14,
    "peak_dn": 1142.0,
    "background_dn": 78.5,
    "sigma_dn": 18.61,
    "pixels": 27,
    "length_m_approx": 52.0,
    "pixel": [
     7575.2,
     4183.2
    ],
    "scene": "S1A_IW_GRDH_1SDV_20240715T225841_20240715T225906_054778_06AB8D_6E9C_COG.SAFE",
    "t": "2024-07-15T22:58:41+00:00",
    "sensor": "sentinel1-vv-cfar",
    "uncertainty_m": 26.2
   }
  },
  {
   "type": "Feature",
   "geometry": {
    "type": "Point",
    "coordinates": [
     -75.46754873625764,
     36.9618560100256
    ]
   },
   "properties": {
    "confidence": 0.95,
    "snr": 56.43,
    "peak_dn": 1130.0,
    "background_dn": 77.9,
    "sigma_dn": 18.65,
    "pixels": 19,
    "length_m_approx": 43.6,
    "pixel": [
     7738.9,
     4498.7
    ],
    "scene": "S1A_IW_GRDH_1SDV_20240715T225841_20240715T225906_054778_06AB8D_6E9C_COG.SAFE",
    "t": "2024-07-15T22:58:41+00:00",
    "sensor": "sentinel1-vv-cfar",
    "uncertainty_m": 22.0
   }
  },
  {
   "type": "Feature",
   "geometry": {
    "type": "Point",
    "coordinates": [
     -75.44132446827294,
     36.99147569757525
    ]
   },
   "properties": {
    "confidence": 0.95,
    "snr": 54.73,
    "peak_dn": 1090.0,
    "background_dn": 78.4,
    "sigma_dn": 18.48,
    "pixels": 52,
    "length_m_approx": 72.1,
    "pixel": [
     8028.3,
     4775.9
    ],
    "scene": "S1A_IW_GRDH_1SDV_20240715T225841_20240715T225906_054778_06AB8D_6E9C_COG.SAFE",
    "t": "2024-07-15T22:58:41+00:00",
    "sensor": "sentinel1-vv-cfar",
    "uncertainty_m": 36.2
   }
  },
  {
   "type": "Feature",
   "geometry": {
    "type": "Point",
    "coordinates": [
     -75.48121361703747,
     36.94647008797189
    ]
   },
   "properties": {
    "confidence": 0.95,
    "snr": 53.06,
    "peak_dn": 1063.0,
    "background_dn": 77.5,
    "sigma_dn": 18.57,
    "pixels": 57,
    "length_m_approx": 75.5,
    "pixel": [
     7588.1,
     4354.9
    ],
    "scene": "S1A_IW_GRDH_1SDV_20240715T225841_20240715T225906_054778_06AB8D_6E9C_COG.SAFE",
    "t": "2024-07-15T22:58:41+00:00",
    "sensor": "sentinel1-vv-cfar",
    "uncertainty_m": 37.9
   }
  },
  {
   "type": "Feature",
   "geometry": {
    "type": "Point",
    "coordinates": [
     -75.41881185213602,
     36.94654951079733
    ]
   },
   "properties": {
    "confidence": 0.95,
    "snr": 51.22,
    "peak_dn": 1022.0,
    "background_dn": 79.4,
    "sigma_dn": 18.4,
    "pixels": 24,
    "length_m_approx": 49.0,
    "pixel": [
     8134.8,
     4257.9
    ],
    "scene": "S1A_IW_GRDH_1SDV_20240715T225841_20240715T225906_054778_06AB8D_6E9C_COG.SAFE",
    "t": "2024-07-15T22:58:41+00:00",
    "sensor": "sentinel1-vv-cfar",
    "uncertainty_m": 24.7
   }
  },
  {
   "type": "Feature",
   "geometry": {
    "type": "Point",
    "coordinates": [
     -75.42080901695726,
     36.961990832234434
    ]
   },
   "properties": {
    "confidence": 0.95,
    "snr": 51.01,
    "peak_dn": 1069.0,
    "background_dn": 81.0,
    "sigma_dn": 19.37,
    "pixels": 21,
    "length_m_approx": 45.8,
    "pixel": [
     8148.4,
     4427.0
    ],
    "scene": "S1A_IW_GRDH_1SDV_20240715T225841_20240715T225906_054778_06AB8D_6E9C_COG.SAFE",
    "t": "2024-07-15T22:58:41+00:00",
    "sensor": "sentinel1-vv-cfar",
    "uncertainty_m": 23.1
   }
  },
  {
   "type": "Feature",
   "geometry": {
    "type": "Point",
    "coordinates": [
     -75.4519479993426,
     36.96188341377594
    ]
   },
   "properties": {
    "confidence": 0.95,
    "snr": 49.97,
    "peak_dn": 1008.0,
    "background_dn": 79.4,
    "sigma_dn": 18.58,
    "pixels": 16,
    "length_m_approx": 40.0,
    "pixel": [
     7875.5,
     4474.6
    ],
    "scene": "S1A_IW_GRDH_1SDV_20240715T225841_20240715T225906_054778_06AB8D_6E9C_COG.SAFE",
    "t": "2024-07-15T22:58:41+00:00",
    "sensor": "sentinel1-vv-cfar",
    "uncertainty_m": 20.2
   }
  },
  {
   "type": "Feature",
   "geometry": {
    "type": "Point",
    "coordinates": [
     -75.44034432743702,
     36.99269428184705
    ]
   },
   "properties": {
    "confidence": 0.95,
    "snr": 45.94,
    "peak_dn": 927.0,
    "background_dn": 78.3,
    "sigma_dn": 18.47,
    "pixels": 20,
    "length_m_approx": 44.7,
    "pixel": [
     8039.3,
     4787.4
    ],
    "scene": "S1A_IW_GRDH_1SDV_20240715T225841_20240715T225906_054778_06AB8D_6E9C_COG.SAFE",
    "t": "2024-07-15T22:58:41+00:00",
    "sensor": "sentinel1-vv-cfar",
    "uncertainty_m": 22.6
   }
  },
  {
   "type": "Feature",
   "geometry": {
    "type": "Point",
    "coordinates": [
     -75.44795339755447,
     36.931020555479535
    ]
   },
   "properties": {
    "confidence": 0.95,
    "snr": 44.84,
    "peak_dn": 915.0,
    "background_dn": 79.4,
    "sigma_dn": 18.64,
    "pixels": 15,
    "length_m_approx": 38.7,
    "pixel": [
     7848.2,
     4136.7
    ],
    "scene": "S1A_IW_GRDH_1SDV_20240715T225841_20240715T225906_054778_06AB8D_6E9C_COG.SAFE",
    "t": "2024-07-15T22:58:41+00:00",
    "sensor": "sentinel1-vv-cfar",
    "uncertainty_m": 19.6
   }
  },
  {
   "type": "Feature",
   "geometry": {
    "type": "Point",
    "coordinates": [
     -75.43635674432791,
     36.9618977673502
    ]
   },
   "properties": {
    "confidence": 0.95,
    "snr": 42.12,
    "peak_dn": 876.0,
    "background_dn": 80.2,
    "sigma_dn": 18.89,
    "pixels": 16,
    "length_m_approx": 40.0,
    "pixel": [
     8012.1,
     4450.3
    ],
    "scene": "S1A_IW_GRDH_1SDV_20240715T225841_20240715T225906_054778_06AB8D_6E9C_COG.SAFE",
    "t": "2024-07-15T22:58:41+00:00",
    "sensor": "sentinel1-vv-cfar",
    "uncertainty_m": 20.2
   }
  },
  {
   "type": "Feature",
   "geometry": {
    "type": "Point",
    "coordinates": [
     -75.56593865644697,
     36.95319198653927
    ]
   },
   "properties": {
    "confidence": 0.95,
    "snr": 24.25,
    "peak_dn": 564.0,
    "background_dn": 82.2,
    "sigma_dn": 19.87,
    "pixels": 97,
    "length_m_approx": 98.5,
    "pixel": [
     6859.8,
     4560.8
    ],
    "scene": "S1A_IW_GRDH_1SDV_20240715T225841_20240715T225906_054778_06AB8D_6E9C_COG.SAFE",
    "t": "2024-07-15T22:58:41+00:00",
    "sensor": "sentinel1-vv-cfar",
    "uncertainty_m": 49.3
   }
  },
  {
   "type": "Feature",
   "geometry": {
    "type": "Point",
    "coordinates": [
     -75.43432597360452,
     36.94602642418304
    ]
   },
   "properties": {
    "confidence": 0.907,
    "snr": 18.13,
    "peak_dn": 417.0,
    "background_dn": 80.1,
    "sigma_dn": 18.58,
    "pixels": 11,
    "length_m_approx": 33.2,
    "pixel": [
     7997.9,
     4276.6
    ],
    "scene": "S1A_IW_GRDH_1SDV_20240715T225841_20240715T225906_054778_06AB8D_6E9C_COG.SAFE",
    "t": "2024-07-15T22:58:41+00:00",
    "sensor": "sentinel1-vv-cfar",
    "uncertainty_m": 16.9
   }
  },
  {
   "type": "Feature",
   "geometry": {
    "type": "Point",
    "coordinates": [
     -75.56528021347144,
     36.95425449439762
    ]
   },
   "properties": {
    "confidence": 0.756,
    "snr": 15.13,
    "peak_dn": 382.0,
    "background_dn": 82.1,
    "sigma_dn": 19.83,
    "pixels": 37,
    "length_m_approx": 60.8,
    "pixel": [
     6867.7,
     4571.2
    ],
    "scene": "S1A_IW_GRDH_1SDV_20240715T225841_20240715T225906_054778_06AB8D_6E9C_COG.SAFE",
    "t": "2024-07-15T22:58:41+00:00",
    "sensor": "sentinel1-vv-cfar",
    "uncertainty_m": 30.6
   }
  },
  {
   "type": "Feature",
   "geometry": {
    "type": "Point",
    "coordinates": [
     -75.4325828962996,
     36.93170382295567
    ]
   },
   "properties": {
    "confidence": 0.552,
    "snr": 11.05,
    "peak_dn": 288.0,
    "background_dn": 79.2,
    "sigma_dn": 18.89,
    "pixels": 4,
    "length_m_approx": 20.0,
    "pixel": [
     7984.2,
     4120.0
    ],
    "scene": "S1A_IW_GRDH_1SDV_20240715T225841_20240715T225906_054778_06AB8D_6E9C_COG.SAFE",
    "t": "2024-07-15T22:58:41+00:00",
    "sensor": "sentinel1-vv-cfar",
    "uncertainty_m": 10.5
   }
  },
  {
   "type": "Feature",
   "geometry": {
    "type": "Point",
    "coordinates": [
     -75.45520432911485,
     36.97790637977641
    ]
   },
   "properties": {
    "confidence": 0.459,
    "snr": 9.18,
    "peak_dn": 248.0,
    "background_dn": 78.1,
    "sigma_dn": 18.5,
    "pixels": 5,
    "length_m_approx": 22.4,
    "pixel": [
     7879.4,
     4651.8
    ],
    "scene": "S1A_IW_GRDH_1SDV_20240715T225841_20240715T225906_054778_06AB8D_6E9C_COG.SAFE",
    "t": "2024-07-15T22:58:41+00:00",
    "sensor": "sentinel1-vv-cfar",
    "uncertainty_m": 11.6
   }
  },
  {
   "type": "Feature",
   "geometry": {
    "type": "Point",
    "coordinates": [
     -75.43529903745844,
     37.02244436584421
    ]
   },
   "properties": {
    "confidence": 0.418,
    "snr": 8.36,
    "peak_dn": 226.0,
    "background_dn": 76.5,
    "sigma_dn": 17.88,
    "pixels": 5,
    "length_m_approx": 22.4,
    "pixel": [
     8143.4,
     5099.2
    ],
    "scene": "S1A_IW_GRDH_1SDV_20240715T225841_20240715T225906_054778_06AB8D_6E9C_COG.SAFE",
    "t": "2024-07-15T22:58:41+00:00",
    "sensor": "sentinel1-vv-cfar",
    "uncertainty_m": 11.6
   }
  },
  {
   "type": "Feature",
   "geometry": {
    "type": "Point",
    "coordinates": [
     -75.44787791257208,
     36.930358040226245
    ]
   },
   "properties": {
    "confidence": 0.41,
    "snr": 8.21,
    "peak_dn": 232.0,
    "background_dn": 79.1,
    "sigma_dn": 18.63,
    "pixels": 4,
    "length_m_approx": 20.0,
    "pixel": [
     7847.5,
     4129.5
    ],
    "scene": "S1A_IW_GRDH_1SDV_20240715T225841_20240715T225906_054778_06AB8D_6E9C_COG.SAFE",
    "t": "2024-07-15T22:58:41+00:00",
    "sensor": "sentinel1-vv-cfar",
    "uncertainty_m": 10.5
   }
  },
  {
   "type": "Feature",
   "geometry": {
    "type": "Point",
    "coordinates": [
     -75.57363948007621,
     37.000611428057056
    ]
   },
   "properties": {
    "confidence": 0.392,
    "snr": 7.84,
    "peak_dn": 218.0,
    "background_dn": 76.2,
    "sigma_dn": 18.08,
    "pixels": 6,
    "length_m_approx": 24.5,
    "pixel": [
     6888.7,
     5082.2
    ],
    "scene": "S1A_IW_GRDH_1SDV_20240715T225841_20240715T225906_054778_06AB8D_6E9C_COG.SAFE",
    "t": "2024-07-15T22:58:41+00:00",
    "sensor": "sentinel1-vv-cfar",
    "uncertainty_m": 12.6
   }
  },
  {
   "type": "Feature",
   "geometry": {
    "type": "Point",
    "coordinates": [
     -75.56529407524815,
     36.95364866161327
    ]
   },
   "properties": {
    "confidence": 0.392,
    "snr": 7.84,
    "peak_dn": 235.0,
    "background_dn": 81.8,
    "sigma_dn": 19.54,
    "pixels": 3,
    "length_m_approx": 17.3,
    "pixel": [
     6866.3,
     4564.7
    ],
    "scene": "S1A_IW_GRDH_1SDV_20240715T225841_20240715T225906_054778_06AB8D_6E9C_COG.SAFE",
    "t": "2024-07-15T22:58:41+00:00",
    "sensor": "sentinel1-vv-cfar",
    "uncertainty_m": 9.2
   }
  },
  {
   "type": "Feature",
   "geometry": {
    "type": "Point",
    "coordinates": [
     -75.63656469337873,
     36.917702766106245
    ]
   },
   "properties": {
    "confidence": 0.38,
    "snr": 7.61,
    "peak_dn": 228.0,
    "background_dn": 80.4,
    "sigma_dn": 19.4,
    "pixels": 2,
    "length_m_approx": 14.1,
    "pixel": [
     6169.0,
     4291.5
    ],
    "scene": "S1A_IW_GRDH_1SDV_20240715T225841_20240715T225906_054778_06AB8D_6E9C_COG.SAFE",
    "t": "2024-07-15T22:58:41+00:00",
    "sensor": "sentinel1-vv-cfar",
    "uncertainty_m": 8.1
   }
  },
  {
   "type": "Feature",
   "geometry": {
    "type": "Point",
    "coordinates": [
     -75.56487173650008,
     36.953879078174126
    ]
   },
   "properties": {
    "confidence": 0.344,
    "snr": 6.89,
    "peak_dn": 217.0,
    "background_dn": 82.0,
    "sigma_dn": 19.6,
    "pixels": 4,
    "length_m_approx": 20.0,
    "pixel": [
     6870.5,
     4566.5
    ],
    "scene": "S1A_IW_GRDH_1SDV_20240715T225841_20240715T225906_054778_06AB8D_6E9C_COG.SAFE",
    "t": "2024-07-15T22:58:41+00:00",
    "sensor": "sentinel1-vv-cfar",
    "uncertainty_m": 10.5
   }
  },
  {
   "type": "Feature",
   "geometry": {
    "type": "Point",
    "coordinates": [
     -75.56559821685914,
     36.954797123346225
    ]
   },
   "properties": {
    "confidence": 0.337,
    "snr": 6.74,
    "peak_dn": 228.0,
    "background_dn": 82.6,
    "sigma_dn": 21.58,
    "pixels": 2,
    "length_m_approx": 14.1,
    "pixel": [
     6866.0,
     4577.5
    ],
    "scene": "S1A_IW_GRDH_1SDV_20240715T225841_20240715T225906_054778_06AB8D_6E9C_COG.SAFE",
    "t": "2024-07-15T22:58:41+00:00",
    "sensor": "sentinel1-vv-cfar",
    "uncertainty_m": 7.7
   }
  },
  {
   "type": "Feature",
   "geometry": {
    "type": "Point",
    "coordinates": [
     -75.45007933097249,
     36.946902185536054
    ]
   },
   "properties": {
    "confidence": 0.331,
    "snr": 6.62,
    "peak_dn": 204.0,
    "background_dn": 78.9,
    "sigma_dn": 18.89,
    "pixels": 3,
    "length_m_approx": 17.3,
    "pixel": [
     7861.7,
     4310.7
    ],
    "scene": "S1A_IW_GRDH_1SDV_20240715T225841_20240715T225906_054778_06AB8D_6E9C_COG.SAFE",
    "t": "2024-07-15T22:58:41+00:00",
    "sensor": "sentinel1-vv-cfar",
    "uncertainty_m": 9.2
   }
  },
  {
   "type": "Feature",
   "geometry": {
    "type": "Point",
    "coordinates": [
     -75.5665245661046,
     36.95312469503527
    ]
   },
   "properties": {
    "confidence": 0.324,
    "snr": 6.47,
    "peak_dn": 209.0,
    "background_dn": 82.0,
    "sigma_dn": 19.61,
    "pixels": 2,
    "length_m_approx": 14.1,
    "pixel": [
     6854.5,
     4561.0
    ],
    "scene": "S1A_IW_GRDH_1SDV_20240715T225841_20240715T225906_054778_06AB8D_6E9C_COG.SAFE",
    "t": "2024-07-15T22:58:41+00:00",
    "sensor": "sentinel1-vv-cfar",
    "uncertainty_m": 7.7
   }
  },
  {
   "type": "Feature",
   "geometry": {
    "type": "Point",
    "coordinates": [
     -75.48126881080526,
     37.112578396315854
    ]
   },
   "properties": {
    "confidence": 0.315,
    "snr": 6.3,
    "peak_dn": 177.0,
    "background_dn": 71.2,
    "sigma_dn": 16.8,
    "pixels": 2,
    "length_m_approx": 14.1,
    "pixel": [
     7923.0,
     6139.5
    ],
    "scene": "S1A_IW_GRDH_1SDV_20240715T225841_20240715T225906_054778_06AB8D_6E9C_COG.SAFE",
    "t": "2024-07-15T22:58:41+00:00",
    "sensor": "sentinel1-vv-cfar",
    "uncertainty_m": 7.7
   }
  },
  {
   "type": "Feature",
   "geometry": {
    "type": "Point",
    "coordinates": [
     -75.46624493690392,
     36.973338846533196
    ]
   },
   "properties": {
    "confidence": 0.308,
    "snr": 6.16,
    "peak_dn": 192.0,
    "background_dn": 77.6,
    "sigma_dn": 18.58,
    "pixels": 2,
    "length_m_approx": 14.1,
    "pixel": [
     7773.5,
     4620.0
    ],
    "scene": "S1A_IW_GRDH_1SDV_20240715T225841_20240715T225906_054778_06AB8D_6E9C_COG.SAFE",
    "t": "2024-07-15T22:58:41+00:00",
    "sensor": "sentinel1-vv-cfar",
    "uncertainty_m": 7.7
   }
  },
  {
   "type": "Feature",
   "geometry": {
    "type": "Point",
    "coordinates": [
     -75.36387168544316,
     36.98904003672851
    ]
   },
   "properties": {
    "confidence": 0.95,
    "snr": 151.31,
    "peak_dn": 2987.0,
    "background_dn": 79.8,
    "sigma_dn": 19.21,
    "pixels": 186,
    "length_m_approx": 136.4,
    "pixel": [
     8701.4,
     4628.5
    ],
    "scene": "S1A_IW_GRDH_1SDV_20240715T225841_20240715T225906_054778_06AB8D_6E9C_COG.SAFE",
    "t": "2024-07-15T22:58:41+00:00",
    "sensor": "sentinel1-vv-cfar",
    "uncertainty_m": 68.3
   }
  },
  {
   "type": "Feature",
   "geometry": {
    "type": "Point",
    "coordinates": [
     -75.40525631724995,
     36.96199932071305
    ]
   },
   "properties": {
    "confidence": 0.95,
    "snr": 66.57,
    "peak_dn": 1322.0,
    "background_dn": 78.3,
    "sigma_dn": 18.68,
    "pixels": 18,
    "length_m_approx": 42.4,
    "pixel": [
     8284.6,
     4402.7
    ],
    "scene": "S1A_IW_GRDH_1SDV_20240715T225841_20240715T225906_054778_06AB8D_6E9C_COG.SAFE",
    "t": "2024-07-15T22:58:41+00:00",
    "sensor": "sentinel1-vv-cfar",
    "uncertainty_m": 21.4
   }
  },
  {
   "type": "Feature",
   "geometry": {
    "type": "Point",
    "coordinates": [
     -75.37960588535648,
     37.01233008549498
    ]
   },
   "properties": {
    "confidence": 0.95,
    "snr": 23.53,
    "peak_dn": 526.0,
    "background_dn": 79.8,
    "sigma_dn": 18.96,
    "pixels": 18,
    "length_m_approx": 42.4,
    "pixel": [
     8610.5,
     4903.4
    ],
    "scene": "S1A_IW_GRDH_1SDV_20240715T225841_20240715T225906_054778_06AB8D_6E9C_COG.SAFE",
    "t": "2024-07-15T22:58:41+00:00",
    "sensor": "sentinel1-vv-cfar",
    "uncertainty_m": 21.4
   }
  },
  {
   "type": "Feature",
   "geometry": {
    "type": "Point",
    "coordinates": [
     -75.40516502374689,
     36.96152634674629
    ]
   },
   "properties": {
    "confidence": 0.365,
    "snr": 7.31,
    "peak_dn": 215.0,
    "background_dn": 78.4,
    "sigma_dn": 18.69,
    "pixels": 4,
    "length_m_approx": 20.0,
    "pixel": [
     8284.5,
     4397.5
    ],
    "scene": "S1A_IW_GRDH_1SDV_20240715T225841_20240715T225906_054778_06AB8D_6E9C_COG.SAFE",
    "t": "2024-07-15T22:58:41+00:00",
    "sensor": "sentinel1-vv-cfar",
    "uncertainty_m": 10.5
   }
  },
  {
   "type": "Feature",
   "geometry": {
    "type": "Point",
    "coordinates": [
     -75.37012824589227,
     37.11384489391745
    ]
   },
   "properties": {
    "confidence": 0.355,
    "snr": 7.09,
    "peak_dn": 197.0,
    "background_dn": 73.0,
    "sigma_dn": 17.48,
    "pixels": 2,
    "length_m_approx": 14.1,
    "pixel": [
     8897.0,
     5979.5
    ],
    "scene": "S1A_IW_GRDH_1SDV_20240715T225841_20240715T225906_054778_06AB8D_6E9C_COG.SAFE",
    "t": "2024-07-15T22:58:41+00:00",
    "sensor": "sentinel1-vv-cfar",
    "uncertainty_m": 7.7
   }
  },
  {
   "type": "Feature",
   "geometry": {
    "type": "Point",
    "coordinates": [
     -75.36328596616502,
     36.98851912473188
    ]
   },
   "properties": {
    "confidence": 0.328,
    "snr": 6.55,
    "peak_dn": 206.0,
    "background_dn": 80.1,
    "sigma_dn": 19.21,
    "pixels": 2,
    "length_m_approx": 14.1,
    "pixel": [
     8705.5,
     4622.0
    ],
    "scene": "S1A_IW_GRDH_1SDV_20240715T225841_20240715T225906_054778_06AB8D_6E9C_COG.SAFE",
    "t": "2024-07-15T22:58:41+00:00",
    "sensor": "sentinel1-vv-cfar",
    "uncertainty_m": 7.7
   }
  },
  {
   "type": "Feature",
   "geometry": {
    "type": "Point",
    "coordinates": [
     -75.31542157876494,
     37.09169395994003
    ]
   },
   "properties": {
    "confidence": 0.313,
    "snr": 6.25,
    "peak_dn": 179.0,
    "background_dn": 70.9,
    "sigma_dn": 17.28,
    "pixels": 2,
    "length_m_approx": 14.1,
    "pixel": [
     9331.0,
     5656.5
    ],
    "scene": "S1A_IW_GRDH_1SDV_20240715T225841_20240715T225906_054778_06AB8D_6E9C_COG.SAFE",
    "t": "2024-07-15T22:58:41+00:00",
    "sensor": "sentinel1-vv-cfar",
    "uncertainty_m": 7.7
   }
  },
  {
   "type": "Feature",
   "geometry": {
    "type": "Point",
    "coordinates": [
     -75.11522077264522,
     37.13669693547074
    ]
   },
   "properties": {
    "confidence": 0.321,
    "snr": 6.42,
    "peak_dn": 172.0,
    "background_dn": 68.7,
    "sigma_dn": 16.09,
    "pixels": 2,
    "length_m_approx": 14.1,
    "pixel": [
     11171.0,
     5831.5
    ],
    "scene": "S1A_IW_GRDH_1SDV_20240715T225841_20240715T225906_054778_06AB8D_6E9C_COG.SAFE",
    "t": "2024-07-15T22:58:41+00:00",
    "sensor": "sentinel1-vv-cfar",
    "uncertainty_m": 7.7
   }
  },
  {
   "type": "Feature",
   "geometry": {
    "type": "Point",
    "coordinates": [
     -74.78380068928296,
     37.03242499516094
    ]
   },
   "properties": {
    "confidence": 0.95,
    "snr": 117.6,
    "peak_dn": 3463.0,
    "background_dn": 69.8,
    "sigma_dn": 28.85,
    "pixels": 263,
    "length_m_approx": 162.2,
    "pixel": [
     13867.2,
     4204.4
    ],
    "scene": "S1A_IW_GRDH_1SDV_20240715T225841_20240715T225906_054778_06AB8D_6E9C_COG.SAFE",
    "t": "2024-07-15T22:58:41+00:00",
    "sensor": "sentinel1-vv-cfar",
    "uncertainty_m": 81.1
   }
  },
  {
   "type": "Feature",
   "geometry": {
    "type": "Point",
    "coordinates": [
     -74.78477609282584,
     37.032596738585504
    ]
   },
   "properties": {
    "confidence": 0.331,
    "snr": 6.62,
    "peak_dn": 260.0,
    "background_dn": 69.7,
    "sigma_dn": 28.72,
    "pixels": 3,
    "length_m_approx": 17.3,
    "pixel": [
     13859.0,
     4207.7
    ],
    "scene": "S1A_IW_GRDH_1SDV_20240715T225841_20240715T225906_054778_06AB8D_6E9C_COG.SAFE",
    "t": "2024-07-15T22:58:41+00:00",
    "sensor": "sentinel1-vv-cfar",
    "uncertainty_m": 9.2
   }
  },
  {
   "type": "Feature",
   "geometry": {
    "type": "Point",
    "coordinates": [
     -74.89227064964143,
     37.09154907170222
    ]
   },
   "properties": {
    "confidence": 0.323,
    "snr": 6.45,
    "peak_dn": 164.0,
    "background_dn": 64.4,
    "sigma_dn": 15.44,
    "pixels": 3,
    "length_m_approx": 17.3,
    "pixel": [
     13032.7,
     5005.3
    ],
    "scene": "S1A_IW_GRDH_1SDV_20240715T225841_20240715T225906_054778_06AB8D_6E9C_COG.SAFE",
    "t": "2024-07-15T22:58:41+00:00",
    "sensor": "sentinel1-vv-cfar",
    "uncertainty_m": 9.2
   }
  },
  {
   "type": "Feature",
   "geometry": {
    "type": "Point",
    "coordinates": [
     -74.62121480535609,
     37.19522371403559
    ]
   },
   "properties": {
    "confidence": 0.95,
    "snr": 323.3,
    "peak_dn": 11111.0,
    "background_dn": 71.9,
    "sigma_dn": 34.14,
    "pixels": 260,
    "length_m_approx": 161.2,
    "pixel": [
     15604.6,
     5714.8
    ],
    "scene": "S1A_IW_GRDH_1SDV_20240715T225841_20240715T225906_054778_06AB8D_6E9C_COG.SAFE",
    "t": "2024-07-15T22:58:41+00:00",
    "sensor": "sentinel1-vv-cfar",
    "uncertainty_m": 80.7
   }
  },
  {
   "type": "Feature",
   "geometry": {
    "type": "Point",
    "coordinates": [
     -74.56810096890351,
     37.12871234382409
    ]
   },
   "properties": {
    "confidence": 0.95,
    "snr": 40.01,
    "peak_dn": 698.0,
    "background_dn": 65.7,
    "sigma_dn": 15.8,
    "pixels": 25,
    "length_m_approx": 50.0,
    "pixel": [
     15941.7,
     4918.7
    ],
    "scene": "S1A_IW_GRDH_1SDV_20240715T225841_20240715T225906_054778_06AB8D_6E9C_COG.SAFE",
    "t": "2024-07-15T22:58:41+00:00",
    "sensor": "sentinel1-vv-cfar",
    "uncertainty_m": 25.2
   }
  },
  {
   "type": "Feature",
   "geometry": {
    "type": "Point",
    "coordinates": [
     -74.61127519470446,
     37.154090843222285
    ]
   },
   "properties": {
    "confidence": 0.95,
    "snr": 19.11,
    "peak_dn": 367.0,
    "background_dn": 67.1,
    "sigma_dn": 15.69,
    "pixels": 36,
    "length_m_approx": 60.0,
    "pixel": [
     15612.6,
     5256.5
    ],
    "scene": "S1A_IW_GRDH_1SDV_20240715T225841_20240715T225906_054778_06AB8D_6E9C_COG.SAFE",
    "t": "2024-07-15T22:58:41+00:00",
    "sensor": "sentinel1-vv-cfar",
    "uncertainty_m": 30.2
   }
  },
  {
   "type": "Feature",
   "geometry": {
    "type": "Point",
    "coordinates": [
     -74.62024208533427,
     37.195187497766085
    ]
   },
   "properties": {
    "confidence": 0.711,
    "snr": 14.21,
    "peak_dn": 412.0,
    "background_dn": 71.0,
    "sigma_dn": 23.99,
    "pixels": 3,
    "length_m_approx": 17.3,
    "pixel": [
     15613.0,
     5713.0
    ],
    "scene": "S1A_IW_GRDH_1SDV_20240715T225841_20240715T225906_054778_06AB8D_6E9C_COG.SAFE",
    "t": "2024-07-15T22:58:41+00:00",
    "sensor": "sentinel1-vv-cfar",
    "uncertainty_m": 9.2
   }
  },
  {
   "type": "Feature",
   "geometry": {
    "type": "Point",
    "coordinates": [
     -74.6200193868618,
     37.19521498206474
    ]
   },
   "properties": {
    "confidence": 0.633,
    "snr": 12.65,
    "peak_dn": 383.0,
    "background_dn": 71.3,
    "sigma_dn": 24.64,
    "pixels": 3,
    "length_m_approx": 17.3,
    "pixel": [
     15615.0,
     5713.0
    ],
    "scene": "S1A_IW_GRDH_1SDV_20240715T225841_20240715T225906_054778_06AB8D_6E9C_COG.SAFE",
    "t": "2024-07-15T22:58:41+00:00",
    "sensor": "sentinel1-vv-cfar",
    "uncertainty_m": 9.2
   }
  },
  {
   "type": "Feature",
   "geometry": {
    "type": "Point",
    "coordinates": [
     -74.62004492888104,
     37.19589496026246
    ]
   },
   "properties": {
    "confidence": 0.566,
    "snr": 11.32,
    "peak_dn": 428.0,
    "background_dn": 72.3,
    "sigma_dn": 31.41,
    "pixels": 7,
    "length_m_approx": 26.5,
    "pixel": [
     15616.1,
     5720.3
    ],
    "scene": "S1A_IW_GRDH_1SDV_20240715T225841_20240715T225906_054778_06AB8D_6E9C_COG.SAFE",
    "t": "2024-07-15T22:58:41+00:00",
    "sensor": "sentinel1-vv-cfar",
    "uncertainty_m": 13.6
   }
  },
  {
   "type": "Feature",
   "geometry": {
    "type": "Point",
    "coordinates": [
     -74.62235256454912,
     37.19490288508492
    ]
   },
   "properties": {
    "confidence": 0.556,
    "snr": 11.12,
    "peak_dn": 353.0,
    "background_dn": 71.6,
    "sigma_dn": 25.3,
    "pixels": 3,
    "length_m_approx": 17.3,
    "pixel": [
     15594.0,
     5713.1
    ],
    "scene": "S1A_IW_GRDH_1SDV_20240715T225841_20240715T225906_054778_06AB8D_6E9C_COG.SAFE",
    "t": "2024-07-15T22:58:41+00:00",
    "sensor": "sentinel1-vv-cfar",
    "uncertainty_m": 9.2
   }
  },
  {
   "type": "Feature",
   "geometry": {
    "type": "Point",
    "coordinates": [
     -74.62249925802662,
     37.19557166820126
    ]
   },
   "properties": {
    "confidence": 0.425,
    "snr": 8.5,
    "peak_dn": 343.0,
    "background_dn": 72.3,
    "sigma_dn": 31.86,
    "pixels": 2,
    "length_m_approx": 14.1,
    "pixel": [
     15594.0,
     5720.5
    ],
    "scene": "S1A_IW_GRDH_1SDV_20240715T225841_20240715T225906_054778_06AB8D_6E9C_COG.SAFE",
    "t": "2024-07-15T22:58:41+00:00",
    "sensor": "sentinel1-vv-cfar",
    "uncertainty_m": 7.7
   }
  },
  {
   "type": "Feature",
   "geometry": {
    "type": "Point",
    "coordinates": [
     -74.62187087531859,
     37.19427099347343
    ]
   },
   "properties": {
    "confidence": 0.414,
    "snr": 8.29,
    "peak_dn": 347.0,
    "background_dn": 72.0,
    "sigma_dn": 33.18,
    "pixels": 2,
    "length_m_approx": 14.1,
    "pixel": [
     15597.0,
     5705.5
    ],
    "scene": "S1A_IW_GRDH_1SDV_20240715T225841_20240715T225906_054778_06AB8D_6E9C_COG.SAFE",
    "t": "2024-07-15T22:58:41+00:00",
    "sensor": "sentinel1-vv-cfar",
    "uncertainty_m": 7.7
   }
  },
  {
   "type": "Feature",
   "geometry": {
    "type": "Point",
    "coordinates": [
     -74.60136462496979,
     37.11240407563096
    ]
   },
   "properties": {
    "confidence": 0.372,
    "snr": 7.43,
    "peak_dn": 175.0,
    "background_dn": 64.3,
    "sigma_dn": 14.89,
    "pixels": 3,
    "length_m_approx": 17.3,
    "pixel": [
     15619.3,
     4792.3
    ],
    "scene": "S1A_IW_GRDH_1SDV_20240715T225841_20240715T225906_054778_06AB8D_6E9C_COG.SAFE",
    "t": "2024-07-15T22:58:41+00:00",
    "sensor": "sentinel1-vv-cfar",
    "uncertainty_m": 9.2
   }
  },
  {
   "type": "Feature",
   "geometry": {
    "type": "Point",
    "coordinates": [
     -74.619789177825,
     37.19520821998932
    ]
   },
   "properties": {
    "confidence": 0.37,
    "snr": 7.39,
    "peak_dn": 261.0,
    "background_dn": 71.7,
    "sigma_dn": 25.61,
    "pixels": 2,
    "length_m_approx": 14.1,
    "pixel": [
     15617.0,
     5712.5
    ],
    "scene": "S1A_IW_GRDH_1SDV_20240715T225841_20240715T225906_054778_06AB8D_6E9C_COG.SAFE",
    "t": "2024-07-15T22:58:41+00:00",
    "sensor": "sentinel1-vv-cfar",
    "uncertainty_m": 7.7
   }
  },
  {
   "type": "Feature",
   "geometry": {
    "type": "Point",
    "coordinates": [
     -74.59177970909545,
     37.070442684764096
    ]
   },
   "properties": {
    "confidence": 0.333,
    "snr": 6.65,
    "peak_dn": 163.0,
    "background_dn": 64.1,
    "sigma_dn": 14.87,
    "pixels": 3,
    "length_m_approx": 17.3,
    "pixel": [
     15622.7,
     4325.7
    ],
    "scene": "S1A_IW_GRDH_1SDV_20240715T225841_20240715T225906_054778_06AB8D_6E9C_COG.SAFE",
    "t": "2024-07-15T22:58:41+00:00",
    "sensor": "sentinel1-vv-cfar",
    "uncertainty_m": 9.2
   }
  },
  {
   "type": "Feature",
   "geometry": {
    "type": "Point",
    "coordinates": [
     -74.62294393416344,
     37.195513394493005
    ]
   },
   "properties": {
    "confidence": 0.331,
    "snr": 6.62,
    "peak_dn": 306.0,
    "background_dn": 73.2,
    "sigma_dn": 35.19,
    "pixels": 2,
    "length_m_approx": 14.1,
    "pixel": [
     15590.0,
     5720.5
    ],
    "scene": "S1A_IW_GRDH_1SDV_20240715T225841_20240715T225906_054778_06AB8D_6E9C_COG.SAFE",
    "t": "2024-07-15T22:58:41+00:00",
    "sensor": "sentinel1-vv-cfar",
    "uncertainty_m": 7.7
   }
  },
  {
   "type": "Feature",
   "geometry": {
    "type": "Point",
    "coordinates": [
     -74.7154690495767,
     37.11238375729103
    ]
   },
   "properties": {
    "confidence": 0.328,
    "snr": 6.56,
    "peak_dn": 173.0,
    "background_dn": 67.4,
    "sigma_dn": 16.08,
    "pixels": 2,
    "length_m_approx": 14.1,
    "pixel": [
     14620.5,
     4963.0
    ],
    "scene": "S1A_IW_GRDH_1SDV_20240715T225841_20240715T225906_054778_06AB8D_6E9C_COG.SAFE",
    "t": "2024-07-15T22:58:41+00:00",
    "sensor": "sentinel1-vv-cfar",
    "uncertainty_m": 7.7
   }
  },
  {
   "type": "Feature",
   "geometry": {
    "type": "Point",
    "coordinates": [
     -74.66782646896553,
     37.12328463463058
    ]
   },
   "properties": {
    "confidence": 0.312,
    "snr": 6.25,
    "peak_dn": 163.0,
    "background_dn": 65.5,
    "sigma_dn": 15.6,
    "pixels": 2,
    "length_m_approx": 14.1,
    "pixel": [
     15058.5,
     5009.0
    ],
    "scene": "S1A_IW_GRDH_1SDV_20240715T225841_20240715T225906_054778_06AB8D_6E9C_COG.SAFE",
    "t": "2024-07-15T22:58:41+00:00",
    "sensor": "sentinel1-vv-cfar",
    "uncertainty_m": 7.7
   }
  },
  {
   "type": "Feature",
   "geometry": {
    "type": "Point",
    "coordinates": [
     -74.46854261972683,
     37.245571794368274
    ]
   },
   "properties": {
    "confidence": 0.485,
    "snr": 9.69,
    "peak_dn": 205.0,
    "background_dn": 62.6,
    "sigma_dn": 14.69,
    "pixels": 12,
    "length_m_approx": 34.6,
    "pixel": [
     17035.5,
     6031.5
    ],
    "scene": "S1A_IW_GRDH_1SDV_20240715T225841_20240715T225906_054778_06AB8D_6E9C_COG.SAFE",
    "t": "2024-07-15T22:58:41+00:00",
    "sensor": "sentinel1-vv-cfar",
    "uncertainty_m": 17.6
   }
  },
  {
   "type": "Feature",
   "geometry": {
    "type": "Point",
    "coordinates": [
     -74.41829397632621,
     37.15673727941624
    ]
   },
   "properties": {
    "confidence": 0.471,
    "snr": 9.42,
    "peak_dn": 222.0,
    "background_dn": 68.6,
    "sigma_dn": 16.29,
    "pixels": 9,
    "length_m_approx": 30.0,
    "pixel": [
     17306.3,
     4999.0
    ],
    "scene": "S1A_IW_GRDH_1SDV_20240715T225841_20240715T225906_054778_06AB8D_6E9C_COG.SAFE",
    "t": "2024-07-15T22:58:41+00:00",
    "sensor": "sentinel1-vv-cfar",
    "uncertainty_m": 15.3
   }
  },
  {
   "type": "Feature",
   "geometry": {
    "type": "Point",
    "coordinates": [
     -74.41837828915021,
     37.15718571170886
    ]
   },
   "properties": {
    "confidence": 0.409,
    "snr": 8.18,
    "peak_dn": 202.0,
    "background_dn": 68.6,
    "sigma_dn": 16.31,
    "pixels": 2,
    "length_m_approx": 14.1,
    "pixel": [
     17306.5,
     5004.0
    ],
    "scene": "S1A_IW_GRDH_1SDV_20240715T225841_20240715T225906_054778_06AB8D_6E9C_COG.SAFE",
    "t": "2024-07-15T22:58:41+00:00",
    "sensor": "sentinel1-vv-cfar",
    "uncertainty_m": 7.7
   }
  },
  {
   "type": "Feature",
   "geometry": {
    "type": "Point",
    "coordinates": [
     -74.47918915769574,
     37.118980481440765
    ]
   },
   "properties": {
    "confidence": 0.402,
    "snr": 8.04,
    "peak_dn": 190.0,
    "background_dn": 65.2,
    "sigma_dn": 15.53,
    "pixels": 4,
    "length_m_approx": 20.0,
    "pixel": [
     16701.5,
     4681.5
    ],
    "scene": "S1A_IW_GRDH_1SDV_20240715T225841_20240715T225906_054778_06AB8D_6E9C_COG.SAFE",
    "t": "2024-07-15T22:58:41+00:00",
    "sensor": "sentinel1-vv-cfar",
    "uncertainty_m": 10.5
   }
  },
  {
   "type": "Feature",
   "geometry": {
    "type": "Point",
    "coordinates": [
     -74.41813755177982,
     37.156106409994514
    ]
   },
   "properties": {
    "confidence": 0.344,
    "snr": 6.88,
    "peak_dn": 182.0,
    "background_dn": 69.0,
    "sigma_dn": 16.44,
    "pixels": 2,
    "length_m_approx": 14.1,
    "pixel": [
     17306.5,
     4992.0
    ],
    "scene": "S1A_IW_GRDH_1SDV_20240715T225841_20240715T225906_054778_06AB8D_6E9C_COG.SAFE",
    "t": "2024-07-15T22:58:41+00:00",
    "sensor": "sentinel1-vv-cfar",
    "uncertainty_m": 7.7
   }
  },
  {
   "type": "Feature",
   "geometry": {
    "type": "Point",
    "coordinates": [
     -73.99068332908195,
     37.15880513237505
    ]
   },
   "properties": {
    "confidence": 0.325,
    "snr": 6.5,
    "peak_dn": 161.0,
    "background_dn": 63.5,
    "sigma_dn": 15.01,
    "pixels": 2,
    "length_m_approx": 14.1,
    "pixel": [
     21054.0,
     4398.5
    ],
    "scene": "S1A_IW_GRDH_1SDV_20240715T225841_20240715T225906_054778_06AB8D_6E9C_COG.SAFE",
    "t": "2024-07-15T22:58:41+00:00",
    "sensor": "sentinel1-vv-cfar",
    "uncertainty_m": 7.7
   }
  },
  {
   "type": "Feature",
   "geometry": {
    "type": "Point",
    "coordinates": [
     -73.6125366930926,
     37.19697235504374
    ]
   },
   "properties": {
    "confidence": 0.343,
    "snr": 6.87,
    "peak_dn": 167.0,
    "background_dn": 63.9,
    "sigma_dn": 15.02,
    "pixels": 2,
    "length_m_approx": 14.1,
    "pixel": [
     24436.0,
     4273.5
    ],
    "scene": "S1A_IW_GRDH_1SDV_20240715T225841_20240715T225906_054778_06AB8D_6E9C_COG.SAFE",
    "t": "2024-07-15T22:58:41+00:00",
    "sensor": "sentinel1-vv-cfar",
    "uncertainty_m": 7.7
   }
  },
  {
   "type": "Feature",
   "geometry": {
    "type": "Point",
    "coordinates": [
     -73.75746149578433,
     37.27317032229293
    ]
   },
   "properties": {
    "confidence": 0.325,
    "snr": 6.49,
    "peak_dn": 153.0,
    "background_dn": 60.5,
    "sigma_dn": 14.24,
    "pixels": 2,
    "length_m_approx": 14.1,
    "pixel": [
     23305.5,
     5302.5
    ],
    "scene": "S1A_IW_GRDH_1SDV_20240715T225841_20240715T225906_054778_06AB8D_6E9C_COG.SAFE",
    "t": "2024-07-15T22:58:41+00:00",
    "sensor": "sentinel1-vv-cfar",
    "uncertainty_m": 7.7
   }
  },
  {
   "type": "Feature",
   "geometry": {
    "type": "Point",
    "coordinates": [
     -76.23923918545434,
     37.014610187018654
    ]
   },
   "properties": {
    "confidence": 0.95,
    "snr": 41.74,
    "peak_dn": 983.0,
    "background_dn": 58.7,
    "sigma_dn": 22.14,
    "pixels": 22,
    "length_m_approx": 46.9,
    "pixel": [
     1096.6,
     6301.0
    ],
    "scene": "S1A_IW_GRDH_1SDV_20240715T225841_20240715T225906_054778_06AB8D_6E9C_COG.SAFE",
    "t": "2024-07-15T22:58:41+00:00",
    "sensor": "sentinel1-vv-cfar",
    "uncertainty_m": 28.1
   }
  },
  {
   "type": "Feature",
   "geometry": {
    "type": "Point",
    "coordinates": [
     -76.27811369751684,
     37.004623314267505
    ]
   },
   "properties": {
    "confidence": 0.95,
    "snr": 22.86,
    "peak_dn": 676.0,
    "background_dn": 93.6,
    "sigma_dn": 25.47,
    "pixels": 41,
    "length_m_approx": 64.0,
    "pixel": [
     734.6,
     6257.8
    ],
    "scene": "S1A_IW_GRDH_1SDV_20240715T225841_20240715T225906_054778_06AB8D_6E9C_COG.SAFE",
    "t": "2024-07-15T22:58:41+00:00",
    "sensor": "sentinel1-vv-cfar",
    "uncertainty_m": 35.5
   }
  },
  {
   "type": "Feature",
   "geometry": {
    "type": "Point",
    "coordinates": [
     -76.18784477458381,
     37.14316649926946
    ]
   },
   "properties": {
    "confidence": 0.848,
    "snr": 16.96,
    "peak_dn": 430.0,
    "background_dn": 84.7,
    "sigma_dn": 20.36,
    "pixels": 9,
    "length_m_approx": 30.0,
    "pixel": [
     1815.8,
     7594.7
    ],
    "scene": "S1A_IW_GRDH_1SDV_20240715T225841_20240715T225906_054778_06AB8D_6E9C_COG.SAFE",
    "t": "2024-07-15T22:58:41+00:00",
    "sensor": "sentinel1-vv-cfar",
    "uncertainty_m": 21.5
   }
  },
  {
   "type": "Feature",
   "geometry": {
    "type": "Point",
    "coordinates": [
     -76.19271115179302,
     37.01583765316554
    ]
   },
   "properties": {
    "confidence": 0.653,
    "snr": 13.05,
    "peak_dn": 183.0,
    "background_dn": 43.9,
    "sigma_dn": 10.66,
    "pixels": 35,
    "length_m_approx": 59.2,
    "pixel": [
     1506.4,
     6238.3
    ],
    "scene": "S1A_IW_GRDH_1SDV_20240715T225841_20240715T225906_054778_06AB8D_6E9C_COG.SAFE",
    "t": "2024-07-15T22:58:41+00:00",
    "sensor": "sentinel1-vv-cfar",
    "uncertainty_m": 33.4
   }
  },
  {
   "type": "Feature",
   "geometry": {
    "type": "Point",
    "coordinates": [
     -76.24690224732916,
     37.01156655609678
    ]
   },
   "properties": {
    "confidence": 0.636,
    "snr": 12.72,
    "peak_dn": 444.0,
    "background_dn": 78.2,
    "sigma_dn": 28.76,
    "pixels": 9,
    "length_m_approx": 30.0,
    "pixel": [
     1023.0,
     6281.0
    ],
    "scene": "S1A_IW_GRDH_1SDV_20240715T225841_20240715T225906_054778_06AB8D_6E9C_COG.SAFE",
    "t": "2024-07-15T22:58:41+00:00",
    "sensor": "sentinel1-vv-cfar",
    "uncertainty_m": 21.5
   }
  },
  {
   "type": "Feature",
   "geometry": {
    "type": "Point",
    "coordinates": [
     -76.20901083448122,
     37.16059118835408
    ]
   },
   "properties": {
    "confidence": 0.614,
    "snr": 12.28,
    "peak_dn": 334.0,
    "background_dn": 82.9,
    "sigma_dn": 20.45,
    "pixels": 10,
    "length_m_approx": 31.6,
    "pixel": [
     1667.7,
     7815.7
    ],
    "scene": "S1A_IW_GRDH_1SDV_20240715T225841_20240715T225906_054778_06AB8D_6E9C_COG.SAFE",
    "t": "2024-07-15T22:58:41+00:00",
    "sensor": "sentinel1-vv-cfar",
    "uncertainty_m": 22.1
   }
  },
  {
   "type": "Feature",
   "geometry": {
    "type": "Point",
    "coordinates": [
     -76.23655893255832,
     37.17543906323246
    ]
   },
   "properties": {
    "confidence": 0.521,
    "snr": 10.42,
    "peak_dn": 323.0,
    "background_dn": 88.3,
    "sigma_dn": 22.51,
    "pixels": 4,
    "length_m_approx": 20.0,
    "pixel": [
     1458.5,
     8019.5
    ],
    "scene": "S1A_IW_GRDH_1SDV_20240715T225841_20240715T225906_054778_06AB8D_6E9C_COG.SAFE",
    "t": "2024-07-15T22:58:41+00:00",
    "sensor": "sentinel1-vv-cfar",
    "uncertainty_m": 18.4
   }
  },
  {
   "type": "Feature",
   "geometry": {
    "type": "Point",
    "coordinates": [
     -76.16366992034166,
     37.12726015023061
    ]
   },
   "properties": {
    "confidence": 0.502,
    "snr": 10.04,
    "peak_dn": 305.0,
    "background_dn": 92.0,
    "sigma_dn": 21.21,
    "pixels": 6,
    "length_m_approx": 24.5,
    "pixel": [
     1993.5,
     7385.0
    ],
    "scene": "S1A_IW_GRDH_1SDV_20240715T225841_20240715T225906_054778_06AB8D_6E9C_COG.SAFE",
    "t": "2024-07-15T22:58:41+00:00",
    "sensor": "sentinel1-vv-cfar",
    "uncertainty_m": 19.7
   }
  },
  {
   "type": "Feature",
   "geometry": {
    "type": "Point",
    "coordinates": [
     -76.21110043693963,
     37.15871149562388
    ]
   },
   "properties": {
    "confidence": 0.455,
    "snr": 9.1,
    "peak_dn": 276.0,
    "background_dn": 84.5,
    "sigma_dn": 21.05,
    "pixels": 6,
    "length_m_approx": 24.5,
    "pixel": [
     1645.5,
     7799.0
    ],
    "scene": "S1A_IW_GRDH_1SDV_20240715T225841_20240715T225906_054778_06AB8D_6E9C_COG.SAFE",
    "t": "2024-07-15T22:58:41+00:00",
    "sensor": "sentinel1-vv-cfar",
    "uncertainty_m": 19.7
   }
  },
  {
   "type": "Feature",
   "geometry": {
    "type": "Point",
    "coordinates": [
     -76.24153304980017,
     37.00568353382654
    ]
   },
   "properties": {
    "confidence": 0.435,
    "snr": 8.7,
    "peak_dn": 319.0,
    "background_dn": 86.8,
    "sigma_dn": 26.69,
    "pixels": 5,
    "length_m_approx": 22.4,
    "pixel": [
     1057.6,
     6209.2
    ],
    "scene": "S1A_IW_GRDH_1SDV_20240715T225841_20240715T225906_054778_06AB8D_6E9C_COG.SAFE",
    "t": "2024-07-15T22:58:41+00:00",
    "sensor": "sentinel1-vv-cfar",
    "uncertainty_m": 19.1
   }
  },
  {
   "type": "Feature",
   "geometry": {
    "type": "Point",
    "coordinates": [
     -76.2383764517048,
     37.03480093151482
    ]
   },
   "properties": {
    "confidence": 0.423,
    "snr": 8.45,
    "peak_dn": 157.0,
    "background_dn": 50.4,
    "sigma_dn": 12.61,
    "pixels": 8,
    "length_m_approx": 28.3,
    "pixel": [
     1146.9,
     6515.9
    ],
    "scene": "S1A_IW_GRDH_1SDV_20240715T225841_20240715T225906_054778_06AB8D_6E9C_COG.SAFE",
    "t": "2024-07-15T22:58:41+00:00",
    "sensor": "sentinel1-vv-cfar",
    "uncertainty_m": 20.9
   }
  },
  {
   "type": "Feature",
   "geometry": {
    "type": "Point",
    "coordinates": [
     -76.23450338266038,
     37.17747654840493
    ]
   },
   "properties": {
    "confidence": 0.386,
    "snr": 7.72,
    "peak_dn": 270.0,
    "background_dn": 93.1,
    "sigma_dn": 22.91,
    "pixels": 4,
    "length_m_approx": 20.0,
    "pixel": [
     1480.7,
     8038.0
    ],
    "scene": "S1A_IW_GRDH_1SDV_20240715T225841_20240715T225906_054778_06AB8D_6E9C_COG.SAFE",
    "t": "2024-07-15T22:58:41+00:00",
    "sensor": "sentinel1-vv-cfar",
    "uncertainty_m": 18.4
   }
  },
  {
   "type": "Feature",
   "geometry": {
    "type": "Point",
    "coordinates": [
     -76.276633369663,
     37.01705908176983
    ]
   },
   "properties": {
    "confidence": 0.373,
    "snr": 7.46,
    "peak_dn": 272.0,
    "background_dn": 96.0,
    "sigma_dn": 23.59,
    "pixels": 2,
    "length_m_approx": 14.1,
    "pixel": [
     774.0,
     6388.5
    ],
    "scene": "S1A_IW_GRDH_1SDV_20240715T225841_20240715T225906_054778_06AB8D_6E9C_COG.SAFE",
    "t": "2024-07-15T22:58:41+00:00",
    "sensor": "sentinel1-vv-cfar",
    "uncertainty_m": 17.0
   }
  },
  {
   "type": "Feature",
   "geometry": {
    "type": "Point",
    "coordinates": [
     -76.21049473327346,
     37.017498257452615
    ]
   },
   "properties": {
    "confidence": 0.348,
    "snr": 6.95,
    "peak_dn": 132.0,
    "background_dn": 47.4,
    "sigma_dn": 12.17,
    "pixels": 2,
    "length_m_approx": 14.1,
    "pixel": [
     1354.5,
     6285.0
    ],
    "scene": "S1A_IW_GRDH_1SDV_20240715T225841_20240715T225906_054778_06AB8D_6E9C_COG.SAFE",
    "t": "2024-07-15T22:58:41+00:00",
    "sensor": "sentinel1-vv-cfar",
    "uncertainty_m": 17.0
   }
  },
  {
   "type": "Feature",
   "geometry": {
    "type": "Point",
    "coordinates": [
     -76.23302912241489,
     37.050880146166115
    ]
   },
   "properties": {
    "confidence": 0.321,
    "snr": 6.42,
    "peak_dn": 181.0,
    "background_dn": 60.9,
    "sigma_dn": 18.7,
    "pixels": 3,
    "length_m_approx": 17.3,
    "pixel": [
     1227.7,
     6679.3
    ],
    "scene": "S1A_IW_GRDH_1SDV_20240715T225841_20240715T225906_054778_06AB8D_6E9C_COG.SAFE",
    "t": "2024-07-15T22:58:41+00:00",
    "sensor": "sentinel1-vv-cfar",
    "uncertainty_m": 17.7
   }
  },
  {
   "type": "Feature",
   "geometry": {
    "type": "Point",
    "coordinates": [
     -76.19266142266888,
     37.01474266902081
    ]
   },
   "properties": {
    "confidence": 0.316,
    "snr": 6.31,
    "peak_dn": 112.0,
    "background_dn": 44.0,
    "sigma_dn": 10.77,
    "pixels": 2,
    "length_m_approx": 14.1,
    "pixel": [
     1504.5,
     6226.5
    ],
    "scene": "S1A_IW_GRDH_1SDV_20240715T225841_20240715T225906_054778_06AB8D_6E9C_COG.SAFE",
    "t": "2024-07-15T22:58:41+00:00",
    "sensor": "sentinel1-vv-cfar",
    "uncertainty_m": 17.0
   }
  },
  {
   "type": "Feature",
   "geometry": {
    "type": "Point",
    "coordinates": [
     -76.11077558582797,
     37.18763413153909
    ]
   },
   "properties": {
    "confidence": 0.95,
    "snr": 94.1,
    "peak_dn": 2660.0,
    "background_dn": 97.0,
    "sigma_dn": 27.24,
    "pixels": 174,
    "length_m_approx": 131.9,
    "pixel": [
     2581.0,
     7946.2
    ],
    "scene": "S1A_IW_GRDH_1SDV_20240715T225841_20240715T225906_054778_06AB8D_6E9C_COG.SAFE",
    "t": "2024-07-15T22:58:41+00:00",
    "sensor": "sentinel1-vv-cfar",
    "uncertainty_m": 66.1
   }
  },
  {
   "type": "Feature",
   "geometry": {
    "type": "Point",
    "coordinates": [
     -75.96493055875183,
     37.05366007568239
    ]
   },
   "properties": {
    "confidence": 0.95,
    "snr": 19.9,
    "peak_dn": 379.0,
    "background_dn": 53.3,
    "sigma_dn": 16.37,
    "pixels": 9,
    "length_m_approx": 30.0,
    "pixel": [
     3575.6,
     6274.9
    ],
    "scene": "S1A_IW_GRDH_1SDV_20240715T225841_20240715T225906_054778_06AB8D_6E9C_COG.SAFE",
    "t": "2024-07-15T22:58:41+00:00",
    "sensor": "sentinel1-vv-cfar",
    "uncertainty_m": 15.5
   }
  },
  {
   "type": "Feature",
   "geometry": {
    "type": "Point",
    "coordinates": [
     -76.14288407421472,
     37.14020861055809
    ]
   },
   "properties": {
    "confidence": 0.95,
    "snr": 19.59,
    "peak_dn": 513.0,
    "background_dn": 92.1,
    "sigma_dn": 21.48,
    "pixels": 9,
    "length_m_approx": 30.0,
    "pixel": [
     2202.0,
     7490.0
    ],
    "scene": "S1A_IW_GRDH_1SDV_20240715T225841_20240715T225906_054778_06AB8D_6E9C_COG.SAFE",
    "t": "2024-07-15T22:58:41+00:00",
    "sensor": "sentinel1-vv-cfar",
    "uncertainty_m": 21.5
   }
  },
  {
   "type": "Feature",
   "geometry": {
    "type": "Point",
    "coordinates": [
     -76.15307427848595,
     37.16553534035906
    ]
   },
   "properties": {
    "confidence": 0.95,
    "snr": 19.32,
    "peak_dn": 523.0,
    "background_dn": 92.7,
    "sigma_dn": 22.27,
    "pixels": 9,
    "length_m_approx": 30.0,
    "pixel": [
     2165.9,
     7778.0
    ],
    "scene": "S1A_IW_GRDH_1SDV_20240715T225841_20240715T225906_054778_06AB8D_6E9C_COG.SAFE",
    "t": "2024-07-15T22:58:41+00:00",
    "sensor": "sentinel1-vv-cfar",
    "uncertainty_m": 21.5
   }
  },
  {
   "type": "Feature",
   "geometry": {
    "type": "Point",
    "coordinates": [
     -75.99822598547752,
     37.08564805305328
    ]
   },
   "properties": {
    "confidence": 0.897,
    "snr": 17.94,
    "peak_dn": 507.0,
    "background_dn": 63.2,
    "sigma_dn": 24.74,
    "pixels": 12,
    "length_m_approx": 34.6,
    "pixel": [
     3351.0,
     6671.5
    ],
    "scene": "S1A_IW_GRDH_1SDV_20240715T225841_20240715T225906_054778_06AB8D_6E9C_COG.SAFE",
    "t": "2024-07-15T22:58:41+00:00",
    "sensor": "sentinel1-vv-cfar",
    "uncertainty_m": 17.7
   }
  },
  {
   "type": "Feature",
   "geometry": {
    "type": "Point",
    "coordinates": [
     -76.07062551559099,
     37.040883478770844
    ]
   },
   "properties": {
    "confidence": 0.885,
    "snr": 17.7,
    "peak_dn": 671.0,
    "background_dn": 85.8,
    "sigma_dn": 33.06,
    "pixels": 11,
    "length_m_approx": 33.2,
    "pixel": [
     2625.6,
     6308.3
    ],
    "scene": "S1A_IW_GRDH_1SDV_20240715T225841_20240715T225906_054778_06AB8D_6E9C_COG.SAFE",
    "t": "2024-07-15T22:58:41+00:00",
    "sensor": "sentinel1-vv-cfar",
    "uncertainty_m": 17.0
   }
  },
  {
   "type": "Feature",
   "geometry": {
    "type": "Point",
    "coordinates": [
     -75.99858512413924,
     37.08784293930022
    ]
   },
   "properties": {
    "confidence": 0.776,
    "snr": 15.53,
    "peak_dn": 444.0,
    "background_dn": 63.1,
    "sigma_dn": 24.53,
    "pixels": 14,
    "length_m_approx": 37.4,
    "pixel": [
     3352.4,
     6695.6
    ],
    "scene": "S1A_IW_GRDH_1SDV_20240715T225841_20240715T225906_054778_06AB8D_6E9C_COG.SAFE",
    "t": "2024-07-15T22:58:41+00:00",
    "sensor": "sentinel1-vv-cfar",
    "uncertainty_m": 19.1
   }
  },
  {
   "type": "Feature",
   "geometry": {
    "type": "Point",
    "coordinates": [
     -76.14768109602005,
     37.151808697858186
    ]
   },
   "properties": {
    "confidence": 0.767,
    "snr": 15.34,
    "peak_dn": 432.0,
    "background_dn": 94.8,
    "sigma_dn": 21.98,
    "pixels": 7,
    "length_m_approx": 26.5,
    "pixel": [
     2184.3,
     7622.1
    ],
    "scene": "S1A_IW_GRDH_1SDV_20240715T225841_20240715T225906_054778_06AB8D_6E9C_COG.SAFE",
    "t": "2024-07-15T22:58:41+00:00",
    "sensor": "sentinel1-vv-cfar",
    "uncertainty_m": 20.3
   }
  },
  {
   "type": "Feature",
   "geometry": {
    "type": "Point",
    "coordinates": [
     -76.11157211251944,
     37.096051955085315
    ]
   },
   "properties": {
    "confidence": 0.737,
    "snr": 14.74,
    "peak_dn": 350.0,
    "background_dn": 75.7,
    "sigma_dn": 18.62,
    "pixels": 9,
    "length_m_approx": 30.0,
    "pixel": [
     2383.1,
     6966.0
    ],
    "scene": "S1A_IW_GRDH_1SDV_20240715T225841_20240715T225906_054778_06AB8D_6E9C_COG.SAFE",
    "t": "2024-07-15T22:58:41+00:00",
    "sensor": "sentinel1-vv-cfar",
    "uncertainty_m": 21.5
   }
  },
  {
   "type": "Feature",
   "geometry": {
    "type": "Point",
    "coordinates": [
     -75.99304955477827,
     37.10394301236414
    ]
   },
   "properties": {
    "confidence": 0.722,
    "snr": 14.45,
    "peak_dn": 364.0,
    "background_dn": 79.1,
    "sigma_dn": 19.72,
    "pixels": 9,
    "length_m_approx": 30.0,
    "pixel": [
     3434.1,
     6859.3
    ],
    "scene": "S1A_IW_GRDH_1SDV_20240715T225841_20240715T225906_054778_06AB8D_6E9C_COG.SAFE",
    "t": "2024-07-15T22:58:41+00:00",
    "sensor": "sentinel1-vv-cfar",
    "uncertainty_m": 15.5
   }
  },
  {
   "type": "Feature",
   "geometry": {
    "type": "Point",
    "coordinates": [
     -75.99768669775973,
     37.088151708296195
    ]
   },
   "properties": {
    "confidence": 0.665,
    "snr": 13.31,
    "peak_dn": 424.0,
    "background_dn": 65.5,
    "sigma_dn": 26.94,
    "pixels": 6,
    "length_m_approx": 24.5,
    "pixel": [
     3360.9,
     6697.5
    ],
    "scene": "S1A_IW_GRDH_1SDV_20240715T225841_20240715T225906_054778_06AB8D_6E9C_COG.SAFE",
    "t": "2024-07-15T22:58:41+00:00",
    "sensor": "sentinel1-vv-cfar",
    "uncertainty_m": 12.8
   }
  },
  {
   "type": "Feature",
   "geometry": {
    "type": "Point",
    "coordinates": [
     -76.01434277556199,
     37.07926292258179
    ]
   },
   "properties": {
    "confidence": 0.621,
    "snr": 12.42,
    "peak_dn": 300.0,
    "background_dn": 57.7,
    "sigma_dn": 19.51,
    "pixels": 7,
    "length_m_approx": 26.5,
    "pixel": [
     3197.0,
     6629.1
    ],
    "scene": "S1A_IW_GRDH_1SDV_20240715T225841_20240715T225906_054778_06AB8D_6E9C_COG.SAFE",
    "t": "2024-07-15T22:58:41+00:00",
    "sensor": "sentinel1-vv-cfar",
    "uncertainty_m": 13.8
   }
  },
  {
   "type": "Feature",
   "geometry": {
    "type": "Point",
    "coordinates": [
     -76.0757090122664,
     37.036475089043044
    ]
   },
   "properties": {
    "confidence": 0.606,
    "snr": 12.12,
    "peak_dn": 489.0,
    "background_dn": 84.2,
    "sigma_dn": 33.4,
    "pixels": 12,
    "length_m_approx": 34.6,
    "pixel": [
     2572.0,
     6269.3
    ],
    "scene": "S1A_IW_GRDH_1SDV_20240715T225841_20240715T225906_054778_06AB8D_6E9C_COG.SAFE",
    "t": "2024-07-15T22:58:41+00:00",
    "sensor": "sentinel1-vv-cfar",
    "uncertainty_m": 17.7
   }
  },
  {
   "type": "Feature",
   "geometry": {
    "type": "Point",
    "coordinates": [
     -76.07813877395755,
     37.03538047341355
    ]
   },
   "properties": {
    "confidence": 0.606,
    "snr": 12.12,
    "peak_dn": 497.0,
    "background_dn": 79.6,
    "sigma_dn": 34.45,
    "pixels": 11,
    "length_m_approx": 33.2,
    "pixel": [
     2548.5,
     6261.5
    ],
    "scene": "S1A_IW_GRDH_1SDV_20240715T225841_20240715T225906_054778_06AB8D_6E9C_COG.SAFE",
    "t": "2024-07-15T22:58:41+00:00",
    "sensor": "sentinel1-vv-cfar",
    "uncertainty_m": 22.7
   }
  },
  {
   "type": "Feature",
   "geometry": {
    "type": "Point",
    "coordinates": [
     -76.15197638127299,
     37.18012200552731
    ]
   },
   "properties": {
    "confidence": 0.592,
    "snr": 11.84,
    "peak_dn": 355.0,
    "background_dn": 94.5,
    "sigma_dn": 22.01,
    "pixels": 6,
    "length_m_approx": 24.5,
    "pixel": [
     2206.0,
     7932.5
    ],
    "scene": "S1A_IW_GRDH_1SDV_20240715T225841_20240715T225906_054778_06AB8D_6E9C_COG.SAFE",
    "t": "2024-07-15T22:58:41+00:00",
    "sensor": "sentinel1-vv-cfar",
    "uncertainty_m": 19.7
   }
  },
  {
   "type": "Feature",
   "geometry": {
    "type": "Point",
    "coordinates": [
     -76.07667395009202,
     37.03647186152369
    ]
   },
   "properties": {
    "confidence": 0.561,
    "snr": 11.22,
    "peak_dn": 426.0,
    "background_dn": 82.6,
    "sigma_dn": 30.61,
    "pixels": 15,
    "length_m_approx": 38.7,
    "pixel": [
     2563.6,
     6270.8
    ],
    "scene": "S1A_IW_GRDH_1SDV_20240715T225841_20240715T225906_054778_06AB8D_6E9C_COG.SAFE",
    "t": "2024-07-15T22:58:41+00:00",
    "sensor": "sentinel1-vv-cfar",
    "uncertainty_m": 24.8
   }
  },
  {
   "type": "Feature",
   "geometry": {
    "type": "Point",
    "coordinates": [
     -76.00689931299956,
     37.083003745034226
    ]
   },
   "properties": {
    "confidence": 0.534,
    "snr": 10.68,
    "peak_dn": 235.0,
    "background_dn": 53.4,
    "sigma_dn": 17.0,
    "pixels": 6,
    "length_m_approx": 24.5,
    "pixel": [
     3269.8,
     6657.2
    ],
    "scene": "S1A_IW_GRDH_1SDV_20240715T225841_20240715T225906_054778_06AB8D_6E9C_COG.SAFE",
    "t": "2024-07-15T22:58:41+00:00",
    "sensor": "sentinel1-vv-cfar",
    "uncertainty_m": 12.8
   }
  },
  {
   "type": "Feature",
   "geometry": {
    "type": "Point",
    "coordinates": [
     -76.0760024810402,
     37.036821752706864
    ]
   },
   "properties": {
    "confidence": 0.534,
    "snr": 10.67,
    "peak_dn": 442.0,
    "background_dn": 84.7,
    "sigma_dn": 33.48,
    "pixels": 9,
    "length_m_approx": 30.0,
    "pixel": [
     2570.2,
     6273.5
    ],
    "scene": "S1A_IW_GRDH_1SDV_20240715T225841_20240715T225906_054778_06AB8D_6E9C_COG.SAFE",
    "t": "2024-07-15T22:58:41+00:00",
    "sensor": "sentinel1-vv-cfar",
    "uncertainty_m": 15.5
   }
  },
  {
   "type": "Feature",
   "geometry": {
    "type": "Point",
    "coordinates": [
     -76.0752834704219,
     37.03683904840365
    ]
   },
   "properties": {
    "confidence": 0.532,
    "snr": 10.64,
    "peak_dn": 448.0,
    "background_dn": 85.1,
    "sigma_dn": 34.1,
    "pixels": 6,
    "length_m_approx": 24.5,
    "pixel": [
     2576.5,
     6272.5
    ],
    "scene": "S1A_IW_GRDH_1SDV_20240715T225841_20240715T225906_054778_06AB8D_6E9C_COG.SAFE",
    "t": "2024-07-15T22:58:41+00:00",
    "sensor": "sentinel1-vv-cfar",
    "uncertainty_m": 12.8
   }
  },
  {
   "type": "Feature",
   "geometry": {
    "type": "Point",
    "coordinates": [
     -75.9913750091215,
     37.097204779353056
    ]
   },
   "properties": {
    "confidence": 0.532,
    "snr": 10.63,
    "peak_dn": 275.0,
    "background_dn": 74.3,
    "sigma_dn": 18.88,
    "pixels": 5,
    "length_m_approx": 22.4,
    "pixel": [
     3434.8,
     6784.4
    ],
    "scene": "S1A_IW_GRDH_1SDV_20240715T225841_20240715T225906_054778_06AB8D_6E9C_COG.SAFE",
    "t": "2024-07-15T22:58:41+00:00",
    "sensor": "sentinel1-vv-cfar",
    "uncertainty_m": 11.8
   }
  },
  {
   "type": "Feature",
   "geometry": {
    "type": "Point",
    "coordinates": [
     -76.14980458063926,
     37.1657044247121
    ]
   },
   "properties": {
    "confidence": 0.527,
    "snr": 10.55,
    "peak_dn": 332.0,
    "background_dn": 92.3,
    "sigma_dn": 22.72,
    "pixels": 7,
    "length_m_approx": 26.5,
    "pixel": [
     2194.8,
     7774.5
    ],
    "scene": "S1A_IW_GRDH_1SDV_20240715T225841_20240715T225906_054778_06AB8D_6E9C_COG.SAFE",
    "t": "2024-07-15T22:58:41+00:00",
    "sensor": "sentinel1-vv-cfar",
    "uncertainty_m": 20.3
   }
  },
  {
   "type": "Feature",
   "geometry": {
    "type": "Point",
    "coordinates": [
     -76.01615326976103,
     37.15068029358106
    ]
   },
   "properties": {
    "confidence": 0.495,
    "snr": 9.9,
    "peak_dn": 285.0,
    "background_dn": 81.9,
    "sigma_dn": 20.52,
    "pixels": 3,
    "length_m_approx": 17.3,
    "pixel": [
     3329.3,
     7397.7
    ],
    "scene": "S1A_IW_GRDH_1SDV_20240715T225841_20240715T225906_054778_06AB8D_6E9C_COG.SAFE",
    "t": "2024-07-15T22:58:41+00:00",
    "sensor": "sentinel1-vv-cfar",
    "uncertainty_m": 9.5
   }
  },
  {
   "type": "Feature",
   "geometry": {
    "type": "Point",
    "coordinates": [
     -76.08954830627317,
     37.06488571271316
    ]
   },
   "properties": {
    "confidence": 0.478,
    "snr": 9.56,
    "peak_dn": 278.0,
    "background_dn": 78.3,
    "sigma_dn": 20.89,
    "pixels": 5,
    "length_m_approx": 22.4,
    "pixel": [
     2510.4,
     6596.2
    ],
    "scene": "S1A_IW_GRDH_1SDV_20240715T225841_20240715T225906_054778_06AB8D_6E9C_COG.SAFE",
    "t": "2024-07-15T22:58:41+00:00",
    "sensor": "sentinel1-vv-cfar",
    "uncertainty_m": 19.1
   }
  },
  {
   "type": "Feature",
   "geometry": {
    "type": "Point",
    "coordinates": [
     -76.14999918093886,
     37.144820928984835
    ]
   },
   "properties": {
    "confidence": 0.471,
    "snr": 9.41,
    "peak_dn": 299.0,
    "background_dn": 93.1,
    "sigma_dn": 21.88,
    "pixels": 4,
    "length_m_approx": 20.0,
    "pixel": [
     2149.5,
     7551.0
    ],
    "scene": "S1A_IW_GRDH_1SDV_20240715T225841_20240715T225906_054778_06AB8D_6E9C_COG.SAFE",
    "t": "2024-07-15T22:58:41+00:00",
    "sensor": "sentinel1-vv-cfar",
    "uncertainty_m": 18.4
   }
  },
  {
   "type": "Feature",
   "geometry": {
    "type": "Point",
    "coordinates": [
     -76.0846496749841,
     37.03149963180945
    ]
   },
   "properties": {
    "confidence": 0.449,
    "snr": 8.99,
    "peak_dn": 339.0,
    "background_dn": 66.0,
    "sigma_dn": 30.37,
    "pixels": 4,
    "length_m_approx": 20.0,
    "pixel": [
     2483.5,
     6230.5
    ],
    "scene": "S1A_IW_GRDH_1SDV_20240715T225841_20240715T225906_054778_06AB8D_6E9C_COG.SAFE",
    "t": "2024-07-15T22:58:41+00:00",
    "sensor": "sentinel1-vv-cfar",
    "uncertainty_m": 18.4
   }
  },
  {
   "type": "Feature",
   "geometry": {
    "type": "Point",
    "coordinates": [
     -76.075786017557,
     37.02650386143527
    ]
   },
   "properties": {
    "confidence": 0.442,
    "snr": 8.85,
    "peak_dn": 218.0,
    "background_dn": 66.3,
    "sigma_dn": 17.15,
    "pixels": 4,
    "length_m_approx": 20.0,
    "pixel": [
     2550.5,
     6162.5
    ],
    "scene": "S1A_IW_GRDH_1SDV_20240715T225841_20240715T225906_054778_06AB8D_6E9C_COG.SAFE",
    "t": "2024-07-15T22:58:41+00:00",
    "sensor": "sentinel1-vv-cfar",
    "uncertainty_m": 18.4
   }
  },
  {
   "type": "Feature",
   "geometry": {
    "type": "Point",
    "coordinates": [
     -76.1299526149352,
     37.11660135775126
    ]
   },
   "properties": {
    "confidence": 0.433,
    "snr": 8.67,
    "peak_dn": 252.0,
    "background_dn": 82.3,
    "sigma_dn": 19.59,
    "pixels": 6,
    "length_m_approx": 24.5,
    "pixel": [
     2265.5,
     7216.0
    ],
    "scene": "S1A_IW_GRDH_1SDV_20240715T225841_20240715T225906_054778_06AB8D_6E9C_COG.SAFE",
    "t": "2024-07-15T22:58:41+00:00",
    "sensor": "sentinel1-vv-cfar",
    "uncertainty_m": 19.7
   }
  },
  {
   "type": "Feature",
   "geometry": {
    "type": "Point",
    "coordinates": [
     -75.99578382330978,
     37.08620082299575
    ]
   },
   "properties": {
    "confidence": 0.433,
    "snr": 8.65,
    "peak_dn": 329.0,
    "background_dn": 68.6,
    "sigma_dn": 30.1,
    "pixels": 4,
    "length_m_approx": 20.0,
    "pixel": [
     3373.5,
     6673.5
    ],
    "scene": "S1A_IW_GRDH_1SDV_20240715T225841_20240715T225906_054778_06AB8D_6E9C_COG.SAFE",
    "t": "2024-07-15T22:58:41+00:00",
    "sensor": "sentinel1-vv-cfar",
    "uncertainty_m": 10.7
   }
  },
  {
   "type": "Feature",
   "geometry": {
    "type": "Point",
    "coordinates": [
     -76.09232991228234,
     37.063648640440036
    ]
   },
   "properties": {
    "confidence": 0.423,
    "snr": 8.47,
    "peak_dn": 253.0,
    "background_dn": 78.2,
    "sigma_dn": 20.65,
    "pixels": 4,
    "length_m_approx": 20.0,
    "pixel": [
     2483.5,
     6587.5
    ],
    "scene": "S1A_IW_GRDH_1SDV_20240715T225841_20240715T225906_054778_06AB8D_6E9C_COG.SAFE",
    "t": "2024-07-15T22:58:41+00:00",
    "sensor": "sentinel1-vv-cfar",
    "uncertainty_m": 18.4
   }
  },
  {
   "type": "Feature",
   "geometry": {
    "type": "Point",
    "coordinates": [
     -76.0055565148569,
     37.10479623858856
    ]
   },
   "properties": {
    "confidence": 0.422,
    "snr": 8.45,
    "peak_dn": 219.0,
    "background_dn": 68.8,
    "sigma_dn": 17.78,
    "pixels": 3,
    "length_m_approx": 17.3,
    "pixel": [
     3326.7,
     6888.6
    ],
    "scene": "S1A_IW_GRDH_1SDV_20240715T225841_20240715T225906_054778_06AB8D_6E9C_COG.SAFE",
    "t": "2024-07-15T22:58:41+00:00",
    "sensor": "sentinel1-vv-cfar",
    "uncertainty_m": 9.5
   }
  },
  {
   "type": "Feature",
   "geometry": {
    "type": "Point",
    "coordinates": [
     -76.00617496523672,
     37.08319102784405
    ]
   },
   "properties": {
    "confidence": 0.416,
    "snr": 8.32,
    "peak_dn": 196.0,
    "background_dn": 53.5,
    "sigma_dn": 17.12,
    "pixels": 2,
    "length_m_approx": 14.1,
    "pixel": [
     3276.5,
     6658.0
    ],
    "scene": "S1A_IW_GRDH_1SDV_20240715T225841_20240715T225906_054778_06AB8D_6E9C_COG.SAFE",
    "t": "2024-07-15T22:58:41+00:00",
    "sensor": "sentinel1-vv-cfar",
    "uncertainty_m": 8.1
   }
  },
  {
   "type": "Feature",
   "geometry": {
    "type": "Point",
    "coordinates": [
     -76.07487199611313,
     37.037272100013084
    ]
   },
   "properties": {
    "confidence": 0.41,
    "snr": 8.2,
    "peak_dn": 368.0,
    "background_dn": 86.0,
    "sigma_dn": 34.38,
    "pixels": 4,
    "length_m_approx": 20.0,
    "pixel": [
     2581.0,
     6276.5
    ],
    "scene": "S1A_IW_GRDH_1SDV_20240715T225841_20240715T225906_054778_06AB8D_6E9C_COG.SAFE",
    "t": "2024-07-15T22:58:41+00:00",
    "sensor": "sentinel1-vv-cfar",
    "uncertainty_m": 10.7
   }
  },
  {
   "type": "Feature",
   "geometry": {
    "type": "Point",
    "coordinates": [
     -76.07740547804016,
     37.03591275384433
    ]
   },
   "properties": {
    "confidence": 0.393,
    "snr": 7.86,
    "peak_dn": 325.0,
    "background_dn": 80.9,
    "sigma_dn": 31.05,
    "pixels": 3,
    "length_m_approx": 17.3,
    "pixel": [
     2556.0,
     6266.0
    ],
    "scene": "S1A_IW_GRDH_1SDV_20240715T225841_20240715T225906_054778_06AB8D_6E9C_COG.SAFE",
    "t": "2024-07-15T22:58:41+00:00",
    "sensor": "sentinel1-vv-cfar",
    "uncertainty_m": 17.7
   }
  },
  {
   "type": "Feature",
   "geometry": {
    "type": "Point",
    "coordinates": [
     -76.15046945146224,
     37.1915517452103
    ]
   },
   "properties": {
    "confidence": 0.389,
    "snr": 7.77,
    "peak_dn": 268.0,
    "background_dn": 95.1,
    "sigma_dn": 22.25,
    "pixels": 2,
    "length_m_approx": 14.1,
    "pixel": [
     2243.0,
     8052.5
    ],
    "scene": "S1A_IW_GRDH_1SDV_20240715T225841_20240715T225906_054778_06AB8D_6E9C_COG.SAFE",
    "t": "2024-07-15T22:58:41+00:00",
    "sensor": "sentinel1-vv-cfar",
    "uncertainty_m": 17.0
   }
  },
  {
   "type": "Feature",
   "geometry": {
    "type": "Point",
    "coordinates": [
     -76.0324823668744,
     37.06668910845006
    ]
   },
   "properties": {
    "confidence": 0.384,
    "snr": 7.69,
    "peak_dn": 252.0,
    "background_dn": 75.5,
    "sigma_dn": 22.96,
    "pixels": 4,
    "length_m_approx": 20.0,
    "pixel": [
     3012.5,
     6523.5
    ],
    "scene": "S1A_IW_GRDH_1SDV_20240715T225841_20240715T225906_054778_06AB8D_6E9C_COG.SAFE",
    "t": "2024-07-15T22:58:41+00:00",
    "sensor": "sentinel1-vv-cfar",
    "uncertainty_m": 10.7
   }
  },
  {
   "type": "Feature",
   "geometry": {
    "type": "Point",
    "coordinates": [
     -75.98486767564675,
     37.1439545430985
    ]
   },
   "properties": {
    "confidence": 0.377,
    "snr": 7.53,
    "peak_dn": 229.0,
    "background_dn": 78.0,
    "sigma_dn": 20.05,
    "pixels": 6,
    "length_m_approx": 24.5,
    "pixel": [
     3588.3,
     7275.2
    ],
    "scene": "S1A_IW_GRDH_1SDV_20240715T225841_20240715T225906_054778_06AB8D_6E9C_COG.SAFE",
    "t": "2024-07-15T22:58:41+00:00",
    "sensor": "sentinel1-vv-cfar",
    "uncertainty_m": 12.8
   }
  },
  {
   "type": "Feature",
   "geometry": {
    "type": "Point",
    "coordinates": [
     -75.99131225213503,
     37.104608839640115
    ]
   },
   "properties": {
    "confidence": 0.374,
    "snr": 7.48,
    "peak_dn": 226.0,
    "background_dn": 79.8,
    "sigma_dn": 19.54,
    "pixels": 3,
    "length_m_approx": 17.3,
    "pixel": [
     3450.7,
     6863.7
    ],
    "scene": "S1A_IW_GRDH_1SDV_20240715T225841_20240715T225906_054778_06AB8D_6E9C_COG.SAFE",
    "t": "2024-07-15T22:58:41+00:00",
    "sensor": "sentinel1-vv-cfar",
    "uncertainty_m": 9.5
   }
  },
  {
   "type": "Feature",
   "geometry": {
    "type": "Point",
    "coordinates": [
     -76.07725770361768,
     37.035208320158
    ]
   },
   "properties": {
    "confidence": 0.369,
    "snr": 7.38,
    "peak_dn": 302.0,
    "background_dn": 79.0,
    "sigma_dn": 30.21,
    "pixels": 5,
    "length_m_approx": 22.4,
    "pixel": [
     2555.8,
     6258.2
    ],
    "scene": "S1A_IW_GRDH_1SDV_20240715T225841_20240715T225906_054778_06AB8D_6E9C_COG.SAFE",
    "t": "2024-07-15T22:58:41+00:00",
    "sensor": "sentinel1-vv-cfar",
    "uncertainty_m": 19.1
   }
  },
  {
   "type": "Feature",
   "geometry": {
    "type": "Point",
    "coordinates": [
     -76.12700758448165,
     37.11769690318877
    ]
   },
   "properties": {
    "confidence": 0.365,
    "snr": 7.3,
    "peak_dn": 226.0,
    "background_dn": 79.6,
    "sigma_dn": 20.04,
    "pixels": 2,
    "length_m_approx": 14.1,
    "pixel": [
     2293.5,
     7223.0
    ],
    "scene": "S1A_IW_GRDH_1SDV_20240715T225841_20240715T225906_054778_06AB8D_6E9C_COG.SAFE",
    "t": "2024-07-15T22:58:41+00:00",
    "sensor": "sentinel1-vv-cfar",
    "uncertainty_m": 17.0
   }
  },
  {
   "type": "Feature",
   "geometry": {
    "type": "Point",
    "coordinates": [
     -76.08049958232117,
     37.05485240134857
    ]
   },
   "properties": {
    "confidence": 0.346,
    "snr": 6.92,
    "peak_dn": 218.0,
    "background_dn": 77.7,
    "sigma_dn": 20.26,
    "pixels": 2,
    "length_m_approx": 14.1,
    "pixel": [
     2568.5,
     6474.0
    ],
    "scene": "S1A_IW_GRDH_1SDV_20240715T225841_20240715T225906_054778_06AB8D_6E9C_COG.SAFE",
    "t": "2024-07-15T22:58:41+00:00",
    "sensor": "sentinel1-vv-cfar",
    "uncertainty_m": 8.1
   }
  },
  {
   "type": "Feature",
   "geometry": {
    "type": "Point",
    "coordinates": [
     -75.9974554471028,
     37.08576244822259
    ]
   },
   "properties": {
    "confidence": 0.344,
    "snr": 6.88,
    "peak_dn": 243.0,
    "background_dn": 64.7,
    "sigma_dn": 25.93,
    "pixels": 2,
    "length_m_approx": 14.1,
    "pixel": [
     3358.0,
     6671.5
    ],
    "scene": "S1A_IW_GRDH_1SDV_20240715T225841_20240715T225906_054778_06AB8D_6E9C_COG.SAFE",
    "t": "2024-07-15T22:58:41+00:00",
    "sensor": "sentinel1-vv-cfar",
    "uncertainty_m": 8.1
   }
  },
  {
   "type": "Feature",
   "geometry": {
    "type": "Point",
    "coordinates": [
     -76.00253601490122,
     37.08425005413697
    ]
   },
   "properties": {
    "confidence": 0.343,
    "snr": 6.87,
    "peak_dn": 221.0,
    "background_dn": 57.6,
    "sigma_dn": 23.8,
    "pixels": 4,
    "length_m_approx": 20.0,
    "pixel": [
     3310.5,
     6663.5
    ],
    "scene": "S1A_IW_GRDH_1SDV_20240715T225841_20240715T225906_054778_06AB8D_6E9C_COG.SAFE",
    "t": "2024-07-15T22:58:41+00:00",
    "sensor": "sentinel1-vv-cfar",
    "uncertainty_m": 10.7
   }
  },
  {
   "type": "Feature",
   "geometry": {
    "type": "Point",
    "coordinates": [
     -76.11875175471764,
     37.100813740250274
    ]
   },
   "properties": {
    "confidence": 0.339,
    "snr": 6.78,
    "peak_dn": 204.0,
    "background_dn": 74.7,
    "sigma_dn": 19.06,
    "pixels": 3,
    "length_m_approx": 17.3,
    "pixel": [
     2330.3,
     7028.7
    ],
    "scene": "S1A_IW_GRDH_1SDV_20240715T225841_20240715T225906_054778_06AB8D_6E9C_COG.SAFE",
    "t": "2024-07-15T22:58:41+00:00",
    "sensor": "sentinel1-vv-cfar",
    "uncertainty_m": 17.7
   }
  },
  {
   "type": "Feature",
   "geometry": {
    "type": "Point",
    "coordinates": [
     -76.11013893951198,
     37.18808677829921
    ]
   },
   "properties": {
    "confidence": 0.338,
    "snr": 6.76,
    "peak_dn": 254.0,
    "background_dn": 96.8,
    "sigma_dn": 23.26,
    "pixels": 2,
    "length_m_approx": 14.1,
    "pixel": [
     2587.5,
     7950.0
    ],
    "scene": "S1A_IW_GRDH_1SDV_20240715T225841_20240715T225906_054778_06AB8D_6E9C_COG.SAFE",
    "t": "2024-07-15T22:58:41+00:00",
    "sensor": "sentinel1-vv-cfar",
    "uncertainty_m": 8.1
   }
  },
  {
   "type": "Feature",
   "geometry": {
    "type": "Point",
    "coordinates": [
     -76.07807547437191,
     37.03472140859879
    ]
   },
   "properties": {
    "confidence": 0.333,
    "snr": 6.67,
    "peak_dn": 307.0,
    "background_dn": 78.1,
    "sigma_dn": 34.34,
    "pixels": 3,
    "length_m_approx": 17.3,
    "pixel": [
     2547.7,
     6254.3
    ],
    "scene": "S1A_IW_GRDH_1SDV_20240715T225841_20240715T225906_054778_06AB8D_6E9C_COG.SAFE",
    "t": "2024-07-15T22:58:41+00:00",
    "sensor": "sentinel1-vv-cfar",
    "uncertainty_m": 17.7
   }
  },
  {
   "type": "Feature",
   "geometry": {
    "type": "Point",
    "coordinates": [
     -76.10339797936273,
     37.05719705296683
    ]
   },
   "properties": {
    "confidence": 0.326,
    "snr": 6.53,
    "peak_dn": 174.0,
    "background_dn": 59.2,
    "sigma_dn": 17.58,
    "pixels": 3,
    "length_m_approx": 17.3,
    "pixel": [
     2373.3,
     6536.3
    ],
    "scene": "S1A_IW_GRDH_1SDV_20240715T225841_20240715T225906_054778_06AB8D_6E9C_COG.SAFE",
    "t": "2024-07-15T22:58:41+00:00",
    "sensor": "sentinel1-vv-cfar",
    "uncertainty_m": 17.7
   }
  },
  {
   "type": "Feature",
   "geometry": {
    "type": "Point",
    "coordinates": [
     -75.98093890844348,
     37.135436587155986
    ]
   },
   "properties": {
    "confidence": 0.307,
    "snr": 6.14,
    "peak_dn": 207.0,
    "background_dn": 84.3,
    "sigma_dn": 19.98,
    "pixels": 2,
    "length_m_approx": 14.1,
    "pixel": [
     3605.0,
     7177.5
    ],
    "scene": "S1A_IW_GRDH_1SDV_20240715T225841_20240715T225906_054778_06AB8D_6E9C_COG.SAFE",
    "t": "2024-07-15T22:58:41+00:00",
    "sensor": "sentinel1-vv-cfar",
    "uncertainty_m": 8.1
   }
  },
  {
   "type": "Feature",
   "geometry": {
    "type": "Point",
    "coordinates": [
     -75.70899181382137,
     37.212757791820266
    ]
   },
   "properties": {
    "confidence": 0.95,
    "snr": 53.26,
    "peak_dn": 742.0,
    "background_dn": 45.5,
    "sigma_dn": 13.08,
    "pixels": 22,
    "length_m_approx": 46.9,
    "pixel": [
     6137.7,
     7573.7
    ],
    "scene": "S1A_IW_GRDH_1SDV_20240715T225841_20240715T225906_054778_06AB8D_6E9C_COG.SAFE",
    "t": "2024-07-15T22:58:41+00:00",
    "sensor": "sentinel1-vv-cfar",
    "uncertainty_m": 23.8
   }
  },
  {
   "type": "Feature",
   "geometry": {
    "type": "Point",
    "coordinates": [
     -75.80452805097494,
     37.201199178248
    ]
   },
   "properties": {
    "confidence": 0.323,
    "snr": 6.46,
    "peak_dn": 196.0,
    "background_dn": 70.2,
    "sigma_dn": 19.48,
    "pixels": 2,
    "length_m_approx": 14.1,
    "pixel": [
     5280.5,
     7601.0
    ],
    "scene": "S1A_IW_GRDH_1SDV_20240715T225841_20240715T225906_054778_06AB8D_6E9C_COG.SAFE",
    "t": "2024-07-15T22:58:41+00:00",
    "sensor": "sentinel1-vv-cfar",
    "uncertainty_m": 8.1
   }
  },
  {
   "type": "Feature",
   "geometry": {
    "type": "Point",
    "coordinates": [
     -75.5207077712397,
     37.27505152542338
    ]
   },
   "properties": {
    "confidence": 0.697,
    "snr": 13.95,
    "peak_dn": 232.0,
    "background_dn": 52.7,
    "sigma_dn": 12.85,
    "pixels": 11,
    "length_m_approx": 33.2,
    "pixel": [
     7906.4,
     7946.8
    ],
    "scene": "S1A_IW_GRDH_1SDV_20240715T225841_20240715T225906_054778_06AB8D_6E9C_COG.SAFE",
    "t": "2024-07-15T22:58:41+00:00",
    "sensor": "sentinel1-vv-cfar",
    "uncertainty_m": 16.9
   }
  },
  {
   "type": "Feature",
   "geometry": {
    "type": "Point",
    "coordinates": [
     -75.70847338724491,
     37.213715850222364
    ]
   },
   "properties": {
    "confidence": 0.653,
    "snr": 13.05,
    "peak_dn": 207.0,
    "background_dn": 45.1,
    "sigma_dn": 12.4,
    "pixels": 8,
    "length_m_approx": 28.3,
    "pixel": [
     6144.2,
     7583.2
    ],
    "scene": "S1A_IW_GRDH_1SDV_20240715T225841_20240715T225906_054778_06AB8D_6E9C_COG.SAFE",
    "t": "2024-07-15T22:58:41+00:00",
    "sensor": "sentinel1-vv-cfar",
    "uncertainty_m": 14.7
   }
  },
  {
   "type": "Feature",
   "geometry": {
    "type": "Point",
    "coordinates": [
     -75.55814707435235,
     37.211760795746194
    ]
   },
   "properties": {
    "confidence": 0.38,
    "snr": 7.59,
    "peak_dn": 147.0,
    "background_dn": 51.2,
    "sigma_dn": 12.61,
    "pixels": 2,
    "length_m_approx": 14.1,
    "pixel": [
     7452.0,
     7325.5
    ],
    "scene": "S1A_IW_GRDH_1SDV_20240715T225841_20240715T225906_054778_06AB8D_6E9C_COG.SAFE",
    "t": "2024-07-15T22:58:41+00:00",
    "sensor": "sentinel1-vv-cfar",
    "uncertainty_m": 7.7
   }
  },
  {
   "type": "Feature",
   "geometry": {
    "type": "Point",
    "coordinates": [
     -75.70787774757811,
     37.214689106280844
    ]
   },
   "properties": {
    "confidence": 0.363,
    "snr": 7.25,
    "peak_dn": 134.0,
    "background_dn": 44.8,
    "sigma_dn": 12.3,
    "pixels": 3,
    "length_m_approx": 17.3,
    "pixel": [
     6151.3,
     7592.7
    ],
    "scene": "S1A_IW_GRDH_1SDV_20240715T225841_20240715T225906_054778_06AB8D_6E9C_COG.SAFE",
    "t": "2024-07-15T22:58:41+00:00",
    "sensor": "sentinel1-vv-cfar",
    "uncertainty_m": 9.5
   }
  },
  {
   "type": "Feature",
   "geometry": {
    "type": "Point",
    "coordinates": [
     -75.70808584406093,
     37.21350047209306
    ]
   },
   "properties": {
    "confidence": 0.349,
    "snr": 6.99,
    "peak_dn": 132.0,
    "background_dn": 44.9,
    "sigma_dn": 12.46,
    "pixels": 8,
    "length_m_approx": 28.3,
    "pixel": [
     6147.1,
     7580.2
    ],
    "scene": "S1A_IW_GRDH_1SDV_20240715T225841_20240715T225906_054778_06AB8D_6E9C_COG.SAFE",
    "t": "2024-07-15T22:58:41+00:00",
    "sensor": "sentinel1-vv-cfar",
    "uncertainty_m": 14.7
   }
  },
  {
   "type": "Feature",
   "geometry": {
    "type": "Point",
    "coordinates": [
     -75.24239165284565,
     37.1730635211069
    ]
   },
   "properties": {
    "confidence": 0.95,
    "snr": 25.66,
    "peak_dn": 482.0,
    "background_dn": 67.4,
    "sigma_dn": 16.15,
    "pixels": 29,
    "length_m_approx": 53.9,
    "pixel": [
     10131.7,
     6418.3
    ],
    "scene": "S1A_IW_GRDH_1SDV_20240715T225841_20240715T225906_054778_06AB8D_6E9C_COG.SAFE",
    "t": "2024-07-15T22:58:41+00:00",
    "sensor": "sentinel1-vv-cfar",
    "uncertainty_m": 27.1
   }
  },
  {
   "type": "Feature",
   "geometry": {
    "type": "Point",
    "coordinates": [
     -74.63004719920377,
     37.23673349545645
    ]
   },
   "properties": {
    "confidence": 0.325,
    "snr": 6.51,
    "peak_dn": 169.0,
    "background_dn": 66.6,
    "sigma_dn": 15.74,
    "pixels": 2,
    "length_m_approx": 14.1,
    "pixel": [
     15607.0,
     6175.5
    ],
    "scene": "S1A_IW_GRDH_1SDV_20240715T225841_20240715T225906_054778_06AB8D_6E9C_COG.SAFE",
    "t": "2024-07-15T22:58:41+00:00",
    "sensor": "sentinel1-vv-cfar",
    "uncertainty_m": 7.7
   }
  },
  {
   "type": "Feature",
   "geometry": {
    "type": "Point",
    "coordinates": [
     -74.32962531079225,
     37.345232489812645
    ]
   },
   "properties": {
    "confidence": 0.553,
    "snr": 11.07,
    "peak_dn": 223.0,
    "background_dn": 61.8,
    "sigma_dn": 14.57,
    "pixels": 32,
    "length_m_approx": 56.6,
    "pixel": [
     18437.8,
     6903.3
    ],
    "scene": "S1A_IW_GRDH_1SDV_20240715T225841_20240715T225906_054778_06AB8D_6E9C_COG.SAFE",
    "t": "2024-07-15T22:58:41+00:00",
    "sensor": "sentinel1-vv-cfar",
    "uncertainty_m": 28.5
   }
  },
  {
   "type": "Feature",
   "geometry": {
    "type": "Point",
    "coordinates": [
     -73.93305725186434,
     37.46232014138408
    ]
   },
   "properties": {
    "confidence": 0.331,
    "snr": 6.62,
    "peak_dn": 136.0,
    "background_dn": 52.7,
    "sigma_dn": 12.58,
    "pixels": 2,
    "length_m_approx": 14.1,
    "pixel": [
     22117.0,
     7597.5
    ],
    "scene": "S1A_IW_GRDH_1SDV_20240715T225841_20240715T225906_054778_06AB8D_6E9C_COG.SAFE",
    "t": "2024-07-15T22:58:41+00:00",
    "sensor": "sentinel1-vv-cfar",
    "uncertainty_m": 7.7
   }
  },
  {
   "type": "Feature",
   "geometry": {
    "type": "Point",
    "coordinates": [
     -73.84183534925135,
     37.504269240123286
    ]
   },
   "properties": {
    "confidence": 0.309,
    "snr": 6.19,
    "peak_dn": 121.0,
    "background_dn": 49.9,
    "sigma_dn": 11.5,
    "pixels": 2,
    "length_m_approx": 14.1,
    "pixel": [
     22989.5,
     7922.0
    ],
    "scene": "S1A_IW_GRDH_1SDV_20240715T225841_20240715T225906_054778_06AB8D_6E9C_COG.SAFE",
    "t": "2024-07-15T22:58:41+00:00",
    "sensor": "sentinel1-vv-cfar",
    "uncertainty_m": 7.7
   }
  },
  {
   "type": "Feature",
   "geometry": {
    "type": "Point",
    "coordinates": [
     -76.35103825294252,
     37.23404499498284
    ]
   },
   "properties": {
    "confidence": 0.95,
    "snr": 20.88,
    "peak_dn": 621.0,
    "background_dn": 105.3,
    "sigma_dn": 24.7,
    "pixels": 9,
    "length_m_approx": 30.0,
    "pixel": [
     584.0,
     8834.0
    ],
    "scene": "S1A_IW_GRDH_1SDV_20240715T225841_20240715T225906_054778_06AB8D_6E9C_COG.SAFE",
    "t": "2024-07-15T22:58:41+00:00",
    "sensor": "sentinel1-vv-cfar",
    "uncertainty_m": 21.5
   }
  },
  {
   "type": "Feature",
   "geometry": {
    "type": "Point",
    "coordinates": [
     -76.2610696202142,
     37.191839981657765
    ]
   },
   "properties": {
    "confidence": 0.667,
    "snr": 13.34,
    "peak_dn": 431.0,
    "background_dn": 102.5,
    "sigma_dn": 24.62,
    "pixels": 7,
    "length_m_approx": 26.5,
    "pixel": [
     1279.3,
     8235.0
    ],
    "scene": "S1A_IW_GRDH_1SDV_20240715T225841_20240715T225906_054778_06AB8D_6E9C_COG.SAFE",
    "t": "2024-07-15T22:58:41+00:00",
    "sensor": "sentinel1-vv-cfar",
    "uncertainty_m": 20.3
   }
  },
  {
   "type": "Feature",
   "geometry": {
    "type": "Point",
    "coordinates": [
     -76.23489921323593,
     37.32901077162245
    ]
   },
   "properties": {
    "confidence": 0.584,
    "snr": 11.69,
    "peak_dn": 363.0,
    "background_dn": 90.4,
    "sigma_dn": 23.33,
    "pixels": 13,
    "length_m_approx": 36.1,
    "pixel": [
     1795.1,
     9662.3
    ],
    "scene": "S1A_IW_GRDH_1SDV_20240715T225841_20240715T225906_054778_06AB8D_6E9C_COG.SAFE",
    "t": "2024-07-15T22:58:41+00:00",
    "sensor": "sentinel1-vv-cfar",
    "uncertainty_m": 23.7
   }
  },
  {
   "type": "Feature",
   "geometry": {
    "type": "Point",
    "coordinates": [
     -76.25891646152525,
     37.19349998854358
    ]
   },
   "properties": {
    "confidence": 0.555,
    "snr": 11.11,
    "peak_dn": 374.0,
    "background_dn": 102.3,
    "sigma_dn": 24.46,
    "pixels": 5,
    "length_m_approx": 22.4,
    "pixel": [
     1301.6,
     8249.3
    ],
    "scene": "S1A_IW_GRDH_1SDV_20240715T225841_20240715T225906_054778_06AB8D_6E9C_COG.SAFE",
    "t": "2024-07-15T22:58:41+00:00",
    "sensor": "sentinel1-vv-cfar",
    "uncertainty_m": 19.1
   }
  },
  {
   "type": "Feature",
   "geometry": {
    "type": "Point",
    "coordinates": [
     -76.34172940835583,
     37.25126609071856
    ]
   },
   "properties": {
    "confidence": 0.539,
    "snr": 10.79,
    "peak_dn": 378.0,
    "background_dn": 108.0,
    "sigma_dn": 25.03,
    "pixels": 7,
    "length_m_approx": 26.5,
    "pixel": [
     701.5,
     9003.2
    ],
    "scene": "S1A_IW_GRDH_1SDV_20240715T225841_20240715T225906_054778_06AB8D_6E9C_COG.SAFE",
    "t": "2024-07-15T22:58:41+00:00",
    "sensor": "sentinel1-vv-cfar",
    "uncertainty_m": 20.3
   }
  },
  {
   "type": "Feature",
   "geometry": {
    "type": "Point",
    "coordinates": [
     -76.30953438692421,
     37.22383411544895
    ]
   },
   "properties": {
    "confidence": 0.534,
    "snr": 10.69,
    "peak_dn": 368.0,
    "background_dn": 104.6,
    "sigma_dn": 24.64,
    "pixels": 6,
    "length_m_approx": 24.5,
    "pixel": [
     924.2,
     8656.8
    ],
    "scene": "S1A_IW_GRDH_1SDV_20240715T225841_20240715T225906_054778_06AB8D_6E9C_COG.SAFE",
    "t": "2024-07-15T22:58:41+00:00",
    "sensor": "sentinel1-vv-cfar",
    "uncertainty_m": 19.7
   }
  },
  {
   "type": "Feature",
   "geometry": {
    "type": "Point",
    "coordinates": [
     -76.20382290873206,
     37.22818183892033
    ]
   },
   "properties": {
    "confidence": 0.47,
    "snr": 9.4,
    "peak_dn": 333.0,
    "background_dn": 103.0,
    "sigma_dn": 24.46,
    "pixels": 11,
    "length_m_approx": 33.2,
    "pixel": [
     1854.6,
     8531.6
    ],
    "scene": "S1A_IW_GRDH_1SDV_20240715T225841_20240715T225906_054778_06AB8D_6E9C_COG.SAFE",
    "t": "2024-07-15T22:58:41+00:00",
    "sensor": "sentinel1-vv-cfar",
    "uncertainty_m": 22.7
   }
  },
  {
   "type": "Feature",
   "geometry": {
    "type": "Point",
    "coordinates": [
     -76.3075304444742,
     37.225721730664134
    ]
   },
   "properties": {
    "confidence": 0.455,
    "snr": 9.11,
    "peak_dn": 329.0,
    "background_dn": 105.0,
    "sigma_dn": 24.59,
    "pixels": 5,
    "length_m_approx": 22.4,
    "pixel": [
     945.6,
     8673.8
    ],
    "scene": "S1A_IW_GRDH_1SDV_20240715T225841_20240715T225906_054778_06AB8D_6E9C_COG.SAFE",
    "t": "2024-07-15T22:58:41+00:00",
    "sensor": "sentinel1-vv-cfar",
    "uncertainty_m": 19.1
   }
  },
  {
   "type": "Feature",
   "geometry": {
    "type": "Point",
    "coordinates": [
     -76.32421569650627,
     37.22515500674416
    ]
   },
   "properties": {
    "confidence": 0.394,
    "snr": 7.88,
    "peak_dn": 295.0,
    "background_dn": 104.6,
    "sigma_dn": 24.16,
    "pixels": 3,
    "length_m_approx": 17.3,
    "pixel": [
     799.0,
     8695.0
    ],
    "scene": "S1A_IW_GRDH_1SDV_20240715T225841_20240715T225906_054778_06AB8D_6E9C_COG.SAFE",
    "t": "2024-07-15T22:58:41+00:00",
    "sensor": "sentinel1-vv-cfar",
    "uncertainty_m": 17.7
   }
  },
  {
   "type": "Feature",
   "geometry": {
    "type": "Point",
    "coordinates": [
     -76.13977744336255,
     37.26985983803864
    ]
   },
   "properties": {
    "confidence": 0.95,
    "snr": 252.94,
    "peak_dn": 5908.0,
    "background_dn": 93.8,
    "sigma_dn": 22.99,
    "pixels": 196,
    "length_m_approx": 140.0,
    "pixel": [
     2499.8,
     8874.4
    ],
    "scene": "S1A_IW_GRDH_1SDV_20240715T225841_20240715T225906_054778_06AB8D_6E9C_COG.SAFE",
    "t": "2024-07-15T22:58:41+00:00",
    "sensor": "sentinel1-vv-cfar",
    "uncertainty_m": 71.7
   }
  },
  {
   "type": "Feature",
   "geometry": {
    "type": "Point",
    "coordinates": [
     -76.09735624319222,
     37.220039331430186
    ]
   },
   "properties": {
    "confidence": 0.95,
    "snr": 128.62,
    "peak_dn": 3349.0,
    "background_dn": 97.4,
    "sigma_dn": 25.28,
    "pixels": 176,
    "length_m_approx": 132.7,
    "pixel": [
     2765.4,
     8272.0
    ],
    "scene": "S1A_IW_GRDH_1SDV_20240715T225841_20240715T225906_054778_06AB8D_6E9C_COG.SAFE",
    "t": "2024-07-15T22:58:41+00:00",
    "sensor": "sentinel1-vv-cfar",
    "uncertainty_m": 66.4
   }
  },
  {
   "type": "Feature",
   "geometry": {
    "type": "Point",
    "coordinates": [
     -76.12993160619152,
     37.21066550538093
    ]
   },
   "properties": {
    "confidence": 0.95,
    "snr": 93.39,
    "peak_dn": 2696.0,
    "background_dn": 96.1,
    "sigma_dn": 27.84,
    "pixels": 177,
    "length_m_approx": 133.0,
    "pixel": [
     2462.0,
     8224.0
    ],
    "scene": "S1A_IW_GRDH_1SDV_20240715T225841_20240715T225906_054778_06AB8D_6E9C_COG.SAFE",
    "t": "2024-07-15T22:58:41+00:00",
    "sensor": "sentinel1-vv-cfar",
    "uncertainty_m": 68.3
   }
  },
  {
   "type": "Feature",
   "geometry": {
    "type": "Point",
    "coordinates": [
     -76.05492431808011,
     37.22543358506167
    ]
   },
   "properties": {
    "confidence": 0.95,
    "snr": 37.58,
    "peak_dn": 904.0,
    "background_dn": 88.4,
    "sigma_dn": 21.7,
    "pixels": 15,
    "length_m_approx": 38.7,
    "pixel": [
     3146.3,
     8261.6
    ],
    "scene": "S1A_IW_GRDH_1SDV_20240715T225841_20240715T225906_054778_06AB8D_6E9C_COG.SAFE",
    "t": "2024-07-15T22:58:41+00:00",
    "sensor": "sentinel1-vv-cfar",
    "uncertainty_m": 19.7
   }
  },
  {
   "type": "Feature",
   "geometry": {
    "type": "Point",
    "coordinates": [
     -76.11138080473442,
     37.29198685813786
    ]
   },
   "properties": {
    "confidence": 0.818,
    "snr": 16.37,
    "peak_dn": 465.0,
    "background_dn": 93.3,
    "sigma_dn": 22.71,
    "pixels": 8,
    "length_m_approx": 28.3,
    "pixel": [
     2793.2,
     9065.9
    ],
    "scene": "S1A_IW_GRDH_1SDV_20240715T225841_20240715T225906_054778_06AB8D_6E9C_COG.SAFE",
    "t": "2024-07-15T22:58:41+00:00",
    "sensor": "sentinel1-vv-cfar",
    "uncertainty_m": 14.7
   }
  },
  {
   "type": "Feature",
   "geometry": {
    "type": "Point",
    "coordinates": [
     -76.14449951316726,
     37.20788052364363
    ]
   },
   "properties": {
    "confidence": 0.721,
    "snr": 14.42,
    "peak_dn": 435.0,
    "background_dn": 96.5,
    "sigma_dn": 23.47,
    "pixels": 8,
    "length_m_approx": 28.3,
    "pixel": [
     2329.2,
     8217.8
    ],
    "scene": "S1A_IW_GRDH_1SDV_20240715T225841_20240715T225906_054778_06AB8D_6E9C_COG.SAFE",
    "t": "2024-07-15T22:58:41+00:00",
    "sensor": "sentinel1-vv-cfar",
    "uncertainty_m": 20.9
   }
  },
  {
   "type": "Feature",
   "geometry": {
    "type": "Point",
    "coordinates": [
     -76.14750197958513,
     37.20834605195086
    ]
   },
   "properties": {
    "confidence": 0.71,
    "snr": 14.2,
    "peak_dn": 433.0,
    "background_dn": 97.1,
    "sigma_dn": 23.66,
    "pixels": 7,
    "length_m_approx": 26.5,
    "pixel": [
     2304.0,
     8227.7
    ],
    "scene": "S1A_IW_GRDH_1SDV_20240715T225841_20240715T225906_054778_06AB8D_6E9C_COG.SAFE",
    "t": "2024-07-15T22:58:41+00:00",
    "sensor": "sentinel1-vv-cfar",
    "uncertainty_m": 20.3
   }
  },
  {
   "type": "Feature",
   "geometry": {
    "type": "Point",
    "coordinates": [
     -76.12546809854902,
     37.26469999537429
    ]
   },
   "properties": {
    "confidence": 0.693,
    "snr": 13.85,
    "peak_dn": 395.0,
    "background_dn": 92.8,
    "sigma_dn": 21.81,
    "pixels": 7,
    "length_m_approx": 26.5,
    "pixel": [
     2613.7,
     8796.0
    ],
    "scene": "S1A_IW_GRDH_1SDV_20240715T225841_20240715T225906_054778_06AB8D_6E9C_COG.SAFE",
    "t": "2024-07-15T22:58:41+00:00",
    "sensor": "sentinel1-vv-cfar",
    "uncertainty_m": 13.8
   }
  },
  {
   "type": "Feature",
   "geometry": {
    "type": "Point",
    "coordinates": [
     -76.13650891570691,
     37.23669864010923
    ]
   },
   "properties": {
    "confidence": 0.645,
    "snr": 12.9,
    "peak_dn": 386.0,
    "background_dn": 95.0,
    "sigma_dn": 22.55,
    "pixels": 7,
    "length_m_approx": 26.5,
    "pixel": [
     2459.1,
     8513.7
    ],
    "scene": "S1A_IW_GRDH_1SDV_20240715T225841_20240715T225906_054778_06AB8D_6E9C_COG.SAFE",
    "t": "2024-07-15T22:58:41+00:00",
    "sensor": "sentinel1-vv-cfar",
    "uncertainty_m": 20.3
   }
  },
  {
   "type": "Feature",
   "geometry": {
    "type": "Point",
    "coordinates": [
     -76.19082385283917,
     37.29795583342635
    ]
   },
   "properties": {
    "confidence": 0.591,
    "snr": 11.82,
    "peak_dn": 359.0,
    "background_dn": 96.3,
    "sigma_dn": 22.22,
    "pixels": 6,
    "length_m_approx": 24.5,
    "pixel": [
     2113.8,
     9258.2
    ],
    "scene": "S1A_IW_GRDH_1SDV_20240715T225841_20240715T225906_054778_06AB8D_6E9C_COG.SAFE",
    "t": "2024-07-15T22:58:41+00:00",
    "sensor": "sentinel1-vv-cfar",
    "uncertainty_m": 19.7
   }
  },
  {
   "type": "Feature",
   "geometry": {
    "type": "Point",
    "coordinates": [
     -76.02863829856065,
     37.24348410268722
    ]
   },
   "properties": {
    "confidence": 0.49,
    "snr": 9.8,
    "peak_dn": 290.0,
    "background_dn": 87.9,
    "sigma_dn": 20.62,
    "pixels": 6,
    "length_m_approx": 24.5,
    "pixel": [
     3412.8,
     8412.8
    ],
    "scene": "S1A_IW_GRDH_1SDV_20240715T225841_20240715T225906_054778_06AB8D_6E9C_COG.SAFE",
    "t": "2024-07-15T22:58:41+00:00",
    "sensor": "sentinel1-vv-cfar",
    "uncertainty_m": 12.8
   }
  },
  {
   "type": "Feature",
   "geometry": {
    "type": "Point",
    "coordinates": [
     -76.13910804321898,
     37.269553558898785
    ]
   },
   "properties": {
    "confidence": 0.487,
    "snr": 9.75,
    "peak_dn": 313.0,
    "background_dn": 93.6,
    "sigma_dn": 22.52,
    "pixels": 3,
    "length_m_approx": 17.3,
    "pixel": [
     2505.0,
     8870.0
    ],
    "scene": "S1A_IW_GRDH_1SDV_20240715T225841_20240715T225906_054778_06AB8D_6E9C_COG.SAFE",
    "t": "2024-07-15T22:58:41+00:00",
    "sensor": "sentinel1-vv-cfar",
    "uncertainty_m": 17.7
   }
  },
  {
   "type": "Feature",
   "geometry": {
    "type": "Point",
    "coordinates": [
     -76.1224252190151,
     37.26390315817227
    ]
   },
   "properties": {
    "confidence": 0.448,
    "snr": 8.95,
    "peak_dn": 299.0,
    "background_dn": 93.5,
    "sigma_dn": 22.96,
    "pixels": 4,
    "length_m_approx": 20.0,
    "pixel": [
     2638.5,
     8782.5
    ],
    "scene": "S1A_IW_GRDH_1SDV_20240715T225841_20240715T225906_054778_06AB8D_6E9C_COG.SAFE",
    "t": "2024-07-15T22:58:41+00:00",
    "sensor": "sentinel1-vv-cfar",
    "uncertainty_m": 10.7
   }
  },
  {
   "type": "Feature",
   "geometry": {
    "type": "Point",
    "coordinates": [
     -76.13889570629279,
     37.269625391468665
    ]
   },
   "properties": {
    "confidence": 0.43,
    "snr": 8.59,
    "peak_dn": 288.0,
    "background_dn": 93.6,
    "sigma_dn": 22.63,
    "pixels": 2,
    "length_m_approx": 14.1,
    "pixel": [
     2507.0,
     8870.4
    ],
    "scene": "S1A_IW_GRDH_1SDV_20240715T225841_20240715T225906_054778_06AB8D_6E9C_COG.SAFE",
    "t": "2024-07-15T22:58:41+00:00",
    "sensor": "sentinel1-vv-cfar",
    "uncertainty_m": 17.0
   }
  },
  {
   "type": "Feature",
   "geometry": {
    "type": "Point",
    "coordinates": [
     -76.139025496873,
     37.27016730921132
    ]
   },
   "properties": {
    "confidence": 0.388,
    "snr": 7.76,
    "peak_dn": 270.0,
    "background_dn": 93.5,
    "sigma_dn": 22.74,
    "pixels": 2,
    "length_m_approx": 14.1,
    "pixel": [
     2507.0,
     8876.5
    ],
    "scene": "S1A_IW_GRDH_1SDV_20240715T225841_20240715T225906_054778_06AB8D_6E9C_COG.SAFE",
    "t": "2024-07-15T22:58:41+00:00",
    "sensor": "sentinel1-vv-cfar",
    "uncertainty_m": 17.0
   }
  },
  {
   "type": "Feature",
   "geometry": {
    "type": "Point",
    "coordinates": [
     -76.03020252012008,
     37.22606068343359
    ]
   },
   "properties": {
    "confidence": 0.364,
    "snr": 7.29,
    "peak_dn": 238.0,
    "background_dn": 83.7,
    "sigma_dn": 21.19,
    "pixels": 2,
    "length_m_approx": 14.1,
    "pixel": [
     3363.0,
     8228.5
    ],
    "scene": "S1A_IW_GRDH_1SDV_20240715T225841_20240715T225906_054778_06AB8D_6E9C_COG.SAFE",
    "t": "2024-07-15T22:58:41+00:00",
    "sensor": "sentinel1-vv-cfar",
    "uncertainty_m": 8.1
   }
  },
  {
   "type": "Feature",
   "geometry": {
    "type": "Point",
    "coordinates": [
     -76.0554895997591,
     37.22700665556364
    ]
   },
   "properties": {
    "confidence": 0.344,
    "snr": 6.88,
    "peak_dn": 240.0,
    "background_dn": 88.7,
    "sigma_dn": 21.98,
    "pixels": 3,
    "length_m_approx": 17.3,
    "pixel": [
     3144.7,
     8279.3
    ],
    "scene": "S1A_IW_GRDH_1SDV_20240715T225841_20240715T225906_054778_06AB8D_6E9C_COG.SAFE",
    "t": "2024-07-15T22:58:41+00:00",
    "sensor": "sentinel1-vv-cfar",
    "uncertainty_m": 9.5
   }
  },
  {
   "type": "Feature",
   "geometry": {
    "type": "Point",
    "coordinates": [
     -75.76916026666488,
     37.2906843683873
    ]
   },
   "properties": {
    "confidence": 0.511,
    "snr": 10.22,
    "peak_dn": 277.0,
    "background_dn": 64.8,
    "sigma_dn": 20.76,
    "pixels": 9,
    "length_m_approx": 30.0,
    "pixel": [
     5772.0,
     8505.5
    ],
    "scene": "S1A_IW_GRDH_1SDV_20240715T225841_20240715T225906_054778_06AB8D_6E9C_COG.SAFE",
    "t": "2024-07-15T22:58:41+00:00",
    "sensor": "sentinel1-vv-cfar",
    "uncertainty_m": 15.5
   }
  },
  {
   "type": "Feature",
   "geometry": {
    "type": "Point",
    "coordinates": [
     -75.85270251854278,
     37.377253799014134
    ]
   },
   "properties": {
    "confidence": 0.5,
    "snr": 10.0,
    "peak_dn": 285.0,
    "background_dn": 84.2,
    "sigma_dn": 20.07,
    "pixels": 6,
    "length_m_approx": 24.5,
    "pixel": [
     5221.2,
     9566.8
    ],
    "scene": "S1A_IW_GRDH_1SDV_20240715T225841_20240715T225906_054778_06AB8D_6E9C_COG.SAFE",
    "t": "2024-07-15T22:58:41+00:00",
    "sensor": "sentinel1-vv-cfar",
    "uncertainty_m": 12.8
   }
  },
  {
   "type": "Feature",
   "geometry": {
    "type": "Point",
    "coordinates": [
     -75.76718730905192,
     37.43047105149976
    ]
   },
   "properties": {
    "confidence": 0.469,
    "snr": 9.37,
    "peak_dn": 256.0,
    "background_dn": 79.0,
    "sigma_dn": 18.88,
    "pixels": 6,
    "length_m_approx": 24.5,
    "pixel": [
     6074.5,
     10002.9
    ],
    "scene": "S1A_IW_GRDH_1SDV_20240715T225841_20240715T225906_054778_06AB8D_6E9C_COG.SAFE",
    "t": "2024-07-15T22:58:41+00:00",
    "sensor": "sentinel1-vv-cfar",
    "uncertainty_m": 12.8
   }
  },
  {
   "type": "Feature",
   "geometry": {
    "type": "Point",
    "coordinates": [
     -75.85274461266005,
     37.37637835166272
    ]
   },
   "properties": {
    "confidence": 0.415,
    "snr": 8.29,
    "peak_dn": 251.0,
    "background_dn": 84.0,
    "sigma_dn": 20.14,
    "pixels": 2,
    "length_m_approx": 14.1,
    "pixel": [
     5219.0,
     9557.5
    ],
    "scene": "S1A_IW_GRDH_1SDV_20240715T225841_20240715T225906_054778_06AB8D_6E9C_COG.SAFE",
    "t": "2024-07-15T22:58:41+00:00",
    "sensor": "sentinel1-vv-cfar",
    "uncertainty_m": 8.1
   }
  },
  {
   "type": "Feature",
   "geometry": {
    "type": "Point",
    "coordinates": [
     -75.77136512832861,
     37.283936049657896
    ]
   },
   "properties": {
    "confidence": 0.391,
    "snr": 7.83,
    "peak_dn": 214.0,
    "background_dn": 68.9,
    "sigma_dn": 18.54,
    "pixels": 2,
    "length_m_approx": 14.1,
    "pixel": [
     5739.0,
     8436.5
    ],
    "scene": "S1A_IW_GRDH_1SDV_20240715T225841_20240715T225906_054778_06AB8D_6E9C_COG.SAFE",
    "t": "2024-07-15T22:58:41+00:00",
    "sensor": "sentinel1-vv-cfar",
    "uncertainty_m": 8.1
   }
  },
  {
   "type": "Feature",
   "geometry": {
    "type": "Point",
    "coordinates": [
     -75.76823147302089,
     37.43286891634708
    ]
   },
   "properties": {
    "confidence": 0.37,
    "snr": 7.4,
    "peak_dn": 225.0,
    "background_dn": 80.3,
    "sigma_dn": 19.56,
    "pixels": 3,
    "length_m_approx": 17.3,
    "pixel": [
     6070.3,
     10030.3
    ],
    "scene": "S1A_IW_GRDH_1SDV_20240715T225841_20240715T225906_054778_06AB8D_6E9C_COG.SAFE",
    "t": "2024-07-15T22:58:41+00:00",
    "sensor": "sentinel1-vv-cfar",
    "uncertainty_m": 9.5
   }
  },
  {
   "type": "Feature",
   "geometry": {
    "type": "Point",
    "coordinates": [
     -75.77075893497623,
     37.43746303636699
    ]
   },
   "properties": {
    "confidence": 0.367,
    "snr": 7.33,
    "peak_dn": 223.0,
    "background_dn": 81.5,
    "sigma_dn": 19.31,
    "pixels": 3,
    "length_m_approx": 17.3,
    "pixel": [
     6057.7,
     10083.7
    ],
    "scene": "S1A_IW_GRDH_1SDV_20240715T225841_20240715T225906_054778_06AB8D_6E9C_COG.SAFE",
    "t": "2024-07-15T22:58:41+00:00",
    "sensor": "sentinel1-vv-cfar",
    "uncertainty_m": 9.5
   }
  },
  {
   "type": "Feature",
   "geometry": {
    "type": "Point",
    "coordinates": [
     -75.76901645556146,
     37.289822433032874
    ]
   },
   "properties": {
    "confidence": 0.319,
    "snr": 6.37,
    "peak_dn": 202.0,
    "background_dn": 66.6,
    "sigma_dn": 21.26,
    "pixels": 2,
    "length_m_approx": 14.1,
    "pixel": [
     5771.5,
     8496.0
    ],
    "scene": "S1A_IW_GRDH_1SDV_20240715T225841_20240715T225906_054778_06AB8D_6E9C_COG.SAFE",
    "t": "2024-07-15T22:58:41+00:00",
    "sensor": "sentinel1-vv-cfar",
    "uncertainty_m": 8.1
   }
  },
  {
   "type": "Feature",
   "geometry": {
    "type": "Point",
    "coordinates": [
     -75.76913827258906,
     37.28887286401351
    ]
   },
   "properties": {
    "confidence": 0.312,
    "snr": 6.24,
    "peak_dn": 202.0,
    "background_dn": 68.0,
    "sigma_dn": 21.48,
    "pixels": 2,
    "length_m_approx": 14.1,
    "pixel": [
     5768.5,
     8486.0
    ],
    "scene": "S1A_IW_GRDH_1SDV_20240715T225841_20240715T225906_054778_06AB8D_6E9C_COG.SAFE",
    "t": "2024-07-15T22:58:41+00:00",
    "sensor": "sentinel1-vv-cfar",
    "uncertainty_m": 8.1
   }
  },
  {
   "type": "Feature",
   "geometry": {
    "type": "Point",
    "coordinates": [
     -75.59032354157593,
     37.32841827746962
    ]
   },
   "properties": {
    "confidence": 0.77,
    "snr": 15.39,
    "peak_dn": 210.0,
    "background_dn": 41.7,
    "sigma_dn": 10.93,
    "pixels": 15,
    "length_m_approx": 38.7,
    "pixel": [
     7407.4,
     8629.1
    ],
    "scene": "S1A_IW_GRDH_1SDV_20240715T225841_20240715T225906_054778_06AB8D_6E9C_COG.SAFE",
    "t": "2024-07-15T22:58:41+00:00",
    "sensor": "sentinel1-vv-cfar",
    "uncertainty_m": 19.7
   }
  },
  {
   "type": "Feature",
   "geometry": {
    "type": "Point",
    "coordinates": [
     -75.5895577474915,
     37.32867404973629
    ]
   },
   "properties": {
    "confidence": 0.742,
    "snr": 14.83,
    "peak_dn": 206.0,
    "background_dn": 41.8,
    "sigma_dn": 11.07,
    "pixels": 16,
    "length_m_approx": 40.0,
    "pixel": [
     7414.6,
     8630.6
    ],
    "scene": "S1A_IW_GRDH_1SDV_20240715T225841_20240715T225906_054778_06AB8D_6E9C_COG.SAFE",
    "t": "2024-07-15T22:58:41+00:00",
    "sensor": "sentinel1-vv-cfar",
    "uncertainty_m": 20.3
   }
  },
  {
   "type": "Feature",
   "geometry": {
    "type": "Point",
    "coordinates": [
     -75.58996400206837,
     37.32773056009885
    ]
   },
   "properties": {
    "confidence": 0.642,
    "snr": 12.84,
    "peak_dn": 178.0,
    "background_dn": 41.9,
    "sigma_dn": 10.6,
    "pixels": 8,
    "length_m_approx": 28.3,
    "pixel": [
     7409.2,
     8621.1
    ],
    "scene": "S1A_IW_GRDH_1SDV_20240715T225841_20240715T225906_054778_06AB8D_6E9C_COG.SAFE",
    "t": "2024-07-15T22:58:41+00:00",
    "sensor": "sentinel1-vv-cfar",
    "uncertainty_m": 14.6
   }
  },
  {
   "type": "Feature",
   "geometry": {
    "type": "Point",
    "coordinates": [
     -75.58946159431937,
     37.326813351255645
    ]
   },
   "properties": {
    "confidence": 0.586,
    "snr": 11.73,
    "peak_dn": 172.0,
    "background_dn": 42.4,
    "sigma_dn": 11.05,
    "pixels": 14,
    "length_m_approx": 37.4,
    "pixel": [
     7411.7,
     8610.5
    ],
    "scene": "S1A_IW_GRDH_1SDV_20240715T225841_20240715T225906_054778_06AB8D_6E9C_COG.SAFE",
    "t": "2024-07-15T22:58:41+00:00",
    "sensor": "sentinel1-vv-cfar",
    "uncertainty_m": 19.0
   }
  },
  {
   "type": "Feature",
   "geometry": {
    "type": "Point",
    "coordinates": [
     -75.6460208941503,
     37.46551596228411
    ]
   },
   "properties": {
    "confidence": 0.442,
    "snr": 8.85,
    "peak_dn": 213.0,
    "background_dn": 61.4,
    "sigma_dn": 17.13,
    "pixels": 3,
    "length_m_approx": 17.3,
    "pixel": [
     7200.0,
     10189.0
    ],
    "scene": "S1A_IW_GRDH_1SDV_20240715T225841_20240715T225906_054778_06AB8D_6E9C_COG.SAFE",
    "t": "2024-07-15T22:58:41+00:00",
    "sensor": "sentinel1-vv-cfar",
    "uncertainty_m": 10.0
   }
  },
  {
   "type": "Feature",
   "geometry": {
    "type": "Point",
    "coordinates": [
     -75.58949020065725,
     37.32593734131484
    ]
   },
   "properties": {
    "confidence": 0.407,
    "snr": 8.14,
    "peak_dn": 144.0,
    "background_dn": 43.2,
    "sigma_dn": 12.38,
    "pixels": 9,
    "length_m_approx": 30.0,
    "pixel": [
     7409.7,
     8601.1
    ],
    "scene": "S1A_IW_GRDH_1SDV_20240715T225841_20240715T225906_054778_06AB8D_6E9C_COG.SAFE",
    "t": "2024-07-15T22:58:41+00:00",
    "sensor": "sentinel1-vv-cfar",
    "uncertainty_m": 15.4
   }
  },
  {
   "type": "Feature",
   "geometry": {
    "type": "Point",
    "coordinates": [
     -75.58932538392803,
     37.329117631793416
    ]
   },
   "properties": {
    "confidence": 0.403,
    "snr": 8.06,
    "peak_dn": 135.0,
    "background_dn": 41.9,
    "sigma_dn": 11.55,
    "pixels": 2,
    "length_m_approx": 14.1,
    "pixel": [
     7417.5,
     8635.0
    ],
    "scene": "S1A_IW_GRDH_1SDV_20240715T225841_20240715T225906_054778_06AB8D_6E9C_COG.SAFE",
    "t": "2024-07-15T22:58:41+00:00",
    "sensor": "sentinel1-vv-cfar",
    "uncertainty_m": 7.9
   }
  },
  {
   "type": "Feature",
   "geometry": {
    "type": "Point",
    "coordinates": [
     -75.58988331971112,
     37.328134881788
    ]
   },
   "properties": {
    "confidence": 0.392,
    "snr": 7.84,
    "peak_dn": 126.0,
    "background_dn": 41.7,
    "sigma_dn": 10.75,
    "pixels": 3,
    "length_m_approx": 17.3,
    "pixel": [
     7410.7,
     8625.3
    ],
    "scene": "S1A_IW_GRDH_1SDV_20240715T225841_20240715T225906_054778_06AB8D_6E9C_COG.SAFE",
    "t": "2024-07-15T22:58:41+00:00",
    "sensor": "sentinel1-vv-cfar",
    "uncertainty_m": 9.4
   }
  },
  {
   "type": "Feature",
   "geometry": {
    "type": "Point",
    "coordinates": [
     -75.6429783004052,
     37.46710724700772
    ]
   },
   "properties": {
    "confidence": 0.37,
    "snr": 7.41,
    "peak_dn": 181.0,
    "background_dn": 57.7,
    "sigma_dn": 16.64,
    "pixels": 3,
    "length_m_approx": 17.3,
    "pixel": [
     7229.7,
     10201.3
    ],
    "scene": "S1A_IW_GRDH_1SDV_20240715T225841_20240715T225906_054778_06AB8D_6E9C_COG.SAFE",
    "t": "2024-07-15T22:58:41+00:00",
    "sensor": "sentinel1-vv-cfar",
    "uncertainty_m": 10.0
   }
  },
  {
   "type": "Feature",
   "geometry": {
    "type": "Point",
    "coordinates": [
     -75.6768478515437,
     37.37368506630677
    ]
   },
   "properties": {
    "confidence": 0.355,
    "snr": 7.1,
    "peak_dn": 148.0,
    "background_dn": 44.8,
    "sigma_dn": 14.54,
    "pixels": 2,
    "length_m_approx": 14.1,
    "pixel": [
     6745.5,
     9251.0
    ],
    "scene": "S1A_IW_GRDH_1SDV_20240715T225841_20240715T225906_054778_06AB8D_6E9C_COG.SAFE",
    "t": "2024-07-15T22:58:41+00:00",
    "sensor": "sentinel1-vv-cfar",
    "uncertainty_m": 7.9
   }
  },
  {
   "type": "Feature",
   "geometry": {
    "type": "Point",
    "coordinates": [
     -75.58892309203044,
     37.32728435518248
    ]
   },
   "properties": {
    "confidence": 0.344,
    "snr": 6.88,
    "peak_dn": 114.0,
    "background_dn": 42.1,
    "sigma_dn": 10.45,
    "pixels": 3,
    "length_m_approx": 17.3,
    "pixel": [
     7417.3,
     8614.7
    ],
    "scene": "S1A_IW_GRDH_1SDV_20240715T225841_20240715T225906_054778_06AB8D_6E9C_COG.SAFE",
    "t": "2024-07-15T22:58:41+00:00",
    "sensor": "sentinel1-vv-cfar",
    "uncertainty_m": 9.4
   }
  },
  {
   "type": "Feature",
   "geometry": {
    "type": "Point",
    "coordinates": [
     -75.59001802980973,
     37.327388016562935
    ]
   },
   "properties": {
    "confidence": 0.343,
    "snr": 6.87,
    "peak_dn": 114.0,
    "background_dn": 42.0,
    "sigma_dn": 10.49,
    "pixels": 2,
    "length_m_approx": 14.1,
    "pixel": [
     7408.0,
     8617.5
    ],
    "scene": "S1A_IW_GRDH_1SDV_20240715T225841_20240715T225906_054778_06AB8D_6E9C_COG.SAFE",
    "t": "2024-07-15T22:58:41+00:00",
    "sensor": "sentinel1-vv-cfar",
    "uncertainty_m": 7.9
   }
  },
  {
   "type": "Feature",
   "geometry": {
    "type": "Point",
    "coordinates": [
     -75.5899088137639,
     37.327170399007606
    ]
   },
   "properties": {
    "confidence": 0.343,
    "snr": 6.86,
    "peak_dn": 114.0,
    "background_dn": 42.0,
    "sigma_dn": 10.49,
    "pixels": 2,
    "length_m_approx": 14.1,
    "pixel": [
     7408.5,
     8615.0
    ],
    "scene": "S1A_IW_GRDH_1SDV_20240715T225841_20240715T225906_054778_06AB8D_6E9C_COG.SAFE",
    "t": "2024-07-15T22:58:41+00:00",
    "sensor": "sentinel1-vv-cfar",
    "uncertainty_m": 7.9
   }
  },
  {
   "type": "Feature",
   "geometry": {
    "type": "Point",
    "coordinates": [
     -75.64250664364852,
     37.46934756795902
    ]
   },
   "properties": {
    "confidence": 0.336,
    "snr": 6.72,
    "peak_dn": 168.0,
    "background_dn": 55.9,
    "sigma_dn": 16.69,
    "pixels": 3,
    "length_m_approx": 17.3,
    "pixel": [
     7238.3,
     10224.7
    ],
    "scene": "S1A_IW_GRDH_1SDV_20240715T225841_20240715T225906_054778_06AB8D_6E9C_COG.SAFE",
    "t": "2024-07-15T22:58:41+00:00",
    "sensor": "sentinel1-vv-cfar",
    "uncertainty_m": 10.0
   }
  },
  {
   "type": "Feature",
   "geometry": {
    "type": "Point",
    "coordinates": [
     -75.6273511731689,
     37.33864379105318
    ]
   },
   "properties": {
    "confidence": 0.31,
    "snr": 6.21,
    "peak_dn": 111.0,
    "background_dn": 43.0,
    "sigma_dn": 10.95,
    "pixels": 2,
    "length_m_approx": 14.1,
    "pixel": [
     7105.5,
     8797.0
    ],
    "scene": "S1A_IW_GRDH_1SDV_20240715T225841_20240715T225906_054778_06AB8D_6E9C_COG.SAFE",
    "t": "2024-07-15T22:58:41+00:00",
    "sensor": "sentinel1-vv-cfar",
    "uncertainty_m": 7.9
   }
  },
  {
   "type": "Feature",
   "geometry": {
    "type": "Point",
    "coordinates": [
     -75.72220377599007,
     37.35115519635797
    ]
   },
   "properties": {
    "confidence": 0.31,
    "snr": 6.21,
    "peak_dn": 219.0,
    "background_dn": 69.5,
    "sigma_dn": 24.09,
    "pixels": 3,
    "length_m_approx": 17.3,
    "pixel": [
     6304.7,
     9080.3
    ],
    "scene": "S1A_IW_GRDH_1SDV_20240715T225841_20240715T225906_054778_06AB8D_6E9C_COG.SAFE",
    "t": "2024-07-15T22:58:41+00:00",
    "sensor": "sentinel1-vv-cfar",
    "uncertainty_m": 9.5
   }
  },
  {
   "type": "Feature",
   "geometry": {
    "type": "Point",
    "coordinates": [
     -75.54473638686619,
     37.465477543333726
    ]
   },
   "properties": {
    "confidence": 0.308,
    "snr": 6.15,
    "peak_dn": 115.0,
    "background_dn": 45.7,
    "sigma_dn": 11.26,
    "pixels": 2,
    "length_m_approx": 14.1,
    "pixel": [
     8081.0,
     10030.5
    ],
    "scene": "S1A_IW_GRDH_1SDV_20240715T225841_20240715T225906_054778_06AB8D_6E9C_COG.SAFE",
    "t": "2024-07-15T22:58:41+00:00",
    "sensor": "sentinel1-vv-cfar",
    "uncertainty_m": 8.6
   }
  },
  {
   "type": "Feature",
   "geometry": {
    "type": "Point",
    "coordinates": [
     -75.49178308409769,
     37.340109982414035
    ]
   },
   "properties": {
    "confidence": 0.95,
    "snr": 54.64,
    "peak_dn": 1218.0,
    "background_dn": 61.7,
    "sigma_dn": 21.16,
    "pixels": 100,
    "length_m_approx": 100.0,
    "pixel": [
     8289.7,
     8600.9
    ],
    "scene": "S1A_IW_GRDH_1SDV_20240715T225841_20240715T225906_054778_06AB8D_6E9C_COG.SAFE",
    "t": "2024-07-15T22:58:41+00:00",
    "sensor": "sentinel1-vv-cfar",
    "uncertainty_m": 50.1
   }
  },
  {
   "type": "Feature",
   "geometry": {
    "type": "Point",
    "coordinates": [
     -75.49091014214682,
     37.34432623620321
    ]
   },
   "properties": {
    "confidence": 0.57,
    "snr": 11.39,
    "peak_dn": 654.0,
    "background_dn": 65.4,
    "sigma_dn": 51.66,
    "pixels": 8,
    "length_m_approx": 28.3,
    "pixel": [
     8305.8,
     8644.8
    ],
    "scene": "S1A_IW_GRDH_1SDV_20240715T225841_20240715T225906_054778_06AB8D_6E9C_COG.SAFE",
    "t": "2024-07-15T22:58:41+00:00",
    "sensor": "sentinel1-vv-cfar",
    "uncertainty_m": 14.6
   }
  },
  {
   "type": "Feature",
   "geometry": {
    "type": "Point",
    "coordinates": [
     -75.49195428596849,
     37.34126312533839
    ]
   },
   "properties": {
    "confidence": 0.461,
    "snr": 9.22,
    "peak_dn": 258.0,
    "background_dn": 61.4,
    "sigma_dn": 21.33,
    "pixels": 4,
    "length_m_approx": 20.0,
    "pixel": [
     8290.5,
     8613.5
    ],
    "scene": "S1A_IW_GRDH_1SDV_20240715T225841_20240715T225906_054778_06AB8D_6E9C_COG.SAFE",
    "t": "2024-07-15T22:58:41+00:00",
    "sensor": "sentinel1-vv-cfar",
    "uncertainty_m": 10.6
   }
  },
  {
   "type": "Feature",
   "geometry": {
    "type": "Point",
    "coordinates": [
     -75.52721012040107,
     37.48187681218082
    ]
   },
   "properties": {
    "confidence": 0.359,
    "snr": 7.18,
    "peak_dn": 131.0,
    "background_dn": 47.1,
    "sigma_dn": 11.69,
    "pixels": 4,
    "length_m_approx": 20.0,
    "pixel": [
     8266.5,
     10179.5
    ],
    "scene": "S1A_IW_GRDH_1SDV_20240715T225841_20240715T225906_054778_06AB8D_6E9C_COG.SAFE",
    "t": "2024-07-15T22:58:41+00:00",
    "sensor": "sentinel1-vv-cfar",
    "uncertainty_m": 11.2
   }
  },
  {
   "type": "Feature",
   "geometry": {
    "type": "Point",
    "coordinates": [
     -75.52757757980406,
     37.48172989990147
    ]
   },
   "properties": {
    "confidence": 0.317,
    "snr": 6.34,
    "peak_dn": 122.0,
    "background_dn": 47.2,
    "sigma_dn": 11.8,
    "pixels": 2,
    "length_m_approx": 14.1,
    "pixel": [
     8263.0,
     10178.5
    ],
    "scene": "S1A_IW_GRDH_1SDV_20240715T225841_20240715T225906_054778_06AB8D_6E9C_COG.SAFE",
    "t": "2024-07-15T22:58:41+00:00",
    "sensor": "sentinel1-vv-cfar",
    "uncertainty_m": 8.6
   }
  },
  {
   "type": "Feature",
   "geometry": {
    "type": "Point",
    "coordinates": [
     -74.6985528181685,
     37.571884962225845
    ]
   },
   "properties": {
    "confidence": 0.345,
    "snr": 6.9,
    "peak_dn": 153.0,
    "background_dn": 57.0,
    "sigma_dn": 13.91,
    "pixels": 2,
    "length_m_approx": 14.1,
    "pixel": [
     15652.5,
     9891.0
    ],
    "scene": "S1A_IW_GRDH_1SDV_20240715T225841_20240715T225906_054778_06AB8D_6E9C_COG.SAFE",
    "t": "2024-07-15T22:58:41+00:00",
    "sensor": "sentinel1-vv-cfar",
    "uncertainty_m": 7.8
   }
  },
  {
   "type": "Feature",
   "geometry": {
    "type": "Point",
    "coordinates": [
     -74.81698600305,
     37.460269284946264
    ]
   },
   "properties": {
    "confidence": 0.32,
    "snr": 6.39,
    "peak_dn": 180.0,
    "background_dn": 66.9,
    "sigma_dn": 17.7,
    "pixels": 2,
    "length_m_approx": 14.1,
    "pixel": [
     14406.5,
     8864.0
    ],
    "scene": "S1A_IW_GRDH_1SDV_20240715T225841_20240715T225906_054778_06AB8D_6E9C_COG.SAFE",
    "t": "2024-07-15T22:58:41+00:00",
    "sensor": "sentinel1-vv-cfar",
    "uncertainty_m": 7.8
   }
  },
  {
   "type": "Feature",
   "geometry": {
    "type": "Point",
    "coordinates": [
     -74.52244547614649,
     37.50241721576495
    ]
   },
   "properties": {
    "confidence": 0.95,
    "snr": 262.94,
    "peak_dn": 5058.0,
    "background_dn": 63.2,
    "sigma_dn": 19.0,
    "pixels": 327,
    "length_m_approx": 180.8,
    "pixel": [
     17053.3,
     8882.0
    ],
    "scene": "S1A_IW_GRDH_1SDV_20240715T225841_20240715T225906_054778_06AB8D_6E9C_COG.SAFE",
    "t": "2024-07-15T22:58:41+00:00",
    "sensor": "sentinel1-vv-cfar",
    "uncertainty_m": 90.5
   }
  },
  {
   "type": "Feature",
   "geometry": {
    "type": "Point",
    "coordinates": [
     -74.52411955113871,
     37.44891138841939
    ]
   },
   "properties": {
    "confidence": 0.697,
    "snr": 13.94,
    "peak_dn": 269.0,
    "background_dn": 62.3,
    "sigma_dn": 14.82,
    "pixels": 14,
    "length_m_approx": 37.4,
    "pixel": [
     16937.0,
     8307.2
    ],
    "scene": "S1A_IW_GRDH_1SDV_20240715T225841_20240715T225906_054778_06AB8D_6E9C_COG.SAFE",
    "t": "2024-07-15T22:58:41+00:00",
    "sensor": "sentinel1-vv-cfar",
    "uncertainty_m": 19.0
   }
  },
  {
   "type": "Feature",
   "geometry": {
    "type": "Point",
    "coordinates": [
     -74.5131098041473,
     37.45986837050653
    ]
   },
   "properties": {
    "confidence": 0.667,
    "snr": 13.34,
    "peak_dn": 256.0,
    "background_dn": 61.3,
    "sigma_dn": 14.59,
    "pixels": 24,
    "length_m_approx": 49.0,
    "pixel": [
     17053.8,
     8409.2
    ],
    "scene": "S1A_IW_GRDH_1SDV_20240715T225841_20240715T225906_054778_06AB8D_6E9C_COG.SAFE",
    "t": "2024-07-15T22:58:41+00:00",
    "sensor": "sentinel1-vv-cfar",
    "uncertainty_m": 24.7
   }
  },
  {
   "type": "Feature",
   "geometry": {
    "type": "Point",
    "coordinates": [
     -74.52398476757692,
     37.44839639382536
    ]
   },
   "properties": {
    "confidence": 0.467,
    "snr": 9.33,
    "peak_dn": 201.0,
    "background_dn": 62.4,
    "sigma_dn": 14.85,
    "pixels": 5,
    "length_m_approx": 22.4,
    "pixel": [
     16937.2,
     8301.4
    ],
    "scene": "S1A_IW_GRDH_1SDV_20240715T225841_20240715T225906_054778_06AB8D_6E9C_COG.SAFE",
    "t": "2024-07-15T22:58:41+00:00",
    "sensor": "sentinel1-vv-cfar",
    "uncertainty_m": 11.6
   }
  },
  {
   "type": "Feature",
   "geometry": {
    "type": "Point",
    "coordinates": [
     -74.52300066071783,
     37.50326437468972
    ]
   },
   "properties": {
    "confidence": 0.446,
    "snr": 8.93,
    "peak_dn": 257.0,
    "background_dn": 64.0,
    "sigma_dn": 21.62,
    "pixels": 3,
    "length_m_approx": 17.3,
    "pixel": [
     17050.0,
     8892.0
    ],
    "scene": "S1A_IW_GRDH_1SDV_20240715T225841_20240715T225906_054778_06AB8D_6E9C_COG.SAFE",
    "t": "2024-07-15T22:58:41+00:00",
    "sensor": "sentinel1-vv-cfar",
    "uncertainty_m": 9.2
   }
  },
  {
   "type": "Feature",
   "geometry": {
    "type": "Point",
    "coordinates": [
     -74.52372419815138,
     37.50182402811576
    ]
   },
   "properties": {
    "confidence": 0.428,
    "snr": 8.56,
    "peak_dn": 252.0,
    "background_dn": 64.4,
    "sigma_dn": 21.92,
    "pixels": 2,
    "length_m_approx": 14.1,
    "pixel": [
     17041.0,
     8877.5
    ],
    "scene": "S1A_IW_GRDH_1SDV_20240715T225841_20240715T225906_054778_06AB8D_6E9C_COG.SAFE",
    "t": "2024-07-15T22:58:41+00:00",
    "sensor": "sentinel1-vv-cfar",
    "uncertainty_m": 7.8
   }
  },
  {
   "type": "Feature",
   "geometry": {
    "type": "Point",
    "coordinates": [
     -74.52754154008115,
     37.60622517369409
    ]
   },
   "properties": {
    "confidence": 0.4,
    "snr": 8.0,
    "peak_dn": 178.0,
    "background_dn": 61.6,
    "sigma_dn": 14.55,
    "pixels": 7,
    "length_m_approx": 26.5,
    "pixel": [
     17205.9,
     10009.7
    ],
    "scene": "S1A_IW_GRDH_1SDV_20240715T225841_20240715T225906_054778_06AB8D_6E9C_COG.SAFE",
    "t": "2024-07-15T22:58:41+00:00",
    "sensor": "sentinel1-vv-cfar",
    "uncertainty_m": 13.6
   }
  },
  {
   "type": "Feature",
   "geometry": {
    "type": "Point",
    "coordinates": [
     -74.52119898004376,
     37.502353659943566
    ]
   },
   "properties": {
    "confidence": 0.397,
    "snr": 7.94,
    "peak_dn": 208.0,
    "background_dn": 62.9,
    "sigma_dn": 18.27,
    "pixels": 5,
    "length_m_approx": 22.4,
    "pixel": [
     17064.0,
     8879.5
    ],
    "scene": "S1A_IW_GRDH_1SDV_20240715T225841_20240715T225906_054778_06AB8D_6E9C_COG.SAFE",
    "t": "2024-07-15T22:58:41+00:00",
    "sensor": "sentinel1-vv-cfar",
    "uncertainty_m": 11.6
   }
  },
  {
   "type": "Feature",
   "geometry": {
    "type": "Point",
    "coordinates": [
     -74.5124309017074,
     37.46074276339555
    ]
   },
   "properties": {
    "confidence": 0.371,
    "snr": 7.41,
    "peak_dn": 170.0,
    "background_dn": 61.2,
    "sigma_dn": 14.68,
    "pixels": 3,
    "length_m_approx": 17.3,
    "pixel": [
     17061.3,
     8417.7
    ],
    "scene": "S1A_IW_GRDH_1SDV_20240715T225841_20240715T225906_054778_06AB8D_6E9C_COG.SAFE",
    "t": "2024-07-15T22:58:41+00:00",
    "sensor": "sentinel1-vv-cfar",
    "uncertainty_m": 9.2
   }
  },
  {
   "type": "Feature",
   "geometry": {
    "type": "Point",
    "coordinates": [
     -74.29605182861181,
     37.49230777427564
    ]
   },
   "properties": {
    "confidence": 0.335,
    "snr": 6.71,
    "peak_dn": 146.0,
    "background_dn": 56.8,
    "sigma_dn": 13.31,
    "pixels": 2,
    "length_m_approx": 14.1,
    "pixel": [
     19007.0,
     8442.5
    ],
    "scene": "S1A_IW_GRDH_1SDV_20240715T225841_20240715T225906_054778_06AB8D_6E9C_COG.SAFE",
    "t": "2024-07-15T22:58:41+00:00",
    "sensor": "sentinel1-vv-cfar",
    "uncertainty_m": 7.8
   }
  },
  {
   "type": "Feature",
   "geometry": {
    "type": "Point",
    "coordinates": [
     -73.78292677513242,
     37.65213874617791
    ]
   },
   "properties": {
    "confidence": 0.95,
    "snr": 179.34,
    "peak_dn": 2635.0,
    "background_dn": 54.1,
    "sigma_dn": 14.39,
    "pixels": 238,
    "length_m_approx": 154.3,
    "pixel": [
     23771.6,
     9439.6
    ],
    "scene": "S1A_IW_GRDH_1SDV_20240715T225841_20240715T225906_054778_06AB8D_6E9C_COG.SAFE",
    "t": "2024-07-15T22:58:41+00:00",
    "sensor": "sentinel1-vv-cfar",
    "uncertainty_m": 77.2
   }
  },
  {
   "type": "Feature",
   "geometry": {
    "type": "Point",
    "coordinates": [
     -76.31356368933156,
     37.51616175072861
    ]
   },
   "properties": {
    "confidence": 0.41,
    "snr": 8.2,
    "peak_dn": 240.0,
    "background_dn": 73.4,
    "sigma_dn": 20.31,
    "pixels": 2,
    "length_m_approx": 14.1,
    "pixel": [
     1502.5,
     11795.0
    ],
    "scene": "S1A_IW_GRDH_1SDV_20240715T225841_20240715T225906_054778_06AB8D_6E9C_COG.SAFE",
    "t": "2024-07-15T22:58:41+00:00",
    "sensor": "sentinel1-vv-cfar",
    "uncertainty_m": 8.1
   }
  },
  {
   "type": "Feature",
   "geometry": {
    "type": "Point",
    "coordinates": [
     -76.31782111533904,
     37.50875232927874
    ]
   },
   "properties": {
    "confidence": 0.347,
    "snr": 6.95,
    "peak_dn": 217.0,
    "background_dn": 74.9,
    "sigma_dn": 20.45,
    "pixels": 2,
    "length_m_approx": 14.1,
    "pixel": [
     1450.0,
     11722.5
    ],
    "scene": "S1A_IW_GRDH_1SDV_20240715T225841_20240715T225906_054778_06AB8D_6E9C_COG.SAFE",
    "t": "2024-07-15T22:58:41+00:00",
    "sensor": "sentinel1-vv-cfar",
    "uncertainty_m": 8.1
   }
  },
  {
   "type": "Feature",
   "geometry": {
    "type": "Point",
    "coordinates": [
     -76.34471535802045,
     37.52821685737914
    ]
   },
   "properties": {
    "confidence": 0.331,
    "snr": 6.63,
    "peak_dn": 187.0,
    "background_dn": 66.6,
    "sigma_dn": 18.16,
    "pixels": 2,
    "length_m_approx": 14.1,
    "pixel": [
     1257.0,
     11974.5
    ],
    "scene": "S1A_IW_GRDH_1SDV_20240715T225841_20240715T225906_054778_06AB8D_6E9C_COG.SAFE",
    "t": "2024-07-15T22:58:41+00:00",
    "sensor": "sentinel1-vv-cfar",
    "uncertainty_m": 8.0
   }
  },
  {
   "type": "Feature",
   "geometry": {
    "type": "Point",
    "coordinates": [
     -76.11685154646119,
     37.539137570486815
    ]
   },
   "properties": {
    "confidence": 0.95,
    "snr": 541.77,
    "peak_dn": 15843.0,
    "background_dn": 94.4,
    "sigma_dn": 29.07,
    "pixels": 249,
    "length_m_approx": 157.8,
    "pixel": [
     3259.5,
     11724.6
    ],
    "scene": "S1A_IW_GRDH_1SDV_20240715T225841_20240715T225906_054778_06AB8D_6E9C_COG.SAFE",
    "t": "2024-07-15T22:58:41+00:00",
    "sensor": "sentinel1-vv-cfar",
    "uncertainty_m": 79.0
   }
  },
  {
   "type": "Feature",
   "geometry": {
    "type": "Point",
    "coordinates": [
     -76.07850192001695,
     37.59222782359867
    ]
   },
   "properties": {
    "confidence": 0.95,
    "snr": 29.06,
    "peak_dn": 690.0,
    "background_dn": 90.2,
    "sigma_dn": 20.64,
    "pixels": 37,
    "length_m_approx": 60.8,
    "pixel": [
     3702.5,
     12232.5
    ],
    "scene": "S1A_IW_GRDH_1SDV_20240715T225841_20240715T225906_054778_06AB8D_6E9C_COG.SAFE",
    "t": "2024-07-15T22:58:41+00:00",
    "sensor": "sentinel1-vv-cfar",
    "uncertainty_m": 30.8
   }
  },
  {
   "type": "Feature",
   "geometry": {
    "type": "Point",
    "coordinates": [
     -76.11804606507022,
     37.538572933842424
    ]
   },
   "properties": {
    "confidence": 0.777,
    "snr": 15.53,
    "peak_dn": 534.0,
    "background_dn": 94.9,
    "sigma_dn": 28.27,
    "pixels": 4,
    "length_m_approx": 20.0,
    "pixel": [
     3248.0,
     11720.5
    ],
    "scene": "S1A_IW_GRDH_1SDV_20240715T225841_20240715T225906_054778_06AB8D_6E9C_COG.SAFE",
    "t": "2024-07-15T22:58:41+00:00",
    "sensor": "sentinel1-vv-cfar",
    "uncertainty_m": 10.7
   }
  },
  {
   "type": "Feature",
   "geometry": {
    "type": "Point",
    "coordinates": [
     -76.11826018879603,
     37.53850500707234
    ]
   },
   "properties": {
    "confidence": 0.696,
    "snr": 13.92,
    "peak_dn": 507.0,
    "background_dn": 95.2,
    "sigma_dn": 29.58,
    "pixels": 3,
    "length_m_approx": 17.3,
    "pixel": [
     3246.0,
     11720.1
    ],
    "scene": "S1A_IW_GRDH_1SDV_20240715T225841_20240715T225906_054778_06AB8D_6E9C_COG.SAFE",
    "t": "2024-07-15T22:58:41+00:00",
    "sensor": "sentinel1-vv-cfar",
    "uncertainty_m": 9.5
   }
  },
  {
   "type": "Feature",
   "geometry": {
    "type": "Point",
    "coordinates": [
     -76.0385591346213,
     37.5362180403998
    ]
   },
   "properties": {
    "confidence": 0.67,
    "snr": 13.4,
    "peak_dn": 370.0,
    "background_dn": 91.5,
    "sigma_dn": 20.77,
    "pixels": 7,
    "length_m_approx": 26.5,
    "pixel": [
     3933.3,
     11568.0
    ],
    "scene": "S1A_IW_GRDH_1SDV_20240715T225841_20240715T225906_054778_06AB8D_6E9C_COG.SAFE",
    "t": "2024-07-15T22:58:41+00:00",
    "sensor": "sentinel1-vv-cfar",
    "uncertainty_m": 13.8
   }
  },
  {
   "type": "Feature",
   "geometry": {
    "type": "Point",
    "coordinates": [
     -76.1948067064963,
     37.570401722968676
    ]
   },
   "properties": {
    "confidence": 0.644,
    "snr": 12.87,
    "peak_dn": 367.0,
    "background_dn": 91.5,
    "sigma_dn": 21.4,
    "pixels": 7,
    "length_m_approx": 26.5,
    "pixel": [
     2648.0,
     12184.7
    ],
    "scene": "S1A_IW_GRDH_1SDV_20240715T225841_20240715T225906_054778_06AB8D_6E9C_COG.SAFE",
    "t": "2024-07-15T22:58:41+00:00",
    "sensor": "sentinel1-vv-cfar",
    "uncertainty_m": 14.0
   }
  },
  {
   "type": "Feature",
   "geometry": {
    "type": "Point",
    "coordinates": [
     -76.08533823917956,
     37.41036589804392
    ]
   },
   "properties": {
    "confidence": 0.622,
    "snr": 12.45,
    "peak_dn": 356.0,
    "background_dn": 91.6,
    "sigma_dn": 21.24,
    "pixels": 7,
    "length_m_approx": 26.5,
    "pixel": [
     3266.0,
     10293.3
    ],
    "scene": "S1A_IW_GRDH_1SDV_20240715T225841_20240715T225906_054778_06AB8D_6E9C_COG.SAFE",
    "t": "2024-07-15T22:58:41+00:00",
    "sensor": "sentinel1-vv-cfar",
    "uncertainty_m": 13.8
   }
  },
  {
   "type": "Feature",
   "geometry": {
    "type": "Point",
    "coordinates": [
     -76.08436524884827,
     37.4269951809762
    ]
   },
   "properties": {
    "confidence": 0.606,
    "snr": 12.13,
    "peak_dn": 345.0,
    "background_dn": 88.4,
    "sigma_dn": 21.16,
    "pixels": 9,
    "length_m_approx": 30.0,
    "pixel": [
     3309.0,
     10470.0
    ],
    "scene": "S1A_IW_GRDH_1SDV_20240715T225841_20240715T225906_054778_06AB8D_6E9C_COG.SAFE",
    "t": "2024-07-15T22:58:41+00:00",
    "sensor": "sentinel1-vv-cfar",
    "uncertainty_m": 15.5
   }
  },
  {
   "type": "Feature",
   "geometry": {
    "type": "Point",
    "coordinates": [
     -76.04273083761717,
     37.50059398742696
    ]
   },
   "properties": {
    "confidence": 0.556,
    "snr": 11.11,
    "peak_dn": 319.0,
    "background_dn": 89.9,
    "sigma_dn": 20.62,
    "pixels": 4,
    "length_m_approx": 20.0,
    "pixel": [
     3823.5,
     11192.5
    ],
    "scene": "S1A_IW_GRDH_1SDV_20240715T225841_20240715T225906_054778_06AB8D_6E9C_COG.SAFE",
    "t": "2024-07-15T22:58:41+00:00",
    "sensor": "sentinel1-vv-cfar",
    "uncertainty_m": 10.7
   }
  },
  {
   "type": "Feature",
   "geometry": {
    "type": "Point",
    "coordinates": [
     -76.03669903175941,
     37.562922664585905
    ]
   },
   "properties": {
    "confidence": 0.472,
    "snr": 9.44,
    "peak_dn": 293.0,
    "background_dn": 91.7,
    "sigma_dn": 21.32,
    "pixels": 4,
    "length_m_approx": 20.0,
    "pixel": [
     4004.5,
     11851.5
    ],
    "scene": "S1A_IW_GRDH_1SDV_20240715T225841_20240715T225906_054778_06AB8D_6E9C_COG.SAFE",
    "t": "2024-07-15T22:58:41+00:00",
    "sensor": "sentinel1-vv-cfar",
    "uncertainty_m": 10.7
   }
  },
  {
   "type": "Feature",
   "geometry": {
    "type": "Point",
    "coordinates": [
     -76.11849160642642,
     37.53850944701857
    ]
   },
   "properties": {
    "confidence": 0.47,
    "snr": 9.41,
    "peak_dn": 396.0,
    "background_dn": 95.5,
    "sigma_dn": 31.94,
    "pixels": 2,
    "length_m_approx": 14.1,
    "pixel": [
     3244.0,
     11720.5
    ],
    "scene": "S1A_IW_GRDH_1SDV_20240715T225841_20240715T225906_054778_06AB8D_6E9C_COG.SAFE",
    "t": "2024-07-15T22:58:41+00:00",
    "sensor": "sentinel1-vv-cfar",
    "uncertainty_m": 8.1
   }
  },
  {
   "type": "Feature",
   "geometry": {
    "type": "Point",
    "coordinates": [
     -76.0602036070836,
     37.581250723883656
    ]
   },
   "properties": {
    "confidence": 0.439,
    "snr": 8.78,
    "peak_dn": 280.0,
    "background_dn": 92.7,
    "sigma_dn": 21.33,
    "pixels": 4,
    "length_m_approx": 20.0,
    "pixel": [
     3838.5,
     12085.5
    ],
    "scene": "S1A_IW_GRDH_1SDV_20240715T225841_20240715T225906_054778_06AB8D_6E9C_COG.SAFE",
    "t": "2024-07-15T22:58:41+00:00",
    "sensor": "sentinel1-vv-cfar",
    "uncertainty_m": 11.1
   }
  },
  {
   "type": "Feature",
   "geometry": {
    "type": "Point",
    "coordinates": [
     -76.1907410363079,
     37.53788290843718
    ]
   },
   "properties": {
    "confidence": 0.397,
    "snr": 7.95,
    "peak_dn": 271.0,
    "background_dn": 95.3,
    "sigma_dn": 22.1,
    "pixels": 4,
    "length_m_approx": 20.0,
    "pixel": [
     2615.5,
     11829.5
    ],
    "scene": "S1A_IW_GRDH_1SDV_20240715T225841_20240715T225906_054778_06AB8D_6E9C_COG.SAFE",
    "t": "2024-07-15T22:58:41+00:00",
    "sensor": "sentinel1-vv-cfar",
    "uncertainty_m": 10.7
   }
  },
  {
   "type": "Feature",
   "geometry": {
    "type": "Point",
    "coordinates": [
     -76.18671592690583,
     37.40992492175642
    ]
   },
   "properties": {
    "confidence": 0.375,
    "snr": 7.5,
    "peak_dn": 282.0,
    "background_dn": 96.3,
    "sigma_dn": 24.75,
    "pixels": 4,
    "length_m_approx": 20.0,
    "pixel": [
     2383.5,
     10451.5
    ],
    "scene": "S1A_IW_GRDH_1SDV_20240715T225841_20240715T225906_054778_06AB8D_6E9C_COG.SAFE",
    "t": "2024-07-15T22:58:41+00:00",
    "sensor": "sentinel1-vv-cfar",
    "uncertainty_m": 10.7
   }
  },
  {
   "type": "Feature",
   "geometry": {
    "type": "Point",
    "coordinates": [
     -76.18904567247881,
     37.414611658913735
    ]
   },
   "properties": {
    "confidence": 0.338,
    "snr": 6.75,
    "peak_dn": 268.0,
    "background_dn": 99.4,
    "sigma_dn": 24.96,
    "pixels": 2,
    "length_m_approx": 14.1,
    "pixel": [
     2373.0,
     10505.5
    ],
    "scene": "S1A_IW_GRDH_1SDV_20240715T225841_20240715T225906_054778_06AB8D_6E9C_COG.SAFE",
    "t": "2024-07-15T22:58:41+00:00",
    "sensor": "sentinel1-vv-cfar",
    "uncertainty_m": 8.1
   }
  },
  {
   "type": "Feature",
   "geometry": {
    "type": "Point",
    "coordinates": [
     -76.19287204691886,
     37.42336554029181
    ]
   },
   "properties": {
    "confidence": 0.308,
    "snr": 6.16,
    "peak_dn": 242.0,
    "background_dn": 97.2,
    "sigma_dn": 23.51,
    "pixels": 2,
    "length_m_approx": 14.1,
    "pixel": [
     2358.0,
     10605.5
    ],
    "scene": "S1A_IW_GRDH_1SDV_20240715T225841_20240715T225906_054778_06AB8D_6E9C_COG.SAFE",
    "t": "2024-07-15T22:58:41+00:00",
    "sensor": "sentinel1-vv-cfar",
    "uncertainty_m": 8.1
   }
  },
  {
   "type": "Feature",
   "geometry": {
    "type": "Point",
    "coordinates": [
     -75.78541490023758,
     37.45848721401879
    ]
   },
   "properties": {
    "confidence": 0.322,
    "snr": 6.45,
    "peak_dn": 207.0,
    "background_dn": 81.8,
    "sigma_dn": 19.42,
    "pixels": 2,
    "length_m_approx": 14.1,
    "pixel": [
     5973.0,
     10332.5
    ],
    "scene": "S1A_IW_GRDH_1SDV_20240715T225841_20240715T225906_054778_06AB8D_6E9C_COG.SAFE",
    "t": "2024-07-15T22:58:41+00:00",
    "sensor": "sentinel1-vv-cfar",
    "uncertainty_m": 8.1
   }
  },
  {
   "type": "Feature",
   "geometry": {
    "type": "Point",
    "coordinates": [
     -75.6752601932732,
     37.47259848759982
    ]
   },
   "properties": {
    "confidence": 0.941,
    "snr": 18.83,
    "peak_dn": 448.0,
    "background_dn": 68.4,
    "sigma_dn": 20.16,
    "pixels": 17,
    "length_m_approx": 41.2,
    "pixel": [
     6960.0,
     10310.9
    ],
    "scene": "S1A_IW_GRDH_1SDV_20240715T225841_20240715T225906_054778_06AB8D_6E9C_COG.SAFE",
    "t": "2024-07-15T22:58:41+00:00",
    "sensor": "sentinel1-vv-cfar",
    "uncertainty_m": 21.2
   }
  },
  {
   "type": "Feature",
   "geometry": {
    "type": "Point",
    "coordinates": [
     -75.58657133882592,
     37.483198260164045
    ]
   },
   "properties": {
    "confidence": 0.631,
    "snr": 12.61,
    "peak_dn": 236.0,
    "background_dn": 56.8,
    "sigma_dn": 14.21,
    "pixels": 21,
    "length_m_approx": 45.8,
    "pixel": [
     7752.9,
     10285.9
    ],
    "scene": "S1A_IW_GRDH_1SDV_20240715T225841_20240715T225906_054778_06AB8D_6E9C_COG.SAFE",
    "t": "2024-07-15T22:58:41+00:00",
    "sensor": "sentinel1-vv-cfar",
    "uncertainty_m": 23.4
   }
  },
  {
   "type": "Feature",
   "geometry": {
    "type": "Point",
    "coordinates": [
     -75.58467284792897,
     37.4827254929384
    ]
   },
   "properties": {
    "confidence": 0.567,
    "snr": 11.34,
    "peak_dn": 218.0,
    "background_dn": 56.8,
    "sigma_dn": 14.21,
    "pixels": 11,
    "length_m_approx": 33.2,
    "pixel": [
     7768.5,
     10277.9
    ],
    "scene": "S1A_IW_GRDH_1SDV_20240715T225841_20240715T225906_054778_06AB8D_6E9C_COG.SAFE",
    "t": "2024-07-15T22:58:41+00:00",
    "sensor": "sentinel1-vv-cfar",
    "uncertainty_m": 17.3
   }
  },
  {
   "type": "Feature",
   "geometry": {
    "type": "Point",
    "coordinates": [
     -75.67518435626062,
     37.47573998474861
    ]
   },
   "properties": {
    "confidence": 0.517,
    "snr": 10.33,
    "peak_dn": 308.0,
    "background_dn": 71.5,
    "sigma_dn": 22.89,
    "pixels": 6,
    "length_m_approx": 24.5,
    "pixel": [
     6967.0,
     10344.5
    ],
    "scene": "S1A_IW_GRDH_1SDV_20240715T225841_20240715T225906_054778_06AB8D_6E9C_COG.SAFE",
    "t": "2024-07-15T22:58:41+00:00",
    "sensor": "sentinel1-vv-cfar",
    "uncertainty_m": 13.2
   }
  },
  {
   "type": "Feature",
   "geometry": {
    "type": "Point",
    "coordinates": [
     -75.58641108884923,
     37.48372965786834
    ]
   },
   "properties": {
    "confidence": 0.499,
    "snr": 9.98,
    "peak_dn": 197.0,
    "background_dn": 56.8,
    "sigma_dn": 14.04,
    "pixels": 8,
    "length_m_approx": 28.3,
    "pixel": [
     7755.4,
     10291.4
    ],
    "scene": "S1A_IW_GRDH_1SDV_20240715T225841_20240715T225906_054778_06AB8D_6E9C_COG.SAFE",
    "t": "2024-07-15T22:58:41+00:00",
    "sensor": "sentinel1-vv-cfar",
    "uncertainty_m": 15.0
   }
  },
  {
   "type": "Feature",
   "geometry": {
    "type": "Point",
    "coordinates": [
     -75.67592108708854,
     37.467614386480584
    ]
   },
   "properties": {
    "confidence": 0.493,
    "snr": 9.87,
    "peak_dn": 283.0,
    "background_dn": 69.5,
    "sigma_dn": 21.63,
    "pixels": 5,
    "length_m_approx": 22.4,
    "pixel": [
     6944.2,
     10258.4
    ],
    "scene": "S1A_IW_GRDH_1SDV_20240715T225841_20240715T225906_054778_06AB8D_6E9C_COG.SAFE",
    "t": "2024-07-15T22:58:41+00:00",
    "sensor": "sentinel1-vv-cfar",
    "uncertainty_m": 12.2
   }
  },
  {
   "type": "Feature",
   "geometry": {
    "type": "Point",
    "coordinates": [
     -75.67693852511483,
     37.47125188988852
    ]
   },
   "properties": {
    "confidence": 0.406,
    "snr": 8.12,
    "peak_dn": 231.0,
    "background_dn": 68.1,
    "sigma_dn": 20.06,
    "pixels": 4,
    "length_m_approx": 20.0,
    "pixel": [
     6942.7,
     10299.0
    ],
    "scene": "S1A_IW_GRDH_1SDV_20240715T225841_20240715T225906_054778_06AB8D_6E9C_COG.SAFE",
    "t": "2024-07-15T22:58:41+00:00",
    "sensor": "sentinel1-vv-cfar",
    "uncertainty_m": 11.2
   }
  },
  {
   "type": "Feature",
   "geometry": {
    "type": "Point",
    "coordinates": [
     -75.67587038740665,
     37.472539767816755
    ]
   },
   "properties": {
    "confidence": 0.382,
    "snr": 7.65,
    "peak_dn": 220.0,
    "background_dn": 68.1,
    "sigma_dn": 19.87,
    "pixels": 5,
    "length_m_approx": 22.4,
    "pixel": [
     6954.6,
     10311.2
    ],
    "scene": "S1A_IW_GRDH_1SDV_20240715T225841_20240715T225906_054778_06AB8D_6E9C_COG.SAFE",
    "t": "2024-07-15T22:58:41+00:00",
    "sensor": "sentinel1-vv-cfar",
    "uncertainty_m": 12.2
   }
  },
  {
   "type": "Feature",
   "geometry": {
    "type": "Point",
    "coordinates": [
     -75.58438940986454,
     37.48375450412152
    ]
   },
   "properties": {
    "confidence": 0.378,
    "snr": 7.57,
    "peak_dn": 166.0,
    "background_dn": 56.9,
    "sigma_dn": 14.42,
    "pixels": 4,
    "length_m_approx": 20.0,
    "pixel": [
     7773.0,
     10288.5
    ],
    "scene": "S1A_IW_GRDH_1SDV_20240715T225841_20240715T225906_054778_06AB8D_6E9C_COG.SAFE",
    "t": "2024-07-15T22:58:41+00:00",
    "sensor": "sentinel1-vv-cfar",
    "uncertainty_m": 11.2
   }
  },
  {
   "type": "Feature",
   "geometry": {
    "type": "Point",
    "coordinates": [
     -75.58702462659717,
     37.48272230370564
    ]
   },
   "properties": {
    "confidence": 0.377,
    "snr": 7.54,
    "peak_dn": 169.0,
    "background_dn": 56.9,
    "sigma_dn": 14.86,
    "pixels": 2,
    "length_m_approx": 14.1,
    "pixel": [
     7748.0,
     10281.5
    ],
    "scene": "S1A_IW_GRDH_1SDV_20240715T225841_20240715T225906_054778_06AB8D_6E9C_COG.SAFE",
    "t": "2024-07-15T22:58:41+00:00",
    "sensor": "sentinel1-vv-cfar",
    "uncertainty_m": 8.6
   }
  },
  {
   "type": "Feature",
   "geometry": {
    "type": "Point",
    "coordinates": [
     -75.58503628414087,
     37.4835688594009
    ]
   },
   "properties": {
    "confidence": 0.375,
    "snr": 7.51,
    "peak_dn": 161.0,
    "background_dn": 56.6,
    "sigma_dn": 13.9,
    "pixels": 2,
    "length_m_approx": 14.1,
    "pixel": [
     7767.0,
     10287.5
    ],
    "scene": "S1A_IW_GRDH_1SDV_20240715T225841_20240715T225906_054778_06AB8D_6E9C_COG.SAFE",
    "t": "2024-07-15T22:58:41+00:00",
    "sensor": "sentinel1-vv-cfar",
    "uncertainty_m": 8.6
   }
  },
  {
   "type": "Feature",
   "geometry": {
    "type": "Point",
    "coordinates": [
     -75.55950008145675,
     37.5820755211912
    ]
   },
   "properties": {
    "confidence": 0.373,
    "snr": 7.46,
    "peak_dn": 179.0,
    "background_dn": 64.6,
    "sigma_dn": 15.32,
    "pixels": 4,
    "length_m_approx": 20.0,
    "pixel": [
     8187.5,
     11306.5
    ],
    "scene": "S1A_IW_GRDH_1SDV_20240715T225841_20240715T225906_054778_06AB8D_6E9C_COG.SAFE",
    "t": "2024-07-15T22:58:41+00:00",
    "sensor": "sentinel1-vv-cfar",
    "uncertainty_m": 11.2
   }
  },
  {
   "type": "Feature",
   "geometry": {
    "type": "Point",
    "coordinates": [
     -75.6013805940005,
     37.58617489370092
    ]
   },
   "properties": {
    "confidence": 0.366,
    "snr": 7.32,
    "peak_dn": 237.0,
    "background_dn": 75.4,
    "sigma_dn": 22.08,
    "pixels": 4,
    "length_m_approx": 20.0,
    "pixel": [
     7832.0,
     11415.5
    ],
    "scene": "S1A_IW_GRDH_1SDV_20240715T225841_20240715T225906_054778_06AB8D_6E9C_COG.SAFE",
    "t": "2024-07-15T22:58:41+00:00",
    "sensor": "sentinel1-vv-cfar",
    "uncertainty_m": 11.2
   }
  },
  {
   "type": "Feature",
   "geometry": {
    "type": "Point",
    "coordinates": [
     -75.60256004912014,
     37.59389739082265
    ]
   },
   "properties": {
    "confidence": 0.364,
    "snr": 7.27,
    "peak_dn": 207.0,
    "background_dn": 70.2,
    "sigma_dn": 18.81,
    "pixels": 3,
    "length_m_approx": 17.3,
    "pixel": [
     7837.3,
     11500.3
    ],
    "scene": "S1A_IW_GRDH_1SDV_20240715T225841_20240715T225906_054778_06AB8D_6E9C_COG.SAFE",
    "t": "2024-07-15T22:58:41+00:00",
    "sensor": "sentinel1-vv-cfar",
    "uncertainty_m": 10.0
   }
  },
  {
   "type": "Feature",
   "geometry": {
    "type": "Point",
    "coordinates": [
     -75.58555694869702,
     37.48283978686516
    ]
   },
   "properties": {
    "confidence": 0.352,
    "snr": 7.04,
    "peak_dn": 156.0,
    "background_dn": 56.7,
    "sigma_dn": 14.1,
    "pixels": 2,
    "length_m_approx": 14.1,
    "pixel": [
     7761.0,
     10280.5
    ],
    "scene": "S1A_IW_GRDH_1SDV_20240715T225841_20240715T225906_054778_06AB8D_6E9C_COG.SAFE",
    "t": "2024-07-15T22:58:41+00:00",
    "sensor": "sentinel1-vv-cfar",
    "uncertainty_m": 8.6
   }
  },
  {
   "type": "Feature",
   "geometry": {
    "type": "Point",
    "coordinates": [
     -75.58507016248916,
     37.57477155963812
    ]
   },
   "properties": {
    "confidence": 0.337,
    "snr": 6.74,
    "peak_dn": 172.0,
    "background_dn": 64.4,
    "sigma_dn": 15.97,
    "pixels": 3,
    "length_m_approx": 17.3,
    "pixel": [
     7950.7,
     11267.7
    ],
    "scene": "S1A_IW_GRDH_1SDV_20240715T225841_20240715T225906_054778_06AB8D_6E9C_COG.SAFE",
    "t": "2024-07-15T22:58:41+00:00",
    "sensor": "sentinel1-vv-cfar",
    "uncertainty_m": 10.0
   }
  },
  {
   "type": "Feature",
   "geometry": {
    "type": "Point",
    "coordinates": [
     -75.5857662631152,
     37.48374105435542
    ]
   },
   "properties": {
    "confidence": 0.312,
    "snr": 6.24,
    "peak_dn": 144.0,
    "background_dn": 56.7,
    "sigma_dn": 13.98,
    "pixels": 2,
    "length_m_approx": 14.1,
    "pixel": [
     7761.0,
     10290.5
    ],
    "scene": "S1A_IW_GRDH_1SDV_20240715T225841_20240715T225906_054778_06AB8D_6E9C_COG.SAFE",
    "t": "2024-07-15T22:58:41+00:00",
    "sensor": "sentinel1-vv-cfar",
    "uncertainty_m": 8.6
   }
  },
  {
   "type": "Feature",
   "geometry": {
    "type": "Point",
    "coordinates": [
     -75.50595037469623,
     37.49115518875414
    ]
   },
   "properties": {
    "confidence": 0.721,
    "snr": 14.43,
    "peak_dn": 197.0,
    "background_dn": 45.5,
    "sigma_dn": 10.5,
    "pixels": 18,
    "length_m_approx": 42.4,
    "pixel": [
     8470.1,
     10246.2
    ],
    "scene": "S1A_IW_GRDH_1SDV_20240715T225841_20240715T225906_054778_06AB8D_6E9C_COG.SAFE",
    "t": "2024-07-15T22:58:41+00:00",
    "sensor": "sentinel1-vv-cfar",
    "uncertainty_m": 21.8
   }
  },
  {
   "type": "Feature",
   "geometry": {
    "type": "Point",
    "coordinates": [
     -75.45656713032831,
     37.60451263495253
    ]
   },
   "properties": {
    "confidence": 0.402,
    "snr": 8.04,
    "peak_dn": 163.0,
    "background_dn": 56.1,
    "sigma_dn": 13.29,
    "pixels": 5,
    "length_m_approx": 22.4,
    "pixel": [
     9126.6,
     11388.2
    ],
    "scene": "S1A_IW_GRDH_1SDV_20240715T225841_20240715T225906_054778_06AB8D_6E9C_COG.SAFE",
    "t": "2024-07-15T22:58:41+00:00",
    "sensor": "sentinel1-vv-cfar",
    "uncertainty_m": 12.2
   }
  },
  {
   "type": "Feature",
   "geometry": {
    "type": "Point",
    "coordinates": [
     -75.51960413922099,
     37.49646309978282
    ]
   },
   "properties": {
    "confidence": 0.39,
    "snr": 7.81,
    "peak_dn": 160.0,
    "background_dn": 54.5,
    "sigma_dn": 13.52,
    "pixels": 6,
    "length_m_approx": 24.5,
    "pixel": [
     8362.0,
     10324.5
    ],
    "scene": "S1A_IW_GRDH_1SDV_20240715T225841_20240715T225906_054778_06AB8D_6E9C_COG.SAFE",
    "t": "2024-07-15T22:58:41+00:00",
    "sensor": "sentinel1-vv-cfar",
    "uncertainty_m": 13.2
   }
  },
  {
   "type": "Feature",
   "geometry": {
    "type": "Point",
    "coordinates": [
     -75.23596243613915,
     37.708358506004075
    ]
   },
   "properties": {
    "confidence": 0.331,
    "snr": 6.62,
    "peak_dn": 171.0,
    "background_dn": 67.2,
    "sigma_dn": 15.69,
    "pixels": 2,
    "length_m_approx": 14.1,
    "pixel": [
     11248.0,
     12167.5
    ],
    "scene": "S1A_IW_GRDH_1SDV_20240715T225841_20240715T225906_054778_06AB8D_6E9C_COG.SAFE",
    "t": "2024-07-15T22:58:41+00:00",
    "sensor": "sentinel1-vv-cfar",
    "uncertainty_m": 8.6
   }
  },
  {
   "type": "Feature",
   "geometry": {
    "type": "Point",
    "coordinates": [
     -74.78359825213471,
     37.70553320181254
    ]
   },
   "properties": {
    "confidence": 0.53,
    "snr": 10.6,
    "peak_dn": 216.0,
    "background_dn": 60.6,
    "sigma_dn": 14.65,
    "pixels": 8,
    "length_m_approx": 28.3,
    "pixel": [
     15169.7,
     11458.0
    ],
    "scene": "S1A_IW_GRDH_1SDV_20240715T225841_20240715T225906_054778_06AB8D_6E9C_COG.SAFE",
    "t": "2024-07-15T22:58:41+00:00",
    "sensor": "sentinel1-vv-cfar",
    "uncertainty_m": 14.5
   }
  },
  {
   "type": "Feature",
   "geometry": {
    "type": "Point",
    "coordinates": [
     -74.86616065103735,
     37.675840902993244
    ]
   },
   "properties": {
    "confidence": 0.382,
    "snr": 7.64,
    "peak_dn": 170.0,
    "background_dn": 60.0,
    "sigma_dn": 14.4,
    "pixels": 3,
    "length_m_approx": 17.3,
    "pixel": [
     14395.3,
     11260.7
    ],
    "scene": "S1A_IW_GRDH_1SDV_20240715T225841_20240715T225906_054778_06AB8D_6E9C_COG.SAFE",
    "t": "2024-07-15T22:58:41+00:00",
    "sensor": "sentinel1-vv-cfar",
    "uncertainty_m": 9.2
   }
  },
  {
   "type": "Feature",
   "geometry": {
    "type": "Point",
    "coordinates": [
     -74.85718963218264,
     37.65396170592919
    ]
   },
   "properties": {
    "confidence": 0.309,
    "snr": 6.18,
    "peak_dn": 148.0,
    "background_dn": 59.4,
    "sigma_dn": 14.35,
    "pixels": 2,
    "length_m_approx": 14.1,
    "pixel": [
     14431.0,
     11011.5
    ],
    "scene": "S1A_IW_GRDH_1SDV_20240715T225841_20240715T225906_054778_06AB8D_6E9C_COG.SAFE",
    "t": "2024-07-15T22:58:41+00:00",
    "sensor": "sentinel1-vv-cfar",
    "uncertainty_m": 7.8
   }
  },
  {
   "type": "Feature",
   "geometry": {
    "type": "Point",
    "coordinates": [
     -74.47347579385254,
     37.76296508926581
    ]
   },
   "properties": {
    "confidence": 0.95,
    "snr": 50.56,
    "peak_dn": 908.0,
    "background_dn": 69.3,
    "sigma_dn": 16.59,
    "pixels": 71,
    "length_m_approx": 84.3,
    "pixel": [
     17972.1,
     11622.4
    ],
    "scene": "S1A_IW_GRDH_1SDV_20240715T225841_20240715T225906_054778_06AB8D_6E9C_COG.SAFE",
    "t": "2024-07-15T22:58:41+00:00",
    "sensor": "sentinel1-vv-cfar",
    "uncertainty_m": 42.3
   }
  },
  {
   "type": "Feature",
   "geometry": {
    "type": "Point",
    "coordinates": [
     -74.46017251551746,
     37.71358182813807
    ]
   },
   "properties": {
    "confidence": 0.779,
    "snr": 15.58,
    "peak_dn": 302.0,
    "background_dn": 64.3,
    "sigma_dn": 15.26,
    "pixels": 20,
    "length_m_approx": 44.7,
    "pixel": [
     17994.7,
     11069.9
    ],
    "scene": "S1A_IW_GRDH_1SDV_20240715T225841_20240715T225906_054778_06AB8D_6E9C_COG.SAFE",
    "t": "2024-07-15T22:58:41+00:00",
    "sensor": "sentinel1-vv-cfar",
    "uncertainty_m": 22.6
   }
  },
  {
   "type": "Feature",
   "geometry": {
    "type": "Point",
    "coordinates": [
     -74.44889585540264,
     37.66377057962056
    ]
   },
   "properties": {
    "confidence": 0.448,
    "snr": 8.97,
    "peak_dn": 197.0,
    "background_dn": 62.4,
    "sigma_dn": 15.01,
    "pixels": 8,
    "length_m_approx": 28.3,
    "pixel": [
     17998.8,
     10515.8
    ],
    "scene": "S1A_IW_GRDH_1SDV_20240715T225841_20240715T225906_054778_06AB8D_6E9C_COG.SAFE",
    "t": "2024-07-15T22:58:41+00:00",
    "sensor": "sentinel1-vv-cfar",
    "uncertainty_m": 14.5
   }
  },
  {
   "type": "Feature",
   "geometry": {
    "type": "Point",
    "coordinates": [
     -74.6119933455132,
     37.67278026396687
    ]
   },
   "properties": {
    "confidence": 0.387,
    "snr": 7.74,
    "peak_dn": 170.0,
    "background_dn": 59.9,
    "sigma_dn": 14.22,
    "pixels": 6,
    "length_m_approx": 24.5,
    "pixel": [
     16598.0,
     10851.5
    ],
    "scene": "S1A_IW_GRDH_1SDV_20240715T225841_20240715T225906_054778_06AB8D_6E9C_COG.SAFE",
    "t": "2024-07-15T22:58:41+00:00",
    "sensor": "sentinel1-vv-cfar",
    "uncertainty_m": 12.7
   }
  },
  {
   "type": "Feature",
   "geometry": {
    "type": "Point",
    "coordinates": [
     -74.4683738942495,
     37.81450126659847
    ]
   },
   "properties": {
    "confidence": 0.377,
    "snr": 7.54,
    "peak_dn": 254.0,
    "background_dn": 82.0,
    "sigma_dn": 22.79,
    "pixels": 4,
    "length_m_approx": 20.0,
    "pixel": [
     18113.5,
     12171.5
    ],
    "scene": "S1A_IW_GRDH_1SDV_20240715T225841_20240715T225906_054778_06AB8D_6E9C_COG.SAFE",
    "t": "2024-07-15T22:58:41+00:00",
    "sensor": "sentinel1-vv-cfar",
    "uncertainty_m": 10.5
   }
  },
  {
   "type": "Feature",
   "geometry": {
    "type": "Point",
    "coordinates": [
     -74.46008328977892,
     37.713089515502155
    ]
   },
   "properties": {
    "confidence": 0.353,
    "snr": 7.05,
    "peak_dn": 172.0,
    "background_dn": 64.4,
    "sigma_dn": 15.25,
    "pixels": 4,
    "length_m_approx": 20.0,
    "pixel": [
     17994.5,
     11064.5
    ],
    "scene": "S1A_IW_GRDH_1SDV_20240715T225841_20240715T225906_054778_06AB8D_6E9C_COG.SAFE",
    "t": "2024-07-15T22:58:41+00:00",
    "sensor": "sentinel1-vv-cfar",
    "uncertainty_m": 10.5
   }
  },
  {
   "type": "Feature",
   "geometry": {
    "type": "Point",
    "coordinates": [
     -74.23836858460842,
     37.6742056162203
    ]
   },
   "properties": {
    "confidence": 0.499,
    "snr": 9.98,
    "peak_dn": 215.0,
    "background_dn": 63.6,
    "sigma_dn": 15.18,
    "pixels": 13,
    "length_m_approx": 36.1,
    "pixel": [
     19849.0,
     10324.2
    ],
    "scene": "S1A_IW_GRDH_1SDV_20240715T225841_20240715T225906_054778_06AB8D_6E9C_COG.SAFE",
    "t": "2024-07-15T22:58:41+00:00",
    "sensor": "sentinel1-vv-cfar",
    "uncertainty_m": 18.3
   }
  },
  {
   "type": "Feature",
   "geometry": {
    "type": "Point",
    "coordinates": [
     -76.32289378472588,
     37.58404461967299
    ]
   },
   "properties": {
    "confidence": 0.369,
    "snr": 7.39,
    "peak_dn": 223.0,
    "background_dn": 79.8,
    "sigma_dn": 19.38,
    "pixels": 2,
    "length_m_approx": 14.1,
    "pixel": [
     1564.0,
     12537.5
    ],
    "scene": "S1A_IW_GRDH_1SDV_20240715T225841_20240715T225906_054778_06AB8D_6E9C_COG.SAFE",
    "t": "2024-07-15T22:58:41+00:00",
    "sensor": "sentinel1-vv-cfar",
    "uncertainty_m": 8.5
   }
  },
  {
   "type": "Feature",
   "geometry": {
    "type": "Point",
    "coordinates": [
     -76.1873380747883,
     37.581406369773354
    ]
   },
   "properties": {
    "confidence": 0.95,
    "snr": 56.3,
    "peak_dn": 1298.0,
    "background_dn": 91.4,
    "sigma_dn": 21.43,
    "pixels": 68,
    "length_m_approx": 82.5,
    "pixel": [
     2735.7,
     12290.7
    ],
    "scene": "S1A_IW_GRDH_1SDV_20240715T225841_20240715T225906_054778_06AB8D_6E9C_COG.SAFE",
    "t": "2024-07-15T22:58:41+00:00",
    "sensor": "sentinel1-vv-cfar",
    "uncertainty_m": 41.5
   }
  },
  {
   "type": "Feature",
   "geometry": {
    "type": "Point",
    "coordinates": [
     -76.0938448738105,
     37.78485768627824
    ]
   },
   "properties": {
    "confidence": 0.858,
    "snr": 17.15,
    "peak_dn": 463.0,
    "background_dn": 90.4,
    "sigma_dn": 21.72,
    "pixels": 8,
    "length_m_approx": 28.3,
    "pixel": [
     3968.1,
     14323.2
    ],
    "scene": "S1A_IW_GRDH_1SDV_20240715T225841_20240715T225906_054778_06AB8D_6E9C_COG.SAFE",
    "t": "2024-07-15T22:58:41+00:00",
    "sensor": "sentinel1-vv-cfar",
    "uncertainty_m": 14.9
   }
  },
  {
   "type": "Feature",
   "geometry": {
    "type": "Point",
    "coordinates": [
     -76.15379956524606,
     37.674484418166145
    ]
   },
   "properties": {
    "confidence": 0.851,
    "snr": 17.02,
    "peak_dn": 458.0,
    "background_dn": 92.4,
    "sigma_dn": 21.49,
    "pixels": 8,
    "length_m_approx": 28.3,
    "pixel": [
     3220.2,
     13235.1
    ],
    "scene": "S1A_IW_GRDH_1SDV_20240715T225841_20240715T225906_054778_06AB8D_6E9C_COG.SAFE",
    "t": "2024-07-15T22:58:41+00:00",
    "sensor": "sentinel1-vv-cfar",
    "uncertainty_m": 14.9
   }
  },
  {
   "type": "Feature",
   "geometry": {
    "type": "Point",
    "coordinates": [
     -76.13713349918629,
     37.65483139872005
    ]
   },
   "properties": {
    "confidence": 0.678,
    "snr": 13.56,
    "peak_dn": 384.0,
    "background_dn": 92.3,
    "sigma_dn": 21.51,
    "pixels": 9,
    "length_m_approx": 30.0,
    "pixel": [
     3323.9,
     12997.7
    ],
    "scene": "S1A_IW_GRDH_1SDV_20240715T225841_20240715T225906_054778_06AB8D_6E9C_COG.SAFE",
    "t": "2024-07-15T22:58:41+00:00",
    "sensor": "sentinel1-vv-cfar",
    "uncertainty_m": 15.7
   }
  },
  {
   "type": "Feature",
   "geometry": {
    "type": "Point",
    "coordinates": [
     -76.07714239256532,
     37.6015200043249
    ]
   },
   "properties": {
    "confidence": 0.66,
    "snr": 13.19,
    "peak_dn": 373.0,
    "background_dn": 91.1,
    "sigma_dn": 21.37,
    "pixels": 6,
    "length_m_approx": 24.5,
    "pixel": [
     3733.5,
     12330.0
    ],
    "scene": "S1A_IW_GRDH_1SDV_20240715T225841_20240715T225906_054778_06AB8D_6E9C_COG.SAFE",
    "t": "2024-07-15T22:58:41+00:00",
    "sensor": "sentinel1-vv-cfar",
    "uncertainty_m": 13.1
   }
  },
  {
   "type": "Feature",
   "geometry": {
    "type": "Point",
    "coordinates": [
     -76.17057556149784,
     37.77450432355651
    ]
   },
   "properties": {
    "confidence": 0.516,
    "snr": 10.32,
    "peak_dn": 312.0,
    "background_dn": 91.3,
    "sigma_dn": 21.39,
    "pixels": 4,
    "length_m_approx": 20.0,
    "pixel": [
     3282.5,
     14334.5
    ],
    "scene": "S1A_IW_GRDH_1SDV_20240715T225841_20240715T225906_054778_06AB8D_6E9C_COG.SAFE",
    "t": "2024-07-15T22:58:41+00:00",
    "sensor": "sentinel1-vv-cfar",
    "uncertainty_m": 11.1
   }
  },
  {
   "type": "Feature",
   "geometry": {
    "type": "Point",
    "coordinates": [
     -76.11778866394042,
     37.64021577998345
    ]
   },
   "properties": {
    "confidence": 0.485,
    "snr": 9.7,
    "peak_dn": 296.0,
    "background_dn": 90.0,
    "sigma_dn": 21.24,
    "pixels": 4,
    "length_m_approx": 20.0,
    "pixel": [
     3461.2,
     12810.0
    ],
    "scene": "S1A_IW_GRDH_1SDV_20240715T225841_20240715T225906_054778_06AB8D_6E9C_COG.SAFE",
    "t": "2024-07-15T22:58:41+00:00",
    "sensor": "sentinel1-vv-cfar",
    "uncertainty_m": 11.1
   }
  },
  {
   "type": "Feature",
   "geometry": {
    "type": "Point",
    "coordinates": [
     -76.18354776611699,
     37.705693814573166
    ]
   },
   "properties": {
    "confidence": 0.461,
    "snr": 9.22,
    "peak_dn": 302.0,
    "background_dn": 95.6,
    "sigma_dn": 22.39,
    "pixels": 3,
    "length_m_approx": 17.3,
    "pixel": [
     3027.3,
     13617.3
    ],
    "scene": "S1A_IW_GRDH_1SDV_20240715T225841_20240715T225906_054778_06AB8D_6E9C_COG.SAFE",
    "t": "2024-07-15T22:58:41+00:00",
    "sensor": "sentinel1-vv-cfar",
    "uncertainty_m": 9.9
   }
  },
  {
   "type": "Feature",
   "geometry": {
    "type": "Point",
    "coordinates": [
     -76.10014395154043,
     37.61950417261994
    ]
   },
   "properties": {
    "confidence": 0.456,
    "snr": 9.11,
    "peak_dn": 287.0,
    "background_dn": 92.1,
    "sigma_dn": 21.39,
    "pixels": 3,
    "length_m_approx": 17.3,
    "pixel": [
     3571.3,
     12559.7
    ],
    "scene": "S1A_IW_GRDH_1SDV_20240715T225841_20240715T225906_054778_06AB8D_6E9C_COG.SAFE",
    "t": "2024-07-15T22:58:41+00:00",
    "sensor": "sentinel1-vv-cfar",
    "uncertainty_m": 9.9
   }
  },
  {
   "type": "Feature",
   "geometry": {
    "type": "Point",
    "coordinates": [
     -76.09777360119858,
     37.62135182607061
    ]
   },
   "properties": {
    "confidence": 0.382,
    "snr": 7.64,
    "peak_dn": 260.0,
    "background_dn": 92.4,
    "sigma_dn": 21.94,
    "pixels": 3,
    "length_m_approx": 17.3,
    "pixel": [
     3595.7,
     12575.7
    ],
    "scene": "S1A_IW_GRDH_1SDV_20240715T225841_20240715T225906_054778_06AB8D_6E9C_COG.SAFE",
    "t": "2024-07-15T22:58:41+00:00",
    "sensor": "sentinel1-vv-cfar",
    "uncertainty_m": 9.9
   }
  },
  {
   "type": "Feature",
   "geometry": {
    "type": "Point",
    "coordinates": [
     -76.07982739309067,
     37.599954927052025
    ]
   },
   "properties": {
    "confidence": 0.348,
    "snr": 6.95,
    "peak_dn": 241.0,
    "background_dn": 91.2,
    "sigma_dn": 21.55,
    "pixels": 2,
    "length_m_approx": 14.1,
    "pixel": [
     3707.0,
     12317.5
    ],
    "scene": "S1A_IW_GRDH_1SDV_20240715T225841_20240715T225906_054778_06AB8D_6E9C_COG.SAFE",
    "t": "2024-07-15T22:58:41+00:00",
    "sensor": "sentinel1-vv-cfar",
    "uncertainty_m": 8.5
   }
  },
  {
   "type": "Feature",
   "geometry": {
    "type": "Point",
    "coordinates": [
     -75.89314164444448,
     37.79977886126727
    ]
   },
   "properties": {
    "confidence": 0.88,
    "snr": 17.6,
    "peak_dn": 495.0,
    "background_dn": 84.9,
    "sigma_dn": 23.3,
    "pixels": 112,
    "length_m_approx": 105.8,
    "pixel": [
     5735.9,
     14166.2
    ],
    "scene": "S1A_IW_GRDH_1SDV_20240715T225841_20240715T225906_054778_06AB8D_6E9C_COG.SAFE",
    "t": "2024-07-15T22:58:41+00:00",
    "sensor": "sentinel1-vv-cfar",
    "uncertainty_m": 53.1
   }
  },
  {
   "type": "Feature",
   "geometry": {
    "type": "Point",
    "coordinates": [
     -75.89395996176857,
     37.801734348086015
    ]
   },
   "properties": {
    "confidence": 0.602,
    "snr": 12.04,
    "peak_dn": 429.0,
    "background_dn": 85.8,
    "sigma_dn": 28.49,
    "pixels": 14,
    "length_m_approx": 37.4,
    "pixel": [
     5732.8,
     14188.5
    ],
    "scene": "S1A_IW_GRDH_1SDV_20240715T225841_20240715T225906_054778_06AB8D_6E9C_COG.SAFE",
    "t": "2024-07-15T22:58:41+00:00",
    "sensor": "sentinel1-vv-cfar",
    "uncertainty_m": 19.3
   }
  },
  {
   "type": "Feature",
   "geometry": {
    "type": "Point",
    "coordinates": [
     -75.89229418170892,
     37.79864177152189
    ]
   },
   "properties": {
    "confidence": 0.531,
    "snr": 10.61,
    "peak_dn": 370.0,
    "background_dn": 86.2,
    "sigma_dn": 26.74,
    "pixels": 7,
    "length_m_approx": 26.5,
    "pixel": [
     5740.9,
     14152.7
    ],
    "scene": "S1A_IW_GRDH_1SDV_20240715T225841_20240715T225906_054778_06AB8D_6E9C_COG.SAFE",
    "t": "2024-07-15T22:58:41+00:00",
    "sensor": "sentinel1-vv-cfar",
    "uncertainty_m": 14.0
   }
  },
  {
   "type": "Feature",
   "geometry": {
    "type": "Point",
    "coordinates": [
     -75.89348150158638,
     37.80145812184386
    ]
   },
   "properties": {
    "confidence": 0.411,
    "snr": 8.23,
    "peak_dn": 305.0,
    "background_dn": 85.5,
    "sigma_dn": 26.68,
    "pixels": 5,
    "length_m_approx": 22.4,
    "pixel": [
     5736.4,
     14184.8
    ],
    "scene": "S1A_IW_GRDH_1SDV_20240715T225841_20240715T225906_054778_06AB8D_6E9C_COG.SAFE",
    "t": "2024-07-15T22:58:41+00:00",
    "sensor": "sentinel1-vv-cfar",
    "uncertainty_m": 12.1
   }
  },
  {
   "type": "Feature",
   "geometry": {
    "type": "Point",
    "coordinates": [
     -75.9728607835417,
     37.788122212513244
    ]
   },
   "properties": {
    "confidence": 0.357,
    "snr": 7.14,
    "peak_dn": 239.0,
    "background_dn": 87.1,
    "sigma_dn": 21.27,
    "pixels": 2,
    "length_m_approx": 14.1,
    "pixel": [
     5022.0,
     14166.5
    ],
    "scene": "S1A_IW_GRDH_1SDV_20240715T225841_20240715T225906_054778_06AB8D_6E9C_COG.SAFE",
    "t": "2024-07-15T22:58:41+00:00",
    "sensor": "sentinel1-vv-cfar",
    "uncertainty_m": 8.5
   }
  },
  {
   "type": "Feature",
   "geometry": {
    "type": "Point",
    "coordinates": [
     -75.89353800386345,
     37.8018114218103
    ]
   },
   "properties": {
    "confidence": 0.346,
    "snr": 6.92,
    "peak_dn": 284.0,
    "background_dn": 86.0,
    "sigma_dn": 28.59,
    "pixels": 3,
    "length_m_approx": 17.3,
    "pixel": [
     5736.7,
     14188.7
    ],
    "scene": "S1A_IW_GRDH_1SDV_20240715T225841_20240715T225906_054778_06AB8D_6E9C_COG.SAFE",
    "t": "2024-07-15T22:58:41+00:00",
    "sensor": "sentinel1-vv-cfar",
    "uncertainty_m": 9.9
   }
  },
  {
   "type": "Feature",
   "geometry": {
    "type": "Point",
    "coordinates": [
     -75.8923307273052,
     37.79833999109299
    ]
   },
   "properties": {
    "confidence": 0.337,
    "snr": 6.74,
    "peak_dn": 271.0,
    "background_dn": 86.4,
    "sigma_dn": 27.37,
    "pixels": 2,
    "length_m_approx": 14.1,
    "pixel": [
     5740.0,
     14149.5
    ],
    "scene": "S1A_IW_GRDH_1SDV_20240715T225841_20240715T225906_054778_06AB8D_6E9C_COG.SAFE",
    "t": "2024-07-15T22:58:41+00:00",
    "sensor": "sentinel1-vv-cfar",
    "uncertainty_m": 8.5
   }
  },
  {
   "type": "Feature",
   "geometry": {
    "type": "Point",
    "coordinates": [
     -75.89299985270634,
     37.801331103695354
    ]
   },
   "properties": {
    "confidence": 0.333,
    "snr": 6.66,
    "peak_dn": 253.0,
    "background_dn": 85.2,
    "sigma_dn": 25.19,
    "pixels": 3,
    "length_m_approx": 17.3,
    "pixel": [
     5740.3,
     14182.7
    ],
    "scene": "S1A_IW_GRDH_1SDV_20240715T225841_20240715T225906_054778_06AB8D_6E9C_COG.SAFE",
    "t": "2024-07-15T22:58:41+00:00",
    "sensor": "sentinel1-vv-cfar",
    "uncertainty_m": 9.9
   }
  },
  {
   "type": "Feature",
   "geometry": {
    "type": "Point",
    "coordinates": [
     -75.73827540355215,
     37.822723401384195
    ]
   },
   "properties": {
    "confidence": 0.505,
    "snr": 10.11,
    "peak_dn": 304.0,
    "background_dn": 87.9,
    "sigma_dn": 21.38,
    "pixels": 10,
    "length_m_approx": 31.6,
    "pixel": [
     7122.8,
     14170.3
    ],
    "scene": "S1A_IW_GRDH_1SDV_20240715T225841_20240715T225906_054778_06AB8D_6E9C_COG.SAFE",
    "t": "2024-07-15T22:58:41+00:00",
    "sensor": "sentinel1-vv-cfar",
    "uncertainty_m": 16.6
   }
  },
  {
   "type": "Feature",
   "geometry": {
    "type": "Point",
    "coordinates": [
     -75.74223307402974,
     37.82049265405426
    ]
   },
   "properties": {
    "confidence": 0.33,
    "snr": 6.6,
    "peak_dn": 227.0,
    "background_dn": 87.1,
    "sigma_dn": 21.2,
    "pixels": 2,
    "length_m_approx": 14.1,
    "pixel": [
     7084.0,
     14152.5
    ],
    "scene": "S1A_IW_GRDH_1SDV_20240715T225841_20240715T225906_054778_06AB8D_6E9C_COG.SAFE",
    "t": "2024-07-15T22:58:41+00:00",
    "sensor": "sentinel1-vv-cfar",
    "uncertainty_m": 8.6
   }
  },
  {
   "type": "Feature",
   "geometry": {
    "type": "Point",
    "coordinates": [
     -75.41146311589578,
     37.85222397180715
    ]
   },
   "properties": {
    "confidence": 0.67,
    "snr": 13.4,
    "peak_dn": 318.0,
    "background_dn": 74.9,
    "sigma_dn": 18.14,
    "pixels": 6,
    "length_m_approx": 24.5,
    "pixel": [
     10011.5,
     13983.0
    ],
    "scene": "S1A_IW_GRDH_1SDV_20240715T225841_20240715T225906_054778_06AB8D_6E9C_COG.SAFE",
    "t": "2024-07-15T22:58:41+00:00",
    "sensor": "sentinel1-vv-cfar",
    "uncertainty_m": 13.2
   }
  },
  {
   "type": "Feature",
   "geometry": {
    "type": "Point",
    "coordinates": [
     -75.37180437433169,
     37.79038874829034
    ]
   },
   "properties": {
    "confidence": 0.579,
    "snr": 11.57,
    "peak_dn": 261.0,
    "background_dn": 70.5,
    "sigma_dn": 16.46,
    "pixels": 6,
    "length_m_approx": 24.5,
    "pixel": [
     10232.5,
     13257.0
    ],
    "scene": "S1A_IW_GRDH_1SDV_20240715T225841_20240715T225906_054778_06AB8D_6E9C_COG.SAFE",
    "t": "2024-07-15T22:58:41+00:00",
    "sensor": "sentinel1-vv-cfar",
    "uncertainty_m": 13.2
   }
  },
  {
   "type": "Feature",
   "geometry": {
    "type": "Point",
    "coordinates": [
     -75.24581639306096,
     37.84054634804656
    ]
   },
   "properties": {
    "confidence": 0.62,
    "snr": 12.41,
    "peak_dn": 260.0,
    "background_dn": 63.5,
    "sigma_dn": 15.84,
    "pixels": 13,
    "length_m_approx": 36.1,
    "pixel": [
     11423.2,
     13605.1
    ],
    "scene": "S1A_IW_GRDH_1SDV_20240715T225841_20240715T225906_054778_06AB8D_6E9C_COG.SAFE",
    "t": "2024-07-15T22:58:41+00:00",
    "sensor": "sentinel1-vv-cfar",
    "uncertainty_m": 18.7
   }
  },
  {
   "type": "Feature",
   "geometry": {
    "type": "Point",
    "coordinates": [
     -75.33749816343716,
     37.85262523003337
    ]
   },
   "properties": {
    "confidence": 0.359,
    "snr": 7.18,
    "peak_dn": 188.0,
    "background_dn": 69.3,
    "sigma_dn": 16.53,
    "pixels": 2,
    "length_m_approx": 14.1,
    "pixel": [
     10653.0,
     13874.5
    ],
    "scene": "S1A_IW_GRDH_1SDV_20240715T225841_20240715T225906_054778_06AB8D_6E9C_COG.SAFE",
    "t": "2024-07-15T22:58:41+00:00",
    "sensor": "sentinel1-vv-cfar",
    "uncertainty_m": 8.6
   }
  },
  {
   "type": "Feature",
   "geometry": {
    "type": "Point",
    "coordinates": [
     -75.35602544994315,
     37.87203190867045
    ]
   },
   "properties": {
    "confidence": 0.353,
    "snr": 7.07,
    "peak_dn": 206.0,
    "background_dn": 68.7,
    "sigma_dn": 19.43,
    "pixels": 2,
    "length_m_approx": 14.1,
    "pixel": [
     10531.0,
     14111.5
    ],
    "scene": "S1A_IW_GRDH_1SDV_20240715T225841_20240715T225906_054778_06AB8D_6E9C_COG.SAFE",
    "t": "2024-07-15T22:58:41+00:00",
    "sensor": "sentinel1-vv-cfar",
    "uncertainty_m": 8.6
   }
  },
  {
   "type": "Feature",
   "geometry": {
    "type": "Point",
    "coordinates": [
     -74.49444242768838,
     37.86189116574162
    ]
   },
   "properties": {
    "confidence": 0.95,
    "snr": 34.38,
    "peak_dn": 730.0,
    "background_dn": 79.4,
    "sigma_dn": 18.92,
    "pixels": 43,
    "length_m_approx": 65.6,
    "pixel": [
     17976.7,
     12720.9
    ],
    "scene": "S1A_IW_GRDH_1SDV_20240715T225841_20240715T225906_054778_06AB8D_6E9C_COG.SAFE",
    "t": "2024-07-15T22:58:41+00:00",
    "sensor": "sentinel1-vv-cfar",
    "uncertainty_m": 32.9
   }
  },
  {
   "type": "Feature",
   "geometry": {
    "type": "Point",
    "coordinates": [
     -74.5055321483283,
     37.91154117918477
    ]
   },
   "properties": {
    "confidence": 0.95,
    "snr": 26.58,
    "peak_dn": 582.0,
    "background_dn": 80.8,
    "sigma_dn": 18.86,
    "pixels": 38,
    "length_m_approx": 61.6,
    "pixel": [
     17974.1,
     13273.0
    ],
    "scene": "S1A_IW_GRDH_1SDV_20240715T225841_20240715T225906_054778_06AB8D_6E9C_COG.SAFE",
    "t": "2024-07-15T22:58:41+00:00",
    "sensor": "sentinel1-vv-cfar",
    "uncertainty_m": 31.0
   }
  },
  {
   "type": "Feature",
   "geometry": {
    "type": "Point",
    "coordinates": [
     -74.49466495653624,
     37.862799803188715
    ]
   },
   "properties": {
    "confidence": 0.394,
    "snr": 7.89,
    "peak_dn": 229.0,
    "background_dn": 79.2,
    "sigma_dn": 18.99,
    "pixels": 2,
    "length_m_approx": 14.1,
    "pixel": [
     17976.5,
     12731.0
    ],
    "scene": "S1A_IW_GRDH_1SDV_20240715T225841_20240715T225906_054778_06AB8D_6E9C_COG.SAFE",
    "t": "2024-07-15T22:58:41+00:00",
    "sensor": "sentinel1-vv-cfar",
    "uncertainty_m": 7.8
   }
  },
  {
   "type": "Feature",
   "geometry": {
    "type": "Point",
    "coordinates": [
     -74.49419269687851,
     37.86064031057202
    ]
   },
   "properties": {
    "confidence": 0.334,
    "snr": 6.68,
    "peak_dn": 208.0,
    "background_dn": 79.6,
    "sigma_dn": 19.2,
    "pixels": 2,
    "length_m_approx": 14.1,
    "pixel": [
     17976.5,
     12707.0
    ],
    "scene": "S1A_IW_GRDH_1SDV_20240715T225841_20240715T225906_054778_06AB8D_6E9C_COG.SAFE",
    "t": "2024-07-15T22:58:41+00:00",
    "sensor": "sentinel1-vv-cfar",
    "uncertainty_m": 7.8
   }
  },
  {
   "type": "Feature",
   "geometry": {
    "type": "Point",
    "coordinates": [
     -74.01955551027326,
     37.92048835107962
    ]
   },
   "properties": {
    "confidence": 0.929,
    "snr": 18.58,
    "peak_dn": 329.0,
    "background_dn": 61.3,
    "sigma_dn": 14.41,
    "pixels": 14,
    "length_m_approx": 37.4,
    "pixel": [
     22203.8,
     12675.6
    ],
    "scene": "S1A_IW_GRDH_1SDV_20240715T225841_20240715T225906_054778_06AB8D_6E9C_COG.SAFE",
    "t": "2024-07-15T22:58:41+00:00",
    "sensor": "sentinel1-vv-cfar",
    "uncertainty_m": 19.0
   }
  },
  {
   "type": "Feature",
   "geometry": {
    "type": "Point",
    "coordinates": [
     -74.18970717611886,
     37.947884243957745
    ]
   },
   "properties": {
    "confidence": 0.323,
    "snr": 6.46,
    "peak_dn": 167.0,
    "background_dn": 67.1,
    "sigma_dn": 15.47,
    "pixels": 2,
    "length_m_approx": 14.1,
    "pixel": [
     20779.0,
     13212.5
    ],
    "scene": "S1A_IW_GRDH_1SDV_20240715T225841_20240715T225906_054778_06AB8D_6E9C_COG.SAFE",
    "t": "2024-07-15T22:58:41+00:00",
    "sensor": "sentinel1-vv-cfar",
    "uncertainty_m": 7.8
   }
  },
  {
   "type": "Feature",
   "geometry": {
    "type": "Point",
    "coordinates": [
     -74.16875626492126,
     37.97902424773994
    ]
   },
   "properties": {
    "confidence": 0.32,
    "snr": 6.4,
    "peak_dn": 160.0,
    "background_dn": 63.7,
    "sigma_dn": 15.06,
    "pixels": 2,
    "length_m_approx": 14.1,
    "pixel": [
     21018.0,
     13519.5
    ],
    "scene": "S1A_IW_GRDH_1SDV_20240715T225841_20240715T225906_054778_06AB8D_6E9C_COG.SAFE",
    "t": "2024-07-15T22:58:41+00:00",
    "sensor": "sentinel1-vv-cfar",
    "uncertainty_m": 7.8
   }
  },
  {
   "type": "Feature",
   "geometry": {
    "type": "Point",
    "coordinates": [
     -73.90857468321595,
     38.01197820841908
    ]
   },
   "properties": {
    "confidence": 0.95,
    "snr": 43.71,
    "peak_dn": 707.0,
    "background_dn": 62.2,
    "sigma_dn": 14.75,
    "pixels": 23,
    "length_m_approx": 48.0,
    "pixel": [
     23332.4,
     13510.1
    ],
    "scene": "S1A_IW_GRDH_1SDV_20240715T225841_20240715T225906_054778_06AB8D_6E9C_COG.SAFE",
    "t": "2024-07-15T22:58:41+00:00",
    "sensor": "sentinel1-vv-cfar",
    "uncertainty_m": 24.2
   }
  },
  {
   "type": "Feature",
   "geometry": {
    "type": "Point",
    "coordinates": [
     -76.23349028057757,
     37.7908941654285
    ]
   },
   "properties": {
    "confidence": 0.84,
    "snr": 16.8,
    "peak_dn": 452.0,
    "background_dn": 92.7,
    "sigma_dn": 21.39,
    "pixels": 9,
    "length_m_approx": 30.0,
    "pixel": [
     2771.9,
     14610.7
    ],
    "scene": "S1A_IW_GRDH_1SDV_20240715T225841_20240715T225906_054778_06AB8D_6E9C_COG.SAFE",
    "t": "2024-07-15T22:58:41+00:00",
    "sensor": "sentinel1-vv-cfar",
    "uncertainty_m": 15.7
   }
  },
  {
   "type": "Feature",
   "geometry": {
    "type": "Point",
    "coordinates": [
     -76.15053556000949,
     37.92542986373607
    ]
   },
   "properties": {
    "confidence": 0.817,
    "snr": 16.34,
    "peak_dn": 459.0,
    "background_dn": 95.1,
    "sigma_dn": 22.27,
    "pixels": 9,
    "length_m_approx": 30.0,
    "pixel": [
     3768.7,
     15921.2
    ],
    "scene": "S1A_IW_GRDH_1SDV_20240715T225841_20240715T225906_054778_06AB8D_6E9C_COG.SAFE",
    "t": "2024-07-15T22:58:41+00:00",
    "sensor": "sentinel1-vv-cfar",
    "uncertainty_m": 15.7
   }
  },
  {
   "type": "Feature",
   "geometry": {
    "type": "Point",
    "coordinates": [
     -76.15113539801223,
     37.88005966093465
    ]
   },
   "properties": {
    "confidence": 0.491,
    "snr": 9.83,
    "peak_dn": 334.0,
    "background_dn": 101.4,
    "sigma_dn": 23.66,
    "pixels": 4,
    "length_m_approx": 20.0,
    "pixel": [
     3669.5,
     15435.5
    ],
    "scene": "S1A_IW_GRDH_1SDV_20240715T225841_20240715T225906_054778_06AB8D_6E9C_COG.SAFE",
    "t": "2024-07-15T22:58:41+00:00",
    "sensor": "sentinel1-vv-cfar",
    "uncertainty_m": 11.1
   }
  },
  {
   "type": "Feature",
   "geometry": {
    "type": "Point",
    "coordinates": [
     -76.19388136647757,
     37.94069628375418
    ]
   },
   "properties": {
    "confidence": 0.333,
    "snr": 6.66,
    "peak_dn": 235.0,
    "background_dn": 91.6,
    "sigma_dn": 21.53,
    "pixels": 2,
    "length_m_approx": 14.1,
    "pixel": [
     3425.5,
     16154.0
    ],
    "scene": "S1A_IW_GRDH_1SDV_20240715T225841_20240715T225906_054778_06AB8D_6E9C_COG.SAFE",
    "t": "2024-07-15T22:58:41+00:00",
    "sensor": "sentinel1-vv-cfar",
    "uncertainty_m": 8.5
   }
  },
  {
   "type": "Feature",
   "geometry": {
    "type": "Point",
    "coordinates": [
     -76.00371136793333,
     37.86878954828903
    ]
   },
   "properties": {
    "confidence": 0.618,
    "snr": 12.36,
    "peak_dn": 371.0,
    "background_dn": 82.0,
    "sigma_dn": 23.39,
    "pixels": 48,
    "length_m_approx": 69.3,
    "pixel": [
     4920.9,
     15081.0
    ],
    "scene": "S1A_IW_GRDH_1SDV_20240715T225841_20240715T225906_054778_06AB8D_6E9C_COG.SAFE",
    "t": "2024-07-15T22:58:41+00:00",
    "sensor": "sentinel1-vv-cfar",
    "uncertainty_m": 35.0
   }
  },
  {
   "type": "Feature",
   "geometry": {
    "type": "Point",
    "coordinates": [
     -76.06594562591297,
     37.80443306556982
    ]
   },
   "properties": {
    "confidence": 0.585,
    "snr": 11.7,
    "peak_dn": 330.0,
    "background_dn": 89.3,
    "sigma_dn": 20.57,
    "pixels": 5,
    "length_m_approx": 22.4,
    "pixel": [
     4250.0,
     14489.0
    ],
    "scene": "S1A_IW_GRDH_1SDV_20240715T225841_20240715T225906_054778_06AB8D_6E9C_COG.SAFE",
    "t": "2024-07-15T22:58:41+00:00",
    "sensor": "sentinel1-vv-cfar",
    "uncertainty_m": 12.1
   }
  },
  {
   "type": "Feature",
   "geometry": {
    "type": "Point",
    "coordinates": [
     -75.94848992914064,
     37.852091682493416
    ]
   },
   "properties": {
    "confidence": 0.568,
    "snr": 11.36,
    "peak_dn": 287.0,
    "background_dn": 78.5,
    "sigma_dn": 18.35,
    "pixels": 6,
    "length_m_approx": 24.5,
    "pixel": [
     5364.2,
     14814.8
    ],
    "scene": "S1A_IW_GRDH_1SDV_20240715T225841_20240715T225906_054778_06AB8D_6E9C_COG.SAFE",
    "t": "2024-07-15T22:58:41+00:00",
    "sensor": "sentinel1-vv-cfar",
    "uncertainty_m": 13.1
   }
  },
  {
   "type": "Feature",
   "geometry": {
    "type": "Point",
    "coordinates": [
     -75.90031029601303,
     37.896014018257596
    ]
   },
   "properties": {
    "confidence": 0.545,
    "snr": 10.89,
    "peak_dn": 301.0,
    "background_dn": 82.5,
    "sigma_dn": 20.06,
    "pixels": 48,
    "length_m_approx": 69.3,
    "pixel": [
     5870.6,
     15210.7
    ],
    "scene": "S1A_IW_GRDH_1SDV_20240715T225841_20240715T225906_054778_06AB8D_6E9C_COG.SAFE",
    "t": "2024-07-15T22:58:41+00:00",
    "sensor": "sentinel1-vv-cfar",
    "uncertainty_m": 35.0
   }
  },
  {
   "type": "Feature",
   "geometry": {
    "type": "Point",
    "coordinates": [
     -76.00453575413584,
     37.86895638890006
    ]
   },
   "properties": {
    "confidence": 0.48,
    "snr": 9.6,
    "peak_dn": 300.0,
    "background_dn": 81.6,
    "sigma_dn": 22.74,
    "pixels": 8,
    "length_m_approx": 28.3,
    "pixel": [
     4914.1,
     15084.1
    ],
    "scene": "S1A_IW_GRDH_1SDV_20240715T225841_20240715T225906_054778_06AB8D_6E9C_COG.SAFE",
    "t": "2024-07-15T22:58:41+00:00",
    "sensor": "sentinel1-vv-cfar",
    "uncertainty_m": 14.9
   }
  },
  {
   "type": "Feature",
   "geometry": {
    "type": "Point",
    "coordinates": [
     -76.00397955133107,
     37.869960318225544
    ]
   },
   "properties": {
    "confidence": 0.468,
    "snr": 9.35,
    "peak_dn": 299.0,
    "background_dn": 81.5,
    "sigma_dn": 23.25,
    "pixels": 7,
    "length_m_approx": 26.5,
    "pixel": [
     4921.0,
     15094.0
    ],
    "scene": "S1A_IW_GRDH_1SDV_20240715T225841_20240715T225906_054778_06AB8D_6E9C_COG.SAFE",
    "t": "2024-07-15T22:58:41+00:00",
    "sensor": "sentinel1-vv-cfar",
    "uncertainty_m": 14.0
   }
  },
  {
   "type": "Feature",
   "geometry": {
    "type": "Point",
    "coordinates": [
     -75.90122941680261,
     37.89646490013914
    ]
   },
   "properties": {
    "confidence": 0.454,
    "snr": 9.08,
    "peak_dn": 266.0,
    "background_dn": 82.8,
    "sigma_dn": 20.17,
    "pixels": 5,
    "length_m_approx": 22.4,
    "pixel": [
     5863.6,
     15217.0
    ],
    "scene": "S1A_IW_GRDH_1SDV_20240715T225841_20240715T225906_054778_06AB8D_6E9C_COG.SAFE",
    "t": "2024-07-15T22:58:41+00:00",
    "sensor": "sentinel1-vv-cfar",
    "uncertainty_m": 12.1
   }
  },
  {
   "type": "Feature",
   "geometry": {
    "type": "Point",
    "coordinates": [
     -75.90016990173376,
     37.89530064213359
    ]
   },
   "properties": {
    "confidence": 0.442,
    "snr": 8.84,
    "peak_dn": 262.0,
    "background_dn": 82.7,
    "sigma_dn": 20.28,
    "pixels": 5,
    "length_m_approx": 22.4,
    "pixel": [
     5870.4,
     15202.8
    ],
    "scene": "S1A_IW_GRDH_1SDV_20240715T225841_20240715T225906_054778_06AB8D_6E9C_COG.SAFE",
    "t": "2024-07-15T22:58:41+00:00",
    "sensor": "sentinel1-vv-cfar",
    "uncertainty_m": 12.1
   }
  },
  {
   "type": "Feature",
   "geometry": {
    "type": "Point",
    "coordinates": [
     -75.90121967069625,
     37.90517608846595
    ]
   },
   "properties": {
    "confidence": 0.442,
    "snr": 8.84,
    "peak_dn": 249.0,
    "background_dn": 79.6,
    "sigma_dn": 19.17,
    "pixels": 4,
    "length_m_approx": 20.0,
    "pixel": [
     5881.5,
     15310.5
    ],
    "scene": "S1A_IW_GRDH_1SDV_20240715T225841_20240715T225906_054778_06AB8D_6E9C_COG.SAFE",
    "t": "2024-07-15T22:58:41+00:00",
    "sensor": "sentinel1-vv-cfar",
    "uncertainty_m": 11.1
   }
  },
  {
   "type": "Feature",
   "geometry": {
    "type": "Point",
    "coordinates": [
     -75.89951685524913,
     37.90654365788534
    ]
   },
   "properties": {
    "confidence": 0.436,
    "snr": 8.71,
    "peak_dn": 246.0,
    "background_dn": 79.8,
    "sigma_dn": 19.07,
    "pixels": 4,
    "length_m_approx": 20.0,
    "pixel": [
     5899.0,
     15322.5
    ],
    "scene": "S1A_IW_GRDH_1SDV_20240715T225841_20240715T225906_054778_06AB8D_6E9C_COG.SAFE",
    "t": "2024-07-15T22:58:41+00:00",
    "sensor": "sentinel1-vv-cfar",
    "uncertainty_m": 11.1
   }
  },
  {
   "type": "Feature",
   "geometry": {
    "type": "Point",
    "coordinates": [
     -75.89955767338142,
     37.905976240056646
    ]
   },
   "properties": {
    "confidence": 0.423,
    "snr": 8.47,
    "peak_dn": 242.0,
    "background_dn": 79.7,
    "sigma_dn": 19.17,
    "pixels": 4,
    "length_m_approx": 20.0,
    "pixel": [
     5897.5,
     15316.5
    ],
    "scene": "S1A_IW_GRDH_1SDV_20240715T225841_20240715T225906_054778_06AB8D_6E9C_COG.SAFE",
    "t": "2024-07-15T22:58:41+00:00",
    "sensor": "sentinel1-vv-cfar",
    "uncertainty_m": 11.1
   }
  },
  {
   "type": "Feature",
   "geometry": {
    "type": "Point",
    "coordinates": [
     -76.01113119587045,
     37.88151683787433
    ]
   },
   "properties": {
    "confidence": 0.421,
    "snr": 8.42,
    "peak_dn": 227.0,
    "background_dn": 65.0,
    "sigma_dn": 19.25,
    "pixels": 6,
    "length_m_approx": 24.5,
    "pixel": [
     4882.9,
     15229.4
    ],
    "scene": "S1A_IW_GRDH_1SDV_20240715T225841_20240715T225906_054778_06AB8D_6E9C_COG.SAFE",
    "t": "2024-07-15T22:58:41+00:00",
    "sensor": "sentinel1-vv-cfar",
    "uncertainty_m": 13.1
   }
  },
  {
   "type": "Feature",
   "geometry": {
    "type": "Point",
    "coordinates": [
     -76.0027757119198,
     37.86888765691026
    ]
   },
   "properties": {
    "confidence": 0.412,
    "snr": 8.23,
    "peak_dn": 282.0,
    "background_dn": 82.5,
    "sigma_dn": 24.22,
    "pixels": 5,
    "length_m_approx": 22.4,
    "pixel": [
     4929.2,
     15080.6
    ],
    "scene": "S1A_IW_GRDH_1SDV_20240715T225841_20240715T225906_054778_06AB8D_6E9C_COG.SAFE",
    "t": "2024-07-15T22:58:41+00:00",
    "sensor": "sentinel1-vv-cfar",
    "uncertainty_m": 12.1
   }
  },
  {
   "type": "Feature",
   "geometry": {
    "type": "Point",
    "coordinates": [
     -76.01274501205657,
     37.88180420310981
    ]
   },
   "properties": {
    "confidence": 0.408,
    "snr": 8.17,
    "peak_dn": 222.0,
    "background_dn": 64.0,
    "sigma_dn": 19.35,
    "pixels": 2,
    "length_m_approx": 14.1,
    "pixel": [
     4869.5,
     15235.0
    ],
    "scene": "S1A_IW_GRDH_1SDV_20240715T225841_20240715T225906_054778_06AB8D_6E9C_COG.SAFE",
    "t": "2024-07-15T22:58:41+00:00",
    "sensor": "sentinel1-vv-cfar",
    "uncertainty_m": 8.5
   }
  },
  {
   "type": "Feature",
   "geometry": {
    "type": "Point",
    "coordinates": [
     -76.0045072712611,
     37.8695100369509
    ]
   },
   "properties": {
    "confidence": 0.403,
    "snr": 8.06,
    "peak_dn": 263.0,
    "background_dn": 81.4,
    "sigma_dn": 22.54,
    "pixels": 6,
    "length_m_approx": 24.5,
    "pixel": [
     4915.5,
     15090.0
    ],
    "scene": "S1A_IW_GRDH_1SDV_20240715T225841_20240715T225906_054778_06AB8D_6E9C_COG.SAFE",
    "t": "2024-07-15T22:58:41+00:00",
    "sensor": "sentinel1-vv-cfar",
    "uncertainty_m": 13.1
   }
  },
  {
   "type": "Feature",
   "geometry": {
    "type": "Point",
    "coordinates": [
     -75.89937423016228,
     37.89589981852971
    ]
   },
   "properties": {
    "confidence": 0.402,
    "snr": 8.04,
    "peak_dn": 250.0,
    "background_dn": 82.7,
    "sigma_dn": 20.81,
    "pixels": 4,
    "length_m_approx": 20.0,
    "pixel": [
     5878.5,
     15208.0
    ],
    "scene": "S1A_IW_GRDH_1SDV_20240715T225841_20240715T225906_054778_06AB8D_6E9C_COG.SAFE",
    "t": "2024-07-15T22:58:41+00:00",
    "sensor": "sentinel1-vv-cfar",
    "uncertainty_m": 11.1
   }
  },
  {
   "type": "Feature",
   "geometry": {
    "type": "Point",
    "coordinates": [
     -76.00287354309712,
     37.86793485139886
    ]
   },
   "properties": {
    "confidence": 0.386,
    "snr": 7.73,
    "peak_dn": 287.0,
    "background_dn": 84.0,
    "sigma_dn": 26.27,
    "pixels": 5,
    "length_m_approx": 22.4,
    "pixel": [
     4926.4,
     15070.5
    ],
    "scene": "S1A_IW_GRDH_1SDV_20240715T225841_20240715T225906_054778_06AB8D_6E9C_COG.SAFE",
    "t": "2024-07-15T22:58:41+00:00",
    "sensor": "sentinel1-vv-cfar",
    "uncertainty_m": 12.1
   }
  },
  {
   "type": "Feature",
   "geometry": {
    "type": "Point",
    "coordinates": [
     -76.0053880382813,
     37.87054619709093
    ]
   },
   "properties": {
    "confidence": 0.385,
    "snr": 7.7,
    "peak_dn": 288.0,
    "background_dn": 82.5,
    "sigma_dn": 26.69,
    "pixels": 2,
    "length_m_approx": 14.1,
    "pixel": [
     4910.0,
     15102.5
    ],
    "scene": "S1A_IW_GRDH_1SDV_20240715T225841_20240715T225906_054778_06AB8D_6E9C_COG.SAFE",
    "t": "2024-07-15T22:58:41+00:00",
    "sensor": "sentinel1-vv-cfar",
    "uncertainty_m": 8.5
   }
  },
  {
   "type": "Feature",
   "geometry": {
    "type": "Point",
    "coordinates": [
     -76.01159105753939,
     37.88087411109212
    ]
   },
   "properties": {
    "confidence": 0.378,
    "snr": 7.57,
    "peak_dn": 212.0,
    "background_dn": 65.9,
    "sigma_dn": 19.32,
    "pixels": 5,
    "length_m_approx": 22.4,
    "pixel": [
     4877.6,
     15223.2
    ],
    "scene": "S1A_IW_GRDH_1SDV_20240715T225841_20240715T225906_054778_06AB8D_6E9C_COG.SAFE",
    "t": "2024-07-15T22:58:41+00:00",
    "sensor": "sentinel1-vv-cfar",
    "uncertainty_m": 12.1
   }
  },
  {
   "type": "Feature",
   "geometry": {
    "type": "Point",
    "coordinates": [
     -76.00305798658633,
     37.868623262722494
    ]
   },
   "properties": {
    "confidence": 0.371,
    "snr": 7.42,
    "peak_dn": 261.0,
    "background_dn": 82.6,
    "sigma_dn": 24.06,
    "pixels": 5,
    "length_m_approx": 22.4,
    "pixel": [
     4926.2,
     15078.2
    ],
    "scene": "S1A_IW_GRDH_1SDV_20240715T225841_20240715T225906_054778_06AB8D_6E9C_COG.SAFE",
    "t": "2024-07-15T22:58:41+00:00",
    "sensor": "sentinel1-vv-cfar",
    "uncertainty_m": 12.1
   }
  },
  {
   "type": "Feature",
   "geometry": {
    "type": "Point",
    "coordinates": [
     -76.00420476174548,
     37.870267986770855
    ]
   },
   "properties": {
    "confidence": 0.354,
    "snr": 7.08,
    "peak_dn": 252.0,
    "background_dn": 81.8,
    "sigma_dn": 24.03,
    "pixels": 3,
    "length_m_approx": 17.3,
    "pixel": [
     4919.7,
     15097.7
    ],
    "scene": "S1A_IW_GRDH_1SDV_20240715T225841_20240715T225906_054778_06AB8D_6E9C_COG.SAFE",
    "t": "2024-07-15T22:58:41+00:00",
    "sensor": "sentinel1-vv-cfar",
    "uncertainty_m": 9.9
   }
  },
  {
   "type": "Feature",
   "geometry": {
    "type": "Point",
    "coordinates": [
     -76.0035371311244,
     37.868110602146984
    ]
   },
   "properties": {
    "confidence": 0.347,
    "snr": 6.93,
    "peak_dn": 257.0,
    "background_dn": 83.1,
    "sigma_dn": 25.08,
    "pixels": 2,
    "length_m_approx": 14.1,
    "pixel": [
     4921.0,
     15073.5
    ],
    "scene": "S1A_IW_GRDH_1SDV_20240715T225841_20240715T225906_054778_06AB8D_6E9C_COG.SAFE",
    "t": "2024-07-15T22:58:41+00:00",
    "sensor": "sentinel1-vv-cfar",
    "uncertainty_m": 8.5
   }
  },
  {
   "type": "Feature",
   "geometry": {
    "type": "Point",
    "coordinates": [
     -75.90075775475574,
     37.89678399166359
    ]
   },
   "properties": {
    "confidence": 0.346,
    "snr": 6.92,
    "peak_dn": 219.0,
    "background_dn": 82.1,
    "sigma_dn": 19.78,
    "pixels": 3,
    "length_m_approx": 17.3,
    "pixel": [
     5868.3,
     15219.7
    ],
    "scene": "S1A_IW_GRDH_1SDV_20240715T225841_20240715T225906_054778_06AB8D_6E9C_COG.SAFE",
    "t": "2024-07-15T22:58:41+00:00",
    "sensor": "sentinel1-vv-cfar",
    "uncertainty_m": 9.9
   }
  },
  {
   "type": "Feature",
   "geometry": {
    "type": "Point",
    "coordinates": [
     -76.00128360567413,
     37.8628734492586
    ]
   },
   "properties": {
    "confidence": 0.342,
    "snr": 6.85,
    "peak_dn": 249.0,
    "background_dn": 84.6,
    "sigma_dn": 24.01,
    "pixels": 7,
    "length_m_approx": 26.5,
    "pixel": [
     4929.7,
     15013.7
    ],
    "scene": "S1A_IW_GRDH_1SDV_20240715T225841_20240715T225906_054778_06AB8D_6E9C_COG.SAFE",
    "t": "2024-07-15T22:58:41+00:00",
    "sensor": "sentinel1-vv-cfar",
    "uncertainty_m": 14.0
   }
  },
  {
   "type": "Feature",
   "geometry": {
    "type": "Point",
    "coordinates": [
     -75.90214454398611,
     37.89631230135243
    ]
   },
   "properties": {
    "confidence": 0.34,
    "snr": 6.8,
    "peak_dn": 228.0,
    "background_dn": 83.5,
    "sigma_dn": 21.23,
    "pixels": 5,
    "length_m_approx": 22.4,
    "pixel": [
     5855.4,
     15216.8
    ],
    "scene": "S1A_IW_GRDH_1SDV_20240715T225841_20240715T225906_054778_06AB8D_6E9C_COG.SAFE",
    "t": "2024-07-15T22:58:41+00:00",
    "sensor": "sentinel1-vv-cfar",
    "uncertainty_m": 12.1
   }
  },
  {
   "type": "Feature",
   "geometry": {
    "type": "Point",
    "coordinates": [
     -75.99470069260038,
     37.86377853596879
    ]
   },
   "properties": {
    "confidence": 0.338,
    "snr": 6.77,
    "peak_dn": 240.0,
    "background_dn": 85.7,
    "sigma_dn": 22.81,
    "pixels": 2,
    "length_m_approx": 14.1,
    "pixel": [
     4988.5,
     15013.0
    ],
    "scene": "S1A_IW_GRDH_1SDV_20240715T225841_20240715T225906_054778_06AB8D_6E9C_COG.SAFE",
    "t": "2024-07-15T22:58:41+00:00",
    "sensor": "sentinel1-vv-cfar",
    "uncertainty_m": 8.5
   }
  },
  {
   "type": "Feature",
   "geometry": {
    "type": "Point",
    "coordinates": [
     -75.72690675336116,
     37.94758922144408
    ]
   },
   "properties": {
    "confidence": 0.95,
    "snr": 21.97,
    "peak_dn": 552.0,
    "background_dn": 89.4,
    "sigma_dn": 21.06,
    "pixels": 49,
    "length_m_approx": 70.0,
    "pixel": [
     7474.1,
     15494.1
    ],
    "scene": "S1A_IW_GRDH_1SDV_20240715T225841_20240715T225906_054778_06AB8D_6E9C_COG.SAFE",
    "t": "2024-07-15T22:58:41+00:00",
    "sensor": "sentinel1-vv-cfar",
    "uncertainty_m": 35.3
   }
  },
  {
   "type": "Feature",
   "geometry": {
    "type": "Point",
    "coordinates": [
     -75.85534745286691,
     37.91164811165068
    ]
   },
   "properties": {
    "confidence": 0.48,
    "snr": 9.59,
    "peak_dn": 262.0,
    "background_dn": 81.6,
    "sigma_dn": 18.81,
    "pixels": 4,
    "length_m_approx": 20.0,
    "pixel": [
     6291.2,
     15308.0
    ],
    "scene": "S1A_IW_GRDH_1SDV_20240715T225841_20240715T225906_054778_06AB8D_6E9C_COG.SAFE",
    "t": "2024-07-15T22:58:41+00:00",
    "sensor": "sentinel1-vv-cfar",
    "uncertainty_m": 11.1
   }
  },
  {
   "type": "Feature",
   "geometry": {
    "type": "Point",
    "coordinates": [
     -75.72711704038701,
     37.86252303472296
    ]
   },
   "properties": {
    "confidence": 0.404,
    "snr": 8.07,
    "peak_dn": 256.0,
    "background_dn": 88.6,
    "sigma_dn": 20.73,
    "pixels": 2,
    "length_m_approx": 14.1,
    "pixel": [
     7300.0,
     14580.5
    ],
    "scene": "S1A_IW_GRDH_1SDV_20240715T225841_20240715T225906_054778_06AB8D_6E9C_COG.SAFE",
    "t": "2024-07-15T22:58:41+00:00",
    "sensor": "sentinel1-vv-cfar",
    "uncertainty_m": 8.6
   }
  },
  {
   "type": "Feature",
   "geometry": {
    "type": "Point",
    "coordinates": [
     -75.72912784805186,
     37.86097656069011
    ]
   },
   "properties": {
    "confidence": 0.361,
    "snr": 7.23,
    "peak_dn": 239.0,
    "background_dn": 88.6,
    "sigma_dn": 20.81,
    "pixels": 2,
    "length_m_approx": 14.1,
    "pixel": [
     7279.5,
     14567.0
    ],
    "scene": "S1A_IW_GRDH_1SDV_20240715T225841_20240715T225906_054778_06AB8D_6E9C_COG.SAFE",
    "t": "2024-07-15T22:58:41+00:00",
    "sensor": "sentinel1-vv-cfar",
    "uncertainty_m": 8.6
   }
  },
  {
   "type": "Feature",
   "geometry": {
    "type": "Point",
    "coordinates": [
     -75.39955608420566,
     37.88726873391886
    ]
   },
   "properties": {
    "confidence": 0.342,
    "snr": 6.83,
    "peak_dn": 184.0,
    "background_dn": 70.2,
    "sigma_dn": 16.65,
    "pixels": 3,
    "length_m_approx": 17.3,
    "pixel": [
     10184.3,
     14341.7
    ],
    "scene": "S1A_IW_GRDH_1SDV_20240715T225841_20240715T225906_054778_06AB8D_6E9C_COG.SAFE",
    "t": "2024-07-15T22:58:41+00:00",
    "sensor": "sentinel1-vv-cfar",
    "uncertainty_m": 10.0
   }
  },
  {
   "type": "Feature",
   "geometry": {
    "type": "Point",
    "coordinates": [
     -75.22945240778058,
     38.096470305430785
    ]
   },
   "properties": {
    "confidence": 0.663,
    "snr": 13.27,
    "peak_dn": 302.0,
    "background_dn": 62.0,
    "sigma_dn": 18.09,
    "pixels": 21,
    "length_m_approx": 45.8,
    "pixel": [
     12067.4,
     16335.9
    ],
    "scene": "S1A_IW_GRDH_1SDV_20240715T225841_20240715T225906_054778_06AB8D_6E9C_COG.SAFE",
    "t": "2024-07-15T22:58:41+00:00",
    "sensor": "sentinel1-vv-cfar",
    "uncertainty_m": 23.2
   }
  },
  {
   "type": "Feature",
   "geometry": {
    "type": "Point",
    "coordinates": [
     -75.23050195362484,
     38.09626481985987
    ]
   },
   "properties": {
    "confidence": 0.501,
    "snr": 10.02,
    "peak_dn": 242.0,
    "background_dn": 62.9,
    "sigma_dn": 17.87,
    "pixels": 8,
    "length_m_approx": 28.3,
    "pixel": [
     12058.0,
     16335.3
    ],
    "scene": "S1A_IW_GRDH_1SDV_20240715T225841_20240715T225906_054778_06AB8D_6E9C_COG.SAFE",
    "t": "2024-07-15T22:58:41+00:00",
    "sensor": "sentinel1-vv-cfar",
    "uncertainty_m": 14.6
   }
  },
  {
   "type": "Feature",
   "geometry": {
    "type": "Point",
    "coordinates": [
     -75.22982488085253,
     38.09610137153716
    ]
   },
   "properties": {
    "confidence": 0.444,
    "snr": 8.88,
    "peak_dn": 224.0,
    "background_dn": 62.2,
    "sigma_dn": 18.23,
    "pixels": 4,
    "length_m_approx": 20.0,
    "pixel": [
     12063.5,
     16332.5
    ],
    "scene": "S1A_IW_GRDH_1SDV_20240715T225841_20240715T225906_054778_06AB8D_6E9C_COG.SAFE",
    "t": "2024-07-15T22:58:41+00:00",
    "sensor": "sentinel1-vv-cfar",
    "uncertainty_m": 10.6
   }
  },
  {
   "type": "Feature",
   "geometry": {
    "type": "Point",
    "coordinates": [
     -75.30369423752666,
     38.07505039959224
    ]
   },
   "properties": {
    "confidence": 0.423,
    "snr": 8.46,
    "peak_dn": 225.0,
    "background_dn": 68.8,
    "sigma_dn": 18.45,
    "pixels": 4,
    "length_m_approx": 20.0,
    "pixel": [
     11384.2,
     16217.0
    ],
    "scene": "S1A_IW_GRDH_1SDV_20240715T225841_20240715T225906_054778_06AB8D_6E9C_COG.SAFE",
    "t": "2024-07-15T22:58:41+00:00",
    "sensor": "sentinel1-vv-cfar",
    "uncertainty_m": 11.2
   }
  },
  {
   "type": "Feature",
   "geometry": {
    "type": "Point",
    "coordinates": [
     -75.29525902837884,
     38.003538137401875
    ]
   },
   "properties": {
    "confidence": 0.411,
    "snr": 8.22,
    "peak_dn": 225.0,
    "background_dn": 72.6,
    "sigma_dn": 18.54,
    "pixels": 4,
    "length_m_approx": 20.0,
    "pixel": [
     11316.5,
     15434.5
    ],
    "scene": "S1A_IW_GRDH_1SDV_20240715T225841_20240715T225906_054778_06AB8D_6E9C_COG.SAFE",
    "t": "2024-07-15T22:58:41+00:00",
    "sensor": "sentinel1-vv-cfar",
    "uncertainty_m": 11.2
   }
  },
  {
   "type": "Feature",
   "geometry": {
    "type": "Point",
    "coordinates": [
     -75.23121787034967,
     38.0963749353651
    ]
   },
   "properties": {
    "confidence": 0.391,
    "snr": 7.82,
    "peak_dn": 203.0,
    "background_dn": 63.6,
    "sigma_dn": 17.83,
    "pixels": 4,
    "length_m_approx": 20.0,
    "pixel": [
     12052.0,
     16337.5
    ],
    "scene": "S1A_IW_GRDH_1SDV_20240715T225841_20240715T225906_054778_06AB8D_6E9C_COG.SAFE",
    "t": "2024-07-15T22:58:41+00:00",
    "sensor": "sentinel1-vv-cfar",
    "uncertainty_m": 10.6
   }
  },
  {
   "type": "Feature",
   "geometry": {
    "type": "Point",
    "coordinates": [
     -75.29203490391562,
     38.07836504324742
    ]
   },
   "properties": {
    "confidence": 0.379,
    "snr": 7.58,
    "peak_dn": 209.0,
    "background_dn": 71.2,
    "sigma_dn": 18.17,
    "pixels": 2,
    "length_m_approx": 14.1,
    "pixel": [
     11491.5,
     16235.0
    ],
    "scene": "S1A_IW_GRDH_1SDV_20240715T225841_20240715T225906_054778_06AB8D_6E9C_COG.SAFE",
    "t": "2024-07-15T22:58:41+00:00",
    "sensor": "sentinel1-vv-cfar",
    "uncertainty_m": 8.6
   }
  },
  {
   "type": "Feature",
   "geometry": {
    "type": "Point",
    "coordinates": [
     -75.30373772791702,
     38.074272558551314
    ]
   },
   "properties": {
    "confidence": 0.375,
    "snr": 7.51,
    "peak_dn": 207.0,
    "background_dn": 69.3,
    "sigma_dn": 18.34,
    "pixels": 3,
    "length_m_approx": 17.3,
    "pixel": [
     11382.4,
     16208.7
    ],
    "scene": "S1A_IW_GRDH_1SDV_20240715T225841_20240715T225906_054778_06AB8D_6E9C_COG.SAFE",
    "t": "2024-07-15T22:58:41+00:00",
    "sensor": "sentinel1-vv-cfar",
    "uncertainty_m": 10.0
   }
  },
  {
   "type": "Feature",
   "geometry": {
    "type": "Point",
    "coordinates": [
     -75.26313301168034,
     38.055284112175244
    ]
   },
   "properties": {
    "confidence": 0.375,
    "snr": 7.5,
    "peak_dn": 243.0,
    "background_dn": 73.2,
    "sigma_dn": 22.63,
    "pixels": 3,
    "length_m_approx": 17.3,
    "pixel": [
     11696.0,
     15943.0
    ],
    "scene": "S1A_IW_GRDH_1SDV_20240715T225841_20240715T225906_054778_06AB8D_6E9C_COG.SAFE",
    "t": "2024-07-15T22:58:41+00:00",
    "sensor": "sentinel1-vv-cfar",
    "uncertainty_m": 9.4
   }
  },
  {
   "type": "Feature",
   "geometry": {
    "type": "Point",
    "coordinates": [
     -75.21531048089963,
     38.04206643134491
    ]
   },
   "properties": {
    "confidence": 0.375,
    "snr": 7.49,
    "peak_dn": 175.0,
    "background_dn": 62.2,
    "sigma_dn": 15.06,
    "pixels": 5,
    "length_m_approx": 22.4,
    "pixel": [
     12083.2,
     15728.8
    ],
    "scene": "S1A_IW_GRDH_1SDV_20240715T225841_20240715T225906_054778_06AB8D_6E9C_COG.SAFE",
    "t": "2024-07-15T22:58:41+00:00",
    "sensor": "sentinel1-vv-cfar",
    "uncertainty_m": 11.8
   }
  },
  {
   "type": "Feature",
   "geometry": {
    "type": "Point",
    "coordinates": [
     -75.29143624104692,
     38.0780313782329
    ]
   },
   "properties": {
    "confidence": 0.373,
    "snr": 7.46,
    "peak_dn": 205.0,
    "background_dn": 71.3,
    "sigma_dn": 17.92,
    "pixels": 2,
    "length_m_approx": 14.1,
    "pixel": [
     11496.0,
     16230.5
    ],
    "scene": "S1A_IW_GRDH_1SDV_20240715T225841_20240715T225906_054778_06AB8D_6E9C_COG.SAFE",
    "t": "2024-07-15T22:58:41+00:00",
    "sensor": "sentinel1-vv-cfar",
    "uncertainty_m": 8.6
   }
  },
  {
   "type": "Feature",
   "geometry": {
    "type": "Point",
    "coordinates": [
     -75.21539856412817,
     38.04286542007188
    ]
   },
   "properties": {
    "confidence": 0.37,
    "snr": 7.41,
    "peak_dn": 174.0,
    "background_dn": 62.3,
    "sigma_dn": 15.08,
    "pixels": 2,
    "length_m_approx": 14.1,
    "pixel": [
     12084.0,
     15737.5
    ],
    "scene": "S1A_IW_GRDH_1SDV_20240715T225841_20240715T225906_054778_06AB8D_6E9C_COG.SAFE",
    "t": "2024-07-15T22:58:41+00:00",
    "sensor": "sentinel1-vv-cfar",
    "uncertainty_m": 8.0
   }
  },
  {
   "type": "Feature",
   "geometry": {
    "type": "Point",
    "coordinates": [
     -75.29378518375474,
     38.005187672555536
    ]
   },
   "properties": {
    "confidence": 0.359,
    "snr": 7.17,
    "peak_dn": 197.0,
    "background_dn": 71.7,
    "sigma_dn": 17.46,
    "pixels": 2,
    "length_m_approx": 14.1,
    "pixel": [
     11332.5,
     15450.0
    ],
    "scene": "S1A_IW_GRDH_1SDV_20240715T225841_20240715T225906_054778_06AB8D_6E9C_COG.SAFE",
    "t": "2024-07-15T22:58:41+00:00",
    "sensor": "sentinel1-vv-cfar",
    "uncertainty_m": 8.6
   }
  },
  {
   "type": "Feature",
   "geometry": {
    "type": "Point",
    "coordinates": [
     -75.26133403913488,
     38.0546705183253
    ]
   },
   "properties": {
    "confidence": 0.356,
    "snr": 7.12,
    "peak_dn": 241.0,
    "background_dn": 73.4,
    "sigma_dn": 23.56,
    "pixels": 3,
    "length_m_approx": 17.3,
    "pixel": [
     11710.3,
     15933.7
    ],
    "scene": "S1A_IW_GRDH_1SDV_20240715T225841_20240715T225906_054778_06AB8D_6E9C_COG.SAFE",
    "t": "2024-07-15T22:58:41+00:00",
    "sensor": "sentinel1-vv-cfar",
    "uncertainty_m": 9.4
   }
  },
  {
   "type": "Feature",
   "geometry": {
    "type": "Point",
    "coordinates": [
     -75.25735528875298,
     38.05302630626763
    ]
   },
   "properties": {
    "confidence": 0.354,
    "snr": 7.09,
    "peak_dn": 278.0,
    "background_dn": 75.8,
    "sigma_dn": 28.53,
    "pixels": 2,
    "length_m_approx": 14.1,
    "pixel": [
     11741.5,
     15910.0
    ],
    "scene": "S1A_IW_GRDH_1SDV_20240715T225841_20240715T225906_054778_06AB8D_6E9C_COG.SAFE",
    "t": "2024-07-15T22:58:41+00:00",
    "sensor": "sentinel1-vv-cfar",
    "uncertainty_m": 8.0
   }
  },
  {
   "type": "Feature",
   "geometry": {
    "type": "Point",
    "coordinates": [
     -75.21461184911465,
     38.03919306681664
    ]
   },
   "properties": {
    "confidence": 0.351,
    "snr": 7.01,
    "peak_dn": 173.0,
    "background_dn": 63.1,
    "sigma_dn": 15.68,
    "pixels": 5,
    "length_m_approx": 22.4,
    "pixel": [
     12083.6,
     15696.8
    ],
    "scene": "S1A_IW_GRDH_1SDV_20240715T225841_20240715T225906_054778_06AB8D_6E9C_COG.SAFE",
    "t": "2024-07-15T22:58:41+00:00",
    "sensor": "sentinel1-vv-cfar",
    "uncertainty_m": 11.8
   }
  },
  {
   "type": "Feature",
   "geometry": {
    "type": "Point",
    "coordinates": [
     -75.29550684415888,
     38.078898185571745
    ]
   },
   "properties": {
    "confidence": 0.349,
    "snr": 6.98,
    "peak_dn": 209.0,
    "background_dn": 71.1,
    "sigma_dn": 19.74,
    "pixels": 2,
    "length_m_approx": 14.1,
    "pixel": [
     11462.5,
     16246.0
    ],
    "scene": "S1A_IW_GRDH_1SDV_20240715T225841_20240715T225906_054778_06AB8D_6E9C_COG.SAFE",
    "t": "2024-07-15T22:58:41+00:00",
    "sensor": "sentinel1-vv-cfar",
    "uncertainty_m": 8.6
   }
  },
  {
   "type": "Feature",
   "geometry": {
    "type": "Point",
    "coordinates": [
     -75.3153504935086,
     38.05998443440692
    ]
   },
   "properties": {
    "confidence": 0.337,
    "snr": 6.74,
    "peak_dn": 180.0,
    "background_dn": 69.3,
    "sigma_dn": 16.42,
    "pixels": 2,
    "length_m_approx": 14.1,
    "pixel": [
     11254.0,
     16072.5
    ],
    "scene": "S1A_IW_GRDH_1SDV_20240715T225841_20240715T225906_054778_06AB8D_6E9C_COG.SAFE",
    "t": "2024-07-15T22:58:41+00:00",
    "sensor": "sentinel1-vv-cfar",
    "uncertainty_m": 8.6
   }
  },
  {
   "type": "Feature",
   "geometry": {
    "type": "Point",
    "coordinates": [
     -75.31342588325393,
     38.084922896527374
    ]
   },
   "properties": {
    "confidence": 0.315,
    "snr": 6.29,
    "peak_dn": 182.0,
    "background_dn": 69.9,
    "sigma_dn": 17.81,
    "pixels": 2,
    "length_m_approx": 14.1,
    "pixel": [
     11319.5,
     16338.0
    ],
    "scene": "S1A_IW_GRDH_1SDV_20240715T225841_20240715T225906_054778_06AB8D_6E9C_COG.SAFE",
    "t": "2024-07-15T22:58:41+00:00",
    "sensor": "sentinel1-vv-cfar",
    "uncertainty_m": 8.6
   }
  },
  {
   "type": "Feature",
   "geometry": {
    "type": "Point",
    "coordinates": [
     -75.07833600230411,
     38.01746633558538
    ]
   },
   "properties": {
    "confidence": 0.324,
    "snr": 6.47,
    "peak_dn": 151.0,
    "background_dn": 60.2,
    "sigma_dn": 14.04,
    "pixels": 2,
    "length_m_approx": 14.1,
    "pixel": [
     13219.0,
     15258.5
    ],
    "scene": "S1A_IW_GRDH_1SDV_20240715T225841_20240715T225906_054778_06AB8D_6E9C_COG.SAFE",
    "t": "2024-07-15T22:58:41+00:00",
    "sensor": "sentinel1-vv-cfar",
    "uncertainty_m": 8.0
   }
  },
  {
   "type": "Feature",
   "geometry": {
    "type": "Point",
    "coordinates": [
     -74.37349044015855,
     38.14709681719202
    ]
   },
   "properties": {
    "confidence": 0.95,
    "snr": 114.53,
    "peak_dn": 2176.0,
    "background_dn": 62.6,
    "sigma_dn": 18.45,
    "pixels": 203,
    "length_m_approx": 142.5,
    "pixel": [
     19558.0,
     15627.5
    ],
    "scene": "S1A_IW_GRDH_1SDV_20240715T225841_20240715T225906_054778_06AB8D_6E9C_COG.SAFE",
    "t": "2024-07-15T22:58:41+00:00",
    "sensor": "sentinel1-vv-cfar",
    "uncertainty_m": 71.3
   }
  },
  {
   "type": "Feature",
   "geometry": {
    "type": "Point",
    "coordinates": [
     -74.37401407462752,
     38.14647843307286
    ]
   },
   "properties": {
    "confidence": 0.604,
    "snr": 12.08,
    "peak_dn": 273.0,
    "background_dn": 62.9,
    "sigma_dn": 17.4,
    "pixels": 8,
    "length_m_approx": 28.3,
    "pixel": [
     19552.3,
     15621.6
    ],
    "scene": "S1A_IW_GRDH_1SDV_20240715T225841_20240715T225906_054778_06AB8D_6E9C_COG.SAFE",
    "t": "2024-07-15T22:58:41+00:00",
    "sensor": "sentinel1-vv-cfar",
    "uncertainty_m": 14.5
   }
  },
  {
   "type": "Feature",
   "geometry": {
    "type": "Point",
    "coordinates": [
     -74.36753758989099,
     38.11410531722383
    ]
   },
   "properties": {
    "confidence": 0.336,
    "snr": 6.72,
    "peak_dn": 159.0,
    "background_dn": 61.3,
    "sigma_dn": 14.55,
    "pixels": 2,
    "length_m_approx": 14.1,
    "pixel": [
     19548.0,
     15262.5
    ],
    "scene": "S1A_IW_GRDH_1SDV_20240715T225841_20240715T225906_054778_06AB8D_6E9C_COG.SAFE",
    "t": "2024-07-15T22:58:41+00:00",
    "sensor": "sentinel1-vv-cfar",
    "uncertainty_m": 7.8
   }
  },
  {
   "type": "Feature",
   "geometry": {
    "type": "Point",
    "coordinates": [
     -73.827512611398,
     38.277722737718754
    ]
   },
   "properties": {
    "confidence": 0.95,
    "snr": 97.11,
    "peak_dn": 4050.0,
    "background_dn": 70.5,
    "sigma_dn": 40.98,
    "pixels": 250,
    "length_m_approx": 158.1,
    "pixel": [
     24513.0,
     16275.3
    ],
    "scene": "S1A_IW_GRDH_1SDV_20240715T225841_20240715T225906_054778_06AB8D_6E9C_COG.SAFE",
    "t": "2024-07-15T22:58:41+00:00",
    "sensor": "sentinel1-vv-cfar",
    "uncertainty_m": 79.1
   }
  },
  {
   "type": "Feature",
   "geometry": {
    "type": "Point",
    "coordinates": [
     -76.05536432042044,
     37.99945394039488
    ]
   },
   "properties": {
    "confidence": 0.834,
    "snr": 16.68,
    "peak_dn": 446.0,
    "background_dn": 86.0,
    "sigma_dn": 21.59,
    "pixels": 8,
    "length_m_approx": 28.3,
    "pixel": [
     4743.2,
     16564.9
    ],
    "scene": "S1A_IW_GRDH_1SDV_20240715T225841_20240715T225906_054778_06AB8D_6E9C_COG.SAFE",
    "t": "2024-07-15T22:58:41+00:00",
    "sensor": "sentinel1-vv-cfar",
    "uncertainty_m": 14.9
   }
  },
  {
   "type": "Feature",
   "geometry": {
    "type": "Point",
    "coordinates": [
     -76.03060308005284,
     38.01065796088114
    ]
   },
   "properties": {
    "confidence": 0.474,
    "snr": 9.47,
    "peak_dn": 277.0,
    "background_dn": 83.9,
    "sigma_dn": 20.39,
    "pixels": 7,
    "length_m_approx": 26.5,
    "pixel": [
     4980.0,
     16646.1
    ],
    "scene": "S1A_IW_GRDH_1SDV_20240715T225841_20240715T225906_054778_06AB8D_6E9C_COG.SAFE",
    "t": "2024-07-15T22:58:41+00:00",
    "sensor": "sentinel1-vv-cfar",
    "uncertainty_m": 14.0
   }
  },
  {
   "type": "Feature",
   "geometry": {
    "type": "Point",
    "coordinates": [
     -76.03030292339908,
     38.01013819475119
    ]
   },
   "properties": {
    "confidence": 0.401,
    "snr": 8.03,
    "peak_dn": 250.0,
    "background_dn": 84.1,
    "sigma_dn": 20.68,
    "pixels": 2,
    "length_m_approx": 14.1,
    "pixel": [
     4981.5,
     16640.0
    ],
    "scene": "S1A_IW_GRDH_1SDV_20240715T225841_20240715T225906_054778_06AB8D_6E9C_COG.SAFE",
    "t": "2024-07-15T22:58:41+00:00",
    "sensor": "sentinel1-vv-cfar",
    "uncertainty_m": 8.5
   }
  },
  {
   "type": "Feature",
   "geometry": {
    "type": "Point",
    "coordinates": [
     -76.03195014687384,
     38.011711635606886
    ]
   },
   "properties": {
    "confidence": 0.398,
    "snr": 7.95,
    "peak_dn": 247.0,
    "background_dn": 83.3,
    "sigma_dn": 20.59,
    "pixels": 4,
    "length_m_approx": 20.0,
    "pixel": [
     4970.5,
     16659.5
    ],
    "scene": "S1A_IW_GRDH_1SDV_20240715T225841_20240715T225906_054778_06AB8D_6E9C_COG.SAFE",
    "t": "2024-07-15T22:58:41+00:00",
    "sensor": "sentinel1-vv-cfar",
    "uncertainty_m": 11.1
   }
  },
  {
   "type": "Feature",
   "geometry": {
    "type": "Point",
    "coordinates": [
     -76.03169779266011,
     38.0113759346095
    ]
   },
   "properties": {
    "confidence": 0.332,
    "snr": 6.65,
    "peak_dn": 219.0,
    "background_dn": 83.2,
    "sigma_dn": 20.42,
    "pixels": 2,
    "length_m_approx": 14.1,
    "pixel": [
     4972.0,
     16655.5
    ],
    "scene": "S1A_IW_GRDH_1SDV_20240715T225841_20240715T225906_054778_06AB8D_6E9C_COG.SAFE",
    "t": "2024-07-15T22:58:41+00:00",
    "sensor": "sentinel1-vv-cfar",
    "uncertainty_m": 8.5
   }
  },
  {
   "type": "Feature",
   "geometry": {
    "type": "Point",
    "coordinates": [
     -75.23555593538978,
     38.102500621169014
    ]
   },
   "properties": {
    "confidence": 0.493,
    "snr": 9.86,
    "peak_dn": 243.0,
    "background_dn": 69.7,
    "sigma_dn": 17.57,
    "pixels": 6,
    "length_m_approx": 24.5,
    "pixel": [
     12026.5,
     16410.0
    ],
    "scene": "S1A_IW_GRDH_1SDV_20240715T225841_20240715T225906_054778_06AB8D_6E9C_COG.SAFE",
    "t": "2024-07-15T22:58:41+00:00",
    "sensor": "sentinel1-vv-cfar",
    "uncertainty_m": 12.8
   }
  },
  {
   "type": "Feature",
   "geometry": {
    "type": "Point",
    "coordinates": [
     -75.23527093379445,
     38.10124155321305
    ]
   },
   "properties": {
    "confidence": 0.492,
    "snr": 9.84,
    "peak_dn": 252.0,
    "background_dn": 69.6,
    "sigma_dn": 18.54,
    "pixels": 6,
    "length_m_approx": 24.5,
    "pixel": [
     12026.5,
     16396.0
    ],
    "scene": "S1A_IW_GRDH_1SDV_20240715T225841_20240715T225906_054778_06AB8D_6E9C_COG.SAFE",
    "t": "2024-07-15T22:58:41+00:00",
    "sensor": "sentinel1-vv-cfar",
    "uncertainty_m": 12.8
   }
  }
 ]
}