{
 "type": "FeatureCollection",
 "properties": {
  "scene": "S1A_IW_GRDH_1SDV_20240504T225814_20240504T225843_053728_068708_452D_COG.SAFE",
  "acquired": "2024-05-04T22:58:14+00:00",
  "geolocation_rms_m": 2.6,
  "geolocation_holdout_m": 8.2,
  "geolocation_median_m": 9.4,
  "geolocation_p90_m": 9.7,
  "geolocation_worst_m": 14.8,
  "geolocation_uneven": false,
  "geolocation_convergence": 3.56,
  "geolocation_method": "geolocation grid (bilinear)",
  "geolocation_validation": "holdout at 2x spacing",
  "tiles": 130,
  "tiles_skipped": 0,
  "k_sigma": 6.0,
  "land_masked": true,
  "water_fraction": 0.608,
  "land_sea_contrast": 1.87,
  "coast_blind_m": 605.0,
  "searched_km2": 28666.9,
  "refused_km2": 0.0,
  "tiles_without_water": 26,
  "outside_aoi": 158,
  "aoi_sea": [
   -77.2,
   36.0,
   -71.0,
   39.6
  ],
  "footprint": [
   [
    -75.80902,
    34.68066
   ],
   [
    -75.58016,
    34.71661
   ],
   [
    -75.35111,
    34.75215
   ],
   [
    -75.12187,
    34.78727
   ],
   [
    -74.89243,
    34.82193
   ],
   [
    -74.6628,
    34.85617
   ],
   [
    -74.43299,
    34.88999
   ],
   [
    -74.20298,
    34.92335
   ],
   [
    -73.97279,
    34.95629
   ],
   [
    -73.74242,
    34.98881
   ],
   [
    -73.51186,
    35.02086
   ],
   [
    -73.28113,
    35.05249
   ],
   [
    -73.05023,
    35.0837
   ],
   [
    -73.07958,
    35.2292
   ],
   [
    -73.10896,
    35.37469
   ],
   [
    -73.13836,
    35.52018
   ],
   [
    -73.16778,
    35.66566
   ],
   [
    -73.19724,
    35.81114
   ],
   [
    -73.22672,
    35.95661
   ],
   [
    -73.25624,
    36.10207
   ],
   [
    -73.28578,
    36.24753
   ],
   [
    -73.31534,
    36.39298
   ],
   [
    -73.34494,
    36.53843
   ],
   [
    -73.37456,
    36.68388
   ],
   [
    -73.40422,
    36.82932
   ],
   [
    -73.64032,
    36.79845
   ],
   [
    -73.87624,
    36.76713
   ],
   [
    -74.11198,
    36.73536
   ],
   [
    -74.3475,
    36.70309
   ],
   [
    -74.58283,
    36.67037
   ],
   [
    -74.81798,
    36.63721
   ],
   [
    -75.0529,
    36.60355
   ],
   [
    -75.28763,
    36.56945
   ],
   [
    -75.52215,
    36.5349
   ],
   [
    -75.75645,
    36.49985
   ],
   [
    -75.99053,
    36.46437
   ],
   [
    -76.22438,
    36.42846
   ],
   [
    -76.18942,
    36.28285
   ],
   [
    -76.15455,
    36.13723
   ],
   [
    -76.11971,
    35.9916
   ],
   [
    -76.08494,
    35.84597
   ],
   [
    -76.05022,
    35.70033
   ],
   [
    -76.01555,
    35.55469
   ],
   [
    -75.981,
    35.40904
   ],
   [
    -75.94648,
    35.26338
   ],
   [
    -75.91203,
    35.11771
   ],
   [
    -75.87764,
    34.97203
   ],
   [
    -75.8433,
    34.82635
   ]
  ],
  "searched_grid": {
   "cell_deg": 0.01,
   "lon0": -75.98,
   "lat0": 34.88,
   "levels": 10,
   "rows": {
    "10": [
     [
      174,
      1,
      1
     ]
    ],
    "11": [
     [
      176,
      1,
      6
     ],
     [
      182,
      1,
      2
     ]
    ],
    "12": [
     [
      177,
      1,
      6
     ],
     [
      178,
      1,
      1
     ],
     [
      182,
      1,
      8
     ],
     [
      183,
      1,
      2
     ],
     [
      185,
      2,
      7
     ],
     [
      187,
      1,
      6
     ],
     [
      188,
      1,
      4
     ],
     [
      189,
      1,
      3
     ],
     [
      190,
      1,
      2
     ]
    ],
    "13": [
     [
      179,
      1,
      6
     ],
     [
      181,
      1,
      3
     ],
     [
      182,
      1,
      10
     ],
     [
      183,
      1,
      3
     ],
     [
      184,
      1,
      4
     ],
     [
      185,
      7,
      10
     ],
     [
      192,
      1,
      8
     ],
     [
      193,
      2,
      7
     ],
     [
      195,
      1,
      4
     ],
     [
      196,
      2,
      2
     ]
    ],
    "14": [
     [
      179,
      1,
      2
     ],
     [
      181,
      1,
      2
     ],
     [
      182,
      1,
      10
     ],
     [
      183,
      1,
      8
     ],
     [
      184,
      1,
      7
     ],
     [
      185,
      1,
      9
     ],
     [
      186,
      13,
      10
     ],
     [
      199,
      1,
      9
     ],
     [
      200,
      1,
      7
     ],
     [
      201,
      1,
      6
     ],
     [
      202,
      1,
      3
     ]
    ],
    "15": [
     [
      159,
      2,
      1
     ],
     [
      162,
      2,
      1
     ],
     [
      176,
      2,
      1
     ],
     [
      181,
      1,
      7
     ],
     [
      182,
      1,
      10
     ],
     [
      185,
      1,
      6
     ],
     [
      186,
      16,
      10
     ],
     [
      202,
      1,
      6
     ]
    ],
    "16": [
     [
      176,
      1,
      2
     ],
     [
      177,
      1,
      9
     ],
     [
      178,
      1,
      8
     ],
     [
      179,
      1,
      10
     ],
     [
      180,
      1,
      8
     ],
     [
      181,
      2,
      10
     ],
     [
      183,
      1,
      8
     ],
     [
      184,
      1,
      5
     ],
     [
      185,
      1,
      9
     ],
     [
      186,
      16,
      10
     ],
     [
      202,
      1,
      3
     ]
    ],
    "17": [
     [
      175,
      1,
      1
     ],
     [
      177,
      1,
      2
     ],
     [
      178,
      1,
      3
     ],
     [
      179,
      1,
      9
     ],
     [
      180,
      1,
      7
     ],
     [
      181,
      1,
      5
     ],
     [
      182,
      1,
      8
     ],
     [
      183,
      19,
      10
     ],
     [
      202,
      1,
      2
     ]
    ],
    "18": [
     [
      176,
      1,
      1
     ],
     [
      178,
      1,
      1
     ],
     [
      179,
      1,
      3
     ],
     [
      182,
      1,
      3
     ],
     [
      183,
      19,
      10
     ]
    ],
    "19": [
     [
      166,
      1,
      1
     ],
     [
      169,
      1,
      1
     ],
     [
      176,
      1,
      2
     ],
     [
      179,
      1,
      7
     ],
     [
      180,
      1,
      2
     ],
     [
      182,
      1,
      6
     ],
     [
      183,
      18,
      10
     ],
     [
      201,
      1,
      6
     ]
    ],
    "20": [
     [
      166,
      1,
      1
     ],
     [
      179,
      1,
      10
     ],
     [
      180,
      1,
      5
     ],
     [
      182,
      1,
      9
     ],
     [
      183,
      18,
      10
     ],
     [
      201,
      1,
      9
     ],
     [
      202,
      1,
      5
     ],
     [
      203,
      1,
      3
     ],
     [
      204,
      1,
      2
     ]
    ],
    "21": [
     [
      166,
      1,
      2
     ],
     [
      177,
      1,
      2
     ],
     [
      178,
      1,
      1
     ],
     [
      179,
      1,
      2
     ],
     [
      180,
      1,
      1
     ],
     [
      182,
      1,
      10
     ],
     [
      183,
      1,
      4
     ],
     [
      184,
      1,
      3
     ],
     [
      185,
      1,
      8
     ],
     [
      186,
      21,
      10
     ],
     [
      207,
      1,
      8
     ],
     [
      208,
      1,
      7
     ],
     [
      209,
      1,
      6
     ],
     [
      210,
      1,
      2
     ],
     [
      211,
      1,
      3
     ],
     [
      212,
      1,
      1
     ]
    ],
    "22": [
     [
      158,
      1,
      3
     ],
     [
      168,
      1,
      2
     ],
     [
      177,
      1,
      6
     ],
     [
      178,
      1,
      3
     ],
     [
      180,
      1,
      5
     ],
     [
      181,
      1,
      3
     ],
     [
      182,
      1,
      8
     ],
     [
      183,
      1,
      4
     ],
     [
      184,
      1,
      2
     ],
     [
      185,
      29,
      10
     ],
     [
      214,
      1,
      8
     ],
     [
      215,
      1,
      7
     ],
     [
      216,
      1,
      5
     ],
     [
      217,
      2,
      3
     ]
    ],
    "23": [
     [
      159,
      2,
      1
     ],
     [
      162,
      1,
      1
     ],
     [
      173,
      1,
      6
     ],
     [
      174,
      1,
      4
     ],
     [
      177,
      1,
      8
     ],
     [
      179,
      1,
      2
     ],
     [
      182,
      1,
      3
     ],
     [
      183,
      38,
      10
     ],
     [
      221,
      1,
      8
     ],
     [
      222,
      1,
      7
     ],
     [
      223,
      1,
      5
     ],
     [
      224,
      1,
      4
     ],
     [
      225,
      1,
      3
     ],
     [
      226,
      1,
      1
     ]
    ],
    "24": [
     [
      159,
      1,
      3
     ],
     [
      160,
      1,
      2
     ],
     [
      170,
      1,
      1
     ],
     [
      173,
      1,
      2
     ],
     [
      177,
      1,
      9
     ],
     [
      178,
      2,
      10
     ],
     [
      180,
      1,
      5
     ],
     [
      181,
      1,
      8
     ],
     [
      182,
      1,
      9
     ],
     [
      183,
      45,
      10
     ],
     [
      228,
      1,
      9
     ],
     [
      229,
      1,
      7
     ],
     [
      230,
      1,
      6
     ],
     [
      231,
      1,
      5
     ],
     [
      232,
      1,
      3
     ],
     [
      233,
      1,
      2
     ]
    ],
    "25": [
     [
      158,
      1,
      1
     ],
     [
      170,
      1,
      1
     ],
     [
      174,
      1,
      3
     ],
     [
      175,
      1,
      8
     ],
     [
      176,
      1,
      6
     ],
     [
      177,
      1,
      10
     ],
     [
      178,
      2,
      4
     ],
     [
      181,
      1,
      5
     ],
     [
      182,
      53,
      10
     ],
     [
      235,
      1,
      9
     ],
     [
      236,
      1,
      8
     ],
     [
      237,
      1,
      6
     ],
     [
      238,
      1,
      5
     ],
     [
      239,
      1,
      3
     ],
     [
      240,
      1,
      2
     ]
    ],
    "26": [
     [
      158,
      1,
      1
     ],
     [
      165,
      1,
      2
     ],
     [
      175,
      1,
      6
     ],
     [
      176,
      2,
      7
     ],
     [
      179,
      1,
      2
     ],
     [
      181,
      1,
      4
     ],
     [
      182,
      1,
      10
     ],
     [
      183,
      1,
      5
     ],
     [
      184,
      1,
      3
     ],
     [
      185,
      1,
      8
     ],
     [
      186,
      57,
      10
     ],
     [
      243,
      2,
      7
     ],
     [
      245,
      1,
      6
     ],
     [
      246,
      1,
      2
     ],
     [
      247,
      1,
      3
     ]
    ],
    "27": [
     [
      173,
      1,
      3
     ],
     [
      174,
      1,
      7
     ],
     [
      176,
      1,
      3
     ],
     [
      177,
      1,
      9
     ],
     [
      178,
      1,
      3
     ],
     [
      179,
      1,
      4
     ],
     [
      181,
      1,
      4
     ],
     [
      182,
      1,
      7
     ],
     [
      183,
      1,
      2
     ],
     [
      185,
      65,
      10
     ],
     [
      250,
      1,
      8
     ],
     [
      251,
      1,
      7
     ],
     [
      252,
      1,
      6
     ],
     [
      253,
      1,
      4
     ],
     [
      254,
      1,
      3
     ],
     [
      255,
      1,
      1
     ]
    ],
    "28": [
     [
      170,
      1,
      1
     ],
     [
      171,
      1,
      5
     ],
     [
      173,
      2,
      2
     ],
     [
      176,
      1,
      6
     ],
     [
      177,
      1,
      10
     ],
     [
      178,
      1,
      8
     ],
     [
      179,
      1,
      5
     ],
     [
      181,
      1,
      4
     ],
     [
      182,
      1,
      6
     ],
     [
      184,
      1,
      2
     ],
     [
      185,
      72,
      10
     ],
     [
      257,
      1,
      9
     ],
     [
      258,
      1,
      7
     ],
     [
      259,
      1,
      6
     ],
     [
      260,
      1,
      5
     ],
     [
      261,
      1,
      4
     ],
     [
      262,
      1,
      2
     ]
    ],
    "29": [
     [
      163,
      1,
      2
     ],
     [
      170,
      1,
      2
     ],
     [
      171,
      1,
      5
     ],
     [
      172,
      1,
      9
     ],
     [
      173,
      1,
      2
     ],
     [
      175,
      1,
      3
     ],
     [
      177,
      1,
      6
     ],
     [
      178,
      1,
      7
     ],
     [
      181,
      1,
      4
     ],
     [
      182,
      1,
      9
     ],
     [
      184,
      1,
      4
     ],
     [
      185,
      1,
      10
     ],
     [
      186,
      1,
      9
     ],
     [
      187,
      78,
      10
     ],
     [
      265,
      2,
      7
     ],
     [
      267,
      1,
      5
     ],
     [
      268,
      2,
      3
     ]
    ],
    "30": [
     [
      172,
      1,
      2
     ],
     [
      177,
      1,
      3
     ],
     [
      178,
      1,
      4
     ],
     [
      180,
      1,
      6
     ],
     [
      181,
      1,
      4
     ],
     [
      182,
      1,
      9
     ],
     [
      183,
      1,
      7
     ],
     [
      184,
      1,
      9
     ],
     [
      185,
      1,
      10
     ],
     [
      186,
      1,
      2
     ],
     [
      188,
      84,
      10
     ],
     [
      272,
      1,
      8
     ],
     [
      273,
      1,
      7
     ],
     [
      274,
      1,
      5
     ],
     [
      275,
      1,
      4
     ],
     [
      276,
      1,
      3
     ],
     [
      277,
      1,
      1
     ]
    ],
    "31": [
     [
      160,
      1,
      1
     ],
     [
      169,
      1,
      2
     ],
     [
      170,
      1,
      1
     ],
     [
      172,
      1,
      6
     ],
     [
      173,
      1,
      2
     ],
     [
      176,
      1,
      4
     ],
     [
      177,
      1,
      3
     ],
     [
      178,
      2,
      1
     ],
     [
      180,
      1,
      7
     ],
     [
      182,
      1,
      6
     ],
     [
      183,
      3,
      10
     ],
     [
      186,
      2,
      5
     ],
     [
      188,
      91,
      10
     ],
     [
      279,
      2,
      8
     ],
     [
      281,
      1,
      6
     ],
     [
      282,
      1,
      5
     ],
     [
      283,
      1,
      3
     ],
     [
      284,
      1,
      2
     ]
    ],
    "32": [
     [
      168,
      1,
      2
     ],
     [
      169,
      1,
      7
     ],
     [
      170,
      1,
      6
     ],
     [
      171,
      1,
      1
     ],
     [
      172,
      1,
      3
     ],
     [
      173,
      1,
      4
     ],
     [
      176,
      1,
      8
     ],
     [
      179,
      1,
      6
     ],
     [
      180,
      1,
      8
     ],
     [
      181,
      1,
      3
     ],
     [
      182,
      1,
      5
     ],
     [
      183,
      102,
      10
     ],
     [
      285,
      1,
      6
     ]
    ],
    "33": [
     [
      163,
      1,
      2
     ],
     [
      164,
      1,
      6
     ],
     [
      168,
      1,
      6
     ],
     [
      169,
      1,
      10
     ],
     [
      170,
      1,
      8
     ],
     [
      171,
      1,
      1
     ],
     [
      173,
      1,
      8
     ],
     [
      174,
      1,
      3
     ],
     [
      176,
      1,
      7
     ],
     [
      178,
      1,
      2
     ],
     [
      179,
      1,
      9
     ],
     [
      180,
      105,
      10
     ],
     [
      285,
      1,
      3
     ]
    ],
    "34": [
     [
      164,
      1,
      2
     ],
     [
      167,
      1,
      2
     ],
     [
      168,
      1,
      6
     ],
     [
      169,
      1,
      5
     ],
     [
      170,
      1,
      3
     ],
     [
      171,
      5,
      10
     ],
     [
      176,
      1,
      8
     ],
     [
      177,
      1,
      6
     ],
     [
      178,
      1,
      8
     ],
     [
      179,
      106,
      10
     ],
     [
      285,
      1,
      2
     ]
    ],
    "35": [
     [
      166,
      1,
      2
     ],
     [
      167,
      1,
      3
     ],
     [
      171,
      1,
      8
     ],
     [
      172,
      15,
      10
     ],
     [
      187,
      1,
      6
     ],
     [
      188,
      1,
      5
     ],
     [
      189,
      96,
      10
     ]
    ],
    "36": [
     [
      142,
      1,
      1
     ],
     [
      160,
      1,
      2
     ],
     [
      171,
      1,
      6
     ],
     [
      172,
      5,
      10
     ],
     [
      177,
      1,
      6
     ],
     [
      178,
      1,
      3
     ],
     [
      179,
      1,
      4
     ],
     [
      180,
      1,
      3
     ],
     [
      181,
      6,
      10
     ],
     [
      188,
      1,
      2
     ],
     [
      189,
      95,
      10
     ],
     [
      284,
      1,
      8
     ]
    ],
    "37": [
     [
      147,
      1,
      1
     ],
     [
      163,
      1,
      3
     ],
     [
      164,
      1,
      1
     ],
     [
      166,
      1,
      1
     ],
     [
      167,
      1,
      7
     ],
     [
      168,
      1,
      6
     ],
     [
      169,
      1,
      2
     ],
     [
      171,
      1,
      5
     ],
     [
      172,
      4,
      10
     ],
     [
      176,
      1,
      8
     ],
     [
      179,
      1,
      2
     ],
     [
      180,
      1,
      6
     ],
     [
      181,
      7,
      10
     ],
     [
      188,
      1,
      9
     ],
     [
      189,
      95,
      10
     ],
     [
      284,
      1,
      6
     ]
    ],
    "38": [
     [
      163,
      1,
      7
     ],
     [
      164,
      1,
      3
     ],
     [
      166,
      1,
      1
     ],
     [
      167,
      1,
      3
     ],
     [
      172,
      1,
      7
     ],
     [
      173,
      3,
      10
     ],
     [
      176,
      1,
      9
     ],
     [
      177,
      2,
      7
     ],
     [
      179,
      1,
      9
     ],
     [
      180,
      104,
      10
     ],
     [
      284,
      1,
      4
     ]
    ],
    "39": [
     [
      74,
      2,
      2
     ],
     [
      76,
      1,
      3
     ],
     [
      158,
      1,
      1
     ],
     [
      161,
      1,
      3
     ],
     [
      163,
      1,
      4
     ],
     [
      164,
      1,
      10
     ],
     [
      165,
      1,
      7
     ],
     [
      167,
      1,
      1
     ],
     [
      169,
      1,
      3
     ],
     [
      170,
      1,
      9
     ],
     [
      171,
      1,
      7
     ],
     [
      172,
      112,
      10
     ],
     [
      284,
      1,
      1
     ]
    ],
    "40": [
     [
      74,
      1,
      9
     ],
     [
      75,
      1,
      10
     ],
     [
      76,
      1,
      1
     ],
     [
      162,
      1,
      4
     ],
     [
      163,
      1,
      2
     ],
     [
      164,
      1,
      3
     ],
     [
      165,
      1,
      5
     ],
     [
      166,
      1,
      3
     ],
     [
      167,
      1,
      6
     ],
     [
      168,
      1,
      9
     ],
     [
      169,
      1,
      8
     ],
     [
      170,
      1,
      3
     ],
     [
      171,
      1,
      7
     ],
     [
      172,
      112,
      10
     ]
    ],
    "41": [
     [
      72,
      1,
      2
     ],
     [
      73,
      1,
      10
     ],
     [
      74,
      1,
      3
     ],
     [
      162,
      1,
      2
     ],
     [
      166,
      1,
      1
     ],
     [
      168,
      1,
      6
     ],
     [
      169,
      1,
      2
     ],
     [
      171,
      1,
      3
     ],
     [
      172,
      30,
      10
     ],
     [
      202,
      1,
      6
     ],
     [
      203,
      1,
      7
     ],
     [
      204,
      1,
      9
     ],
     [
      205,
      78,
      10
     ],
     [
      283,
      1,
      7
     ]
    ],
    "42": [
     [
      73,
      1,
      9
     ],
     [
      74,
      1,
      3
     ],
     [
      76,
      1,
      2
     ],
     [
      77,
      1,
      1
     ],
     [
      160,
      1,
      1
     ],
     [
      161,
      1,
      2
     ],
     [
      164,
      1,
      2
     ],
     [
      165,
      1,
      6
     ],
     [
      166,
      1,
      8
     ],
     [
      167,
      1,
      3
     ],
     [
      168,
      1,
      6
     ],
     [
      169,
      1,
      5
     ],
     [
      170,
      1,
      3
     ],
     [
      171,
      1,
      7
     ],
     [
      172,
      29,
      10
     ],
     [
      201,
      1,
      9
     ],
     [
      202,
      1,
      3
     ],
     [
      204,
      1,
      7
     ],
     [
      205,
      78,
      10
     ],
     [
      283,
      1,
      6
     ]
    ],
    "43": [
     [
      71,
      1,
      4
     ],
     [
      72,
      1,
      8
     ],
     [
      73,
      1,
      10
     ],
     [
      74,
      1,
      5
     ],
     [
      75,
      1,
      1
     ],
     [
      165,
      1,
      3
     ],
     [
      167,
      1,
      2
     ],
     [
      168,
      1,
      1
     ],
     [
      169,
      1,
      2
     ],
     [
      170,
      1,
      7
     ],
     [
      171,
      13,
      10
     ],
     [
      184,
      1,
      8
     ],
     [
      186,
      1,
      5
     ],
     [
      187,
      96,
      10
     ],
     [
      283,
      1,
      3
     ]
    ],
    "44": [
     [
      70,
      1,
      5
     ],
     [
      71,
      1,
      10
     ],
     [
      72,
      1,
      9
     ],
     [
      73,
      1,
      4
     ],
     [
      74,
      1,
      5
     ],
     [
      75,
      1,
      6
     ],
     [
      167,
      2,
      1
     ],
     [
      171,
      13,
      10
     ],
     [
      184,
      1,
      9
     ],
     [
      186,
      1,
      7
     ],
     [
      187,
      96,
      10
     ],
     [
      283,
      1,
      1
     ]
    ],
    "45": [
     [
      69,
      1,
      2
     ],
     [
      70,
      1,
      5
     ],
     [
      71,
      1,
      3
     ],
     [
      72,
      1,
      1
     ],
     [
      160,
      1,
      1
     ],
     [
      170,
      1,
      5
     ],
     [
      171,
      14,
      10
     ],
     [
      185,
      2,
      9
     ],
     [
      187,
      96,
      10
     ]
    ],
    "46": [
     [
      88,
      1,
      1
     ],
     [
      160,
      1,
      1
     ],
     [
      163,
      1,
      3
     ],
     [
      169,
      1,
      1
     ],
     [
      170,
      1,
      7
     ],
     [
      171,
      111,
      10
     ],
     [
      282,
      1,
      7
     ]
    ],
    "47": [
     [
      76,
      1,
      7
     ],
     [
      77,
      1,
      5
     ],
     [
      83,
      1,
      1
     ],
     [
      85,
      1,
      1
     ],
     [
      93,
      1,
      5
     ],
     [
      94,
      1,
      7
     ],
     [
      95,
      1,
      6
     ],
     [
      159,
      1,
      1
     ],
     [
      167,
      1,
      6
     ],
     [
      168,
      1,
      10
     ],
     [
      170,
      1,
      3
     ],
     [
      171,
      1,
      9
     ],
     [
      172,
      110,
      10
     ],
     [
      282,
      1,
      6
     ]
    ],
    "48": [
     [
      76,
      1,
      2
     ],
     [
      77,
      1,
      3
     ],
     [
      78,
      1,
      4
     ],
     [
      79,
      1,
      2
     ],
     [
      84,
      1,
      3
     ],
     [
      85,
      1,
      5
     ],
     [
      86,
      1,
      2
     ],
     [
      91,
      1,
      4
     ],
     [
      92,
      1,
      5
     ],
     [
      93,
      1,
      9
     ],
     [
      94,
      1,
      10
     ],
     [
      95,
      1,
      3
     ],
     [
      157,
      1,
      1
     ],
     [
      166,
      1,
      1
     ],
     [
      167,
      2,
      2
     ],
     [
      171,
      1,
      8
     ],
     [
      172,
      110,
      10
     ],
     [
      282,
      1,
      3
     ]
    ],
    "49": [
     [
      77,
      1,
      7
     ],
     [
      78,
      1,
      10
     ],
     [
      79,
      1,
      2
     ],
     [
      88,
      1,
      2
     ],
     [
      89,
      2,
      4
     ],
     [
      91,
      4,
      10
     ],
     [
      95,
      1,
      2
     ],
     [
      157,
      1,
      3
     ],
     [
      165,
      1,
      2
     ],
     [
      170,
      1,
      3
     ],
     [
      171,
      111,
      10
     ],
     [
      282,
      1,
      1
     ]
    ],
    "50": [
     [
      77,
      1,
      1
     ],
     [
      78,
      1,
      10
     ],
     [
      79,
      1,
      3
     ],
     [
      80,
      1,
      4
     ],
     [
      81,
      1,
      5
     ],
     [
      82,
      1,
      1
     ],
     [
      84,
      1,
      1
     ],
     [
      85,
      1,
      6
     ],
     [
      86,
      1,
      4
     ],
     [
      87,
      1,
      5
     ],
     [
      88,
      1,
      9
     ],
     [
      89,
      6,
      10
     ],
     [
      95,
      1,
      2
     ],
     [
      110,
      1,
      2
     ],
     [
      113,
      1,
      1
     ],
     [
      114,
      1,
      3
     ],
     [
      160,
      1,
      1
     ],
     [
      163,
      1,
      1
     ],
     [
      166,
      1,
      3
     ],
     [
      169,
      1,
      2
     ],
     [
      170,
      1,
      5
     ],
     [
      171,
      1,
      1
     ],
     [
      172,
      1,
      4
     ],
     [
      173,
      8,
      10
     ],
     [
      181,
      1,
      5
     ],
     [
      182,
      1,
      8
     ],
     [
      183,
      99,
      10
     ]
    ],
    "51": [
     [
      74,
      1,
      1
     ],
     [
      78,
      1,
      2
     ],
     [
      80,
      1,
      4
     ],
     [
      81,
      1,
      10
     ],
     [
      82,
      1,
      6
     ],
     [
      83,
      1,
      2
     ],
     [
      84,
      1,
      8
     ],
     [
      85,
      10,
      10
     ],
     [
      95,
      1,
      8
     ],
     [
      96,
      1,
      5
     ],
     [
      100,
      2,
      2
     ],
     [
      110,
      1,
      6
     ],
     [
      111,
      1,
      7
     ],
     [
      112,
      1,
      5
     ],
     [
      113,
      1,
      6
     ],
     [
      114,
      1,
      8
     ],
     [
      153,
      1,
      1
     ],
     [
      160,
      1,
      1
     ],
     [
      161,
      1,
      4
     ],
     [
      162,
      1,
      1
     ],
     [
      166,
      1,
      6
     ],
     [
      169,
      1,
      4
     ],
     [
      171,
      1,
      1
     ],
     [
      173,
      1,
      6
     ],
     [
      174,
      7,
      10
     ],
     [
      182,
      1,
      6
     ],
     [
      183,
      1,
      8
     ],
     [
      184,
      1,
      3
     ],
     [
      185,
      1,
      8
     ],
     [
      186,
      95,
      10
     ],
     [
      281,
      1,
      7
     ]
    ],
    "52": [
     [
      73,
      1,
      3
     ],
     [
      74,
      1,
      4
     ],
     [
      76,
      1,
      1
     ],
     [
      77,
      1,
      5
     ],
     [
      79,
      1,
      1
     ],
     [
      81,
      1,
      4
     ],
     [
      82,
      2,
      1
     ],
     [
      85,
      1,
      8
     ],
     [
      86,
      11,
      10
     ],
     [
      97,
      1,
      5
     ],
     [
      99,
      1,
      1
     ],
     [
      100,
      1,
      2
     ],
     [
      107,
      1,
      1
     ],
     [
      110,
      1,
      4
     ],
     [
      111,
      3,
      10
     ],
     [
      114,
      1,
      9
     ],
     [
      115,
      1,
      1
     ],
     [
      119,
      1,
      2
     ],
     [
      166,
      1,
      2
     ],
     [
      167,
      1,
      4
     ],
     [
      168,
      1,
      3
     ],
     [
      169,
      2,
      2
     ],
     [
      171,
      1,
      8
     ],
     [
      172,
      2,
      3
     ],
     [
      174,
      7,
      10
     ],
     [
      181,
      1,
      7
     ],
     [
      182,
      1,
      9
     ],
     [
      183,
      1,
      8
     ],
     [
      184,
      1,
      1
     ],
     [
      185,
      1,
      3
     ],
     [
      186,
      95,
      10
     ],
     [
      281,
      1,
      4
     ]
    ],
    "53": [
     [
      71,
      1,
      1
     ],
     [
      72,
      1,
      2
     ],
     [
      73,
      1,
      1
     ],
     [
      75,
      1,
      2
     ],
     [
      76,
      1,
      8
     ],
     [
      77,
      1,
      5
     ],
     [
      78,
      1,
      1
     ],
     [
      79,
      1,
      2
     ],
     [
      83,
      1,
      2
     ],
     [
      84,
      11,
      10
     ],
     [
      95,
      2,
      9
     ],
     [
      97,
      1,
      6
     ],
     [
      98,
      1,
      2
     ],
     [
      106,
      1,
      2
     ],
     [
      107,
      1,
      4
     ],
     [
      108,
      2,
      3
     ],
     [
      110,
      1,
      8
     ],
     [
      111,
      3,
      10
     ],
     [
      114,
      1,
      7
     ],
     [
      119,
      1,
      6
     ],
     [
      130,
      1,
      2
     ],
     [
      140,
      1,
      1
     ],
     [
      148,
      1,
      1
     ],
     [
      163,
      1,
      4
     ],
     [
      166,
      1,
      6
     ],
     [
      167,
      1,
      4
     ],
     [
      171,
      1,
      7
     ],
     [
      172,
      21,
      10
     ],
     [
      193,
      1,
      9
     ],
     [
      194,
      1,
      8
     ],
     [
      195,
      86,
      10
     ],
     [
      281,
      1,
      4
     ]
    ],
    "54": [
     [
      70,
      1,
      2
     ],
     [
      73,
      1,
      2
     ],
     [
      74,
      1,
      7
     ],
     [
      75,
      1,
      9
     ],
     [
      76,
      1,
      10
     ],
     [
      77,
      1,
      9
     ],
     [
      78,
      1,
      1
     ],
     [
      81,
      1,
      1
     ],
     [
      82,
      1,
      5
     ],
     [
      84,
      1,
      7
     ],
     [
      85,
      10,
      10
     ],
     [
      95,
      1,
      4
     ],
     [
      97,
      1,
      3
     ],
     [
      99,
      1,
      2
     ],
     [
      100,
      1,
      6
     ],
     [
      101,
      1,
      1
     ],
     [
      105,
      1,
      1
     ],
     [
      106,
      8,
      10
     ],
     [
      114,
      1,
      8
     ],
     [
      115,
      1,
      2
     ],
     [
      120,
      1,
      2
     ],
     [
      122,
      1,
      1
     ],
     [
      139,
      1,
      1
     ],
     [
      140,
      1,
      2
     ],
     [
      163,
      1,
      6
     ],
     [
      166,
      1,
      9
     ],
     [
      169,
      1,
      3
     ],
     [
      170,
      1,
      7
     ],
     [
      171,
      22,
      10
     ],
     [
      193,
      1,
      7
     ],
     [
      195,
      1,
      6
     ],
     [
      196,
      85,
      10
     ]
    ],
    "55": [
     [
      65,
      1,
      1
     ],
     [
      66,
      1,
      4
     ],
     [
      67,
      1,
      2
     ],
     [
      68,
      1,
      1
     ],
     [
      69,
      1,
      2
     ],
     [
      70,
      1,
      9
     ],
     [
      71,
      2,
      10
     ],
     [
      73,
      1,
      9
     ],
     [
      74,
      3,
      10
     ],
     [
      77,
      1,
      8
     ],
     [
      81,
      2,
      3
     ],
     [
      83,
      1,
      2
     ],
     [
      84,
      10,
      10
     ],
     [
      94,
      1,
      5
     ],
     [
      95,
      1,
      1
     ],
     [
      97,
      1,
      2
     ],
     [
      100,
      1,
      1
     ],
     [
      102,
      1,
      3
     ],
     [
      104,
      1,
      1
     ],
     [
      105,
      3,
      2
     ],
     [
      108,
      2,
      10
     ],
     [
      110,
      1,
      7
     ],
     [
      111,
      1,
      9
     ],
     [
      112,
      2,
      10
     ],
     [
      114,
      1,
      6
     ],
     [
      120,
      1,
      7
     ],
     [
      122,
      1,
      6
     ],
     [
      123,
      1,
      3
     ],
     [
      125,
      1,
      3
     ],
     [
      126,
      1,
      1
     ],
     [
      139,
      1,
      2
     ],
     [
      164,
      1,
      1
     ],
     [
      166,
      1,
      2
     ],
     [
      167,
      26,
      10
     ],
     [
      193,
      1,
      6
     ],
     [
      194,
      1,
      4
     ],
     [
      195,
      1,
      9
     ],
     [
      196,
      85,
      10
     ]
    ],
    "56": [
     [
      60,
      1,
      2
     ],
     [
      62,
      1,
      5
     ],
     [
      65,
      1,
      2
     ],
     [
      66,
      1,
      3
     ],
     [
      67,
      1,
      6
     ],
     [
      68,
      6,
      10
     ],
     [
      74,
      1,
      2
     ],
     [
      75,
      1,
      1
     ],
     [
      76,
      2,
      8
     ],
     [
      80,
      1,
      1
     ],
     [
      81,
      1,
      8
     ],
     [
      82,
      12,
      10
     ],
     [
      94,
      1,
      1
     ],
     [
      98,
      1,
      3
     ],
     [
      101,
      1,
      1
     ],
     [
      102,
      1,
      5
     ],
     [
      106,
      1,
      4
     ],
     [
      107,
      1,
      3
     ],
     [
      108,
      1,
      10
     ],
     [
      109,
      1,
      7
     ],
     [
      111,
      1,
      1
     ],
     [
      112,
      1,
      3
     ],
     [
      113,
      1,
      4
     ],
     [
      114,
      1,
      1
     ],
     [
      117,
      1,
      1
     ],
     [
      118,
      1,
      4
     ],
     [
      119,
      8,
      10
     ],
     [
      127,
      1,
      2
     ],
     [
      161,
      1,
      3
     ],
     [
      166,
      1,
      7
     ],
     [
      167,
      113,
      10
     ],
     [
      280,
      1,
      6
     ]
    ],
    "57": [
     [
      60,
      1,
      8
     ],
     [
      61,
      2,
      10
     ],
     [
      63,
      1,
      3
     ],
     [
      64,
      1,
      1
     ],
     [
      67,
      1,
      4
     ],
     [
      68,
      3,
      10
     ],
     [
      71,
      1,
      1
     ],
     [
      72,
      1,
      3
     ],
     [
      73,
      1,
      1
     ],
     [
      76,
      2,
      2
     ],
     [
      79,
      1,
      2
     ],
     [
      80,
      1,
      7
     ],
     [
      81,
      12,
      10
     ],
     [
      93,
      1,
      6
     ],
     [
      94,
      1,
      1
     ],
     [
      95,
      1,
      4
     ],
     [
      96,
      2,
      7
     ],
     [
      98,
      1,
      9
     ],
     [
      99,
      1,
      8
     ],
     [
      100,
      1,
      7
     ],
     [
      102,
      1,
      4
     ],
     [
      104,
      1,
      2
     ],
     [
      105,
      1,
      7
     ],
     [
      106,
      1,
      10
     ],
     [
      107,
      1,
      9
     ],
     [
      108,
      1,
      7
     ],
     [
      109,
      1,
      10
     ],
     [
      110,
      1,
      1
     ],
     [
      117,
      1,
      3
     ],
     [
      118,
      9,
      10
     ],
     [
      129,
      1,
      1
     ],
     [
      133,
      1,
      1
     ],
     [
      160,
      1,
      5
     ],
     [
      166,
      1,
      2
     ],
     [
      167,
      3,
      10
     ],
     [
      170,
      1,
      7
     ],
     [
      172,
      1,
      6
     ],
     [
      173,
      107,
      10
     ],
     [
      280,
      1,
      6
     ]
    ],
    "58": [
     [
      60,
      1,
      6
     ],
     [
      61,
      2,
      10
     ],
     [
      63,
      1,
      3
     ],
     [
      65,
      1,
      9
     ],
     [
      66,
      3,
      10
     ],
     [
      69,
      1,
      9
     ],
     [
      70,
      1,
      10
     ],
     [
      71,
      1,
      2
     ],
     [
      75,
      1,
      2
     ],
     [
      76,
      1,
      3
     ],
     [
      77,
      2,
      2
     ],
     [
      79,
      14,
      10
     ],
     [
      93,
      1,
      1
     ],
     [
      95,
      11,
      10
     ],
     [
      106,
      1,
      7
     ],
     [
      107,
      2,
      1
     ],
     [
      109,
      1,
      10
     ],
     [
      114,
      1,
      2
     ],
     [
      117,
      1,
      7
     ],
     [
      118,
      9,
      10
     ],
     [
      127,
      1,
      5
     ],
     [
      128,
      1,
      2
     ],
     [
      133,
      1,
      2
     ],
     [
      142,
      1,
      1
     ],
     [
      157,
      1,
      1
     ],
     [
      164,
      1,
      2
     ],
     [
      166,
      1,
      2
     ],
     [
      167,
      1,
      7
     ],
     [
      168,
      1,
      3
     ],
     [
      170,
      1,
      3
     ],
     [
      172,
      1,
      7
     ],
     [
      173,
      107,
      10
     ],
     [
      280,
      1,
      3
     ]
    ],
    "59": [
     [
      58,
      1,
      1
     ],
     [
      59,
      1,
      3
     ],
     [
      60,
      2,
      7
     ],
     [
      62,
      1,
      9
     ],
     [
      63,
      5,
      10
     ],
     [
      68,
      1,
      7
     ],
     [
      70,
      1,
      1
     ],
     [
      73,
      1,
      3
     ],
     [
      74,
      1,
      1
     ],
     [
      75,
      1,
      7
     ],
     [
      76,
      17,
      10
     ],
     [
      93,
      1,
      7
     ],
     [
      94,
      1,
      6
     ],
     [
      95,
      11,
      10
     ],
     [
      106,
      1,
      8
     ],
     [
      109,
      1,
      3
     ],
     [
      114,
      1,
      9
     ],
     [
      115,
      1,
      7
     ],
     [
      116,
      1,
      6
     ],
     [
      117,
      11,
      10
     ],
     [
      128,
      1,
      7
     ],
     [
      129,
      1,
      4
     ],
     [
      130,
      1,
      2
     ],
     [
      132,
      1,
      1
     ],
     [
      157,
      1,
      1
     ],
     [
      163,
      1,
      3
     ],
     [
      164,
      1,
      8
     ],
     [
      165,
      1,
      3
     ],
     [
      167,
      2,
      6
     ],
     [
      170,
      2,
      6
     ],
     [
      172,
      2,
      4
     ],
     [
      174,
      1,
      9
     ],
     [
      175,
      105,
      10
     ]
    ],
    "60": [
     [
      58,
      1,
      6
     ],
     [
      59,
      1,
      8
     ],
     [
      60,
      1,
      4
     ],
     [
      62,
      1,
      9
     ],
     [
      63,
      2,
      10
     ],
     [
      65,
      1,
      9
     ],
     [
      66,
      1,
      6
     ],
     [
      67,
      1,
      2
     ],
     [
      70,
      1,
      4
     ],
     [
      72,
      1,
      5
     ],
     [
      73,
      34,
      10
     ],
     [
      112,
      1,
      3
     ],
     [
      113,
      1,
      5
     ],
     [
      114,
      16,
      10
     ],
     [
      130,
      1,
      3
     ],
     [
      163,
      1,
      1
     ],
     [
      167,
      1,
      8
     ],
     [
      168,
      2,
      10
     ],
     [
      170,
      1,
      5
     ],
     [
      171,
      1,
      2
     ],
     [
      172,
      1,
      1
     ],
     [
      173,
      1,
      3
     ],
     [
      174,
      105,
      10
     ],
     [
      279,
      1,
      9
     ]
    ],
    "61": [
     [
      59,
      1,
      3
     ],
     [
      60,
      1,
      6
     ],
     [
      61,
      1,
      5
     ],
     [
      62,
      2,
      10
     ],
     [
      64,
      2,
      1
     ],
     [
      70,
      1,
      2
     ],
     [
      72,
      1,
      1
     ],
     [
      73,
      34,
      10
     ],
     [
      109,
      1,
      5
     ],
     [
      110,
      15,
      10
     ],
     [
      125,
      1,
      4
     ],
     [
      126,
      1,
      9
     ],
     [
      127,
      3,
      10
     ],
     [
      130,
      1,
      3
     ],
     [
      133,
      1,
      2
     ],
     [
      134,
      1,
      5
     ],
     [
      153,
      1,
      1
     ],
     [
      155,
      2,
      3
     ],
     [
      167,
      1,
      5
     ],
     [
      168,
      1,
      3
     ],
     [
      169,
      1,
      10
     ],
     [
      170,
      1,
      4
     ],
     [
      172,
      1,
      7
     ],
     [
      173,
      6,
      10
     ],
     [
      179,
      2,
      7
     ],
     [
      181,
      98,
      10
     ],
     [
      279,
      1,
      7
     ]
    ],
    "62": [
     [
      59,
      1,
      4
     ],
     [
      60,
      1,
      5
     ],
     [
      61,
      1,
      6
     ],
     [
      62,
      2,
      10
     ],
     [
      64,
      1,
      5
     ],
     [
      65,
      1,
      4
     ],
     [
      66,
      1,
      8
     ],
     [
      67,
      3,
      7
     ],
     [
      70,
      2,
      2
     ],
     [
      72,
      1,
      3
     ],
     [
      73,
      35,
      10
     ],
     [
      108,
      1,
      9
     ],
     [
      109,
      16,
      10
     ],
     [
      125,
      1,
      1
     ],
     [
      126,
      1,
      2
     ],
     [
      127,
      1,
      6
     ],
     [
      128,
      2,
      10
     ],
     [
      130,
      1,
      5
     ],
     [
      131,
      1,
      1
     ],
     [
      132,
      1,
      3
     ],
     [
      134,
      1,
      2
     ],
     [
      155,
      1,
      5
     ],
     [
      156,
      1,
      1
     ],
     [
      160,
      1,
      1
     ],
     [
      166,
      1,
      5
     ],
     [
      169,
      1,
      5
     ],
     [
      170,
      1,
      10
     ],
     [
      171,
      2,
      9
     ],
     [
      173,
      6,
      10
     ],
     [
      179,
      1,
      3
     ],
     [
      181,
      98,
      10
     ],
     [
      279,
      1,
      5
     ]
    ],
    "63": [
     [
      62,
      1,
      1
     ],
     [
      63,
      6,
      10
     ],
     [
      69,
      1,
      6
     ],
     [
      72,
      53,
      10
     ],
     [
      125,
      1,
      6
     ],
     [
      126,
      1,
      4
     ],
     [
      127,
      1,
      7
     ],
     [
      128,
      4,
      10
     ],
     [
      132,
      1,
      5
     ],
     [
      166,
      1,
      5
     ],
     [
      167,
      1,
      2
     ],
     [
      169,
      1,
      2
     ],
     [
      170,
      2,
      10
     ],
     [
      172,
      1,
      5
     ],
     [
      173,
      1,
      7
     ],
     [
      174,
      6,
      10
     ],
     [
      180,
      1,
      9
     ],
     [
      181,
      98,
      10
     ],
     [
      279,
      1,
      3
     ]
    ],
    "64": [
     [
      64,
      1,
      1
     ],
     [
      65,
      4,
      10
     ],
     [
      69,
      1,
      1
     ],
     [
      71,
      1,
      9
     ],
     [
      72,
      19,
      10
     ],
     [
      91,
      1,
      8
     ],
     [
      92,
      1,
      6
     ],
     [
      93,
      1,
      9
     ],
     [
      94,
      38,
      10
     ],
     [
      132,
      1,
      5
     ],
     [
      154,
      1,
      1
     ],
     [
      155,
      1,
      3
     ],
     [
      156,
      1,
      1
     ],
     [
      166,
      1,
      4
     ],
     [
      167,
      2,
      10
     ],
     [
      169,
      1,
      8
     ],
     [
      170,
      1,
      10
     ],
     [
      171,
      1,
      7
     ],
     [
      173,
      1,
      6
     ],
     [
      174,
      105,
      10
     ],
     [
      279,
      1,
      1
     ]
    ],
    "65": [
     [
      61,
      1,
      3
     ],
     [
      62,
      1,
      6
     ],
     [
      63,
      1,
      3
     ],
     [
      64,
      1,
      6
     ],
     [
      65,
      5,
      10
     ],
     [
      70,
      1,
      9
     ],
     [
      71,
      19,
      10
     ],
     [
      90,
      1,
      5
     ],
     [
      93,
      1,
      7
     ],
     [
      94,
      6,
      10
     ],
     [
      100,
      1,
      5
     ],
     [
      101,
      1,
      8
     ],
     [
      102,
      20,
      10
     ],
     [
      122,
      1,
      4
     ],
     [
      124,
      1,
      3
     ],
     [
      125,
      7,
      10
     ],
     [
      132,
      1,
      9
     ],
     [
      133,
      1,
      6
     ],
     [
      135,
      1,
      2
     ],
     [
      155,
      1,
      4
     ],
     [
      158,
      1,
      2
     ],
     [
      159,
      1,
      1
     ],
     [
      166,
      1,
      1
     ],
     [
      167,
      5,
      10
     ],
     [
      172,
      1,
      7
     ],
     [
      173,
      106,
      10
     ]
    ],
    "66": [
     [
      62,
      1,
      4
     ],
     [
      63,
      27,
      10
     ],
     [
      90,
      1,
      9
     ],
     [
      91,
      1,
      3
     ],
     [
      93,
      1,
      9
     ],
     [
      94,
      4,
      10
     ],
     [
      98,
      1,
      8
     ],
     [
      99,
      1,
      3
     ],
     [
      101,
      1,
      2
     ],
     [
      102,
      20,
      10
     ],
     [
      122,
      1,
      8
     ],
     [
      123,
      1,
      1
     ],
     [
      124,
      1,
      3
     ],
     [
      125,
      8,
      10
     ],
     [
      133,
      1,
      9
     ],
     [
      134,
      1,
      6
     ],
     [
      135,
      1,
      2
     ],
     [
      156,
      1,
      1
     ],
     [
      159,
      1,
      1
     ],
     [
      166,
      1,
      6
     ],
     [
      168,
      1,
      2
     ],
     [
      169,
      109,
      10
     ],
     [
      278,
      1,
      7
     ]
    ],
    "67": [
     [
      62,
      1,
      6
     ],
     [
      63,
      3,
      10
     ],
     [
      66,
      1,
      3
     ],
     [
      67,
      1,
      5
     ],
     [
      68,
      1,
      9
     ],
     [
      69,
      2,
      10
     ],
     [
      71,
      1,
      8
     ],
     [
      72,
      1,
      6
     ],
     [
      73,
      1,
      9
     ],
     [
      74,
      17,
      10
     ],
     [
      91,
      1,
      9
     ],
     [
      92,
      1,
      7
     ],
     [
      93,
      5,
      10
     ],
     [
      98,
      1,
      9
     ],
     [
      99,
      1,
      5
     ],
     [
      100,
      2,
      4
     ],
     [
      102,
      21,
      10
     ],
     [
      124,
      1,
      2
     ],
     [
      125,
      9,
      10
     ],
     [
      134,
      1,
      5
     ],
     [
      158,
      1,
      1
     ],
     [
      159,
      1,
      6
     ],
     [
      165,
      1,
      2
     ],
     [
      166,
      1,
      6
     ],
     [
      167,
      1,
      2
     ],
     [
      169,
      109,
      10
     ],
     [
      278,
      1,
      5
     ]
    ],
    "68": [
     [
      62,
      1,
      8
     ],
     [
      63,
      1,
      10
     ],
     [
      64,
      1,
      7
     ],
     [
      65,
      1,
      9
     ],
     [
      66,
      1,
      2
     ],
     [
      68,
      1,
      1
     ],
     [
      69,
      2,
      10
     ],
     [
      71,
      1,
      4
     ],
     [
      73,
      1,
      7
     ],
     [
      74,
      49,
      10
     ],
     [
      123,
      2,
      7
     ],
     [
      125,
      6,
      10
     ],
     [
      131,
      1,
      8
     ],
     [
      132,
      2,
      3
     ],
     [
      134,
      1,
      1
     ],
     [
      136,
      1,
      6
     ],
     [
      137,
      1,
      3
     ],
     [
      153,
      1,
      1
     ],
     [
      157,
      1,
      2
     ],
     [
      158,
      1,
      7
     ],
     [
      159,
      1,
      1
     ],
     [
      163,
      1,
      3
     ],
     [
      164,
      1,
      7
     ],
     [
      167,
      111,
      10
     ],
     [
      278,
      1,
      4
     ]
    ],
    "69": [
     [
      63,
      1,
      2
     ],
     [
      65,
      2,
      1
     ],
     [
      69,
      1,
      6
     ],
     [
      70,
      1,
      4
     ],
     [
      71,
      1,
      5
     ],
     [
      72,
      1,
      7
     ],
     [
      73,
      58,
      10
     ],
     [
      131,
      1,
      7
     ],
     [
      134,
      1,
      8
     ],
     [
      135,
      2,
      1
     ],
     [
      158,
      1,
      1
     ],
     [
      162,
      1,
      3
     ],
     [
      165,
      1,
      2
     ],
     [
      166,
      1,
      1
     ],
     [
      167,
      1,
      7
     ],
     [
      168,
      110,
      10
     ]
    ],
    "70": [
     [
      71,
      1,
      5
     ],
     [
      72,
      1,
      10
     ],
     [
      73,
      1,
      7
     ],
     [
      74,
      54,
      10
     ],
     [
      128,
      1,
      5
     ],
     [
      129,
      1,
      8
     ],
     [
      130,
      1,
      6
     ],
     [
      132,
      1,
      9
     ],
     [
      133,
      1,
      8
     ],
     [
      165,
      2,
      4
     ],
     [
      167,
      1,
      9
     ],
     [
      168,
      110,
      10
     ]
    ],
    "71": [
     [
      71,
      1,
      5
     ],
     [
      72,
      1,
      10
     ],
     [
      74,
      1,
      3
     ],
     [
      75,
      50,
      10
     ],
     [
      125,
      1,
      8
     ],
     [
      126,
      1,
      2
     ],
     [
      127,
      1,
      1
     ],
     [
      129,
      1,
      5
     ],
     [
      130,
      1,
      3
     ],
     [
      132,
      1,
      8
     ],
     [
      133,
      1,
      7
     ],
     [
      135,
      1,
      1
     ],
     [
      136,
      1,
      5
     ],
     [
      164,
      1,
      3
     ],
     [
      165,
      1,
      6
     ],
     [
      166,
      1,
      8
     ],
     [
      167,
      110,
      10
     ],
     [
      277,
      1,
      6
     ]
    ],
    "72": [
     [
      70,
      1,
      2
     ],
     [
      71,
      1,
      10
     ],
     [
      72,
      1,
      8
     ],
     [
      73,
      2,
      1
     ],
     [
      75,
      1,
      9
     ],
     [
      76,
      48,
      10
     ],
     [
      124,
      1,
      8
     ],
     [
      125,
      1,
      1
     ],
     [
      128,
      1,
      3
     ],
     [
      129,
      1,
      10
     ],
     [
      130,
      1,
      8
     ],
     [
      131,
      1,
      6
     ],
     [
      132,
      1,
      10
     ],
     [
      133,
      1,
      7
     ],
     [
      134,
      1,
      4
     ],
     [
      135,
      1,
      6
     ],
     [
      136,
      1,
      9
     ],
     [
      164,
      1,
      7
     ],
     [
      165,
      1,
      4
     ],
     [
      166,
      1,
      1
     ],
     [
      167,
      1,
      8
     ],
     [
      168,
      109,
      10
     ],
     [
      277,
      1,
      6
     ]
    ],
    "73": [
     [
      70,
      1,
      2
     ],
     [
      71,
      2,
      10
     ],
     [
      73,
      1,
      2
     ],
     [
      75,
      49,
      10
     ],
     [
      124,
      1,
      3
     ],
     [
      127,
      1,
      2
     ],
     [
      128,
      1,
      9
     ],
     [
      129,
      1,
      10
     ],
     [
      130,
      1,
      5
     ],
     [
      131,
      1,
      3
     ],
     [
      132,
      1,
      8
     ],
     [
      133,
      1,
      4
     ],
     [
      134,
      3,
      1
     ],
     [
      160,
      1,
      4
     ],
     [
      163,
      1,
      1
     ],
     [
      164,
      1,
      3
     ],
     [
      165,
      1,
      4
     ],
     [
      167,
      1,
      7
     ],
     [
      168,
      109,
      10
     ],
     [
      277,
      1,
      3
     ]
    ],
    "74": [
     [
      71,
      1,
      9
     ],
     [
      72,
      1,
      10
     ],
     [
      73,
      1,
      8
     ],
     [
      74,
      1,
      3
     ],
     [
      75,
      1,
      9
     ],
     [
      76,
      48,
      10
     ],
     [
      124,
      1,
      3
     ],
     [
      127,
      1,
      3
     ],
     [
      128,
      1,
      7
     ],
     [
      129,
      1,
      8
     ],
     [
      132,
      1,
      8
     ],
     [
      133,
      1,
      2
     ],
     [
      136,
      1,
      1
     ],
     [
      137,
      1,
      4
     ],
     [
      160,
      1,
      8
     ],
     [
      161,
      3,
      10
     ],
     [
      164,
      1,
      8
     ],
     [
      165,
      1,
      9
     ],
     [
      166,
      1,
      6
     ],
     [
      167,
      110,
      10
     ]
    ],
    "75": [
     [
      71,
      1,
      3
     ],
     [
      73,
      1,
      1
     ],
     [
      75,
      1,
      7
     ],
     [
      76,
      49,
      10
     ],
     [
      125,
      1,
      2
     ],
     [
      129,
      1,
      6
     ],
     [
      130,
      1,
      7
     ],
     [
      131,
      1,
      9
     ],
     [
      132,
      1,
      10
     ],
     [
      133,
      1,
      8
     ],
     [
      161,
      1,
      1
     ],
     [
      162,
      2,
      3
     ],
     [
      164,
      1,
      9
     ],
     [
      165,
      1,
      4
     ],
     [
      167,
      1,
      8
     ],
     [
      168,
      108,
      10
     ],
     [
      276,
      1,
      9
     ]
    ],
    "76": [
     [
      69,
      1,
      1
     ],
     [
      70,
      1,
      8
     ],
     [
      71,
      1,
      10
     ],
     [
      72,
      1,
      4
     ],
     [
      73,
      1,
      7
     ],
     [
      74,
      1,
      8
     ],
     [
      75,
      11,
      10
     ],
     [
      86,
      1,
      9
     ],
     [
      87,
      1,
      7
     ],
     [
      88,
      1,
      8
     ],
     [
      89,
      36,
      10
     ],
     [
      125,
      1,
      3
     ],
     [
      129,
      1,
      7
     ],
     [
      130,
      3,
      10
     ],
     [
      133,
      1,
      7
     ],
     [
      135,
      1,
      3
     ],
     [
      136,
      1,
      1
     ],
     [
      154,
      1,
      1
     ],
     [
      164,
      1,
      5
     ],
     [
      165,
      1,
      1
     ],
     [
      167,
      109,
      10
     ],
     [
      276,
      1,
      7
     ]
    ],
    "77": [
     [
      68,
      1,
      2
     ],
     [
      69,
      1,
      7
     ],
     [
      70,
      16,
      10
     ],
     [
      86,
      1,
      3
     ],
     [
      88,
      1,
      7
     ],
     [
      89,
      36,
      10
     ],
     [
      125,
      1,
      6
     ],
     [
      126,
      1,
      1
     ],
     [
      128,
      2,
      2
     ],
     [
      130,
      1,
      8
     ],
     [
      131,
      2,
      10
     ],
     [
      133,
      2,
      8
     ],
     [
      135,
      2,
      10
     ],
     [
      137,
      1,
      8
     ],
     [
      158,
      1,
      3
     ],
     [
      162,
      1,
      4
     ],
     [
      164,
      1,
      2
     ],
     [
      165,
      1,
      6
     ],
     [
      166,
      1,
      9
     ],
     [
      167,
      109,
      10
     ],
     [
      276,
      1,
      4
     ]
    ],
    "78": [
     [
      68,
      19,
      10
     ],
     [
      87,
      1,
      8
     ],
     [
      88,
      38,
      10
     ],
     [
      126,
      1,
      6
     ],
     [
      130,
      1,
      4
     ],
     [
      131,
      5,
      10
     ],
     [
      136,
      1,
      7
     ],
     [
      137,
      1,
      1
     ],
     [
      140,
      1,
      2
     ],
     [
      157,
      1,
      1
     ],
     [
      160,
      1,
      5
     ],
     [
      161,
      1,
      1
     ],
     [
      164,
      1,
      4
     ],
     [
      165,
      5,
      10
     ],
     [
      170,
      1,
      4
     ],
     [
      171,
      1,
      5
     ],
     [
      172,
      104,
      10
     ],
     [
      276,
      1,
      3
     ]
    ],
    "79": [
     [
      68,
      1,
      7
     ],
     [
      69,
      58,
      10
     ],
     [
      127,
      1,
      5
     ],
     [
      128,
      1,
      3
     ],
     [
      130,
      1,
      3
     ],
     [
      131,
      5,
      10
     ],
     [
      136,
      1,
      1
     ],
     [
      138,
      1,
      1
     ],
     [
      140,
      1,
      1
     ],
     [
      157,
      1,
      2
     ],
     [
      164,
      1,
      3
     ],
     [
      165,
      4,
      10
     ],
     [
      169,
      2,
      2
     ],
     [
      171,
      1,
      3
     ],
     [
      172,
      1,
      2
     ],
     [
      174,
      1,
      8
     ],
     [
      175,
      101,
      10
     ]
    ],
    "80": [
     [
      64,
      1,
      4
     ],
     [
      67,
      1,
      5
     ],
     [
      68,
      59,
      10
     ],
     [
      127,
      1,
      2
     ],
     [
      129,
      2,
      6
     ],
     [
      131,
      5,
      10
     ],
     [
      136,
      2,
      5
     ],
     [
      138,
      1,
      1
     ],
     [
      156,
      1,
      1
     ],
     [
      161,
      1,
      1
     ],
     [
      164,
      1,
      6
     ],
     [
      165,
      1,
      3
     ],
     [
      166,
      1,
      8
     ],
     [
      167,
      2,
      10
     ],
     [
      169,
      1,
      7
     ],
     [
      170,
      1,
      9
     ],
     [
      171,
      1,
      6
     ],
     [
      173,
      1,
      1
     ],
     [
      174,
      101,
      10
     ],
     [
      275,
      1,
      9
     ]
    ],
    "81": [
     [
      63,
      1,
      4
     ],
     [
      64,
      1,
      10
     ],
     [
      65,
      1,
      5
     ],
     [
      66,
      1,
      6
     ],
     [
      67,
      59,
      10
     ],
     [
      126,
      1,
      7
     ],
     [
      129,
      1,
      7
     ],
     [
      130,
      1,
      3
     ],
     [
      131,
      1,
      9
     ],
     [
      132,
      4,
      10
     ],
     [
      161,
      1,
      5
     ],
     [
      165,
      1,
      1
     ],
     [
      166,
      1,
      7
     ],
     [
      167,
      1,
      10
     ],
     [
      168,
      1,
      3
     ],
     [
      169,
      1,
      2
     ],
     [
      170,
      1,
      10
     ],
     [
      171,
      1,
      5
     ],
     [
      172,
      1,
      7
     ],
     [
      173,
      102,
      10
     ],
     [
      275,
      1,
      7
     ]
    ],
    "82": [
     [
      61,
      1,
      2
     ],
     [
      62,
      1,
      7
     ],
     [
      63,
      66,
      10
     ],
     [
      129,
      1,
      7
     ],
     [
      130,
      1,
      3
     ],
     [
      131,
      1,
      8
     ],
     [
      132,
      3,
      10
     ],
     [
      135,
      1,
      9
     ],
     [
      138,
      1,
      3
     ],
     [
      139,
      1,
      4
     ],
     [
      157,
      1,
      3
     ],
     [
      165,
      1,
      3
     ],
     [
      166,
      1,
      10
     ],
     [
      167,
      1,
      8
     ],
     [
      170,
      1,
      3
     ],
     [
      172,
      1,
      2
     ],
     [
      173,
      102,
      10
     ],
     [
      275,
      1,
      4
     ]
    ],
    "83": [
     [
      59,
      1,
      1
     ],
     [
      60,
      1,
      9
     ],
     [
      61,
      1,
      8
     ],
     [
      62,
      73,
      10
     ],
     [
      135,
      1,
      8
     ],
     [
      136,
      1,
      4
     ],
     [
      137,
      1,
      8
     ],
     [
      138,
      1,
      10
     ],
     [
      139,
      1,
      9
     ],
     [
      157,
      1,
      2
     ],
     [
      159,
      1,
      4
     ],
     [
      163,
      1,
      2
     ],
     [
      164,
      1,
      4
     ],
     [
      165,
      1,
      1
     ],
     [
      166,
      1,
      8
     ],
     [
      167,
      1,
      9
     ],
     [
      168,
      1,
      6
     ],
     [
      169,
      1,
      8
     ],
     [
      170,
      1,
      9
     ],
     [
      171,
      1,
      2
     ],
     [
      172,
      1,
      7
     ],
     [
      173,
      102,
      10
     ],
     [
      275,
      1,
      3
     ]
    ],
    "84": [
     [
      59,
      1,
      3
     ],
     [
      60,
      1,
      7
     ],
     [
      61,
      78,
      10
     ],
     [
      139,
      1,
      4
     ],
     [
      165,
      1,
      2
     ],
     [
      166,
      1,
      7
     ],
     [
      167,
      4,
      10
     ],
     [
      172,
      1,
      2
     ],
     [
      173,
      102,
      10
     ]
    ],
    "85": [
     [
      58,
      1,
      2
     ],
     [
      59,
      1,
      9
     ],
     [
      60,
      78,
      10
     ],
     [
      138,
      1,
      8
     ],
     [
      164,
      1,
      5
     ],
     [
      165,
      1,
      10
     ],
     [
      166,
      1,
      6
     ],
     [
      167,
      1,
      7
     ],
     [
      168,
      3,
      10
     ],
     [
      172,
      1,
      1
     ],
     [
      173,
      1,
      8
     ],
     [
      174,
      100,
      10
     ],
     [
      274,
      1,
      8
     ]
    ],
    "86": [
     [
      59,
      1,
      9
     ],
     [
      60,
      79,
      10
     ],
     [
      139,
      1,
      6
     ],
     [
      164,
      1,
      4
     ],
     [
      165,
      1,
      10
     ],
     [
      168,
      3,
      10
     ],
     [
      171,
      1,
      8
     ],
     [
      172,
      1,
      7
     ],
     [
      173,
      101,
      10
     ],
     [
      274,
      1,
      7
     ]
    ],
    "87": [
     [
      58,
      1,
      4
     ],
     [
      59,
      80,
      10
     ],
     [
      139,
      1,
      8
     ],
     [
      140,
      2,
      3
     ],
     [
      157,
      2,
      1
     ],
     [
      160,
      1,
      1
     ],
     [
      167,
      1,
      2
     ],
     [
      168,
      106,
      10
     ],
     [
      274,
      1,
      4
     ]
    ],
    "88": [
     [
      56,
      2,
      6
     ],
     [
      58,
      1,
      9
     ],
     [
      59,
      78,
      10
     ],
     [
      137,
      1,
      7
     ],
     [
      138,
      1,
      4
     ],
     [
      140,
      1,
      3
     ],
     [
      141,
      1,
      5
     ],
     [
      160,
      1,
      1
     ],
     [
      164,
      1,
      2
     ],
     [
      166,
      1,
      4
     ],
     [
      167,
      1,
      8
     ],
     [
      168,
      1,
      10
     ],
     [
      169,
      1,
      3
     ],
     [
      170,
      1,
      6
     ],
     [
      171,
      103,
      10
     ],
     [
      274,
      1,
      2
     ]
    ],
    "89": [
     [
      56,
      1,
      7
     ],
     [
      57,
      79,
      10
     ],
     [
      136,
      1,
      9
     ],
     [
      139,
      1,
      2
     ],
     [
      140,
      2,
      1
     ],
     [
      167,
      1,
      3
     ],
     [
      168,
      1,
      8
     ],
     [
      170,
      1,
      3
     ],
     [
      171,
      103,
      10
     ]
    ],
    "90": [
     [
      56,
      1,
      5
     ],
     [
      57,
      79,
      10
     ],
     [
      136,
      1,
      8
     ],
     [
      137,
      1,
      5
     ],
     [
      138,
      1,
      6
     ],
     [
      139,
      1,
      9
     ],
     [
      140,
      1,
      1
     ],
     [
      162,
      2,
      2
     ],
     [
      164,
      1,
      5
     ],
     [
      165,
      1,
      7
     ],
     [
      166,
      1,
      5
     ],
     [
      167,
      1,
      9
     ],
     [
      168,
      1,
      10
     ],
     [
      169,
      1,
      9
     ],
     [
      170,
      1,
      1
     ],
     [
      171,
      1,
      8
     ],
     [
      172,
      101,
      10
     ],
     [
      273,
      1,
      8
     ]
    ],
    "91": [
     [
      54,
      1,
      5
     ],
     [
      55,
      1,
      4
     ],
     [
      56,
      1,
      7
     ],
     [
      57,
      83,
      10
     ],
     [
      140,
      1,
      5
     ],
     [
      142,
      1,
      4
     ],
     [
      143,
      1,
      3
     ],
     [
      163,
      1,
      3
     ],
     [
      164,
      1,
      1
     ],
     [
      165,
      1,
      9
     ],
     [
      166,
      3,
      10
     ],
     [
      169,
      1,
      6
     ],
     [
      171,
      1,
      5
     ],
     [
      172,
      101,
      10
     ],
     [
      273,
      1,
      7
     ]
    ],
    "92": [
     [
      53,
      1,
      3
     ],
     [
      54,
      1,
      9
     ],
     [
      55,
      85,
      10
     ],
     [
      140,
      1,
      8
     ],
     [
      141,
      1,
      2
     ],
     [
      142,
      1,
      10
     ],
     [
      143,
      1,
      8
     ],
     [
      144,
      1,
      1
     ],
     [
      161,
      1,
      1
     ],
     [
      162,
      1,
      8
     ],
     [
      164,
      1,
      2
     ],
     [
      165,
      1,
      4
     ],
     [
      166,
      1,
      3
     ],
     [
      167,
      2,
      10
     ],
     [
      169,
      1,
      6
     ],
     [
      171,
      1,
      7
     ],
     [
      172,
      101,
      10
     ],
     [
      273,
      1,
      3
     ]
    ],
    "93": [
     [
      51,
      1,
      8
     ],
     [
      52,
      1,
      7
     ],
     [
      53,
      92,
      10
     ],
     [
      145,
      1,
      2
     ],
     [
      162,
      1,
      6
     ],
     [
      163,
      1,
      4
     ],
     [
      166,
      1,
      1
     ],
     [
      167,
      3,
      10
     ],
     [
      170,
      1,
      8
     ],
     [
      171,
      102,
      10
     ],
     [
      273,
      1,
      2
     ]
    ],
    "94": [
     [
      50,
      1,
      7
     ],
     [
      51,
      94,
      10
     ],
     [
      145,
      1,
      8
     ],
     [
      162,
      2,
      6
     ],
     [
      164,
      1,
      1
     ],
     [
      165,
      1,
      2
     ],
     [
      166,
      2,
      5
     ],
     [
      168,
      2,
      10
     ],
     [
      170,
      1,
      3
     ],
     [
      171,
      1,
      7
     ],
     [
      172,
      101,
      10
     ]
    ],
    "95": [
     [
      47,
      1,
      1
     ],
     [
      48,
      1,
      7
     ],
     [
      49,
      97,
      10
     ],
     [
      146,
      1,
      6
     ],
     [
      164,
      1,
      3
     ],
     [
      167,
      1,
      1
     ],
     [
      168,
      1,
      10
     ],
     [
      169,
      1,
      6
     ],
     [
      171,
      1,
      6
     ],
     [
      172,
      100,
      10
     ],
     [
      272,
      1,
      8
     ]
    ],
    "96": [
     [
      47,
      100,
      10
     ],
     [
      147,
      1,
      9
     ],
     [
      148,
      1,
      7
     ],
     [
      149,
      2,
      9
     ],
     [
      151,
      1,
      3
     ],
     [
      164,
      1,
      2
     ],
     [
      165,
      2,
      4
     ],
     [
      167,
      3,
      10
     ],
     [
      170,
      1,
      9
     ],
     [
      171,
      1,
      8
     ],
     [
      172,
      1,
      7
     ],
     [
      173,
      1,
      9
     ],
     [
      174,
      98,
      10
     ],
     [
      272,
      1,
      6
     ]
    ],
    "97": [
     [
      46,
      1,
      6
     ],
     [
      47,
      104,
      10
     ],
     [
      151,
      1,
      7
     ],
     [
      160,
      1,
      4
     ],
     [
      161,
      1,
      2
     ],
     [
      164,
      1,
      5
     ],
     [
      165,
      6,
      10
     ],
     [
      171,
      1,
      4
     ],
     [
      174,
      98,
      10
     ],
     [
      272,
      1,
      3
     ]
    ],
    "98": [
     [
      46,
      1,
      4
     ],
     [
      47,
      1,
      7
     ],
     [
      48,
      1,
      9
     ],
     [
      49,
      1,
      3
     ],
     [
      50,
      1,
      8
     ],
     [
      51,
      1,
      10
     ],
     [
      52,
      1,
      9
     ],
     [
      53,
      98,
      10
     ],
     [
      151,
      1,
      7
     ],
     [
      159,
      1,
      1
     ],
     [
      160,
      1,
      6
     ],
     [
      164,
      1,
      8
     ],
     [
      165,
      1,
      2
     ],
     [
      166,
      1,
      8
     ],
     [
      167,
      4,
      10
     ],
     [
      171,
      1,
      6
     ],
     [
      173,
      1,
      8
     ],
     [
      174,
      98,
      10
     ],
     [
      272,
      1,
      4
     ]
    ],
    "99": [
     [
      51,
      1,
      1
     ],
     [
      53,
      1,
      8
     ],
     [
      54,
      98,
      10
     ],
     [
      152,
      1,
      3
     ],
     [
      159,
      1,
      1
     ],
     [
      162,
      1,
      2
     ],
     [
      166,
      1,
      4
     ],
     [
      167,
      1,
      7
     ],
     [
      168,
      104,
      10
     ],
     [
      272,
      1,
      3
     ]
    ],
    "100": [
     [
      53,
      1,
      1
     ],
     [
      55,
      1,
      7
     ],
     [
      56,
      95,
      10
     ],
     [
      151,
      1,
      4
     ],
     [
      153,
      1,
      3
     ],
     [
      162,
      1,
      4
     ],
     [
      163,
      1,
      2
     ],
     [
      165,
      1,
      3
     ],
     [
      168,
      1,
      3
     ],
     [
      169,
      103,
      10
     ],
     [
      272,
      1,
      1
     ]
    ],
    "101": [
     [
      49,
      1,
      3
     ],
     [
      55,
      1,
      7
     ],
     [
      56,
      95,
      10
     ],
     [
      151,
      2,
      4
     ],
     [
      153,
      1,
      5
     ],
     [
      168,
      1,
      3
     ],
     [
      169,
      103,
      10
     ]
    ],
    "102": [
     [
      55,
      1,
      3
     ],
     [
      56,
      1,
      8
     ],
     [
      57,
      94,
      10
     ],
     [
      151,
      1,
      3
     ],
     [
      153,
      1,
      1
     ],
     [
      156,
      1,
      2
     ],
     [
      157,
      2,
      3
     ],
     [
      159,
      1,
      4
     ],
     [
      160,
      1,
      6
     ],
     [
      161,
      1,
      4
     ],
     [
      167,
      1,
      1
     ],
     [
      168,
      1,
      4
     ],
     [
      169,
      1,
      10
     ],
     [
      170,
      1,
      9
     ],
     [
      172,
      1,
      5
     ],
     [
      173,
      98,
      10
     ],
     [
      271,
      1,
      7
     ]
    ],
    "103": [
     [
      57,
      1,
      7
     ],
     [
      58,
      95,
      10
     ],
     [
      153,
      1,
      6
     ],
     [
      155,
      1,
      5
     ],
     [
      156,
      1,
      8
     ],
     [
      157,
      5,
      10
     ],
     [
      165,
      1,
      5
     ],
     [
      167,
      1,
      5
     ],
     [
      168,
      2,
      10
     ],
     [
      170,
      1,
      6
     ],
     [
      173,
      1,
      4
     ],
     [
      174,
      97,
      10
     ],
     [
      271,
      1,
      4
     ]
    ],
    "104": [
     [
      53,
      1,
      1
     ],
     [
      54,
      1,
      4
     ],
     [
      55,
      1,
      5
     ],
     [
      56,
      2,
      3
     ],
     [
      58,
      95,
      10
     ],
     [
      153,
      1,
      8
     ],
     [
      155,
      1,
      6
     ],
     [
      156,
      1,
      9
     ],
     [
      157,
      1,
      8
     ],
     [
      158,
      1,
      5
     ],
     [
      159,
      1,
      9
     ],
     [
      160,
      2,
      10
     ],
     [
      162,
      1,
      7
     ],
     [
      163,
      1,
      2
     ],
     [
      165,
      1,
      8
     ],
     [
      167,
      1,
      3
     ],
     [
      168,
      2,
      10
     ],
     [
      170,
      1,
      8
     ],
     [
      171,
      1,
      5
     ],
     [
      173,
      1,
      4
     ],
     [
      174,
      97,
      10
     ],
     [
      271,
      1,
      4
     ]
    ],
    "105": [
     [
      53,
      1,
      7
     ],
     [
      54,
      2,
      10
     ],
     [
      56,
      2,
      8
     ],
     [
      58,
      95,
      10
     ],
     [
      153,
      1,
      9
     ],
     [
      156,
      2,
      4
     ],
     [
      159,
      1,
      4
     ],
     [
      160,
      1,
      6
     ],
     [
      161,
      1,
      7
     ],
     [
      162,
      1,
      10
     ],
     [
      163,
      1,
      2
     ],
     [
      165,
      1,
      5
     ],
     [
      166,
      2,
      8
     ],
     [
      168,
      1,
      10
     ],
     [
      169,
      1,
      8
     ],
     [
      170,
      3,
      10
     ],
     [
      173,
      1,
      5
     ],
     [
      174,
      1,
      6
     ],
     [
      175,
      96,
      10
     ]
    ],
    "106": [
     [
      52,
      1,
      1
     ],
     [
      53,
      1,
      7
     ],
     [
      54,
      99,
      10
     ],
     [
      153,
      1,
      9
     ],
     [
      154,
      2,
      7
     ],
     [
      156,
      1,
      8
     ],
     [
      157,
      1,
      6
     ],
     [
      158,
      1,
      2
     ],
     [
      160,
      1,
      1
     ],
     [
      161,
      1,
      6
     ],
     [
      162,
      1,
      10
     ],
     [
      163,
      1,
      5
     ],
     [
      164,
      1,
      4
     ],
     [
      165,
      1,
      6
     ],
     [
      167,
      1,
      5
     ],
     [
      168,
      1,
      7
     ],
     [
      170,
      1,
      3
     ],
     [
      171,
      1,
      10
     ],
     [
      174,
      1,
      5
     ],
     [
      175,
      96,
      10
     ]
    ],
    "107": [
     [
      53,
      1,
      1
     ],
     [
      54,
      104,
      10
     ],
     [
      158,
      1,
      7
     ],
     [
      159,
      1,
      4
     ],
     [
      160,
      1,
      6
     ],
     [
      161,
      4,
      10
     ],
     [
      165,
      1,
      9
     ],
     [
      166,
      2,
      2
     ],
     [
      168,
      1,
      9
     ],
     [
      169,
      1,
      2
     ],
     [
      171,
      1,
      6
     ],
     [
      172,
      1,
      7
     ],
     [
      173,
      1,
      4
     ],
     [
      174,
      1,
      9
     ],
     [
      175,
      4,
      10
     ],
     [
      179,
      1,
      5
     ],
     [
      180,
      1,
      8
     ],
     [
      181,
      89,
      10
     ],
     [
      270,
      1,
      6
     ]
    ],
    "108": [
     [
      52,
      2,
      2
     ],
     [
      54,
      1,
      4
     ],
     [
      55,
      111,
      10
     ],
     [
      166,
      3,
      4
     ],
     [
      171,
      1,
      5
     ],
     [
      172,
      1,
      10
     ],
     [
      173,
      1,
      8
     ],
     [
      174,
      1,
      2
     ],
     [
      175,
      1,
      6
     ],
     [
      176,
      1,
      3
     ],
     [
      177,
      1,
      1
     ],
     [
      178,
      1,
      8
     ],
     [
      180,
      1,
      1
     ],
     [
      181,
      89,
      10
     ],
     [
      270,
      1,
      5
     ]
    ],
    "109": [
     [
      54,
      1,
      8
     ],
     [
      55,
      111,
      10
     ],
     [
      166,
      1,
      2
     ],
     [
      168,
      2,
      3
     ],
     [
      170,
      1,
      5
     ],
     [
      171,
      1,
      9
     ],
     [
      172,
      1,
      10
     ],
     [
      173,
      1,
      5
     ],
     [
      175,
      1,
      1
     ],
     [
      176,
      1,
      3
     ],
     [
      177,
      1,
      2
     ],
     [
      178,
      1,
      10
     ],
     [
      179,
      1,
      7
     ],
     [
      180,
      1,
      4
     ],
     [
      182,
      1,
      6
     ],
     [
      183,
      87,
      10
     ],
     [
      270,
      1,
      3
     ]
    ],
    "110": [
     [
      54,
      112,
      10
     ],
     [
      166,
      1,
      1
     ],
     [
      168,
      1,
      8
     ],
     [
      169,
      1,
      10
     ],
     [
      170,
      1,
      7
     ],
     [
      171,
      1,
      3
     ],
     [
      172,
      1,
      6
     ],
     [
      173,
      1,
      4
     ],
     [
      175,
      1,
      6
     ],
     [
      176,
      4,
      10
     ],
     [
      180,
      1,
      8
     ],
     [
      182,
      1,
      6
     ],
     [
      183,
      87,
      10
     ]
    ],
    "111": [
     [
      53,
      1,
      3
     ],
     [
      54,
      110,
      10
     ],
     [
      164,
      1,
      9
     ],
     [
      165,
      1,
      7
     ],
     [
      167,
      1,
      4
     ],
     [
      168,
      1,
      2
     ],
     [
      169,
      1,
      3
     ],
     [
      170,
      1,
      4
     ],
     [
      172,
      1,
      6
     ],
     [
      173,
      1,
      7
     ],
     [
      174,
      1,
      3
     ],
     [
      175,
      2,
      8
     ],
     [
      177,
      3,
      10
     ],
     [
      180,
      1,
      8
     ],
     [
      181,
      2,
      7
     ],
     [
      183,
      86,
      10
     ],
     [
      269,
      1,
      9
     ]
    ],
    "112": [
     [
      52,
      1,
      2
     ],
     [
      53,
      1,
      9
     ],
     [
      54,
      110,
      10
     ],
     [
      164,
      1,
      7
     ],
     [
      166,
      1,
      3
     ],
     [
      167,
      1,
      5
     ],
     [
      169,
      1,
      3
     ],
     [
      171,
      1,
      2
     ],
     [
      172,
      2,
      10
     ],
     [
      174,
      1,
      3
     ],
     [
      176,
      1,
      7
     ],
     [
      177,
      3,
      10
     ],
     [
      180,
      1,
      4
     ],
     [
      183,
      86,
      10
     ],
     [
      269,
      1,
      7
     ]
    ],
    "113": [
     [
      38,
      1,
      2
     ],
     [
      46,
      1,
      1
     ],
     [
      49,
      1,
      2
     ],
     [
      50,
      1,
      8
     ],
     [
      51,
      1,
      10
     ],
     [
      52,
      1,
      9
     ],
     [
      53,
      115,
      10
     ],
     [
      168,
      3,
      9
     ],
     [
      171,
      1,
      1
     ],
     [
      173,
      2,
      10
     ],
     [
      175,
      1,
      8
     ],
     [
      176,
      5,
      10
     ],
     [
      181,
      1,
      9
     ],
     [
      182,
      1,
      8
     ],
     [
      183,
      86,
      10
     ],
     [
      269,
      1,
      5
     ]
    ],
    "114": [
     [
      47,
      1,
      7
     ],
     [
      48,
      1,
      3
     ],
     [
      50,
      1,
      9
     ],
     [
      51,
      119,
      10
     ],
     [
      170,
      1,
      7
     ],
     [
      172,
      1,
      4
     ],
     [
      173,
      3,
      10
     ],
     [
      176,
      1,
      8
     ],
     [
      177,
      92,
      10
     ],
     [
      269,
      1,
      3
     ]
    ],
    "115": [
     [
      44,
      1,
      1
     ],
     [
      45,
      1,
      6
     ],
     [
      46,
      1,
      7
     ],
     [
      47,
      2,
      10
     ],
     [
      49,
      1,
      9
     ],
     [
      50,
      119,
      10
     ],
     [
      169,
      1,
      6
     ],
     [
      170,
      1,
      3
     ],
     [
      171,
      1,
      7
     ],
     [
      172,
      1,
      9
     ],
     [
      173,
      1,
      7
     ],
     [
      175,
      1,
      7
     ],
     [
      176,
      1,
      1
     ],
     [
      178,
      1,
      2
     ],
     [
      179,
      90,
      10
     ]
    ],
    "116": [
     [
      44,
      1,
      1
     ],
     [
      45,
      1,
      8
     ],
     [
      46,
      123,
      10
     ],
     [
      171,
      2,
      10
     ],
     [
      173,
      1,
      5
     ],
     [
      175,
      1,
      5
     ],
     [
      176,
      1,
      3
     ],
     [
      177,
      1,
      1
     ],
     [
      178,
      1,
      3
     ],
     [
      179,
      89,
      10
     ],
     [
      268,
      1,
      9
     ]
    ],
    "117": [
     [
      45,
      2,
      6
     ],
     [
      47,
      1,
      3
     ],
     [
      48,
      1,
      1
     ],
     [
      49,
      121,
      10
     ],
     [
      170,
      1,
      8
     ],
     [
      171,
      3,
      10
     ],
     [
      174,
      1,
      8
     ],
     [
      175,
      1,
      9
     ],
     [
      176,
      1,
      4
     ],
     [
      178,
      1,
      7
     ],
     [
      179,
      1,
      2
     ],
     [
      180,
      1,
      1
     ],
     [
      182,
      1,
      4
     ],
     [
      183,
      85,
      10
     ],
     [
      268,
      1,
      7
     ]
    ],
    "118": [
     [
      48,
      1,
      3
     ],
     [
      49,
      125,
      10
     ],
     [
      174,
      1,
      4
     ],
     [
      175,
      2,
      3
     ],
     [
      177,
      1,
      5
     ],
     [
      178,
      1,
      8
     ],
     [
      180,
      1,
      2
     ],
     [
      181,
      1,
      5
     ],
     [
      182,
      1,
      9
     ],
     [
      183,
      85,
      10
     ],
     [
      268,
      1,
      4
     ]
    ],
    "119": [
     [
      43,
      1,
      1
     ],
     [
      44,
      1,
      5
     ],
     [
      46,
      1,
      3
     ],
     [
      47,
      1,
      9
     ],
     [
      48,
      126,
      10
     ],
     [
      174,
      1,
      4
     ],
     [
      176,
      1,
      8
     ],
     [
      177,
      1,
      10
     ],
     [
      178,
      1,
      6
     ],
     [
      180,
      1,
      6
     ],
     [
      181,
      87,
      10
     ],
     [
      268,
      1,
      4
     ]
    ],
    "120": [
     [
      42,
      2,
      8
     ],
     [
      44,
      1,
      6
     ],
     [
      45,
      1,
      1
     ],
     [
      46,
      1,
      8
     ],
     [
      47,
      126,
      10
     ],
     [
      173,
      1,
      6
     ],
     [
      174,
      1,
      9
     ],
     [
      175,
      3,
      10
     ],
     [
      178,
      1,
      6
     ],
     [
      180,
      1,
      7
     ],
     [
      181,
      87,
      10
     ]
    ],
    "121": [
     [
      42,
      3,
      10
     ],
     [
      45,
      2,
      2
     ],
     [
      47,
      1,
      8
     ],
     [
      48,
      124,
      10
     ],
     [
      172,
      1,
      7
     ],
     [
      174,
      1,
      9
     ],
     [
      175,
      3,
      10
     ],
     [
      178,
      1,
      8
     ],
     [
      179,
      1,
      2
     ],
     [
      180,
      1,
      7
     ],
     [
      181,
      87,
      10
     ]
    ],
    "122": [
     [
      41,
      1,
      4
     ],
     [
      42,
      3,
      10
     ],
     [
      45,
      1,
      5
     ],
     [
      47,
      1,
      2
     ],
     [
      48,
      124,
      10
     ],
     [
      172,
      1,
      9
     ],
     [
      173,
      1,
      6
     ],
     [
      174,
      4,
      10
     ],
     [
      178,
      1,
      7
     ],
     [
      180,
      1,
      8
     ],
     [
      181,
      6,
      10
     ],
     [
      187,
      1,
      7
     ],
     [
      188,
      1,
      8
     ],
     [
      189,
      78,
      10
     ],
     [
      267,
      1,
      6
     ]
    ],
    "123": [
     [
      38,
      1,
      2
     ],
     [
      42,
      1,
      6
     ],
     [
      43,
      1,
      7
     ],
     [
      45,
      1,
      6
     ],
     [
      47,
      1,
      1
     ],
     [
      48,
      1,
      6
     ],
     [
      49,
      129,
      10
     ],
     [
      178,
      1,
      6
     ],
     [
      179,
      1,
      2
     ],
     [
      180,
      1,
      8
     ],
     [
      181,
      6,
      10
     ],
     [
      188,
      1,
      1
     ],
     [
      189,
      78,
      10
     ],
     [
      267,
      1,
      5
     ]
    ],
    "124": [
     [
      38,
      2,
      3
     ],
     [
      42,
      1,
      2
     ],
     [
      43,
      1,
      6
     ],
     [
      45,
      1,
      1
     ],
     [
      48,
      1,
      4
     ],
     [
      49,
      139,
      10
     ],
     [
      188,
      1,
      8
     ],
     [
      189,
      78,
      10
     ],
     [
      267,
      1,
      3
     ]
    ],
    "125": [
     [
      36,
      2,
      2
     ],
     [
      39,
      1,
      1
     ],
     [
      41,
      1,
      8
     ],
     [
      43,
      1,
      2
     ],
     [
      48,
      1,
      3
     ],
     [
      49,
      1,
      6
     ],
     [
      50,
      217,
      10
     ]
    ],
    "126": [
     [
      29,
      1,
      1
     ],
     [
      30,
      1,
      4
     ],
     [
      35,
      1,
      3
     ],
     [
      36,
      1,
      4
     ],
     [
      37,
      1,
      7
     ],
     [
      38,
      1,
      8
     ],
     [
      39,
      3,
      10
     ],
     [
      42,
      1,
      3
     ],
     [
      43,
      1,
      1
     ],
     [
      46,
      1,
      6
     ],
     [
      47,
      1,
      1
     ],
     [
      50,
      1,
      2
     ],
     [
      51,
      1,
      6
     ],
     [
      52,
      214,
      10
     ],
     [
      266,
      1,
      9
     ]
    ],
    "127": [
     [
      25,
      2,
      3
     ],
     [
      27,
      1,
      5
     ],
     [
      28,
      1,
      10
     ],
     [
      29,
      1,
      8
     ],
     [
      30,
      2,
      2
     ],
     [
      36,
      1,
      1
     ],
     [
      37,
      1,
      7
     ],
     [
      38,
      3,
      10
     ],
     [
      41,
      1,
      8
     ],
     [
      42,
      1,
      2
     ],
     [
      45,
      1,
      4
     ],
     [
      46,
      1,
      1
     ],
     [
      47,
      1,
      2
     ],
     [
      48,
      1,
      6
     ],
     [
      49,
      1,
      9
     ],
     [
      50,
      1,
      4
     ],
     [
      51,
      1,
      1
     ],
     [
      52,
      7,
      10
     ],
     [
      59,
      1,
      7
     ],
     [
      60,
      1,
      9
     ],
     [
      61,
      205,
      10
     ],
     [
      266,
      1,
      7
     ]
    ],
    "128": [
     [
      24,
      1,
      2
     ],
     [
      25,
      4,
      10
     ],
     [
      29,
      1,
      5
     ],
     [
      34,
      1,
      2
     ],
     [
      35,
      1,
      5
     ],
     [
      36,
      3,
      10
     ],
     [
      39,
      1,
      9
     ],
     [
      40,
      1,
      7
     ],
     [
      41,
      1,
      4
     ],
     [
      44,
      1,
      3
     ],
     [
      46,
      1,
      2
     ],
     [
      47,
      1,
      4
     ],
     [
      48,
      2,
      10
     ],
     [
      50,
      1,
      8
     ],
     [
      51,
      1,
      3
     ],
     [
      52,
      6,
      10
     ],
     [
      58,
      1,
      3
     ],
     [
      60,
      1,
      5
     ],
     [
      61,
      205,
      10
     ],
     [
      266,
      1,
      4
     ]
    ],
    "129": [
     [
      24,
      1,
      1
     ],
     [
      25,
      2,
      3
     ],
     [
      27,
      2,
      10
     ],
     [
      29,
      1,
      2
     ],
     [
      31,
      2,
      1
     ],
     [
      33,
      3,
      10
     ],
     [
      36,
      1,
      9
     ],
     [
      37,
      1,
      8
     ],
     [
      38,
      1,
      9
     ],
     [
      39,
      1,
      5
     ],
     [
      41,
      1,
      4
     ],
     [
      42,
      1,
      10
     ],
     [
      43,
      1,
      3
     ],
     [
      44,
      1,
      1
     ],
     [
      45,
      1,
      5
     ],
     [
      46,
      1,
      8
     ],
     [
      47,
      11,
      10
     ],
     [
      58,
      1,
      8
     ],
     [
      60,
      1,
      2
     ],
     [
      61,
      1,
      7
     ],
     [
      62,
      204,
      10
     ],
     [
      266,
      1,
      3
     ]
    ],
    "130": [
     [
      28,
      1,
      3
     ],
     [
      30,
      1,
      2
     ],
     [
      31,
      2,
      5
     ],
     [
      35,
      1,
      4
     ],
     [
      36,
      1,
      1
     ],
     [
      38,
      19,
      10
     ],
     [
      57,
      2,
      8
     ],
     [
      59,
      1,
      10
     ],
     [
      60,
      1,
      4
     ],
     [
      62,
      1,
      5
     ],
     [
      63,
      110,
      10
     ],
     [
      173,
      1,
      4
     ],
     [
      174,
      1,
      7
     ],
     [
      175,
      91,
      10
     ]
    ],
    "131": [
     [
      30,
      1,
      1
     ],
     [
      31,
      2,
      10
     ],
     [
      33,
      1,
      7
     ],
     [
      34,
      2,
      6
     ],
     [
      36,
      1,
      3
     ],
     [
      37,
      1,
      6
     ],
     [
      38,
      19,
      10
     ],
     [
      57,
      2,
      2
     ],
     [
      59,
      1,
      10
     ],
     [
      60,
      1,
      9
     ],
     [
      61,
      1,
      5
     ],
     [
      63,
      1,
      8
     ],
     [
      64,
      108,
      10
     ],
     [
      172,
      1,
      6
     ],
     [
      174,
      1,
      6
     ],
     [
      175,
      90,
      10
     ],
     [
      265,
      1,
      9
     ]
    ],
    "132": [
     [
      28,
      1,
      2
     ],
     [
      29,
      1,
      3
     ],
     [
      30,
      1,
      8
     ],
     [
      31,
      16,
      10
     ],
     [
      47,
      1,
      9
     ],
     [
      48,
      1,
      8
     ],
     [
      49,
      1,
      6
     ],
     [
      50,
      1,
      3
     ],
     [
      51,
      10,
      10
     ],
     [
      61,
      1,
      8
     ],
     [
      62,
      1,
      3
     ],
     [
      63,
      1,
      8
     ],
     [
      64,
      109,
      10
     ],
     [
      173,
      1,
      8
     ],
     [
      174,
      1,
      9
     ],
     [
      175,
      1,
      5
     ],
     [
      176,
      1,
      8
     ],
     [
      177,
      10,
      10
     ],
     [
      187,
      1,
      9
     ],
     [
      188,
      1,
      7
     ],
     [
      189,
      76,
      10
     ],
     [
      265,
      1,
      7
     ]
    ],
    "133": [
     [
      28,
      4,
      10
     ],
     [
      32,
      1,
      7
     ],
     [
      33,
      1,
      2
     ],
     [
      34,
      1,
      8
     ],
     [
      35,
      12,
      10
     ],
     [
      47,
      1,
      6
     ],
     [
      50,
      1,
      4
     ],
     [
      51,
      123,
      10
     ],
     [
      174,
      1,
      9
     ],
     [
      176,
      1,
      3
     ],
     [
      177,
      10,
      10
     ],
     [
      187,
      1,
      5
     ],
     [
      189,
      1,
      4
     ],
     [
      190,
      75,
      10
     ],
     [
      265,
      1,
      4
     ]
    ],
    "134": [
     [
      27,
      1,
      2
     ],
     [
      28,
      1,
      7
     ],
     [
      29,
      1,
      8
     ],
     [
      30,
      1,
      10
     ],
     [
      31,
      1,
      1
     ],
     [
      34,
      1,
      3
     ],
     [
      35,
      10,
      10
     ],
     [
      45,
      1,
      9
     ],
     [
      46,
      1,
      5
     ],
     [
      47,
      1,
      4
     ],
     [
      48,
      2,
      7
     ],
     [
      50,
      1,
      9
     ],
     [
      51,
      123,
      10
     ],
     [
      174,
      1,
      8
     ],
     [
      175,
      1,
      5
     ],
     [
      176,
      1,
      8
     ],
     [
      177,
      10,
      10
     ],
     [
      187,
      1,
      9
     ],
     [
      188,
      1,
      7
     ],
     [
      189,
      1,
      9
     ],
     [
      190,
      75,
      10
     ],
     [
      265,
      1,
      3
     ]
    ],
    "135": [
     [
      30,
      1,
      2
     ],
     [
      32,
      1,
      1
     ],
     [
      33,
      1,
      7
     ],
     [
      34,
      1,
      9
     ],
     [
      35,
      1,
      8
     ],
     [
      36,
      1,
      3
     ],
     [
      37,
      1,
      5
     ],
     [
      38,
      1,
      3
     ],
     [
      39,
      1,
      1
     ],
     [
      41,
      1,
      3
     ],
     [
      42,
      1,
      9
     ],
     [
      43,
      2,
      10
     ],
     [
      45,
      1,
      5
     ],
     [
      47,
      1,
      3
     ],
     [
      48,
      4,
      10
     ],
     [
      52,
      2,
      1
     ],
     [
      54,
      1,
      9
     ],
     [
      55,
      1,
      3
     ],
     [
      57,
      1,
      8
     ],
     [
      58,
      207,
      10
     ]
    ],
    "136": [
     [
      33,
      1,
      8
     ],
     [
      34,
      1,
      9
     ],
     [
      35,
      1,
      2
     ],
     [
      43,
      1,
      8
     ],
     [
      46,
      1,
      2
     ],
     [
      47,
      1,
      6
     ],
     [
      48,
      1,
      2
     ],
     [
      49,
      1,
      6
     ],
     [
      50,
      2,
      10
     ],
     [
      52,
      1,
      2
     ],
     [
      54,
      1,
      10
     ],
     [
      55,
      1,
      2
     ],
     [
      57,
      207,
      10
     ],
     [
      264,
      1,
      9
     ]
    ],
    "137": [
     [
      30,
      1,
      7
     ],
     [
      31,
      1,
      5
     ],
     [
      33,
      2,
      4
     ],
     [
      43,
      1,
      3
     ],
     [
      46,
      1,
      6
     ],
     [
      47,
      1,
      5
     ],
     [
      49,
      1,
      5
     ],
     [
      50,
      3,
      10
     ],
     [
      53,
      1,
      8
     ],
     [
      54,
      147,
      10
     ],
     [
      201,
      1,
      8
     ],
     [
      202,
      1,
      4
     ],
     [
      203,
      1,
      5
     ],
     [
      204,
      1,
      9
     ],
     [
      205,
      59,
      10
     ],
     [
      264,
      1,
      6
     ]
    ],
    "138": [
     [
      28,
      1,
      1
     ],
     [
      29,
      1,
      8
     ],
     [
      30,
      2,
      10
     ],
     [
      32,
      1,
      7
     ],
     [
      33,
      1,
      1
     ],
     [
      41,
      1,
      4
     ],
     [
      42,
      1,
      10
     ],
     [
      43,
      1,
      2
     ],
     [
      45,
      1,
      3
     ],
     [
      46,
      1,
      9
     ],
     [
      47,
      153,
      10
     ],
     [
      200,
      1,
      9
     ],
     [
      203,
      1,
      1
     ],
     [
      204,
      1,
      9
     ],
     [
      205,
      59,
      10
     ],
     [
      264,
      1,
      4
     ]
    ],
    "139": [
     [
      27,
      1,
      2
     ],
     [
      28,
      4,
      10
     ],
     [
      32,
      1,
      7
     ],
     [
      39,
      1,
      1
     ],
     [
      41,
      2,
      10
     ],
     [
      43,
      1,
      3
     ],
     [
      45,
      2,
      1
     ],
     [
      47,
      1,
      8
     ],
     [
      48,
      129,
      10
     ],
     [
      177,
      1,
      9
     ],
     [
      178,
      1,
      2
     ],
     [
      180,
      1,
      7
     ],
     [
      181,
      83,
      10
     ],
     [
      264,
      1,
      2
     ]
    ],
    "140": [
     [
      26,
      1,
      2
     ],
     [
      27,
      1,
      8
     ],
     [
      28,
      5,
      10
     ],
     [
      33,
      1,
      6
     ],
     [
      41,
      2,
      2
     ],
     [
      47,
      1,
      7
     ],
     [
      48,
      128,
      10
     ],
     [
      176,
      1,
      8
     ],
     [
      177,
      1,
      3
     ],
     [
      179,
      1,
      4
     ],
     [
      180,
      1,
      8
     ],
     [
      181,
      1,
      10
     ],
     [
      182,
      1,
      8
     ],
     [
      183,
      81,
      10
     ]
    ],
    "141": [
     [
      26,
      1,
      4
     ],
     [
      27,
      2,
      8
     ],
     [
      29,
      5,
      10
     ],
     [
      34,
      1,
      5
     ],
     [
      35,
      2,
      4
     ],
     [
      38,
      1,
      1
     ],
     [
      43,
      1,
      2
     ],
     [
      45,
      1,
      4
     ],
     [
      46,
      130,
      10
     ],
     [
      176,
      1,
      3
     ],
     [
      177,
      1,
      1
     ],
     [
      178,
      1,
      9
     ],
     [
      179,
      2,
      10
     ],
     [
      181,
      1,
      8
     ],
     [
      184,
      1,
      8
     ],
     [
      185,
      78,
      10
     ],
     [
      263,
      1,
      8
     ]
    ],
    "142": [
     [
      28,
      1,
      4
     ],
     [
      29,
      1,
      8
     ],
     [
      30,
      1,
      6
     ],
     [
      31,
      1,
      3
     ],
     [
      32,
      1,
      1
     ],
     [
      34,
      1,
      6
     ],
     [
      35,
      1,
      9
     ],
     [
      36,
      3,
      10
     ],
     [
      39,
      1,
      3
     ],
     [
      40,
      1,
      5
     ],
     [
      41,
      1,
      4
     ],
     [
      42,
      1,
      6
     ],
     [
      43,
      1,
      8
     ],
     [
      44,
      1,
      6
     ],
     [
      45,
      1,
      7
     ],
     [
      46,
      1,
      6
     ],
     [
      47,
      1,
      3
     ],
     [
      48,
      1,
      8
     ],
     [
      49,
      127,
      10
     ],
     [
      176,
      1,
      8
     ],
     [
      177,
      1,
      6
     ],
     [
      178,
      3,
      10
     ],
     [
      181,
      1,
      8
     ],
     [
      182,
      1,
      2
     ],
     [
      184,
      1,
      6
     ],
     [
      185,
      78,
      10
     ],
     [
      263,
      1,
      7
     ]
    ],
    "143": [
     [
      23,
      1,
      7
     ],
     [
      35,
      1,
      8
     ],
     [
      36,
      9,
      10
     ],
     [
      45,
      1,
      8
     ],
     [
      46,
      1,
      3
     ],
     [
      48,
      1,
      9
     ],
     [
      49,
      131,
      10
     ],
     [
      180,
      1,
      7
     ],
     [
      182,
      1,
      2
     ],
     [
      183,
      1,
      10
     ],
     [
      184,
      1,
      9
     ],
     [
      185,
      78,
      10
     ],
     [
      263,
      1,
      4
     ]
    ],
    "144": [
     [
      24,
      1,
      5
     ],
     [
      36,
      1,
      4
     ],
     [
      37,
      8,
      10
     ],
     [
      45,
      1,
      6
     ],
     [
      46,
      1,
      2
     ],
     [
      47,
      1,
      6
     ],
     [
      48,
      132,
      10
     ],
     [
      180,
      1,
      9
     ],
     [
      181,
      1,
      7
     ],
     [
      182,
      1,
      9
     ],
     [
      183,
      80,
      10
     ],
     [
      263,
      1,
      2
     ]
    ],
    "145": [
     [
      36,
      1,
      3
     ],
     [
      37,
      1,
      9
     ],
     [
      38,
      2,
      8
     ],
     [
      40,
      223,
      10
     ]
    ],
    "146": [
     [
      37,
      1,
      1
     ],
     [
      39,
      1,
      7
     ],
     [
      40,
      222,
      10
     ],
     [
      262,
      1,
      8
     ]
    ],
    "147": [
     [
      35,
      1,
      1
     ],
     [
      36,
      1,
      8
     ],
     [
      37,
      1,
      7
     ],
     [
      39,
      1,
      4
     ],
     [
      40,
      1,
      2
     ],
     [
      41,
      221,
      10
     ],
     [
      262,
      1,
      6
     ]
    ],
    "148": [
     [
      35,
      1,
      6
     ],
     [
      36,
      1,
      8
     ],
     [
      37,
      1,
      7
     ],
     [
      41,
      1,
      9
     ],
     [
      42,
      220,
      10
     ],
     [
      262,
      1,
      3
     ]
    ],
    "149": [
     [
      39,
      1,
      2
     ],
     [
      40,
      1,
      3
     ],
     [
      41,
      221,
      10
     ],
     [
      262,
      1,
      2
     ]
    ],
    "150": [
     [
      39,
      1,
      1
     ],
     [
      40,
      1,
      6
     ],
     [
      41,
      221,
      10
     ]
    ],
    "151": [
     [
      41,
      1,
      3
     ],
     [
      42,
      1,
      6
     ],
     [
      43,
      218,
      10
     ],
     [
      261,
      1,
      7
     ]
    ],
    "152": [
     [
      41,
      1,
      4
     ],
     [
      42,
      1,
      8
     ],
     [
      43,
      218,
      10
     ],
     [
      261,
      1,
      6
     ]
    ],
    "153": [
     [
      41,
      1,
      5
     ],
     [
      42,
      1,
      2
     ],
     [
      43,
      1,
      6
     ],
     [
      44,
      217,
      10
     ],
     [
      261,
      1,
      4
     ]
    ],
    "154": [
     [
      42,
      1,
      1
     ],
     [
      43,
      1,
      8
     ],
     [
      44,
      182,
      10
     ],
     [
      226,
      1,
      9
     ],
     [
      227,
      1,
      6
     ],
     [
      228,
      1,
      9
     ],
     [
      229,
      32,
      10
     ],
     [
      261,
      1,
      1
     ]
    ],
    "155": [
     [
      39,
      1,
      1
     ],
     [
      41,
      1,
      1
     ],
     [
      42,
      1,
      4
     ],
     [
      43,
      1,
      9
     ],
     [
      44,
      182,
      10
     ],
     [
      226,
      1,
      6
     ],
     [
      228,
      1,
      7
     ],
     [
      229,
      32,
      10
     ]
    ],
    "156": [
     [
      40,
      1,
      2
     ],
     [
      41,
      1,
      1
     ],
     [
      43,
      1,
      7
     ],
     [
      44,
      183,
      10
     ],
     [
      229,
      31,
      10
     ],
     [
      260,
      1,
      7
     ]
    ],
    "157": [
     [
      38,
      1,
      1
     ],
     [
      39,
      1,
      2
     ],
     [
      40,
      1,
      1
     ],
     [
      41,
      2,
      8
     ],
     [
      43,
      184,
      10
     ],
     [
      227,
      1,
      4
     ],
     [
      228,
      1,
      5
     ],
     [
      229,
      31,
      10
     ],
     [
      260,
      1,
      7
     ]
    ],
    "158": [
     [
      40,
      1,
      7
     ],
     [
      41,
      219,
      10
     ],
     [
      260,
      1,
      3
     ]
    ],
    "159": [
     [
      39,
      1,
      2
     ],
     [
      40,
      220,
      10
     ],
     [
      260,
      1,
      1
     ]
    ],
    "160": [
     [
      39,
      221,
      10
     ]
    ],
    "161": [
     [
      36,
      1,
      2
     ],
     [
      37,
      1,
      7
     ],
     [
      38,
      1,
      9
     ],
     [
      39,
      178,
      10
     ],
     [
      217,
      1,
      7
     ],
     [
      218,
      1,
      8
     ],
     [
      219,
      40,
      10
     ],
     [
      259,
      1,
      7
     ]
    ],
    "162": [
     [
      35,
      1,
      2
     ],
     [
      36,
      1,
      8
     ],
     [
      37,
      179,
      10
     ],
     [
      216,
      1,
      9
     ],
     [
      218,
      1,
      3
     ],
     [
      219,
      40,
      10
     ],
     [
      259,
      1,
      5
     ]
    ],
    "163": [
     [
      34,
      1,
      5
     ],
     [
      35,
      1,
      9
     ],
     [
      36,
      181,
      10
     ],
     [
      217,
      2,
      9
     ],
     [
      219,
      40,
      10
     ],
     [
      259,
      1,
      3
     ]
    ],
    "164": [
     [
      36,
      223,
      10
     ],
     [
      259,
      1,
      1
     ]
    ],
    "165": [
     [
      42,
      217,
      10
     ]
    ],
    "166": [
     [
      49,
      209,
      10
     ],
     [
      258,
      1,
      6
     ]
    ],
    "167": [
     [
      56,
      202,
      10
     ],
     [
      258,
      1,
      5
     ]
    ],
    "168": [
     [
      63,
      172,
      10
     ],
     [
      235,
      1,
      4
     ],
     [
      237,
      21,
      10
     ],
     [
      258,
      1,
      4
     ]
    ],
    "169": [
     [
      70,
      165,
      10
     ],
     [
      235,
      1,
      6
     ],
     [
      236,
      1,
      5
     ],
     [
      237,
      21,
      10
     ]
    ],
    "170": [
     [
      77,
      180,
      10
     ],
     [
      257,
      1,
      9
     ]
    ],
    "171": [
     [
      83,
      174,
      10
     ],
     [
      257,
      1,
      7
     ]
    ],
    "172": [
     [
      90,
      167,
      10
     ],
     [
      257,
      1,
      5
     ]
    ],
    "173": [
     [
      97,
      160,
      10
     ],
     [
      257,
      1,
      3
     ]
    ],
    "174": [
     [
      104,
      153,
      10
     ]
    ],
    "175": [
     [
      111,
      145,
      10
     ],
     [
      256,
      1,
      9
     ]
    ],
    "176": [
     [
      118,
      138,
      10
     ],
     [
      256,
      1,
      7
     ]
    ],
    "177": [
     [
      125,
      131,
      10
     ],
     [
      256,
      1,
      3
     ]
    ],
    "178": [
     [
      133,
      123,
      10
     ],
     [
      256,
      1,
      3
     ]
    ],
    "179": [
     [
      140,
      116,
      10
     ]
    ],
    "180": [
     [
      147,
      108,
      10
     ],
     [
      255,
      1,
      9
     ]
    ],
    "181": [
     [
      154,
      101,
      10
     ],
     [
      255,
      1,
      6
     ]
    ],
    "182": [
     [
      161,
      94,
      10
     ],
     [
      255,
      1,
      4
     ]
    ],
    "183": [
     [
      168,
      87,
      10
     ],
     [
      255,
      1,
      3
     ]
    ],
    "184": [
     [
      176,
      79,
      10
     ]
    ],
    "185": [
     [
      183,
      71,
      10
     ],
     [
      254,
      1,
      8
     ]
    ],
    "186": [
     [
      190,
      64,
      10
     ],
     [
      254,
      1,
      7
     ]
    ],
    "187": [
     [
      198,
      56,
      10
     ],
     [
      254,
      1,
      4
     ]
    ],
    "188": [
     [
      205,
      49,
      10
     ],
     [
      254,
      1,
      2
     ]
    ],
    "189": [
     [
      213,
      41,
      10
     ]
    ],
    "190": [
     [
      220,
      33,
      10
     ],
     [
      253,
      1,
      8
     ]
    ],
    "191": [
     [
      228,
      25,
      10
     ],
     [
      253,
      1,
      7
     ]
    ],
    "192": [
     [
      235,
      18,
      10
     ],
     [
      253,
      1,
      3
     ]
    ],
    "193": [
     [
      243,
      10,
      10
     ],
     [
      253,
      1,
      2
     ]
    ],
    "194": [
     [
      251,
      2,
      10
     ]
    ]
   }
  },
  "clutter_headroom": 43.8,
  "clutter_at_floor": 0.661,
  "clutter_verdict": "vessels present"
 },
 "features": [
  {
   "type": "Feature",
   "geometry": {
    "type": "Point",
    "coordinates": [
     -74.56005386247125,
     36.00694478616871
    ]
   },
   "properties": {
    "confidence": 0.346,
    "snr": 6.91,
    "peak_dn": 210.0,
    "background_dn": 76.1,
    "sigma_dn": 19.36,
    "pixels": 2,
    "length_m_approx": 14.1,
    "pixel": [
     13856.0,
     12217.5
    ],
    "scene": "S1A_IW_GRDH_1SDV_20240504T225814_20240504T225843_053728_068708_452D_COG.SAFE",
    "t": "2024-05-04T22:58:14+00:00",
    "sensor": "sentinel1-vv-cfar",
    "uncertainty_m": 7.6
   }
  },
  {
   "type": "Feature",
   "geometry": {
    "type": "Point",
    "coordinates": [
     -74.37552359933274,
     36.01260555090873
    ]
   },
   "properties": {
    "confidence": 0.328,
    "snr": 6.56,
    "peak_dn": 211.0,
    "background_dn": 78.0,
    "sigma_dn": 20.28,
    "pixels": 2,
    "length_m_approx": 14.1,
    "pixel": [
     15505.0,
     11996.5
    ],
    "scene": "S1A_IW_GRDH_1SDV_20240504T225814_20240504T225843_053728_068708_452D_COG.SAFE",
    "t": "2024-05-04T22:58:14+00:00",
    "sensor": "sentinel1-vv-cfar",
    "uncertainty_m": 7.6
   }
  },
  {
   "type": "Feature",
   "geometry": {
    "type": "Point",
    "coordinates": [
     -74.2195674106674,
     36.03996202615631
    ]
   },
   "properties": {
    "confidence": 0.36,
    "snr": 7.2,
    "peak_dn": 243.0,
    "background_dn": 86.8,
    "sigma_dn": 21.71,
    "pixels": 2,
    "length_m_approx": 14.1,
    "pixel": [
     16942.0,
     12055.5
    ],
    "scene": "S1A_IW_GRDH_1SDV_20240504T225814_20240504T225843_053728_068708_452D_COG.SAFE",
    "t": "2024-05-04T22:58:14+00:00",
    "sensor": "sentinel1-vv-cfar",
    "uncertainty_m": 7.6
   }
  },
  {
   "type": "Feature",
   "geometry": {
    "type": "Point",
    "coordinates": [
     -74.02799859943599,
     36.011807170256326
    ]
   },
   "properties": {
    "confidence": 0.5,
    "snr": 9.99,
    "peak_dn": 282.0,
    "background_dn": 78.9,
    "sigma_dn": 20.33,
    "pixels": 17,
    "length_m_approx": 41.2,
    "pixel": [
     18589.8,
     11464.9
    ],
    "scene": "S1A_IW_GRDH_1SDV_20240504T225814_20240504T225843_053728_068708_452D_COG.SAFE",
    "t": "2024-05-04T22:58:14+00:00",
    "sensor": "sentinel1-vv-cfar",
    "uncertainty_m": 20.8
   }
  },
  {
   "type": "Feature",
   "geometry": {
    "type": "Point",
    "coordinates": [
     -73.80498196616664,
     36.014124995542986
    ]
   },
   "properties": {
    "confidence": 0.95,
    "snr": 33.7,
    "peak_dn": 710.0,
    "background_dn": 72.7,
    "sigma_dn": 18.91,
    "pixels": 73,
    "length_m_approx": 85.4,
    "pixel": [
     20575.6,
     11159.2
    ],
    "scene": "S1A_IW_GRDH_1SDV_20240504T225814_20240504T225843_053728_068708_452D_COG.SAFE",
    "t": "2024-05-04T22:58:14+00:00",
    "sensor": "sentinel1-vv-cfar",
    "uncertainty_m": 42.8
   }
  },
  {
   "type": "Feature",
   "geometry": {
    "type": "Point",
    "coordinates": [
     -73.68721168644593,
     36.13121153793925
    ]
   },
   "properties": {
    "confidence": 0.36,
    "snr": 7.21,
    "peak_dn": 181.0,
    "background_dn": 63.4,
    "sigma_dn": 16.32,
    "pixels": 2,
    "length_m_approx": 14.1,
    "pixel": [
     21839.0,
     12251.5
    ],
    "scene": "S1A_IW_GRDH_1SDV_20240504T225814_20240504T225843_053728_068708_452D_COG.SAFE",
    "t": "2024-05-04T22:58:14+00:00",
    "sensor": "sentinel1-vv-cfar",
    "uncertainty_m": 7.6
   }
  },
  {
   "type": "Feature",
   "geometry": {
    "type": "Point",
    "coordinates": [
     -73.75710195400337,
     36.054120247270745
    ]
   },
   "properties": {
    "confidence": 0.35,
    "snr": 6.99,
    "peak_dn": 202.0,
    "background_dn": 70.4,
    "sigma_dn": 18.81,
    "pixels": 2,
    "length_m_approx": 14.1,
    "pixel": [
     21075.5,
     11521.0
    ],
    "scene": "S1A_IW_GRDH_1SDV_20240504T225814_20240504T225843_053728_068708_452D_COG.SAFE",
    "t": "2024-05-04T22:58:14+00:00",
    "sensor": "sentinel1-vv-cfar",
    "uncertainty_m": 7.6
   }
  },
  {
   "type": "Feature",
   "geometry": {
    "type": "Point",
    "coordinates": [
     -73.72946010974785,
     36.07782272931121
    ]
   },
   "properties": {
    "confidence": 0.337,
    "snr": 6.74,
    "peak_dn": 185.0,
    "background_dn": 67.5,
    "sigma_dn": 17.45,
    "pixels": 2,
    "length_m_approx": 14.1,
    "pixel": [
     21365.0,
     11736.5
    ],
    "scene": "S1A_IW_GRDH_1SDV_20240504T225814_20240504T225843_053728_068708_452D_COG.SAFE",
    "t": "2024-05-04T22:58:14+00:00",
    "sensor": "sentinel1-vv-cfar",
    "uncertainty_m": 7.6
   }
  },
  {
   "type": "Feature",
   "geometry": {
    "type": "Point",
    "coordinates": [
     -73.79845979064447,
     36.05244076527413
    ]
   },
   "properties": {
    "confidence": 0.32,
    "snr": 6.41,
    "peak_dn": 191.0,
    "background_dn": 71.2,
    "sigma_dn": 18.69,
    "pixels": 2,
    "length_m_approx": 14.1,
    "pixel": [
     20705.0,
     11563.5
    ],
    "scene": "S1A_IW_GRDH_1SDV_20240504T225814_20240504T225843_053728_068708_452D_COG.SAFE",
    "t": "2024-05-04T22:58:14+00:00",
    "sensor": "sentinel1-vv-cfar",
    "uncertainty_m": 7.6
   }
  },
  {
   "type": "Feature",
   "geometry": {
    "type": "Point",
    "coordinates": [
     -73.59182981019462,
     36.117293433411994
    ]
   },
   "properties": {
    "confidence": 0.363,
    "snr": 7.27,
    "peak_dn": 194.0,
    "background_dn": 67.3,
    "sigma_dn": 17.43,
    "pixels": 2,
    "length_m_approx": 14.1,
    "pixel": [
     22660.0,
     11962.5
    ],
    "scene": "S1A_IW_GRDH_1SDV_20240504T225814_20240504T225843_053728_068708_452D_COG.SAFE",
    "t": "2024-05-04T22:58:14+00:00",
    "sensor": "sentinel1-vv-cfar",
    "uncertainty_m": 7.6
   }
  },
  {
   "type": "Feature",
   "geometry": {
    "type": "Point",
    "coordinates": [
     -75.28452610365474,
     36.008196043209054
    ]
   },
   "properties": {
    "confidence": 0.405,
    "snr": 8.1,
    "peak_dn": 251.0,
    "background_dn": 84.9,
    "sigma_dn": 20.51,
    "pixels": 2,
    "length_m_approx": 14.1,
    "pixel": [
     7432.5,
     13365.0
    ],
    "scene": "S1A_IW_GRDH_1SDV_20240504T225814_20240504T225843_053728_068708_452D_COG.SAFE",
    "t": "2024-05-04T22:58:14+00:00",
    "sensor": "sentinel1-vv-cfar",
    "uncertainty_m": 7.6
   }
  },
  {
   "type": "Feature",
   "geometry": {
    "type": "Point",
    "coordinates": [
     -74.98224173394387,
     36.0650898132066
    ]
   },
   "properties": {
    "confidence": 0.95,
    "snr": 50.07,
    "peak_dn": 809.0,
    "background_dn": 53.9,
    "sigma_dn": 15.08,
    "pixels": 43,
    "length_m_approx": 65.6,
    "pixel": [
     10226.1,
     13498.0
    ],
    "scene": "S1A_IW_GRDH_1SDV_20240504T225814_20240504T225843_053728_068708_452D_COG.SAFE",
    "t": "2024-05-04T22:58:14+00:00",
    "sensor": "sentinel1-vv-cfar",
    "uncertainty_m": 32.9
   }
  },
  {
   "type": "Feature",
   "geometry": {
    "type": "Point",
    "coordinates": [
     -75.17455311182108,
     36.034956977683976
    ]
   },
   "properties": {
    "confidence": 0.371,
    "snr": 7.42,
    "peak_dn": 218.0,
    "background_dn": 74.9,
    "sigma_dn": 19.3,
    "pixels": 7,
    "length_m_approx": 26.5,
    "pixel": [
     8461.3,
     13477.6
    ],
    "scene": "S1A_IW_GRDH_1SDV_20240504T225814_20240504T225843_053728_068708_452D_COG.SAFE",
    "t": "2024-05-04T22:58:14+00:00",
    "sensor": "sentinel1-vv-cfar",
    "uncertainty_m": 13.5
   }
  },
  {
   "type": "Feature",
   "geometry": {
    "type": "Point",
    "coordinates": [
     -75.0805291308956,
     36.06884184826586
    ]
   },
   "properties": {
    "confidence": 0.367,
    "snr": 7.34,
    "peak_dn": 195.0,
    "background_dn": 66.8,
    "sigma_dn": 17.47,
    "pixels": 2,
    "length_m_approx": 14.1,
    "pixel": [
     9362.5,
     13693.0
    ],
    "scene": "S1A_IW_GRDH_1SDV_20240504T225814_20240504T225843_053728_068708_452D_COG.SAFE",
    "t": "2024-05-04T22:58:14+00:00",
    "sensor": "sentinel1-vv-cfar",
    "uncertainty_m": 7.6
   }
  },
  {
   "type": "Feature",
   "geometry": {
    "type": "Point",
    "coordinates": [
     -75.04199088627334,
     36.07685947607288
    ]
   },
   "properties": {
    "confidence": 0.361,
    "snr": 7.22,
    "peak_dn": 177.0,
    "background_dn": 59.7,
    "sigma_dn": 16.24,
    "pixels": 2,
    "length_m_approx": 14.1,
    "pixel": [
     9720.0,
     13718.5
    ],
    "scene": "S1A_IW_GRDH_1SDV_20240504T225814_20240504T225843_053728_068708_452D_COG.SAFE",
    "t": "2024-05-04T22:58:14+00:00",
    "sensor": "sentinel1-vv-cfar",
    "uncertainty_m": 7.6
   }
  },
  {
   "type": "Feature",
   "geometry": {
    "type": "Point",
    "coordinates": [
     -75.1953485003799,
     36.01684160191008
    ]
   },
   "properties": {
    "confidence": 0.358,
    "snr": 7.16,
    "peak_dn": 237.0,
    "background_dn": 85.9,
    "sigma_dn": 21.12,
    "pixels": 2,
    "length_m_approx": 14.1,
    "pixel": [
     8240.5,
     13316.0
    ],
    "scene": "S1A_IW_GRDH_1SDV_20240504T225814_20240504T225843_053728_068708_452D_COG.SAFE",
    "t": "2024-05-04T22:58:14+00:00",
    "sensor": "sentinel1-vv-cfar",
    "uncertainty_m": 7.6
   }
  },
  {
   "type": "Feature",
   "geometry": {
    "type": "Point",
    "coordinates": [
     -74.79328858312724,
     36.06510006173889
    ]
   },
   "properties": {
    "confidence": 0.321,
    "snr": 6.41,
    "peak_dn": 164.0,
    "background_dn": 62.1,
    "sigma_dn": 15.9,
    "pixels": 2,
    "length_m_approx": 14.1,
    "pixel": [
     11901.0,
     13203.5
    ],
    "scene": "S1A_IW_GRDH_1SDV_20240504T225814_20240504T225843_053728_068708_452D_COG.SAFE",
    "t": "2024-05-04T22:58:14+00:00",
    "sensor": "sentinel1-vv-cfar",
    "uncertainty_m": 7.6
   }
  },
  {
   "type": "Feature",
   "geometry": {
    "type": "Point",
    "coordinates": [
     -74.59690084225349,
     36.150853465996775
    ]
   },
   "properties": {
    "confidence": 0.462,
    "snr": 9.23,
    "peak_dn": 224.0,
    "background_dn": 67.2,
    "sigma_dn": 16.98,
    "pixels": 4,
    "length_m_approx": 20.0,
    "pixel": [
     13809.5,
     13823.5
    ],
    "scene": "S1A_IW_GRDH_1SDV_20240504T225814_20240504T225843_053728_068708_452D_COG.SAFE",
    "t": "2024-05-04T22:58:14+00:00",
    "sensor": "sentinel1-vv-cfar",
    "uncertainty_m": 10.4
   }
  },
  {
   "type": "Feature",
   "geometry": {
    "type": "Point",
    "coordinates": [
     -74.66536364441855,
     36.1483325771281
    ]
   },
   "properties": {
    "confidence": 0.329,
    "snr": 6.58,
    "peak_dn": 157.0,
    "background_dn": 58.8,
    "sigma_dn": 14.93,
    "pixels": 2,
    "length_m_approx": 14.1,
    "pixel": [
     13198.0,
     13901.5
    ],
    "scene": "S1A_IW_GRDH_1SDV_20240504T225814_20240504T225843_053728_068708_452D_COG.SAFE",
    "t": "2024-05-04T22:58:14+00:00",
    "sensor": "sentinel1-vv-cfar",
    "uncertainty_m": 7.6
   }
  },
  {
   "type": "Feature",
   "geometry": {
    "type": "Point",
    "coordinates": [
     -74.62242647151045,
     36.03128458080232
    ]
   },
   "properties": {
    "confidence": 0.325,
    "snr": 6.5,
    "peak_dn": 150.0,
    "background_dn": 55.2,
    "sigma_dn": 14.58,
    "pixels": 2,
    "length_m_approx": 14.1,
    "pixel": [
     13350.0,
     12575.5
    ],
    "scene": "S1A_IW_GRDH_1SDV_20240504T225814_20240504T225843_053728_068708_452D_COG.SAFE",
    "t": "2024-05-04T22:58:14+00:00",
    "sensor": "sentinel1-vv-cfar",
    "uncertainty_m": 7.6
   }
  },
  {
   "type": "Feature",
   "geometry": {
    "type": "Point",
    "coordinates": [
     -74.52825914905274,
     36.172834482087296
    ]
   },
   "properties": {
    "confidence": 0.376,
    "snr": 7.53,
    "peak_dn": 192.0,
    "background_dn": 66.3,
    "sigma_dn": 16.7,
    "pixels": 4,
    "length_m_approx": 20.0,
    "pixel": [
     14460.2,
     13955.3
    ],
    "scene": "S1A_IW_GRDH_1SDV_20240504T225814_20240504T225843_053728_068708_452D_COG.SAFE",
    "t": "2024-05-04T22:58:14+00:00",
    "sensor": "sentinel1-vv-cfar",
    "uncertainty_m": 10.4
   }
  },
  {
   "type": "Feature",
   "geometry": {
    "type": "Point",
    "coordinates": [
     -74.50613640201442,
     36.04888231759973
    ]
   },
   "properties": {
    "confidence": 0.311,
    "snr": 6.23,
    "peak_dn": 175.0,
    "background_dn": 67.4,
    "sigma_dn": 17.28,
    "pixels": 2,
    "length_m_approx": 14.1,
    "pixel": [
     14416.0,
     12586.5
    ],
    "scene": "S1A_IW_GRDH_1SDV_20240504T225814_20240504T225843_053728_068708_452D_COG.SAFE",
    "t": "2024-05-04T22:58:14+00:00",
    "sensor": "sentinel1-vv-cfar",
    "uncertainty_m": 7.6
   }
  },
  {
   "type": "Feature",
   "geometry": {
    "type": "Point",
    "coordinates": [
     -74.08118073426424,
     36.17195766343498
    ]
   },
   "properties": {
    "confidence": 0.364,
    "snr": 7.29,
    "peak_dn": 240.0,
    "background_dn": 83.0,
    "sigma_dn": 21.54,
    "pixels": 2,
    "length_m_approx": 14.1,
    "pixel": [
     18420.5,
     13272.0
    ],
    "scene": "S1A_IW_GRDH_1SDV_20240504T225814_20240504T225843_053728_068708_452D_COG.SAFE",
    "t": "2024-05-04T22:58:14+00:00",
    "sensor": "sentinel1-vv-cfar",
    "uncertainty_m": 7.6
   }
  },
  {
   "type": "Feature",
   "geometry": {
    "type": "Point",
    "coordinates": [
     -74.08701645829039,
     36.19657826149361
    ]
   },
   "properties": {
    "confidence": 0.345,
    "snr": 6.91,
    "peak_dn": 224.0,
    "background_dn": 81.8,
    "sigma_dn": 20.58,
    "pixels": 3,
    "length_m_approx": 17.3,
    "pixel": [
     18415.3,
     13546.3
    ],
    "scene": "S1A_IW_GRDH_1SDV_20240504T225814_20240504T225843_053728_068708_452D_COG.SAFE",
    "t": "2024-05-04T22:58:14+00:00",
    "sensor": "sentinel1-vv-cfar",
    "uncertainty_m": 9.1
   }
  },
  {
   "type": "Feature",
   "geometry": {
    "type": "Point",
    "coordinates": [
     -74.1753273266068,
     36.233062384302315
    ]
   },
   "properties": {
    "confidence": 0.309,
    "snr": 6.18,
    "peak_dn": 198.0,
    "background_dn": 77.8,
    "sigma_dn": 19.46,
    "pixels": 2,
    "length_m_approx": 14.1,
    "pixel": [
     17702.0,
     14071.5
    ],
    "scene": "S1A_IW_GRDH_1SDV_20240504T225814_20240504T225843_053728_068708_452D_COG.SAFE",
    "t": "2024-05-04T22:58:14+00:00",
    "sensor": "sentinel1-vv-cfar",
    "uncertainty_m": 7.6
   }
  },
  {
   "type": "Feature",
   "geometry": {
    "type": "Point",
    "coordinates": [
     -74.06008030497163,
     36.10671637202809
    ]
   },
   "properties": {
    "confidence": 0.375,
    "snr": 7.5,
    "peak_dn": 252.0,
    "background_dn": 86.0,
    "sigma_dn": 22.13,
    "pixels": 3,
    "length_m_approx": 17.3,
    "pixel": [
     18484.3,
     12536.7
    ],
    "scene": "S1A_IW_GRDH_1SDV_20240504T225814_20240504T225843_053728_068708_452D_COG.SAFE",
    "t": "2024-05-04T22:58:14+00:00",
    "sensor": "sentinel1-vv-cfar",
    "uncertainty_m": 9.1
   }
  },
  {
   "type": "Feature",
   "geometry": {
    "type": "Point",
    "coordinates": [
     -73.87371658048382,
     36.12162980795813
    ]
   },
   "properties": {
    "confidence": 0.374,
    "snr": 7.49,
    "peak_dn": 211.0,
    "background_dn": 72.5,
    "sigma_dn": 18.5,
    "pixels": 2,
    "length_m_approx": 14.1,
    "pixel": [
     20166.0,
     12421.5
    ],
    "scene": "S1A_IW_GRDH_1SDV_20240504T225814_20240504T225843_053728_068708_452D_COG.SAFE",
    "t": "2024-05-04T22:58:14+00:00",
    "sensor": "sentinel1-vv-cfar",
    "uncertainty_m": 7.6
   }
  },
  {
   "type": "Feature",
   "geometry": {
    "type": "Point",
    "coordinates": [
     -74.0109142536753,
     36.25496871110137
    ]
   },
   "properties": {
    "confidence": 0.36,
    "snr": 7.21,
    "peak_dn": 246.0,
    "background_dn": 86.2,
    "sigma_dn": 22.17,
    "pixels": 3,
    "length_m_approx": 17.3,
    "pixel": [
     19199.7,
     14063.3
    ],
    "scene": "S1A_IW_GRDH_1SDV_20240504T225814_20240504T225843_053728_068708_452D_COG.SAFE",
    "t": "2024-05-04T22:58:14+00:00",
    "sensor": "sentinel1-vv-cfar",
    "uncertainty_m": 9.1
   }
  },
  {
   "type": "Feature",
   "geometry": {
    "type": "Point",
    "coordinates": [
     -74.03354631632132,
     36.15013367135762
    ]
   },
   "properties": {
    "confidence": 0.351,
    "snr": 7.02,
    "peak_dn": 230.0,
    "background_dn": 81.5,
    "sigma_dn": 21.15,
    "pixels": 3,
    "length_m_approx": 17.3,
    "pixel": [
     18801.7,
     12965.7
    ],
    "scene": "S1A_IW_GRDH_1SDV_20240504T225814_20240504T225843_053728_068708_452D_COG.SAFE",
    "t": "2024-05-04T22:58:14+00:00",
    "sensor": "sentinel1-vv-cfar",
    "uncertainty_m": 9.1
   }
  },
  {
   "type": "Feature",
   "geometry": {
    "type": "Point",
    "coordinates": [
     -73.86309179446546,
     36.21143891764731
    ]
   },
   "properties": {
    "confidence": 0.334,
    "snr": 6.67,
    "peak_dn": 201.0,
    "background_dn": 73.3,
    "sigma_dn": 19.13,
    "pixels": 2,
    "length_m_approx": 14.1,
    "pixel": [
     20428.0,
     13375.5
    ],
    "scene": "S1A_IW_GRDH_1SDV_20240504T225814_20240504T225843_053728_068708_452D_COG.SAFE",
    "t": "2024-05-04T22:58:14+00:00",
    "sensor": "sentinel1-vv-cfar",
    "uncertainty_m": 7.6
   }
  },
  {
   "type": "Feature",
   "geometry": {
    "type": "Point",
    "coordinates": [
     -74.06698214217728,
     36.19240259611212
    ]
   },
   "properties": {
    "confidence": 0.324,
    "snr": 6.47,
    "peak_dn": 222.0,
    "background_dn": 82.9,
    "sigma_dn": 21.49,
    "pixels": 2,
    "length_m_approx": 14.1,
    "pixel": [
     18585.0,
     13471.5
    ],
    "scene": "S1A_IW_GRDH_1SDV_20240504T225814_20240504T225843_053728_068708_452D_COG.SAFE",
    "t": "2024-05-04T22:58:14+00:00",
    "sensor": "sentinel1-vv-cfar",
    "uncertainty_m": 7.6
   }
  },
  {
   "type": "Feature",
   "geometry": {
    "type": "Point",
    "coordinates": [
     -73.8958940021981,
     36.1364763351995
    ]
   },
   "properties": {
    "confidence": 0.313,
    "snr": 6.25,
    "peak_dn": 196.0,
    "background_dn": 74.4,
    "sigma_dn": 19.45,
    "pixels": 2,
    "length_m_approx": 14.1,
    "pixel": [
     19997.0,
     12614.5
    ],
    "scene": "S1A_IW_GRDH_1SDV_20240504T225814_20240504T225843_053728_068708_452D_COG.SAFE",
    "t": "2024-05-04T22:58:14+00:00",
    "sensor": "sentinel1-vv-cfar",
    "uncertainty_m": 7.6
   }
  },
  {
   "type": "Feature",
   "geometry": {
    "type": "Point",
    "coordinates": [
     -73.93290527159594,
     36.11427819259832
    ]
   },
   "properties": {
    "confidence": 0.312,
    "snr": 6.25,
    "peak_dn": 205.0,
    "background_dn": 79.6,
    "sigma_dn": 20.07,
    "pixels": 2,
    "length_m_approx": 14.1,
    "pixel": [
     19627.0,
     12429.5
    ],
    "scene": "S1A_IW_GRDH_1SDV_20240504T225814_20240504T225843_053728_068708_452D_COG.SAFE",
    "t": "2024-05-04T22:58:14+00:00",
    "sensor": "sentinel1-vv-cfar",
    "uncertainty_m": 7.6
   }
  },
  {
   "type": "Feature",
   "geometry": {
    "type": "Point",
    "coordinates": [
     -73.6424201083862,
     36.17484178480496
    ]
   },
   "properties": {
    "confidence": 0.398,
    "snr": 7.97,
    "peak_dn": 217.0,
    "background_dn": 71.2,
    "sigma_dn": 18.3,
    "pixels": 3,
    "length_m_approx": 17.3,
    "pixel": [
     22317.0,
     12658.0
    ],
    "scene": "S1A_IW_GRDH_1SDV_20240504T225814_20240504T225843_053728_068708_452D_COG.SAFE",
    "t": "2024-05-04T22:58:14+00:00",
    "sensor": "sentinel1-vv-cfar",
    "uncertainty_m": 9.1
   }
  },
  {
   "type": "Feature",
   "geometry": {
    "type": "Point",
    "coordinates": [
     -73.73541887026175,
     36.167267251785134
    ]
   },
   "properties": {
    "confidence": 0.345,
    "snr": 6.9,
    "peak_dn": 214.0,
    "background_dn": 76.3,
    "sigma_dn": 19.97,
    "pixels": 2,
    "length_m_approx": 14.1,
    "pixel": [
     21478.0,
     12711.5
    ],
    "scene": "S1A_IW_GRDH_1SDV_20240504T225814_20240504T225843_053728_068708_452D_COG.SAFE",
    "t": "2024-05-04T22:58:14+00:00",
    "sensor": "sentinel1-vv-cfar",
    "uncertainty_m": 7.6
   }
  },
  {
   "type": "Feature",
   "geometry": {
    "type": "Point",
    "coordinates": [
     -73.67205751488339,
     36.227902823093295
    ]
   },
   "properties": {
    "confidence": 0.339,
    "snr": 6.79,
    "peak_dn": 200.0,
    "background_dn": 71.3,
    "sigma_dn": 18.95,
    "pixels": 2,
    "length_m_approx": 14.1,
    "pixel": [
     22152.0,
     13274.5
    ],
    "scene": "S1A_IW_GRDH_1SDV_20240504T225814_20240504T225843_053728_068708_452D_COG.SAFE",
    "t": "2024-05-04T22:58:14+00:00",
    "sensor": "sentinel1-vv-cfar",
    "uncertainty_m": 7.6
   }
  },
  {
   "type": "Feature",
   "geometry": {
    "type": "Point",
    "coordinates": [
     -73.85560861758407,
     36.29605996731896
    ]
   },
   "properties": {
    "confidence": 0.325,
    "snr": 6.51,
    "peak_dn": 227.0,
    "background_dn": 84.4,
    "sigma_dn": 21.92,
    "pixels": 2,
    "length_m_approx": 14.1,
    "pixel": [
     20652.0,
     14278.5
    ],
    "scene": "S1A_IW_GRDH_1SDV_20240504T225814_20240504T225843_053728_068708_452D_COG.SAFE",
    "t": "2024-05-04T22:58:14+00:00",
    "sensor": "sentinel1-vv-cfar",
    "uncertainty_m": 7.6
   }
  },
  {
   "type": "Feature",
   "geometry": {
    "type": "Point",
    "coordinates": [
     -73.66196926106443,
     36.218987251874005
    ]
   },
   "properties": {
    "confidence": 0.325,
    "snr": 6.49,
    "peak_dn": 216.0,
    "background_dn": 79.4,
    "sigma_dn": 21.04,
    "pixels": 2,
    "length_m_approx": 14.1,
    "pixel": [
     22225.0,
     13163.5
    ],
    "scene": "S1A_IW_GRDH_1SDV_20240504T225814_20240504T225843_053728_068708_452D_COG.SAFE",
    "t": "2024-05-04T22:58:14+00:00",
    "sensor": "sentinel1-vv-cfar",
    "uncertainty_m": 7.6
   }
  },
  {
   "type": "Feature",
   "geometry": {
    "type": "Point",
    "coordinates": [
     -73.75069253690535,
     36.29977884001616
    ]
   },
   "properties": {
    "confidence": 0.321,
    "snr": 6.42,
    "peak_dn": 201.0,
    "background_dn": 74.7,
    "sigma_dn": 19.66,
    "pixels": 2,
    "length_m_approx": 14.1,
    "pixel": [
     21588.0,
     14165.5
    ],
    "scene": "S1A_IW_GRDH_1SDV_20240504T225814_20240504T225843_053728_068708_452D_COG.SAFE",
    "t": "2024-05-04T22:58:14+00:00",
    "sensor": "sentinel1-vv-cfar",
    "uncertainty_m": 7.6
   }
  },
  {
   "type": "Feature",
   "geometry": {
    "type": "Point",
    "coordinates": [
     -73.70122365264608,
     36.286167654877865
    ]
   },
   "properties": {
    "confidence": 0.308,
    "snr": 6.17,
    "peak_dn": 198.0,
    "background_dn": 75.4,
    "sigma_dn": 19.88,
    "pixels": 2,
    "length_m_approx": 14.1,
    "pixel": [
     22001.0,
     13946.5
    ],
    "scene": "S1A_IW_GRDH_1SDV_20240504T225814_20240504T225843_053728_068708_452D_COG.SAFE",
    "t": "2024-05-04T22:58:14+00:00",
    "sensor": "sentinel1-vv-cfar",
    "uncertainty_m": 7.6
   }
  },
  {
   "type": "Feature",
   "geometry": {
    "type": "Point",
    "coordinates": [
     -73.52207041601451,
     36.22269469965167
    ]
   },
   "properties": {
    "confidence": 0.428,
    "snr": 8.55,
    "peak_dn": 236.0,
    "background_dn": 72.6,
    "sigma_dn": 19.11,
    "pixels": 3,
    "length_m_approx": 17.3,
    "pixel": [
     23472.3,
     13001.3
    ],
    "scene": "S1A_IW_GRDH_1SDV_20240504T225814_20240504T225843_053728_068708_452D_COG.SAFE",
    "t": "2024-05-04T22:58:14+00:00",
    "sensor": "sentinel1-vv-cfar",
    "uncertainty_m": 9.1
   }
  },
  {
   "type": "Feature",
   "geometry": {
    "type": "Point",
    "coordinates": [
     -73.61715119146294,
     36.259038161408206
    ]
   },
   "properties": {
    "confidence": 0.366,
    "snr": 7.33,
    "peak_dn": 223.0,
    "background_dn": 75.5,
    "sigma_dn": 20.13,
    "pixels": 2,
    "length_m_approx": 14.1,
    "pixel": [
     22696.0,
     13531.5
    ],
    "scene": "S1A_IW_GRDH_1SDV_20240504T225814_20240504T225843_053728_068708_452D_COG.SAFE",
    "t": "2024-05-04T22:58:14+00:00",
    "sensor": "sentinel1-vv-cfar",
    "uncertainty_m": 7.6
   }
  },
  {
   "type": "Feature",
   "geometry": {
    "type": "Point",
    "coordinates": [
     -73.4574009924587,
     36.35139802677782
    ]
   },
   "properties": {
    "confidence": 0.347,
    "snr": 6.94,
    "peak_dn": 217.0,
    "background_dn": 77.9,
    "sigma_dn": 20.04,
    "pixels": 2,
    "length_m_approx": 14.1,
    "pixel": [
     24280.0,
     14300.5
    ],
    "scene": "S1A_IW_GRDH_1SDV_20240504T225814_20240504T225843_053728_068708_452D_COG.SAFE",
    "t": "2024-05-04T22:58:14+00:00",
    "sensor": "sentinel1-vv-cfar",
    "uncertainty_m": 7.6
   }
  },
  {
   "type": "Feature",
   "geometry": {
    "type": "Point",
    "coordinates": [
     -73.54775153030452,
     36.28467328053043
    ]
   },
   "properties": {
    "confidence": 0.329,
    "snr": 6.59,
    "peak_dn": 207.0,
    "background_dn": 76.3,
    "sigma_dn": 19.84,
    "pixels": 2,
    "length_m_approx": 14.1,
    "pixel": [
     23358.0,
     13708.5
    ],
    "scene": "S1A_IW_GRDH_1SDV_20240504T225814_20240504T225843_053728_068708_452D_COG.SAFE",
    "t": "2024-05-04T22:58:14+00:00",
    "sensor": "sentinel1-vv-cfar",
    "uncertainty_m": 7.6
   }
  },
  {
   "type": "Feature",
   "geometry": {
    "type": "Point",
    "coordinates": [
     -75.24944141221376,
     36.22677968216979
    ]
   },
   "properties": {
    "confidence": 0.95,
    "snr": 55.14,
    "peak_dn": 1184.0,
    "background_dn": 82.7,
    "sigma_dn": 19.97,
    "pixels": 36,
    "length_m_approx": 60.0,
    "pixel": [
     8184.7,
     15656.6
    ],
    "scene": "S1A_IW_GRDH_1SDV_20240504T225814_20240504T225843_053728_068708_452D_COG.SAFE",
    "t": "2024-05-04T22:58:14+00:00",
    "sensor": "sentinel1-vv-cfar",
    "uncertainty_m": 30.1
   }
  },
  {
   "type": "Feature",
   "geometry": {
    "type": "Point",
    "coordinates": [
     -75.43602811847498,
     36.15960343170073
    ]
   },
   "properties": {
    "confidence": 0.419,
    "snr": 8.38,
    "peak_dn": 284.0,
    "background_dn": 92.6,
    "sigma_dn": 22.83,
    "pixels": 3,
    "length_m_approx": 17.3,
    "pixel": [
     6398.7,
     15232.3
    ],
    "scene": "S1A_IW_GRDH_1SDV_20240504T225814_20240504T225843_053728_068708_452D_COG.SAFE",
    "t": "2024-05-04T22:58:14+00:00",
    "sensor": "sentinel1-vv-cfar",
    "uncertainty_m": 9.6
   }
  },
  {
   "type": "Feature",
   "geometry": {
    "type": "Point",
    "coordinates": [
     -75.24656706231815,
     36.14833116682052
    ]
   },
   "properties": {
    "confidence": 0.379,
    "snr": 7.58,
    "peak_dn": 258.0,
    "background_dn": 91.7,
    "sigma_dn": 21.92,
    "pixels": 2,
    "length_m_approx": 14.1,
    "pixel": [
     8052.0,
     14809.5
    ],
    "scene": "S1A_IW_GRDH_1SDV_20240504T225814_20240504T225843_053728_068708_452D_COG.SAFE",
    "t": "2024-05-04T22:58:14+00:00",
    "sensor": "sentinel1-vv-cfar",
    "uncertainty_m": 7.6
   }
  },
  {
   "type": "Feature",
   "geometry": {
    "type": "Point",
    "coordinates": [
     -74.97169823086585,
     36.144796927769534
    ]
   },
   "properties": {
    "confidence": 0.324,
    "snr": 6.47,
    "peak_dn": 171.0,
    "background_dn": 64.9,
    "sigma_dn": 16.39,
    "pixels": 2,
    "length_m_approx": 14.1,
    "pixel": [
     10478.0,
     14338.5
    ],
    "scene": "S1A_IW_GRDH_1SDV_20240504T225814_20240504T225843_053728_068708_452D_COG.SAFE",
    "t": "2024-05-04T22:58:14+00:00",
    "sensor": "sentinel1-vv-cfar",
    "uncertainty_m": 7.6
   }
  },
  {
   "type": "Feature",
   "geometry": {
    "type": "Point",
    "coordinates": [
     -74.59635306725991,
     36.27376181904453
    ]
   },
   "properties": {
    "confidence": 0.361,
    "snr": 7.22,
    "peak_dn": 174.0,
    "background_dn": 61.3,
    "sigma_dn": 15.61,
    "pixels": 2,
    "length_m_approx": 14.1,
    "pixel": [
     14053.5,
     15146.0
    ],
    "scene": "S1A_IW_GRDH_1SDV_20240504T225814_20240504T225843_053728_068708_452D_COG.SAFE",
    "t": "2024-05-04T22:58:14+00:00",
    "sensor": "sentinel1-vv-cfar",
    "uncertainty_m": 7.6
   }
  },
  {
   "type": "Feature",
   "geometry": {
    "type": "Point",
    "coordinates": [
     -74.74312249080782,
     36.28509409569963
    ]
   },
   "properties": {
    "confidence": 0.33,
    "snr": 6.61,
    "peak_dn": 149.0,
    "background_dn": 55.3,
    "sigma_dn": 14.18,
    "pixels": 2,
    "length_m_approx": 14.1,
    "pixel": [
     12777.5,
     15493.0
    ],
    "scene": "S1A_IW_GRDH_1SDV_20240504T225814_20240504T225843_053728_068708_452D_COG.SAFE",
    "t": "2024-05-04T22:58:14+00:00",
    "sensor": "sentinel1-vv-cfar",
    "uncertainty_m": 7.6
   }
  },
  {
   "type": "Feature",
   "geometry": {
    "type": "Point",
    "coordinates": [
     -74.6596701134138,
     36.32488575004897
    ]
   },
   "properties": {
    "confidence": 0.319,
    "snr": 6.38,
    "peak_dn": 133.0,
    "background_dn": 50.1,
    "sigma_dn": 12.99,
    "pixels": 2,
    "length_m_approx": 14.1,
    "pixel": [
     13593.0,
     15793.5
    ],
    "scene": "S1A_IW_GRDH_1SDV_20240504T225814_20240504T225843_053728_068708_452D_COG.SAFE",
    "t": "2024-05-04T22:58:14+00:00",
    "sensor": "sentinel1-vv-cfar",
    "uncertainty_m": 7.6
   }
  },
  {
   "type": "Feature",
   "geometry": {
    "type": "Point",
    "coordinates": [
     -74.53730338626009,
     36.21381761627597
    ]
   },
   "properties": {
    "confidence": 0.95,
    "snr": 262.8,
    "peak_dn": 4627.0,
    "background_dn": 67.7,
    "sigma_dn": 17.35,
    "pixels": 193,
    "length_m_approx": 138.9,
    "pixel": [
     14459.6,
     14410.5
    ],
    "scene": "S1A_IW_GRDH_1SDV_20240504T225814_20240504T225843_053728_068708_452D_COG.SAFE",
    "t": "2024-05-04T22:58:14+00:00",
    "sensor": "sentinel1-vv-cfar",
    "uncertainty_m": 69.5
   }
  },
  {
   "type": "Feature",
   "geometry": {
    "type": "Point",
    "coordinates": [
     -74.53713778184199,
     36.2147256833409
    ]
   },
   "properties": {
    "confidence": 0.644,
    "snr": 12.88,
    "peak_dn": 304.0,
    "background_dn": 68.6,
    "sigma_dn": 18.29,
    "pixels": 3,
    "length_m_approx": 17.3,
    "pixel": [
     14462.9,
     14420.0
    ],
    "scene": "S1A_IW_GRDH_1SDV_20240504T225814_20240504T225843_053728_068708_452D_COG.SAFE",
    "t": "2024-05-04T22:58:14+00:00",
    "sensor": "sentinel1-vv-cfar",
    "uncertainty_m": 9.1
   }
  },
  {
   "type": "Feature",
   "geometry": {
    "type": "Point",
    "coordinates": [
     -74.53721638918802,
     36.21490025575626
    ]
   },
   "properties": {
    "confidence": 0.633,
    "snr": 12.67,
    "peak_dn": 312.0,
    "background_dn": 68.7,
    "sigma_dn": 19.2,
    "pixels": 2,
    "length_m_approx": 14.1,
    "pixel": [
     14462.5,
     14422.0
    ],
    "scene": "S1A_IW_GRDH_1SDV_20240504T225814_20240504T225843_053728_068708_452D_COG.SAFE",
    "t": "2024-05-04T22:58:14+00:00",
    "sensor": "sentinel1-vv-cfar",
    "uncertainty_m": 7.6
   }
  },
  {
   "type": "Feature",
   "geometry": {
    "type": "Point",
    "coordinates": [
     -74.53684590017022,
     36.21318864823331
    ]
   },
   "properties": {
    "confidence": 0.43,
    "snr": 8.61,
    "peak_dn": 217.0,
    "background_dn": 67.9,
    "sigma_dn": 17.32,
    "pixels": 2,
    "length_m_approx": 14.1,
    "pixel": [
     14462.5,
     14403.0
    ],
    "scene": "S1A_IW_GRDH_1SDV_20240504T225814_20240504T225843_053728_068708_452D_COG.SAFE",
    "t": "2024-05-04T22:58:14+00:00",
    "sensor": "sentinel1-vv-cfar",
    "uncertainty_m": 7.6
   }
  },
  {
   "type": "Feature",
   "geometry": {
    "type": "Point",
    "coordinates": [
     -74.53823066214909,
     36.21410739233133
    ]
   },
   "properties": {
    "confidence": 0.392,
    "snr": 7.85,
    "peak_dn": 203.0,
    "background_dn": 67.4,
    "sigma_dn": 17.28,
    "pixels": 3,
    "length_m_approx": 17.3,
    "pixel": [
     14452.0,
     14415.0
    ],
    "scene": "S1A_IW_GRDH_1SDV_20240504T225814_20240504T225843_053728_068708_452D_COG.SAFE",
    "t": "2024-05-04T22:58:14+00:00",
    "sensor": "sentinel1-vv-cfar",
    "uncertainty_m": 9.1
   }
  },
  {
   "type": "Feature",
   "geometry": {
    "type": "Point",
    "coordinates": [
     -74.4463636059713,
     36.25275436745575
    ]
   },
   "properties": {
    "confidence": 0.369,
    "snr": 7.38,
    "peak_dn": 187.0,
    "background_dn": 66.0,
    "sigma_dn": 16.4,
    "pixels": 2,
    "length_m_approx": 14.1,
    "pixel": [
     15340.0,
     14691.5
    ],
    "scene": "S1A_IW_GRDH_1SDV_20240504T225814_20240504T225843_053728_068708_452D_COG.SAFE",
    "t": "2024-05-04T22:58:14+00:00",
    "sensor": "sentinel1-vv-cfar",
    "uncertainty_m": 7.6
   }
  },
  {
   "type": "Feature",
   "geometry": {
    "type": "Point",
    "coordinates": [
     -74.45564978570269,
     36.22631131956384
    ]
   },
   "properties": {
    "confidence": 0.36,
    "snr": 7.21,
    "peak_dn": 187.0,
    "background_dn": 67.4,
    "sigma_dn": 16.58,
    "pixels": 4,
    "length_m_approx": 20.0,
    "pixel": [
     15206.8,
     14420.8
    ],
    "scene": "S1A_IW_GRDH_1SDV_20240504T225814_20240504T225843_053728_068708_452D_COG.SAFE",
    "t": "2024-05-04T22:58:14+00:00",
    "sensor": "sentinel1-vv-cfar",
    "uncertainty_m": 10.4
   }
  },
  {
   "type": "Feature",
   "geometry": {
    "type": "Point",
    "coordinates": [
     -74.53680152050306,
     36.21300923936545
    ]
   },
   "properties": {
    "confidence": 0.346,
    "snr": 6.92,
    "peak_dn": 190.0,
    "background_dn": 67.8,
    "sigma_dn": 17.66,
    "pixels": 2,
    "length_m_approx": 14.1,
    "pixel": [
     14462.5,
     14401.0
    ],
    "scene": "S1A_IW_GRDH_1SDV_20240504T225814_20240504T225843_053728_068708_452D_COG.SAFE",
    "t": "2024-05-04T22:58:14+00:00",
    "sensor": "sentinel1-vv-cfar",
    "uncertainty_m": 7.6
   }
  },
  {
   "type": "Feature",
   "geometry": {
    "type": "Point",
    "coordinates": [
     -74.55096386090918,
     36.25571133463254
    ]
   },
   "properties": {
    "confidence": 0.318,
    "snr": 6.36,
    "peak_dn": 175.0,
    "background_dn": 67.2,
    "sigma_dn": 16.96,
    "pixels": 2,
    "length_m_approx": 14.1,
    "pixel": [
     14420.0,
     14882.5
    ],
    "scene": "S1A_IW_GRDH_1SDV_20240504T225814_20240504T225843_053728_068708_452D_COG.SAFE",
    "t": "2024-05-04T22:58:14+00:00",
    "sensor": "sentinel1-vv-cfar",
    "uncertainty_m": 7.6
   }
  },
  {
   "type": "Feature",
   "geometry": {
    "type": "Point",
    "coordinates": [
     -74.24231743013436,
     36.39166457307805
    ]
   },
   "properties": {
    "confidence": 0.403,
    "snr": 8.06,
    "peak_dn": 239.0,
    "background_dn": 79.8,
    "sigma_dn": 19.76,
    "pixels": 3,
    "length_m_approx": 17.3,
    "pixel": [
     17410.7,
     15882.3
    ],
    "scene": "S1A_IW_GRDH_1SDV_20240504T225814_20240504T225843_053728_068708_452D_COG.SAFE",
    "t": "2024-05-04T22:58:14+00:00",
    "sensor": "sentinel1-vv-cfar",
    "uncertainty_m": 9.1
   }
  },
  {
   "type": "Feature",
   "geometry": {
    "type": "Point",
    "coordinates": [
     -74.23411817842049,
     36.37158598942804
    ]
   },
   "properties": {
    "confidence": 0.319,
    "snr": 6.37,
    "peak_dn": 206.0,
    "background_dn": 80.0,
    "sigma_dn": 19.78,
    "pixels": 2,
    "length_m_approx": 14.1,
    "pixel": [
     17445.0,
     15653.5
    ],
    "scene": "S1A_IW_GRDH_1SDV_20240504T225814_20240504T225843_053728_068708_452D_COG.SAFE",
    "t": "2024-05-04T22:58:14+00:00",
    "sensor": "sentinel1-vv-cfar",
    "uncertainty_m": 7.6
   }
  },
  {
   "type": "Feature",
   "geometry": {
    "type": "Point",
    "coordinates": [
     -73.98298285423903,
     36.417319443331316
    ]
   },
   "properties": {
    "confidence": 0.377,
    "snr": 7.54,
    "peak_dn": 240.0,
    "background_dn": 82.0,
    "sigma_dn": 20.96,
    "pixels": 2,
    "length_m_approx": 14.1,
    "pixel": [
     19751.5,
     15775.0
    ],
    "scene": "S1A_IW_GRDH_1SDV_20240504T225814_20240504T225843_053728_068708_452D_COG.SAFE",
    "t": "2024-05-04T22:58:14+00:00",
    "sensor": "sentinel1-vv-cfar",
    "uncertainty_m": 7.6
   }
  },
  {
   "type": "Feature",
   "geometry": {
    "type": "Point",
    "coordinates": [
     -74.01725296210714,
     36.32007774992257
    ]
   },
   "properties": {
    "confidence": 0.37,
    "snr": 7.4,
    "peak_dn": 242.0,
    "background_dn": 82.8,
    "sigma_dn": 21.53,
    "pixels": 2,
    "length_m_approx": 14.1,
    "pixel": [
     19266.0,
     14775.5
    ],
    "scene": "S1A_IW_GRDH_1SDV_20240504T225814_20240504T225843_053728_068708_452D_COG.SAFE",
    "t": "2024-05-04T22:58:14+00:00",
    "sensor": "sentinel1-vv-cfar",
    "uncertainty_m": 7.6
   }
  },
  {
   "type": "Feature",
   "geometry": {
    "type": "Point",
    "coordinates": [
     -73.92113219859525,
     36.34563054469219
    ]
   },
   "properties": {
    "confidence": 0.36,
    "snr": 7.2,
    "peak_dn": 242.0,
    "background_dn": 81.3,
    "sigma_dn": 22.3,
    "pixels": 2,
    "length_m_approx": 14.1,
    "pixel": [
     20164.5,
     14910.0
    ],
    "scene": "S1A_IW_GRDH_1SDV_20240504T225814_20240504T225843_053728_068708_452D_COG.SAFE",
    "t": "2024-05-04T22:58:14+00:00",
    "sensor": "sentinel1-vv-cfar",
    "uncertainty_m": 7.6
   }
  },
  {
   "type": "Feature",
   "geometry": {
    "type": "Point",
    "coordinates": [
     -74.07571712776627,
     36.3169402052243
    ]
   },
   "properties": {
    "confidence": 0.331,
    "snr": 6.62,
    "peak_dn": 201.0,
    "background_dn": 75.0,
    "sigma_dn": 19.02,
    "pixels": 3,
    "length_m_approx": 17.3,
    "pixel": [
     18742.7,
     14828.3
    ],
    "scene": "S1A_IW_GRDH_1SDV_20240504T225814_20240504T225843_053728_068708_452D_COG.SAFE",
    "t": "2024-05-04T22:58:14+00:00",
    "sensor": "sentinel1-vv-cfar",
    "uncertainty_m": 9.1
   }
  },
  {
   "type": "Feature",
   "geometry": {
    "type": "Point",
    "coordinates": [
     -73.90978706859953,
     36.44579609898915
    ]
   },
   "properties": {
    "confidence": 0.329,
    "snr": 6.59,
    "peak_dn": 202.0,
    "background_dn": 76.1,
    "sigma_dn": 19.11,
    "pixels": 3,
    "length_m_approx": 17.3,
    "pixel": [
     20451.7,
     15975.0
    ],
    "scene": "S1A_IW_GRDH_1SDV_20240504T225814_20240504T225843_053728_068708_452D_COG.SAFE",
    "t": "2024-05-04T22:58:14+00:00",
    "sensor": "sentinel1-vv-cfar",
    "uncertainty_m": 9.1
   }
  },
  {
   "type": "Feature",
   "geometry": {
    "type": "Point",
    "coordinates": [
     -73.9928585129562,
     36.325207284318004
    ]
   },
   "properties": {
    "confidence": 0.315,
    "snr": 6.31,
    "peak_dn": 211.0,
    "background_dn": 79.7,
    "sigma_dn": 20.82,
    "pixels": 2,
    "length_m_approx": 14.1,
    "pixel": [
     19491.5,
     14795.0
    ],
    "scene": "S1A_IW_GRDH_1SDV_20240504T225814_20240504T225843_053728_068708_452D_COG.SAFE",
    "t": "2024-05-04T22:58:14+00:00",
    "sensor": "sentinel1-vv-cfar",
    "uncertainty_m": 7.6
   }
  },
  {
   "type": "Feature",
   "geometry": {
    "type": "Point",
    "coordinates": [
     -74.0192056450686,
     36.302673892207594
    ]
   },
   "properties": {
    "confidence": 0.314,
    "snr": 6.28,
    "peak_dn": 216.0,
    "background_dn": 81.1,
    "sigma_dn": 21.49,
    "pixels": 2,
    "length_m_approx": 14.1,
    "pixel": [
     19216.0,
     14590.5
    ],
    "scene": "S1A_IW_GRDH_1SDV_20240504T225814_20240504T225843_053728_068708_452D_COG.SAFE",
    "t": "2024-05-04T22:58:14+00:00",
    "sensor": "sentinel1-vv-cfar",
    "uncertainty_m": 7.6
   }
  },
  {
   "type": "Feature",
   "geometry": {
    "type": "Point",
    "coordinates": [
     -73.9608343792969,
     36.42519484649281
    ]
   },
   "properties": {
    "confidence": 0.312,
    "snr": 6.23,
    "peak_dn": 201.0,
    "background_dn": 76.9,
    "sigma_dn": 19.91,
    "pixels": 2,
    "length_m_approx": 14.1,
    "pixel": [
     19962.0,
     15827.5
    ],
    "scene": "S1A_IW_GRDH_1SDV_20240504T225814_20240504T225843_053728_068708_452D_COG.SAFE",
    "t": "2024-05-04T22:58:14+00:00",
    "sensor": "sentinel1-vv-cfar",
    "uncertainty_m": 7.6
   }
  },
  {
   "type": "Feature",
   "geometry": {
    "type": "Point",
    "coordinates": [
     -73.82161258705395,
     36.442764966302455
    ]
   },
   "properties": {
    "confidence": 0.419,
    "snr": 8.39,
    "peak_dn": 244.0,
    "background_dn": 76.4,
    "sigma_dn": 19.99,
    "pixels": 5,
    "length_m_approx": 22.4,
    "pixel": [
     21225.4,
     15813.8
    ],
    "scene": "S1A_IW_GRDH_1SDV_20240504T225814_20240504T225843_053728_068708_452D_COG.SAFE",
    "t": "2024-05-04T22:58:14+00:00",
    "sensor": "sentinel1-vv-cfar",
    "uncertainty_m": 11.5
   }
  },
  {
   "type": "Feature",
   "geometry": {
    "type": "Point",
    "coordinates": [
     -73.84836155327066,
     36.324609609055685
    ]
   },
   "properties": {
    "confidence": 0.397,
    "snr": 7.95,
    "peak_dn": 238.0,
    "background_dn": 79.2,
    "sigma_dn": 19.98,
    "pixels": 3,
    "length_m_approx": 17.3,
    "pixel": [
     20769.3,
     14576.3
    ],
    "scene": "S1A_IW_GRDH_1SDV_20240504T225814_20240504T225843_053728_068708_452D_COG.SAFE",
    "t": "2024-05-04T22:58:14+00:00",
    "sensor": "sentinel1-vv-cfar",
    "uncertainty_m": 9.1
   }
  },
  {
   "type": "Feature",
   "geometry": {
    "type": "Point",
    "coordinates": [
     -73.71157051814836,
     36.39487735799172
    ]
   },
   "properties": {
    "confidence": 0.338,
    "snr": 6.76,
    "peak_dn": 229.0,
    "background_dn": 83.0,
    "sigma_dn": 21.61,
    "pixels": 2,
    "length_m_approx": 14.1,
    "pixel": [
     22110.0,
     15136.5
    ],
    "scene": "S1A_IW_GRDH_1SDV_20240504T225814_20240504T225843_053728_068708_452D_COG.SAFE",
    "t": "2024-05-04T22:58:14+00:00",
    "sensor": "sentinel1-vv-cfar",
    "uncertainty_m": 7.6
   }
  },
  {
   "type": "Feature",
   "geometry": {
    "type": "Point",
    "coordinates": [
     -73.621813225232,
     36.333527282458896
    ]
   },
   "properties": {
    "confidence": 0.424,
    "snr": 8.48,
    "peak_dn": 261.0,
    "background_dn": 82.8,
    "sigma_dn": 21.02,
    "pixels": 4,
    "length_m_approx": 20.0,
    "pixel": [
     22791.5,
     14343.5
    ],
    "scene": "S1A_IW_GRDH_1SDV_20240504T225814_20240504T225843_053728_068708_452D_COG.SAFE",
    "t": "2024-05-04T22:58:14+00:00",
    "sensor": "sentinel1-vv-cfar",
    "uncertainty_m": 10.4
   }
  },
  {
   "type": "Feature",
   "geometry": {
    "type": "Point",
    "coordinates": [
     -73.62352570983246,
     36.42898741771554
    ]
   },
   "properties": {
    "confidence": 0.361,
    "snr": 7.22,
    "peak_dn": 223.0,
    "background_dn": 77.2,
    "sigma_dn": 20.19,
    "pixels": 2,
    "length_m_approx": 14.1,
    "pixel": [
     22951.5,
     15378.0
    ],
    "scene": "S1A_IW_GRDH_1SDV_20240504T225814_20240504T225843_053728_068708_452D_COG.SAFE",
    "t": "2024-05-04T22:58:14+00:00",
    "sensor": "sentinel1-vv-cfar",
    "uncertainty_m": 7.6
   }
  },
  {
   "type": "Feature",
   "geometry": {
    "type": "Point",
    "coordinates": [
     -73.60256005352466,
     36.457992803032596
    ]
   },
   "properties": {
    "confidence": 0.341,
    "snr": 6.82,
    "peak_dn": 226.0,
    "background_dn": 81.2,
    "sigma_dn": 21.21,
    "pixels": 2,
    "length_m_approx": 14.1,
    "pixel": [
     23190.0,
     15661.5
    ],
    "scene": "S1A_IW_GRDH_1SDV_20240504T225814_20240504T225843_053728_068708_452D_COG.SAFE",
    "t": "2024-05-04T22:58:14+00:00",
    "sensor": "sentinel1-vv-cfar",
    "uncertainty_m": 7.6
   }
  },
  {
   "type": "Feature",
   "geometry": {
    "type": "Point",
    "coordinates": [
     -73.50884737239518,
     36.515687672262665
    ]
   },
   "properties": {
    "confidence": 0.326,
    "snr": 6.51,
    "peak_dn": 213.0,
    "background_dn": 79.2,
    "sigma_dn": 20.54,
    "pixels": 4,
    "length_m_approx": 20.0,
    "pixel": [
     24123.5,
     16151.5
    ],
    "scene": "S1A_IW_GRDH_1SDV_20240504T225814_20240504T225843_053728_068708_452D_COG.SAFE",
    "t": "2024-05-04T22:58:14+00:00",
    "sensor": "sentinel1-vv-cfar",
    "uncertainty_m": 10.4
   }
  },
  {
   "type": "Feature",
   "geometry": {
    "type": "Point",
    "coordinates": [
     -73.39730721989592,
     36.49868424661916
    ]
   },
   "properties": {
    "confidence": 0.337,
    "snr": 6.74,
    "peak_dn": 208.0,
    "background_dn": 76.1,
    "sigma_dn": 19.58,
    "pixels": 2,
    "length_m_approx": 14.1,
    "pixel": [
     25078.5,
     15809.0
    ],
    "scene": "S1A_IW_GRDH_1SDV_20240504T225814_20240504T225843_053728_068708_452D_COG.SAFE",
    "t": "2024-05-04T22:58:14+00:00",
    "sensor": "sentinel1-vv-cfar",
    "uncertainty_m": 7.6
   }
  },
  {
   "type": "Feature",
   "geometry": {
    "type": "Point",
    "coordinates": [
     -75.54565218824067,
     36.339959731117936
    ]
   },
   "properties": {
    "confidence": 0.394,
    "snr": 7.88,
    "peak_dn": 264.0,
    "background_dn": 91.0,
    "sigma_dn": 21.96,
    "pixels": 3,
    "length_m_approx": 17.3,
    "pixel": [
     5798.3,
     17343.7
    ],
    "scene": "S1A_IW_GRDH_1SDV_20240504T225814_20240504T225843_053728_068708_452D_COG.SAFE",
    "t": "2024-05-04T22:58:14+00:00",
    "sensor": "sentinel1-vv-cfar",
    "uncertainty_m": 9.6
   }
  },
  {
   "type": "Feature",
   "geometry": {
    "type": "Point",
    "coordinates": [
     -75.11735852313599,
     36.46949854022272
    ]
   },
   "properties": {
    "confidence": 0.376,
    "snr": 7.53,
    "peak_dn": 198.0,
    "background_dn": 69.6,
    "sigma_dn": 17.06,
    "pixels": 2,
    "length_m_approx": 14.1,
    "pixel": [
     9837.5,
     18057.0
    ],
    "scene": "S1A_IW_GRDH_1SDV_20240504T225814_20240504T225843_053728_068708_452D_COG.SAFE",
    "t": "2024-05-04T22:58:14+00:00",
    "sensor": "sentinel1-vv-cfar",
    "uncertainty_m": 7.6
   }
  },
  {
   "type": "Feature",
   "geometry": {
    "type": "Point",
    "coordinates": [
     -75.06727949254214,
     36.326955747495965
    ]
   },
   "properties": {
    "confidence": 0.342,
    "snr": 6.83,
    "peak_dn": 177.0,
    "background_dn": 65.2,
    "sigma_dn": 16.35,
    "pixels": 3,
    "length_m_approx": 17.3,
    "pixel": [
     9995.3,
     16446.3
    ],
    "scene": "S1A_IW_GRDH_1SDV_20240504T225814_20240504T225843_053728_068708_452D_COG.SAFE",
    "t": "2024-05-04T22:58:14+00:00",
    "sensor": "sentinel1-vv-cfar",
    "uncertainty_m": 9.1
   }
  },
  {
   "type": "Feature",
   "geometry": {
    "type": "Point",
    "coordinates": [
     -74.97952095652553,
     36.3899571590292
    ]
   },
   "properties": {
    "confidence": 0.352,
    "snr": 7.05,
    "peak_dn": 176.0,
    "background_dn": 64.8,
    "sigma_dn": 15.78,
    "pixels": 2,
    "length_m_approx": 14.1,
    "pixel": [
     10895.5,
     16987.0
    ],
    "scene": "S1A_IW_GRDH_1SDV_20240504T225814_20240504T225843_053728_068708_452D_COG.SAFE",
    "t": "2024-05-04T22:58:14+00:00",
    "sensor": "sentinel1-vv-cfar",
    "uncertainty_m": 7.6
   }
  },
  {
   "type": "Feature",
   "geometry": {
    "type": "Point",
    "coordinates": [
     -74.83512716699124,
     36.38726640792863
    ]
   },
   "properties": {
    "confidence": 0.343,
    "snr": 6.86,
    "peak_dn": 154.0,
    "background_dn": 56.9,
    "sigma_dn": 14.14,
    "pixels": 2,
    "length_m_approx": 14.1,
    "pixel": [
     12165.0,
     16734.5
    ],
    "scene": "S1A_IW_GRDH_1SDV_20240504T225814_20240504T225843_053728_068708_452D_COG.SAFE",
    "t": "2024-05-04T22:58:14+00:00",
    "sensor": "sentinel1-vv-cfar",
    "uncertainty_m": 7.6
   }
  },
  {
   "type": "Feature",
   "geometry": {
    "type": "Point",
    "coordinates": [
     -74.63848541016087,
     36.39513999086566
    ]
   },
   "properties": {
    "confidence": 0.36,
    "snr": 7.19,
    "peak_dn": 128.0,
    "background_dn": 40.5,
    "sigma_dn": 12.17,
    "pixels": 2,
    "length_m_approx": 14.1,
    "pixel": [
     13917.0,
     16517.5
    ],
    "scene": "S1A_IW_GRDH_1SDV_20240504T225814_20240504T225843_053728_068708_452D_COG.SAFE",
    "t": "2024-05-04T22:58:14+00:00",
    "sensor": "sentinel1-vv-cfar",
    "uncertainty_m": 7.6
   }
  },
  {
   "type": "Feature",
   "geometry": {
    "type": "Point",
    "coordinates": [
     -74.63157802838293,
     36.4576423277336
    ]
   },
   "properties": {
    "confidence": 0.346,
    "snr": 6.92,
    "peak_dn": 145.0,
    "background_dn": 52.0,
    "sigma_dn": 13.45,
    "pixels": 2,
    "length_m_approx": 14.1,
    "pixel": [
     14099.5,
     17180.0
    ],
    "scene": "S1A_IW_GRDH_1SDV_20240504T225814_20240504T225843_053728_068708_452D_COG.SAFE",
    "t": "2024-05-04T22:58:14+00:00",
    "sensor": "sentinel1-vv-cfar",
    "uncertainty_m": 7.6
   }
  },
  {
   "type": "Feature",
   "geometry": {
    "type": "Point",
    "coordinates": [
     -74.58052362427829,
     36.47517776748169
    ]
   },
   "properties": {
    "confidence": 0.326,
    "snr": 6.52,
    "peak_dn": 166.0,
    "background_dn": 63.7,
    "sigma_dn": 15.71,
    "pixels": 2,
    "length_m_approx": 14.1,
    "pixel": [
     14584.0,
     17291.5
    ],
    "scene": "S1A_IW_GRDH_1SDV_20240504T225814_20240504T225843_053728_068708_452D_COG.SAFE",
    "t": "2024-05-04T22:58:14+00:00",
    "sensor": "sentinel1-vv-cfar",
    "uncertainty_m": 7.6
   }
  },
  {
   "type": "Feature",
   "geometry": {
    "type": "Point",
    "coordinates": [
     -74.33140246349276,
     36.517620016943596
    ]
   },
   "properties": {
    "confidence": 0.58,
    "snr": 11.6,
    "peak_dn": 239.0,
    "background_dn": 63.0,
    "sigma_dn": 15.17,
    "pixels": 15,
    "length_m_approx": 38.7,
    "pixel": [
     16863.9,
     17373.7
    ],
    "scene": "S1A_IW_GRDH_1SDV_20240504T225814_20240504T225843_053728_068708_452D_COG.SAFE",
    "t": "2024-05-04T22:58:14+00:00",
    "sensor": "sentinel1-vv-cfar",
    "uncertainty_m": 19.6
   }
  },
  {
   "type": "Feature",
   "geometry": {
    "type": "Point",
    "coordinates": [
     -74.37848685253242,
     36.536760027494665
    ]
   },
   "properties": {
    "confidence": 0.372,
    "snr": 7.43,
    "peak_dn": 164.0,
    "background_dn": 58.7,
    "sigma_dn": 14.17,
    "pixels": 4,
    "length_m_approx": 20.0,
    "pixel": [
     16485.0,
     17650.5
    ],
    "scene": "S1A_IW_GRDH_1SDV_20240504T225814_20240504T225843_053728_068708_452D_COG.SAFE",
    "t": "2024-05-04T22:58:14+00:00",
    "sensor": "sentinel1-vv-cfar",
    "uncertainty_m": 10.4
   }
  },
  {
   "type": "Feature",
   "geometry": {
    "type": "Point",
    "coordinates": [
     -74.27168238587475,
     36.47931350516724
    ]
   },
   "properties": {
    "confidence": 0.355,
    "snr": 7.09,
    "peak_dn": 177.0,
    "background_dn": 65.2,
    "sigma_dn": 15.77,
    "pixels": 2,
    "length_m_approx": 14.1,
    "pixel": [
     17318.0,
     16871.5
    ],
    "scene": "S1A_IW_GRDH_1SDV_20240504T225814_20240504T225843_053728_068708_452D_COG.SAFE",
    "t": "2024-05-04T22:58:14+00:00",
    "sensor": "sentinel1-vv-cfar",
    "uncertainty_m": 7.6
   }
  },
  {
   "type": "Feature",
   "geometry": {
    "type": "Point",
    "coordinates": [
     -74.38196884855064,
     36.54105278978211
    ]
   },
   "properties": {
    "confidence": 0.347,
    "snr": 6.95,
    "peak_dn": 164.0,
    "background_dn": 60.8,
    "sigma_dn": 14.86,
    "pixels": 2,
    "length_m_approx": 14.1,
    "pixel": [
     16462.5,
     17702.0
    ],
    "scene": "S1A_IW_GRDH_1SDV_20240504T225814_20240504T225843_053728_068708_452D_COG.SAFE",
    "t": "2024-05-04T22:58:14+00:00",
    "sensor": "sentinel1-vv-cfar",
    "uncertainty_m": 7.6
   }
  },
  {
   "type": "Feature",
   "geometry": {
    "type": "Point",
    "coordinates": [
     -74.16999573353576,
     36.450567627731736
    ]
   },
   "properties": {
    "confidence": 0.344,
    "snr": 6.89,
    "peak_dn": 191.0,
    "background_dn": 69.5,
    "sigma_dn": 17.65,
    "pixels": 2,
    "length_m_approx": 14.1,
    "pixel": [
     18161.5,
     16410.0
    ],
    "scene": "S1A_IW_GRDH_1SDV_20240504T225814_20240504T225843_053728_068708_452D_COG.SAFE",
    "t": "2024-05-04T22:58:14+00:00",
    "sensor": "sentinel1-vv-cfar",
    "uncertainty_m": 7.6
   }
  },
  {
   "type": "Feature",
   "geometry": {
    "type": "Point",
    "coordinates": [
     -74.30622845983716,
     36.51902730136692
    ]
   },
   "properties": {
    "confidence": 0.324,
    "snr": 6.48,
    "peak_dn": 166.0,
    "background_dn": 64.4,
    "sigma_dn": 15.69,
    "pixels": 3,
    "length_m_approx": 17.3,
    "pixel": [
     17088.7,
     17351.3
    ],
    "scene": "S1A_IW_GRDH_1SDV_20240504T225814_20240504T225843_053728_068708_452D_COG.SAFE",
    "t": "2024-05-04T22:58:14+00:00",
    "sensor": "sentinel1-vv-cfar",
    "uncertainty_m": 9.1
   }
  },
  {
   "type": "Feature",
   "geometry": {
    "type": "Point",
    "coordinates": [
     -73.97510412015225,
     36.63126904164872
    ]
   },
   "properties": {
    "confidence": 0.45,
    "snr": 8.99,
    "peak_dn": 227.0,
    "background_dn": 68.3,
    "sigma_dn": 17.65,
    "pixels": 6,
    "length_m_approx": 24.5,
    "pixel": [
     20220.8,
     18073.8
    ],
    "scene": "S1A_IW_GRDH_1SDV_20240504T225814_20240504T225843_053728_068708_452D_COG.SAFE",
    "t": "2024-05-04T22:58:14+00:00",
    "sensor": "sentinel1-vv-cfar",
    "uncertainty_m": 12.6
   }
  },
  {
   "type": "Feature",
   "geometry": {
    "type": "Point",
    "coordinates": [
     -74.04432918791699,
     36.58275953602078
    ]
   },
   "properties": {
    "confidence": 0.371,
    "snr": 7.43,
    "peak_dn": 184.0,
    "background_dn": 63.9,
    "sigma_dn": 16.18,
    "pixels": 3,
    "length_m_approx": 17.3,
    "pixel": [
     19519.7,
     17651.3
    ],
    "scene": "S1A_IW_GRDH_1SDV_20240504T225814_20240504T225843_053728_068708_452D_COG.SAFE",
    "t": "2024-05-04T22:58:14+00:00",
    "sensor": "sentinel1-vv-cfar",
    "uncertainty_m": 9.1
   }
  },
  {
   "type": "Feature",
   "geometry": {
    "type": "Point",
    "coordinates": [
     -74.07199612091185,
     36.64247961289331
    ]
   },
   "properties": {
    "confidence": 0.349,
    "snr": 6.98,
    "peak_dn": 162.0,
    "background_dn": 58.9,
    "sigma_dn": 14.76,
    "pixels": 3,
    "length_m_approx": 17.3,
    "pixel": [
     19387.7,
     18336.7
    ],
    "scene": "S1A_IW_GRDH_1SDV_20240504T225814_20240504T225843_053728_068708_452D_COG.SAFE",
    "t": "2024-05-04T22:58:14+00:00",
    "sensor": "sentinel1-vv-cfar",
    "uncertainty_m": 9.1
   }
  },
  {
   "type": "Feature",
   "geometry": {
    "type": "Point",
    "coordinates": [
     -74.08736896516476,
     36.55328611343895
    ]
   },
   "properties": {
    "confidence": 0.344,
    "snr": 6.88,
    "peak_dn": 168.0,
    "background_dn": 60.6,
    "sigma_dn": 15.61,
    "pixels": 3,
    "length_m_approx": 17.3,
    "pixel": [
     19084.7,
     17396.3
    ],
    "scene": "S1A_IW_GRDH_1SDV_20240504T225814_20240504T225843_053728_068708_452D_COG.SAFE",
    "t": "2024-05-04T22:58:14+00:00",
    "sensor": "sentinel1-vv-cfar",
    "uncertainty_m": 9.1
   }
  },
  {
   "type": "Feature",
   "geometry": {
    "type": "Point",
    "coordinates": [
     -74.01685542399147,
     36.62581203453187
    ]
   },
   "properties": {
    "confidence": 0.32,
    "snr": 6.4,
    "peak_dn": 175.0,
    "background_dn": 65.9,
    "sigma_dn": 17.05,
    "pixels": 2,
    "length_m_approx": 14.1,
    "pixel": [
     19842.5,
     18076.0
    ],
    "scene": "S1A_IW_GRDH_1SDV_20240504T225814_20240504T225843_053728_068708_452D_COG.SAFE",
    "t": "2024-05-04T22:58:14+00:00",
    "sensor": "sentinel1-vv-cfar",
    "uncertainty_m": 7.6
   }
  },
  {
   "type": "Feature",
   "geometry": {
    "type": "Point",
    "coordinates": [
     -73.81616721572998,
     36.67737442044092
    ]
   },
   "properties": {
    "confidence": 0.327,
    "snr": 6.53,
    "peak_dn": 202.0,
    "background_dn": 76.0,
    "sigma_dn": 19.28,
    "pixels": 2,
    "length_m_approx": 14.1,
    "pixel": [
     21707.5,
     18341.0
    ],
    "scene": "S1A_IW_GRDH_1SDV_20240504T225814_20240504T225843_053728_068708_452D_COG.SAFE",
    "t": "2024-05-04T22:58:14+00:00",
    "sensor": "sentinel1-vv-cfar",
    "uncertainty_m": 7.6
   }
  },
  {
   "type": "Feature",
   "geometry": {
    "type": "Point",
    "coordinates": [
     -73.5251261117002,
     36.65759151859646
    ]
   },
   "properties": {
    "confidence": 0.352,
    "snr": 7.04,
    "peak_dn": 208.0,
    "background_dn": 75.1,
    "sigma_dn": 18.88,
    "pixels": 2,
    "length_m_approx": 14.1,
    "pixel": [
     24237.5,
     17710.0
    ],
    "scene": "S1A_IW_GRDH_1SDV_20240504T225814_20240504T225843_053728_068708_452D_COG.SAFE",
    "t": "2024-05-04T22:58:14+00:00",
    "sensor": "sentinel1-vv-cfar",
    "uncertainty_m": 7.6
   }
  },
  {
   "type": "Feature",
   "geometry": {
    "type": "Point",
    "coordinates": [
     -73.610099034849,
     36.531054328343586
    ]
   },
   "properties": {
    "confidence": 0.346,
    "snr": 6.92,
    "peak_dn": 231.0,
    "background_dn": 83.4,
    "sigma_dn": 21.33,
    "pixels": 2,
    "length_m_approx": 14.1,
    "pixel": [
     23257.0,
     16462.5
    ],
    "scene": "S1A_IW_GRDH_1SDV_20240504T225814_20240504T225843_053728_068708_452D_COG.SAFE",
    "t": "2024-05-04T22:58:14+00:00",
    "sensor": "sentinel1-vv-cfar",
    "uncertainty_m": 7.6
   }
  },
  {
   "type": "Feature",
   "geometry": {
    "type": "Point",
    "coordinates": [
     -73.63921479267,
     36.55489573467276
    ]
   },
   "properties": {
    "confidence": 0.342,
    "snr": 6.84,
    "peak_dn": 232.0,
    "background_dn": 84.6,
    "sigma_dn": 21.57,
    "pixels": 2,
    "length_m_approx": 14.1,
    "pixel": [
     23043.5,
     16762.0
    ],
    "scene": "S1A_IW_GRDH_1SDV_20240504T225814_20240504T225843_053728_068708_452D_COG.SAFE",
    "t": "2024-05-04T22:58:14+00:00",
    "sensor": "sentinel1-vv-cfar",
    "uncertainty_m": 7.6
   }
  },
  {
   "type": "Feature",
   "geometry": {
    "type": "Point",
    "coordinates": [
     -73.49734673956625,
     36.539100258144316
    ]
   },
   "properties": {
    "confidence": 0.332,
    "snr": 6.65,
    "peak_dn": 221.0,
    "background_dn": 81.1,
    "sigma_dn": 21.05,
    "pixels": 3,
    "length_m_approx": 17.3,
    "pixel": [
     24267.7,
     16388.3
    ],
    "scene": "S1A_IW_GRDH_1SDV_20240504T225814_20240504T225843_053728_068708_452D_COG.SAFE",
    "t": "2024-05-04T22:58:14+00:00",
    "sensor": "sentinel1-vv-cfar",
    "uncertainty_m": 9.1
   }
  },
  {
   "type": "Feature",
   "geometry": {
    "type": "Point",
    "coordinates": [
     -73.62802830356858,
     36.671340518616006
    ]
   },
   "properties": {
    "confidence": 0.323,
    "snr": 6.47,
    "peak_dn": 213.0,
    "background_dn": 81.1,
    "sigma_dn": 20.4,
    "pixels": 2,
    "length_m_approx": 14.1,
    "pixel": [
     23355.0,
     18005.5
    ],
    "scene": "S1A_IW_GRDH_1SDV_20240504T225814_20240504T225843_053728_068708_452D_COG.SAFE",
    "t": "2024-05-04T22:58:14+00:00",
    "sensor": "sentinel1-vv-cfar",
    "uncertainty_m": 7.6
   }
  },
  {
   "type": "Feature",
   "geometry": {
    "type": "Point",
    "coordinates": [
     -73.43009229237131,
     36.65103538904186
    ]
   },
   "properties": {
    "confidence": 0.31,
    "snr": 6.2,
    "peak_dn": 208.0,
    "background_dn": 78.7,
    "sigma_dn": 20.87,
    "pixels": 2,
    "length_m_approx": 14.1,
    "pixel": [
     25064.0,
     17504.5
    ],
    "scene": "S1A_IW_GRDH_1SDV_20240504T225814_20240504T225843_053728_068708_452D_COG.SAFE",
    "t": "2024-05-04T22:58:14+00:00",
    "sensor": "sentinel1-vv-cfar",
    "uncertainty_m": 7.6
   }
  },
  {
   "type": "Feature",
   "geometry": {
    "type": "Point",
    "coordinates": [
     -75.51275472532876,
     36.49966729782139
    ]
   },
   "properties": {
    "confidence": 0.95,
    "snr": 156.74,
    "peak_dn": 3617.0,
    "background_dn": 92.2,
    "sigma_dn": 22.49,
    "pixels": 122,
    "length_m_approx": 110.5,
    "pixel": [
     6414.3,
     19004.9
    ],
    "scene": "S1A_IW_GRDH_1SDV_20240504T225814_20240504T225843_053728_068708_452D_COG.SAFE",
    "t": "2024-05-04T22:58:14+00:00",
    "sensor": "sentinel1-vv-cfar",
    "uncertainty_m": 55.3
   }
  },
  {
   "type": "Feature",
   "geometry": {
    "type": "Point",
    "coordinates": [
     -75.46388520148493,
     36.5141250601327
    ]
   },
   "properties": {
    "confidence": 0.312,
    "snr": 6.24,
    "peak_dn": 212.0,
    "background_dn": 84.3,
    "sigma_dn": 20.46,
    "pixels": 2,
    "length_m_approx": 14.1,
    "pixel": [
     6874.0,
     19082.5
    ],
    "scene": "S1A_IW_GRDH_1SDV_20240504T225814_20240504T225843_053728_068708_452D_COG.SAFE",
    "t": "2024-05-04T22:58:14+00:00",
    "sensor": "sentinel1-vv-cfar",
    "uncertainty_m": 7.6
   }
  },
  {
   "type": "Feature",
   "geometry": {
    "type": "Point",
    "coordinates": [
     -75.25097819327073,
     36.55879052522316
    ]
   },
   "properties": {
    "confidence": 0.95,
    "snr": 178.46,
    "peak_dn": 6200.0,
    "background_dn": 83.8,
    "sigma_dn": 34.27,
    "pixels": 260,
    "length_m_approx": 161.2,
    "pixel": [
     8838.9,
     19225.8
    ],
    "scene": "S1A_IW_GRDH_1SDV_20240504T225814_20240504T225843_053728_068708_452D_COG.SAFE",
    "t": "2024-05-04T22:58:14+00:00",
    "sensor": "sentinel1-vv-cfar",
    "uncertainty_m": 80.7
   }
  },
  {
   "type": "Feature",
   "geometry": {
    "type": "Point",
    "coordinates": [
     -75.30594175316318,
     36.49105204735886
    ]
   },
   "properties": {
    "confidence": 0.95,
    "snr": 67.9,
    "peak_dn": 1898.0,
    "background_dn": 88.4,
    "sigma_dn": 26.65,
    "pixels": 170,
    "length_m_approx": 130.4,
    "pixel": [
     8218.6,
     18584.7
    ],
    "scene": "S1A_IW_GRDH_1SDV_20240504T225814_20240504T225843_053728_068708_452D_COG.SAFE",
    "t": "2024-05-04T22:58:14+00:00",
    "sensor": "sentinel1-vv-cfar",
    "uncertainty_m": 65.3
   }
  },
  {
   "type": "Feature",
   "geometry": {
    "type": "Point",
    "coordinates": [
     -75.25168088734789,
     36.559914616242686
    ]
   },
   "properties": {
    "confidence": 0.388,
    "snr": 7.76,
    "peak_dn": 481.0,
    "background_dn": 86.5,
    "sigma_dn": 50.86,
    "pixels": 3,
    "length_m_approx": 17.3,
    "pixel": [
     8835.0,
     19239.0
    ],
    "scene": "S1A_IW_GRDH_1SDV_20240504T225814_20240504T225843_053728_068708_452D_COG.SAFE",
    "t": "2024-05-04T22:58:14+00:00",
    "sensor": "sentinel1-vv-cfar",
    "uncertainty_m": 9.1
   }
  },
  {
   "type": "Feature",
   "geometry": {
    "type": "Point",
    "coordinates": [
     -75.03611710983648,
     36.59480990478595
    ]
   },
   "properties": {
    "confidence": 0.319,
    "snr": 6.39,
    "peak_dn": 163.0,
    "background_dn": 62.9,
    "sigma_dn": 15.67,
    "pixels": 2,
    "length_m_approx": 14.1,
    "pixel": [
     10802.5,
     19278.0
    ],
    "scene": "S1A_IW_GRDH_1SDV_20240504T225814_20240504T225843_053728_068708_452D_COG.SAFE",
    "t": "2024-05-04T22:58:14+00:00",
    "sensor": "sentinel1-vv-cfar",
    "uncertainty_m": 7.6
   }
  },
  {
   "type": "Feature",
   "geometry": {
    "type": "Point",
    "coordinates": [
     -74.80689747056955,
     36.556196844004944
    ]
   },
   "properties": {
    "confidence": 0.335,
    "snr": 6.69,
    "peak_dn": 142.0,
    "background_dn": 51.4,
    "sigma_dn": 13.54,
    "pixels": 2,
    "length_m_approx": 14.1,
    "pixel": [
     12745.5,
     18509.0
    ],
    "scene": "S1A_IW_GRDH_1SDV_20240504T225814_20240504T225843_053728_068708_452D_COG.SAFE",
    "t": "2024-05-04T22:58:14+00:00",
    "sensor": "sentinel1-vv-cfar",
    "uncertainty_m": 7.6
   }
  },
  {
   "type": "Feature",
   "geometry": {
    "type": "Point",
    "coordinates": [
     -74.39513208427923,
     36.62608365375101
    ]
   },
   "properties": {
    "confidence": 0.334,
    "snr": 6.68,
    "peak_dn": 106.0,
    "background_dn": 41.2,
    "sigma_dn": 9.7,
    "pixels": 2,
    "length_m_approx": 14.1,
    "pixel": [
     16509.0,
     18638.5
    ],
    "scene": "S1A_IW_GRDH_1SDV_20240504T225814_20240504T225843_053728_068708_452D_COG.SAFE",
    "t": "2024-05-04T22:58:14+00:00",
    "sensor": "sentinel1-vv-cfar",
    "uncertainty_m": 7.6
   }
  },
  {
   "type": "Feature",
   "geometry": {
    "type": "Point",
    "coordinates": [
     -74.3433991740101,
     36.64139744638014
    ]
   },
   "properties": {
    "confidence": 0.319,
    "snr": 6.38,
    "peak_dn": 112.0,
    "background_dn": 44.2,
    "sigma_dn": 10.63,
    "pixels": 2,
    "length_m_approx": 14.1,
    "pixel": [
     16994.0,
     18726.5
    ],
    "scene": "S1A_IW_GRDH_1SDV_20240504T225814_20240504T225843_053728_068708_452D_COG.SAFE",
    "t": "2024-05-04T22:58:14+00:00",
    "sensor": "sentinel1-vv-cfar",
    "uncertainty_m": 7.6
   }
  },
  {
   "type": "Feature",
   "geometry": {
    "type": "Point",
    "coordinates": [
     -73.74670009835565,
     36.771110329791654
    ]
   },
   "properties": {
    "confidence": 0.346,
    "snr": 6.92,
    "peak_dn": 193.0,
    "background_dn": 70.4,
    "sigma_dn": 17.73,
    "pixels": 2,
    "length_m_approx": 14.1,
    "pixel": [
     22492.0,
     19254.5
    ],
    "scene": "S1A_IW_GRDH_1SDV_20240504T225814_20240504T225843_053728_068708_452D_COG.SAFE",
    "t": "2024-05-04T22:58:14+00:00",
    "sensor": "sentinel1-vv-cfar",
    "uncertainty_m": 7.6
   }
  },
  {
   "type": "Feature",
   "geometry": {
    "type": "Point",
    "coordinates": [
     -73.76498836649388,
     36.77520322199957
    ]
   },
   "properties": {
    "confidence": 0.325,
    "snr": 6.5,
    "peak_dn": 194.0,
    "background_dn": 72.2,
    "sigma_dn": 18.74,
    "pixels": 2,
    "length_m_approx": 14.1,
    "pixel": [
     22338.5,
     19325.0
    ],
    "scene": "S1A_IW_GRDH_1SDV_20240504T225814_20240504T225843_053728_068708_452D_COG.SAFE",
    "t": "2024-05-04T22:58:14+00:00",
    "sensor": "sentinel1-vv-cfar",
    "uncertainty_m": 7.6
   }
  }
 ]
}