{
 "type": "FeatureCollection",
 "properties": {
  "scene": "S1A_IW_GRDH_1SDV_20241230T225903_20241230T225928_057228_070A00_44C7_COG.SAFE",
  "acquired": "2024-12-30T22:59:03+00:00",
  "geolocation_rms_m": 4.2,
  "geolocation_holdout_m": 15.1,
  "geolocation_median_m": 10.7,
  "geolocation_p90_m": 19.8,
  "geolocation_worst_m": 65.2,
  "geolocation_uneven": true,
  "geolocation_convergence": 2.53,
  "geolocation_method": "geolocation grid (bilinear)",
  "geolocation_validation": "holdout at 2x spacing",
  "tiles": 117,
  "tiles_skipped": 0,
  "k_sigma": 6.0,
  "land_masked": true,
  "water_fraction": 0.4,
  "land_sea_contrast": 3.8,
  "coast_blind_m": 605.0,
  "searched_km2": 16809.3,
  "refused_km2": 0.0,
  "tiles_without_water": 33,
  "outside_aoi": 70,
  "aoi_sea": [
   -77.2,
   36.0,
   -71.0,
   39.6
  ],
  "footprint": [
   [
    -76.58963,
    37.93201
   ],
   [
    -76.35128,
    37.9679
   ],
   [
    -76.11236,
    38.00339
   ],
   [
    -75.87312,
    38.03842
   ],
   [
    -75.63351,
    38.07294
   ],
   [
    -75.39383,
    38.10698
   ],
   [
    -75.15402,
    38.14054
   ],
   [
    -74.91387,
    38.17358
   ],
   [
    -74.67351,
    38.20615
   ],
   [
    -74.43296,
    38.23825
   ],
   [
    -74.19217,
    38.26982
   ],
   [
    -73.95119,
    38.30091
   ],
   [
    -73.71001,
    38.33153
   ],
   [
    -73.73587,
    38.45665
   ],
   [
    -73.76172,
    38.58176
   ],
   [
    -73.78759,
    38.70688
   ],
   [
    -73.81352,
    38.83198
   ],
   [
    -73.83945,
    38.95708
   ],
   [
    -73.8654,
    39.08219
   ],
   [
    -73.89139,
    39.20728
   ],
   [
    -73.9174,
    39.33237
   ],
   [
    -73.9434,
    39.45746
   ],
   [
    -73.96939,
    39.58255
   ],
   [
    -73.99525,
    39.70766
   ],
   [
    -74.02111,
    39.83277
   ],
   [
    -74.26726,
    39.80244
   ],
   [
    -74.51341,
    39.77159
   ],
   [
    -74.75954,
    39.74021
   ],
   [
    -75.00512,
    39.70831
   ],
   [
    -75.25081,
    39.67587
   ],
   [
    -75.49634,
    39.64293
   ],
   [
    -75.74125,
    39.60948
   ],
   [
    -75.98587,
    39.57554
   ],
   [
    -76.22977,
    39.54117
   ],
   [
    -76.47362,
    39.50623
   ],
   [
    -76.7167,
    39.47087
   ],
   [
    -76.96014,
    39.43494
   ],
   [
    -76.92948,
    39.30965
   ],
   [
    -76.89872,
    39.18438
   ],
   [
    -76.86826,
    39.05906
   ],
   [
    -76.83743,
    38.9338
   ],
   [
    -76.80631,
    38.80859
   ],
   [
    -76.77489,
    38.68343
   ],
   [
    -76.744,
    38.55819
   ],
   [
    -76.71323,
    38.43293
   ],
   [
    -76.68237,
    38.30769
   ],
   [
    -76.65161,
    38.18244
   ],
   [
    -76.62071,
    38.05721
   ]
  ],
  "searched_grid": {
   "cell_deg": 0.01,
   "lon0": -76.78,
   "lat0": 37.93,
   "levels": 10,
   "rows": {
    "3": [
     [
      38,
      1,
      7
     ],
     [
      39,
      6,
      10
     ]
    ],
    "4": [
     [
      36,
      1,
      4
     ],
     [
      37,
      14,
      10
     ]
    ],
    "5": [
     [
      35,
      1,
      2
     ],
     [
      36,
      22,
      10
     ]
    ],
    "6": [
     [
      32,
      1,
      2
     ],
     [
      33,
      1,
      9
     ],
     [
      34,
      1,
      7
     ],
     [
      35,
      1,
      9
     ],
     [
      36,
      29,
      10
     ]
    ],
    "7": [
     [
      32,
      1,
      4
     ],
     [
      33,
      39,
      10
     ]
    ],
    "8": [
     [
      31,
      1,
      5
     ],
     [
      32,
      40,
      10
     ],
     [
      72,
      1,
      4
     ]
    ],
    "9": [
     [
      28,
      1,
      4
     ],
     [
      30,
      1,
      1
     ],
     [
      31,
      14,
      10
     ],
     [
      45,
      1,
      8
     ],
     [
      46,
      1,
      9
     ],
     [
      47,
      25,
      10
     ],
     [
      72,
      1,
      4
     ],
     [
      78,
      1,
      1
     ],
     [
      80,
      5,
      10
     ]
    ],
    "10": [
     [
      25,
      2,
      5
     ],
     [
      27,
      1,
      9
     ],
     [
      28,
      1,
      10
     ],
     [
      29,
      2,
      7
     ],
     [
      31,
      12,
      10
     ],
     [
      43,
      2,
      3
     ],
     [
      46,
      1,
      1
     ],
     [
      47,
      1,
      8
     ],
     [
      48,
      24,
      10
     ],
     [
      72,
      1,
      8
     ],
     [
      73,
      1,
      4
     ],
     [
      77,
      1,
      1
     ],
     [
      78,
      14,
      10
     ]
    ],
    "11": [
     [
      27,
      1,
      2
     ],
     [
      30,
      1,
      2
     ],
     [
      31,
      1,
      5
     ],
     [
      32,
      1,
      9
     ],
     [
      33,
      8,
      10
     ],
     [
      41,
      1,
      9
     ],
     [
      42,
      1,
      2
     ],
     [
      47,
      1,
      8
     ],
     [
      48,
      27,
      10
     ],
     [
      75,
      1,
      6
     ],
     [
      76,
      1,
      4
     ],
     [
      77,
      1,
      6
     ],
     [
      78,
      18,
      10
     ]
    ],
    "12": [
     [
      32,
      1,
      4
     ],
     [
      33,
      8,
      10
     ],
     [
      47,
      43,
      10
     ],
     [
      90,
      1,
      2
     ],
     [
      91,
      1,
      3
     ],
     [
      92,
      1,
      5
     ],
     [
      93,
      3,
      10
     ]
    ],
    "13": [
     [
      25,
      1,
      2
     ],
     [
      26,
      1,
      3
     ],
     [
      32,
      1,
      9
     ],
     [
      33,
      7,
      10
     ],
     [
      40,
      1,
      3
     ],
     [
      46,
      1,
      3
     ],
     [
      47,
      28,
      10
     ],
     [
      75,
      1,
      9
     ],
     [
      76,
      1,
      2
     ],
     [
      77,
      1,
      6
     ],
     [
      78,
      11,
      10
     ],
     [
      89,
      1,
      8
     ],
     [
      93,
      1,
      2
     ]
    ],
    "14": [
     [
      25,
      1,
      7
     ],
     [
      26,
      1,
      1
     ],
     [
      29,
      1,
      1
     ],
     [
      31,
      1,
      5
     ],
     [
      32,
      7,
      10
     ],
     [
      39,
      1,
      9
     ],
     [
      40,
      1,
      2
     ],
     [
      45,
      1,
      3
     ],
     [
      46,
      1,
      8
     ],
     [
      47,
      25,
      10
     ],
     [
      72,
      1,
      9
     ],
     [
      73,
      1,
      3
     ],
     [
      77,
      1,
      1
     ],
     [
      78,
      11,
      10
     ],
     [
      89,
      1,
      5
     ]
    ],
    "15": [
     [
      23,
      1,
      1
     ],
     [
      24,
      2,
      6
     ],
     [
      26,
      1,
      4
     ],
     [
      29,
      1,
      4
     ],
     [
      30,
      8,
      10
     ],
     [
      38,
      1,
      7
     ],
     [
      39,
      1,
      1
     ],
     [
      45,
      1,
      1
     ],
     [
      46,
      25,
      10
     ],
     [
      71,
      1,
      9
     ],
     [
      78,
      1,
      9
     ],
     [
      79,
      10,
      10
     ],
     [
      89,
      1,
      7
     ]
    ],
    "16": [
     [
      21,
      1,
      3
     ],
     [
      22,
      1,
      6
     ],
     [
      23,
      1,
      10
     ],
     [
      24,
      1,
      4
     ],
     [
      29,
      1,
      6
     ],
     [
      30,
      1,
      3
     ],
     [
      31,
      1,
      7
     ],
     [
      32,
      3,
      10
     ],
     [
      35,
      1,
      8
     ],
     [
      36,
      2,
      7
     ],
     [
      38,
      1,
      2
     ],
     [
      45,
      1,
      3
     ],
     [
      46,
      25,
      10
     ],
     [
      71,
      1,
      7
     ],
     [
      78,
      12,
      10
     ],
     [
      90,
      1,
      1
     ]
    ],
    "17": [
     [
      19,
      1,
      1
     ],
     [
      20,
      1,
      8
     ],
     [
      21,
      2,
      9
     ],
     [
      23,
      2,
      10
     ],
     [
      25,
      1,
      6
     ],
     [
      29,
      1,
      3
     ],
     [
      32,
      1,
      6
     ],
     [
      33,
      1,
      10
     ],
     [
      34,
      1,
      9
     ],
     [
      45,
      1,
      7
     ],
     [
      46,
      26,
      10
     ],
     [
      72,
      1,
      6
     ],
     [
      77,
      1,
      8
     ],
     [
      78,
      5,
      10
     ],
     [
      83,
      1,
      4
     ],
     [
      84,
      1,
      6
     ],
     [
      85,
      5,
      10
     ],
     [
      90,
      1,
      9
     ],
     [
      91,
      1,
      2
     ]
    ],
    "18": [
     [
      18,
      1,
      3
     ],
     [
      19,
      1,
      4
     ],
     [
      20,
      1,
      3
     ],
     [
      23,
      1,
      3
     ],
     [
      24,
      2,
      8
     ],
     [
      26,
      1,
      2
     ],
     [
      32,
      1,
      8
     ],
     [
      33,
      1,
      10
     ],
     [
      34,
      1,
      4
     ],
     [
      45,
      1,
      8
     ],
     [
      46,
      26,
      10
     ],
     [
      72,
      1,
      8
     ],
     [
      76,
      1,
      2
     ],
     [
      77,
      1,
      8
     ],
     [
      78,
      4,
      10
     ],
     [
      82,
      1,
      5
     ],
     [
      85,
      1,
      7
     ],
     [
      86,
      6,
      10
     ],
     [
      92,
      1,
      5
     ],
     [
      93,
      1,
      1
     ]
    ],
    "19": [
     [
      25,
      1,
      5
     ],
     [
      26,
      1,
      10
     ],
     [
      27,
      1,
      9
     ],
     [
      31,
      1,
      1
     ],
     [
      32,
      1,
      6
     ],
     [
      33,
      1,
      8
     ],
     [
      34,
      1,
      1
     ],
     [
      45,
      1,
      1
     ],
     [
      46,
      1,
      9
     ],
     [
      47,
      26,
      10
     ],
     [
      73,
      1,
      3
     ],
     [
      77,
      1,
      4
     ],
     [
      78,
      3,
      10
     ],
     [
      81,
      1,
      7
     ],
     [
      86,
      1,
      6
     ],
     [
      87,
      2,
      10
     ],
     [
      89,
      2,
      8
     ],
     [
      91,
      1,
      7
     ],
     [
      92,
      1,
      10
     ],
     [
      93,
      1,
      4
     ],
     [
      149,
      1,
      5
     ],
     [
      150,
      5,
      10
     ]
    ],
    "20": [
     [
      17,
      1,
      1
     ],
     [
      26,
      1,
      2
     ],
     [
      32,
      1,
      2
     ],
     [
      33,
      1,
      4
     ],
     [
      47,
      21,
      10
     ],
     [
      68,
      1,
      4
     ],
     [
      69,
      1,
      1
     ],
     [
      70,
      1,
      7
     ],
     [
      71,
      4,
      10
     ],
     [
      75,
      1,
      4
     ],
     [
      76,
      1,
      1
     ],
     [
      77,
      1,
      8
     ],
     [
      78,
      3,
      10
     ],
     [
      81,
      1,
      4
     ],
     [
      88,
      1,
      6
     ],
     [
      89,
      1,
      2
     ],
     [
      92,
      2,
      6
     ],
     [
      94,
      1,
      1
     ],
     [
      149,
      1,
      1
     ],
     [
      150,
      8,
      10
     ],
     [
      158,
      1,
      3
     ],
     [
      161,
      1,
      5
     ],
     [
      162,
      1,
      10
     ]
    ],
    "21": [
     [
      17,
      1,
      3
     ],
     [
      18,
      1,
      4
     ],
     [
      32,
      1,
      4
     ],
     [
      33,
      1,
      3
     ],
     [
      46,
      1,
      4
     ],
     [
      47,
      21,
      10
     ],
     [
      68,
      1,
      1
     ],
     [
      70,
      1,
      1
     ],
     [
      71,
      1,
      4
     ],
     [
      74,
      1,
      1
     ],
     [
      75,
      1,
      4
     ],
     [
      76,
      5,
      10
     ],
     [
      81,
      1,
      4
     ],
     [
      88,
      1,
      1
     ],
     [
      150,
      1,
      6
     ],
     [
      151,
      7,
      10
     ],
     [
      158,
      1,
      2
     ],
     [
      161,
      1,
      6
     ],
     [
      162,
      8,
      10
     ]
    ],
    "22": [
     [
      17,
      1,
      1
     ],
     [
      18,
      1,
      4
     ],
     [
      45,
      1,
      2
     ],
     [
      46,
      22,
      10
     ],
     [
      68,
      1,
      4
     ],
     [
      75,
      1,
      3
     ],
     [
      76,
      5,
      10
     ],
     [
      81,
      1,
      5
     ],
     [
      151,
      1,
      1
     ],
     [
      152,
      6,
      10
     ],
     [
      158,
      1,
      3
     ],
     [
      161,
      1,
      1
     ],
     [
      162,
      15,
      10
     ]
    ],
    "23": [
     [
      21,
      1,
      2
     ],
     [
      22,
      1,
      3
     ],
     [
      45,
      1,
      9
     ],
     [
      46,
      22,
      10
     ],
     [
      68,
      1,
      5
     ],
     [
      76,
      1,
      8
     ],
     [
      77,
      4,
      10
     ],
     [
      81,
      1,
      9
     ],
     [
      152,
      6,
      10
     ],
     [
      158,
      1,
      4
     ],
     [
      162,
      1,
      6
     ],
     [
      163,
      21,
      10
     ]
    ],
    "24": [
     [
      13,
      1,
      1
     ],
     [
      21,
      1,
      5
     ],
     [
      22,
      1,
      1
     ],
     [
      43,
      1,
      1
     ],
     [
      44,
      1,
      8
     ],
     [
      45,
      23,
      10
     ],
     [
      68,
      1,
      6
     ],
     [
      76,
      1,
      7
     ],
     [
      77,
      5,
      10
     ],
     [
      152,
      1,
      4
     ],
     [
      153,
      5,
      10
     ],
     [
      158,
      1,
      4
     ],
     [
      162,
      1,
      2
     ],
     [
      163,
      29,
      10
     ]
    ],
    "25": [
     [
      13,
      1,
      7
     ],
     [
      43,
      1,
      8
     ],
     [
      44,
      24,
      10
     ],
     [
      68,
      1,
      7
     ],
     [
      75,
      1,
      1
     ],
     [
      76,
      1,
      9
     ],
     [
      77,
      5,
      10
     ],
     [
      82,
      1,
      2
     ],
     [
      152,
      1,
      1
     ],
     [
      153,
      6,
      10
     ],
     [
      159,
      1,
      5
     ],
     [
      163,
      1,
      9
     ],
     [
      164,
      35,
      10
     ]
    ],
    "26": [
     [
      13,
      1,
      10
     ],
     [
      14,
      1,
      7
     ],
     [
      42,
      1,
      4
     ],
     [
      43,
      25,
      10
     ],
     [
      68,
      1,
      8
     ],
     [
      69,
      1,
      2
     ],
     [
      70,
      1,
      1
     ],
     [
      74,
      1,
      1
     ],
     [
      75,
      7,
      10
     ],
     [
      82,
      1,
      9
     ],
     [
      83,
      1,
      7
     ],
     [
      84,
      1,
      6
     ],
     [
      85,
      1,
      2
     ],
     [
      152,
      1,
      2
     ],
     [
      153,
      6,
      10
     ],
     [
      159,
      1,
      6
     ],
     [
      160,
      1,
      3
     ],
     [
      163,
      1,
      4
     ],
     [
      164,
      42,
      10
     ]
    ],
    "27": [
     [
      12,
      1,
      2
     ],
     [
      13,
      1,
      10
     ],
     [
      14,
      1,
      5
     ],
     [
      41,
      1,
      2
     ],
     [
      42,
      28,
      10
     ],
     [
      70,
      1,
      3
     ],
     [
      71,
      1,
      1
     ],
     [
      73,
      1,
      1
     ],
     [
      74,
      1,
      8
     ],
     [
      75,
      11,
      10
     ],
     [
      86,
      1,
      8
     ],
     [
      87,
      1,
      4
     ],
     [
      88,
      2,
      3
     ],
     [
      90,
      1,
      5
     ],
     [
      91,
      1,
      2
     ],
     [
      153,
      1,
      1
     ],
     [
      154,
      3,
      10
     ],
     [
      157,
      1,
      6
     ],
     [
      158,
      1,
      2
     ],
     [
      159,
      1,
      1
     ],
     [
      163,
      1,
      1
     ],
     [
      164,
      50,
      10
     ]
    ],
    "28": [
     [
      12,
      1,
      2
     ],
     [
      13,
      1,
      6
     ],
     [
      14,
      1,
      1
     ],
     [
      40,
      1,
      2
     ],
     [
      41,
      1,
      9
     ],
     [
      42,
      29,
      10
     ],
     [
      71,
      1,
      9
     ],
     [
      72,
      1,
      8
     ],
     [
      73,
      1,
      4
     ],
     [
      74,
      1,
      3
     ],
     [
      75,
      1,
      8
     ],
     [
      76,
      16,
      10
     ],
     [
      92,
      1,
      3
     ],
     [
      93,
      1,
      1
     ],
     [
      154,
      1,
      6
     ],
     [
      155,
      2,
      10
     ],
     [
      157,
      1,
      2
     ],
     [
      159,
      1,
      3
     ],
     [
      160,
      1,
      8
     ],
     [
      161,
      1,
      1
     ],
     [
      164,
      1,
      6
     ],
     [
      165,
      56,
      10
     ]
    ],
    "29": [
     [
      39,
      1,
      1
     ],
     [
      40,
      1,
      8
     ],
     [
      41,
      21,
      10
     ],
     [
      62,
      1,
      7
     ],
     [
      63,
      1,
      4
     ],
     [
      64,
      1,
      5
     ],
     [
      65,
      1,
      8
     ],
     [
      66,
      4,
      10
     ],
     [
      70,
      1,
      9
     ],
     [
      71,
      1,
      2
     ],
     [
      75,
      1,
      8
     ],
     [
      76,
      4,
      10
     ],
     [
      80,
      1,
      8
     ],
     [
      81,
      6,
      10
     ],
     [
      87,
      1,
      3
     ],
     [
      88,
      1,
      1
     ],
     [
      89,
      1,
      3
     ],
     [
      90,
      1,
      8
     ],
     [
      91,
      1,
      2
     ],
     [
      154,
      1,
      2
     ],
     [
      155,
      1,
      7
     ],
     [
      156,
      1,
      10
     ],
     [
      160,
      1,
      5
     ],
     [
      161,
      1,
      8
     ],
     [
      162,
      1,
      1
     ],
     [
      164,
      1,
      1
     ],
     [
      165,
      64,
      10
     ]
    ],
    "30": [
     [
      39,
      1,
      3
     ],
     [
      40,
      20,
      10
     ],
     [
      60,
      1,
      8
     ],
     [
      61,
      1,
      6
     ],
     [
      66,
      1,
      8
     ],
     [
      67,
      3,
      10
     ],
     [
      70,
      1,
      2
     ],
     [
      75,
      5,
      10
     ],
     [
      80,
      1,
      1
     ],
     [
      83,
      1,
      2
     ],
     [
      84,
      1,
      8
     ],
     [
      85,
      1,
      10
     ],
     [
      86,
      1,
      8
     ],
     [
      90,
      1,
      5
     ],
     [
      156,
      1,
      4
     ],
     [
      165,
      1,
      6
     ],
     [
      166,
      70,
      10
     ]
    ],
    "31": [
     [
      39,
      1,
      6
     ],
     [
      40,
      19,
      10
     ],
     [
      59,
      1,
      7
     ],
     [
      65,
      1,
      1
     ],
     [
      66,
      1,
      8
     ],
     [
      67,
      1,
      7
     ],
     [
      68,
      1,
      6
     ],
     [
      69,
      1,
      4
     ],
     [
      74,
      1,
      3
     ],
     [
      75,
      5,
      10
     ],
     [
      80,
      1,
      5
     ],
     [
      84,
      1,
      2
     ],
     [
      85,
      1,
      10
     ],
     [
      86,
      1,
      3
     ],
     [
      165,
      1,
      4
     ],
     [
      166,
      78,
      10
     ]
    ],
    "32": [
     [
      38,
      1,
      1
     ],
     [
      39,
      19,
      10
     ],
     [
      58,
      1,
      9
     ],
     [
      59,
      1,
      1
     ],
     [
      62,
      1,
      4
     ],
     [
      63,
      1,
      3
     ],
     [
      64,
      1,
      7
     ],
     [
      65,
      1,
      9
     ],
     [
      66,
      1,
      8
     ],
     [
      75,
      1,
      8
     ],
     [
      76,
      3,
      10
     ],
     [
      79,
      1,
      5
     ],
     [
      83,
      1,
      3
     ],
     [
      84,
      2,
      8
     ],
     [
      166,
      1,
      7
     ],
     [
      167,
      84,
      10
     ]
    ],
    "33": [
     [
      39,
      1,
      4
     ],
     [
      40,
      18,
      10
     ],
     [
      58,
      1,
      6
     ],
     [
      61,
      2,
      6
     ],
     [
      63,
      1,
      5
     ],
     [
      64,
      2,
      10
     ],
     [
      66,
      1,
      9
     ],
     [
      67,
      1,
      3
     ],
     [
      68,
      1,
      2
     ],
     [
      75,
      1,
      3
     ],
     [
      76,
      2,
      10
     ],
     [
      78,
      1,
      7
     ],
     [
      83,
      1,
      1
     ],
     [
      84,
      2,
      4
     ],
     [
      166,
      1,
      5
     ],
     [
      167,
      92,
      10
     ]
    ],
    "34": [
     [
      41,
      1,
      5
     ],
     [
      42,
      15,
      10
     ],
     [
      57,
      1,
      9
     ],
     [
      61,
      1,
      8
     ],
     [
      62,
      1,
      2
     ],
     [
      64,
      1,
      1
     ],
     [
      65,
      1,
      3
     ],
     [
      66,
      1,
      8
     ],
     [
      67,
      1,
      5
     ],
     [
      68,
      1,
      1
     ],
     [
      75,
      1,
      1
     ],
     [
      76,
      1,
      9
     ],
     [
      77,
      1,
      10
     ],
     [
      78,
      1,
      3
     ],
     [
      85,
      1,
      10
     ],
     [
      86,
      1,
      2
     ],
     [
      166,
      1,
      1
     ],
     [
      167,
      100,
      10
     ]
    ],
    "35": [
     [
      41,
      1,
      5
     ],
     [
      42,
      15,
      10
     ],
     [
      61,
      2,
      1
     ],
     [
      76,
      1,
      10
     ],
     [
      77,
      1,
      3
     ],
     [
      85,
      1,
      7
     ],
     [
      86,
      1,
      4
     ],
     [
      167,
      1,
      7
     ],
     [
      168,
      107,
      10
     ]
    ],
    "36": [
     [
      42,
      1,
      1
     ],
     [
      43,
      1,
      8
     ],
     [
      44,
      1,
      7
     ],
     [
      45,
      1,
      9
     ],
     [
      46,
      9,
      10
     ],
     [
      55,
      1,
      8
     ],
     [
      56,
      1,
      1
     ],
     [
      62,
      1,
      6
     ],
     [
      75,
      1,
      7
     ],
     [
      76,
      1,
      6
     ],
     [
      84,
      1,
      1
     ],
     [
      85,
      1,
      10
     ],
     [
      86,
      1,
      4
     ],
     [
      167,
      1,
      1
     ],
     [
      168,
      1,
      9
     ],
     [
      169,
      114,
      10
     ]
    ],
    "37": [
     [
      41,
      1,
      5
     ],
     [
      42,
      1,
      2
     ],
     [
      45,
      1,
      7
     ],
     [
      46,
      6,
      10
     ],
     [
      52,
      1,
      5
     ],
     [
      53,
      1,
      8
     ],
     [
      54,
      1,
      6
     ],
     [
      58,
      2,
      9
     ],
     [
      60,
      1,
      7
     ],
     [
      61,
      1,
      4
     ],
     [
      62,
      1,
      3
     ],
     [
      63,
      1,
      1
     ],
     [
      74,
      1,
      7
     ],
     [
      75,
      1,
      5
     ],
     [
      85,
      1,
      6
     ],
     [
      86,
      1,
      9
     ],
     [
      87,
      1,
      1
     ],
     [
      168,
      1,
      6
     ],
     [
      169,
      121,
      10
     ]
    ],
    "38": [
     [
      38,
      2,
      6
     ],
     [
      40,
      1,
      9
     ],
     [
      41,
      1,
      10
     ],
     [
      42,
      1,
      6
     ],
     [
      44,
      1,
      1
     ],
     [
      45,
      1,
      9
     ],
     [
      46,
      5,
      10
     ],
     [
      51,
      1,
      5
     ],
     [
      53,
      1,
      3
     ],
     [
      57,
      1,
      4
     ],
     [
      59,
      1,
      1
     ],
     [
      60,
      1,
      2
     ],
     [
      74,
      1,
      5
     ],
     [
      75,
      1,
      6
     ],
     [
      76,
      1,
      3
     ],
     [
      77,
      1,
      1
     ],
     [
      86,
      2,
      8
     ],
     [
      169,
      1,
      5
     ],
     [
      170,
      1,
      8
     ],
     [
      171,
      127,
      10
     ]
    ],
    "39": [
     [
      37,
      1,
      2
     ],
     [
      38,
      1,
      9
     ],
     [
      39,
      3,
      10
     ],
     [
      42,
      1,
      9
     ],
     [
      43,
      1,
      8
     ],
     [
      44,
      1,
      9
     ],
     [
      45,
      6,
      10
     ],
     [
      51,
      1,
      3
     ],
     [
      53,
      1,
      4
     ],
     [
      76,
      1,
      5
     ],
     [
      77,
      1,
      9
     ],
     [
      78,
      1,
      10
     ],
     [
      79,
      1,
      8
     ],
     [
      80,
      1,
      3
     ],
     [
      87,
      1,
      7
     ],
     [
      88,
      1,
      4
     ],
     [
      170,
      1,
      3
     ],
     [
      171,
      131,
      10
     ],
     [
      302,
      1,
      7
     ]
    ],
    "40": [
     [
      38,
      1,
      3
     ],
     [
      39,
      11,
      10
     ],
     [
      50,
      1,
      7
     ],
     [
      53,
      1,
      3
     ],
     [
      57,
      2,
      1
     ],
     [
      77,
      1,
      8
     ],
     [
      78,
      2,
      10
     ],
     [
      80,
      1,
      9
     ],
     [
      87,
      1,
      2
     ],
     [
      88,
      1,
      9
     ],
     [
      89,
      1,
      5
     ],
     [
      171,
      131,
      10
     ],
     [
      302,
      1,
      7
     ]
    ],
    "41": [
     [
      29,
      1,
      1
     ],
     [
      39,
      1,
      6
     ],
     [
      40,
      1,
      5
     ],
     [
      41,
      1,
      8
     ],
     [
      42,
      8,
      10
     ],
     [
      50,
      1,
      6
     ],
     [
      53,
      1,
      3
     ],
     [
      56,
      1,
      1
     ],
     [
      57,
      1,
      8
     ],
     [
      58,
      1,
      9
     ],
     [
      59,
      1,
      4
     ],
     [
      77,
      1,
      2
     ],
     [
      78,
      2,
      10
     ],
     [
      80,
      1,
      6
     ],
     [
      88,
      1,
      1
     ],
     [
      89,
      1,
      3
     ],
     [
      171,
      1,
      6
     ],
     [
      172,
      130,
      10
     ],
     [
      302,
      1,
      4
     ]
    ],
    "42": [
     [
      42,
      1,
      2
     ],
     [
      43,
      1,
      8
     ],
     [
      44,
      5,
      10
     ],
     [
      49,
      1,
      6
     ],
     [
      50,
      1,
      1
     ],
     [
      51,
      1,
      3
     ],
     [
      52,
      1,
      2
     ],
     [
      56,
      1,
      6
     ],
     [
      57,
      1,
      7
     ],
     [
      58,
      1,
      2
     ],
     [
      78,
      2,
      10
     ],
     [
      80,
      1,
      3
     ],
     [
      171,
      1,
      1
     ],
     [
      172,
      130,
      10
     ],
     [
      302,
      1,
      2
     ]
    ],
    "43": [
     [
      43,
      1,
      2
     ],
     [
      44,
      5,
      10
     ],
     [
      49,
      1,
      1
     ],
     [
      78,
      1,
      2
     ],
     [
      167,
      1,
      8
     ],
     [
      168,
      1,
      5
     ],
     [
      169,
      1,
      2
     ],
     [
      172,
      1,
      9
     ],
     [
      173,
      129,
      10
     ]
    ],
    "44": [
     [
      43,
      1,
      3
     ],
     [
      44,
      5,
      10
     ],
     [
      49,
      1,
      7
     ],
     [
      166,
      1,
      5
     ],
     [
      167,
      2,
      10
     ],
     [
      169,
      1,
      7
     ],
     [
      172,
      1,
      7
     ],
     [
      173,
      128,
      10
     ],
     [
      301,
      1,
      8
     ]
    ],
    "45": [
     [
      25,
      1,
      2
     ],
     [
      41,
      1,
      5
     ],
     [
      42,
      1,
      7
     ],
     [
      43,
      1,
      8
     ],
     [
      44,
      5,
      10
     ],
     [
      49,
      1,
      1
     ],
     [
      166,
      1,
      1
     ],
     [
      168,
      1,
      3
     ],
     [
      169,
      1,
      7
     ],
     [
      172,
      1,
      3
     ],
     [
      173,
      128,
      10
     ],
     [
      301,
      1,
      6
     ]
    ],
    "46": [
     [
      23,
      1,
      1
     ],
     [
      24,
      1,
      6
     ],
     [
      25,
      1,
      8
     ],
     [
      26,
      1,
      1
     ],
     [
      38,
      1,
      1
     ],
     [
      39,
      1,
      6
     ],
     [
      40,
      1,
      8
     ],
     [
      41,
      2,
      10
     ],
     [
      43,
      1,
      9
     ],
     [
      44,
      1,
      8
     ],
     [
      45,
      3,
      10
     ],
     [
      48,
      1,
      9
     ],
     [
      168,
      1,
      1
     ],
     [
      169,
      1,
      9
     ],
     [
      172,
      1,
      1
     ],
     [
      173,
      128,
      10
     ],
     [
      301,
      1,
      3
     ]
    ],
    "47": [
     [
      24,
      1,
      1
     ],
     [
      38,
      5,
      10
     ],
     [
      43,
      1,
      4
     ],
     [
      45,
      2,
      1
     ],
     [
      48,
      1,
      9
     ],
     [
      49,
      1,
      2
     ],
     [
      168,
      1,
      1
     ],
     [
      169,
      1,
      10
     ],
     [
      173,
      1,
      8
     ],
     [
      174,
      127,
      10
     ],
     [
      301,
      1,
      1
     ]
    ],
    "48": [
     [
      19,
      1,
      1
     ],
     [
      37,
      1,
      8
     ],
     [
      38,
      5,
      10
     ],
     [
      43,
      1,
      6
     ],
     [
      44,
      2,
      2
     ],
     [
      46,
      1,
      1
     ],
     [
      47,
      1,
      4
     ],
     [
      48,
      1,
      6
     ],
     [
      67,
      1,
      3
     ],
     [
      168,
      1,
      5
     ],
     [
      169,
      1,
      9
     ],
     [
      170,
      1,
      1
     ],
     [
      173,
      1,
      5
     ],
     [
      174,
      127,
      10
     ]
    ],
    "49": [
     [
      16,
      1,
      2
     ],
     [
      17,
      2,
      6
     ],
     [
      19,
      1,
      1
     ],
     [
      37,
      10,
      10
     ],
     [
      47,
      1,
      5
     ],
     [
      67,
      1,
      4
     ],
     [
      68,
      1,
      3
     ],
     [
      167,
      1,
      3
     ],
     [
      168,
      1,
      1
     ],
     [
      169,
      2,
      2
     ],
     [
      173,
      1,
      4
     ],
     [
      174,
      126,
      10
     ],
     [
      300,
      1,
      8
     ]
    ],
    "50": [
     [
      16,
      1,
      2
     ],
     [
      35,
      1,
      3
     ],
     [
      36,
      1,
      5
     ],
     [
      37,
      1,
      2
     ],
     [
      38,
      1,
      4
     ],
     [
      39,
      1,
      9
     ],
     [
      40,
      7,
      10
     ],
     [
      65,
      1,
      1
     ],
     [
      173,
      1,
      2
     ],
     [
      174,
      126,
      10
     ],
     [
      300,
      1,
      5
     ]
    ],
    "51": [
     [
      33,
      1,
      3
     ],
     [
      34,
      1,
      7
     ],
     [
      35,
      1,
      10
     ],
     [
      36,
      1,
      9
     ],
     [
      37,
      1,
      2
     ],
     [
      38,
      1,
      1
     ],
     [
      39,
      7,
      10
     ],
     [
      46,
      1,
      1
     ],
     [
      174,
      126,
      10
     ],
     [
      300,
      1,
      4
     ]
    ],
    "52": [
     [
      33,
      1,
      9
     ],
     [
      34,
      11,
      10
     ],
     [
      45,
      1,
      1
     ],
     [
      173,
      1,
      2
     ],
     [
      174,
      126,
      10
     ]
    ],
    "53": [
     [
      32,
      1,
      6
     ],
     [
      33,
      11,
      10
     ],
     [
      44,
      1,
      1
     ],
     [
      173,
      1,
      1
     ],
     [
      174,
      126,
      10
     ]
    ],
    "54": [
     [
      31,
      1,
      1
     ],
     [
      33,
      1,
      6
     ],
     [
      34,
      9,
      10
     ],
     [
      43,
      1,
      4
     ],
     [
      171,
      1,
      3
     ],
     [
      173,
      1,
      1
     ],
     [
      174,
      125,
      10
     ],
     [
      299,
      1,
      6
     ]
    ],
    "55": [
     [
      12,
      1,
      1
     ],
     [
      32,
      1,
      8
     ],
     [
      33,
      1,
      9
     ],
     [
      34,
      9,
      10
     ],
     [
      43,
      1,
      3
     ],
     [
      173,
      1,
      3
     ],
     [
      174,
      125,
      10
     ],
     [
      299,
      1,
      5
     ]
    ],
    "56": [
     [
      28,
      1,
      2
     ],
     [
      29,
      1,
      9
     ],
     [
      30,
      1,
      5
     ],
     [
      31,
      1,
      2
     ],
     [
      32,
      12,
      10
     ],
     [
      44,
      1,
      4
     ],
     [
      173,
      1,
      2
     ],
     [
      174,
      125,
      10
     ],
     [
      299,
      1,
      3
     ]
    ],
    "57": [
     [
      28,
      1,
      5
     ],
     [
      29,
      15,
      10
     ],
     [
      44,
      1,
      8
     ],
     [
      45,
      1,
      5
     ],
     [
      46,
      1,
      1
     ],
     [
      173,
      1,
      4
     ],
     [
      174,
      125,
      10
     ]
    ],
    "58": [
     [
      27,
      1,
      1
     ],
     [
      28,
      18,
      10
     ],
     [
      46,
      1,
      8
     ],
     [
      47,
      1,
      4
     ],
     [
      49,
      1,
      1
     ],
     [
      50,
      1,
      3
     ],
     [
      173,
      1,
      4
     ],
     [
      174,
      124,
      10
     ],
     [
      298,
      1,
      9
     ]
    ],
    "59": [
     [
      27,
      1,
      6
     ],
     [
      28,
      19,
      10
     ],
     [
      47,
      1,
      9
     ],
     [
      48,
      1,
      3
     ],
     [
      49,
      2,
      1
     ],
     [
      51,
      1,
      2
     ],
     [
      52,
      1,
      3
     ],
     [
      53,
      1,
      1
     ],
     [
      173,
      1,
      4
     ],
     [
      174,
      124,
      10
     ],
     [
      298,
      1,
      7
     ]
    ],
    "60": [
     [
      27,
      22,
      10
     ],
     [
      49,
      1,
      1
     ],
     [
      52,
      1,
      1
     ],
     [
      173,
      1,
      7
     ],
     [
      174,
      124,
      10
     ],
     [
      298,
      1,
      4
     ]
    ],
    "61": [
     [
      27,
      1,
      6
     ],
     [
      28,
      21,
      10
     ],
     [
      49,
      1,
      3
     ],
     [
      173,
      1,
      4
     ],
     [
      174,
      124,
      10
     ],
     [
      298,
      1,
      3
     ]
    ],
    "62": [
     [
      27,
      1,
      6
     ],
     [
      28,
      8,
      10
     ],
     [
      36,
      1,
      8
     ],
     [
      37,
      1,
      4
     ],
     [
      38,
      1,
      9
     ],
     [
      39,
      9,
      10
     ],
     [
      48,
      1,
      9
     ],
     [
      49,
      1,
      1
     ],
     [
      173,
      1,
      7
     ],
     [
      174,
      124,
      10
     ]
    ],
    "63": [
     [
      27,
      1,
      9
     ],
     [
      28,
      5,
      10
     ],
     [
      33,
      1,
      8
     ],
     [
      35,
      1,
      1
     ],
     [
      38,
      1,
      6
     ],
     [
      39,
      8,
      10
     ],
     [
      47,
      1,
      2
     ],
     [
      48,
      1,
      1
     ],
     [
      173,
      124,
      10
     ],
     [
      297,
      1,
      9
     ]
    ],
    "64": [
     [
      27,
      1,
      7
     ],
     [
      28,
      6,
      10
     ],
     [
      34,
      1,
      5
     ],
     [
      35,
      1,
      1
     ],
     [
      38,
      8,
      10
     ],
     [
      46,
      1,
      7
     ],
     [
      47,
      1,
      1
     ],
     [
      73,
      1,
      3
     ],
     [
      74,
      1,
      1
     ],
     [
      173,
      1,
      9
     ],
     [
      174,
      123,
      10
     ],
     [
      297,
      1,
      6
     ]
    ],
    "65": [
     [
      27,
      1,
      7
     ],
     [
      28,
      7,
      10
     ],
     [
      35,
      1,
      8
     ],
     [
      36,
      1,
      7
     ],
     [
      37,
      1,
      8
     ],
     [
      38,
      9,
      10
     ],
     [
      47,
      1,
      7
     ],
     [
      48,
      1,
      1
     ],
     [
      70,
      1,
      1
     ],
     [
      71,
      1,
      4
     ],
     [
      160,
      1,
      4
     ],
     [
      161,
      1,
      1
     ],
     [
      168,
      1,
      1
     ],
     [
      173,
      124,
      10
     ],
     [
      297,
      1,
      4
     ]
    ],
    "66": [
     [
      27,
      1,
      6
     ],
     [
      28,
      11,
      10
     ],
     [
      39,
      1,
      8
     ],
     [
      40,
      1,
      4
     ],
     [
      41,
      1,
      3
     ],
     [
      42,
      1,
      7
     ],
     [
      43,
      6,
      10
     ],
     [
      49,
      1,
      7
     ],
     [
      66,
      1,
      7
     ],
     [
      67,
      1,
      5
     ],
     [
      68,
      1,
      2
     ],
     [
      69,
      1,
      4
     ],
     [
      70,
      2,
      9
     ],
     [
      79,
      1,
      2
     ],
     [
      161,
      1,
      1
     ],
     [
      162,
      1,
      3
     ],
     [
      163,
      1,
      4
     ],
     [
      165,
      1,
      2
     ],
     [
      166,
      1,
      4
     ],
     [
      167,
      1,
      6
     ],
     [
      168,
      1,
      8
     ],
     [
      169,
      1,
      2
     ],
     [
      172,
      1,
      3
     ],
     [
      173,
      124,
      10
     ],
     [
      297,
      1,
      2
     ]
    ],
    "67": [
     [
      27,
      1,
      2
     ],
     [
      28,
      10,
      10
     ],
     [
      38,
      2,
      1
     ],
     [
      43,
      1,
      9
     ],
     [
      44,
      5,
      10
     ],
     [
      49,
      1,
      5
     ],
     [
      62,
      1,
      1
     ],
     [
      64,
      1,
      1
     ],
     [
      65,
      1,
      9
     ],
     [
      66,
      1,
      4
     ],
     [
      67,
      1,
      5
     ],
     [
      68,
      1,
      10
     ],
     [
      69,
      1,
      6
     ],
     [
      70,
      1,
      3
     ],
     [
      163,
      1,
      2
     ],
     [
      164,
      1,
      5
     ],
     [
      165,
      1,
      6
     ],
     [
      166,
      1,
      8
     ],
     [
      167,
      1,
      9
     ],
     [
      168,
      1,
      6
     ],
     [
      169,
      1,
      1
     ],
     [
      172,
      1,
      4
     ],
     [
      173,
      124,
      10
     ]
    ],
    "68": [
     [
      27,
      1,
      2
     ],
     [
      28,
      10,
      10
     ],
     [
      38,
      1,
      4
     ],
     [
      40,
      1,
      3
     ],
     [
      44,
      1,
      9
     ],
     [
      45,
      4,
      10
     ],
     [
      55,
      1,
      1
     ],
     [
      56,
      1,
      2
     ],
     [
      57,
      1,
      1
     ],
     [
      62,
      1,
      4
     ],
     [
      63,
      3,
      9
     ],
     [
      67,
      1,
      1
     ],
     [
      68,
      1,
      4
     ],
     [
      172,
      1,
      6
     ],
     [
      173,
      123,
      10
     ],
     [
      296,
      1,
      8
     ]
    ],
    "69": [
     [
      28,
      1,
      1
     ],
     [
      29,
      1,
      3
     ],
     [
      30,
      10,
      10
     ],
     [
      40,
      1,
      7
     ],
     [
      43,
      1,
      1
     ],
     [
      44,
      1,
      3
     ],
     [
      45,
      1,
      4
     ],
     [
      46,
      1,
      8
     ],
     [
      47,
      1,
      10
     ],
     [
      48,
      1,
      9
     ],
     [
      51,
      1,
      1
     ],
     [
      52,
      1,
      2
     ],
     [
      55,
      1,
      5
     ],
     [
      56,
      2,
      9
     ],
     [
      58,
      1,
      4
     ],
     [
      62,
      1,
      7
     ],
     [
      63,
      1,
      10
     ],
     [
      64,
      1,
      7
     ],
     [
      79,
      1,
      1
     ],
     [
      172,
      1,
      8
     ],
     [
      173,
      123,
      10
     ],
     [
      296,
      1,
      6
     ]
    ],
    "70": [
     [
      26,
      1,
      1
     ],
     [
      27,
      1,
      3
     ],
     [
      28,
      2,
      4
     ],
     [
      30,
      10,
      10
     ],
     [
      40,
      1,
      7
     ],
     [
      41,
      1,
      1
     ],
     [
      47,
      1,
      3
     ],
     [
      48,
      1,
      8
     ],
     [
      49,
      1,
      9
     ],
     [
      50,
      1,
      5
     ],
     [
      53,
      1,
      4
     ],
     [
      54,
      1,
      1
     ],
     [
      56,
      3,
      10
     ],
     [
      59,
      1,
      9
     ],
     [
      60,
      2,
      6
     ],
     [
      62,
      1,
      4
     ],
     [
      168,
      1,
      2
     ],
     [
      169,
      1,
      1
     ],
     [
      172,
      1,
      7
     ],
     [
      173,
      123,
      10
     ],
     [
      296,
      1,
      4
     ]
    ],
    "71": [
     [
      26,
      1,
      4
     ],
     [
      27,
      14,
      10
     ],
     [
      41,
      1,
      8
     ],
     [
      42,
      1,
      7
     ],
     [
      43,
      1,
      8
     ],
     [
      44,
      1,
      1
     ],
     [
      48,
      1,
      7
     ],
     [
      49,
      2,
      10
     ],
     [
      51,
      1,
      4
     ],
     [
      53,
      1,
      1
     ],
     [
      54,
      1,
      10
     ],
     [
      55,
      1,
      9
     ],
     [
      56,
      5,
      10
     ],
     [
      61,
      1,
      8
     ],
     [
      166,
      2,
      9
     ],
     [
      168,
      1,
      10
     ],
     [
      172,
      124,
      10
     ],
     [
      296,
      1,
      1
     ]
    ],
    "72": [
     [
      26,
      26,
      10
     ],
     [
      52,
      2,
      8
     ],
     [
      54,
      2,
      10
     ],
     [
      56,
      1,
      6
     ],
     [
      58,
      1,
      2
     ],
     [
      59,
      1,
      10
     ],
     [
      60,
      1,
      8
     ],
     [
      61,
      1,
      4
     ],
     [
      166,
      1,
      7
     ],
     [
      167,
      2,
      10
     ],
     [
      169,
      1,
      5
     ],
     [
      172,
      1,
      9
     ],
     [
      173,
      18,
      10
     ],
     [
      191,
      2,
      5
     ],
     [
      193,
      103,
      10
     ]
    ],
    "73": [
     [
      25,
      1,
      2
     ],
     [
      26,
      17,
      10
     ],
     [
      43,
      2,
      4
     ],
     [
      45,
      1,
      9
     ],
     [
      46,
      10,
      10
     ],
     [
      56,
      1,
      7
     ],
     [
      57,
      2,
      1
     ],
     [
      59,
      1,
      9
     ],
     [
      60,
      1,
      1
     ],
     [
      165,
      1,
      3
     ],
     [
      166,
      3,
      10
     ],
     [
      169,
      1,
      8
     ],
     [
      172,
      19,
      10
     ],
     [
      191,
      1,
      2
     ],
     [
      193,
      1,
      5
     ],
     [
      194,
      101,
      10
     ],
     [
      295,
      1,
      7
     ]
    ],
    "74": [
     [
      25,
      1,
      3
     ],
     [
      26,
      16,
      10
     ],
     [
      42,
      1,
      8
     ],
     [
      45,
      1,
      1
     ],
     [
      46,
      1,
      7
     ],
     [
      47,
      8,
      10
     ],
     [
      55,
      1,
      9
     ],
     [
      56,
      1,
      3
     ],
     [
      59,
      1,
      3
     ],
     [
      165,
      1,
      5
     ],
     [
      166,
      1,
      9
     ],
     [
      167,
      2,
      10
     ],
     [
      169,
      1,
      9
     ],
     [
      171,
      1,
      3
     ],
     [
      172,
      19,
      10
     ],
     [
      191,
      1,
      9
     ],
     [
      193,
      1,
      3
     ],
     [
      194,
      101,
      10
     ],
     [
      295,
      1,
      7
     ]
    ],
    "75": [
     [
      25,
      1,
      4
     ],
     [
      26,
      16,
      10
     ],
     [
      42,
      1,
      6
     ],
     [
      46,
      1,
      4
     ],
     [
      47,
      7,
      10
     ],
     [
      54,
      1,
      9
     ],
     [
      55,
      1,
      7
     ],
     [
      168,
      1,
      2
     ],
     [
      169,
      1,
      1
     ],
     [
      172,
      20,
      10
     ],
     [
      192,
      1,
      9
     ],
     [
      193,
      1,
      8
     ],
     [
      194,
      101,
      10
     ],
     [
      295,
      1,
      3
     ]
    ],
    "76": [
     [
      25,
      1,
      3
     ],
     [
      26,
      16,
      10
     ],
     [
      42,
      1,
      4
     ],
     [
      46,
      1,
      7
     ],
     [
      47,
      7,
      10
     ],
     [
      54,
      1,
      3
     ],
     [
      171,
      1,
      4
     ],
     [
      172,
      123,
      10
     ],
     [
      295,
      1,
      1
     ]
    ],
    "77": [
     [
      25,
      1,
      1
     ],
     [
      26,
      1,
      8
     ],
     [
      27,
      15,
      10
     ],
     [
      42,
      1,
      8
     ],
     [
      45,
      1,
      2
     ],
     [
      46,
      3,
      10
     ],
     [
      49,
      1,
      6
     ],
     [
      50,
      1,
      3
     ],
     [
      51,
      1,
      6
     ],
     [
      52,
      1,
      10
     ],
     [
      53,
      1,
      6
     ],
     [
      171,
      1,
      6
     ],
     [
      172,
      123,
      10
     ]
    ],
    "78": [
     [
      26,
      1,
      8
     ],
     [
      27,
      15,
      10
     ],
     [
      42,
      1,
      7
     ],
     [
      46,
      2,
      4
     ],
     [
      48,
      1,
      2
     ],
     [
      51,
      1,
      4
     ],
     [
      52,
      1,
      10
     ],
     [
      53,
      1,
      4
     ],
     [
      171,
      1,
      8
     ],
     [
      172,
      122,
      10
     ],
     [
      294,
      1,
      7
     ]
    ],
    "79": [
     [
      26,
      1,
      8
     ],
     [
      27,
      16,
      10
     ],
     [
      47,
      1,
      2
     ],
     [
      52,
      1,
      4
     ],
     [
      53,
      1,
      2
     ],
     [
      171,
      123,
      10
     ],
     [
      294,
      1,
      5
     ]
    ],
    "80": [
     [
      23,
      1,
      2
     ],
     [
      24,
      1,
      6
     ],
     [
      25,
      1,
      5
     ],
     [
      26,
      13,
      10
     ],
     [
      39,
      1,
      3
     ],
     [
      40,
      3,
      7
     ],
     [
      47,
      1,
      2
     ],
     [
      170,
      1,
      2
     ],
     [
      171,
      123,
      10
     ],
     [
      294,
      1,
      3
     ]
    ],
    "81": [
     [
      23,
      1,
      6
     ],
     [
      24,
      9,
      10
     ],
     [
      33,
      2,
      5
     ],
     [
      35,
      1,
      9
     ],
     [
      36,
      2,
      7
     ],
     [
      38,
      1,
      5
     ],
     [
      42,
      1,
      4
     ],
     [
      53,
      1,
      2
     ],
     [
      54,
      1,
      1
     ],
     [
      171,
      123,
      10
     ],
     [
      294,
      1,
      1
     ]
    ],
    "82": [
     [
      23,
      1,
      7
     ],
     [
      24,
      9,
      10
     ],
     [
      33,
      1,
      2
     ],
     [
      35,
      1,
      8
     ],
     [
      36,
      1,
      3
     ],
     [
      42,
      1,
      6
     ],
     [
      170,
      1,
      3
     ],
     [
      171,
      123,
      10
     ]
    ],
    "83": [
     [
      23,
      1,
      4
     ],
     [
      24,
      1,
      9
     ],
     [
      25,
      12,
      10
     ],
     [
      42,
      1,
      4
     ],
     [
      43,
      1,
      7
     ],
     [
      170,
      1,
      7
     ],
     [
      171,
      122,
      10
     ],
     [
      293,
      1,
      7
     ]
    ],
    "84": [
     [
      25,
      1,
      4
     ],
     [
      26,
      12,
      10
     ],
     [
      38,
      1,
      3
     ],
     [
      42,
      1,
      1
     ],
     [
      43,
      1,
      7
     ],
     [
      170,
      1,
      8
     ],
     [
      171,
      122,
      10
     ],
     [
      293,
      1,
      4
     ]
    ],
    "85": [
     [
      26,
      1,
      6
     ],
     [
      27,
      12,
      10
     ],
     [
      39,
      1,
      3
     ],
     [
      43,
      1,
      10
     ],
     [
      44,
      1,
      9
     ],
     [
      57,
      2,
      1
     ],
     [
      165,
      1,
      3
     ],
     [
      166,
      1,
      1
     ],
     [
      170,
      123,
      10
     ],
     [
      293,
      1,
      3
     ]
    ],
    "86": [
     [
      27,
      1,
      2
     ],
     [
      28,
      12,
      10
     ],
     [
      40,
      1,
      1
     ],
     [
      42,
      1,
      1
     ],
     [
      43,
      2,
      10
     ],
     [
      45,
      1,
      5
     ],
     [
      57,
      1,
      1
     ],
     [
      162,
      1,
      3
     ],
     [
      163,
      1,
      9
     ],
     [
      164,
      3,
      10
     ],
     [
      167,
      1,
      4
     ],
     [
      169,
      1,
      2
     ],
     [
      170,
      123,
      10
     ]
    ],
    "87": [
     [
      28,
      1,
      4
     ],
     [
      29,
      11,
      10
     ],
     [
      40,
      1,
      9
     ],
     [
      41,
      1,
      7
     ],
     [
      42,
      1,
      9
     ],
     [
      43,
      3,
      10
     ],
     [
      46,
      1,
      1
     ],
     [
      160,
      1,
      3
     ],
     [
      161,
      1,
      9
     ],
     [
      162,
      5,
      10
     ],
     [
      167,
      1,
      7
     ],
     [
      168,
      1,
      4
     ],
     [
      169,
      1,
      8
     ],
     [
      170,
      122,
      10
     ],
     [
      292,
      1,
      9
     ]
    ],
    "88": [
     [
      29,
      1,
      9
     ],
     [
      30,
      16,
      10
     ],
     [
      46,
      1,
      1
     ],
     [
      56,
      1,
      1
     ],
     [
      57,
      1,
      2
     ],
     [
      159,
      1,
      6
     ],
     [
      160,
      132,
      10
     ],
     [
      292,
      1,
      7
     ]
    ],
    "89": [
     [
      29,
      1,
      6
     ],
     [
      30,
      10,
      10
     ],
     [
      40,
      1,
      8
     ],
     [
      41,
      5,
      10
     ],
     [
      46,
      1,
      8
     ],
     [
      54,
      1,
      3
     ],
     [
      55,
      1,
      1
     ],
     [
      56,
      1,
      10
     ],
     [
      57,
      1,
      8
     ],
     [
      158,
      1,
      5
     ],
     [
      159,
      133,
      10
     ],
     [
      292,
      1,
      5
     ]
    ],
    "90": [
     [
      29,
      1,
      1
     ],
     [
      30,
      9,
      10
     ],
     [
      39,
      1,
      7
     ],
     [
      42,
      1,
      8
     ],
     [
      43,
      4,
      10
     ],
     [
      47,
      1,
      7
     ],
     [
      48,
      1,
      6
     ],
     [
      53,
      1,
      6
     ],
     [
      54,
      3,
      10
     ],
     [
      57,
      1,
      6
     ],
     [
      156,
      1,
      1
     ],
     [
      157,
      1,
      6
     ],
     [
      158,
      134,
      10
     ],
     [
      292,
      1,
      2
     ]
    ],
    "91": [
     [
      29,
      1,
      4
     ],
     [
      30,
      9,
      10
     ],
     [
      39,
      1,
      5
     ],
     [
      42,
      1,
      2
     ],
     [
      43,
      1,
      7
     ],
     [
      44,
      5,
      10
     ],
     [
      49,
      1,
      3
     ],
     [
      52,
      1,
      1
     ],
     [
      53,
      4,
      10
     ],
     [
      57,
      1,
      2
     ],
     [
      155,
      1,
      1
     ],
     [
      156,
      1,
      8
     ],
     [
      157,
      135,
      10
     ]
    ],
    "92": [
     [
      27,
      1,
      4
     ],
     [
      28,
      1,
      1
     ],
     [
      29,
      1,
      8
     ],
     [
      30,
      9,
      10
     ],
     [
      39,
      1,
      5
     ],
     [
      45,
      1,
      6
     ],
     [
      46,
      4,
      10
     ],
     [
      50,
      1,
      4
     ],
     [
      53,
      1,
      2
     ],
     [
      54,
      2,
      10
     ],
     [
      56,
      1,
      7
     ],
     [
      154,
      1,
      1
     ],
     [
      155,
      136,
      10
     ],
     [
      291,
      1,
      8
     ]
    ],
    "93": [
     [
      27,
      1,
      3
     ],
     [
      28,
      1,
      8
     ],
     [
      29,
      1,
      10
     ],
     [
      30,
      1,
      9
     ],
     [
      31,
      1,
      8
     ],
     [
      32,
      1,
      7
     ],
     [
      33,
      1,
      9
     ],
     [
      34,
      5,
      10
     ],
     [
      39,
      1,
      9
     ],
     [
      40,
      1,
      1
     ],
     [
      45,
      1,
      3
     ],
     [
      46,
      5,
      10
     ],
     [
      51,
      1,
      5
     ],
     [
      52,
      1,
      4
     ],
     [
      53,
      1,
      6
     ],
     [
      54,
      2,
      10
     ],
     [
      56,
      1,
      8
     ],
     [
      154,
      137,
      10
     ],
     [
      291,
      1,
      7
     ]
    ],
    "94": [
     [
      29,
      1,
      5
     ],
     [
      30,
      1,
      2
     ],
     [
      33,
      1,
      7
     ],
     [
      34,
      1,
      10
     ],
     [
      35,
      2,
      9
     ],
     [
      37,
      3,
      10
     ],
     [
      40,
      1,
      5
     ],
     [
      45,
      1,
      7
     ],
     [
      46,
      10,
      10
     ],
     [
      56,
      1,
      9
     ],
     [
      152,
      1,
      1
     ],
     [
      153,
      1,
      9
     ],
     [
      154,
      137,
      10
     ],
     [
      291,
      1,
      3
     ]
    ],
    "95": [
     [
      29,
      2,
      1
     ],
     [
      33,
      1,
      6
     ],
     [
      34,
      1,
      8
     ],
     [
      35,
      1,
      4
     ],
     [
      37,
      1,
      7
     ],
     [
      38,
      2,
      10
     ],
     [
      40,
      1,
      6
     ],
     [
      45,
      1,
      9
     ],
     [
      46,
      10,
      10
     ],
     [
      56,
      1,
      8
     ],
     [
      57,
      1,
      1
     ],
     [
      151,
      1,
      3
     ],
     [
      152,
      1,
      9
     ],
     [
      153,
      138,
      10
     ],
     [
      291,
      1,
      2
     ]
    ],
    "96": [
     [
      29,
      1,
      3
     ],
     [
      30,
      1,
      5
     ],
     [
      32,
      1,
      1
     ],
     [
      35,
      1,
      7
     ],
     [
      36,
      1,
      2
     ],
     [
      38,
      1,
      9
     ],
     [
      39,
      1,
      7
     ],
     [
      45,
      1,
      8
     ],
     [
      46,
      1,
      10
     ],
     [
      47,
      1,
      7
     ],
     [
      48,
      1,
      3
     ],
     [
      49,
      1,
      8
     ],
     [
      50,
      2,
      10
     ],
     [
      52,
      1,
      9
     ],
     [
      53,
      1,
      8
     ],
     [
      54,
      2,
      10
     ],
     [
      56,
      1,
      6
     ],
     [
      150,
      1,
      4
     ],
     [
      151,
      140,
      10
     ]
    ],
    "97": [
     [
      29,
      1,
      5
     ],
     [
      30,
      1,
      2
     ],
     [
      32,
      1,
      3
     ],
     [
      33,
      1,
      8
     ],
     [
      34,
      1,
      3
     ],
     [
      35,
      1,
      10
     ],
     [
      38,
      2,
      8
     ],
     [
      40,
      1,
      2
     ],
     [
      45,
      1,
      2
     ],
     [
      46,
      1,
      7
     ],
     [
      47,
      1,
      2
     ],
     [
      49,
      1,
      4
     ],
     [
      50,
      2,
      10
     ],
     [
      52,
      1,
      2
     ],
     [
      54,
      1,
      6
     ],
     [
      55,
      1,
      10
     ],
     [
      56,
      1,
      7
     ],
     [
      149,
      1,
      3
     ],
     [
      150,
      140,
      10
     ],
     [
      290,
      1,
      8
     ]
    ],
    "98": [
     [
      28,
      1,
      2
     ],
     [
      32,
      1,
      2
     ],
     [
      33,
      3,
      10
     ],
     [
      36,
      1,
      6
     ],
     [
      37,
      1,
      3
     ],
     [
      38,
      2,
      10
     ],
     [
      40,
      1,
      5
     ],
     [
      49,
      1,
      6
     ],
     [
      50,
      1,
      8
     ],
     [
      51,
      1,
      3
     ],
     [
      54,
      1,
      8
     ],
     [
      55,
      1,
      10
     ],
     [
      56,
      1,
      5
     ],
     [
      148,
      1,
      5
     ],
     [
      149,
      141,
      10
     ],
     [
      290,
      1,
      6
     ]
    ],
    "99": [
     [
      32,
      1,
      1
     ],
     [
      33,
      1,
      9
     ],
     [
      34,
      2,
      10
     ],
     [
      36,
      1,
      8
     ],
     [
      37,
      1,
      4
     ],
     [
      38,
      2,
      9
     ],
     [
      40,
      1,
      6
     ],
     [
      54,
      1,
      10
     ],
     [
      55,
      1,
      7
     ],
     [
      56,
      1,
      4
     ],
     [
      147,
      1,
      3
     ],
     [
      148,
      32,
      10
     ],
     [
      180,
      1,
      7
     ],
     [
      181,
      1,
      2
     ],
     [
      182,
      1,
      4
     ],
     [
      183,
      1,
      3
     ],
     [
      184,
      1,
      2
     ],
     [
      185,
      1,
      1
     ],
     [
      186,
      2,
      3
     ],
     [
      188,
      1,
      7
     ],
     [
      189,
      101,
      10
     ],
     [
      290,
      1,
      3
     ]
    ],
    "100": [
     [
      33,
      1,
      4
     ],
     [
      34,
      1,
      10
     ],
     [
      35,
      1,
      7
     ],
     [
      36,
      1,
      1
     ],
     [
      38,
      1,
      2
     ],
     [
      40,
      1,
      2
     ],
     [
      53,
      1,
      2
     ],
     [
      54,
      1,
      3
     ],
     [
      147,
      1,
      6
     ],
     [
      148,
      32,
      10
     ],
     [
      180,
      1,
      1
     ],
     [
      189,
      2,
      1
     ],
     [
      191,
      1,
      2
     ],
     [
      192,
      1,
      8
     ],
     [
      193,
      97,
      10
     ],
     [
      290,
      1,
      2
     ]
    ],
    "101": [
     [
      33,
      1,
      4
     ],
     [
      34,
      1,
      10
     ],
     [
      35,
      1,
      7
     ],
     [
      36,
      1,
      1
     ],
     [
      38,
      1,
      2
     ],
     [
      40,
      1,
      1
     ],
     [
      147,
      1,
      4
     ],
     [
      148,
      32,
      10
     ],
     [
      180,
      1,
      1
     ],
     [
      193,
      1,
      7
     ],
     [
      194,
      96,
      10
     ]
    ],
    "102": [
     [
      31,
      1,
      1
     ],
     [
      32,
      1,
      5
     ],
     [
      33,
      3,
      10
     ],
     [
      36,
      1,
      8
     ],
     [
      38,
      1,
      1
     ],
     [
      39,
      1,
      2
     ],
     [
      40,
      1,
      6
     ],
     [
      147,
      1,
      4
     ],
     [
      148,
      32,
      10
     ],
     [
      180,
      1,
      3
     ],
     [
      194,
      1,
      4
     ],
     [
      195,
      94,
      10
     ],
     [
      289,
      1,
      7
     ]
    ],
    "103": [
     [
      31,
      1,
      3
     ],
     [
      32,
      1,
      5
     ],
     [
      33,
      1,
      9
     ],
     [
      34,
      3,
      10
     ],
     [
      38,
      1,
      1
     ],
     [
      39,
      1,
      7
     ],
     [
      40,
      1,
      10
     ],
     [
      41,
      1,
      3
     ],
     [
      147,
      1,
      4
     ],
     [
      148,
      32,
      10
     ],
     [
      180,
      1,
      8
     ],
     [
      195,
      1,
      2
     ],
     [
      196,
      1,
      8
     ],
     [
      197,
      92,
      10
     ],
     [
      289,
      1,
      6
     ]
    ],
    "104": [
     [
      34,
      2,
      9
     ],
     [
      36,
      1,
      7
     ],
     [
      39,
      1,
      3
     ],
     [
      40,
      1,
      10
     ],
     [
      41,
      1,
      4
     ],
     [
      56,
      1,
      4
     ],
     [
      147,
      1,
      7
     ],
     [
      148,
      32,
      10
     ],
     [
      180,
      1,
      8
     ],
     [
      197,
      1,
      4
     ],
     [
      198,
      91,
      10
     ],
     [
      289,
      1,
      4
     ]
    ],
    "105": [
     [
      34,
      1,
      4
     ],
     [
      38,
      1,
      6
     ],
     [
      39,
      1,
      2
     ],
     [
      51,
      1,
      1
     ],
     [
      52,
      2,
      3
     ],
     [
      54,
      2,
      4
     ],
     [
      56,
      2,
      10
     ],
     [
      58,
      1,
      1
     ],
     [
      146,
      1,
      1
     ],
     [
      147,
      1,
      9
     ],
     [
      148,
      33,
      10
     ],
     [
      181,
      1,
      1
     ],
     [
      198,
      1,
      1
     ],
     [
      199,
      1,
      9
     ],
     [
      200,
      89,
      10
     ]
    ],
    "106": [
     [
      41,
      1,
      1
     ],
     [
      42,
      1,
      4
     ],
     [
      43,
      1,
      7
     ],
     [
      44,
      1,
      3
     ],
     [
      50,
      1,
      5
     ],
     [
      51,
      7,
      10
     ],
     [
      58,
      1,
      9
     ],
     [
      59,
      1,
      4
     ],
     [
      146,
      1,
      4
     ],
     [
      147,
      34,
      10
     ],
     [
      181,
      1,
      2
     ],
     [
      200,
      88,
      10
     ],
     [
      288,
      1,
      9
     ]
    ],
    "107": [
     [
      41,
      3,
      10
     ],
     [
      44,
      1,
      9
     ],
     [
      49,
      1,
      5
     ],
     [
      50,
      5,
      10
     ],
     [
      55,
      1,
      5
     ],
     [
      56,
      1,
      1
     ],
     [
      57,
      1,
      2
     ],
     [
      58,
      1,
      8
     ],
     [
      59,
      1,
      10
     ],
     [
      60,
      1,
      7
     ],
     [
      145,
      1,
      1
     ],
     [
      146,
      35,
      10
     ],
     [
      181,
      1,
      4
     ],
     [
      200,
      88,
      10
     ],
     [
      288,
      1,
      7
     ]
    ],
    "108": [
     [
      41,
      1,
      7
     ],
     [
      42,
      2,
      10
     ],
     [
      44,
      1,
      8
     ],
     [
      49,
      1,
      9
     ],
     [
      50,
      3,
      10
     ],
     [
      53,
      1,
      7
     ],
     [
      58,
      1,
      4
     ],
     [
      59,
      1,
      10
     ],
     [
      60,
      1,
      3
     ],
     [
      145,
      1,
      8
     ],
     [
      146,
      35,
      10
     ],
     [
      181,
      1,
      9
     ],
     [
      199,
      1,
      2
     ],
     [
      200,
      1,
      9
     ],
     [
      201,
      87,
      10
     ],
     [
      288,
      1,
      6
     ]
    ],
    "109": [
     [
      38,
      1,
      2
     ],
     [
      39,
      1,
      8
     ],
     [
      40,
      1,
      5
     ],
     [
      41,
      1,
      8
     ],
     [
      42,
      3,
      10
     ],
     [
      48,
      1,
      1
     ],
     [
      49,
      4,
      10
     ],
     [
      58,
      1,
      8
     ],
     [
      59,
      1,
      6
     ],
     [
      144,
      1,
      7
     ],
     [
      145,
      37,
      10
     ],
     [
      182,
      1,
      5
     ],
     [
      200,
      1,
      1
     ],
     [
      201,
      1,
      6
     ],
     [
      202,
      86,
      10
     ],
     [
      288,
      1,
      6
     ]
    ],
    "110": [
     [
      38,
      1,
      7
     ],
     [
      39,
      6,
      10
     ],
     [
      45,
      1,
      6
     ],
     [
      48,
      1,
      3
     ],
     [
      49,
      3,
      10
     ],
     [
      52,
      1,
      9
     ],
     [
      58,
      1,
      10
     ],
     [
      59,
      1,
      2
     ],
     [
      142,
      1,
      3
     ],
     [
      143,
      1,
      9
     ],
     [
      144,
      38,
      10
     ],
     [
      182,
      1,
      9
     ],
     [
      202,
      1,
      6
     ],
     [
      203,
      85,
      10
     ],
     [
      288,
      1,
      4
     ]
    ],
    "111": [
     [
      23,
      1,
      1
     ],
     [
      36,
      1,
      1
     ],
     [
      37,
      1,
      7
     ],
     [
      38,
      8,
      10
     ],
     [
      46,
      1,
      7
     ],
     [
      47,
      2,
      6
     ],
     [
      49,
      1,
      8
     ],
     [
      50,
      3,
      10
     ],
     [
      53,
      1,
      1
     ],
     [
      57,
      1,
      1
     ],
     [
      58,
      1,
      10
     ],
     [
      141,
      1,
      3
     ],
     [
      142,
      41,
      10
     ],
     [
      183,
      1,
      7
     ],
     [
      203,
      1,
      7
     ],
     [
      204,
      84,
      10
     ],
     [
      288,
      1,
      3
     ]
    ],
    "112": [
     [
      35,
      1,
      2
     ],
     [
      36,
      12,
      10
     ],
     [
      48,
      1,
      3
     ],
     [
      50,
      1,
      7
     ],
     [
      51,
      3,
      10
     ],
     [
      54,
      1,
      2
     ],
     [
      58,
      1,
      10
     ],
     [
      59,
      1,
      1
     ],
     [
      139,
      1,
      3
     ],
     [
      140,
      1,
      7
     ],
     [
      141,
      43,
      10
     ],
     [
      184,
      1,
      2
     ],
     [
      203,
      1,
      1
     ],
     [
      204,
      1,
      9
     ],
     [
      205,
      83,
      10
     ]
    ],
    "113": [
     [
      30,
      1,
      1
     ],
     [
      31,
      2,
      2
     ],
     [
      36,
      1,
      6
     ],
     [
      37,
      12,
      10
     ],
     [
      49,
      1,
      8
     ],
     [
      50,
      1,
      9
     ],
     [
      51,
      3,
      10
     ],
     [
      57,
      1,
      1
     ],
     [
      58,
      1,
      9
     ],
     [
      59,
      1,
      8
     ],
     [
      60,
      1,
      4
     ],
     [
      61,
      1,
      1
     ],
     [
      139,
      45,
      10
     ],
     [
      184,
      1,
      9
     ],
     [
      185,
      1,
      1
     ],
     [
      204,
      1,
      3
     ],
     [
      205,
      1,
      9
     ],
     [
      206,
      81,
      10
     ],
     [
      287,
      1,
      8
     ]
    ],
    "114": [
     [
      30,
      1,
      1
     ],
     [
      36,
      1,
      2
     ],
     [
      37,
      16,
      10
     ],
     [
      53,
      1,
      9
     ],
     [
      58,
      1,
      7
     ],
     [
      59,
      2,
      10
     ],
     [
      61,
      1,
      7
     ],
     [
      138,
      1,
      4
     ],
     [
      139,
      46,
      10
     ],
     [
      185,
      1,
      6
     ],
     [
      205,
      1,
      2
     ],
     [
      206,
      1,
      9
     ],
     [
      207,
      80,
      10
     ],
     [
      287,
      1,
      7
     ]
    ],
    "115": [
     [
      36,
      1,
      4
     ],
     [
      37,
      16,
      10
     ],
     [
      53,
      1,
      9
     ],
     [
      59,
      1,
      4
     ],
     [
      60,
      1,
      9
     ],
     [
      61,
      1,
      8
     ],
     [
      62,
      1,
      5
     ],
     [
      138,
      1,
      2
     ],
     [
      139,
      47,
      10
     ],
     [
      186,
      1,
      3
     ],
     [
      206,
      1,
      2
     ],
     [
      207,
      80,
      10
     ],
     [
      287,
      1,
      4
     ]
    ],
    "116": [
     [
      36,
      1,
      7
     ],
     [
      37,
      16,
      10
     ],
     [
      53,
      1,
      5
     ],
     [
      62,
      1,
      2
     ],
     [
      138,
      1,
      1
     ],
     [
      139,
      47,
      10
     ],
     [
      186,
      1,
      9
     ],
     [
      187,
      1,
      1
     ],
     [
      199,
      1,
      1
     ],
     [
      200,
      1,
      5
     ],
     [
      207,
      1,
      3
     ],
     [
      208,
      79,
      10
     ],
     [
      287,
      1,
      2
     ]
    ],
    "117": [
     [
      35,
      1,
      3
     ],
     [
      36,
      1,
      8
     ],
     [
      37,
      15,
      10
     ],
     [
      52,
      1,
      7
     ],
     [
      138,
      1,
      3
     ],
     [
      139,
      48,
      10
     ],
     [
      187,
      1,
      4
     ],
     [
      208,
      1,
      7
     ],
     [
      209,
      78,
      10
     ]
    ],
    "118": [
     [
      35,
      1,
      1
     ],
     [
      37,
      1,
      3
     ],
     [
      38,
      14,
      10
     ],
     [
      52,
      1,
      3
     ],
     [
      138,
      1,
      8
     ],
     [
      139,
      48,
      10
     ],
     [
      187,
      1,
      7
     ],
     [
      208,
      78,
      10
     ],
     [
      286,
      1,
      8
     ]
    ],
    "119": [
     [
      36,
      1,
      2
     ],
     [
      37,
      1,
      8
     ],
     [
      38,
      13,
      10
     ],
     [
      51,
      1,
      9
     ],
     [
      52,
      1,
      1
     ],
     [
      138,
      1,
      9
     ],
     [
      139,
      49,
      10
     ],
     [
      208,
      1,
      6
     ],
     [
      209,
      77,
      10
     ],
     [
      286,
      1,
      6
     ]
    ],
    "120": [
     [
      36,
      1,
      4
     ],
     [
      37,
      10,
      10
     ],
     [
      47,
      1,
      7
     ],
     [
      50,
      1,
      2
     ],
     [
      51,
      1,
      1
     ],
     [
      138,
      49,
      10
     ],
     [
      187,
      1,
      9
     ],
     [
      188,
      1,
      2
     ],
     [
      208,
      1,
      1
     ],
     [
      209,
      77,
      10
     ],
     [
      286,
      1,
      3
     ]
    ],
    "121": [
     [
      34,
      1,
      6
     ],
     [
      35,
      12,
      10
     ],
     [
      47,
      1,
      6
     ],
     [
      137,
      1,
      4
     ],
     [
      138,
      50,
      10
     ],
     [
      188,
      1,
      4
     ],
     [
      209,
      1,
      3
     ],
     [
      210,
      76,
      10
     ],
     [
      286,
      1,
      1
     ]
    ],
    "122": [
     [
      32,
      1,
      4
     ],
     [
      33,
      1,
      9
     ],
     [
      34,
      15,
      10
     ],
     [
      49,
      1,
      2
     ],
     [
      137,
      1,
      3
     ],
     [
      138,
      50,
      10
     ],
     [
      188,
      1,
      4
     ],
     [
      210,
      1,
      6
     ],
     [
      211,
      75,
      10
     ]
    ],
    "123": [
     [
      31,
      1,
      3
     ],
     [
      32,
      17,
      10
     ],
     [
      49,
      1,
      6
     ],
     [
      137,
      1,
      2
     ],
     [
      138,
      49,
      10
     ],
     [
      187,
      1,
      4
     ],
     [
      210,
      1,
      1
     ],
     [
      211,
      1,
      9
     ],
     [
      212,
      73,
      10
     ],
     [
      285,
      1,
      8
     ]
    ],
    "124": [
     [
      32,
      1,
      1
     ],
     [
      33,
      16,
      10
     ],
     [
      49,
      1,
      9
     ],
     [
      138,
      1,
      5
     ],
     [
      139,
      24,
      10
     ],
     [
      163,
      2,
      8
     ],
     [
      165,
      1,
      9
     ],
     [
      166,
      16,
      10
     ],
     [
      182,
      1,
      9
     ],
     [
      183,
      1,
      10
     ],
     [
      184,
      1,
      9
     ],
     [
      185,
      1,
      1
     ],
     [
      211,
      1,
      3
     ],
     [
      212,
      1,
      9
     ],
     [
      213,
      72,
      10
     ],
     [
      285,
      1,
      5
     ]
    ],
    "125": [
     [
      33,
      1,
      7
     ],
     [
      34,
      16,
      10
     ],
     [
      50,
      1,
      5
     ],
     [
      139,
      1,
      9
     ],
     [
      140,
      21,
      10
     ],
     [
      161,
      1,
      9
     ],
     [
      162,
      1,
      1
     ],
     [
      165,
      1,
      3
     ],
     [
      166,
      8,
      10
     ],
     [
      174,
      1,
      8
     ],
     [
      175,
      1,
      7
     ],
     [
      176,
      1,
      5
     ],
     [
      177,
      1,
      4
     ],
     [
      178,
      1,
      5
     ],
     [
      179,
      1,
      6
     ],
     [
      180,
      1,
      5
     ],
     [
      181,
      1,
      4
     ],
     [
      212,
      1,
      3
     ],
     [
      213,
      72,
      10
     ],
     [
      285,
      1,
      4
     ]
    ],
    "126": [
     [
      35,
      1,
      6
     ],
     [
      36,
      1,
      8
     ],
     [
      37,
      10,
      10
     ],
     [
      47,
      1,
      4
     ],
     [
      50,
      1,
      10
     ],
     [
      51,
      1,
      2
     ],
     [
      139,
      1,
      9
     ],
     [
      140,
      20,
      10
     ],
     [
      160,
      1,
      8
     ],
     [
      161,
      1,
      1
     ],
     [
      165,
      1,
      1
     ],
     [
      166,
      1,
      8
     ],
     [
      167,
      7,
      10
     ],
     [
      174,
      1,
      3
     ],
     [
      213,
      1,
      4
     ],
     [
      214,
      71,
      10
     ]
    ],
    "127": [
     [
      36,
      1,
      3
     ],
     [
      37,
      1,
      7
     ],
     [
      38,
      1,
      4
     ],
     [
      39,
      1,
      6
     ],
     [
      40,
      1,
      9
     ],
     [
      41,
      6,
      10
     ],
     [
      47,
      1,
      6
     ],
     [
      48,
      1,
      3
     ],
     [
      49,
      1,
      8
     ],
     [
      50,
      2,
      10
     ],
     [
      139,
      1,
      9
     ],
     [
      140,
      20,
      10
     ],
     [
      160,
      1,
      5
     ],
     [
      166,
      1,
      3
     ],
     [
      167,
      1,
      6
     ],
     [
      168,
      1,
      4
     ],
     [
      169,
      1,
      6
     ],
     [
      170,
      2,
      7
     ],
     [
      172,
      2,
      10
     ],
     [
      174,
      1,
      5
     ],
     [
      213,
      1,
      1
     ],
     [
      214,
      1,
      7
     ],
     [
      215,
      70,
      10
     ]
    ],
    "128": [
     [
      41,
      1,
      7
     ],
     [
      42,
      10,
      10
     ],
     [
      52,
      1,
      5
     ],
     [
      138,
      1,
      1
     ],
     [
      139,
      21,
      10
     ],
     [
      160,
      1,
      7
     ],
     [
      174,
      1,
      1
     ],
     [
      215,
      1,
      7
     ],
     [
      216,
      68,
      10
     ],
     [
      284,
      1,
      6
     ]
    ],
    "129": [
     [
      42,
      1,
      6
     ],
     [
      43,
      7,
      10
     ],
     [
      50,
      1,
      9
     ],
     [
      138,
      1,
      6
     ],
     [
      139,
      21,
      10
     ],
     [
      160,
      1,
      3
     ],
     [
      215,
      1,
      1
     ],
     [
      216,
      1,
      9
     ],
     [
      217,
      67,
      10
     ],
     [
      284,
      1,
      5
     ]
    ],
    "130": [
     [
      42,
      1,
      3
     ],
     [
      43,
      1,
      9
     ],
     [
      44,
      6,
      10
     ],
     [
      50,
      1,
      9
     ],
     [
      138,
      1,
      7
     ],
     [
      139,
      19,
      10
     ],
     [
      158,
      1,
      8
     ],
     [
      159,
      1,
      5
     ],
     [
      216,
      1,
      3
     ],
     [
      217,
      1,
      9
     ],
     [
      218,
      66,
      10
     ],
     [
      284,
      1,
      3
     ]
    ],
    "131": [
     [
      43,
      1,
      1
     ],
     [
      44,
      1,
      7
     ],
     [
      45,
      6,
      10
     ],
     [
      51,
      1,
      6
     ],
     [
      52,
      1,
      3
     ],
     [
      53,
      1,
      1
     ],
     [
      138,
      1,
      8
     ],
     [
      139,
      18,
      10
     ],
     [
      157,
      1,
      7
     ],
     [
      217,
      1,
      1
     ],
     [
      218,
      1,
      8
     ],
     [
      219,
      65,
      10
     ]
    ],
    "132": [
     [
      39,
      1,
      2
     ],
     [
      44,
      1,
      6
     ],
     [
      45,
      9,
      10
     ],
     [
      54,
      1,
      2
     ],
     [
      138,
      1,
      7
     ],
     [
      139,
      16,
      10
     ],
     [
      155,
      1,
      9
     ],
     [
      156,
      1,
      4
     ],
     [
      157,
      1,
      1
     ],
     [
      218,
      1,
      1
     ],
     [
      219,
      1,
      7
     ],
     [
      220,
      63,
      10
     ],
     [
      283,
      1,
      9
     ]
    ],
    "133": [
     [
      39,
      1,
      5
     ],
     [
      40,
      1,
      10
     ],
     [
      41,
      1,
      5
     ],
     [
      42,
      1,
      3
     ],
     [
      43,
      1,
      5
     ],
     [
      44,
      1,
      9
     ],
     [
      45,
      5,
      10
     ],
     [
      50,
      1,
      8
     ],
     [
      51,
      1,
      7
     ],
     [
      52,
      3,
      10
     ],
     [
      137,
      1,
      1
     ],
     [
      138,
      15,
      10
     ],
     [
      153,
      1,
      6
     ],
     [
      154,
      1,
      1
     ],
     [
      220,
      1,
      3
     ],
     [
      221,
      1,
      7
     ],
     [
      222,
      1,
      9
     ],
     [
      223,
      60,
      10
     ],
     [
      283,
      1,
      7
     ]
    ],
    "134": [
     [
      42,
      8,
      10
     ],
     [
      52,
      1,
      5
     ],
     [
      53,
      2,
      10
     ],
     [
      55,
      1,
      8
     ],
     [
      136,
      1,
      1
     ],
     [
      137,
      1,
      9
     ],
     [
      138,
      15,
      10
     ],
     [
      222,
      1,
      2
     ],
     [
      223,
      1,
      8
     ],
     [
      224,
      59,
      10
     ],
     [
      283,
      1,
      4
     ]
    ],
    "135": [
     [
      42,
      1,
      1
     ],
     [
      43,
      1,
      7
     ],
     [
      44,
      6,
      10
     ],
     [
      53,
      1,
      9
     ],
     [
      54,
      3,
      10
     ],
     [
      57,
      1,
      3
     ],
     [
      136,
      1,
      7
     ],
     [
      137,
      10,
      10
     ],
     [
      147,
      1,
      9
     ],
     [
      148,
      2,
      5
     ],
     [
      150,
      1,
      9
     ],
     [
      151,
      1,
      10
     ],
     [
      152,
      1,
      5
     ],
     [
      217,
      1,
      6
     ],
     [
      223,
      1,
      5
     ],
     [
      224,
      59,
      10
     ],
     [
      283,
      1,
      3
     ]
    ],
    "136": [
     [
      44,
      1,
      7
     ],
     [
      45,
      1,
      9
     ],
     [
      46,
      1,
      10
     ],
     [
      47,
      1,
      7
     ],
     [
      48,
      2,
      1
     ],
     [
      50,
      1,
      2
     ],
     [
      51,
      1,
      3
     ],
     [
      52,
      1,
      2
     ],
     [
      53,
      5,
      10
     ],
     [
      58,
      1,
      6
     ],
     [
      59,
      1,
      1
     ],
     [
      135,
      1,
      8
     ],
     [
      136,
      10,
      10
     ],
     [
      146,
      1,
      8
     ],
     [
      147,
      1,
      1
     ],
     [
      150,
      1,
      4
     ],
     [
      151,
      1,
      3
     ],
     [
      213,
      1,
      1
     ],
     [
      214,
      1,
      2
     ],
     [
      217,
      1,
      5
     ],
     [
      223,
      1,
      1
     ],
     [
      224,
      1,
      5
     ],
     [
      225,
      1,
      9
     ],
     [
      226,
      57,
      10
     ]
    ],
    "137": [
     [
      45,
      1,
      6
     ],
     [
      46,
      1,
      8
     ],
     [
      47,
      1,
      5
     ],
     [
      51,
      5,
      10
     ],
     [
      56,
      2,
      6
     ],
     [
      58,
      2,
      1
     ],
     [
      135,
      10,
      10
     ],
     [
      145,
      1,
      9
     ],
     [
      223,
      1,
      1
     ],
     [
      225,
      1,
      1
     ],
     [
      226,
      1,
      6
     ],
     [
      227,
      55,
      10
     ],
     [
      282,
      1,
      9
     ]
    ],
    "138": [
     [
      46,
      1,
      6
     ],
     [
      47,
      1,
      10
     ],
     [
      51,
      1,
      8
     ],
     [
      52,
      3,
      10
     ],
     [
      55,
      1,
      8
     ],
     [
      56,
      1,
      6
     ],
     [
      57,
      1,
      1
     ],
     [
      134,
      1,
      3
     ],
     [
      135,
      10,
      10
     ],
     [
      145,
      1,
      3
     ],
     [
      227,
      1,
      2
     ],
     [
      228,
      1,
      7
     ],
     [
      229,
      53,
      10
     ],
     [
      282,
      1,
      6
     ]
    ],
    "139": [
     [
      46,
      1,
      8
     ],
     [
      47,
      1,
      3
     ],
     [
      52,
      1,
      7
     ],
     [
      53,
      2,
      10
     ],
     [
      55,
      1,
      2
     ],
     [
      57,
      1,
      5
     ],
     [
      58,
      1,
      4
     ],
     [
      133,
      1,
      6
     ],
     [
      134,
      10,
      10
     ],
     [
      144,
      1,
      8
     ],
     [
      229,
      1,
      2
     ],
     [
      230,
      1,
      9
     ],
     [
      231,
      51,
      10
     ],
     [
      282,
      1,
      4
     ]
    ],
    "140": [
     [
      46,
      1,
      10
     ],
     [
      47,
      1,
      1
     ],
     [
      53,
      3,
      10
     ],
     [
      56,
      2,
      9
     ],
     [
      58,
      1,
      10
     ],
     [
      59,
      1,
      2
     ],
     [
      131,
      1,
      2
     ],
     [
      132,
      1,
      7
     ],
     [
      133,
      7,
      10
     ],
     [
      140,
      1,
      9
     ],
     [
      141,
      1,
      2
     ],
     [
      142,
      1,
      6
     ],
     [
      143,
      1,
      10
     ],
     [
      144,
      1,
      1
     ],
     [
      231,
      1,
      1
     ],
     [
      232,
      1,
      8
     ],
     [
      233,
      1,
      9
     ],
     [
      234,
      48,
      10
     ],
     [
      282,
      1,
      2
     ]
    ],
    "141": [
     [
      45,
      1,
      3
     ],
     [
      46,
      1,
      4
     ],
     [
      47,
      1,
      1
     ],
     [
      52,
      1,
      1
     ],
     [
      53,
      1,
      9
     ],
     [
      54,
      1,
      1
     ],
     [
      55,
      1,
      2
     ],
     [
      56,
      1,
      7
     ],
     [
      57,
      2,
      10
     ],
     [
      59,
      1,
      5
     ],
     [
      60,
      1,
      6
     ],
     [
      61,
      1,
      5
     ],
     [
      62,
      1,
      7
     ],
     [
      63,
      1,
      3
     ],
     [
      129,
      1,
      1
     ],
     [
      130,
      1,
      5
     ],
     [
      131,
      8,
      10
     ],
     [
      139,
      1,
      6
     ],
     [
      140,
      1,
      1
     ],
     [
      234,
      1,
      4
     ],
     [
      235,
      1,
      5
     ],
     [
      236,
      1,
      9
     ],
     [
      237,
      45,
      10
     ]
    ],
    "142": [
     [
      52,
      2,
      1
     ],
     [
      57,
      1,
      4
     ],
     [
      58,
      1,
      8
     ],
     [
      59,
      4,
      10
     ],
     [
      63,
      1,
      6
     ],
     [
      64,
      1,
      1
     ],
     [
      129,
      1,
      3
     ],
     [
      130,
      8,
      10
     ],
     [
      138,
      1,
      1
     ],
     [
      227,
      1,
      1
     ],
     [
      237,
      1,
      3
     ],
     [
      238,
      43,
      10
     ],
     [
      281,
      1,
      7
     ]
    ],
    "143": [
     [
      45,
      1,
      2
     ],
     [
      51,
      1,
      2
     ],
     [
      59,
      1,
      6
     ],
     [
      60,
      5,
      10
     ],
     [
      65,
      1,
      5
     ],
     [
      127,
      1,
      1
     ],
     [
      128,
      1,
      7
     ],
     [
      129,
      8,
      10
     ],
     [
      137,
      1,
      7
     ],
     [
      227,
      1,
      6
     ],
     [
      238,
      1,
      8
     ],
     [
      239,
      42,
      10
     ],
     [
      281,
      1,
      6
     ]
    ],
    "144": [
     [
      60,
      1,
      3
     ],
     [
      61,
      1,
      9
     ],
     [
      62,
      4,
      10
     ],
     [
      66,
      1,
      2
     ],
     [
      67,
      1,
      1
     ],
     [
      68,
      1,
      2
     ],
     [
      69,
      1,
      3
     ],
     [
      70,
      1,
      2
     ],
     [
      71,
      1,
      4
     ],
     [
      72,
      1,
      2
     ],
     [
      73,
      2,
      3
     ],
     [
      75,
      2,
      5
     ],
     [
      77,
      1,
      1
     ],
     [
      127,
      1,
      7
     ],
     [
      128,
      6,
      10
     ],
     [
      134,
      1,
      9
     ],
     [
      135,
      1,
      10
     ],
     [
      136,
      1,
      1
     ],
     [
      137,
      1,
      2
     ],
     [
      226,
      2,
      1
     ],
     [
      239,
      1,
      6
     ],
     [
      240,
      41,
      10
     ],
     [
      281,
      1,
      4
     ]
    ],
    "145": [
     [
      61,
      1,
      2
     ],
     [
      62,
      11,
      10
     ],
     [
      126,
      1,
      2
     ],
     [
      127,
      7,
      10
     ],
     [
      134,
      1,
      2
     ],
     [
      240,
      1,
      4
     ],
     [
      241,
      40,
      10
     ],
     [
      281,
      1,
      1
     ]
    ],
    "146": [
     [
      52,
      1,
      2
     ],
     [
      62,
      1,
      3
     ],
     [
      63,
      1,
      7
     ],
     [
      64,
      8,
      10
     ],
     [
      72,
      1,
      9
     ],
     [
      126,
      1,
      6
     ],
     [
      127,
      6,
      10
     ],
     [
      133,
      1,
      2
     ],
     [
      242,
      1,
      9
     ],
     [
      243,
      38,
      10
     ]
    ],
    "147": [
     [
      52,
      1,
      2
     ],
     [
      64,
      1,
      2
     ],
     [
      65,
      1,
      8
     ],
     [
      66,
      7,
      10
     ],
     [
      73,
      1,
      6
     ],
     [
      74,
      1,
      1
     ],
     [
      125,
      1,
      6
     ],
     [
      126,
      6,
      10
     ],
     [
      132,
      1,
      4
     ],
     [
      230,
      1,
      6
     ],
     [
      242,
      1,
      1
     ],
     [
      243,
      1,
      9
     ],
     [
      244,
      36,
      10
     ],
     [
      280,
      1,
      7
     ]
    ],
    "148": [
     [
      66,
      1,
      4
     ],
     [
      67,
      8,
      10
     ],
     [
      75,
      1,
      8
     ],
     [
      76,
      1,
      1
     ],
     [
      124,
      1,
      1
     ],
     [
      125,
      1,
      9
     ],
     [
      126,
      5,
      10
     ],
     [
      131,
      1,
      8
     ],
     [
      230,
      1,
      2
     ],
     [
      244,
      1,
      9
     ],
     [
      245,
      35,
      10
     ],
     [
      280,
      1,
      6
     ]
    ],
    "149": [
     [
      67,
      1,
      3
     ],
     [
      68,
      1,
      8
     ],
     [
      69,
      7,
      10
     ],
     [
      76,
      1,
      8
     ],
     [
      123,
      1,
      2
     ],
     [
      124,
      1,
      7
     ],
     [
      125,
      6,
      10
     ],
     [
      131,
      1,
      1
     ],
     [
      244,
      1,
      1
     ],
     [
      245,
      1,
      8
     ],
     [
      246,
      34,
      10
     ],
     [
      280,
      1,
      3
     ]
    ],
    "150": [
     [
      68,
      1,
      2
     ],
     [
      70,
      1,
      1
     ],
     [
      71,
      1,
      6
     ],
     [
      72,
      5,
      10
     ],
     [
      77,
      1,
      4
     ],
     [
      78,
      1,
      2
     ],
     [
      122,
      1,
      1
     ],
     [
      123,
      1,
      8
     ],
     [
      124,
      4,
      10
     ],
     [
      128,
      1,
      8
     ],
     [
      129,
      1,
      2
     ],
     [
      130,
      1,
      1
     ],
     [
      235,
      1,
      4
     ],
     [
      245,
      1,
      4
     ],
     [
      246,
      34,
      10
     ],
     [
      280,
      1,
      1
     ]
    ],
    "151": [
     [
      72,
      1,
      2
     ],
     [
      73,
      3,
      10
     ],
     [
      76,
      1,
      2
     ],
     [
      77,
      1,
      1
     ],
     [
      78,
      2,
      3
     ],
     [
      121,
      1,
      2
     ],
     [
      122,
      2,
      10
     ],
     [
      124,
      1,
      9
     ],
     [
      125,
      2,
      8
     ],
     [
      127,
      1,
      1
     ],
     [
      233,
      1,
      3
     ],
     [
      234,
      1,
      4
     ],
     [
      245,
      1,
      3
     ],
     [
      246,
      34,
      10
     ]
    ],
    "152": [
     [
      72,
      1,
      4
     ],
     [
      73,
      3,
      10
     ],
     [
      120,
      1,
      2
     ],
     [
      121,
      1,
      9
     ],
     [
      122,
      1,
      10
     ],
     [
      123,
      1,
      6
     ],
     [
      124,
      1,
      1
     ],
     [
      246,
      1,
      8
     ],
     [
      247,
      32,
      10
     ],
     [
      279,
      1,
      7
     ]
    ],
    "153": [
     [
      72,
      1,
      8
     ],
     [
      73,
      3,
      10
     ],
     [
      76,
      1,
      6
     ],
     [
      120,
      1,
      8
     ],
     [
      121,
      2,
      10
     ],
     [
      246,
      1,
      1
     ],
     [
      247,
      1,
      9
     ],
     [
      248,
      31,
      10
     ],
     [
      279,
      1,
      4
     ]
    ],
    "154": [
     [
      71,
      1,
      3
     ],
     [
      72,
      5,
      10
     ],
     [
      77,
      1,
      5
     ],
     [
      120,
      1,
      6
     ],
     [
      121,
      1,
      10
     ],
     [
      122,
      1,
      7
     ],
     [
      247,
      1,
      7
     ],
     [
      248,
      31,
      10
     ],
     [
      279,
      1,
      3
     ]
    ],
    "155": [
     [
      67,
      1,
      1
     ],
     [
      68,
      1,
      3
     ],
     [
      70,
      1,
      4
     ],
     [
      71,
      6,
      10
     ],
     [
      77,
      1,
      6
     ],
     [
      83,
      2,
      2
     ],
     [
      120,
      1,
      8
     ],
     [
      121,
      1,
      10
     ],
     [
      122,
      1,
      8
     ],
     [
      240,
      1,
      1
     ],
     [
      241,
      1,
      2
     ],
     [
      247,
      32,
      10
     ]
    ],
    "156": [
     [
      67,
      1,
      2
     ],
     [
      70,
      1,
      6
     ],
     [
      71,
      6,
      10
     ],
     [
      77,
      1,
      8
     ],
     [
      120,
      1,
      5
     ],
     [
      121,
      1,
      10
     ],
     [
      122,
      1,
      7
     ],
     [
      239,
      1,
      5
     ],
     [
      240,
      3,
      10
     ],
     [
      243,
      1,
      9
     ],
     [
      244,
      1,
      1
     ],
     [
      246,
      3,
      3
     ],
     [
      249,
      1,
      9
     ],
     [
      250,
      28,
      10
     ],
     [
      278,
      1,
      9
     ]
    ],
    "157": [
     [
      67,
      1,
      1
     ],
     [
      68,
      3,
      9
     ],
     [
      71,
      7,
      10
     ],
     [
      78,
      1,
      2
     ],
     [
      121,
      1,
      3
     ],
     [
      122,
      1,
      6
     ],
     [
      123,
      1,
      2
     ],
     [
      238,
      1,
      8
     ],
     [
      239,
      3,
      10
     ],
     [
      242,
      1,
      1
     ],
     [
      243,
      1,
      3
     ],
     [
      244,
      1,
      1
     ],
     [
      249,
      1,
      2
     ],
     [
      250,
      1,
      9
     ],
     [
      251,
      27,
      10
     ],
     [
      278,
      1,
      7
     ]
    ],
    "158": [
     [
      68,
      1,
      6
     ],
     [
      69,
      9,
      10
     ],
     [
      123,
      1,
      1
     ],
     [
      124,
      1,
      2
     ],
     [
      237,
      1,
      5
     ],
     [
      238,
      4,
      10
     ],
     [
      242,
      1,
      1
     ],
     [
      250,
      1,
      4
     ],
     [
      251,
      1,
      9
     ],
     [
      252,
      26,
      10
     ],
     [
      278,
      1,
      4
     ]
    ],
    "159": [
     [
      68,
      1,
      1
     ],
     [
      69,
      1,
      5
     ],
     [
      70,
      9,
      10
     ],
     [
      123,
      1,
      2
     ],
     [
      124,
      1,
      4
     ],
     [
      237,
      1,
      4
     ],
     [
      238,
      4,
      10
     ],
     [
      242,
      1,
      3
     ],
     [
      244,
      1,
      2
     ],
     [
      251,
      1,
      4
     ],
     [
      252,
      1,
      6
     ],
     [
      253,
      25,
      10
     ],
     [
      278,
      1,
      3
     ]
    ],
    "160": [
     [
      70,
      1,
      4
     ],
     [
      71,
      1,
      6
     ],
     [
      72,
      1,
      9
     ],
     [
      73,
      1,
      10
     ],
     [
      74,
      2,
      9
     ],
     [
      76,
      1,
      1
     ],
     [
      78,
      2,
      5
     ],
     [
      80,
      1,
      1
     ],
     [
      123,
      1,
      8
     ],
     [
      238,
      1,
      2
     ],
     [
      239,
      2,
      4
     ],
     [
      241,
      1,
      8
     ],
     [
      242,
      1,
      9
     ],
     [
      243,
      1,
      5
     ],
     [
      248,
      2,
      1
     ],
     [
      253,
      1,
      8
     ],
     [
      254,
      24,
      10
     ]
    ],
    "161": [
     [
      78,
      1,
      5
     ],
     [
      79,
      1,
      10
     ],
     [
      80,
      1,
      3
     ],
     [
      123,
      1,
      5
     ],
     [
      248,
      2,
      4
     ],
     [
      253,
      1,
      1
     ],
     [
      254,
      1,
      8
     ],
     [
      255,
      22,
      10
     ],
     [
      277,
      1,
      8
     ]
    ],
    "162": [
     [
      79,
      1,
      7
     ],
     [
      122,
      1,
      2
     ],
     [
      123,
      1,
      8
     ],
     [
      124,
      1,
      5
     ],
     [
      251,
      1,
      1
     ],
     [
      254,
      1,
      1
     ],
     [
      255,
      1,
      8
     ],
     [
      256,
      21,
      10
     ],
     [
      277,
      1,
      6
     ]
    ],
    "163": [
     [
      122,
      1,
      4
     ],
     [
      123,
      1,
      10
     ],
     [
      124,
      1,
      5
     ],
     [
      245,
      1,
      8
     ],
     [
      246,
      1,
      6
     ],
     [
      247,
      1,
      2
     ],
     [
      248,
      1,
      3
     ],
     [
      251,
      1,
      10
     ],
     [
      252,
      1,
      2
     ],
     [
      255,
      1,
      1
     ],
     [
      256,
      21,
      10
     ],
     [
      277,
      1,
      4
     ]
    ],
    "164": [
     [
      122,
      1,
      8
     ],
     [
      123,
      1,
      10
     ],
     [
      124,
      1,
      9
     ],
     [
      125,
      1,
      3
     ],
     [
      246,
      1,
      7
     ],
     [
      247,
      5,
      10
     ],
     [
      252,
      1,
      8
     ],
     [
      253,
      1,
      2
     ],
     [
      256,
      1,
      5
     ],
     [
      257,
      20,
      10
     ],
     [
      277,
      1,
      2
     ]
    ],
    "165": [
     [
      122,
      1,
      4
     ],
     [
      123,
      1,
      5
     ],
     [
      247,
      1,
      9
     ],
     [
      248,
      5,
      10
     ],
     [
      253,
      1,
      2
     ],
     [
      257,
      1,
      7
     ],
     [
      258,
      19,
      10
     ]
    ],
    "166": [
     [
      247,
      1,
      2
     ],
     [
      248,
      1,
      6
     ],
     [
      249,
      2,
      9
     ],
     [
      251,
      1,
      8
     ],
     [
      252,
      2,
      10
     ],
     [
      254,
      1,
      6
     ],
     [
      255,
      1,
      1
     ],
     [
      258,
      1,
      8
     ],
     [
      259,
      17,
      10
     ],
     [
      276,
      1,
      8
     ]
    ],
    "167": [
     [
      117,
      1,
      1
     ],
     [
      118,
      1,
      2
     ],
     [
      249,
      2,
      3
     ],
     [
      252,
      1,
      6
     ],
     [
      253,
      2,
      10
     ],
     [
      255,
      1,
      4
     ],
     [
      258,
      1,
      1
     ],
     [
      259,
      17,
      10
     ],
     [
      276,
      1,
      7
     ]
    ],
    "168": [
     [
      118,
      1,
      1
     ],
     [
      252,
      1,
      6
     ],
     [
      253,
      1,
      9
     ],
     [
      254,
      2,
      10
     ],
     [
      256,
      1,
      2
     ],
     [
      259,
      1,
      7
     ],
     [
      260,
      16,
      10
     ],
     [
      276,
      1,
      3
     ]
    ],
    "169": [
     [
      118,
      1,
      9
     ],
     [
      119,
      1,
      10
     ],
     [
      253,
      1,
      8
     ],
     [
      254,
      2,
      10
     ],
     [
      256,
      1,
      7
     ],
     [
      260,
      1,
      8
     ],
     [
      261,
      15,
      10
     ],
     [
      276,
      1,
      1
     ]
    ],
    "170": [
     [
      253,
      1,
      2
     ],
     [
      254,
      1,
      8
     ],
     [
      255,
      1,
      9
     ],
     [
      256,
      1,
      10
     ],
     [
      260,
      1,
      1
     ],
     [
      261,
      15,
      10
     ]
    ],
    "171": [
     [
      261,
      1,
      2
     ],
     [
      262,
      13,
      10
     ],
     [
      275,
      1,
      7
     ]
    ],
    "172": [
     [
      262,
      1,
      7
     ],
     [
      263,
      12,
      10
     ],
     [
      275,
      1,
      6
     ]
    ],
    "173": [
     [
      258,
      2,
      2
     ],
     [
      263,
      1,
      7
     ],
     [
      264,
      11,
      10
     ],
     [
      275,
      1,
      3
     ]
    ],
    "174": [
     [
      260,
      1,
      8
     ],
     [
      261,
      1,
      1
     ],
     [
      263,
      1,
      2
     ],
     [
      264,
      11,
      10
     ],
     [
      275,
      1,
      1
     ]
    ],
    "175": [
     [
      259,
      1,
      2
     ],
     [
      260,
      1,
      10
     ],
     [
      261,
      1,
      5
     ],
     [
      264,
      1,
      4
     ],
     [
      265,
      10,
      10
     ]
    ],
    "176": [
     [
      260,
      1,
      6
     ],
     [
      261,
      1,
      10
     ],
     [
      262,
      1,
      4
     ],
     [
      265,
      1,
      6
     ],
     [
      266,
      8,
      10
     ],
     [
      274,
      1,
      6
     ]
    ],
    "177": [
     [
      260,
      1,
      3
     ],
     [
      261,
      2,
      8
     ],
     [
      263,
      1,
      1
     ],
     [
      265,
      1,
      2
     ],
     [
      266,
      8,
      10
     ],
     [
      274,
      1,
      5
     ]
    ],
    "178": [
     [
      261,
      1,
      6
     ],
     [
      262,
      1,
      10
     ],
     [
      263,
      1,
      6
     ],
     [
      266,
      1,
      7
     ],
     [
      267,
      7,
      10
     ],
     [
      274,
      1,
      4
     ]
    ],
    "179": [
     [
      261,
      1,
      6
     ],
     [
      262,
      1,
      10
     ],
     [
      263,
      1,
      6
     ],
     [
      266,
      1,
      1
     ],
     [
      267,
      1,
      9
     ],
     [
      268,
      6,
      10
     ]
    ],
    "180": [
     [
      262,
      2,
      8
     ],
     [
      264,
      1,
      2
     ],
     [
      267,
      1,
      6
     ],
     [
      268,
      5,
      10
     ],
     [
      273,
      1,
      9
     ]
    ],
    "181": [
     [
      259,
      1,
      1
     ],
     [
      260,
      1,
      4
     ],
     [
      261,
      1,
      8
     ],
     [
      262,
      2,
      10
     ],
     [
      264,
      1,
      3
     ],
     [
      268,
      1,
      6
     ],
     [
      269,
      4,
      10
     ],
     [
      273,
      1,
      7
     ]
    ],
    "182": [
     [
      259,
      1,
      1
     ],
     [
      260,
      3,
      10
     ],
     [
      263,
      1,
      7
     ],
     [
      264,
      1,
      2
     ],
     [
      269,
      4,
      10
     ],
     [
      273,
      1,
      4
     ]
    ],
    "183": [
     [
      259,
      1,
      2
     ],
     [
      260,
      1,
      8
     ],
     [
      261,
      2,
      10
     ],
     [
      269,
      4,
      10
     ],
     [
      273,
      1,
      3
     ]
    ],
    "184": [
     [
      260,
      1,
      8
     ],
     [
      261,
      3,
      10
     ],
     [
      264,
      1,
      6
     ],
     [
      269,
      1,
      7
     ],
     [
      270,
      3,
      10
     ]
    ],
    "185": [
     [
      260,
      1,
      4
     ],
     [
      261,
      3,
      10
     ],
     [
      264,
      1,
      2
     ],
     [
      269,
      1,
      5
     ],
     [
      270,
      2,
      10
     ],
     [
      272,
      1,
      9
     ]
    ],
    "186": [
     [
      260,
      1,
      1
     ],
     [
      261,
      1,
      8
     ],
     [
      262,
      3,
      10
     ],
     [
      269,
      1,
      4
     ],
     [
      270,
      2,
      10
     ],
     [
      272,
      1,
      7
     ]
    ],
    "187": [
     [
      262,
      3,
      10
     ],
     [
      265,
      2,
      8
     ],
     [
      269,
      1,
      2
     ],
     [
      270,
      2,
      10
     ],
     [
      272,
      1,
      3
     ]
    ],
    "188": [
     [
      262,
      5,
      10
     ],
     [
      267,
      1,
      4
     ],
     [
      269,
      1,
      1
     ],
     [
      270,
      2,
      10
     ],
     [
      272,
      1,
      2
     ]
    ],
    "189": [
     [
      267,
      1,
      5
     ],
     [
      269,
      1,
      2
     ],
     [
      270,
      2,
      10
     ]
    ]
   }
  },
  "clutter_headroom": 74.35,
  "clutter_at_floor": 0.219,
  "clutter_verdict": "vessels present"
 },
 "features": [
  {
   "type": "Feature",
   "geometry": {
    "type": "Point",
    "coordinates": [
     -76.45175829152465,
     37.993683704211236
    ]
   },
   "properties": {
    "confidence": 0.95,
    "snr": 25.11,
    "peak_dn": 336.0,
    "background_dn": 49.5,
    "sigma_dn": 11.41,
    "pixels": 13,
    "length_m_approx": 36.1,
    "pixel": [
     1321.5,
     437.6
    ],
    "scene": "S1A_IW_GRDH_1SDV_20241230T225903_20241230T225928_057228_070A00_44C7_COG.SAFE",
    "t": "2024-12-30T22:59:03+00:00",
    "sensor": "sentinel1-vv-cfar",
    "uncertainty_m": 20.4
   }
  },
  {
   "type": "Feature",
   "geometry": {
    "type": "Point",
    "coordinates": [
     -76.4332989237493,
     38.018846792778916
    ]
   },
   "properties": {
    "confidence": 0.95,
    "snr": 20.66,
    "peak_dn": 279.0,
    "background_dn": 47.4,
    "sigma_dn": 11.21,
    "pixels": 9,
    "length_m_approx": 30.0,
    "pixel": [
     1533.8,
     677.7
    ],
    "scene": "S1A_IW_GRDH_1SDV_20241230T225903_20241230T225928_057228_070A00_44C7_COG.SAFE",
    "t": "2024-12-30T22:59:03+00:00",
    "sensor": "sentinel1-vv-cfar",
    "uncertainty_m": 17.8
   }
  },
  {
   "type": "Feature",
   "geometry": {
    "type": "Point",
    "coordinates": [
     -76.5296291176021,
     38.11489016411541
    ]
   },
   "properties": {
    "confidence": 0.711,
    "snr": 14.23,
    "peak_dn": 384.0,
    "background_dn": 70.6,
    "sigma_dn": 22.03,
    "pixels": 9,
    "length_m_approx": 30.0,
    "pixel": [
     905.0,
     1862.0
    ],
    "scene": "S1A_IW_GRDH_1SDV_20241230T225903_20241230T225928_057228_070A00_44C7_COG.SAFE",
    "t": "2024-12-30T22:59:03+00:00",
    "sensor": "sentinel1-vv-cfar",
    "uncertainty_m": 17.8
   }
  },
  {
   "type": "Feature",
   "geometry": {
    "type": "Point",
    "coordinates": [
     -76.43287788536449,
     38.07590446453091
    ]
   },
   "properties": {
    "confidence": 0.688,
    "snr": 13.76,
    "peak_dn": 216.0,
    "background_dn": 49.3,
    "sigma_dn": 12.12,
    "pixels": 6,
    "length_m_approx": 24.5,
    "pixel": [
     1657.0,
     1288.5
    ],
    "scene": "S1A_IW_GRDH_1SDV_20241230T225903_20241230T225928_057228_070A00_44C7_COG.SAFE",
    "t": "2024-12-30T22:59:03+00:00",
    "sensor": "sentinel1-vv-cfar",
    "uncertainty_m": 15.5
   }
  },
  {
   "type": "Feature",
   "geometry": {
    "type": "Point",
    "coordinates": [
     -76.44219267245586,
     38.01266816941113
    ]
   },
   "properties": {
    "confidence": 0.64,
    "snr": 12.8,
    "peak_dn": 212.0,
    "background_dn": 50.9,
    "sigma_dn": 12.59,
    "pixels": 7,
    "length_m_approx": 26.5,
    "pixel": [
     1444.0,
     625.7
    ],
    "scene": "S1A_IW_GRDH_1SDV_20241230T225903_20241230T225928_057228_070A00_44C7_COG.SAFE",
    "t": "2024-12-30T22:59:03+00:00",
    "sensor": "sentinel1-vv-cfar",
    "uncertainty_m": 16.3
   }
  },
  {
   "type": "Feature",
   "geometry": {
    "type": "Point",
    "coordinates": [
     -76.5771204166787,
     38.10873917278705
    ]
   },
   "properties": {
    "confidence": 0.532,
    "snr": 10.63,
    "peak_dn": 179.0,
    "background_dn": 51.2,
    "sigma_dn": 12.02,
    "pixels": 8,
    "length_m_approx": 28.3,
    "pixel": [
     484.1,
     1872.8
    ],
    "scene": "S1A_IW_GRDH_1SDV_20241230T225903_20241230T225928_057228_070A00_44C7_COG.SAFE",
    "t": "2024-12-30T22:59:03+00:00",
    "sensor": "sentinel1-vv-cfar",
    "uncertainty_m": 17.1
   }
  },
  {
   "type": "Feature",
   "geometry": {
    "type": "Point",
    "coordinates": [
     -76.41773464809427,
     38.02908198800662
    ]
   },
   "properties": {
    "confidence": 0.483,
    "snr": 9.65,
    "peak_dn": 151.0,
    "background_dn": 46.3,
    "sigma_dn": 10.85,
    "pixels": 5,
    "length_m_approx": 22.4,
    "pixel": [
     1689.8,
     762.4
    ],
    "scene": "S1A_IW_GRDH_1SDV_20241230T225903_20241230T225928_057228_070A00_44C7_COG.SAFE",
    "t": "2024-12-30T22:59:03+00:00",
    "sensor": "sentinel1-vv-cfar",
    "uncertainty_m": 14.7
   }
  },
  {
   "type": "Feature",
   "geometry": {
    "type": "Point",
    "coordinates": [
     -76.38421243148592,
     37.986434566073115
    ]
   },
   "properties": {
    "confidence": 0.48,
    "snr": 9.61,
    "peak_dn": 146.0,
    "background_dn": 44.7,
    "sigma_dn": 10.55,
    "pixels": 6,
    "length_m_approx": 24.5,
    "pixel": [
     1890.3,
     251.5
    ],
    "scene": "S1A_IW_GRDH_1SDV_20241230T225903_20241230T225928_057228_070A00_44C7_COG.SAFE",
    "t": "2024-12-30T22:59:03+00:00",
    "sensor": "sentinel1-vv-cfar",
    "uncertainty_m": 15.5
   }
  },
  {
   "type": "Feature",
   "geometry": {
    "type": "Point",
    "coordinates": [
     -76.38429739464875,
     37.986822277752644
    ]
   },
   "properties": {
    "confidence": 0.457,
    "snr": 9.14,
    "peak_dn": 141.0,
    "background_dn": 44.7,
    "sigma_dn": 10.54,
    "pixels": 5,
    "length_m_approx": 22.4,
    "pixel": [
     1890.4,
     255.8
    ],
    "scene": "S1A_IW_GRDH_1SDV_20241230T225903_20241230T225928_057228_070A00_44C7_COG.SAFE",
    "t": "2024-12-30T22:59:03+00:00",
    "sensor": "sentinel1-vv-cfar",
    "uncertainty_m": 14.7
   }
  },
  {
   "type": "Feature",
   "geometry": {
    "type": "Point",
    "coordinates": [
     -76.57752372663074,
     38.108649520822325
    ]
   },
   "properties": {
    "confidence": 0.443,
    "snr": 8.87,
    "peak_dn": 158.0,
    "background_dn": 51.3,
    "sigma_dn": 12.03,
    "pixels": 4,
    "length_m_approx": 20.0,
    "pixel": [
     480.5,
     1872.5
    ],
    "scene": "S1A_IW_GRDH_1SDV_20241230T225903_20241230T225928_057228_070A00_44C7_COG.SAFE",
    "t": "2024-12-30T22:59:03+00:00",
    "sensor": "sentinel1-vv-cfar",
    "uncertainty_m": 13.8
   }
  },
  {
   "type": "Feature",
   "geometry": {
    "type": "Point",
    "coordinates": [
     -76.28954493447532,
     38.12817088220848
    ]
   },
   "properties": {
    "confidence": 0.95,
    "snr": 76.93,
    "peak_dn": 1122.0,
    "background_dn": 46.6,
    "sigma_dn": 13.98,
    "pixels": 23,
    "length_m_approx": 48.0,
    "pixel": [
     3003.2,
     1619.7
    ],
    "scene": "S1A_IW_GRDH_1SDV_20241230T225903_20241230T225928_057228_070A00_44C7_COG.SAFE",
    "t": "2024-12-30T22:59:03+00:00",
    "sensor": "sentinel1-vv-cfar",
    "uncertainty_m": 25.8
   }
  },
  {
   "type": "Feature",
   "geometry": {
    "type": "Point",
    "coordinates": [
     -76.15442284047838,
     38.03983960980452
    ]
   },
   "properties": {
    "confidence": 0.95,
    "snr": 72.78,
    "peak_dn": 1536.0,
    "background_dn": 83.6,
    "sigma_dn": 19.96,
    "pixels": 75,
    "length_m_approx": 86.6,
    "pixel": [
     3985.4,
     457.6
    ],
    "scene": "S1A_IW_GRDH_1SDV_20241230T225903_20241230T225928_057228_070A00_44C7_COG.SAFE",
    "t": "2024-12-30T22:59:03+00:00",
    "sensor": "sentinel1-vv-cfar",
    "uncertainty_m": 44.1
   }
  },
  {
   "type": "Feature",
   "geometry": {
    "type": "Point",
    "coordinates": [
     -76.34482870962262,
     37.9879013393872
    ]
   },
   "properties": {
    "confidence": 0.95,
    "snr": 21.67,
    "peak_dn": 255.0,
    "background_dn": 42.5,
    "sigma_dn": 9.81,
    "pixels": 9,
    "length_m_approx": 30.0,
    "pixel": [
     2234.0,
     204.0
    ],
    "scene": "S1A_IW_GRDH_1SDV_20241230T225903_20241230T225928_057228_070A00_44C7_COG.SAFE",
    "t": "2024-12-30T22:59:03+00:00",
    "sensor": "sentinel1-vv-cfar",
    "uncertainty_m": 17.8
   }
  },
  {
   "type": "Feature",
   "geometry": {
    "type": "Point",
    "coordinates": [
     -76.2250062706945,
     38.16681477546501
    ]
   },
   "properties": {
    "confidence": 0.931,
    "snr": 18.62,
    "peak_dn": 386.0,
    "background_dn": 72.6,
    "sigma_dn": 16.83,
    "pixels": 18,
    "length_m_approx": 42.4,
    "pixel": [
     3639.8,
     1931.6
    ],
    "scene": "S1A_IW_GRDH_1SDV_20241230T225903_20241230T225928_057228_070A00_44C7_COG.SAFE",
    "t": "2024-12-30T22:59:03+00:00",
    "sensor": "sentinel1-vv-cfar",
    "uncertainty_m": 23.3
   }
  },
  {
   "type": "Feature",
   "geometry": {
    "type": "Point",
    "coordinates": [
     -76.20391760823117,
     38.02837799787576
    ]
   },
   "properties": {
    "confidence": 0.749,
    "snr": 14.99,
    "peak_dn": 405.0,
    "background_dn": 75.9,
    "sigma_dn": 21.95,
    "pixels": 8,
    "length_m_approx": 28.3,
    "pixel": [
     3534.7,
     413.2
    ],
    "scene": "S1A_IW_GRDH_1SDV_20241230T225903_20241230T225928_057228_070A00_44C7_COG.SAFE",
    "t": "2024-12-30T22:59:03+00:00",
    "sensor": "sentinel1-vv-cfar",
    "uncertainty_m": 17.1
   }
  },
  {
   "type": "Feature",
   "geometry": {
    "type": "Point",
    "coordinates": [
     -76.21452879854633,
     38.115353991726394
    ]
   },
   "properties": {
    "confidence": 0.623,
    "snr": 12.47,
    "peak_dn": 310.0,
    "background_dn": 79.3,
    "sigma_dn": 18.5,
    "pixels": 6,
    "length_m_approx": 24.5,
    "pixel": [
     3623.5,
     1363.0
    ],
    "scene": "S1A_IW_GRDH_1SDV_20241230T225903_20241230T225928_057228_070A00_44C7_COG.SAFE",
    "t": "2024-12-30T22:59:03+00:00",
    "sensor": "sentinel1-vv-cfar",
    "uncertainty_m": 15.5
   }
  },
  {
   "type": "Feature",
   "geometry": {
    "type": "Point",
    "coordinates": [
     -76.28421797588658,
     38.145208737715976
    ]
   },
   "properties": {
    "confidence": 0.496,
    "snr": 9.92,
    "peak_dn": 278.0,
    "background_dn": 65.0,
    "sigma_dn": 21.48,
    "pixels": 6,
    "length_m_approx": 24.5,
    "pixel": [
     3084.5,
     1794.0
    ],
    "scene": "S1A_IW_GRDH_1SDV_20241230T225903_20241230T225928_057228_070A00_44C7_COG.SAFE",
    "t": "2024-12-30T22:59:03+00:00",
    "sensor": "sentinel1-vv-cfar",
    "uncertainty_m": 15.5
   }
  },
  {
   "type": "Feature",
   "geometry": {
    "type": "Point",
    "coordinates": [
     -76.34353049725043,
     38.014280488442516
    ]
   },
   "properties": {
    "confidence": 0.413,
    "snr": 8.26,
    "peak_dn": 151.0,
    "background_dn": 45.8,
    "sigma_dn": 12.74,
    "pixels": 3,
    "length_m_approx": 17.3,
    "pixel": [
     2300.3,
     484.7
    ],
    "scene": "S1A_IW_GRDH_1SDV_20241230T225903_20241230T225928_057228_070A00_44C7_COG.SAFE",
    "t": "2024-12-30T22:59:03+00:00",
    "sensor": "sentinel1-vv-cfar",
    "uncertainty_m": 12.9
   }
  },
  {
   "type": "Feature",
   "geometry": {
    "type": "Point",
    "coordinates": [
     -76.32285282058032,
     38.02514676881544
    ]
   },
   "properties": {
    "confidence": 0.382,
    "snr": 7.63,
    "peak_dn": 273.0,
    "background_dn": 81.2,
    "sigma_dn": 25.13,
    "pixels": 4,
    "length_m_approx": 20.0,
    "pixel": [
     2501.8,
     568.0
    ],
    "scene": "S1A_IW_GRDH_1SDV_20241230T225903_20241230T225928_057228_070A00_44C7_COG.SAFE",
    "t": "2024-12-30T22:59:03+00:00",
    "sensor": "sentinel1-vv-cfar",
    "uncertainty_m": 13.8
   }
  },
  {
   "type": "Feature",
   "geometry": {
    "type": "Point",
    "coordinates": [
     -76.27389224035706,
     38.01298136728156
    ]
   },
   "properties": {
    "confidence": 0.324,
    "snr": 6.47,
    "peak_dn": 111.0,
    "background_dn": 42.3,
    "sigma_dn": 10.61,
    "pixels": 2,
    "length_m_approx": 14.1,
    "pixel": [
     2899.0,
     359.5
    ],
    "scene": "S1A_IW_GRDH_1SDV_20241230T225903_20241230T225928_057228_070A00_44C7_COG.SAFE",
    "t": "2024-12-30T22:59:03+00:00",
    "sensor": "sentinel1-vv-cfar",
    "uncertainty_m": 11.9
   }
  },
  {
   "type": "Feature",
   "geometry": {
    "type": "Point",
    "coordinates": [
     -75.97914979228827,
     38.16939127253049
    ]
   },
   "properties": {
    "confidence": 0.95,
    "snr": 66.56,
    "peak_dn": 1200.0,
    "background_dn": 64.7,
    "sigma_dn": 17.06,
    "pixels": 72,
    "length_m_approx": 84.9,
    "pixel": [
     5762.5,
     1572.4
    ],
    "scene": "S1A_IW_GRDH_1SDV_20241230T225903_20241230T225928_057228_070A00_44C7_COG.SAFE",
    "t": "2024-12-30T22:59:03+00:00",
    "sensor": "sentinel1-vv-cfar",
    "uncertainty_m": 43.2
   }
  },
  {
   "type": "Feature",
   "geometry": {
    "type": "Point",
    "coordinates": [
     -75.9499387588085,
     38.210385392783145
    ]
   },
   "properties": {
    "confidence": 0.95,
    "snr": 65.13,
    "peak_dn": 1239.0,
    "background_dn": 74.6,
    "sigma_dn": 17.88,
    "pixels": 57,
    "length_m_approx": 75.5,
    "pixel": [
     6097.7,
     1966.9
    ],
    "scene": "S1A_IW_GRDH_1SDV_20241230T225903_20241230T225928_057228_070A00_44C7_COG.SAFE",
    "t": "2024-12-30T22:59:03+00:00",
    "sensor": "sentinel1-vv-cfar",
    "uncertainty_m": 38.6
   }
  },
  {
   "type": "Feature",
   "geometry": {
    "type": "Point",
    "coordinates": [
     -75.98611195555794,
     38.20217992532302
    ]
   },
   "properties": {
    "confidence": 0.95,
    "snr": 19.3,
    "peak_dn": 368.0,
    "background_dn": 59.5,
    "sigma_dn": 15.99,
    "pixels": 11,
    "length_m_approx": 33.2,
    "pixel": [
     5769.5,
     1935.3
    ],
    "scene": "S1A_IW_GRDH_1SDV_20241230T225903_20241230T225928_057228_070A00_44C7_COG.SAFE",
    "t": "2024-12-30T22:59:03+00:00",
    "sensor": "sentinel1-vv-cfar",
    "uncertainty_m": 18.5
   }
  },
  {
   "type": "Feature",
   "geometry": {
    "type": "Point",
    "coordinates": [
     -75.92324169792988,
     38.037349509834605
    ]
   },
   "properties": {
    "confidence": 0.631,
    "snr": 12.61,
    "peak_dn": 173.0,
    "background_dn": 41.7,
    "sigma_dn": 10.41,
    "pixels": 6,
    "length_m_approx": 24.5,
    "pixel": [
     5974.5,
     67.0
    ],
    "scene": "S1A_IW_GRDH_1SDV_20241230T225903_20241230T225928_057228_070A00_44C7_COG.SAFE",
    "t": "2024-12-30T22:59:03+00:00",
    "sensor": "sentinel1-vv-cfar",
    "uncertainty_m": 14.8
   }
  },
  {
   "type": "Feature",
   "geometry": {
    "type": "Point",
    "coordinates": [
     -76.0951839117982,
     38.068713716782476
    ]
   },
   "properties": {
    "confidence": 0.626,
    "snr": 12.52,
    "peak_dn": 236.0,
    "background_dn": 57.6,
    "sigma_dn": 14.25,
    "pixels": 10,
    "length_m_approx": 31.6,
    "pixel": [
     4555.9,
     673.9
    ],
    "scene": "S1A_IW_GRDH_1SDV_20241230T225903_20241230T225928_057228_070A00_44C7_COG.SAFE",
    "t": "2024-12-30T22:59:03+00:00",
    "sensor": "sentinel1-vv-cfar",
    "uncertainty_m": 17.8
   }
  },
  {
   "type": "Feature",
   "geometry": {
    "type": "Point",
    "coordinates": [
     -75.97148985740711,
     38.10532950134941
    ]
   },
   "properties": {
    "confidence": 0.542,
    "snr": 10.85,
    "peak_dn": 278.0,
    "background_dn": 75.7,
    "sigma_dn": 18.65,
    "pixels": 4,
    "length_m_approx": 20.0,
    "pixel": [
     5697.5,
     872.5
    ],
    "scene": "S1A_IW_GRDH_1SDV_20241230T225903_20241230T225928_057228_070A00_44C7_COG.SAFE",
    "t": "2024-12-30T22:59:03+00:00",
    "sensor": "sentinel1-vv-cfar",
    "uncertainty_m": 13.0
   }
  },
  {
   "type": "Feature",
   "geometry": {
    "type": "Point",
    "coordinates": [
     -76.06336434976488,
     38.12858354989179
    ]
   },
   "properties": {
    "confidence": 0.514,
    "snr": 10.28,
    "peak_dn": 304.0,
    "background_dn": 87.9,
    "sigma_dn": 21.02,
    "pixels": 5,
    "length_m_approx": 22.4,
    "pixel": [
     4953.4,
     1266.2
    ],
    "scene": "S1A_IW_GRDH_1SDV_20241230T225903_20241230T225928_057228_070A00_44C7_COG.SAFE",
    "t": "2024-12-30T22:59:03+00:00",
    "sensor": "sentinel1-vv-cfar",
    "uncertainty_m": 13.9
   }
  },
  {
   "type": "Feature",
   "geometry": {
    "type": "Point",
    "coordinates": [
     -76.06406017669393,
     38.12747027648982
    ]
   },
   "properties": {
    "confidence": 0.508,
    "snr": 10.16,
    "peak_dn": 327.0,
    "background_dn": 88.1,
    "sigma_dn": 23.51,
    "pixels": 14,
    "length_m_approx": 37.4,
    "pixel": [
     4945.1,
     1255.3
    ],
    "scene": "S1A_IW_GRDH_1SDV_20241230T225903_20241230T225928_057228_070A00_44C7_COG.SAFE",
    "t": "2024-12-30T22:59:03+00:00",
    "sensor": "sentinel1-vv-cfar",
    "uncertainty_m": 20.5
   }
  },
  {
   "type": "Feature",
   "geometry": {
    "type": "Point",
    "coordinates": [
     -75.9861366012519,
     38.20267508676344
    ]
   },
   "properties": {
    "confidence": 0.47,
    "snr": 9.4,
    "peak_dn": 209.0,
    "background_dn": 59.4,
    "sigma_dn": 15.93,
    "pixels": 3,
    "length_m_approx": 17.3,
    "pixel": [
     5770.3,
     1940.7
    ],
    "scene": "S1A_IW_GRDH_1SDV_20241230T225903_20241230T225928_057228_070A00_44C7_COG.SAFE",
    "t": "2024-12-30T22:59:03+00:00",
    "sensor": "sentinel1-vv-cfar",
    "uncertainty_m": 12.0
   }
  },
  {
   "type": "Feature",
   "geometry": {
    "type": "Point",
    "coordinates": [
     -76.01440919505653,
     38.048234979851834
    ]
   },
   "properties": {
    "confidence": 0.443,
    "snr": 8.86,
    "peak_dn": 250.0,
    "background_dn": 80.8,
    "sigma_dn": 19.09,
    "pixels": 3,
    "length_m_approx": 17.3,
    "pixel": [
     5210.4,
     326.7
    ],
    "scene": "S1A_IW_GRDH_1SDV_20241230T225903_20241230T225928_057228_070A00_44C7_COG.SAFE",
    "t": "2024-12-30T22:59:03+00:00",
    "sensor": "sentinel1-vv-cfar",
    "uncertainty_m": 12.0
   }
  },
  {
   "type": "Feature",
   "geometry": {
    "type": "Point",
    "coordinates": [
     -75.97298276197702,
     38.18846091908766
    ]
   },
   "properties": {
    "confidence": 0.442,
    "snr": 8.84,
    "peak_dn": 234.0,
    "background_dn": 72.0,
    "sigma_dn": 18.32,
    "pixels": 4,
    "length_m_approx": 20.0,
    "pixel": [
     5854.5,
     1767.5
    ],
    "scene": "S1A_IW_GRDH_1SDV_20241230T225903_20241230T225928_057228_070A00_44C7_COG.SAFE",
    "t": "2024-12-30T22:59:03+00:00",
    "sensor": "sentinel1-vv-cfar",
    "uncertainty_m": 13.0
   }
  },
  {
   "type": "Feature",
   "geometry": {
    "type": "Point",
    "coordinates": [
     -76.06384714740699,
     38.129588613901504
    ]
   },
   "properties": {
    "confidence": 0.433,
    "snr": 8.65,
    "peak_dn": 298.0,
    "background_dn": 89.1,
    "sigma_dn": 24.14,
    "pixels": 7,
    "length_m_approx": 26.5,
    "pixel": [
     4951.3,
     1277.7
    ],
    "scene": "S1A_IW_GRDH_1SDV_20241230T225903_20241230T225928_057228_070A00_44C7_COG.SAFE",
    "t": "2024-12-30T22:59:03+00:00",
    "sensor": "sentinel1-vv-cfar",
    "uncertainty_m": 15.6
   }
  },
  {
   "type": "Feature",
   "geometry": {
    "type": "Point",
    "coordinates": [
     -75.97932136233482,
     38.170639944858905
    ]
   },
   "properties": {
    "confidence": 0.43,
    "snr": 8.61,
    "peak_dn": 230.0,
    "background_dn": 65.8,
    "sigma_dn": 19.08,
    "pixels": 4,
    "length_m_approx": 20.0,
    "pixel": [
     5763.5,
     1586.0
    ],
    "scene": "S1A_IW_GRDH_1SDV_20241230T225903_20241230T225928_057228_070A00_44C7_COG.SAFE",
    "t": "2024-12-30T22:59:03+00:00",
    "sensor": "sentinel1-vv-cfar",
    "uncertainty_m": 13.0
   }
  },
  {
   "type": "Feature",
   "geometry": {
    "type": "Point",
    "coordinates": [
     -76.06350415095105,
     38.12778529486147
    ]
   },
   "properties": {
    "confidence": 0.401,
    "snr": 8.03,
    "peak_dn": 266.0,
    "background_dn": 87.8,
    "sigma_dn": 22.19,
    "pixels": 11,
    "length_m_approx": 33.2,
    "pixel": [
     4950.5,
     1257.8
    ],
    "scene": "S1A_IW_GRDH_1SDV_20241230T225903_20241230T225928_057228_070A00_44C7_COG.SAFE",
    "t": "2024-12-30T22:59:03+00:00",
    "sensor": "sentinel1-vv-cfar",
    "uncertainty_m": 18.5
   }
  },
  {
   "type": "Feature",
   "geometry": {
    "type": "Point",
    "coordinates": [
     -76.06417332012379,
     38.12652793977168
    ]
   },
   "properties": {
    "confidence": 0.38,
    "snr": 7.61,
    "peak_dn": 278.0,
    "background_dn": 89.1,
    "sigma_dn": 24.83,
    "pixels": 5,
    "length_m_approx": 22.4,
    "pixel": [
     4942.2,
     1245.4
    ],
    "scene": "S1A_IW_GRDH_1SDV_20241230T225903_20241230T225928_057228_070A00_44C7_COG.SAFE",
    "t": "2024-12-30T22:59:03+00:00",
    "sensor": "sentinel1-vv-cfar",
    "uncertainty_m": 13.9
   }
  },
  {
   "type": "Feature",
   "geometry": {
    "type": "Point",
    "coordinates": [
     -76.06167566531093,
     38.12823631412945
    ]
   },
   "properties": {
    "confidence": 0.375,
    "snr": 7.5,
    "peak_dn": 268.0,
    "background_dn": 88.9,
    "sigma_dn": 23.89,
    "pixels": 5,
    "length_m_approx": 22.4,
    "pixel": [
     4967.2,
     1259.8
    ],
    "scene": "S1A_IW_GRDH_1SDV_20241230T225903_20241230T225928_057228_070A00_44C7_COG.SAFE",
    "t": "2024-12-30T22:59:03+00:00",
    "sensor": "sentinel1-vv-cfar",
    "uncertainty_m": 13.9
   }
  },
  {
   "type": "Feature",
   "geometry": {
    "type": "Point",
    "coordinates": [
     -76.06120748392524,
     38.127624966037146
    ]
   },
   "properties": {
    "confidence": 0.367,
    "snr": 7.34,
    "peak_dn": 277.0,
    "background_dn": 89.7,
    "sigma_dn": 25.52,
    "pixels": 6,
    "length_m_approx": 24.5,
    "pixel": [
     4970.0,
     1252.5
    ],
    "scene": "S1A_IW_GRDH_1SDV_20241230T225903_20241230T225928_057228_070A00_44C7_COG.SAFE",
    "t": "2024-12-30T22:59:03+00:00",
    "sensor": "sentinel1-vv-cfar",
    "uncertainty_m": 14.8
   }
  },
  {
   "type": "Feature",
   "geometry": {
    "type": "Point",
    "coordinates": [
     -76.08911759613783,
     38.119842272075104
    ]
   },
   "properties": {
    "confidence": 0.346,
    "snr": 6.92,
    "peak_dn": 366.0,
    "background_dn": 95.8,
    "sigma_dn": 39.04,
    "pixels": 2,
    "length_m_approx": 14.1,
    "pixel": [
     4713.5,
     1213.0
    ],
    "scene": "S1A_IW_GRDH_1SDV_20241230T225903_20241230T225928_057228_070A00_44C7_COG.SAFE",
    "t": "2024-12-30T22:59:03+00:00",
    "sensor": "sentinel1-vv-cfar",
    "uncertainty_m": 10.9
   }
  },
  {
   "type": "Feature",
   "geometry": {
    "type": "Point",
    "coordinates": [
     -76.08739721235773,
     38.1216317187387
    ]
   },
   "properties": {
    "confidence": 0.332,
    "snr": 6.63,
    "peak_dn": 336.0,
    "background_dn": 94.0,
    "sigma_dn": 36.5,
    "pixels": 2,
    "length_m_approx": 14.1,
    "pixel": [
     4732.0,
     1229.5
    ],
    "scene": "S1A_IW_GRDH_1SDV_20241230T225903_20241230T225928_057228_070A00_44C7_COG.SAFE",
    "t": "2024-12-30T22:59:03+00:00",
    "sensor": "sentinel1-vv-cfar",
    "uncertainty_m": 10.9
   }
  },
  {
   "type": "Feature",
   "geometry": {
    "type": "Point",
    "coordinates": [
     -76.06357748498657,
     38.12912532845211
    ]
   },
   "properties": {
    "confidence": 0.327,
    "snr": 6.54,
    "peak_dn": 233.0,
    "background_dn": 88.5,
    "sigma_dn": 22.11,
    "pixels": 3,
    "length_m_approx": 17.3,
    "pixel": [
     4952.7,
     1272.3
    ],
    "scene": "S1A_IW_GRDH_1SDV_20241230T225903_20241230T225928_057228_070A00_44C7_COG.SAFE",
    "t": "2024-12-30T22:59:03+00:00",
    "sensor": "sentinel1-vv-cfar",
    "uncertainty_m": 12.0
   }
  },
  {
   "type": "Feature",
   "geometry": {
    "type": "Point",
    "coordinates": [
     -76.08679186896589,
     38.118289934428084
    ]
   },
   "properties": {
    "confidence": 0.316,
    "snr": 6.31,
    "peak_dn": 325.0,
    "background_dn": 93.9,
    "sigma_dn": 36.59,
    "pixels": 3,
    "length_m_approx": 17.3,
    "pixel": [
     4730.3,
     1192.7
    ],
    "scene": "S1A_IW_GRDH_1SDV_20241230T225903_20241230T225928_057228_070A00_44C7_COG.SAFE",
    "t": "2024-12-30T22:59:03+00:00",
    "sensor": "sentinel1-vv-cfar",
    "uncertainty_m": 12.0
   }
  },
  {
   "type": "Feature",
   "geometry": {
    "type": "Point",
    "coordinates": [
     -76.08648832817113,
     38.12074161311106
    ]
   },
   "properties": {
    "confidence": 0.314,
    "snr": 6.28,
    "peak_dn": 317.0,
    "background_dn": 94.0,
    "sigma_dn": 35.5,
    "pixels": 2,
    "length_m_approx": 14.1,
    "pixel": [
     4738.0,
     1218.5
    ],
    "scene": "S1A_IW_GRDH_1SDV_20241230T225903_20241230T225928_057228_070A00_44C7_COG.SAFE",
    "t": "2024-12-30T22:59:03+00:00",
    "sensor": "sentinel1-vv-cfar",
    "uncertainty_m": 10.9
   }
  },
  {
   "type": "Feature",
   "geometry": {
    "type": "Point",
    "coordinates": [
     -76.06422330170376,
     38.130536494092524
    ]
   },
   "properties": {
    "confidence": 0.304,
    "snr": 6.09,
    "peak_dn": 248.0,
    "background_dn": 90.4,
    "sigma_dn": 25.89,
    "pixels": 2,
    "length_m_approx": 14.1,
    "pixel": [
     4950.0,
     1288.5
    ],
    "scene": "S1A_IW_GRDH_1SDV_20241230T225903_20241230T225928_057228_070A00_44C7_COG.SAFE",
    "t": "2024-12-30T22:59:03+00:00",
    "sensor": "sentinel1-vv-cfar",
    "uncertainty_m": 10.9
   }
  },
  {
   "type": "Feature",
   "geometry": {
    "type": "Point",
    "coordinates": [
     -75.87871042155429,
     38.21442247399328
    ]
   },
   "properties": {
    "confidence": 0.69,
    "snr": 13.8,
    "peak_dn": 250.0,
    "background_dn": 52.9,
    "sigma_dn": 14.28,
    "pixels": 15,
    "length_m_approx": 38.7,
    "pixel": [
     6719.0,
     1899.4
    ],
    "scene": "S1A_IW_GRDH_1SDV_20241230T225903_20241230T225928_057228_070A00_44C7_COG.SAFE",
    "t": "2024-12-30T22:59:03+00:00",
    "sensor": "sentinel1-vv-cfar",
    "uncertainty_m": 20.2
   }
  },
  {
   "type": "Feature",
   "geometry": {
    "type": "Point",
    "coordinates": [
     -75.82341223072675,
     38.04574631783135
    ]
   },
   "properties": {
    "confidence": 0.587,
    "snr": 11.73,
    "peak_dn": 267.0,
    "background_dn": 69.2,
    "sigma_dn": 16.86,
    "pixels": 8,
    "length_m_approx": 28.3,
    "pixel": [
     6852.5,
     1.5
    ],
    "scene": "S1A_IW_GRDH_1SDV_20241230T225903_20241230T225928_057228_070A00_44C7_COG.SAFE",
    "t": "2024-12-30T22:59:03+00:00",
    "sensor": "sentinel1-vv-cfar",
    "uncertainty_m": 15.2
   }
  },
  {
   "type": "Feature",
   "geometry": {
    "type": "Point",
    "coordinates": [
     -75.825549844183,
     38.0462032145487
    ]
   },
   "properties": {
    "confidence": 0.504,
    "snr": 10.09,
    "peak_dn": 262.0,
    "background_dn": 69.8,
    "sigma_dn": 19.06,
    "pixels": 7,
    "length_m_approx": 26.5,
    "pixel": [
     6835.0,
     9.7
    ],
    "scene": "S1A_IW_GRDH_1SDV_20241230T225903_20241230T225928_057228_070A00_44C7_COG.SAFE",
    "t": "2024-12-30T22:59:03+00:00",
    "sensor": "sentinel1-vv-cfar",
    "uncertainty_m": 14.4
   }
  },
  {
   "type": "Feature",
   "geometry": {
    "type": "Point",
    "coordinates": [
     -75.93129774416188,
     38.20575567745806
    ]
   },
   "properties": {
    "confidence": 0.486,
    "snr": 9.73,
    "peak_dn": 240.0,
    "background_dn": 69.8,
    "sigma_dn": 17.49,
    "pixels": 4,
    "length_m_approx": 20.0,
    "pixel": [
     6248.8,
     1888.0
    ],
    "scene": "S1A_IW_GRDH_1SDV_20241230T225903_20241230T225928_057228_070A00_44C7_COG.SAFE",
    "t": "2024-12-30T22:59:03+00:00",
    "sensor": "sentinel1-vv-cfar",
    "uncertainty_m": 13.0
   }
  },
  {
   "type": "Feature",
   "geometry": {
    "type": "Point",
    "coordinates": [
     -75.82230266048573,
     38.04602666316663
    ]
   },
   "properties": {
    "confidence": 0.416,
    "snr": 8.31,
    "peak_dn": 220.0,
    "background_dn": 68.5,
    "sigma_dn": 18.23,
    "pixels": 5,
    "length_m_approx": 22.4,
    "pixel": [
     6862.6,
     2.8
    ],
    "scene": "S1A_IW_GRDH_1SDV_20241230T225903_20241230T225928_057228_070A00_44C7_COG.SAFE",
    "t": "2024-12-30T22:59:03+00:00",
    "sensor": "sentinel1-vv-cfar",
    "uncertainty_m": 12.5
   }
  },
  {
   "type": "Feature",
   "geometry": {
    "type": "Point",
    "coordinates": [
     -75.82223363900178,
     38.04665973072921
    ]
   },
   "properties": {
    "confidence": 0.394,
    "snr": 7.88,
    "peak_dn": 214.0,
    "background_dn": 68.3,
    "sigma_dn": 18.48,
    "pixels": 4,
    "length_m_approx": 20.0,
    "pixel": [
     6864.5,
     9.5
    ],
    "scene": "S1A_IW_GRDH_1SDV_20241230T225903_20241230T225928_057228_070A00_44C7_COG.SAFE",
    "t": "2024-12-30T22:59:03+00:00",
    "sensor": "sentinel1-vv-cfar",
    "uncertainty_m": 11.5
   }
  },
  {
   "type": "Feature",
   "geometry": {
    "type": "Point",
    "coordinates": [
     -75.89861153405715,
     38.21371837675243
    ]
   },
   "properties": {
    "confidence": 0.393,
    "snr": 7.86,
    "peak_dn": 213.0,
    "background_dn": 61.3,
    "sigma_dn": 19.3,
    "pixels": 3,
    "length_m_approx": 17.3,
    "pixel": [
     6546.3,
     1922.7
    ],
    "scene": "S1A_IW_GRDH_1SDV_20241230T225903_20241230T225928_057228_070A00_44C7_COG.SAFE",
    "t": "2024-12-30T22:59:03+00:00",
    "sensor": "sentinel1-vv-cfar",
    "uncertainty_m": 10.3
   }
  },
  {
   "type": "Feature",
   "geometry": {
    "type": "Point",
    "coordinates": [
     -75.82447724359491,
     38.04559212624718
    ]
   },
   "properties": {
    "confidence": 0.384,
    "snr": 7.68,
    "peak_dn": 211.0,
    "background_dn": 70.3,
    "sigma_dn": 18.32,
    "pixels": 2,
    "length_m_approx": 14.1,
    "pixel": [
     6843.0,
     1.5
    ],
    "scene": "S1A_IW_GRDH_1SDV_20241230T225903_20241230T225928_057228_070A00_44C7_COG.SAFE",
    "t": "2024-12-30T22:59:03+00:00",
    "sensor": "sentinel1-vv-cfar",
    "uncertainty_m": 9.1
   }
  },
  {
   "type": "Feature",
   "geometry": {
    "type": "Point",
    "coordinates": [
     -75.82182937976347,
     38.04592893449941
    ]
   },
   "properties": {
    "confidence": 0.353,
    "snr": 7.05,
    "peak_dn": 201.0,
    "background_dn": 68.8,
    "sigma_dn": 18.74,
    "pixels": 4,
    "length_m_approx": 20.0,
    "pixel": [
     6866.5,
     1.0
    ],
    "scene": "S1A_IW_GRDH_1SDV_20241230T225903_20241230T225928_057228_070A00_44C7_COG.SAFE",
    "t": "2024-12-30T22:59:03+00:00",
    "sensor": "sentinel1-vv-cfar",
    "uncertainty_m": 11.5
   }
  },
  {
   "type": "Feature",
   "geometry": {
    "type": "Point",
    "coordinates": [
     -75.8229721645435,
     38.04570780571359
    ]
   },
   "properties": {
    "confidence": 0.342,
    "snr": 6.84,
    "peak_dn": 190.0,
    "background_dn": 69.1,
    "sigma_dn": 17.67,
    "pixels": 5,
    "length_m_approx": 22.4,
    "pixel": [
     6856.2,
     0.4
    ],
    "scene": "S1A_IW_GRDH_1SDV_20241230T225903_20241230T225928_057228_070A00_44C7_COG.SAFE",
    "t": "2024-12-30T22:59:03+00:00",
    "sensor": "sentinel1-vv-cfar",
    "uncertainty_m": 12.5
   }
  },
  {
   "type": "Feature",
   "geometry": {
    "type": "Point",
    "coordinates": [
     -75.19764046625379,
     38.1776291440508
    ]
   },
   "properties": {
    "confidence": 0.584,
    "snr": 11.68,
    "peak_dn": 216.0,
    "background_dn": 55.5,
    "sigma_dn": 13.74,
    "pixels": 17,
    "length_m_approx": 41.2,
    "pixel": [
     12514.3,
     465.0
    ],
    "scene": "S1A_IW_GRDH_1SDV_20241230T225903_20241230T225928_057228_070A00_44C7_COG.SAFE",
    "t": "2024-12-30T22:59:03+00:00",
    "sensor": "sentinel1-vv-cfar",
    "uncertainty_m": 21.1
   }
  },
  {
   "type": "Feature",
   "geometry": {
    "type": "Point",
    "coordinates": [
     -75.19702072792828,
     38.19415462488415
    ]
   },
   "properties": {
    "confidence": 0.502,
    "snr": 10.04,
    "peak_dn": 186.0,
    "background_dn": 55.2,
    "sigma_dn": 13.03,
    "pixels": 13,
    "length_m_approx": 36.1,
    "pixel": [
     12552.0,
     642.0
    ],
    "scene": "S1A_IW_GRDH_1SDV_20241230T225903_20241230T225928_057228_070A00_44C7_COG.SAFE",
    "t": "2024-12-30T22:59:03+00:00",
    "sensor": "sentinel1-vv-cfar",
    "uncertainty_m": 18.6
   }
  },
  {
   "type": "Feature",
   "geometry": {
    "type": "Point",
    "coordinates": [
     -75.05924125457739,
     38.33263865535825
    ]
   },
   "properties": {
    "confidence": 0.458,
    "snr": 9.16,
    "peak_dn": 168.0,
    "background_dn": 49.9,
    "sigma_dn": 12.9,
    "pixels": 6,
    "length_m_approx": 24.5,
    "pixel": [
     14008.8,
     1929.2
    ],
    "scene": "S1A_IW_GRDH_1SDV_20241230T225903_20241230T225928_057228_070A00_44C7_COG.SAFE",
    "t": "2024-12-30T22:59:03+00:00",
    "sensor": "sentinel1-vv-cfar",
    "uncertainty_m": 13.0
   }
  },
  {
   "type": "Feature",
   "geometry": {
    "type": "Point",
    "coordinates": [
     -75.0605075108736,
     38.32319766265196
    ]
   },
   "properties": {
    "confidence": 0.414,
    "snr": 8.29,
    "peak_dn": 154.0,
    "background_dn": 50.2,
    "sigma_dn": 12.52,
    "pixels": 3,
    "length_m_approx": 17.3,
    "pixel": [
     13979.7,
     1829.3
    ],
    "scene": "S1A_IW_GRDH_1SDV_20241230T225903_20241230T225928_057228_070A00_44C7_COG.SAFE",
    "t": "2024-12-30T22:59:03+00:00",
    "sensor": "sentinel1-vv-cfar",
    "uncertainty_m": 9.7
   }
  },
  {
   "type": "Feature",
   "geometry": {
    "type": "Point",
    "coordinates": [
     -75.08114574125091,
     38.31621392469784
    ]
   },
   "properties": {
    "confidence": 0.386,
    "snr": 7.71,
    "peak_dn": 163.0,
    "background_dn": 50.8,
    "sigma_dn": 14.54,
    "pixels": 3,
    "length_m_approx": 17.3,
    "pixel": [
     13788.3,
     1784.7
    ],
    "scene": "S1A_IW_GRDH_1SDV_20241230T225903_20241230T225928_057228_070A00_44C7_COG.SAFE",
    "t": "2024-12-30T22:59:03+00:00",
    "sensor": "sentinel1-vv-cfar",
    "uncertainty_m": 9.7
   }
  },
  {
   "type": "Feature",
   "geometry": {
    "type": "Point",
    "coordinates": [
     -75.19814859118857,
     38.177423497699486
    ]
   },
   "properties": {
    "confidence": 0.356,
    "snr": 7.12,
    "peak_dn": 149.0,
    "background_dn": 55.3,
    "sigma_dn": 13.15,
    "pixels": 4,
    "length_m_approx": 20.0,
    "pixel": [
     12509.5,
     463.5
    ],
    "scene": "S1A_IW_GRDH_1SDV_20241230T225903_20241230T225928_057228_070A00_44C7_COG.SAFE",
    "t": "2024-12-30T22:59:03+00:00",
    "sensor": "sentinel1-vv-cfar",
    "uncertainty_m": 10.9
   }
  },
  {
   "type": "Feature",
   "geometry": {
    "type": "Point",
    "coordinates": [
     -75.19798568471754,
     38.17721350201934
    ]
   },
   "properties": {
    "confidence": 0.352,
    "snr": 7.03,
    "peak_dn": 151.0,
    "background_dn": 55.5,
    "sigma_dn": 13.58,
    "pixels": 2,
    "length_m_approx": 14.1,
    "pixel": [
     12510.5,
     461.0
    ],
    "scene": "S1A_IW_GRDH_1SDV_20241230T225903_20241230T225928_057228_070A00_44C7_COG.SAFE",
    "t": "2024-12-30T22:59:03+00:00",
    "sensor": "sentinel1-vv-cfar",
    "uncertainty_m": 8.3
   }
  },
  {
   "type": "Feature",
   "geometry": {
    "type": "Point",
    "coordinates": [
     -75.05873492281692,
     38.332785600978866
    ]
   },
   "properties": {
    "confidence": 0.34,
    "snr": 6.8,
    "peak_dn": 137.0,
    "background_dn": 49.9,
    "sigma_dn": 12.81,
    "pixels": 2,
    "length_m_approx": 14.1,
    "pixel": [
     14013.5,
     1930.0
    ],
    "scene": "S1A_IW_GRDH_1SDV_20241230T225903_20241230T225928_057228_070A00_44C7_COG.SAFE",
    "t": "2024-12-30T22:59:03+00:00",
    "sensor": "sentinel1-vv-cfar",
    "uncertainty_m": 8.3
   }
  },
  {
   "type": "Feature",
   "geometry": {
    "type": "Point",
    "coordinates": [
     -74.69357153168974,
     38.3781045686209
    ]
   },
   "properties": {
    "confidence": 0.95,
    "snr": 28.17,
    "peak_dn": 432.0,
    "background_dn": 56.2,
    "sigma_dn": 13.34,
    "pixels": 91,
    "length_m_approx": 95.4,
    "pixel": [
     17244.2,
     1885.2
    ],
    "scene": "S1A_IW_GRDH_1SDV_20241230T225903_20241230T225928_057228_070A00_44C7_COG.SAFE",
    "t": "2024-12-30T22:59:03+00:00",
    "sensor": "sentinel1-vv-cfar",
    "uncertainty_m": 47.9
   }
  },
  {
   "type": "Feature",
   "geometry": {
    "type": "Point",
    "coordinates": [
     -74.69283508776803,
     38.3783468161911
    ]
   },
   "properties": {
    "confidence": 0.521,
    "snr": 10.42,
    "peak_dn": 195.0,
    "background_dn": 56.2,
    "sigma_dn": 13.32,
    "pixels": 4,
    "length_m_approx": 20.0,
    "pixel": [
     17251.0,
     1886.8
    ],
    "scene": "S1A_IW_GRDH_1SDV_20241230T225903_20241230T225928_057228_070A00_44C7_COG.SAFE",
    "t": "2024-12-30T22:59:03+00:00",
    "sensor": "sentinel1-vv-cfar",
    "uncertainty_m": 10.8
   }
  },
  {
   "type": "Feature",
   "geometry": {
    "type": "Point",
    "coordinates": [
     -74.69292185239442,
     38.378570813111764
    ]
   },
   "properties": {
    "confidence": 0.351,
    "snr": 7.02,
    "peak_dn": 150.0,
    "background_dn": 56.3,
    "sigma_dn": 13.35,
    "pixels": 3,
    "length_m_approx": 17.3,
    "pixel": [
     17250.7,
     1889.3
    ],
    "scene": "S1A_IW_GRDH_1SDV_20241230T225903_20241230T225928_057228_070A00_44C7_COG.SAFE",
    "t": "2024-12-30T22:59:03+00:00",
    "sensor": "sentinel1-vv-cfar",
    "uncertainty_m": 9.6
   }
  },
  {
   "type": "Feature",
   "geometry": {
    "type": "Point",
    "coordinates": [
     -74.32579196989379,
     38.264061885134204
    ]
   },
   "properties": {
    "confidence": 0.388,
    "snr": 7.76,
    "peak_dn": 203.0,
    "background_dn": 70.0,
    "sigma_dn": 17.14,
    "pixels": 4,
    "length_m_approx": 20.0,
    "pixel": [
     20200.5,
     126.5
    ],
    "scene": "S1A_IW_GRDH_1SDV_20241230T225903_20241230T225928_057228_070A00_44C7_COG.SAFE",
    "t": "2024-12-30T22:59:03+00:00",
    "sensor": "sentinel1-vv-cfar",
    "uncertainty_m": 10.8
   }
  },
  {
   "type": "Feature",
   "geometry": {
    "type": "Point",
    "coordinates": [
     -74.11155256380526,
     38.28444316692789
    ]
   },
   "properties": {
    "confidence": 0.38,
    "snr": 7.6,
    "peak_dn": 192.0,
    "background_dn": 66.9,
    "sigma_dn": 16.46,
    "pixels": 4,
    "length_m_approx": 20.0,
    "pixel": [
     22086.7,
     45.0
    ],
    "scene": "S1A_IW_GRDH_1SDV_20241230T225903_20241230T225928_057228_070A00_44C7_COG.SAFE",
    "t": "2024-12-30T22:59:03+00:00",
    "sensor": "sentinel1-vv-cfar",
    "uncertainty_m": 10.8
   }
  },
  {
   "type": "Feature",
   "geometry": {
    "type": "Point",
    "coordinates": [
     -74.13847564228075,
     38.34534093713198
    ]
   },
   "properties": {
    "confidence": 0.355,
    "snr": 7.11,
    "peak_dn": 162.0,
    "background_dn": 59.4,
    "sigma_dn": 14.43,
    "pixels": 2,
    "length_m_approx": 14.1,
    "pixel": [
     21966.0,
     741.5
    ],
    "scene": "S1A_IW_GRDH_1SDV_20241230T225903_20241230T225928_057228_070A00_44C7_COG.SAFE",
    "t": "2024-12-30T22:59:03+00:00",
    "sensor": "sentinel1-vv-cfar",
    "uncertainty_m": 8.2
   }
  },
  {
   "type": "Feature",
   "geometry": {
    "type": "Point",
    "coordinates": [
     -74.11059068426239,
     38.284429705976194
    ]
   },
   "properties": {
    "confidence": 0.324,
    "snr": 6.48,
    "peak_dn": 175.0,
    "background_dn": 67.1,
    "sigma_dn": 16.64,
    "pixels": 2,
    "length_m_approx": 14.1,
    "pixel": [
     22095.0,
     43.5
    ],
    "scene": "S1A_IW_GRDH_1SDV_20241230T225903_20241230T225928_057228_070A00_44C7_COG.SAFE",
    "t": "2024-12-30T22:59:03+00:00",
    "sensor": "sentinel1-vv-cfar",
    "uncertainty_m": 8.2
   }
  },
  {
   "type": "Feature",
   "geometry": {
    "type": "Point",
    "coordinates": [
     -73.78008466484313,
     38.37187562806933
    ]
   },
   "properties": {
    "confidence": 0.95,
    "snr": 396.41,
    "peak_dn": 14130.0,
    "background_dn": 84.0,
    "sigma_dn": 35.43,
    "pixels": 413,
    "length_m_approx": 203.2,
    "pixel": [
     25104.5,
     533.1
    ],
    "scene": "S1A_IW_GRDH_1SDV_20241230T225903_20241230T225928_057228_070A00_44C7_COG.SAFE",
    "t": "2024-12-30T22:59:03+00:00",
    "sensor": "sentinel1-vv-cfar",
    "uncertainty_m": 101.7
   }
  },
  {
   "type": "Feature",
   "geometry": {
    "type": "Point",
    "coordinates": [
     -73.80118074978706,
     38.476917135262376
    ]
   },
   "properties": {
    "confidence": 0.483,
    "snr": 9.66,
    "peak_dn": 235.0,
    "background_dn": 70.6,
    "sigma_dn": 17.01,
    "pixels": 17,
    "length_m_approx": 41.2,
    "pixel": [
     25110.5,
     1700.1
    ],
    "scene": "S1A_IW_GRDH_1SDV_20241230T225903_20241230T225928_057228_070A00_44C7_COG.SAFE",
    "t": "2024-12-30T22:59:03+00:00",
    "sensor": "sentinel1-vv-cfar",
    "uncertainty_m": 21.0
   }
  },
  {
   "type": "Feature",
   "geometry": {
    "type": "Point",
    "coordinates": [
     -73.79019556309743,
     38.42453575791917
    ]
   },
   "properties": {
    "confidence": 0.431,
    "snr": 8.61,
    "peak_dn": 229.0,
    "background_dn": 75.3,
    "sigma_dn": 17.85,
    "pixels": 8,
    "length_m_approx": 28.3,
    "pixel": [
     25111.5,
     1117.5
    ],
    "scene": "S1A_IW_GRDH_1SDV_20241230T225903_20241230T225928_057228_070A00_44C7_COG.SAFE",
    "t": "2024-12-30T22:59:03+00:00",
    "sensor": "sentinel1-vv-cfar",
    "uncertainty_m": 14.7
   }
  },
  {
   "type": "Feature",
   "geometry": {
    "type": "Point",
    "coordinates": [
     -73.79066702316909,
     38.423903296405655
    ]
   },
   "properties": {
    "confidence": 0.39,
    "snr": 7.8,
    "peak_dn": 213.0,
    "background_dn": 75.2,
    "sigma_dn": 17.66,
    "pixels": 3,
    "length_m_approx": 17.3,
    "pixel": [
     25106.3,
     1111.3
    ],
    "scene": "S1A_IW_GRDH_1SDV_20241230T225903_20241230T225928_057228_070A00_44C7_COG.SAFE",
    "t": "2024-12-30T22:59:03+00:00",
    "sensor": "sentinel1-vv-cfar",
    "uncertainty_m": 9.6
   }
  },
  {
   "type": "Feature",
   "geometry": {
    "type": "Point",
    "coordinates": [
     -73.79621451718465,
     38.36747325390881
    ]
   },
   "properties": {
    "confidence": 0.345,
    "snr": 6.9,
    "peak_dn": 202.0,
    "background_dn": 75.2,
    "sigma_dn": 18.38,
    "pixels": 4,
    "length_m_approx": 20.0,
    "pixel": [
     24957.5,
     507.5
    ],
    "scene": "S1A_IW_GRDH_1SDV_20241230T225903_20241230T225928_057228_070A00_44C7_COG.SAFE",
    "t": "2024-12-30T22:59:03+00:00",
    "sensor": "sentinel1-vv-cfar",
    "uncertainty_m": 10.8
   }
  },
  {
   "type": "Feature",
   "geometry": {
    "type": "Point",
    "coordinates": [
     -73.77903776152463,
     38.37158168854373
    ]
   },
   "properties": {
    "confidence": 0.343,
    "snr": 6.86,
    "peak_dn": 310.0,
    "background_dn": 83.8,
    "sigma_dn": 32.98,
    "pixels": 2,
    "length_m_approx": 14.1,
    "pixel": [
     25113.0,
     528.5
    ],
    "scene": "S1A_IW_GRDH_1SDV_20241230T225903_20241230T225928_057228_070A00_44C7_COG.SAFE",
    "t": "2024-12-30T22:59:03+00:00",
    "sensor": "sentinel1-vv-cfar",
    "uncertainty_m": 8.2
   }
  },
  {
   "type": "Feature",
   "geometry": {
    "type": "Point",
    "coordinates": [
     -73.79029239113954,
     38.42415250784167
    ]
   },
   "properties": {
    "confidence": 0.34,
    "snr": 6.8,
    "peak_dn": 196.0,
    "background_dn": 75.3,
    "sigma_dn": 17.75,
    "pixels": 2,
    "length_m_approx": 14.1,
    "pixel": [
     25110.0,
     1113.5
    ],
    "scene": "S1A_IW_GRDH_1SDV_20241230T225903_20241230T225928_057228_070A00_44C7_COG.SAFE",
    "t": "2024-12-30T22:59:03+00:00",
    "sensor": "sentinel1-vv-cfar",
    "uncertainty_m": 8.2
   }
  },
  {
   "type": "Feature",
   "geometry": {
    "type": "Point",
    "coordinates": [
     -76.24922067991463,
     38.25633502882306
    ]
   },
   "properties": {
    "confidence": 0.95,
    "snr": 35.8,
    "peak_dn": 816.0,
    "background_dn": 85.7,
    "sigma_dn": 20.4,
    "pixels": 18,
    "length_m_approx": 42.4,
    "pixel": [
     3616.9,
     2930.3
    ],
    "scene": "S1A_IW_GRDH_1SDV_20241230T225903_20241230T225928_057228_070A00_44C7_COG.SAFE",
    "t": "2024-12-30T22:59:03+00:00",
    "sensor": "sentinel1-vv-cfar",
    "uncertainty_m": 23.3
   }
  },
  {
   "type": "Feature",
   "geometry": {
    "type": "Point",
    "coordinates": [
     -76.24182584525725,
     38.20594950134543
    ]
   },
   "properties": {
    "confidence": 0.95,
    "snr": 19.15,
    "peak_dn": 538.0,
    "background_dn": 64.3,
    "sigma_dn": 24.73,
    "pixels": 9,
    "length_m_approx": 30.0,
    "pixel": [
     3576.0,
     2378.1
    ],
    "scene": "S1A_IW_GRDH_1SDV_20241230T225903_20241230T225928_057228_070A00_44C7_COG.SAFE",
    "t": "2024-12-30T22:59:03+00:00",
    "sensor": "sentinel1-vv-cfar",
    "uncertainty_m": 17.8
   }
  },
  {
   "type": "Feature",
   "geometry": {
    "type": "Point",
    "coordinates": [
     -76.32995724735663,
     38.21438292330805
    ]
   },
   "properties": {
    "confidence": 0.626,
    "snr": 12.53,
    "peak_dn": 352.0,
    "background_dn": 87.7,
    "sigma_dn": 21.1,
    "pixels": 6,
    "length_m_approx": 24.5,
    "pixel": [
     2834.0,
     2608.5
    ],
    "scene": "S1A_IW_GRDH_1SDV_20241230T225903_20241230T225928_057228_070A00_44C7_COG.SAFE",
    "t": "2024-12-30T22:59:03+00:00",
    "sensor": "sentinel1-vv-cfar",
    "uncertainty_m": 15.5
   }
  },
  {
   "type": "Feature",
   "geometry": {
    "type": "Point",
    "coordinates": [
     -76.26218488163954,
     38.256254047613915
    ]
   },
   "properties": {
    "confidence": 0.533,
    "snr": 10.65,
    "peak_dn": 305.0,
    "background_dn": 87.8,
    "sigma_dn": 20.39,
    "pixels": 5,
    "length_m_approx": 22.4,
    "pixel": [
     3505.0,
     2950.0
    ],
    "scene": "S1A_IW_GRDH_1SDV_20241230T225903_20241230T225928_057228_070A00_44C7_COG.SAFE",
    "t": "2024-12-30T22:59:03+00:00",
    "sensor": "sentinel1-vv-cfar",
    "uncertainty_m": 14.7
   }
  },
  {
   "type": "Feature",
   "geometry": {
    "type": "Point",
    "coordinates": [
     -76.28348285572112,
     38.315523273609486
    ]
   },
   "properties": {
    "confidence": 0.509,
    "snr": 10.19,
    "peak_dn": 244.0,
    "background_dn": 68.7,
    "sigma_dn": 17.2,
    "pixels": 4,
    "length_m_approx": 20.0,
    "pixel": [
     3444.5,
     3619.5
    ],
    "scene": "S1A_IW_GRDH_1SDV_20241230T225903_20241230T225928_057228_070A00_44C7_COG.SAFE",
    "t": "2024-12-30T22:59:03+00:00",
    "sensor": "sentinel1-vv-cfar",
    "uncertainty_m": 13.8
   }
  },
  {
   "type": "Feature",
   "geometry": {
    "type": "Point",
    "coordinates": [
     -76.3035398740187,
     38.219674324014285
    ]
   },
   "properties": {
    "confidence": 0.444,
    "snr": 8.87,
    "peak_dn": 262.0,
    "background_dn": 77.1,
    "sigma_dn": 20.84,
    "pixels": 3,
    "length_m_approx": 17.3,
    "pixel": [
     3072.7,
     2623.3
    ],
    "scene": "S1A_IW_GRDH_1SDV_20241230T225903_20241230T225928_057228_070A00_44C7_COG.SAFE",
    "t": "2024-12-30T22:59:03+00:00",
    "sensor": "sentinel1-vv-cfar",
    "uncertainty_m": 12.9
   }
  },
  {
   "type": "Feature",
   "geometry": {
    "type": "Point",
    "coordinates": [
     -76.28351528974667,
     38.315885712147136
    ]
   },
   "properties": {
    "confidence": 0.395,
    "snr": 7.9,
    "peak_dn": 207.0,
    "background_dn": 69.2,
    "sigma_dn": 17.44,
    "pixels": 2,
    "length_m_approx": 14.1,
    "pixel": [
     3445.0,
     3623.5
    ],
    "scene": "S1A_IW_GRDH_1SDV_20241230T225903_20241230T225928_057228_070A00_44C7_COG.SAFE",
    "t": "2024-12-30T22:59:03+00:00",
    "sensor": "sentinel1-vv-cfar",
    "uncertainty_m": 11.9
   }
  },
  {
   "type": "Feature",
   "geometry": {
    "type": "Point",
    "coordinates": [
     -76.31787066886002,
     38.2303919088929
    ]
   },
   "properties": {
    "confidence": 0.339,
    "snr": 6.77,
    "peak_dn": 172.0,
    "background_dn": 53.8,
    "sigma_dn": 17.46,
    "pixels": 2,
    "length_m_approx": 14.1,
    "pixel": [
     2971.5,
     2761.0
    ],
    "scene": "S1A_IW_GRDH_1SDV_20241230T225903_20241230T225928_057228_070A00_44C7_COG.SAFE",
    "t": "2024-12-30T22:59:03+00:00",
    "sensor": "sentinel1-vv-cfar",
    "uncertainty_m": 11.9
   }
  },
  {
   "type": "Feature",
   "geometry": {
    "type": "Point",
    "coordinates": [
     -76.31820821423679,
     38.23027904210966
    ]
   },
   "properties": {
    "confidence": 0.329,
    "snr": 6.58,
    "peak_dn": 169.0,
    "background_dn": 53.7,
    "sigma_dn": 17.52,
    "pixels": 3,
    "length_m_approx": 17.3,
    "pixel": [
     2968.3,
     2760.3
    ],
    "scene": "S1A_IW_GRDH_1SDV_20241230T225903_20241230T225928_057228_070A00_44C7_COG.SAFE",
    "t": "2024-12-30T22:59:03+00:00",
    "sensor": "sentinel1-vv-cfar",
    "uncertainty_m": 12.9
   }
  },
  {
   "type": "Feature",
   "geometry": {
    "type": "Point",
    "coordinates": [
     -76.15478754105106,
     38.20480445353134
    ]
   },
   "properties": {
    "confidence": 0.745,
    "snr": 14.91,
    "peak_dn": 317.0,
    "background_dn": 65.9,
    "sigma_dn": 16.85,
    "pixels": 7,
    "length_m_approx": 26.5,
    "pixel": [
     4323.0,
     2228.3
    ],
    "scene": "S1A_IW_GRDH_1SDV_20241230T225903_20241230T225928_057228_070A00_44C7_COG.SAFE",
    "t": "2024-12-30T22:59:03+00:00",
    "sensor": "sentinel1-vv-cfar",
    "uncertainty_m": 15.6
   }
  },
  {
   "type": "Feature",
   "geometry": {
    "type": "Point",
    "coordinates": [
     -76.07496995112746,
     38.226838210118125
    ]
   },
   "properties": {
    "confidence": 0.649,
    "snr": 12.97,
    "peak_dn": 312.0,
    "background_dn": 73.1,
    "sigma_dn": 18.41,
    "pixels": 7,
    "length_m_approx": 26.5,
    "pixel": [
     5055.3,
     2339.0
    ],
    "scene": "S1A_IW_GRDH_1SDV_20241230T225903_20241230T225928_057228_070A00_44C7_COG.SAFE",
    "t": "2024-12-30T22:59:03+00:00",
    "sensor": "sentinel1-vv-cfar",
    "uncertainty_m": 15.6
   }
  },
  {
   "type": "Feature",
   "geometry": {
    "type": "Point",
    "coordinates": [
     -75.083853641344,
     38.387746623341336
    ]
   },
   "properties": {
    "confidence": 0.95,
    "snr": 19.32,
    "peak_dn": 442.0,
    "background_dn": 41.2,
    "sigma_dn": 20.74,
    "pixels": 12,
    "length_m_approx": 34.6,
    "pixel": [
     13903.5,
     2559.6
    ],
    "scene": "S1A_IW_GRDH_1SDV_20241230T225903_20241230T225928_057228_070A00_44C7_COG.SAFE",
    "t": "2024-12-30T22:59:03+00:00",
    "sensor": "sentinel1-vv-cfar",
    "uncertainty_m": 17.9
   }
  },
  {
   "type": "Feature",
   "geometry": {
    "type": "Point",
    "coordinates": [
     -75.08982900856961,
     38.38862644378552
    ]
   },
   "properties": {
    "confidence": 0.671,
    "snr": 13.41,
    "peak_dn": 344.0,
    "background_dn": 41.4,
    "sigma_dn": 22.56,
    "pixels": 9,
    "length_m_approx": 30.0,
    "pixel": [
     13853.7,
     2578.0
    ],
    "scene": "S1A_IW_GRDH_1SDV_20241230T225903_20241230T225928_057228_070A00_44C7_COG.SAFE",
    "t": "2024-12-30T22:59:03+00:00",
    "sensor": "sentinel1-vv-cfar",
    "uncertainty_m": 15.6
   }
  },
  {
   "type": "Feature",
   "geometry": {
    "type": "Point",
    "coordinates": [
     -75.08283151934565,
     38.387617375892894
    ]
   },
   "properties": {
    "confidence": 0.651,
    "snr": 13.03,
    "peak_dn": 282.0,
    "background_dn": 40.7,
    "sigma_dn": 18.53,
    "pixels": 7,
    "length_m_approx": 26.5,
    "pixel": [
     13912.0,
     2556.7
    ],
    "scene": "S1A_IW_GRDH_1SDV_20241230T225903_20241230T225928_057228_070A00_44C7_COG.SAFE",
    "t": "2024-12-30T22:59:03+00:00",
    "sensor": "sentinel1-vv-cfar",
    "uncertainty_m": 13.9
   }
  },
  {
   "type": "Feature",
   "geometry": {
    "type": "Point",
    "coordinates": [
     -75.08693497731734,
     38.3882087796934
    ]
   },
   "properties": {
    "confidence": 0.607,
    "snr": 12.13,
    "peak_dn": 320.0,
    "background_dn": 41.3,
    "sigma_dn": 22.97,
    "pixels": 8,
    "length_m_approx": 28.3,
    "pixel": [
     13877.8,
     2569.2
    ],
    "scene": "S1A_IW_GRDH_1SDV_20241230T225903_20241230T225928_057228_070A00_44C7_COG.SAFE",
    "t": "2024-12-30T22:59:03+00:00",
    "sensor": "sentinel1-vv-cfar",
    "uncertainty_m": 14.8
   }
  },
  {
   "type": "Feature",
   "geometry": {
    "type": "Point",
    "coordinates": [
     -75.09066028924258,
     38.411368376996094
    ]
   },
   "properties": {
    "confidence": 0.531,
    "snr": 10.62,
    "peak_dn": 143.0,
    "background_dn": 37.2,
    "sigma_dn": 9.97,
    "pixels": 15,
    "length_m_approx": 38.7,
    "pixel": [
     13890.6,
     2824.3
    ],
    "scene": "S1A_IW_GRDH_1SDV_20241230T225903_20241230T225928_057228_070A00_44C7_COG.SAFE",
    "t": "2024-12-30T22:59:03+00:00",
    "sensor": "sentinel1-vv-cfar",
    "uncertainty_m": 19.9
   }
  },
  {
   "type": "Feature",
   "geometry": {
    "type": "Point",
    "coordinates": [
     -75.09130032857676,
     38.38884503533878
    ]
   },
   "properties": {
    "confidence": 0.475,
    "snr": 9.5,
    "peak_dn": 245.0,
    "background_dn": 41.3,
    "sigma_dn": 21.43,
    "pixels": 4,
    "length_m_approx": 20.0,
    "pixel": [
     13841.5,
     2582.5
    ],
    "scene": "S1A_IW_GRDH_1SDV_20241230T225903_20241230T225928_057228_070A00_44C7_COG.SAFE",
    "t": "2024-12-30T22:59:03+00:00",
    "sensor": "sentinel1-vv-cfar",
    "uncertainty_m": 10.9
   }
  },
  {
   "type": "Feature",
   "geometry": {
    "type": "Point",
    "coordinates": [
     -75.08699301664797,
     38.40945745943473
    ]
   },
   "properties": {
    "confidence": 0.473,
    "snr": 9.46,
    "peak_dn": 134.0,
    "background_dn": 37.1,
    "sigma_dn": 10.24,
    "pixels": 7,
    "length_m_approx": 26.5,
    "pixel": [
     13918.4,
     2798.3
    ],
    "scene": "S1A_IW_GRDH_1SDV_20241230T225903_20241230T225928_057228_070A00_44C7_COG.SAFE",
    "t": "2024-12-30T22:59:03+00:00",
    "sensor": "sentinel1-vv-cfar",
    "uncertainty_m": 13.9
   }
  },
  {
   "type": "Feature",
   "geometry": {
    "type": "Point",
    "coordinates": [
     -75.0921626552076,
     38.41387202505021
    ]
   },
   "properties": {
    "confidence": 0.468,
    "snr": 9.36,
    "peak_dn": 127.0,
    "background_dn": 36.3,
    "sigma_dn": 9.69,
    "pixels": 8,
    "length_m_approx": 28.3,
    "pixel": [
     13882.5,
     2853.5
    ],
    "scene": "S1A_IW_GRDH_1SDV_20241230T225903_20241230T225928_057228_070A00_44C7_COG.SAFE",
    "t": "2024-12-30T22:59:03+00:00",
    "sensor": "sentinel1-vv-cfar",
    "uncertainty_m": 14.8
   }
  },
  {
   "type": "Feature",
   "geometry": {
    "type": "Point",
    "coordinates": [
     -75.08491633274946,
     38.387870041714315
    ]
   },
   "properties": {
    "confidence": 0.46,
    "snr": 9.19,
    "peak_dn": 236.0,
    "background_dn": 41.0,
    "sigma_dn": 21.22,
    "pixels": 4,
    "length_m_approx": 20.0,
    "pixel": [
     13894.6,
     2562.5
    ],
    "scene": "S1A_IW_GRDH_1SDV_20241230T225903_20241230T225928_057228_070A00_44C7_COG.SAFE",
    "t": "2024-12-30T22:59:03+00:00",
    "sensor": "sentinel1-vv-cfar",
    "uncertainty_m": 10.9
   }
  },
  {
   "type": "Feature",
   "geometry": {
    "type": "Point",
    "coordinates": [
     -75.09110624083397,
     38.39159783223444
    ]
   },
   "properties": {
    "confidence": 0.459,
    "snr": 9.18,
    "peak_dn": 274.0,
    "background_dn": 42.5,
    "sigma_dn": 25.22,
    "pixels": 14,
    "length_m_approx": 37.4,
    "pixel": [
     13848.5,
     2611.9
    ],
    "scene": "S1A_IW_GRDH_1SDV_20241230T225903_20241230T225928_057228_070A00_44C7_COG.SAFE",
    "t": "2024-12-30T22:59:03+00:00",
    "sensor": "sentinel1-vv-cfar",
    "uncertainty_m": 19.2
   }
  },
  {
   "type": "Feature",
   "geometry": {
    "type": "Point",
    "coordinates": [
     -75.04692571400368,
     38.37307417191164
    ]
   },
   "properties": {
    "confidence": 0.458,
    "snr": 9.17,
    "peak_dn": 128.0,
    "background_dn": 39.1,
    "sigma_dn": 9.7,
    "pixels": 7,
    "length_m_approx": 26.5,
    "pixel": [
     14193.0,
     2346.9
    ],
    "scene": "S1A_IW_GRDH_1SDV_20241230T225903_20241230T225928_057228_070A00_44C7_COG.SAFE",
    "t": "2024-12-30T22:59:03+00:00",
    "sensor": "sentinel1-vv-cfar",
    "uncertainty_m": 13.9
   }
  },
  {
   "type": "Feature",
   "geometry": {
    "type": "Point",
    "coordinates": [
     -75.09079077096465,
     38.388748080803936
    ]
   },
   "properties": {
    "confidence": 0.452,
    "snr": 9.05,
    "peak_dn": 246.0,
    "background_dn": 41.5,
    "sigma_dn": 22.6,
    "pixels": 3,
    "length_m_approx": 17.3,
    "pixel": [
     13845.7,
     2580.7
    ],
    "scene": "S1A_IW_GRDH_1SDV_20241230T225903_20241230T225928_057228_070A00_44C7_COG.SAFE",
    "t": "2024-12-30T22:59:03+00:00",
    "sensor": "sentinel1-vv-cfar",
    "uncertainty_m": 9.7
   }
  },
  {
   "type": "Feature",
   "geometry": {
    "type": "Point",
    "coordinates": [
     -75.04199350123196,
     38.39966839653666
    ]
   },
   "properties": {
    "confidence": 0.452,
    "snr": 9.05,
    "peak_dn": 109.0,
    "background_dn": 34.1,
    "sigma_dn": 8.28,
    "pixels": 3,
    "length_m_approx": 17.3,
    "pixel": [
     14286.7,
     2626.3
    ],
    "scene": "S1A_IW_GRDH_1SDV_20241230T225903_20241230T225928_057228_070A00_44C7_COG.SAFE",
    "t": "2024-12-30T22:59:03+00:00",
    "sensor": "sentinel1-vv-cfar",
    "uncertainty_m": 9.7
   }
  },
  {
   "type": "Feature",
   "geometry": {
    "type": "Point",
    "coordinates": [
     -75.04627871280768,
     38.39093514432309
    ]
   },
   "properties": {
    "confidence": 0.385,
    "snr": 7.7,
    "peak_dn": 101.0,
    "background_dn": 34.9,
    "sigma_dn": 8.58,
    "pixels": 2,
    "length_m_approx": 14.1,
    "pixel": [
     14233.0,
     2538.5
    ],
    "scene": "S1A_IW_GRDH_1SDV_20241230T225903_20241230T225928_057228_070A00_44C7_COG.SAFE",
    "t": "2024-12-30T22:59:03+00:00",
    "sensor": "sentinel1-vv-cfar",
    "uncertainty_m": 8.3
   }
  },
  {
   "type": "Feature",
   "geometry": {
    "type": "Point",
    "coordinates": [
     -75.08437474772552,
     38.38775776713949
    ]
   },
   "properties": {
    "confidence": 0.372,
    "snr": 7.45,
    "peak_dn": 202.0,
    "background_dn": 41.3,
    "sigma_dn": 21.58,
    "pixels": 2,
    "length_m_approx": 14.1,
    "pixel": [
     13899.0,
     2560.5
    ],
    "scene": "S1A_IW_GRDH_1SDV_20241230T225903_20241230T225928_057228_070A00_44C7_COG.SAFE",
    "t": "2024-12-30T22:59:03+00:00",
    "sensor": "sentinel1-vv-cfar",
    "uncertainty_m": 8.3
   }
  },
  {
   "type": "Feature",
   "geometry": {
    "type": "Point",
    "coordinates": [
     -75.087798645677,
     38.38835189021411
    ]
   },
   "properties": {
    "confidence": 0.371,
    "snr": 7.41,
    "peak_dn": 210.0,
    "background_dn": 41.4,
    "sigma_dn": 22.74,
    "pixels": 9,
    "length_m_approx": 30.0,
    "pixel": [
     13870.7,
     2572.0
    ],
    "scene": "S1A_IW_GRDH_1SDV_20241230T225903_20241230T225928_057228_070A00_44C7_COG.SAFE",
    "t": "2024-12-30T22:59:03+00:00",
    "sensor": "sentinel1-vv-cfar",
    "uncertainty_m": 15.6
   }
  },
  {
   "type": "Feature",
   "geometry": {
    "type": "Point",
    "coordinates": [
     -75.08701685247961,
     38.40701618760224
    ]
   },
   "properties": {
    "confidence": 0.36,
    "snr": 7.2,
    "peak_dn": 110.0,
    "background_dn": 37.5,
    "sigma_dn": 10.06,
    "pixels": 4,
    "length_m_approx": 20.0,
    "pixel": [
     13913.5,
     2772.0
    ],
    "scene": "S1A_IW_GRDH_1SDV_20241230T225903_20241230T225928_057228_070A00_44C7_COG.SAFE",
    "t": "2024-12-30T22:59:03+00:00",
    "sensor": "sentinel1-vv-cfar",
    "uncertainty_m": 10.9
   }
  },
  {
   "type": "Feature",
   "geometry": {
    "type": "Point",
    "coordinates": [
     -75.0858966281662,
     38.388057510299674
    ]
   },
   "properties": {
    "confidence": 0.359,
    "snr": 7.18,
    "peak_dn": 196.0,
    "background_dn": 41.0,
    "sigma_dn": 21.57,
    "pixels": 2,
    "length_m_approx": 14.1,
    "pixel": [
     13886.5,
     2566.0
    ],
    "scene": "S1A_IW_GRDH_1SDV_20241230T225903_20241230T225928_057228_070A00_44C7_COG.SAFE",
    "t": "2024-12-30T22:59:03+00:00",
    "sensor": "sentinel1-vv-cfar",
    "uncertainty_m": 8.3
   }
  },
  {
   "type": "Feature",
   "geometry": {
    "type": "Point",
    "coordinates": [
     -75.08931840389745,
     38.38856020265793
    ]
   },
   "properties": {
    "confidence": 0.333,
    "snr": 6.67,
    "peak_dn": 187.0,
    "background_dn": 41.2,
    "sigma_dn": 21.87,
    "pixels": 2,
    "length_m_approx": 14.1,
    "pixel": [
     13858.0,
     2576.5
    ],
    "scene": "S1A_IW_GRDH_1SDV_20241230T225903_20241230T225928_057228_070A00_44C7_COG.SAFE",
    "t": "2024-12-30T22:59:03+00:00",
    "sensor": "sentinel1-vv-cfar",
    "uncertainty_m": 8.3
   }
  },
  {
   "type": "Feature",
   "geometry": {
    "type": "Point",
    "coordinates": [
     -74.88147567565599,
     38.5000141130411
    ]
   },
   "properties": {
    "confidence": 0.95,
    "snr": 129.55,
    "peak_dn": 2108.0,
    "background_dn": 53.4,
    "sigma_dn": 15.86,
    "pixels": 205,
    "length_m_approx": 143.2,
    "pixel": [
     15859.6,
     3473.5
    ],
    "scene": "S1A_IW_GRDH_1SDV_20241230T225903_20241230T225928_057228_070A00_44C7_COG.SAFE",
    "t": "2024-12-30T22:59:03+00:00",
    "sensor": "sentinel1-vv-cfar",
    "uncertainty_m": 71.7
   }
  },
  {
   "type": "Feature",
   "geometry": {
    "type": "Point",
    "coordinates": [
     -74.95559414151525,
     38.44648619762651
    ]
   },
   "properties": {
    "confidence": 0.95,
    "snr": 36.8,
    "peak_dn": 480.0,
    "background_dn": 49.7,
    "sigma_dn": 11.69,
    "pixels": 13,
    "length_m_approx": 36.1,
    "pixel": [
     15120.0,
     3004.3
    ],
    "scene": "S1A_IW_GRDH_1SDV_20241230T225903_20241230T225928_057228_070A00_44C7_COG.SAFE",
    "t": "2024-12-30T22:59:03+00:00",
    "sensor": "sentinel1-vv-cfar",
    "uncertainty_m": 18.5
   }
  },
  {
   "type": "Feature",
   "geometry": {
    "type": "Point",
    "coordinates": [
     -74.87195432045982,
     38.45866430661569
    ]
   },
   "properties": {
    "confidence": 0.316,
    "snr": 6.32,
    "peak_dn": 125.0,
    "background_dn": 49.9,
    "sigma_dn": 11.88,
    "pixels": 2,
    "length_m_approx": 14.1,
    "pixel": [
     15862.5,
     3013.5
    ],
    "scene": "S1A_IW_GRDH_1SDV_20241230T225903_20241230T225928_057228_070A00_44C7_COG.SAFE",
    "t": "2024-12-30T22:59:03+00:00",
    "sensor": "sentinel1-vv-cfar",
    "uncertainty_m": 8.3
   }
  },
  {
   "type": "Feature",
   "geometry": {
    "type": "Point",
    "coordinates": [
     -75.0195687028488,
     38.41465710950376
    ]
   },
   "properties": {
    "confidence": 0.31,
    "snr": 6.19,
    "peak_dn": 97.0,
    "background_dn": 38.8,
    "sigma_dn": 9.39,
    "pixels": 2,
    "length_m_approx": 14.1,
    "pixel": [
     14508.5,
     2755.0
    ],
    "scene": "S1A_IW_GRDH_1SDV_20241230T225903_20241230T225928_057228_070A00_44C7_COG.SAFE",
    "t": "2024-12-30T22:59:03+00:00",
    "sensor": "sentinel1-vv-cfar",
    "uncertainty_m": 8.3
   }
  },
  {
   "type": "Feature",
   "geometry": {
    "type": "Point",
    "coordinates": [
     -74.70257327538498,
     38.42057643700175
    ]
   },
   "properties": {
    "confidence": 0.95,
    "snr": 446.08,
    "peak_dn": 10854.0,
    "background_dn": 61.9,
    "sigma_dn": 24.19,
    "pixels": 325,
    "length_m_approx": 180.3,
    "pixel": [
     17247.1,
     2356.8
    ],
    "scene": "S1A_IW_GRDH_1SDV_20241230T225903_20241230T225928_057228_070A00_44C7_COG.SAFE",
    "t": "2024-12-30T22:59:03+00:00",
    "sensor": "sentinel1-vv-cfar",
    "uncertainty_m": 90.2
   }
  },
  {
   "type": "Feature",
   "geometry": {
    "type": "Point",
    "coordinates": [
     -74.60817829885558,
     38.516411805921464
    ]
   },
   "properties": {
    "confidence": 0.95,
    "snr": 122.9,
    "peak_dn": 4133.0,
    "background_dn": 57.3,
    "sigma_dn": 33.16,
    "pixels": 221,
    "length_m_approx": 148.7,
    "pixel": [
     18239.5,
     3255.8
    ],
    "scene": "S1A_IW_GRDH_1SDV_20241230T225903_20241230T225928_057228_070A00_44C7_COG.SAFE",
    "t": "2024-12-30T22:59:03+00:00",
    "sensor": "sentinel1-vv-cfar",
    "uncertainty_m": 74.4
   }
  },
  {
   "type": "Feature",
   "geometry": {
    "type": "Point",
    "coordinates": [
     -74.78172216989138,
     38.545568436608335
    ]
   },
   "properties": {
    "confidence": 0.95,
    "snr": 50.0,
    "peak_dn": 711.0,
    "background_dn": 55.8,
    "sigma_dn": 13.1,
    "pixels": 16,
    "length_m_approx": 40.0,
    "pixel": [
     16803.2,
     3820.2
    ],
    "scene": "S1A_IW_GRDH_1SDV_20241230T225903_20241230T225928_057228_070A00_44C7_COG.SAFE",
    "t": "2024-12-30T22:59:03+00:00",
    "sensor": "sentinel1-vv-cfar",
    "uncertainty_m": 20.4
   }
  },
  {
   "type": "Feature",
   "geometry": {
    "type": "Point",
    "coordinates": [
     -74.7028687631371,
     38.421393614550546
    ]
   },
   "properties": {
    "confidence": 0.821,
    "snr": 16.43,
    "peak_dn": 475.0,
    "background_dn": 61.7,
    "sigma_dn": 25.16,
    "pixels": 9,
    "length_m_approx": 30.0,
    "pixel": [
     17246.1,
     2366.0
    ],
    "scene": "S1A_IW_GRDH_1SDV_20241230T225903_20241230T225928_057228_070A00_44C7_COG.SAFE",
    "t": "2024-12-30T22:59:03+00:00",
    "sensor": "sentinel1-vv-cfar",
    "uncertainty_m": 15.6
   }
  },
  {
   "type": "Feature",
   "geometry": {
    "type": "Point",
    "coordinates": [
     -74.71193219696735,
     38.46290415115426
    ]
   },
   "properties": {
    "confidence": 0.753,
    "snr": 15.07,
    "peak_dn": 247.0,
    "background_dn": 54.1,
    "sigma_dn": 12.8,
    "pixels": 37,
    "length_m_approx": 60.8,
    "pixel": [
     17246.6,
     2827.2
    ],
    "scene": "S1A_IW_GRDH_1SDV_20241230T225903_20241230T225928_057228_070A00_44C7_COG.SAFE",
    "t": "2024-12-30T22:59:03+00:00",
    "sensor": "sentinel1-vv-cfar",
    "uncertainty_m": 30.7
   }
  },
  {
   "type": "Feature",
   "geometry": {
    "type": "Point",
    "coordinates": [
     -74.70290571907644,
     38.42165902572364
    ]
   },
   "properties": {
    "confidence": 0.687,
    "snr": 13.74,
    "peak_dn": 458.0,
    "background_dn": 62.2,
    "sigma_dn": 28.8,
    "pixels": 20,
    "length_m_approx": 44.7,
    "pixel": [
     17246.2,
     2368.9
    ],
    "scene": "S1A_IW_GRDH_1SDV_20241230T225903_20241230T225928_057228_070A00_44C7_COG.SAFE",
    "t": "2024-12-30T22:59:03+00:00",
    "sensor": "sentinel1-vv-cfar",
    "uncertainty_m": 22.7
   }
  },
  {
   "type": "Feature",
   "geometry": {
    "type": "Point",
    "coordinates": [
     -74.72150670044559,
     38.505468164352955
    ]
   },
   "properties": {
    "confidence": 0.618,
    "snr": 12.35,
    "peak_dn": 235.0,
    "background_dn": 58.9,
    "sigma_dn": 14.26,
    "pixels": 42,
    "length_m_approx": 64.8,
    "pixel": [
     17244.7,
     3300.6
    ],
    "scene": "S1A_IW_GRDH_1SDV_20241230T225903_20241230T225928_057228_070A00_44C7_COG.SAFE",
    "t": "2024-12-30T22:59:03+00:00",
    "sensor": "sentinel1-vv-cfar",
    "uncertainty_m": 32.7
   }
  },
  {
   "type": "Feature",
   "geometry": {
    "type": "Point",
    "coordinates": [
     -74.69572973230588,
     38.45527360284266
    ]
   },
   "properties": {
    "confidence": 0.513,
    "snr": 10.25,
    "peak_dn": 193.0,
    "background_dn": 56.0,
    "sigma_dn": 13.36,
    "pixels": 4,
    "length_m_approx": 20.0,
    "pixel": [
     17371.5,
     2721.5
    ],
    "scene": "S1A_IW_GRDH_1SDV_20241230T225903_20241230T225928_057228_070A00_44C7_COG.SAFE",
    "t": "2024-12-30T22:59:03+00:00",
    "sensor": "sentinel1-vv-cfar",
    "uncertainty_m": 10.8
   }
  },
  {
   "type": "Feature",
   "geometry": {
    "type": "Point",
    "coordinates": [
     -74.60723957013171,
     38.516135061196834
    ]
   },
   "properties": {
    "confidence": 0.484,
    "snr": 9.68,
    "peak_dn": 221.0,
    "background_dn": 57.0,
    "sigma_dn": 16.93,
    "pixels": 4,
    "length_m_approx": 20.0,
    "pixel": [
     18247.0,
     3251.5
    ],
    "scene": "S1A_IW_GRDH_1SDV_20241230T225903_20241230T225928_057228_070A00_44C7_COG.SAFE",
    "t": "2024-12-30T22:59:03+00:00",
    "sensor": "sentinel1-vv-cfar",
    "uncertainty_m": 10.8
   }
  },
  {
   "type": "Feature",
   "geometry": {
    "type": "Point",
    "coordinates": [
     -74.7018425908007,
     38.42014141009166
    ]
   },
   "properties": {
    "confidence": 0.47,
    "snr": 9.4,
    "peak_dn": 285.0,
    "background_dn": 62.1,
    "sigma_dn": 23.7,
    "pixels": 2,
    "length_m_approx": 14.1,
    "pixel": [
     17252.5,
     2351.0
    ],
    "scene": "S1A_IW_GRDH_1SDV_20241230T225903_20241230T225928_057228_070A00_44C7_COG.SAFE",
    "t": "2024-12-30T22:59:03+00:00",
    "sensor": "sentinel1-vv-cfar",
    "uncertainty_m": 8.2
   }
  },
  {
   "type": "Feature",
   "geometry": {
    "type": "Point",
    "coordinates": [
     -74.60892669445568,
     38.51586911799177
    ]
   },
   "properties": {
    "confidence": 0.452,
    "snr": 9.04,
    "peak_dn": 207.0,
    "background_dn": 56.1,
    "sigma_dn": 16.68,
    "pixels": 3,
    "length_m_approx": 17.3,
    "pixel": [
     18232.0,
     3251.0
    ],
    "scene": "S1A_IW_GRDH_1SDV_20241230T225903_20241230T225928_057228_070A00_44C7_COG.SAFE",
    "t": "2024-12-30T22:59:03+00:00",
    "sensor": "sentinel1-vv-cfar",
    "uncertainty_m": 9.6
   }
  },
  {
   "type": "Feature",
   "geometry": {
    "type": "Point",
    "coordinates": [
     -74.60879946103869,
     38.516352222115835
    ]
   },
   "properties": {
    "confidence": 0.41,
    "snr": 8.2,
    "peak_dn": 194.0,
    "background_dn": 55.9,
    "sigma_dn": 16.85,
    "pixels": 3,
    "length_m_approx": 17.3,
    "pixel": [
     18234.0,
     3256.0
    ],
    "scene": "S1A_IW_GRDH_1SDV_20241230T225903_20241230T225928_057228_070A00_44C7_COG.SAFE",
    "t": "2024-12-30T22:59:03+00:00",
    "sensor": "sentinel1-vv-cfar",
    "uncertainty_m": 9.6
   }
  },
  {
   "type": "Feature",
   "geometry": {
    "type": "Point",
    "coordinates": [
     -74.61937059116103,
     38.566379290327575
    ]
   },
   "properties": {
    "confidence": 0.392,
    "snr": 7.83,
    "peak_dn": 166.0,
    "background_dn": 57.1,
    "sigma_dn": 13.9,
    "pixels": 2,
    "length_m_approx": 14.1,
    "pixel": [
     18237.0,
     3811.5
    ],
    "scene": "S1A_IW_GRDH_1SDV_20241230T225903_20241230T225928_057228_070A00_44C7_COG.SAFE",
    "t": "2024-12-30T22:59:03+00:00",
    "sensor": "sentinel1-vv-cfar",
    "uncertainty_m": 8.2
   }
  },
  {
   "type": "Feature",
   "geometry": {
    "type": "Point",
    "coordinates": [
     -74.60915249827246,
     38.51583757126655
    ]
   },
   "properties": {
    "confidence": 0.386,
    "snr": 7.72,
    "peak_dn": 186.0,
    "background_dn": 56.2,
    "sigma_dn": 16.83,
    "pixels": 3,
    "length_m_approx": 17.3,
    "pixel": [
     18230.0,
     3251.0
    ],
    "scene": "S1A_IW_GRDH_1SDV_20241230T225903_20241230T225928_057228_070A00_44C7_COG.SAFE",
    "t": "2024-12-30T22:59:03+00:00",
    "sensor": "sentinel1-vv-cfar",
    "uncertainty_m": 9.6
   }
  },
  {
   "type": "Feature",
   "geometry": {
    "type": "Point",
    "coordinates": [
     -74.77454008749102,
     38.52080136859165
    ]
   },
   "properties": {
    "confidence": 0.368,
    "snr": 7.36,
    "peak_dn": 158.0,
    "background_dn": 57.2,
    "sigma_dn": 13.69,
    "pixels": 2,
    "length_m_approx": 14.1,
    "pixel": [
     16818.0,
     3542.5
    ],
    "scene": "S1A_IW_GRDH_1SDV_20241230T225903_20241230T225928_057228_070A00_44C7_COG.SAFE",
    "t": "2024-12-30T22:59:03+00:00",
    "sensor": "sentinel1-vv-cfar",
    "uncertainty_m": 8.2
   }
  },
  {
   "type": "Feature",
   "geometry": {
    "type": "Point",
    "coordinates": [
     -74.71222109655143,
     38.463122518191255
    ]
   },
   "properties": {
    "confidence": 0.351,
    "snr": 7.01,
    "peak_dn": 144.0,
    "background_dn": 54.1,
    "sigma_dn": 12.82,
    "pixels": 2,
    "length_m_approx": 14.1,
    "pixel": [
     17244.5,
     2830.0
    ],
    "scene": "S1A_IW_GRDH_1SDV_20241230T225903_20241230T225928_057228_070A00_44C7_COG.SAFE",
    "t": "2024-12-30T22:59:03+00:00",
    "sensor": "sentinel1-vv-cfar",
    "uncertainty_m": 8.2
   }
  },
  {
   "type": "Feature",
   "geometry": {
    "type": "Point",
    "coordinates": [
     -74.51648397729534,
     38.418073954903335
    ]
   },
   "properties": {
    "confidence": 0.95,
    "snr": 72.76,
    "peak_dn": 2261.0,
    "background_dn": 62.1,
    "sigma_dn": 30.22,
    "pixels": 304,
    "length_m_approx": 174.4,
    "pixel": [
     18843.9,
     2062.4
    ],
    "scene": "S1A_IW_GRDH_1SDV_20241230T225903_20241230T225928_057228_070A00_44C7_COG.SAFE",
    "t": "2024-12-30T22:59:03+00:00",
    "sensor": "sentinel1-vv-cfar",
    "uncertainty_m": 87.3
   }
  },
  {
   "type": "Feature",
   "geometry": {
    "type": "Point",
    "coordinates": [
     -74.51739341681926,
     38.418009411749374
    ]
   },
   "properties": {
    "confidence": 0.352,
    "snr": 7.04,
    "peak_dn": 172.0,
    "background_dn": 60.8,
    "sigma_dn": 15.8,
    "pixels": 3,
    "length_m_approx": 17.3,
    "pixel": [
     18836.0,
     2063.0
    ],
    "scene": "S1A_IW_GRDH_1SDV_20241230T225903_20241230T225928_057228_070A00_44C7_COG.SAFE",
    "t": "2024-12-30T22:59:03+00:00",
    "sensor": "sentinel1-vv-cfar",
    "uncertainty_m": 9.6
   }
  },
  {
   "type": "Feature",
   "geometry": {
    "type": "Point",
    "coordinates": [
     -74.52694297987523,
     38.46756224682064
    ]
   },
   "properties": {
    "confidence": 0.307,
    "snr": 6.14,
    "peak_dn": 158.0,
    "background_dn": 63.0,
    "sigma_dn": 15.47,
    "pixels": 2,
    "length_m_approx": 14.1,
    "pixel": [
     18846.5,
     2612.0
    ],
    "scene": "S1A_IW_GRDH_1SDV_20241230T225903_20241230T225928_057228_070A00_44C7_COG.SAFE",
    "t": "2024-12-30T22:59:03+00:00",
    "sensor": "sentinel1-vv-cfar",
    "uncertainty_m": 8.2
   }
  },
  {
   "type": "Feature",
   "geometry": {
    "type": "Point",
    "coordinates": [
     -74.17100283266963,
     38.6462484675204
    ]
   },
   "properties": {
    "confidence": 0.364,
    "snr": 7.29,
    "peak_dn": 147.0,
    "background_dn": 52.5,
    "sigma_dn": 12.97,
    "pixels": 2,
    "length_m_approx": 14.1,
    "pixel": [
     22235.5,
     4043.0
    ],
    "scene": "S1A_IW_GRDH_1SDV_20241230T225903_20241230T225928_057228_070A00_44C7_COG.SAFE",
    "t": "2024-12-30T22:59:03+00:00",
    "sensor": "sentinel1-vv-cfar",
    "uncertainty_m": 8.2
   }
  },
  {
   "type": "Feature",
   "geometry": {
    "type": "Point",
    "coordinates": [
     -74.05969150054084,
     38.56715385505689
    ]
   },
   "properties": {
    "confidence": 0.583,
    "snr": 11.65,
    "peak_dn": 197.0,
    "background_dn": 50.4,
    "sigma_dn": 12.58,
    "pixels": 12,
    "length_m_approx": 34.6,
    "pixel": [
     23048.4,
     3032.4
    ],
    "scene": "S1A_IW_GRDH_1SDV_20241230T225903_20241230T225928_057228_070A00_44C7_COG.SAFE",
    "t": "2024-12-30T22:59:03+00:00",
    "sensor": "sentinel1-vv-cfar",
    "uncertainty_m": 17.8
   }
  },
  {
   "type": "Feature",
   "geometry": {
    "type": "Point",
    "coordinates": [
     -74.00046790204556,
     38.574597991724744
    ]
   },
   "properties": {
    "confidence": 0.575,
    "snr": 11.49,
    "peak_dn": 210.0,
    "background_dn": 55.1,
    "sigma_dn": 13.48,
    "pixels": 10,
    "length_m_approx": 31.6,
    "pixel": [
     23571.0,
     3031.5
    ],
    "scene": "S1A_IW_GRDH_1SDV_20241230T225903_20241230T225928_057228_070A00_44C7_COG.SAFE",
    "t": "2024-12-30T22:59:03+00:00",
    "sensor": "sentinel1-vv-cfar",
    "uncertainty_m": 16.4
   }
  },
  {
   "type": "Feature",
   "geometry": {
    "type": "Point",
    "coordinates": [
     -74.00065047988039,
     38.575221614873826
    ]
   },
   "properties": {
    "confidence": 0.514,
    "snr": 10.28,
    "peak_dn": 194.0,
    "background_dn": 55.2,
    "sigma_dn": 13.5,
    "pixels": 4,
    "length_m_approx": 20.0,
    "pixel": [
     23570.6,
     3038.5
    ],
    "scene": "S1A_IW_GRDH_1SDV_20241230T225903_20241230T225928_057228_070A00_44C7_COG.SAFE",
    "t": "2024-12-30T22:59:03+00:00",
    "sensor": "sentinel1-vv-cfar",
    "uncertainty_m": 10.8
   }
  },
  {
   "type": "Feature",
   "geometry": {
    "type": "Point",
    "coordinates": [
     -74.0822717470071,
     38.60380679471695
    ]
   },
   "properties": {
    "confidence": 0.453,
    "snr": 9.07,
    "peak_dn": 183.0,
    "background_dn": 56.5,
    "sigma_dn": 13.95,
    "pixels": 6,
    "length_m_approx": 24.5,
    "pixel": [
     22920.7,
     3460.5
    ],
    "scene": "S1A_IW_GRDH_1SDV_20241230T225903_20241230T225928_057228_070A00_44C7_COG.SAFE",
    "t": "2024-12-30T22:59:03+00:00",
    "sensor": "sentinel1-vv-cfar",
    "uncertainty_m": 12.9
   }
  },
  {
   "type": "Feature",
   "geometry": {
    "type": "Point",
    "coordinates": [
     -74.10059916386435,
     38.574945300532974
    ]
   },
   "properties": {
    "confidence": 0.415,
    "snr": 8.3,
    "peak_dn": 141.0,
    "background_dn": 46.3,
    "sigma_dn": 11.41,
    "pixels": 8,
    "length_m_approx": 28.3,
    "pixel": [
     22710.8,
     3173.6
    ],
    "scene": "S1A_IW_GRDH_1SDV_20241230T225903_20241230T225928_057228_070A00_44C7_COG.SAFE",
    "t": "2024-12-30T22:59:03+00:00",
    "sensor": "sentinel1-vv-cfar",
    "uncertainty_m": 14.8
   }
  },
  {
   "type": "Feature",
   "geometry": {
    "type": "Point",
    "coordinates": [
     -74.06251187553553,
     38.59054449064817
    ]
   },
   "properties": {
    "confidence": 0.395,
    "snr": 7.9,
    "peak_dn": 158.0,
    "background_dn": 53.8,
    "sigma_dn": 13.19,
    "pixels": 4,
    "length_m_approx": 20.0,
    "pixel": [
     23066.5,
     3289.5
    ],
    "scene": "S1A_IW_GRDH_1SDV_20241230T225903_20241230T225928_057228_070A00_44C7_COG.SAFE",
    "t": "2024-12-30T22:59:03+00:00",
    "sensor": "sentinel1-vv-cfar",
    "uncertainty_m": 10.8
   }
  },
  {
   "type": "Feature",
   "geometry": {
    "type": "Point",
    "coordinates": [
     -74.05572022893645,
     38.561140706459526
    ]
   },
   "properties": {
    "confidence": 0.388,
    "snr": 7.76,
    "peak_dn": 152.0,
    "background_dn": 52.0,
    "sigma_dn": 12.88,
    "pixels": 5,
    "length_m_approx": 22.4,
    "pixel": [
     23071.6,
     2961.8
    ],
    "scene": "S1A_IW_GRDH_1SDV_20241230T225903_20241230T225928_057228_070A00_44C7_COG.SAFE",
    "t": "2024-12-30T22:59:03+00:00",
    "sensor": "sentinel1-vv-cfar",
    "uncertainty_m": 11.9
   }
  },
  {
   "type": "Feature",
   "geometry": {
    "type": "Point",
    "coordinates": [
     -74.07468909035613,
     38.5700587039632
    ]
   },
   "properties": {
    "confidence": 0.346,
    "snr": 6.92,
    "peak_dn": 132.0,
    "background_dn": 49.5,
    "sigma_dn": 11.93,
    "pixels": 3,
    "length_m_approx": 17.3,
    "pixel": [
     22924.7,
     3084.7
    ],
    "scene": "S1A_IW_GRDH_1SDV_20241230T225903_20241230T225928_057228_070A00_44C7_COG.SAFE",
    "t": "2024-12-30T22:59:03+00:00",
    "sensor": "sentinel1-vv-cfar",
    "uncertainty_m": 9.6
   }
  },
  {
   "type": "Feature",
   "geometry": {
    "type": "Point",
    "coordinates": [
     -74.08215917370072,
     38.603451125284664
    ]
   },
   "properties": {
    "confidence": 0.325,
    "snr": 6.51,
    "peak_dn": 147.0,
    "background_dn": 56.7,
    "sigma_dn": 13.88,
    "pixels": 2,
    "length_m_approx": 14.1,
    "pixel": [
     22921.0,
     3456.5
    ],
    "scene": "S1A_IW_GRDH_1SDV_20241230T225903_20241230T225928_057228_070A00_44C7_COG.SAFE",
    "t": "2024-12-30T22:59:03+00:00",
    "sensor": "sentinel1-vv-cfar",
    "uncertainty_m": 8.2
   }
  },
  {
   "type": "Feature",
   "geometry": {
    "type": "Point",
    "coordinates": [
     -73.87547208687819,
     38.59172461858932
    ]
   },
   "properties": {
    "confidence": 0.46,
    "snr": 9.21,
    "peak_dn": 222.0,
    "background_dn": 67.8,
    "sigma_dn": 16.75,
    "pixels": 4,
    "length_m_approx": 20.0,
    "pixel": [
     24676.5,
     3045.5
    ],
    "scene": "S1A_IW_GRDH_1SDV_20241230T225903_20241230T225928_057228_070A00_44C7_COG.SAFE",
    "t": "2024-12-30T22:59:03+00:00",
    "sensor": "sentinel1-vv-cfar",
    "uncertainty_m": 10.8
   }
  },
  {
   "type": "Feature",
   "geometry": {
    "type": "Point",
    "coordinates": [
     -73.87344320895467,
     38.59131213013167
    ]
   },
   "properties": {
    "confidence": 0.382,
    "snr": 7.65,
    "peak_dn": 199.0,
    "background_dn": 68.7,
    "sigma_dn": 17.05,
    "pixels": 4,
    "length_m_approx": 20.0,
    "pixel": [
     24693.2,
     3038.2
    ],
    "scene": "S1A_IW_GRDH_1SDV_20241230T225903_20241230T225928_057228_070A00_44C7_COG.SAFE",
    "t": "2024-12-30T22:59:03+00:00",
    "sensor": "sentinel1-vv-cfar",
    "uncertainty_m": 10.8
   }
  },
  {
   "type": "Feature",
   "geometry": {
    "type": "Point",
    "coordinates": [
     -76.38349318630914,
     38.40307358945808
    ]
   },
   "properties": {
    "confidence": 0.95,
    "snr": 35.04,
    "peak_dn": 1737.0,
    "background_dn": 87.1,
    "sigma_dn": 47.09,
    "pixels": 97,
    "length_m_approx": 98.5,
    "pixel": [
     2767.3,
     4717.0
    ],
    "scene": "S1A_IW_GRDH_1SDV_20241230T225903_20241230T225928_057228_070A00_44C7_COG.SAFE",
    "t": "2024-12-30T22:59:03+00:00",
    "sensor": "sentinel1-vv-cfar",
    "uncertainty_m": 50.2
   }
  },
  {
   "type": "Feature",
   "geometry": {
    "type": "Point",
    "coordinates": [
     -76.38455088205882,
     38.40241259602803
    ]
   },
   "properties": {
    "confidence": 0.95,
    "snr": 27.99,
    "peak_dn": 1462.0,
    "background_dn": 88.1,
    "sigma_dn": 49.09,
    "pixels": 38,
    "length_m_approx": 61.6,
    "pixel": [
     2756.8,
     4711.6
    ],
    "scene": "S1A_IW_GRDH_1SDV_20241230T225903_20241230T225928_057228_070A00_44C7_COG.SAFE",
    "t": "2024-12-30T22:59:03+00:00",
    "sensor": "sentinel1-vv-cfar",
    "uncertainty_m": 32.3
   }
  },
  {
   "type": "Feature",
   "geometry": {
    "type": "Point",
    "coordinates": [
     -76.37542205638582,
     38.4699716470773
    ]
   },
   "properties": {
    "confidence": 0.95,
    "snr": 25.28,
    "peak_dn": 589.0,
    "background_dn": 86.1,
    "sigma_dn": 19.9,
    "pixels": 10,
    "length_m_approx": 31.6,
    "pixel": [
     2977.0,
     5421.8
    ],
    "scene": "S1A_IW_GRDH_1SDV_20241230T225903_20241230T225928_057228_070A00_44C7_COG.SAFE",
    "t": "2024-12-30T22:59:03+00:00",
    "sensor": "sentinel1-vv-cfar",
    "uncertainty_m": 18.5
   }
  },
  {
   "type": "Feature",
   "geometry": {
    "type": "Point",
    "coordinates": [
     -76.38623186917137,
     38.53504253444951
    ]
   },
   "properties": {
    "confidence": 0.95,
    "snr": 19.0,
    "peak_dn": 481.0,
    "background_dn": 90.1,
    "sigma_dn": 20.58,
    "pixels": 10,
    "length_m_approx": 31.6,
    "pixel": [
     3020.5,
     6136.8
    ],
    "scene": "S1A_IW_GRDH_1SDV_20241230T225903_20241230T225928_057228_070A00_44C7_COG.SAFE",
    "t": "2024-12-30T22:59:03+00:00",
    "sensor": "sentinel1-vv-cfar",
    "uncertainty_m": 17.8
   }
  },
  {
   "type": "Feature",
   "geometry": {
    "type": "Point",
    "coordinates": [
     -76.48192534744246,
     38.5190697966738
    ]
   },
   "properties": {
    "confidence": 0.93,
    "snr": 18.6,
    "peak_dn": 272.0,
    "background_dn": 50.2,
    "sigma_dn": 11.92,
    "pixels": 10,
    "length_m_approx": 31.6,
    "pixel": [
     2166.3,
     6117.4
    ],
    "scene": "S1A_IW_GRDH_1SDV_20241230T225903_20241230T225928_057228_070A00_44C7_COG.SAFE",
    "t": "2024-12-30T22:59:03+00:00",
    "sensor": "sentinel1-vv-cfar",
    "uncertainty_m": 18.5
   }
  },
  {
   "type": "Feature",
   "geometry": {
    "type": "Point",
    "coordinates": [
     -76.38231694778253,
     38.40132140965549
    ]
   },
   "properties": {
    "confidence": 0.93,
    "snr": 18.6,
    "peak_dn": 1227.0,
    "background_dn": 90.5,
    "sigma_dn": 61.12,
    "pixels": 17,
    "length_m_approx": 41.2,
    "pixel": [
     2773.7,
     4696.4
    ],
    "scene": "S1A_IW_GRDH_1SDV_20241230T225903_20241230T225928_057228_070A00_44C7_COG.SAFE",
    "t": "2024-12-30T22:59:03+00:00",
    "sensor": "sentinel1-vv-cfar",
    "uncertainty_m": 22.7
   }
  },
  {
   "type": "Feature",
   "geometry": {
    "type": "Point",
    "coordinates": [
     -76.38489773476448,
     38.40461133202256
    ]
   },
   "properties": {
    "confidence": 0.661,
    "snr": 13.23,
    "peak_dn": 1087.0,
    "background_dn": 91.8,
    "sigma_dn": 75.24,
    "pixels": 20,
    "length_m_approx": 44.7,
    "pixel": [
     2758.4,
     4735.8
    ],
    "scene": "S1A_IW_GRDH_1SDV_20241230T225903_20241230T225928_057228_070A00_44C7_COG.SAFE",
    "t": "2024-12-30T22:59:03+00:00",
    "sensor": "sentinel1-vv-cfar",
    "uncertainty_m": 24.3
   }
  },
  {
   "type": "Feature",
   "geometry": {
    "type": "Point",
    "coordinates": [
     -76.33780325417821,
     38.51650088984184
    ]
   },
   "properties": {
    "confidence": 0.655,
    "snr": 13.1,
    "peak_dn": 336.0,
    "background_dn": 81.9,
    "sigma_dn": 19.39,
    "pixels": 11,
    "length_m_approx": 33.2,
    "pixel": [
     3396.7,
     5861.4
    ],
    "scene": "S1A_IW_GRDH_1SDV_20241230T225903_20241230T225928_057228_070A00_44C7_COG.SAFE",
    "t": "2024-12-30T22:59:03+00:00",
    "sensor": "sentinel1-vv-cfar",
    "uncertainty_m": 19.1
   }
  },
  {
   "type": "Feature",
   "geometry": {
    "type": "Point",
    "coordinates": [
     -76.3860125416299,
     38.405773032731396
    ]
   },
   "properties": {
    "confidence": 0.544,
    "snr": 10.89,
    "peak_dn": 1025.0,
    "background_dn": 93.9,
    "sigma_dn": 85.52,
    "pixels": 7,
    "length_m_approx": 26.5,
    "pixel": [
     2751.3,
     4750.0
    ],
    "scene": "S1A_IW_GRDH_1SDV_20241230T225903_20241230T225928_057228_070A00_44C7_COG.SAFE",
    "t": "2024-12-30T22:59:03+00:00",
    "sensor": "sentinel1-vv-cfar",
    "uncertainty_m": 16.3
   }
  },
  {
   "type": "Feature",
   "geometry": {
    "type": "Point",
    "coordinates": [
     -76.38388958152328,
     38.40271491805638
    ]
   },
   "properties": {
    "confidence": 0.466,
    "snr": 9.32,
    "peak_dn": 513.0,
    "background_dn": 86.8,
    "sigma_dn": 45.74,
    "pixels": 12,
    "length_m_approx": 34.6,
    "pixel": [
     2763.1,
     4713.8
    ],
    "scene": "S1A_IW_GRDH_1SDV_20241230T225903_20241230T225928_057228_070A00_44C7_COG.SAFE",
    "t": "2024-12-30T22:59:03+00:00",
    "sensor": "sentinel1-vv-cfar",
    "uncertainty_m": 19.8
   }
  },
  {
   "type": "Feature",
   "geometry": {
    "type": "Point",
    "coordinates": [
     -76.30812675559194,
     38.35649278989085
    ]
   },
   "properties": {
    "confidence": 0.439,
    "snr": 8.79,
    "peak_dn": 266.0,
    "background_dn": 87.0,
    "sigma_dn": 20.38,
    "pixels": 6,
    "length_m_approx": 24.5,
    "pixel": [
     3317.5,
     4098.0
    ],
    "scene": "S1A_IW_GRDH_1SDV_20241230T225903_20241230T225928_057228_070A00_44C7_COG.SAFE",
    "t": "2024-12-30T22:59:03+00:00",
    "sensor": "sentinel1-vv-cfar",
    "uncertainty_m": 15.5
   }
  },
  {
   "type": "Feature",
   "geometry": {
    "type": "Point",
    "coordinates": [
     -76.3823897836262,
     38.402095796940486
    ]
   },
   "properties": {
    "confidence": 0.352,
    "snr": 7.03,
    "peak_dn": 450.0,
    "background_dn": 88.4,
    "sigma_dn": 51.43,
    "pixels": 6,
    "length_m_approx": 24.5,
    "pixel": [
     2774.7,
     4704.8
    ],
    "scene": "S1A_IW_GRDH_1SDV_20241230T225903_20241230T225928_057228_070A00_44C7_COG.SAFE",
    "t": "2024-12-30T22:59:03+00:00",
    "sensor": "sentinel1-vv-cfar",
    "uncertainty_m": 15.5
   }
  },
  {
   "type": "Feature",
   "geometry": {
    "type": "Point",
    "coordinates": [
     -76.38178884142417,
     38.401223912791764
    ]
   },
   "properties": {
    "confidence": 0.332,
    "snr": 6.63,
    "peak_dn": 580.0,
    "background_dn": 92.4,
    "sigma_dn": 73.5,
    "pixels": 2,
    "length_m_approx": 14.1,
    "pixel": [
     2778.0,
     4694.5
    ],
    "scene": "S1A_IW_GRDH_1SDV_20241230T225903_20241230T225928_057228_070A00_44C7_COG.SAFE",
    "t": "2024-12-30T22:59:03+00:00",
    "sensor": "sentinel1-vv-cfar",
    "uncertainty_m": 11.9
   }
  },
  {
   "type": "Feature",
   "geometry": {
    "type": "Point",
    "coordinates": [
     -76.09531348742064,
     38.428577380881194
    ]
   },
   "properties": {
    "confidence": 0.397,
    "snr": 7.94,
    "peak_dn": 229.0,
    "background_dn": 77.5,
    "sigma_dn": 19.09,
    "pixels": 3,
    "length_m_approx": 17.3,
    "pixel": [
     5294.3,
     4536.7
    ],
    "scene": "S1A_IW_GRDH_1SDV_20241230T225903_20241230T225928_057228_070A00_44C7_COG.SAFE",
    "t": "2024-12-30T22:59:03+00:00",
    "sensor": "sentinel1-vv-cfar",
    "uncertainty_m": 12.0
   }
  },
  {
   "type": "Feature",
   "geometry": {
    "type": "Point",
    "coordinates": [
     -75.10477121123142,
     38.67507105294422
    ]
   },
   "properties": {
    "confidence": 0.95,
    "snr": 21.66,
    "peak_dn": 311.0,
    "background_dn": 50.8,
    "sigma_dn": 12.01,
    "pixels": 27,
    "length_m_approx": 52.0,
    "pixel": [
     14279.0,
     5687.9
    ],
    "scene": "S1A_IW_GRDH_1SDV_20241230T225903_20241230T225928_057228_070A00_44C7_COG.SAFE",
    "t": "2024-12-30T22:59:03+00:00",
    "sensor": "sentinel1-vv-cfar",
    "uncertainty_m": 26.4
   }
  },
  {
   "type": "Feature",
   "geometry": {
    "type": "Point",
    "coordinates": [
     -75.09359964011276,
     38.59330618150352
    ]
   },
   "properties": {
    "confidence": 0.95,
    "snr": 20.61,
    "peak_dn": 339.0,
    "background_dn": 55.1,
    "sigma_dn": 13.78,
    "pixels": 26,
    "length_m_approx": 51.0,
    "pixel": [
     14216.8,
     4789.9
    ],
    "scene": "S1A_IW_GRDH_1SDV_20241230T225903_20241230T225928_057228_070A00_44C7_COG.SAFE",
    "t": "2024-12-30T22:59:03+00:00",
    "sensor": "sentinel1-vv-cfar",
    "uncertainty_m": 25.9
   }
  },
  {
   "type": "Feature",
   "geometry": {
    "type": "Point",
    "coordinates": [
     -75.11435190341433,
     38.66436202777656
    ]
   },
   "properties": {
    "confidence": 0.95,
    "snr": 19.42,
    "peak_dn": 341.0,
    "background_dn": 54.9,
    "sigma_dn": 14.73,
    "pixels": 20,
    "length_m_approx": 44.7,
    "pixel": [
     14176.1,
     5586.4
    ],
    "scene": "S1A_IW_GRDH_1SDV_20241230T225903_20241230T225928_057228_070A00_44C7_COG.SAFE",
    "t": "2024-12-30T22:59:03+00:00",
    "sensor": "sentinel1-vv-cfar",
    "uncertainty_m": 22.8
   }
  },
  {
   "type": "Feature",
   "geometry": {
    "type": "Point",
    "coordinates": [
     -75.12252893921757,
     38.66330430749215
    ]
   },
   "properties": {
    "confidence": 0.862,
    "snr": 17.23,
    "peak_dn": 302.0,
    "background_dn": 52.9,
    "sigma_dn": 14.45,
    "pixels": 17,
    "length_m_approx": 41.2,
    "pixel": [
     14104.0,
     5587.0
    ],
    "scene": "S1A_IW_GRDH_1SDV_20241230T225903_20241230T225928_057228_070A00_44C7_COG.SAFE",
    "t": "2024-12-30T22:59:03+00:00",
    "sensor": "sentinel1-vv-cfar",
    "uncertainty_m": 21.1
   }
  },
  {
   "type": "Feature",
   "geometry": {
    "type": "Point",
    "coordinates": [
     -75.1235524691851,
     38.66537169888418
    ]
   },
   "properties": {
    "confidence": 0.8,
    "snr": 16.01,
    "peak_dn": 304.0,
    "background_dn": 52.2,
    "sigma_dn": 15.73,
    "pixels": 8,
    "length_m_approx": 28.3,
    "pixel": [
     14099.2,
     5610.8
    ],
    "scene": "S1A_IW_GRDH_1SDV_20241230T225903_20241230T225928_057228_070A00_44C7_COG.SAFE",
    "t": "2024-12-30T22:59:03+00:00",
    "sensor": "sentinel1-vv-cfar",
    "uncertainty_m": 14.9
   }
  },
  {
   "type": "Feature",
   "geometry": {
    "type": "Point",
    "coordinates": [
     -75.10963458852027,
     38.661023468856264
    ]
   },
   "properties": {
    "confidence": 0.743,
    "snr": 14.85,
    "peak_dn": 278.0,
    "background_dn": 55.1,
    "sigma_dn": 15.01,
    "pixels": 22,
    "length_m_approx": 46.9,
    "pixel": [
     14210.1,
     5543.5
    ],
    "scene": "S1A_IW_GRDH_1SDV_20241230T225903_20241230T225928_057228_070A00_44C7_COG.SAFE",
    "t": "2024-12-30T22:59:03+00:00",
    "sensor": "sentinel1-vv-cfar",
    "uncertainty_m": 23.9
   }
  },
  {
   "type": "Feature",
   "geometry": {
    "type": "Point",
    "coordinates": [
     -75.12068910982543,
     38.607258601750914
    ]
   },
   "properties": {
    "confidence": 0.716,
    "snr": 14.32,
    "peak_dn": 219.0,
    "background_dn": 46.2,
    "sigma_dn": 12.07,
    "pixels": 23,
    "length_m_approx": 48.0,
    "pixel": [
     14011.4,
     4980.1
    ],
    "scene": "S1A_IW_GRDH_1SDV_20241230T225903_20241230T225928_057228_070A00_44C7_COG.SAFE",
    "t": "2024-12-30T22:59:03+00:00",
    "sensor": "sentinel1-vv-cfar",
    "uncertainty_m": 24.4
   }
  },
  {
   "type": "Feature",
   "geometry": {
    "type": "Point",
    "coordinates": [
     -75.1157282972269,
     38.67861775758276
    ]
   },
   "properties": {
    "confidence": 0.586,
    "snr": 11.71,
    "peak_dn": 197.0,
    "background_dn": 49.8,
    "sigma_dn": 12.57,
    "pixels": 8,
    "length_m_approx": 28.3,
    "pixel": [
     14191.9,
     5742.2
    ],
    "scene": "S1A_IW_GRDH_1SDV_20241230T225903_20241230T225928_057228_070A00_44C7_COG.SAFE",
    "t": "2024-12-30T22:59:03+00:00",
    "sensor": "sentinel1-vv-cfar",
    "uncertainty_m": 14.9
   }
  },
  {
   "type": "Feature",
   "geometry": {
    "type": "Point",
    "coordinates": [
     -75.12345464725018,
     38.665084385302755
    ]
   },
   "properties": {
    "confidence": 0.43,
    "snr": 8.61,
    "peak_dn": 183.0,
    "background_dn": 52.2,
    "sigma_dn": 15.19,
    "pixels": 4,
    "length_m_approx": 20.0,
    "pixel": [
     14099.5,
     5607.5
    ],
    "scene": "S1A_IW_GRDH_1SDV_20241230T225903_20241230T225928_057228_070A00_44C7_COG.SAFE",
    "t": "2024-12-30T22:59:03+00:00",
    "sensor": "sentinel1-vv-cfar",
    "uncertainty_m": 11.0
   }
  },
  {
   "type": "Feature",
   "geometry": {
    "type": "Point",
    "coordinates": [
     -75.1039699046402,
     38.61045670426245
    ]
   },
   "properties": {
    "confidence": 0.354,
    "snr": 7.09,
    "peak_dn": 135.0,
    "background_dn": 46.9,
    "sigma_dn": 12.43,
    "pixels": 3,
    "length_m_approx": 17.3,
    "pixel": [
     14161.0,
     4990.0
    ],
    "scene": "S1A_IW_GRDH_1SDV_20241230T225903_20241230T225928_057228_070A00_44C7_COG.SAFE",
    "t": "2024-12-30T22:59:03+00:00",
    "sensor": "sentinel1-vv-cfar",
    "uncertainty_m": 9.8
   }
  },
  {
   "type": "Feature",
   "geometry": {
    "type": "Point",
    "coordinates": [
     -74.86917961519086,
     38.63669119617832
    ]
   },
   "properties": {
    "confidence": 0.95,
    "snr": 69.16,
    "peak_dn": 868.0,
    "background_dn": 49.6,
    "sigma_dn": 11.83,
    "pixels": 16,
    "length_m_approx": 40.0,
    "pixel": [
     16225.8,
     4930.4
    ],
    "scene": "S1A_IW_GRDH_1SDV_20241230T225903_20241230T225928_057228_070A00_44C7_COG.SAFE",
    "t": "2024-12-30T22:59:03+00:00",
    "sensor": "sentinel1-vv-cfar",
    "uncertainty_m": 20.5
   }
  },
  {
   "type": "Feature",
   "geometry": {
    "type": "Point",
    "coordinates": [
     -75.08978405565854,
     38.67186575431945
    ]
   },
   "properties": {
    "confidence": 0.95,
    "snr": 42.05,
    "peak_dn": 574.0,
    "background_dn": 51.6,
    "sigma_dn": 12.42,
    "pixels": 68,
    "length_m_approx": 82.5,
    "pixel": [
     14401.3,
     5631.4
    ],
    "scene": "S1A_IW_GRDH_1SDV_20241230T225903_20241230T225928_057228_070A00_44C7_COG.SAFE",
    "t": "2024-12-30T22:59:03+00:00",
    "sensor": "sentinel1-vv-cfar",
    "uncertainty_m": 41.5
   }
  },
  {
   "type": "Feature",
   "geometry": {
    "type": "Point",
    "coordinates": [
     -75.04542412825884,
     38.60896248998754
    ]
   },
   "properties": {
    "confidence": 0.95,
    "snr": 19.69,
    "peak_dn": 238.0,
    "background_dn": 39.0,
    "sigma_dn": 10.11,
    "pixels": 9,
    "length_m_approx": 30.0,
    "pixel": [
     14660.5,
     4888.2
    ],
    "scene": "S1A_IW_GRDH_1SDV_20241230T225903_20241230T225928_057228_070A00_44C7_COG.SAFE",
    "t": "2024-12-30T22:59:03+00:00",
    "sensor": "sentinel1-vv-cfar",
    "uncertainty_m": 15.7
   }
  },
  {
   "type": "Feature",
   "geometry": {
    "type": "Point",
    "coordinates": [
     -75.09402645661677,
     38.65897631883145
    ]
   },
   "properties": {
    "confidence": 0.864,
    "snr": 17.29,
    "peak_dn": 295.0,
    "background_dn": 45.8,
    "sigma_dn": 14.42,
    "pixels": 18,
    "length_m_approx": 42.4,
    "pixel": [
     14340.0,
     5498.6
    ],
    "scene": "S1A_IW_GRDH_1SDV_20241230T225903_20241230T225928_057228_070A00_44C7_COG.SAFE",
    "t": "2024-12-30T22:59:03+00:00",
    "sensor": "sentinel1-vv-cfar",
    "uncertainty_m": 21.7
   }
  },
  {
   "type": "Feature",
   "geometry": {
    "type": "Point",
    "coordinates": [
     -74.9514482179304,
     38.711449991197235
    ]
   },
   "properties": {
    "confidence": 0.719,
    "snr": 14.39,
    "peak_dn": 198.0,
    "background_dn": 44.2,
    "sigma_dn": 10.69,
    "pixels": 20,
    "length_m_approx": 44.7,
    "pixel": [
     15663.2,
     5856.4
    ],
    "scene": "S1A_IW_GRDH_1SDV_20241230T225903_20241230T225928_057228_070A00_44C7_COG.SAFE",
    "t": "2024-12-30T22:59:03+00:00",
    "sensor": "sentinel1-vv-cfar",
    "uncertainty_m": 22.8
   }
  },
  {
   "type": "Feature",
   "geometry": {
    "type": "Point",
    "coordinates": [
     -75.09061636563754,
     38.65875651879941
    ]
   },
   "properties": {
    "confidence": 0.675,
    "snr": 13.51,
    "peak_dn": 234.0,
    "background_dn": 42.5,
    "sigma_dn": 14.18,
    "pixels": 13,
    "length_m_approx": 36.1,
    "pixel": [
     14368.9,
     5491.3
    ],
    "scene": "S1A_IW_GRDH_1SDV_20241230T225903_20241230T225928_057228_070A00_44C7_COG.SAFE",
    "t": "2024-12-30T22:59:03+00:00",
    "sensor": "sentinel1-vv-cfar",
    "uncertainty_m": 18.6
   }
  },
  {
   "type": "Feature",
   "geometry": {
    "type": "Point",
    "coordinates": [
     -74.95874316380758,
     38.73076583125798
    ]
   },
   "properties": {
    "confidence": 0.602,
    "snr": 12.04,
    "peak_dn": 158.0,
    "background_dn": 40.5,
    "sigma_dn": 9.75,
    "pixels": 9,
    "length_m_approx": 30.0,
    "pixel": [
     15637.6,
     6075.4
    ],
    "scene": "S1A_IW_GRDH_1SDV_20241230T225903_20241230T225928_057228_070A00_44C7_COG.SAFE",
    "t": "2024-12-30T22:59:03+00:00",
    "sensor": "sentinel1-vv-cfar",
    "uncertainty_m": 15.7
   }
  },
  {
   "type": "Feature",
   "geometry": {
    "type": "Point",
    "coordinates": [
     -74.98167794716815,
     38.712121694849706
    ]
   },
   "properties": {
    "confidence": 0.581,
    "snr": 11.61,
    "peak_dn": 163.0,
    "background_dn": 42.2,
    "sigma_dn": 10.4,
    "pixels": 4,
    "length_m_approx": 20.0,
    "pixel": [
     15405.5,
     5907.5
    ],
    "scene": "S1A_IW_GRDH_1SDV_20241230T225903_20241230T225928_057228_070A00_44C7_COG.SAFE",
    "t": "2024-12-30T22:59:03+00:00",
    "sensor": "sentinel1-vv-cfar",
    "uncertainty_m": 11.0
   }
  },
  {
   "type": "Feature",
   "geometry": {
    "type": "Point",
    "coordinates": [
     -74.95052804950541,
     38.71123799384796
    ]
   },
   "properties": {
    "confidence": 0.551,
    "snr": 11.02,
    "peak_dn": 163.0,
    "background_dn": 44.6,
    "sigma_dn": 10.75,
    "pixels": 10,
    "length_m_approx": 31.6,
    "pixel": [
     15670.7,
     5852.8
    ],
    "scene": "S1A_IW_GRDH_1SDV_20241230T225903_20241230T225928_057228_070A00_44C7_COG.SAFE",
    "t": "2024-12-30T22:59:03+00:00",
    "sensor": "sentinel1-vv-cfar",
    "uncertainty_m": 16.5
   }
  },
  {
   "type": "Feature",
   "geometry": {
    "type": "Point",
    "coordinates": [
     -75.0896453598309,
     38.65901773126101
    ]
   },
   "properties": {
    "confidence": 0.522,
    "snr": 10.43,
    "peak_dn": 188.0,
    "background_dn": 42.2,
    "sigma_dn": 13.97,
    "pixels": 9,
    "length_m_approx": 30.0,
    "pixel": [
     14377.7,
     5492.7
    ],
    "scene": "S1A_IW_GRDH_1SDV_20241230T225903_20241230T225928_057228_070A00_44C7_COG.SAFE",
    "t": "2024-12-30T22:59:03+00:00",
    "sensor": "sentinel1-vv-cfar",
    "uncertainty_m": 15.7
   }
  },
  {
   "type": "Feature",
   "geometry": {
    "type": "Point",
    "coordinates": [
     -75.08975398250173,
     38.67262045286878
    ]
   },
   "properties": {
    "confidence": 0.37,
    "snr": 7.39,
    "peak_dn": 144.0,
    "background_dn": 51.5,
    "sigma_dn": 12.51,
    "pixels": 2,
    "length_m_approx": 14.1,
    "pixel": [
     14403.0,
     5639.5
    ],
    "scene": "S1A_IW_GRDH_1SDV_20241230T225903_20241230T225928_057228_070A00_44C7_COG.SAFE",
    "t": "2024-12-30T22:59:03+00:00",
    "sensor": "sentinel1-vv-cfar",
    "uncertainty_m": 8.5
   }
  },
  {
   "type": "Feature",
   "geometry": {
    "type": "Point",
    "coordinates": [
     -75.09027951886532,
     38.6723644140895
    ]
   },
   "properties": {
    "confidence": 0.348,
    "snr": 6.95,
    "peak_dn": 138.0,
    "background_dn": 51.5,
    "sigma_dn": 12.45,
    "pixels": 2,
    "length_m_approx": 14.1,
    "pixel": [
     14398.0,
     5637.5
    ],
    "scene": "S1A_IW_GRDH_1SDV_20241230T225903_20241230T225928_057228_070A00_44C7_COG.SAFE",
    "t": "2024-12-30T22:59:03+00:00",
    "sensor": "sentinel1-vv-cfar",
    "uncertainty_m": 8.5
   }
  },
  {
   "type": "Feature",
   "geometry": {
    "type": "Point",
    "coordinates": [
     -75.04278700833179,
     38.547174943477145
    ]
   },
   "properties": {
    "confidence": 0.341,
    "snr": 6.81,
    "peak_dn": 171.0,
    "background_dn": 56.8,
    "sigma_dn": 16.75,
    "pixels": 3,
    "length_m_approx": 17.3,
    "pixel": [
     14564.0,
     4218.0
    ],
    "scene": "S1A_IW_GRDH_1SDV_20241230T225903_20241230T225928_057228_070A00_44C7_COG.SAFE",
    "t": "2024-12-30T22:59:03+00:00",
    "sensor": "sentinel1-vv-cfar",
    "uncertainty_m": 9.8
   }
  },
  {
   "type": "Feature",
   "geometry": {
    "type": "Point",
    "coordinates": [
     -74.83122987623679,
     38.65653062925607
    ]
   },
   "properties": {
    "confidence": 0.95,
    "snr": 210.7,
    "peak_dn": 3032.0,
    "background_dn": 54.9,
    "sigma_dn": 14.13,
    "pixels": 181,
    "length_m_approx": 134.5,
    "pixel": [
     16589.1,
     5089.5
    ],
    "scene": "S1A_IW_GRDH_1SDV_20241230T225903_20241230T225928_057228_070A00_44C7_COG.SAFE",
    "t": "2024-12-30T22:59:03+00:00",
    "sensor": "sentinel1-vv-cfar",
    "uncertainty_m": 67.4
   }
  },
  {
   "type": "Feature",
   "geometry": {
    "type": "Point",
    "coordinates": [
     -74.85948324260542,
     38.71488701473521
    ]
   },
   "properties": {
    "confidence": 0.95,
    "snr": 29.05,
    "peak_dn": 409.0,
    "background_dn": 49.2,
    "sigma_dn": 12.39,
    "pixels": 52,
    "length_m_approx": 72.1,
    "pixel": [
     16457.7,
     5760.2
    ],
    "scene": "S1A_IW_GRDH_1SDV_20241230T225903_20241230T225928_057228_070A00_44C7_COG.SAFE",
    "t": "2024-12-30T22:59:03+00:00",
    "sensor": "sentinel1-vv-cfar",
    "uncertainty_m": 36.4
   }
  },
  {
   "type": "Feature",
   "geometry": {
    "type": "Point",
    "coordinates": [
     -74.86031890736078,
     38.71583356607626
    ]
   },
   "properties": {
    "confidence": 0.95,
    "snr": 21.17,
    "peak_dn": 310.0,
    "background_dn": 49.3,
    "sigma_dn": 12.31,
    "pixels": 53,
    "length_m_approx": 72.8,
    "pixel": [
     16452.4,
     5771.7
    ],
    "scene": "S1A_IW_GRDH_1SDV_20241230T225903_20241230T225928_057228_070A00_44C7_COG.SAFE",
    "t": "2024-12-30T22:59:03+00:00",
    "sensor": "sentinel1-vv-cfar",
    "uncertainty_m": 36.7
   }
  },
  {
   "type": "Feature",
   "geometry": {
    "type": "Point",
    "coordinates": [
     -74.83086229796925,
     38.65533255549343
    ]
   },
   "properties": {
    "confidence": 0.397,
    "snr": 7.93,
    "peak_dn": 188.0,
    "background_dn": 54.7,
    "sigma_dn": 16.8,
    "pixels": 3,
    "length_m_approx": 17.3,
    "pixel": [
     16589.9,
     5076.0
    ],
    "scene": "S1A_IW_GRDH_1SDV_20241230T225903_20241230T225928_057228_070A00_44C7_COG.SAFE",
    "t": "2024-12-30T22:59:03+00:00",
    "sensor": "sentinel1-vv-cfar",
    "uncertainty_m": 9.8
   }
  },
  {
   "type": "Feature",
   "geometry": {
    "type": "Point",
    "coordinates": [
     -74.84075067478915,
     38.630714321369645
    ]
   },
   "properties": {
    "confidence": 0.394,
    "snr": 7.87,
    "peak_dn": 144.0,
    "background_dn": 49.8,
    "sigma_dn": 11.97,
    "pixels": 3,
    "length_m_approx": 17.3,
    "pixel": [
     16458.3,
     4824.7
    ],
    "scene": "S1A_IW_GRDH_1SDV_20241230T225903_20241230T225928_057228_070A00_44C7_COG.SAFE",
    "t": "2024-12-30T22:59:03+00:00",
    "sensor": "sentinel1-vv-cfar",
    "uncertainty_m": 9.8
   }
  },
  {
   "type": "Feature",
   "geometry": {
    "type": "Point",
    "coordinates": [
     -74.85971750090896,
     38.715806606749126
    ]
   },
   "properties": {
    "confidence": 0.372,
    "snr": 7.43,
    "peak_dn": 138.0,
    "background_dn": 49.1,
    "sigma_dn": 11.97,
    "pixels": 4,
    "length_m_approx": 20.0,
    "pixel": [
     16457.5,
     5770.5
    ],
    "scene": "S1A_IW_GRDH_1SDV_20241230T225903_20241230T225928_057228_070A00_44C7_COG.SAFE",
    "t": "2024-12-30T22:59:03+00:00",
    "sensor": "sentinel1-vv-cfar",
    "uncertainty_m": 11.0
   }
  },
  {
   "type": "Feature",
   "geometry": {
    "type": "Point",
    "coordinates": [
     -74.83017963571069,
     38.65648991544286
    ]
   },
   "properties": {
    "confidence": 0.333,
    "snr": 6.66,
    "peak_dn": 147.0,
    "background_dn": 54.8,
    "sigma_dn": 13.84,
    "pixels": 2,
    "length_m_approx": 14.1,
    "pixel": [
     16598.0,
     5087.5
    ],
    "scene": "S1A_IW_GRDH_1SDV_20241230T225903_20241230T225928_057228_070A00_44C7_COG.SAFE",
    "t": "2024-12-30T22:59:03+00:00",
    "sensor": "sentinel1-vv-cfar",
    "uncertainty_m": 8.5
   }
  },
  {
   "type": "Feature",
   "geometry": {
    "type": "Point",
    "coordinates": [
     -74.75187997264561,
     38.666276391356405
    ]
   },
   "properties": {
    "confidence": 0.304,
    "snr": 6.08,
    "peak_dn": 140.0,
    "background_dn": 57.2,
    "sigma_dn": 13.62,
    "pixels": 2,
    "length_m_approx": 14.1,
    "pixel": [
     17288.0,
     5080.5
    ],
    "scene": "S1A_IW_GRDH_1SDV_20241230T225903_20241230T225928_057228_070A00_44C7_COG.SAFE",
    "t": "2024-12-30T22:59:03+00:00",
    "sensor": "sentinel1-vv-cfar",
    "uncertainty_m": 8.2
   }
  },
  {
   "type": "Feature",
   "geometry": {
    "type": "Point",
    "coordinates": [
     -74.57518761698522,
     38.78095523326139
    ]
   },
   "properties": {
    "confidence": 0.686,
    "snr": 13.73,
    "peak_dn": 210.0,
    "background_dn": 47.1,
    "sigma_dn": 11.87,
    "pixels": 8,
    "length_m_approx": 28.3,
    "pixel": [
     19017.8,
     6066.9
    ],
    "scene": "S1A_IW_GRDH_1SDV_20241230T225903_20241230T225928_057228_070A00_44C7_COG.SAFE",
    "t": "2024-12-30T22:59:03+00:00",
    "sensor": "sentinel1-vv-cfar",
    "uncertainty_m": 14.8
   }
  },
  {
   "type": "Feature",
   "geometry": {
    "type": "Point",
    "coordinates": [
     -74.59333394107787,
     38.72317041373286
    ]
   },
   "properties": {
    "confidence": 0.362,
    "snr": 7.25,
    "peak_dn": 139.0,
    "background_dn": 49.7,
    "sigma_dn": 12.32,
    "pixels": 3,
    "length_m_approx": 17.3,
    "pixel": [
     18754.3,
     5468.3
    ],
    "scene": "S1A_IW_GRDH_1SDV_20241230T225903_20241230T225928_057228_070A00_44C7_COG.SAFE",
    "t": "2024-12-30T22:59:03+00:00",
    "sensor": "sentinel1-vv-cfar",
    "uncertainty_m": 9.6
   }
  },
  {
   "type": "Feature",
   "geometry": {
    "type": "Point",
    "coordinates": [
     -74.44687410739635,
     38.79286311908038
    ]
   },
   "properties": {
    "confidence": 0.311,
    "snr": 6.21,
    "peak_dn": 122.0,
    "background_dn": 49.0,
    "sigma_dn": 11.75,
    "pixels": 2,
    "length_m_approx": 14.1,
    "pixel": [
     20139.0,
     6014.5
    ],
    "scene": "S1A_IW_GRDH_1SDV_20241230T225903_20241230T225928_057228_070A00_44C7_COG.SAFE",
    "t": "2024-12-30T22:59:03+00:00",
    "sensor": "sentinel1-vv-cfar",
    "uncertainty_m": 8.4
   }
  },
  {
   "type": "Feature",
   "geometry": {
    "type": "Point",
    "coordinates": [
     -74.20316188532423,
     38.66680501855205
    ]
   },
   "properties": {
    "confidence": 0.402,
    "snr": 8.04,
    "peak_dn": 151.0,
    "background_dn": 50.6,
    "sigma_dn": 12.5,
    "pixels": 3,
    "length_m_approx": 17.3,
    "pixel": [
     21997.0,
     4310.1
    ],
    "scene": "S1A_IW_GRDH_1SDV_20241230T225903_20241230T225928_057228_070A00_44C7_COG.SAFE",
    "t": "2024-12-30T22:59:03+00:00",
    "sensor": "sentinel1-vv-cfar",
    "uncertainty_m": 9.6
   }
  },
  {
   "type": "Feature",
   "geometry": {
    "type": "Point",
    "coordinates": [
     -74.25968717065022,
     38.82607915184642
    ]
   },
   "properties": {
    "confidence": 0.388,
    "snr": 7.75,
    "peak_dn": 113.0,
    "background_dn": 38.8,
    "sigma_dn": 9.57,
    "pixels": 10,
    "length_m_approx": 31.6,
    "pixel": [
     21803.5,
     6112.0
    ],
    "scene": "S1A_IW_GRDH_1SDV_20241230T225903_20241230T225928_057228_070A00_44C7_COG.SAFE",
    "t": "2024-12-30T22:59:03+00:00",
    "sensor": "sentinel1-vv-cfar",
    "uncertainty_m": 16.4
   }
  },
  {
   "type": "Feature",
   "geometry": {
    "type": "Point",
    "coordinates": [
     -74.18094176643987,
     38.65079612580151
    ]
   },
   "properties": {
    "confidence": 0.336,
    "snr": 6.73,
    "peak_dn": 135.0,
    "background_dn": 51.2,
    "sigma_dn": 12.45,
    "pixels": 2,
    "length_m_approx": 14.1,
    "pixel": [
     22158.5,
     4106.0
    ],
    "scene": "S1A_IW_GRDH_1SDV_20241230T225903_20241230T225928_057228_070A00_44C7_COG.SAFE",
    "t": "2024-12-30T22:59:03+00:00",
    "sensor": "sentinel1-vv-cfar",
    "uncertainty_m": 8.2
   }
  },
  {
   "type": "Feature",
   "geometry": {
    "type": "Point",
    "coordinates": [
     -74.09333740315532,
     38.66721498051611
    ]
   },
   "properties": {
    "confidence": 0.512,
    "snr": 10.23,
    "peak_dn": 199.0,
    "background_dn": 56.5,
    "sigma_dn": 13.93,
    "pixels": 9,
    "length_m_approx": 30.0,
    "pixel": [
     22940.6,
     4162.2
    ],
    "scene": "S1A_IW_GRDH_1SDV_20241230T225903_20241230T225928_057228_070A00_44C7_COG.SAFE",
    "t": "2024-12-30T22:59:03+00:00",
    "sensor": "sentinel1-vv-cfar",
    "uncertainty_m": 15.6
   }
  },
  {
   "type": "Feature",
   "geometry": {
    "type": "Point",
    "coordinates": [
     -74.08357696005011,
     38.83280608958136
    ]
   },
   "properties": {
    "confidence": 0.465,
    "snr": 9.31,
    "peak_dn": 138.0,
    "background_dn": 41.9,
    "sigma_dn": 10.32,
    "pixels": 9,
    "length_m_approx": 30.0,
    "pixel": [
     23324.3,
     5941.8
    ],
    "scene": "S1A_IW_GRDH_1SDV_20241230T225903_20241230T225928_057228_070A00_44C7_COG.SAFE",
    "t": "2024-12-30T22:59:03+00:00",
    "sensor": "sentinel1-vv-cfar",
    "uncertainty_m": 15.6
   }
  },
  {
   "type": "Feature",
   "geometry": {
    "type": "Point",
    "coordinates": [
     -74.02544147808345,
     38.80873476237777
    ]
   },
   "properties": {
    "confidence": 0.374,
    "snr": 7.48,
    "peak_dn": 131.0,
    "background_dn": 46.7,
    "sigma_dn": 11.27,
    "pixels": 2,
    "length_m_approx": 14.1,
    "pixel": [
     23779.0,
     5601.5
    ],
    "scene": "S1A_IW_GRDH_1SDV_20241230T225903_20241230T225928_057228_070A00_44C7_COG.SAFE",
    "t": "2024-12-30T22:59:03+00:00",
    "sensor": "sentinel1-vv-cfar",
    "uncertainty_m": 8.2
   }
  },
  {
   "type": "Feature",
   "geometry": {
    "type": "Point",
    "coordinates": [
     -74.09078725200723,
     38.83195899913228
    ]
   },
   "properties": {
    "confidence": 0.338,
    "snr": 6.77,
    "peak_dn": 111.0,
    "background_dn": 42.4,
    "sigma_dn": 10.14,
    "pixels": 2,
    "length_m_approx": 14.1,
    "pixel": [
     23261.0,
     5942.5
    ],
    "scene": "S1A_IW_GRDH_1SDV_20241230T225903_20241230T225928_057228_070A00_44C7_COG.SAFE",
    "t": "2024-12-30T22:59:03+00:00",
    "sensor": "sentinel1-vv-cfar",
    "uncertainty_m": 8.2
   }
  },
  {
   "type": "Feature",
   "geometry": {
    "type": "Point",
    "coordinates": [
     -74.09095752057307,
     38.83110642124523
    ]
   },
   "properties": {
    "confidence": 0.327,
    "snr": 6.54,
    "peak_dn": 108.0,
    "background_dn": 42.2,
    "sigma_dn": 10.06,
    "pixels": 2,
    "length_m_approx": 14.1,
    "pixel": [
     23258.0,
     5933.5
    ],
    "scene": "S1A_IW_GRDH_1SDV_20241230T225903_20241230T225928_057228_070A00_44C7_COG.SAFE",
    "t": "2024-12-30T22:59:03+00:00",
    "sensor": "sentinel1-vv-cfar",
    "uncertainty_m": 8.2
   }
  },
  {
   "type": "Feature",
   "geometry": {
    "type": "Point",
    "coordinates": [
     -76.48567007108917,
     38.64432042583642
    ]
   },
   "properties": {
    "confidence": 0.95,
    "snr": 19.16,
    "peak_dn": 296.0,
    "background_dn": 50.4,
    "sigma_dn": 12.82,
    "pixels": 10,
    "length_m_approx": 31.6,
    "pixel": [
     2396.9,
     7466.2
    ],
    "scene": "S1A_IW_GRDH_1SDV_20241230T225903_20241230T225928_057228_070A00_44C7_COG.SAFE",
    "t": "2024-12-30T22:59:03+00:00",
    "sensor": "sentinel1-vv-cfar",
    "uncertainty_m": 18.5
   }
  },
  {
   "type": "Feature",
   "geometry": {
    "type": "Point",
    "coordinates": [
     -76.42714773689436,
     38.669262069309916
    ]
   },
   "properties": {
    "confidence": 0.736,
    "snr": 14.72,
    "peak_dn": 342.0,
    "background_dn": 77.4,
    "sigma_dn": 17.98,
    "pixels": 8,
    "length_m_approx": 28.3,
    "pixel": [
     2949.9,
     7641.1
    ],
    "scene": "S1A_IW_GRDH_1SDV_20241230T225903_20241230T225928_057228_070A00_44C7_COG.SAFE",
    "t": "2024-12-30T22:59:03+00:00",
    "sensor": "sentinel1-vv-cfar",
    "uncertainty_m": 16.4
   }
  },
  {
   "type": "Feature",
   "geometry": {
    "type": "Point",
    "coordinates": [
     -76.37514729977177,
     38.63940143730845
    ]
   },
   "properties": {
    "confidence": 0.673,
    "snr": 13.47,
    "peak_dn": 382.0,
    "background_dn": 91.0,
    "sigma_dn": 21.6,
    "pixels": 8,
    "length_m_approx": 28.3,
    "pixel": [
     3332.4,
     7238.7
    ],
    "scene": "S1A_IW_GRDH_1SDV_20241230T225903_20241230T225928_057228_070A00_44C7_COG.SAFE",
    "t": "2024-12-30T22:59:03+00:00",
    "sensor": "sentinel1-vv-cfar",
    "uncertainty_m": 16.4
   }
  },
  {
   "type": "Feature",
   "geometry": {
    "type": "Point",
    "coordinates": [
     -76.38225591449218,
     38.663826631418125
    ]
   },
   "properties": {
    "confidence": 0.64,
    "snr": 12.79,
    "peak_dn": 293.0,
    "background_dn": 73.8,
    "sigma_dn": 17.14,
    "pixels": 7,
    "length_m_approx": 26.5,
    "pixel": [
     3322.3,
     7512.0
    ],
    "scene": "S1A_IW_GRDH_1SDV_20241230T225903_20241230T225928_057228_070A00_44C7_COG.SAFE",
    "t": "2024-12-30T22:59:03+00:00",
    "sensor": "sentinel1-vv-cfar",
    "uncertainty_m": 15.6
   }
  },
  {
   "type": "Feature",
   "geometry": {
    "type": "Point",
    "coordinates": [
     -76.37280302854522,
     38.5744679298833
    ]
   },
   "properties": {
    "confidence": 0.634,
    "snr": 12.67,
    "peak_dn": 313.0,
    "background_dn": 79.2,
    "sigma_dn": 18.45,
    "pixels": 4,
    "length_m_approx": 20.0,
    "pixel": [
     3217.5,
     6538.5
    ],
    "scene": "S1A_IW_GRDH_1SDV_20241230T225903_20241230T225928_057228_070A00_44C7_COG.SAFE",
    "t": "2024-12-30T22:59:03+00:00",
    "sensor": "sentinel1-vv-cfar",
    "uncertainty_m": 13.0
   }
  },
  {
   "type": "Feature",
   "geometry": {
    "type": "Point",
    "coordinates": [
     -76.4268313963822,
     38.55533504202518
    ]
   },
   "properties": {
    "confidence": 0.585,
    "snr": 11.7,
    "peak_dn": 332.0,
    "background_dn": 89.1,
    "sigma_dn": 20.75,
    "pixels": 6,
    "length_m_approx": 24.5,
    "pixel": [
     2715.2,
     6418.6
    ],
    "scene": "S1A_IW_GRDH_1SDV_20241230T225903_20241230T225928_057228_070A00_44C7_COG.SAFE",
    "t": "2024-12-30T22:59:03+00:00",
    "sensor": "sentinel1-vv-cfar",
    "uncertainty_m": 14.8
   }
  },
  {
   "type": "Feature",
   "geometry": {
    "type": "Point",
    "coordinates": [
     -76.43061677867485,
     38.57844377605427
    ]
   },
   "properties": {
    "confidence": 0.413,
    "snr": 8.25,
    "peak_dn": 263.0,
    "background_dn": 90.9,
    "sigma_dn": 20.85,
    "pixels": 2,
    "length_m_approx": 14.1,
    "pixel": [
     2731.0,
     6672.5
    ],
    "scene": "S1A_IW_GRDH_1SDV_20241230T225903_20241230T225928_057228_070A00_44C7_COG.SAFE",
    "t": "2024-12-30T22:59:03+00:00",
    "sensor": "sentinel1-vv-cfar",
    "uncertainty_m": 10.9
   }
  },
  {
   "type": "Feature",
   "geometry": {
    "type": "Point",
    "coordinates": [
     -76.42142600548287,
     38.70136997829874
    ]
   },
   "properties": {
    "confidence": 0.412,
    "snr": 8.24,
    "peak_dn": 236.0,
    "background_dn": 80.8,
    "sigma_dn": 18.82,
    "pixels": 4,
    "length_m_approx": 20.0,
    "pixel": [
     3065.5,
     7976.5
    ],
    "scene": "S1A_IW_GRDH_1SDV_20241230T225903_20241230T225928_057228_070A00_44C7_COG.SAFE",
    "t": "2024-12-30T22:59:03+00:00",
    "sensor": "sentinel1-vv-cfar",
    "uncertainty_m": 13.0
   }
  },
  {
   "type": "Feature",
   "geometry": {
    "type": "Point",
    "coordinates": [
     -76.41224174097894,
     38.60919919892683
    ]
   },
   "properties": {
    "confidence": 0.392,
    "snr": 7.85,
    "peak_dn": 245.0,
    "background_dn": 86.2,
    "sigma_dn": 20.23,
    "pixels": 3,
    "length_m_approx": 17.3,
    "pixel": [
     2952.3,
     6973.3
    ],
    "scene": "S1A_IW_GRDH_1SDV_20241230T225903_20241230T225928_057228_070A00_44C7_COG.SAFE",
    "t": "2024-12-30T22:59:03+00:00",
    "sensor": "sentinel1-vv-cfar",
    "uncertainty_m": 12.0
   }
  },
  {
   "type": "Feature",
   "geometry": {
    "type": "Point",
    "coordinates": [
     -76.3830633241068,
     38.584706807747835
    ]
   },
   "properties": {
    "confidence": 0.355,
    "snr": 7.1,
    "peak_dn": 231.0,
    "background_dn": 86.2,
    "sigma_dn": 20.4,
    "pixels": 2,
    "length_m_approx": 14.1,
    "pixel": [
     3151.0,
     6664.5
    ],
    "scene": "S1A_IW_GRDH_1SDV_20241230T225903_20241230T225928_057228_070A00_44C7_COG.SAFE",
    "t": "2024-12-30T22:59:03+00:00",
    "sensor": "sentinel1-vv-cfar",
    "uncertainty_m": 10.9
   }
  },
  {
   "type": "Feature",
   "geometry": {
    "type": "Point",
    "coordinates": [
     -76.18388551609968,
     38.6557854690836
    ]
   },
   "properties": {
    "confidence": 0.652,
    "snr": 13.03,
    "peak_dn": 344.0,
    "background_dn": 82.2,
    "sigma_dn": 20.09,
    "pixels": 7,
    "length_m_approx": 26.5,
    "pixel": [
     5002.0,
     7114.3
    ],
    "scene": "S1A_IW_GRDH_1SDV_20241230T225903_20241230T225928_057228_070A00_44C7_COG.SAFE",
    "t": "2024-12-30T22:59:03+00:00",
    "sensor": "sentinel1-vv-cfar",
    "uncertainty_m": 15.6
   }
  },
  {
   "type": "Feature",
   "geometry": {
    "type": "Point",
    "coordinates": [
     -76.08018562278453,
     38.59507368372875
    ]
   },
   "properties": {
    "confidence": 0.644,
    "snr": 12.88,
    "peak_dn": 326.0,
    "background_dn": 76.0,
    "sigma_dn": 19.41,
    "pixels": 6,
    "length_m_approx": 24.5,
    "pixel": [
     5764.5,
     6301.0
    ],
    "scene": "S1A_IW_GRDH_1SDV_20241230T225903_20241230T225928_057228_070A00_44C7_COG.SAFE",
    "t": "2024-12-30T22:59:03+00:00",
    "sensor": "sentinel1-vv-cfar",
    "uncertainty_m": 14.8
   }
  },
  {
   "type": "Feature",
   "geometry": {
    "type": "Point",
    "coordinates": [
     -76.20782981052753,
     38.642233679313726
    ]
   },
   "properties": {
    "confidence": 0.373,
    "snr": 7.46,
    "peak_dn": 249.0,
    "background_dn": 90.4,
    "sigma_dn": 21.27,
    "pixels": 3,
    "length_m_approx": 17.3,
    "pixel": [
     4769.3,
     7006.3
    ],
    "scene": "S1A_IW_GRDH_1SDV_20241230T225903_20241230T225928_057228_070A00_44C7_COG.SAFE",
    "t": "2024-12-30T22:59:03+00:00",
    "sensor": "sentinel1-vv-cfar",
    "uncertainty_m": 12.0
   }
  },
  {
   "type": "Feature",
   "geometry": {
    "type": "Point",
    "coordinates": [
     -76.15364225722382,
     38.62136549125848
    ]
   },
   "properties": {
    "confidence": 0.348,
    "snr": 6.96,
    "peak_dn": 196.0,
    "background_dn": 72.8,
    "sigma_dn": 17.72,
    "pixels": 2,
    "length_m_approx": 14.1,
    "pixel": [
     5190.0,
     6697.5
    ],
    "scene": "S1A_IW_GRDH_1SDV_20241230T225903_20241230T225928_057228_070A00_44C7_COG.SAFE",
    "t": "2024-12-30T22:59:03+00:00",
    "sensor": "sentinel1-vv-cfar",
    "uncertainty_m": 10.9
   }
  },
  {
   "type": "Feature",
   "geometry": {
    "type": "Point",
    "coordinates": [
     -75.18113435636614,
     38.832800194819214
    ]
   },
   "properties": {
    "confidence": 0.95,
    "snr": 25.66,
    "peak_dn": 287.0,
    "background_dn": 37.5,
    "sigma_dn": 9.72,
    "pixels": 44,
    "length_m_approx": 66.3,
    "pixel": [
     13930.4,
     7500.5
    ],
    "scene": "S1A_IW_GRDH_1SDV_20241230T225903_20241230T225928_057228_070A00_44C7_COG.SAFE",
    "t": "2024-12-30T22:59:03+00:00",
    "sensor": "sentinel1-vv-cfar",
    "uncertainty_m": 33.5
   }
  },
  {
   "type": "Feature",
   "geometry": {
    "type": "Point",
    "coordinates": [
     -75.19406516711773,
     38.844849071372856
    ]
   },
   "properties": {
    "confidence": 0.907,
    "snr": 18.15,
    "peak_dn": 195.0,
    "background_dn": 34.8,
    "sigma_dn": 8.83,
    "pixels": 26,
    "length_m_approx": 51.0,
    "pixel": [
     13843.1,
     7649.4
    ],
    "scene": "S1A_IW_GRDH_1SDV_20241230T225903_20241230T225928_057228_070A00_44C7_COG.SAFE",
    "t": "2024-12-30T22:59:03+00:00",
    "sensor": "sentinel1-vv-cfar",
    "uncertainty_m": 25.9
   }
  },
  {
   "type": "Feature",
   "geometry": {
    "type": "Point",
    "coordinates": [
     -75.15989519106218,
     38.82657051409446
    ]
   },
   "properties": {
    "confidence": 0.663,
    "snr": 13.25,
    "peak_dn": 182.0,
    "background_dn": 41.9,
    "sigma_dn": 10.57,
    "pixels": 20,
    "length_m_approx": 44.7,
    "pixel": [
     14100.0,
     7402.1
    ],
    "scene": "S1A_IW_GRDH_1SDV_20241230T225903_20241230T225928_057228_070A00_44C7_COG.SAFE",
    "t": "2024-12-30T22:59:03+00:00",
    "sensor": "sentinel1-vv-cfar",
    "uncertainty_m": 22.8
   }
  },
  {
   "type": "Feature",
   "geometry": {
    "type": "Point",
    "coordinates": [
     -75.13693595059586,
     38.790822042524425
    ]
   },
   "properties": {
    "confidence": 0.612,
    "snr": 12.23,
    "peak_dn": 200.0,
    "background_dn": 45.9,
    "sigma_dn": 12.6,
    "pixels": 13,
    "length_m_approx": 36.1,
    "pixel": [
     14227.3,
     6983.1
    ],
    "scene": "S1A_IW_GRDH_1SDV_20241230T225903_20241230T225928_057228_070A00_44C7_COG.SAFE",
    "t": "2024-12-30T22:59:03+00:00",
    "sensor": "sentinel1-vv-cfar",
    "uncertainty_m": 18.6
   }
  },
  {
   "type": "Feature",
   "geometry": {
    "type": "Point",
    "coordinates": [
     -75.203311468769,
     38.871826680425436
    ]
   },
   "properties": {
    "confidence": 0.542,
    "snr": 10.83,
    "peak_dn": 119.0,
    "background_dn": 33.1,
    "sigma_dn": 7.93,
    "pixels": 22,
    "length_m_approx": 46.9,
    "pixel": [
     13816.3,
     7953.9
    ],
    "scene": "S1A_IW_GRDH_1SDV_20241230T225903_20241230T225928_057228_070A00_44C7_COG.SAFE",
    "t": "2024-12-30T22:59:03+00:00",
    "sensor": "sentinel1-vv-cfar",
    "uncertainty_m": 23.9
   }
  },
  {
   "type": "Feature",
   "geometry": {
    "type": "Point",
    "coordinates": [
     -75.170033657743,
     38.87817469546997
    ]
   },
   "properties": {
    "confidence": 0.514,
    "snr": 10.28,
    "peak_dn": 143.0,
    "background_dn": 38.7,
    "sigma_dn": 10.15,
    "pixels": 10,
    "length_m_approx": 31.6,
    "pixel": [
     14113.1,
     7973.4
    ],
    "scene": "S1A_IW_GRDH_1SDV_20241230T225903_20241230T225928_057228_070A00_44C7_COG.SAFE",
    "t": "2024-12-30T22:59:03+00:00",
    "sensor": "sentinel1-vv-cfar",
    "uncertainty_m": 16.5
   }
  },
  {
   "type": "Feature",
   "geometry": {
    "type": "Point",
    "coordinates": [
     -75.18999698522559,
     38.874558357732326
    ]
   },
   "properties": {
    "confidence": 0.486,
    "snr": 9.72,
    "peak_dn": 127.0,
    "background_dn": 36.6,
    "sigma_dn": 9.3,
    "pixels": 7,
    "length_m_approx": 26.5,
    "pixel": [
     13935.4,
     7963.7
    ],
    "scene": "S1A_IW_GRDH_1SDV_20241230T225903_20241230T225928_057228_070A00_44C7_COG.SAFE",
    "t": "2024-12-30T22:59:03+00:00",
    "sensor": "sentinel1-vv-cfar",
    "uncertainty_m": 14.0
   }
  },
  {
   "type": "Feature",
   "geometry": {
    "type": "Point",
    "coordinates": [
     -75.14338981649557,
     38.8032158668516
    ]
   },
   "properties": {
    "confidence": 0.472,
    "snr": 9.43,
    "peak_dn": 164.0,
    "background_dn": 50.1,
    "sigma_dn": 12.07,
    "pixels": 6,
    "length_m_approx": 24.5,
    "pixel": [
     14196.0,
     7126.2
    ],
    "scene": "S1A_IW_GRDH_1SDV_20241230T225903_20241230T225928_057228_070A00_44C7_COG.SAFE",
    "t": "2024-12-30T22:59:03+00:00",
    "sensor": "sentinel1-vv-cfar",
    "uncertainty_m": 13.1
   }
  },
  {
   "type": "Feature",
   "geometry": {
    "type": "Point",
    "coordinates": [
     -75.19114176908285,
     38.82325915980921
    ]
   },
   "properties": {
    "confidence": 0.433,
    "snr": 8.66,
    "peak_dn": 103.0,
    "background_dn": 33.6,
    "sigma_dn": 8.02,
    "pixels": 11,
    "length_m_approx": 33.2,
    "pixel": [
     13826.3,
     7412.4
    ],
    "scene": "S1A_IW_GRDH_1SDV_20241230T225903_20241230T225928_057228_070A00_44C7_COG.SAFE",
    "t": "2024-12-30T22:59:03+00:00",
    "sensor": "sentinel1-vv-cfar",
    "uncertainty_m": 17.2
   }
  },
  {
   "type": "Feature",
   "geometry": {
    "type": "Point",
    "coordinates": [
     -75.20168827270798,
     38.83407224869356
    ]
   },
   "properties": {
    "confidence": 0.41,
    "snr": 8.21,
    "peak_dn": 100.0,
    "background_dn": 33.1,
    "sigma_dn": 8.15,
    "pixels": 2,
    "length_m_approx": 14.1,
    "pixel": [
     13757.0,
     7544.5
    ],
    "scene": "S1A_IW_GRDH_1SDV_20241230T225903_20241230T225928_057228_070A00_44C7_COG.SAFE",
    "t": "2024-12-30T22:59:03+00:00",
    "sensor": "sentinel1-vv-cfar",
    "uncertainty_m": 8.5
   }
  },
  {
   "type": "Feature",
   "geometry": {
    "type": "Point",
    "coordinates": [
     -75.18988029344004,
     38.873892273132086
    ]
   },
   "properties": {
    "confidence": 0.405,
    "snr": 8.1,
    "peak_dn": 112.0,
    "background_dn": 36.5,
    "sigma_dn": 9.33,
    "pixels": 8,
    "length_m_approx": 28.3,
    "pixel": [
     13935.1,
     7956.4
    ],
    "scene": "S1A_IW_GRDH_1SDV_20241230T225903_20241230T225928_057228_070A00_44C7_COG.SAFE",
    "t": "2024-12-30T22:59:03+00:00",
    "sensor": "sentinel1-vv-cfar",
    "uncertainty_m": 14.9
   }
  },
  {
   "type": "Feature",
   "geometry": {
    "type": "Point",
    "coordinates": [
     -75.19450368738575,
     38.830224613777546
    ]
   },
   "properties": {
    "confidence": 0.404,
    "snr": 8.08,
    "peak_dn": 99.0,
    "background_dn": 33.5,
    "sigma_dn": 8.11,
    "pixels": 6,
    "length_m_approx": 24.5,
    "pixel": [
     13811.0,
     7492.4
    ],
    "scene": "S1A_IW_GRDH_1SDV_20241230T225903_20241230T225928_057228_070A00_44C7_COG.SAFE",
    "t": "2024-12-30T22:59:03+00:00",
    "sensor": "sentinel1-vv-cfar",
    "uncertainty_m": 13.1
   }
  },
  {
   "type": "Feature",
   "geometry": {
    "type": "Point",
    "coordinates": [
     -75.19416355901927,
     38.84382819472618
    ]
   },
   "properties": {
    "confidence": 0.395,
    "snr": 7.89,
    "peak_dn": 103.0,
    "background_dn": 34.6,
    "sigma_dn": 8.66,
    "pixels": 7,
    "length_m_approx": 26.5,
    "pixel": [
     13840.3,
     7638.6
    ],
    "scene": "S1A_IW_GRDH_1SDV_20241230T225903_20241230T225928_057228_070A00_44C7_COG.SAFE",
    "t": "2024-12-30T22:59:03+00:00",
    "sensor": "sentinel1-vv-cfar",
    "uncertainty_m": 14.0
   }
  },
  {
   "type": "Feature",
   "geometry": {
    "type": "Point",
    "coordinates": [
     -75.1687131609322,
     38.8682282550089
    ]
   },
   "properties": {
    "confidence": 0.389,
    "snr": 7.78,
    "peak_dn": 113.0,
    "background_dn": 36.3,
    "sigma_dn": 9.87,
    "pixels": 6,
    "length_m_approx": 24.5,
    "pixel": [
     14105.2,
     7864.2
    ],
    "scene": "S1A_IW_GRDH_1SDV_20241230T225903_20241230T225928_057228_070A00_44C7_COG.SAFE",
    "t": "2024-12-30T22:59:03+00:00",
    "sensor": "sentinel1-vv-cfar",
    "uncertainty_m": 13.1
   }
  },
  {
   "type": "Feature",
   "geometry": {
    "type": "Point",
    "coordinates": [
     -75.23205561858485,
     38.86417561843226
    ]
   },
   "properties": {
    "confidence": 0.368,
    "snr": 7.35,
    "peak_dn": 91.0,
    "background_dn": 32.5,
    "sigma_dn": 7.95,
    "pixels": 3,
    "length_m_approx": 17.3,
    "pixel": [
     13555.7,
     7913.7
    ],
    "scene": "S1A_IW_GRDH_1SDV_20241230T225903_20241230T225928_057228_070A00_44C7_COG.SAFE",
    "t": "2024-12-30T22:59:03+00:00",
    "sensor": "sentinel1-vv-cfar",
    "uncertainty_m": 9.8
   }
  },
  {
   "type": "Feature",
   "geometry": {
    "type": "Point",
    "coordinates": [
     -75.15625101377813,
     38.856496711515284
    ]
   },
   "properties": {
    "confidence": 0.367,
    "snr": 7.33,
    "peak_dn": 122.0,
    "background_dn": 38.9,
    "sigma_dn": 11.33,
    "pixels": 2,
    "length_m_approx": 14.1,
    "pixel": [
     14189.0,
     7719.5
    ],
    "scene": "S1A_IW_GRDH_1SDV_20241230T225903_20241230T225928_057228_070A00_44C7_COG.SAFE",
    "t": "2024-12-30T22:59:03+00:00",
    "sensor": "sentinel1-vv-cfar",
    "uncertainty_m": 8.5
   }
  },
  {
   "type": "Feature",
   "geometry": {
    "type": "Point",
    "coordinates": [
     -75.1287445436104,
     38.80478000296669
    ]
   },
   "properties": {
    "confidence": 0.354,
    "snr": 7.09,
    "peak_dn": 133.0,
    "background_dn": 48.9,
    "sigma_dn": 11.86,
    "pixels": 3,
    "length_m_approx": 17.3,
    "pixel": [
     14324.3,
     7121.6
    ],
    "scene": "S1A_IW_GRDH_1SDV_20241230T225903_20241230T225928_057228_070A00_44C7_COG.SAFE",
    "t": "2024-12-30T22:59:03+00:00",
    "sensor": "sentinel1-vv-cfar",
    "uncertainty_m": 9.8
   }
  },
  {
   "type": "Feature",
   "geometry": {
    "type": "Point",
    "coordinates": [
     -74.96043891504742,
     38.75320103992385
    ]
   },
   "properties": {
    "confidence": 0.95,
    "snr": 343.4,
    "peak_dn": 4963.0,
    "background_dn": 47.8,
    "sigma_dn": 14.31,
    "pixels": 318,
    "length_m_approx": 178.3,
    "pixel": [
     15666.0,
     6320.0
    ],
    "scene": "S1A_IW_GRDH_1SDV_20241230T225903_20241230T225928_057228_070A00_44C7_COG.SAFE",
    "t": "2024-12-30T22:59:03+00:00",
    "sensor": "sentinel1-vv-cfar",
    "uncertainty_m": 89.3
   }
  },
  {
   "type": "Feature",
   "geometry": {
    "type": "Point",
    "coordinates": [
     -75.09195135528405,
     38.81454853471962
    ]
   },
   "properties": {
    "confidence": 0.95,
    "snr": 44.18,
    "peak_dn": 844.0,
    "background_dn": 37.0,
    "sigma_dn": 18.27,
    "pixels": 44,
    "length_m_approx": 66.3,
    "pixel": [
     14657.9,
     7173.3
    ],
    "scene": "S1A_IW_GRDH_1SDV_20241230T225903_20241230T225928_057228_070A00_44C7_COG.SAFE",
    "t": "2024-12-30T22:59:03+00:00",
    "sensor": "sentinel1-vv-cfar",
    "uncertainty_m": 33.5
   }
  },
  {
   "type": "Feature",
   "geometry": {
    "type": "Point",
    "coordinates": [
     -74.97544137093986,
     38.799337126167515
    ]
   },
   "properties": {
    "confidence": 0.95,
    "snr": 33.83,
    "peak_dn": 451.0,
    "background_dn": 49.3,
    "sigma_dn": 11.87,
    "pixels": 20,
    "length_m_approx": 44.7,
    "pixel": [
     15625.8,
     6839.5
    ],
    "scene": "S1A_IW_GRDH_1SDV_20241230T225903_20241230T225928_057228_070A00_44C7_COG.SAFE",
    "t": "2024-12-30T22:59:03+00:00",
    "sensor": "sentinel1-vv-cfar",
    "uncertainty_m": 22.8
   }
  },
  {
   "type": "Feature",
   "geometry": {
    "type": "Point",
    "coordinates": [
     -75.13532819774092,
     38.8977333559072
    ]
   },
   "properties": {
    "confidence": 0.95,
    "snr": 32.97,
    "peak_dn": 335.0,
    "background_dn": 36.1,
    "sigma_dn": 9.07,
    "pixels": 17,
    "length_m_approx": 41.2,
    "pixel": [
     14447.4,
     8133.7
    ],
    "scene": "S1A_IW_GRDH_1SDV_20241230T225903_20241230T225928_057228_070A00_44C7_COG.SAFE",
    "t": "2024-12-30T22:59:03+00:00",
    "sensor": "sentinel1-vv-cfar",
    "uncertainty_m": 21.2
   }
  },
  {
   "type": "Feature",
   "geometry": {
    "type": "Point",
    "coordinates": [
     -75.03706660940578,
     38.908270564460466
    ]
   },
   "properties": {
    "confidence": 0.95,
    "snr": 30.74,
    "peak_dn": 432.0,
    "background_dn": 52.3,
    "sigma_dn": 12.35,
    "pixels": 14,
    "length_m_approx": 37.4,
    "pixel": [
     15307.1,
     8104.1
    ],
    "scene": "S1A_IW_GRDH_1SDV_20241230T225903_20241230T225928_057228_070A00_44C7_COG.SAFE",
    "t": "2024-12-30T22:59:03+00:00",
    "sensor": "sentinel1-vv-cfar",
    "uncertainty_m": 19.4
   }
  },
  {
   "type": "Feature",
   "geometry": {
    "type": "Point",
    "coordinates": [
     -75.07839093296147,
     38.865932054529814
    ]
   },
   "properties": {
    "confidence": 0.95,
    "snr": 28.52,
    "peak_dn": 254.0,
    "background_dn": 29.8,
    "sigma_dn": 7.86,
    "pixels": 25,
    "length_m_approx": 50.0,
    "pixel": [
     14872.7,
     7707.7
    ],
    "scene": "S1A_IW_GRDH_1SDV_20241230T225903_20241230T225928_057228_070A00_44C7_COG.SAFE",
    "t": "2024-12-30T22:59:03+00:00",
    "sensor": "sentinel1-vv-cfar",
    "uncertainty_m": 25.4
   }
  },
  {
   "type": "Feature",
   "geometry": {
    "type": "Point",
    "coordinates": [
     -75.02978983256114,
     38.792196579793874
    ]
   },
   "properties": {
    "confidence": 0.95,
    "snr": 27.58,
    "peak_dn": 316.0,
    "background_dn": 39.3,
    "sigma_dn": 10.03,
    "pixels": 13,
    "length_m_approx": 36.1,
    "pixel": [
     15146.9,
     6841.5
    ],
    "scene": "S1A_IW_GRDH_1SDV_20241230T225903_20241230T225928_057228_070A00_44C7_COG.SAFE",
    "t": "2024-12-30T22:59:03+00:00",
    "sensor": "sentinel1-vv-cfar",
    "uncertainty_m": 18.6
   }
  },
  {
   "type": "Feature",
   "geometry": {
    "type": "Point",
    "coordinates": [
     -74.92574072029623,
     38.78060461107225
    ]
   },
   "properties": {
    "confidence": 0.95,
    "snr": 22.91,
    "peak_dn": 299.0,
    "background_dn": 46.0,
    "sigma_dn": 11.04,
    "pixels": 11,
    "length_m_approx": 33.2,
    "pixel": [
     16015.4,
     6565.4
    ],
    "scene": "S1A_IW_GRDH_1SDV_20241230T225903_20241230T225928_057228_070A00_44C7_COG.SAFE",
    "t": "2024-12-30T22:59:03+00:00",
    "sensor": "sentinel1-vv-cfar",
    "uncertainty_m": 17.2
   }
  },
  {
   "type": "Feature",
   "geometry": {
    "type": "Point",
    "coordinates": [
     -75.02265119815725,
     38.745381866744225
    ]
   },
   "properties": {
    "confidence": 0.95,
    "snr": 19.18,
    "peak_dn": 283.0,
    "background_dn": 49.1,
    "sigma_dn": 12.19,
    "pixels": 8,
    "length_m_approx": 28.3,
    "pixel": [
     15118.2,
     6326.1
    ],
    "scene": "S1A_IW_GRDH_1SDV_20241230T225903_20241230T225928_057228_070A00_44C7_COG.SAFE",
    "t": "2024-12-30T22:59:03+00:00",
    "sensor": "sentinel1-vv-cfar",
    "uncertainty_m": 14.9
   }
  },
  {
   "type": "Feature",
   "geometry": {
    "type": "Point",
    "coordinates": [
     -75.02135949889546,
     38.77118391355883
    ]
   },
   "properties": {
    "confidence": 0.897,
    "snr": 17.95,
    "peak_dn": 234.0,
    "background_dn": 42.9,
    "sigma_dn": 10.65,
    "pixels": 12,
    "length_m_approx": 34.6,
    "pixel": [
     15178.8,
     6602.5
    ],
    "scene": "S1A_IW_GRDH_1SDV_20241230T225903_20241230T225928_057228_070A00_44C7_COG.SAFE",
    "t": "2024-12-30T22:59:03+00:00",
    "sensor": "sentinel1-vv-cfar",
    "uncertainty_m": 17.9
   }
  },
  {
   "type": "Feature",
   "geometry": {
    "type": "Point",
    "coordinates": [
     -75.10514245795319,
     38.83254227972987
    ]
   },
   "properties": {
    "confidence": 0.858,
    "snr": 17.17,
    "peak_dn": 282.0,
    "background_dn": 41.9,
    "sigma_dn": 13.98,
    "pixels": 13,
    "length_m_approx": 36.1,
    "pixel": [
     14579.8,
     7386.6
    ],
    "scene": "S1A_IW_GRDH_1SDV_20241230T225903_20241230T225928_057228_070A00_44C7_COG.SAFE",
    "t": "2024-12-30T22:59:03+00:00",
    "sensor": "sentinel1-vv-cfar",
    "uncertainty_m": 18.6
   }
  },
  {
   "type": "Feature",
   "geometry": {
    "type": "Point",
    "coordinates": [
     -75.03433041179996,
     38.833513547359956
    ]
   },
   "properties": {
    "confidence": 0.849,
    "snr": 16.98,
    "peak_dn": 239.0,
    "background_dn": 44.4,
    "sigma_dn": 11.46,
    "pixels": 14,
    "length_m_approx": 37.4,
    "pixel": [
     15187.3,
     7293.7
    ],
    "scene": "S1A_IW_GRDH_1SDV_20241230T225903_20241230T225928_057228_070A00_44C7_COG.SAFE",
    "t": "2024-12-30T22:59:03+00:00",
    "sensor": "sentinel1-vv-cfar",
    "uncertainty_m": 19.3
   }
  },
  {
   "type": "Feature",
   "geometry": {
    "type": "Point",
    "coordinates": [
     -75.09237445768397,
     38.81596889286425
    ]
   },
   "properties": {
    "confidence": 0.847,
    "snr": 16.93,
    "peak_dn": 359.0,
    "background_dn": 36.1,
    "sigma_dn": 19.07,
    "pixels": 10,
    "length_m_approx": 31.6,
    "pixel": [
     14657.0,
     7189.2
    ],
    "scene": "S1A_IW_GRDH_1SDV_20241230T225903_20241230T225928_057228_070A00_44C7_COG.SAFE",
    "t": "2024-12-30T22:59:03+00:00",
    "sensor": "sentinel1-vv-cfar",
    "uncertainty_m": 16.5
   }
  },
  {
   "type": "Feature",
   "geometry": {
    "type": "Point",
    "coordinates": [
     -75.10710343126189,
     38.799276151486744
    ]
   },
   "properties": {
    "confidence": 0.776,
    "snr": 15.52,
    "peak_dn": 316.0,
    "background_dn": 43.2,
    "sigma_dn": 17.58,
    "pixels": 22,
    "length_m_approx": 46.9,
    "pixel": [
     14498.9,
     7030.7
    ],
    "scene": "S1A_IW_GRDH_1SDV_20241230T225903_20241230T225928_057228_070A00_44C7_COG.SAFE",
    "t": "2024-12-30T22:59:03+00:00",
    "sensor": "sentinel1-vv-cfar",
    "uncertainty_m": 23.9
   }
  },
  {
   "type": "Feature",
   "geometry": {
    "type": "Point",
    "coordinates": [
     -75.11411146944002,
     38.801033059577705
    ]
   },
   "properties": {
    "confidence": 0.761,
    "snr": 15.23,
    "peak_dn": 264.0,
    "background_dn": 44.2,
    "sigma_dn": 14.43,
    "pixels": 14,
    "length_m_approx": 37.4,
    "pixel": [
     14442.3,
     7059.9
    ],
    "scene": "S1A_IW_GRDH_1SDV_20241230T225903_20241230T225928_057228_070A00_44C7_COG.SAFE",
    "t": "2024-12-30T22:59:03+00:00",
    "sensor": "sentinel1-vv-cfar",
    "uncertainty_m": 19.3
   }
  },
  {
   "type": "Feature",
   "geometry": {
    "type": "Point",
    "coordinates": [
     -75.09395454192938,
     38.82047056650606
    ]
   },
   "properties": {
    "confidence": 0.76,
    "snr": 15.2,
    "peak_dn": 362.0,
    "background_dn": 35.5,
    "sigma_dn": 21.47,
    "pixels": 27,
    "length_m_approx": 52.0,
    "pixel": [
     14652.2,
     7240.1
    ],
    "scene": "S1A_IW_GRDH_1SDV_20241230T225903_20241230T225928_057228_070A00_44C7_COG.SAFE",
    "t": "2024-12-30T22:59:03+00:00",
    "sensor": "sentinel1-vv-cfar",
    "uncertainty_m": 26.4
   }
  },
  {
   "type": "Feature",
   "geometry": {
    "type": "Point",
    "coordinates": [
     -75.10393719338259,
     38.83136198312472
    ]
   },
   "properties": {
    "confidence": 0.72,
    "snr": 14.41,
    "peak_dn": 237.0,
    "background_dn": 41.1,
    "sigma_dn": 13.59,
    "pixels": 16,
    "length_m_approx": 40.0,
    "pixel": [
     14587.8,
     7372.1
    ],
    "scene": "S1A_IW_GRDH_1SDV_20241230T225903_20241230T225928_057228_070A00_44C7_COG.SAFE",
    "t": "2024-12-30T22:59:03+00:00",
    "sensor": "sentinel1-vv-cfar",
    "uncertainty_m": 20.5
   }
  },
  {
   "type": "Feature",
   "geometry": {
    "type": "Point",
    "coordinates": [
     -75.02134702100722,
     38.77069742585009
    ]
   },
   "properties": {
    "confidence": 0.688,
    "snr": 13.77,
    "peak_dn": 189.0,
    "background_dn": 42.8,
    "sigma_dn": 10.62,
    "pixels": 7,
    "length_m_approx": 26.5,
    "pixel": [
     15178.0,
     6597.2
    ],
    "scene": "S1A_IW_GRDH_1SDV_20241230T225903_20241230T225928_057228_070A00_44C7_COG.SAFE",
    "t": "2024-12-30T22:59:03+00:00",
    "sensor": "sentinel1-vv-cfar",
    "uncertainty_m": 14.0
   }
  },
  {
   "type": "Feature",
   "geometry": {
    "type": "Point",
    "coordinates": [
     -75.11533145421936,
     38.80075842703909
    ]
   },
   "properties": {
    "confidence": 0.663,
    "snr": 13.27,
    "peak_dn": 214.0,
    "background_dn": 43.7,
    "sigma_dn": 12.84,
    "pixels": 29,
    "length_m_approx": 53.9,
    "pixel": [
     14431.3,
     7058.7
    ],
    "scene": "S1A_IW_GRDH_1SDV_20241230T225903_20241230T225928_057228_070A00_44C7_COG.SAFE",
    "t": "2024-12-30T22:59:03+00:00",
    "sensor": "sentinel1-vv-cfar",
    "uncertainty_m": 27.3
   }
  },
  {
   "type": "Feature",
   "geometry": {
    "type": "Point",
    "coordinates": [
     -74.97903150514166,
     38.772396224799245
    ]
   },
   "properties": {
    "confidence": 0.616,
    "snr": 12.32,
    "peak_dn": 196.0,
    "background_dn": 49.6,
    "sigma_dn": 11.89,
    "pixels": 6,
    "length_m_approx": 24.5,
    "pixel": [
     15543.5,
     6554.0
    ],
    "scene": "S1A_IW_GRDH_1SDV_20241230T225903_20241230T225928_057228_070A00_44C7_COG.SAFE",
    "t": "2024-12-30T22:59:03+00:00",
    "sensor": "sentinel1-vv-cfar",
    "uncertainty_m": 13.1
   }
  },
  {
   "type": "Feature",
   "geometry": {
    "type": "Point",
    "coordinates": [
     -75.11331081293034,
     38.822637800021084
    ]
   },
   "properties": {
    "confidence": 0.601,
    "snr": 12.02,
    "peak_dn": 168.0,
    "background_dn": 39.2,
    "sigma_dn": 10.72,
    "pixels": 6,
    "length_m_approx": 24.5,
    "pixel": [
     14490.8,
     7291.7
    ],
    "scene": "S1A_IW_GRDH_1SDV_20241230T225903_20241230T225928_057228_070A00_44C7_COG.SAFE",
    "t": "2024-12-30T22:59:03+00:00",
    "sensor": "sentinel1-vv-cfar",
    "uncertainty_m": 13.1
   }
  },
  {
   "type": "Feature",
   "geometry": {
    "type": "Point",
    "coordinates": [
     -75.09760860716591,
     38.82470902318318
    ]
   },
   "properties": {
    "confidence": 0.594,
    "snr": 11.89,
    "peak_dn": 260.0,
    "background_dn": 35.8,
    "sigma_dn": 18.87,
    "pixels": 30,
    "length_m_approx": 54.8,
    "pixel": [
     14629.1,
     7291.1
    ],
    "scene": "S1A_IW_GRDH_1SDV_20241230T225903_20241230T225928_057228_070A00_44C7_COG.SAFE",
    "t": "2024-12-30T22:59:03+00:00",
    "sensor": "sentinel1-vv-cfar",
    "uncertainty_m": 27.8
   }
  },
  {
   "type": "Feature",
   "geometry": {
    "type": "Point",
    "coordinates": [
     -75.10321269708362,
     38.83054753588358
    ]
   },
   "properties": {
    "confidence": 0.585,
    "snr": 11.7,
    "peak_dn": 206.0,
    "background_dn": 40.6,
    "sigma_dn": 14.13,
    "pixels": 18,
    "length_m_approx": 42.4,
    "pixel": [
     14592.4,
     7362.3
    ],
    "scene": "S1A_IW_GRDH_1SDV_20241230T225903_20241230T225928_057228_070A00_44C7_COG.SAFE",
    "t": "2024-12-30T22:59:03+00:00",
    "sensor": "sentinel1-vv-cfar",
    "uncertainty_m": 21.7
   }
  },
  {
   "type": "Feature",
   "geometry": {
    "type": "Point",
    "coordinates": [
     -75.09291263779434,
     38.81755412765388
    ]
   },
   "properties": {
    "confidence": 0.574,
    "snr": 11.47,
    "peak_dn": 352.0,
    "background_dn": 36.9,
    "sigma_dn": 27.47,
    "pixels": 16,
    "length_m_approx": 40.0,
    "pixel": [
     14655.5,
     7207.1
    ],
    "scene": "S1A_IW_GRDH_1SDV_20241230T225903_20241230T225928_057228_070A00_44C7_COG.SAFE",
    "t": "2024-12-30T22:59:03+00:00",
    "sensor": "sentinel1-vv-cfar",
    "uncertainty_m": 20.5
   }
  },
  {
   "type": "Feature",
   "geometry": {
    "type": "Point",
    "coordinates": [
     -75.09335115402588,
     38.818829506008925
    ]
   },
   "properties": {
    "confidence": 0.559,
    "snr": 11.17,
    "peak_dn": 344.0,
    "background_dn": 36.5,
    "sigma_dn": 27.52,
    "pixels": 15,
    "length_m_approx": 38.7,
    "pixel": [
     14654.2,
     7221.5
    ],
    "scene": "S1A_IW_GRDH_1SDV_20241230T225903_20241230T225928_057228_070A00_44C7_COG.SAFE",
    "t": "2024-12-30T22:59:03+00:00",
    "sensor": "sentinel1-vv-cfar",
    "uncertainty_m": 19.9
   }
  },
  {
   "type": "Feature",
   "geometry": {
    "type": "Point",
    "coordinates": [
     -74.9214434222228,
     38.80572495965132
    ]
   },
   "properties": {
    "confidence": 0.557,
    "snr": 11.14,
    "peak_dn": 179.0,
    "background_dn": 48.7,
    "sigma_dn": 11.7,
    "pixels": 6,
    "length_m_approx": 24.5,
    "pixel": [
     16100.0,
     6830.3
    ],
    "scene": "S1A_IW_GRDH_1SDV_20241230T225903_20241230T225928_057228_070A00_44C7_COG.SAFE",
    "t": "2024-12-30T22:59:03+00:00",
    "sensor": "sentinel1-vv-cfar",
    "uncertainty_m": 13.1
   }
  },
  {
   "type": "Feature",
   "geometry": {
    "type": "Point",
    "coordinates": [
     -75.10090708659133,
     38.8964762262291
    ]
   },
   "properties": {
    "confidence": 0.546,
    "snr": 10.92,
    "peak_dn": 143.0,
    "background_dn": 39.0,
    "sigma_dn": 9.53,
    "pixels": 5,
    "length_m_approx": 22.4,
    "pixel": [
     14739.0,
     8070.0
    ],
    "scene": "S1A_IW_GRDH_1SDV_20241230T225903_20241230T225928_057228_070A00_44C7_COG.SAFE",
    "t": "2024-12-30T22:59:03+00:00",
    "sensor": "sentinel1-vv-cfar",
    "uncertainty_m": 12.3
   }
  },
  {
   "type": "Feature",
   "geometry": {
    "type": "Point",
    "coordinates": [
     -75.11867269092048,
     38.835896627181846
    ]
   },
   "properties": {
    "confidence": 0.546,
    "snr": 10.92,
    "peak_dn": 171.0,
    "background_dn": 44.5,
    "sigma_dn": 11.59,
    "pixels": 4,
    "length_m_approx": 20.0,
    "pixel": [
     14470.5,
     7442.5
    ],
    "scene": "S1A_IW_GRDH_1SDV_20241230T225903_20241230T225928_057228_070A00_44C7_COG.SAFE",
    "t": "2024-12-30T22:59:03+00:00",
    "sensor": "sentinel1-vv-cfar",
    "uncertainty_m": 11.0
   }
  },
  {
   "type": "Feature",
   "geometry": {
    "type": "Point",
    "coordinates": [
     -74.94244696779703,
     38.89984190968232
    ]
   },
   "properties": {
    "confidence": 0.541,
    "snr": 10.82,
    "peak_dn": 186.0,
    "background_dn": 50.6,
    "sigma_dn": 12.51,
    "pixels": 8,
    "length_m_approx": 28.3,
    "pixel": [
     16099.5,
     7876.4
    ],
    "scene": "S1A_IW_GRDH_1SDV_20241230T225903_20241230T225928_057228_070A00_44C7_COG.SAFE",
    "t": "2024-12-30T22:59:03+00:00",
    "sensor": "sentinel1-vv-cfar",
    "uncertainty_m": 14.9
   }
  },
  {
   "type": "Feature",
   "geometry": {
    "type": "Point",
    "coordinates": [
     -74.96007722537897,
     38.753941992202414
    ]
   },
   "properties": {
    "confidence": 0.518,
    "snr": 10.36,
    "peak_dn": 202.0,
    "background_dn": 48.3,
    "sigma_dn": 14.84,
    "pixels": 4,
    "length_m_approx": 20.0,
    "pixel": [
     15670.5,
     6327.4
    ],
    "scene": "S1A_IW_GRDH_1SDV_20241230T225903_20241230T225928_057228_070A00_44C7_COG.SAFE",
    "t": "2024-12-30T22:59:03+00:00",
    "sensor": "sentinel1-vv-cfar",
    "uncertainty_m": 11.0
   }
  },
  {
   "type": "Feature",
   "geometry": {
    "type": "Point",
    "coordinates": [
     -75.12213601793854,
     38.8643931350174
    ]
   },
   "properties": {
    "confidence": 0.515,
    "snr": 10.3,
    "peak_dn": 108.0,
    "background_dn": 30.5,
    "sigma_dn": 7.53,
    "pixels": 8,
    "length_m_approx": 28.3,
    "pixel": [
     14495.8,
     7754.9
    ],
    "scene": "S1A_IW_GRDH_1SDV_20241230T225903_20241230T225928_057228_070A00_44C7_COG.SAFE",
    "t": "2024-12-30T22:59:03+00:00",
    "sensor": "sentinel1-vv-cfar",
    "uncertainty_m": 14.9
   }
  },
  {
   "type": "Feature",
   "geometry": {
    "type": "Point",
    "coordinates": [
     -75.09216204747491,
     38.81550011659047
    ]
   },
   "properties": {
    "confidence": 0.502,
    "snr": 10.05,
    "peak_dn": 234.0,
    "background_dn": 36.4,
    "sigma_dn": 19.66,
    "pixels": 9,
    "length_m_approx": 30.0,
    "pixel": [
     14658.0,
     7183.9
    ],
    "scene": "S1A_IW_GRDH_1SDV_20241230T225903_20241230T225928_057228_070A00_44C7_COG.SAFE",
    "t": "2024-12-30T22:59:03+00:00",
    "sensor": "sentinel1-vv-cfar",
    "uncertainty_m": 15.7
   }
  },
  {
   "type": "Feature",
   "geometry": {
    "type": "Point",
    "coordinates": [
     -75.10213920577172,
     38.82943187030977
    ]
   },
   "properties": {
    "confidence": 0.5,
    "snr": 9.99,
    "peak_dn": 205.0,
    "background_dn": 40.0,
    "sigma_dn": 16.52,
    "pixels": 11,
    "length_m_approx": 33.2,
    "pixel": [
     14599.4,
     7348.7
    ],
    "scene": "S1A_IW_GRDH_1SDV_20241230T225903_20241230T225928_057228_070A00_44C7_COG.SAFE",
    "t": "2024-12-30T22:59:03+00:00",
    "sensor": "sentinel1-vv-cfar",
    "uncertainty_m": 17.2
   }
  },
  {
   "type": "Feature",
   "geometry": {
    "type": "Point",
    "coordinates": [
     -75.10459844106674,
     38.83196683842773
    ]
   },
   "properties": {
    "confidence": 0.49,
    "snr": 9.8,
    "peak_dn": 176.0,
    "background_dn": 41.6,
    "sigma_dn": 13.71,
    "pixels": 10,
    "length_m_approx": 31.6,
    "pixel": [
     14583.3,
     7379.6
    ],
    "scene": "S1A_IW_GRDH_1SDV_20241230T225903_20241230T225928_057228_070A00_44C7_COG.SAFE",
    "t": "2024-12-30T22:59:03+00:00",
    "sensor": "sentinel1-vv-cfar",
    "uncertainty_m": 16.5
   }
  },
  {
   "type": "Feature",
   "geometry": {
    "type": "Point",
    "coordinates": [
     -75.09952110058644,
     38.82666483976254
    ]
   },
   "properties": {
    "confidence": 0.477,
    "snr": 9.55,
    "peak_dn": 207.0,
    "background_dn": 37.1,
    "sigma_dn": 17.79,
    "pixels": 6,
    "length_m_approx": 24.5,
    "pixel": [
     14616.5,
     7315.0
    ],
    "scene": "S1A_IW_GRDH_1SDV_20241230T225903_20241230T225928_057228_070A00_44C7_COG.SAFE",
    "t": "2024-12-30T22:59:03+00:00",
    "sensor": "sentinel1-vv-cfar",
    "uncertainty_m": 13.1
   }
  },
  {
   "type": "Feature",
   "geometry": {
    "type": "Point",
    "coordinates": [
     -75.11895565659921,
     38.83564514415036
    ]
   },
   "properties": {
    "confidence": 0.471,
    "snr": 9.43,
    "peak_dn": 154.0,
    "background_dn": 44.6,
    "sigma_dn": 11.6,
    "pixels": 5,
    "length_m_approx": 22.4,
    "pixel": [
     14467.6,
     7440.2
    ],
    "scene": "S1A_IW_GRDH_1SDV_20241230T225903_20241230T225928_057228_070A00_44C7_COG.SAFE",
    "t": "2024-12-30T22:59:03+00:00",
    "sensor": "sentinel1-vv-cfar",
    "uncertainty_m": 12.1
   }
  },
  {
   "type": "Feature",
   "geometry": {
    "type": "Point",
    "coordinates": [
     -75.05863329730315,
     38.77684499999774
    ]
   },
   "properties": {
    "confidence": 0.469,
    "snr": 9.37,
    "peak_dn": 155.0,
    "background_dn": 44.8,
    "sigma_dn": 11.76,
    "pixels": 6,
    "length_m_approx": 24.5,
    "pixel": [
     14870.5,
     6718.0
    ],
    "scene": "S1A_IW_GRDH_1SDV_20241230T225903_20241230T225928_057228_070A00_44C7_COG.SAFE",
    "t": "2024-12-30T22:59:03+00:00",
    "sensor": "sentinel1-vv-cfar",
    "uncertainty_m": 13.1
   }
  },
  {
   "type": "Feature",
   "geometry": {
    "type": "Point",
    "coordinates": [
     -75.10260917914701,
     38.829933027068805
    ]
   },
   "properties": {
    "confidence": 0.46,
    "snr": 9.19,
    "peak_dn": 178.0,
    "background_dn": 40.3,
    "sigma_dn": 14.98,
    "pixels": 5,
    "length_m_approx": 22.4,
    "pixel": [
     14596.4,
     7354.8
    ],
    "scene": "S1A_IW_GRDH_1SDV_20241230T225903_20241230T225928_057228_070A00_44C7_COG.SAFE",
    "t": "2024-12-30T22:59:03+00:00",
    "sensor": "sentinel1-vv-cfar",
    "uncertainty_m": 12.1
   }
  },
  {
   "type": "Feature",
   "geometry": {
    "type": "Point",
    "coordinates": [
     -75.10479680188872,
     38.7985834462377
    ]
   },
   "properties": {
    "confidence": 0.445,
    "snr": 8.9,
    "peak_dn": 199.0,
    "background_dn": 41.7,
    "sigma_dn": 17.67,
    "pixels": 8,
    "length_m_approx": 28.3,
    "pixel": [
     14517.3,
     7019.9
    ],
    "scene": "S1A_IW_GRDH_1SDV_20241230T225903_20241230T225928_057228_070A00_44C7_COG.SAFE",
    "t": "2024-12-30T22:59:03+00:00",
    "sensor": "sentinel1-vv-cfar",
    "uncertainty_m": 14.9
   }
  },
  {
   "type": "Feature",
   "geometry": {
    "type": "Point",
    "coordinates": [
     -75.10181513620442,
     38.82902230296253
    ]
   },
   "properties": {
    "confidence": 0.439,
    "snr": 8.78,
    "peak_dn": 189.0,
    "background_dn": 39.7,
    "sigma_dn": 17.0,
    "pixels": 5,
    "length_m_approx": 22.4,
    "pixel": [
     14601.4,
     7343.8
    ],
    "scene": "S1A_IW_GRDH_1SDV_20241230T225903_20241230T225928_057228_070A00_44C7_COG.SAFE",
    "t": "2024-12-30T22:59:03+00:00",
    "sensor": "sentinel1-vv-cfar",
    "uncertainty_m": 12.1
   }
  },
  {
   "type": "Feature",
   "geometry": {
    "type": "Point",
    "coordinates": [
     -75.0989182654338,
     38.826050066077315
    ]
   },
   "properties": {
    "confidence": 0.432,
    "snr": 8.64,
    "peak_dn": 178.0,
    "background_dn": 36.5,
    "sigma_dn": 16.38,
    "pixels": 4,
    "length_m_approx": 20.0,
    "pixel": [
     14620.5,
     7307.5
    ],
    "scene": "S1A_IW_GRDH_1SDV_20241230T225903_20241230T225928_057228_070A00_44C7_COG.SAFE",
    "t": "2024-12-30T22:59:03+00:00",
    "sensor": "sentinel1-vv-cfar",
    "uncertainty_m": 11.0
   }
  },
  {
   "type": "Feature",
   "geometry": {
    "type": "Point",
    "coordinates": [
     -75.11351897472709,
     38.82291502169875
    ]
   },
   "properties": {
    "confidence": 0.431,
    "snr": 8.61,
    "peak_dn": 133.0,
    "background_dn": 39.7,
    "sigma_dn": 10.84,
    "pixels": 2,
    "length_m_approx": 14.1,
    "pixel": [
     14489.6,
     7295.0
    ],
    "scene": "S1A_IW_GRDH_1SDV_20241230T225903_20241230T225928_057228_070A00_44C7_COG.SAFE",
    "t": "2024-12-30T22:59:03+00:00",
    "sensor": "sentinel1-vv-cfar",
    "uncertainty_m": 8.5
   }
  },
  {
   "type": "Feature",
   "geometry": {
    "type": "Point",
    "coordinates": [
     -75.09317183341118,
     38.81822519009725
    ]
   },
   "properties": {
    "confidence": 0.408,
    "snr": 8.15,
    "peak_dn": 267.0,
    "background_dn": 36.9,
    "sigma_dn": 28.22,
    "pixels": 7,
    "length_m_approx": 26.5,
    "pixel": [
     14654.6,
     7214.7
    ],
    "scene": "S1A_IW_GRDH_1SDV_20241230T225903_20241230T225928_057228_070A00_44C7_COG.SAFE",
    "t": "2024-12-30T22:59:03+00:00",
    "sensor": "sentinel1-vv-cfar",
    "uncertainty_m": 14.0
   }
  },
  {
   "type": "Feature",
   "geometry": {
    "type": "Point",
    "coordinates": [
     -75.09268351429476,
     38.816956086501285
    ]
   },
   "properties": {
    "confidence": 0.401,
    "snr": 8.01,
    "peak_dn": 257.0,
    "background_dn": 36.9,
    "sigma_dn": 27.48,
    "pixels": 3,
    "length_m_approx": 17.3,
    "pixel": [
     14656.3,
     7200.3
    ],
    "scene": "S1A_IW_GRDH_1SDV_20241230T225903_20241230T225928_057228_070A00_44C7_COG.SAFE",
    "t": "2024-12-30T22:59:03+00:00",
    "sensor": "sentinel1-vv-cfar",
    "uncertainty_m": 9.8
   }
  },
  {
   "type": "Feature",
   "geometry": {
    "type": "Point",
    "coordinates": [
     -75.10026366195092,
     38.82746013941854
    ]
   },
   "properties": {
    "confidence": 0.392,
    "snr": 7.83,
    "peak_dn": 177.0,
    "background_dn": 38.0,
    "sigma_dn": 17.75,
    "pixels": 3,
    "length_m_approx": 17.3,
    "pixel": [
     14611.7,
     7324.7
    ],
    "scene": "S1A_IW_GRDH_1SDV_20241230T225903_20241230T225928_057228_070A00_44C7_COG.SAFE",
    "t": "2024-12-30T22:59:03+00:00",
    "sensor": "sentinel1-vv-cfar",
    "uncertainty_m": 9.8
   }
  },
  {
   "type": "Feature",
   "geometry": {
    "type": "Point",
    "coordinates": [
     -75.10081556363103,
     38.89607364270327
    ]
   },
   "properties": {
    "confidence": 0.385,
    "snr": 7.69,
    "peak_dn": 112.0,
    "background_dn": 38.9,
    "sigma_dn": 9.51,
    "pixels": 2,
    "length_m_approx": 14.1,
    "pixel": [
     14739.0,
     8065.5
    ],
    "scene": "S1A_IW_GRDH_1SDV_20241230T225903_20241230T225928_057228_070A00_44C7_COG.SAFE",
    "t": "2024-12-30T22:59:03+00:00",
    "sensor": "sentinel1-vv-cfar",
    "uncertainty_m": 8.7
   }
  },
  {
   "type": "Feature",
   "geometry": {
    "type": "Point",
    "coordinates": [
     -75.02594860925686,
     38.822017569108596
    ]
   },
   "properties": {
    "confidence": 0.377,
    "snr": 7.54,
    "peak_dn": 133.0,
    "background_dn": 47.0,
    "sigma_dn": 11.4,
    "pixels": 2,
    "length_m_approx": 14.1,
    "pixel": [
     15237.0,
     7157.5
    ],
    "scene": "S1A_IW_GRDH_1SDV_20241230T225903_20241230T225928_057228_070A00_44C7_COG.SAFE",
    "t": "2024-12-30T22:59:03+00:00",
    "sensor": "sentinel1-vv-cfar",
    "uncertainty_m": 8.5
   }
  },
  {
   "type": "Feature",
   "geometry": {
    "type": "Point",
    "coordinates": [
     -75.10549147720718,
     38.798781648376796
    ]
   },
   "properties": {
    "confidence": 0.374,
    "snr": 7.48,
    "peak_dn": 177.0,
    "background_dn": 42.0,
    "sigma_dn": 18.04,
    "pixels": 7,
    "length_m_approx": 26.5,
    "pixel": [
     14511.7,
     7023.0
    ],
    "scene": "S1A_IW_GRDH_1SDV_20241230T225903_20241230T225928_057228_070A00_44C7_COG.SAFE",
    "t": "2024-12-30T22:59:03+00:00",
    "sensor": "sentinel1-vv-cfar",
    "uncertainty_m": 14.0
   }
  },
  {
   "type": "Feature",
   "geometry": {
    "type": "Point",
    "coordinates": [
     -75.0606073137291,
     38.84885145842807
    ]
   },
   "properties": {
    "confidence": 0.374,
    "snr": 7.47,
    "peak_dn": 121.0,
    "background_dn": 34.1,
    "sigma_dn": 11.63,
    "pixels": 4,
    "length_m_approx": 20.0,
    "pixel": [
     14992.0,
     7497.5
    ],
    "scene": "S1A_IW_GRDH_1SDV_20241230T225903_20241230T225928_057228_070A00_44C7_COG.SAFE",
    "t": "2024-12-30T22:59:03+00:00",
    "sensor": "sentinel1-vv-cfar",
    "uncertainty_m": 11.0
   }
  },
  {
   "type": "Feature",
   "geometry": {
    "type": "Point",
    "coordinates": [
     -75.06940064007439,
     38.777191850811576
    ]
   },
   "properties": {
    "confidence": 0.369,
    "snr": 7.38,
    "peak_dn": 127.0,
    "background_dn": 40.6,
    "sigma_dn": 11.7,
    "pixels": 2,
    "length_m_approx": 14.1,
    "pixel": [
     14779.0,
     6737.5
    ],
    "scene": "S1A_IW_GRDH_1SDV_20241230T225903_20241230T225928_057228_070A00_44C7_COG.SAFE",
    "t": "2024-12-30T22:59:03+00:00",
    "sensor": "sentinel1-vv-cfar",
    "uncertainty_m": 8.5
   }
  },
  {
   "type": "Feature",
   "geometry": {
    "type": "Point",
    "coordinates": [
     -75.05992546999062,
     38.8463427035853
    ]
   },
   "properties": {
    "confidence": 0.368,
    "snr": 7.36,
    "peak_dn": 122.0,
    "background_dn": 34.4,
    "sigma_dn": 11.9,
    "pixels": 2,
    "length_m_approx": 14.1,
    "pixel": [
     14993.0,
     7469.5
    ],
    "scene": "S1A_IW_GRDH_1SDV_20241230T225903_20241230T225928_057228_070A00_44C7_COG.SAFE",
    "t": "2024-12-30T22:59:03+00:00",
    "sensor": "sentinel1-vv-cfar",
    "uncertainty_m": 8.5
   }
  },
  {
   "type": "Feature",
   "geometry": {
    "type": "Point",
    "coordinates": [
     -75.11174871896691,
     38.80154929473041
    ]
   },
   "properties": {
    "confidence": 0.366,
    "snr": 7.32,
    "peak_dn": 169.0,
    "background_dn": 45.2,
    "sigma_dn": 16.91,
    "pixels": 2,
    "length_m_approx": 14.1,
    "pixel": [
     14463.5,
     7062.0
    ],
    "scene": "S1A_IW_GRDH_1SDV_20241230T225903_20241230T225928_057228_070A00_44C7_COG.SAFE",
    "t": "2024-12-30T22:59:03+00:00",
    "sensor": "sentinel1-vv-cfar",
    "uncertainty_m": 8.5
   }
  },
  {
   "type": "Feature",
   "geometry": {
    "type": "Point",
    "coordinates": [
     -75.06130916535214,
     38.85042375311059
    ]
   },
   "properties": {
    "confidence": 0.365,
    "snr": 7.31,
    "peak_dn": 118.0,
    "background_dn": 34.1,
    "sigma_dn": 11.48,
    "pixels": 2,
    "length_m_approx": 14.1,
    "pixel": [
     14989.0,
     7515.5
    ],
    "scene": "S1A_IW_GRDH_1SDV_20241230T225903_20241230T225928_057228_070A00_44C7_COG.SAFE",
    "t": "2024-12-30T22:59:03+00:00",
    "sensor": "sentinel1-vv-cfar",
    "uncertainty_m": 8.5
   }
  },
  {
   "type": "Feature",
   "geometry": {
    "type": "Point",
    "coordinates": [
     -75.05067124048668,
     38.79182972456807
    ]
   },
   "properties": {
    "confidence": 0.352,
    "snr": 7.05,
    "peak_dn": 94.0,
    "background_dn": 34.6,
    "sigma_dn": 8.43,
    "pixels": 2,
    "length_m_approx": 14.1,
    "pixel": [
     14967.5,
     6868.0
    ],
    "scene": "S1A_IW_GRDH_1SDV_20241230T225903_20241230T225928_057228_070A00_44C7_COG.SAFE",
    "t": "2024-12-30T22:59:03+00:00",
    "sensor": "sentinel1-vv-cfar",
    "uncertainty_m": 8.5
   }
  },
  {
   "type": "Feature",
   "geometry": {
    "type": "Point",
    "coordinates": [
     -75.07015789468929,
     38.77848162988433
    ]
   },
   "properties": {
    "confidence": 0.351,
    "snr": 7.03,
    "peak_dn": 119.0,
    "background_dn": 40.0,
    "sigma_dn": 11.24,
    "pixels": 2,
    "length_m_approx": 14.1,
    "pixel": [
     14775.0,
     6752.5
    ],
    "scene": "S1A_IW_GRDH_1SDV_20241230T225903_20241230T225928_057228_070A00_44C7_COG.SAFE",
    "t": "2024-12-30T22:59:03+00:00",
    "sensor": "sentinel1-vv-cfar",
    "uncertainty_m": 8.5
   }
  },
  {
   "type": "Feature",
   "geometry": {
    "type": "Point",
    "coordinates": [
     -75.06003425557029,
     38.846562380033525
    ]
   },
   "properties": {
    "confidence": 0.351,
    "snr": 7.02,
    "peak_dn": 117.0,
    "background_dn": 34.3,
    "sigma_dn": 11.77,
    "pixels": 2,
    "length_m_approx": 14.1,
    "pixel": [
     14992.5,
     7472.0
    ],
    "scene": "S1A_IW_GRDH_1SDV_20241230T225903_20241230T225928_057228_070A00_44C7_COG.SAFE",
    "t": "2024-12-30T22:59:03+00:00",
    "sensor": "sentinel1-vv-cfar",
    "uncertainty_m": 8.5
   }
  },
  {
   "type": "Feature",
   "geometry": {
    "type": "Point",
    "coordinates": [
     -75.09868609890893,
     38.82580531598916
    ]
   },
   "properties": {
    "confidence": 0.351,
    "snr": 7.02,
    "peak_dn": 152.0,
    "background_dn": 36.3,
    "sigma_dn": 16.49,
    "pixels": 2,
    "length_m_approx": 14.1,
    "pixel": [
     14622.0,
     7304.5
    ],
    "scene": "S1A_IW_GRDH_1SDV_20241230T225903_20241230T225928_057228_070A00_44C7_COG.SAFE",
    "t": "2024-12-30T22:59:03+00:00",
    "sensor": "sentinel1-vv-cfar",
    "uncertainty_m": 8.5
   }
  },
  {
   "type": "Feature",
   "geometry": {
    "type": "Point",
    "coordinates": [
     -75.10001181045212,
     38.82718561639334
    ]
   },
   "properties": {
    "confidence": 0.347,
    "snr": 6.94,
    "peak_dn": 163.0,
    "background_dn": 37.8,
    "sigma_dn": 18.04,
    "pixels": 3,
    "length_m_approx": 17.3,
    "pixel": [
     14613.3,
     7321.3
    ],
    "scene": "S1A_IW_GRDH_1SDV_20241230T225903_20241230T225928_057228_070A00_44C7_COG.SAFE",
    "t": "2024-12-30T22:59:03+00:00",
    "sensor": "sentinel1-vv-cfar",
    "uncertainty_m": 9.8
   }
  },
  {
   "type": "Feature",
   "geometry": {
    "type": "Point",
    "coordinates": [
     -75.11263022573448,
     38.80139967748703
    ]
   },
   "properties": {
    "confidence": 0.346,
    "snr": 6.92,
    "peak_dn": 154.0,
    "background_dn": 44.9,
    "sigma_dn": 15.77,
    "pixels": 3,
    "length_m_approx": 17.3,
    "pixel": [
     14455.7,
     7061.7
    ],
    "scene": "S1A_IW_GRDH_1SDV_20241230T225903_20241230T225928_057228_070A00_44C7_COG.SAFE",
    "t": "2024-12-30T22:59:03+00:00",
    "sensor": "sentinel1-vv-cfar",
    "uncertainty_m": 9.8
   }
  },
  {
   "type": "Feature",
   "geometry": {
    "type": "Point",
    "coordinates": [
     -75.12204684154858,
     38.864089957931085
    ]
   },
   "properties": {
    "confidence": 0.345,
    "snr": 6.89,
    "peak_dn": 83.0,
    "background_dn": 30.6,
    "sigma_dn": 7.6,
    "pixels": 4,
    "length_m_approx": 20.0,
    "pixel": [
     14496.0,
     7751.5
    ],
    "scene": "S1A_IW_GRDH_1SDV_20241230T225903_20241230T225928_057228_070A00_44C7_COG.SAFE",
    "t": "2024-12-30T22:59:03+00:00",
    "sensor": "sentinel1-vv-cfar",
    "uncertainty_m": 11.0
   }
  },
  {
   "type": "Feature",
   "geometry": {
    "type": "Point",
    "coordinates": [
     -75.05946126338772,
     38.840891653907235
    ]
   },
   "properties": {
    "confidence": 0.342,
    "snr": 6.84,
    "peak_dn": 118.0,
    "background_dn": 36.1,
    "sigma_dn": 11.97,
    "pixels": 2,
    "length_m_approx": 14.1,
    "pixel": [
     14986.5,
     7410.0
    ],
    "scene": "S1A_IW_GRDH_1SDV_20241230T225903_20241230T225928_057228_070A00_44C7_COG.SAFE",
    "t": "2024-12-30T22:59:03+00:00",
    "sensor": "sentinel1-vv-cfar",
    "uncertainty_m": 8.5
   }
  },
  {
   "type": "Feature",
   "geometry": {
    "type": "Point",
    "coordinates": [
     -75.11329153357205,
     38.822389441732
    ]
   },
   "properties": {
    "confidence": 0.337,
    "snr": 6.75,
    "peak_dn": 111.0,
    "background_dn": 39.1,
    "sigma_dn": 10.66,
    "pixels": 2,
    "length_m_approx": 14.1,
    "pixel": [
     14490.5,
     7289.0
    ],
    "scene": "S1A_IW_GRDH_1SDV_20241230T225903_20241230T225928_057228_070A00_44C7_COG.SAFE",
    "t": "2024-12-30T22:59:03+00:00",
    "sensor": "sentinel1-vv-cfar",
    "uncertainty_m": 8.5
   }
  },
  {
   "type": "Feature",
   "geometry": {
    "type": "Point",
    "coordinates": [
     -75.05986777581167,
     38.84522408924026
    ]
   },
   "properties": {
    "confidence": 0.337,
    "snr": 6.74,
    "peak_dn": 116.0,
    "background_dn": 34.7,
    "sigma_dn": 12.07,
    "pixels": 3,
    "length_m_approx": 17.3,
    "pixel": [
     14991.3,
     7457.3
    ],
    "scene": "S1A_IW_GRDH_1SDV_20241230T225903_20241230T225928_057228_070A00_44C7_COG.SAFE",
    "t": "2024-12-30T22:59:03+00:00",
    "sensor": "sentinel1-vv-cfar",
    "uncertainty_m": 9.8
   }
  },
  {
   "type": "Feature",
   "geometry": {
    "type": "Point",
    "coordinates": [
     -75.09641627805846,
     38.823512669235235
    ]
   },
   "properties": {
    "confidence": 0.334,
    "snr": 6.69,
    "peak_dn": 167.0,
    "background_dn": 35.0,
    "sigma_dn": 19.73,
    "pixels": 2,
    "length_m_approx": 14.1,
    "pixel": [
     14637.0,
     7276.5
    ],
    "scene": "S1A_IW_GRDH_1SDV_20241230T225903_20241230T225928_057228_070A00_44C7_COG.SAFE",
    "t": "2024-12-30T22:59:03+00:00",
    "sensor": "sentinel1-vv-cfar",
    "uncertainty_m": 8.5
   }
  },
  {
   "type": "Feature",
   "geometry": {
    "type": "Point",
    "coordinates": [
     -75.05929207961165,
     38.84221253313957
    ]
   },
   "properties": {
    "confidence": 0.332,
    "snr": 6.63,
    "peak_dn": 117.0,
    "background_dn": 35.3,
    "sigma_dn": 12.31,
    "pixels": 2,
    "length_m_approx": 14.1,
    "pixel": [
     14990.5,
     7424.0
    ],
    "scene": "S1A_IW_GRDH_1SDV_20241230T225903_20241230T225928_057228_070A00_44C7_COG.SAFE",
    "t": "2024-12-30T22:59:03+00:00",
    "sensor": "sentinel1-vv-cfar",
    "uncertainty_m": 8.5
   }
  },
  {
   "type": "Feature",
   "geometry": {
    "type": "Point",
    "coordinates": [
     -75.09533886719451,
     38.82236186973699
    ]
   },
   "properties": {
    "confidence": 0.329,
    "snr": 6.58,
    "peak_dn": 181.0,
    "background_dn": 35.4,
    "sigma_dn": 22.12,
    "pixels": 2,
    "length_m_approx": 14.1,
    "pixel": [
     14644.0,
     7262.5
    ],
    "scene": "S1A_IW_GRDH_1SDV_20241230T225903_20241230T225928_057228_070A00_44C7_COG.SAFE",
    "t": "2024-12-30T22:59:03+00:00",
    "sensor": "sentinel1-vv-cfar",
    "uncertainty_m": 8.5
   }
  },
  {
   "type": "Feature",
   "geometry": {
    "type": "Point",
    "coordinates": [
     -75.05870784360651,
     38.839093149180336
    ]
   },
   "properties": {
    "confidence": 0.329,
    "snr": 6.58,
    "peak_dn": 117.0,
    "background_dn": 37.2,
    "sigma_dn": 12.13,
    "pixels": 2,
    "length_m_approx": 14.1,
    "pixel": [
     14989.5,
     7389.5
    ],
    "scene": "S1A_IW_GRDH_1SDV_20241230T225903_20241230T225928_057228_070A00_44C7_COG.SAFE",
    "t": "2024-12-30T22:59:03+00:00",
    "sensor": "sentinel1-vv-cfar",
    "uncertainty_m": 8.5
   }
  },
  {
   "type": "Feature",
   "geometry": {
    "type": "Point",
    "coordinates": [
     -75.09564679199121,
     38.822691098859494
    ]
   },
   "properties": {
    "confidence": 0.318,
    "snr": 6.36,
    "peak_dn": 178.0,
    "background_dn": 35.5,
    "sigma_dn": 22.41,
    "pixels": 2,
    "length_m_approx": 14.1,
    "pixel": [
     14642.0,
     7266.5
    ],
    "scene": "S1A_IW_GRDH_1SDV_20241230T225903_20241230T225928_057228_070A00_44C7_COG.SAFE",
    "t": "2024-12-30T22:59:03+00:00",
    "sensor": "sentinel1-vv-cfar",
    "uncertainty_m": 8.5
   }
  },
  {
   "type": "Feature",
   "geometry": {
    "type": "Point",
    "coordinates": [
     -75.05855468270147,
     38.77648364947039
    ]
   },
   "properties": {
    "confidence": 0.317,
    "snr": 6.33,
    "peak_dn": 120.0,
    "background_dn": 45.1,
    "sigma_dn": 11.83,
    "pixels": 2,
    "length_m_approx": 14.1,
    "pixel": [
     14870.5,
     6714.0
    ],
    "scene": "S1A_IW_GRDH_1SDV_20241230T225903_20241230T225928_057228_070A00_44C7_COG.SAFE",
    "t": "2024-12-30T22:59:03+00:00",
    "sensor": "sentinel1-vv-cfar",
    "uncertainty_m": 8.5
   }
  },
  {
   "type": "Feature",
   "geometry": {
    "type": "Point",
    "coordinates": [
     -75.1014368535618,
     38.82867538258705
    ]
   },
   "properties": {
    "confidence": 0.312,
    "snr": 6.25,
    "peak_dn": 147.0,
    "background_dn": 39.3,
    "sigma_dn": 17.23,
    "pixels": 2,
    "length_m_approx": 14.1,
    "pixel": [
     14604.0,
     7339.5
    ],
    "scene": "S1A_IW_GRDH_1SDV_20241230T225903_20241230T225928_057228_070A00_44C7_COG.SAFE",
    "t": "2024-12-30T22:59:03+00:00",
    "sensor": "sentinel1-vv-cfar",
    "uncertainty_m": 8.5
   }
  },
  {
   "type": "Feature",
   "geometry": {
    "type": "Point",
    "coordinates": [
     -74.89450875680076,
     38.905379040621206
    ]
   },
   "properties": {
    "confidence": 0.95,
    "snr": 63.86,
    "peak_dn": 836.0,
    "background_dn": 51.8,
    "sigma_dn": 12.28,
    "pixels": 25,
    "length_m_approx": 50.0,
    "pixel": [
     16519.7,
     7866.9
    ],
    "scene": "S1A_IW_GRDH_1SDV_20241230T225903_20241230T225928_057228_070A00_44C7_COG.SAFE",
    "t": "2024-12-30T22:59:03+00:00",
    "sensor": "sentinel1-vv-cfar",
    "uncertainty_m": 25.4
   }
  },
  {
   "type": "Feature",
   "geometry": {
    "type": "Point",
    "coordinates": [
     -74.73683929778193,
     38.7805568093578
    ]
   },
   "properties": {
    "confidence": 0.95,
    "snr": 58.12,
    "peak_dn": 720.0,
    "background_dn": 47.8,
    "sigma_dn": 11.56,
    "pixels": 17,
    "length_m_approx": 41.2,
    "pixel": [
     17632.6,
     6292.9
    ],
    "scene": "S1A_IW_GRDH_1SDV_20241230T225903_20241230T225928_057228_070A00_44C7_COG.SAFE",
    "t": "2024-12-30T22:59:03+00:00",
    "sensor": "sentinel1-vv-cfar",
    "uncertainty_m": 21.1
   }
  },
  {
   "type": "Feature",
   "geometry": {
    "type": "Point",
    "coordinates": [
     -74.85527899917372,
     38.930010587264555
    ]
   },
   "properties": {
    "confidence": 0.95,
    "snr": 29.98,
    "peak_dn": 391.0,
    "background_dn": 48.0,
    "sigma_dn": 11.44,
    "pixels": 16,
    "length_m_approx": 40.0,
    "pixel": [
     16901.6,
     8076.4
    ],
    "scene": "S1A_IW_GRDH_1SDV_20241230T225903_20241230T225928_057228_070A00_44C7_COG.SAFE",
    "t": "2024-12-30T22:59:03+00:00",
    "sensor": "sentinel1-vv-cfar",
    "uncertainty_m": 20.5
   }
  },
  {
   "type": "Feature",
   "geometry": {
    "type": "Point",
    "coordinates": [
     -74.86948878066713,
     38.758364604042086
    ]
   },
   "properties": {
    "confidence": 0.95,
    "snr": 20.73,
    "peak_dn": 320.0,
    "background_dn": 53.5,
    "sigma_dn": 12.86,
    "pixels": 48,
    "length_m_approx": 69.3,
    "pixel": [
     16454.7,
     6244.0
    ],
    "scene": "S1A_IW_GRDH_1SDV_20241230T225903_20241230T225928_057228_070A00_44C7_COG.SAFE",
    "t": "2024-12-30T22:59:03+00:00",
    "sensor": "sentinel1-vv-cfar",
    "uncertainty_m": 35.0
   }
  },
  {
   "type": "Feature",
   "geometry": {
    "type": "Point",
    "coordinates": [
     -74.90044718091028,
     38.91653353101443
    ]
   },
   "properties": {
    "confidence": 0.741,
    "snr": 14.82,
    "peak_dn": 244.0,
    "background_dn": 52.2,
    "sigma_dn": 12.94,
    "pixels": 8,
    "length_m_approx": 28.3,
    "pixel": [
     16490.1,
     7995.8
    ],
    "scene": "S1A_IW_GRDH_1SDV_20241230T225903_20241230T225928_057228_070A00_44C7_COG.SAFE",
    "t": "2024-12-30T22:59:03+00:00",
    "sensor": "sentinel1-vv-cfar",
    "uncertainty_m": 14.9
   }
  },
  {
   "type": "Feature",
   "geometry": {
    "type": "Point",
    "coordinates": [
     -74.78709105015224,
     38.945022626070624
    ]
   },
   "properties": {
    "confidence": 0.578,
    "snr": 11.56,
    "peak_dn": 159.0,
    "background_dn": 42.0,
    "sigma_dn": 10.12,
    "pixels": 6,
    "length_m_approx": 24.5,
    "pixel": [
     17512.5,
     8141.0
    ],
    "scene": "S1A_IW_GRDH_1SDV_20241230T225903_20241230T225928_057228_070A00_44C7_COG.SAFE",
    "t": "2024-12-30T22:59:03+00:00",
    "sensor": "sentinel1-vv-cfar",
    "uncertainty_m": 13.0
   }
  },
  {
   "type": "Feature",
   "geometry": {
    "type": "Point",
    "coordinates": [
     -74.8790275417669,
     38.801435002268946
    ]
   },
   "properties": {
    "confidence": 0.522,
    "snr": 10.45,
    "peak_dn": 170.0,
    "background_dn": 47.9,
    "sigma_dn": 11.69,
    "pixels": 7,
    "length_m_approx": 26.5,
    "pixel": [
     16454.9,
     6722.6
    ],
    "scene": "S1A_IW_GRDH_1SDV_20241230T225903_20241230T225928_057228_070A00_44C7_COG.SAFE",
    "t": "2024-12-30T22:59:03+00:00",
    "sensor": "sentinel1-vv-cfar",
    "uncertainty_m": 14.0
   }
  },
  {
   "type": "Feature",
   "geometry": {
    "type": "Point",
    "coordinates": [
     -74.87897020446896,
     38.80094985685577
    ]
   },
   "properties": {
    "confidence": 0.51,
    "snr": 10.2,
    "peak_dn": 167.0,
    "background_dn": 48.1,
    "sigma_dn": 11.66,
    "pixels": 7,
    "length_m_approx": 26.5,
    "pixel": [
     16454.4,
     6717.3
    ],
    "scene": "S1A_IW_GRDH_1SDV_20241230T225903_20241230T225928_057228_070A00_44C7_COG.SAFE",
    "t": "2024-12-30T22:59:03+00:00",
    "sensor": "sentinel1-vv-cfar",
    "uncertainty_m": 14.0
   }
  },
  {
   "type": "Feature",
   "geometry": {
    "type": "Point",
    "coordinates": [
     -74.70953790835138,
     38.95723512942085
    ]
   },
   "properties": {
    "confidence": 0.506,
    "snr": 10.13,
    "peak_dn": 149.0,
    "background_dn": 42.8,
    "sigma_dn": 10.48,
    "pixels": 7,
    "length_m_approx": 26.5,
    "pixel": [
     18198.0,
     8162.3
    ],
    "scene": "S1A_IW_GRDH_1SDV_20241230T225903_20241230T225928_057228_070A00_44C7_COG.SAFE",
    "t": "2024-12-30T22:59:03+00:00",
    "sensor": "sentinel1-vv-cfar",
    "uncertainty_m": 14.0
   }
  },
  {
   "type": "Feature",
   "geometry": {
    "type": "Point",
    "coordinates": [
     -74.82021761398676,
     38.94262275949615
    ]
   },
   "properties": {
    "confidence": 0.44,
    "snr": 8.8,
    "peak_dn": 128.0,
    "background_dn": 40.5,
    "sigma_dn": 9.94,
    "pixels": 2,
    "length_m_approx": 14.1,
    "pixel": [
     17225.0,
     8162.5
    ],
    "scene": "S1A_IW_GRDH_1SDV_20241230T225903_20241230T225928_057228_070A00_44C7_COG.SAFE",
    "t": "2024-12-30T22:59:03+00:00",
    "sensor": "sentinel1-vv-cfar",
    "uncertainty_m": 8.4
   }
  },
  {
   "type": "Feature",
   "geometry": {
    "type": "Point",
    "coordinates": [
     -74.79749722683873,
     38.90516851848484
    ]
   },
   "properties": {
    "confidence": 0.392,
    "snr": 7.84,
    "peak_dn": 141.0,
    "background_dn": 48.8,
    "sigma_dn": 11.77,
    "pixels": 4,
    "length_m_approx": 20.0,
    "pixel": [
     17348.5,
     7725.5
    ],
    "scene": "S1A_IW_GRDH_1SDV_20241230T225903_20241230T225928_057228_070A00_44C7_COG.SAFE",
    "t": "2024-12-30T22:59:03+00:00",
    "sensor": "sentinel1-vv-cfar",
    "uncertainty_m": 11.0
   }
  },
  {
   "type": "Feature",
   "geometry": {
    "type": "Point",
    "coordinates": [
     -74.64949514057298,
     38.80142302889608
    ]
   },
   "properties": {
    "confidence": 0.378,
    "snr": 7.55,
    "peak_dn": 131.0,
    "background_dn": 45.4,
    "sigma_dn": 11.33,
    "pixels": 3,
    "length_m_approx": 17.3,
    "pixel": [
     18419.7,
     6393.7
    ],
    "scene": "S1A_IW_GRDH_1SDV_20241230T225903_20241230T225928_057228_070A00_44C7_COG.SAFE",
    "t": "2024-12-30T22:59:03+00:00",
    "sensor": "sentinel1-vv-cfar",
    "uncertainty_m": 9.8
   }
  },
  {
   "type": "Feature",
   "geometry": {
    "type": "Point",
    "coordinates": [
     -74.86977535162738,
     38.759304379215536
    ]
   },
   "properties": {
    "confidence": 0.355,
    "snr": 7.1,
    "peak_dn": 146.0,
    "background_dn": 53.3,
    "sigma_dn": 13.05,
    "pixels": 2,
    "length_m_approx": 14.1,
    "pixel": [
     16454.0,
     6254.5
    ],
    "scene": "S1A_IW_GRDH_1SDV_20241230T225903_20241230T225928_057228_070A00_44C7_COG.SAFE",
    "t": "2024-12-30T22:59:03+00:00",
    "sensor": "sentinel1-vv-cfar",
    "uncertainty_m": 8.5
   }
  },
  {
   "type": "Feature",
   "geometry": {
    "type": "Point",
    "coordinates": [
     -74.86862837117924,
     38.757557196416805
    ]
   },
   "properties": {
    "confidence": 0.347,
    "snr": 6.94,
    "peak_dn": 144.0,
    "background_dn": 53.5,
    "sigma_dn": 13.03,
    "pixels": 2,
    "length_m_approx": 14.1,
    "pixel": [
     16460.5,
     6234.0
    ],
    "scene": "S1A_IW_GRDH_1SDV_20241230T225903_20241230T225928_057228_070A00_44C7_COG.SAFE",
    "t": "2024-12-30T22:59:03+00:00",
    "sensor": "sentinel1-vv-cfar",
    "uncertainty_m": 8.5
   }
  },
  {
   "type": "Feature",
   "geometry": {
    "type": "Point",
    "coordinates": [
     -74.81487390906914,
     38.94254650983517
    ]
   },
   "properties": {
    "confidence": 0.314,
    "snr": 6.29,
    "peak_dn": 104.0,
    "background_dn": 40.9,
    "sigma_dn": 10.03,
    "pixels": 2,
    "length_m_approx": 14.1,
    "pixel": [
     17270.5,
     8154.0
    ],
    "scene": "S1A_IW_GRDH_1SDV_20241230T225903_20241230T225928_057228_070A00_44C7_COG.SAFE",
    "t": "2024-12-30T22:59:03+00:00",
    "sensor": "sentinel1-vv-cfar",
    "uncertainty_m": 8.4
   }
  },
  {
   "type": "Feature",
   "geometry": {
    "type": "Point",
    "coordinates": [
     -74.52581576875787,
     38.97024843760424
    ]
   },
   "properties": {
    "confidence": 0.95,
    "snr": 30.78,
    "peak_dn": 346.0,
    "background_dn": 39.5,
    "sigma_dn": 9.96,
    "pixels": 12,
    "length_m_approx": 34.6,
    "pixel": [
     19792.0,
     8043.4
    ],
    "scene": "S1A_IW_GRDH_1SDV_20241230T225903_20241230T225928_057228_070A00_44C7_COG.SAFE",
    "t": "2024-12-30T22:59:03+00:00",
    "sensor": "sentinel1-vv-cfar",
    "uncertainty_m": 18.0
   }
  },
  {
   "type": "Feature",
   "geometry": {
    "type": "Point",
    "coordinates": [
     -74.61261246768777,
     38.82900034784906
    ]
   },
   "properties": {
    "confidence": 0.95,
    "snr": 29.22,
    "peak_dn": 348.0,
    "background_dn": 41.6,
    "sigma_dn": 10.49,
    "pixels": 21,
    "length_m_approx": 45.8,
    "pixel": [
     18787.0,
     6639.2
    ],
    "scene": "S1A_IW_GRDH_1SDV_20241230T225903_20241230T225928_057228_070A00_44C7_COG.SAFE",
    "t": "2024-12-30T22:59:03+00:00",
    "sensor": "sentinel1-vv-cfar",
    "uncertainty_m": 23.3
   }
  },
  {
   "type": "Feature",
   "geometry": {
    "type": "Point",
    "coordinates": [
     -74.5210422274312,
     38.87297245684451
    ]
   },
   "properties": {
    "confidence": 0.317,
    "snr": 6.34,
    "peak_dn": 106.0,
    "background_dn": 41.5,
    "sigma_dn": 10.16,
    "pixels": 2,
    "length_m_approx": 14.1,
    "pixel": [
     19652.5,
     6985.0
    ],
    "scene": "S1A_IW_GRDH_1SDV_20241230T225903_20241230T225928_057228_070A00_44C7_COG.SAFE",
    "t": "2024-12-30T22:59:03+00:00",
    "sensor": "sentinel1-vv-cfar",
    "uncertainty_m": 8.4
   }
  },
  {
   "type": "Feature",
   "geometry": {
    "type": "Point",
    "coordinates": [
     -74.2852658609244,
     38.91774516783462
    ]
   },
   "properties": {
    "confidence": 0.789,
    "snr": 15.77,
    "peak_dn": 164.0,
    "background_dn": 29.7,
    "sigma_dn": 8.52,
    "pixels": 25,
    "length_m_approx": 50.0,
    "pixel": [
     21752.0,
     7139.5
    ],
    "scene": "S1A_IW_GRDH_1SDV_20241230T225903_20241230T225928_057228_070A00_44C7_COG.SAFE",
    "t": "2024-12-30T22:59:03+00:00",
    "sensor": "sentinel1-vv-cfar",
    "uncertainty_m": 25.4
   }
  },
  {
   "type": "Feature",
   "geometry": {
    "type": "Point",
    "coordinates": [
     -74.20268287300811,
     38.90024318760913
    ]
   },
   "properties": {
    "confidence": 0.6,
    "snr": 11.99,
    "peak_dn": 111.0,
    "background_dn": 27.6,
    "sigma_dn": 6.96,
    "pixels": 16,
    "length_m_approx": 40.0,
    "pixel": [
     22426.7,
     6836.0
    ],
    "scene": "S1A_IW_GRDH_1SDV_20241230T225903_20241230T225928_057228_070A00_44C7_COG.SAFE",
    "t": "2024-12-30T22:59:03+00:00",
    "sensor": "sentinel1-vv-cfar",
    "uncertainty_m": 20.5
   }
  },
  {
   "type": "Feature",
   "geometry": {
    "type": "Point",
    "coordinates": [
     -74.25496256046861,
     38.93754302450786
    ]
   },
   "properties": {
    "confidence": 0.534,
    "snr": 10.68,
    "peak_dn": 115.0,
    "background_dn": 30.9,
    "sigma_dn": 7.87,
    "pixels": 14,
    "length_m_approx": 37.4,
    "pixel": [
     22047.3,
     7311.9
    ],
    "scene": "S1A_IW_GRDH_1SDV_20241230T225903_20241230T225928_057228_070A00_44C7_COG.SAFE",
    "t": "2024-12-30T22:59:03+00:00",
    "sensor": "sentinel1-vv-cfar",
    "uncertainty_m": 19.2
   }
  },
  {
   "type": "Feature",
   "geometry": {
    "type": "Point",
    "coordinates": [
     -74.35471775994878,
     38.90192991621426
    ]
   },
   "properties": {
    "confidence": 0.48,
    "snr": 9.59,
    "peak_dn": 111.0,
    "background_dn": 32.8,
    "sigma_dn": 8.15,
    "pixels": 14,
    "length_m_approx": 37.4,
    "pixel": [
     21128.9,
     7065.1
    ],
    "scene": "S1A_IW_GRDH_1SDV_20241230T225903_20241230T225928_057228_070A00_44C7_COG.SAFE",
    "t": "2024-12-30T22:59:03+00:00",
    "sensor": "sentinel1-vv-cfar",
    "uncertainty_m": 19.2
   }
  },
  {
   "type": "Feature",
   "geometry": {
    "type": "Point",
    "coordinates": [
     -74.36453312174748,
     38.8234455200299
    ]
   },
   "properties": {
    "confidence": 0.446,
    "snr": 8.92,
    "peak_dn": 138.0,
    "background_dn": 42.0,
    "sigma_dn": 10.76,
    "pixels": 6,
    "length_m_approx": 24.5,
    "pixel": [
     20900.7,
     6229.8
    ],
    "scene": "S1A_IW_GRDH_1SDV_20241230T225903_20241230T225928_057228_070A00_44C7_COG.SAFE",
    "t": "2024-12-30T22:59:03+00:00",
    "sensor": "sentinel1-vv-cfar",
    "uncertainty_m": 13.0
   }
  },
  {
   "type": "Feature",
   "geometry": {
    "type": "Point",
    "coordinates": [
     -74.23755020508203,
     38.957571497611006
    ]
   },
   "properties": {
    "confidence": 0.439,
    "snr": 8.79,
    "peak_dn": 109.0,
    "background_dn": 34.4,
    "sigma_dn": 8.49,
    "pixels": 3,
    "length_m_approx": 17.3,
    "pixel": [
     22232.7,
     7504.7
    ],
    "scene": "S1A_IW_GRDH_1SDV_20241230T225903_20241230T225928_057228_070A00_44C7_COG.SAFE",
    "t": "2024-12-30T22:59:03+00:00",
    "sensor": "sentinel1-vv-cfar",
    "uncertainty_m": 9.7
   }
  },
  {
   "type": "Feature",
   "geometry": {
    "type": "Point",
    "coordinates": [
     -74.21569473744955,
     38.90638207674813
    ]
   },
   "properties": {
    "confidence": 0.435,
    "snr": 8.69,
    "peak_dn": 103.0,
    "background_dn": 31.9,
    "sigma_dn": 8.18,
    "pixels": 8,
    "length_m_approx": 28.3,
    "pixel": [
     22326.5,
     6920.4
    ],
    "scene": "S1A_IW_GRDH_1SDV_20241230T225903_20241230T225928_057228_070A00_44C7_COG.SAFE",
    "t": "2024-12-30T22:59:03+00:00",
    "sensor": "sentinel1-vv-cfar",
    "uncertainty_m": 14.8
   }
  },
  {
   "type": "Feature",
   "geometry": {
    "type": "Point",
    "coordinates": [
     -74.21949848075496,
     38.9052973229536
    ]
   },
   "properties": {
    "confidence": 0.42,
    "snr": 8.4,
    "peak_dn": 101.0,
    "background_dn": 31.9,
    "sigma_dn": 8.23,
    "pixels": 3,
    "length_m_approx": 17.3,
    "pixel": [
     22292.0,
     6913.9
    ],
    "scene": "S1A_IW_GRDH_1SDV_20241230T225903_20241230T225928_057228_070A00_44C7_COG.SAFE",
    "t": "2024-12-30T22:59:03+00:00",
    "sensor": "sentinel1-vv-cfar",
    "uncertainty_m": 9.7
   }
  },
  {
   "type": "Feature",
   "geometry": {
    "type": "Point",
    "coordinates": [
     -74.20688722461,
     38.8960379264267
    ]
   },
   "properties": {
    "confidence": 0.419,
    "snr": 8.39,
    "peak_dn": 84.0,
    "background_dn": 25.7,
    "sigma_dn": 6.95,
    "pixels": 10,
    "length_m_approx": 31.6,
    "pixel": [
     22383.1,
     6796.3
    ],
    "scene": "S1A_IW_GRDH_1SDV_20241230T225903_20241230T225928_057228_070A00_44C7_COG.SAFE",
    "t": "2024-12-30T22:59:03+00:00",
    "sensor": "sentinel1-vv-cfar",
    "uncertainty_m": 16.4
   }
  },
  {
   "type": "Feature",
   "geometry": {
    "type": "Point",
    "coordinates": [
     -74.19154750884526,
     38.84680211108418
    ]
   },
   "properties": {
    "confidence": 0.414,
    "snr": 8.28,
    "peak_dn": 124.0,
    "background_dn": 40.3,
    "sigma_dn": 10.12,
    "pixels": 6,
    "length_m_approx": 24.5,
    "pixel": [
     22424.8,
     6242.2
    ],
    "scene": "S1A_IW_GRDH_1SDV_20241230T225903_20241230T225928_057228_070A00_44C7_COG.SAFE",
    "t": "2024-12-30T22:59:03+00:00",
    "sensor": "sentinel1-vv-cfar",
    "uncertainty_m": 13.0
   }
  },
  {
   "type": "Feature",
   "geometry": {
    "type": "Point",
    "coordinates": [
     -74.1912853147213,
     38.84778041510072
    ]
   },
   "properties": {
    "confidence": 0.396,
    "snr": 7.91,
    "peak_dn": 119.0,
    "background_dn": 40.0,
    "sigma_dn": 9.99,
    "pixels": 13,
    "length_m_approx": 36.1,
    "pixel": [
     22428.9,
     6252.4
    ],
    "scene": "S1A_IW_GRDH_1SDV_20241230T225903_20241230T225928_057228_070A00_44C7_COG.SAFE",
    "t": "2024-12-30T22:59:03+00:00",
    "sensor": "sentinel1-vv-cfar",
    "uncertainty_m": 18.5
   }
  },
  {
   "type": "Feature",
   "geometry": {
    "type": "Point",
    "coordinates": [
     -74.2528735021114,
     38.94933719061796
    ]
   },
   "properties": {
    "confidence": 0.389,
    "snr": 7.78,
    "peak_dn": 97.0,
    "background_dn": 33.5,
    "sigma_dn": 8.15,
    "pixels": 3,
    "length_m_approx": 17.3,
    "pixel": [
     22086.7,
     7436.7
    ],
    "scene": "S1A_IW_GRDH_1SDV_20241230T225903_20241230T225928_057228_070A00_44C7_COG.SAFE",
    "t": "2024-12-30T22:59:03+00:00",
    "sensor": "sentinel1-vv-cfar",
    "uncertainty_m": 9.7
   }
  },
  {
   "type": "Feature",
   "geometry": {
    "type": "Point",
    "coordinates": [
     -74.251718962522,
     38.89634570660192
    ]
   },
   "properties": {
    "confidence": 0.343,
    "snr": 6.85,
    "peak_dn": 87.0,
    "background_dn": 31.5,
    "sigma_dn": 8.1,
    "pixels": 2,
    "length_m_approx": 14.1,
    "pixel": [
     22000.0,
     6861.5
    ],
    "scene": "S1A_IW_GRDH_1SDV_20241230T225903_20241230T225928_057228_070A00_44C7_COG.SAFE",
    "t": "2024-12-30T22:59:03+00:00",
    "sensor": "sentinel1-vv-cfar",
    "uncertainty_m": 8.3
   }
  },
  {
   "type": "Feature",
   "geometry": {
    "type": "Point",
    "coordinates": [
     -74.32055245774183,
     38.88270042095063
    ]
   },
   "properties": {
    "confidence": 0.342,
    "snr": 6.84,
    "peak_dn": 81.0,
    "background_dn": 28.2,
    "sigma_dn": 7.71,
    "pixels": 2,
    "length_m_approx": 14.1,
    "pixel": [
     21386.0,
     6809.5
    ],
    "scene": "S1A_IW_GRDH_1SDV_20241230T225903_20241230T225928_057228_070A00_44C7_COG.SAFE",
    "t": "2024-12-30T22:59:03+00:00",
    "sensor": "sentinel1-vv-cfar",
    "uncertainty_m": 8.4
   }
  },
  {
   "type": "Feature",
   "geometry": {
    "type": "Point",
    "coordinates": [
     -74.20689662359348,
     38.89640866652113
    ]
   },
   "properties": {
    "confidence": 0.323,
    "snr": 6.46,
    "peak_dn": 71.0,
    "background_dn": 25.8,
    "sigma_dn": 7.0,
    "pixels": 3,
    "length_m_approx": 17.3,
    "pixel": [
     22383.7,
     6800.3
    ],
    "scene": "S1A_IW_GRDH_1SDV_20241230T225903_20241230T225928_057228_070A00_44C7_COG.SAFE",
    "t": "2024-12-30T22:59:03+00:00",
    "sensor": "sentinel1-vv-cfar",
    "uncertainty_m": 9.7
   }
  },
  {
   "type": "Feature",
   "geometry": {
    "type": "Point",
    "coordinates": [
     -74.2580335010654,
     38.92103943653875
    ]
   },
   "properties": {
    "confidence": 0.319,
    "snr": 6.38,
    "peak_dn": 80.0,
    "background_dn": 31.1,
    "sigma_dn": 7.67,
    "pixels": 2,
    "length_m_approx": 14.1,
    "pixel": [
     21991.0,
     7137.5
    ],
    "scene": "S1A_IW_GRDH_1SDV_20241230T225903_20241230T225928_057228_070A00_44C7_COG.SAFE",
    "t": "2024-12-30T22:59:03+00:00",
    "sensor": "sentinel1-vv-cfar",
    "uncertainty_m": 8.3
   }
  },
  {
   "type": "Feature",
   "geometry": {
    "type": "Point",
    "coordinates": [
     -74.07215198205176,
     38.88297782416931
    ]
   },
   "properties": {
    "confidence": 0.95,
    "snr": 41.81,
    "peak_dn": 457.0,
    "background_dn": 41.1,
    "sigma_dn": 9.95,
    "pixels": 20,
    "length_m_approx": 44.7,
    "pixel": [
     23512.7,
     6469.5
    ],
    "scene": "S1A_IW_GRDH_1SDV_20241230T225903_20241230T225928_057228_070A00_44C7_COG.SAFE",
    "t": "2024-12-30T22:59:03+00:00",
    "sensor": "sentinel1-vv-cfar",
    "uncertainty_m": 22.8
   }
  },
  {
   "type": "Feature",
   "geometry": {
    "type": "Point",
    "coordinates": [
     -74.07166601987299,
     38.958246350033676
    ]
   },
   "properties": {
    "confidence": 0.538,
    "snr": 10.76,
    "peak_dn": 144.0,
    "background_dn": 40.1,
    "sigma_dn": 9.65,
    "pixels": 16,
    "length_m_approx": 40.0,
    "pixel": [
     23652.5,
     7284.1
    ],
    "scene": "S1A_IW_GRDH_1SDV_20241230T225903_20241230T225928_057228_070A00_44C7_COG.SAFE",
    "t": "2024-12-30T22:59:03+00:00",
    "sensor": "sentinel1-vv-cfar",
    "uncertainty_m": 20.5
   }
  },
  {
   "type": "Feature",
   "geometry": {
    "type": "Point",
    "coordinates": [
     -74.13664499380889,
     38.93541792460659
    ]
   },
   "properties": {
    "confidence": 0.525,
    "snr": 10.5,
    "peak_dn": 137.0,
    "background_dn": 38.4,
    "sigma_dn": 9.38,
    "pixels": 30,
    "length_m_approx": 54.8,
    "pixel": [
     23055.5,
     7125.7
    ],
    "scene": "S1A_IW_GRDH_1SDV_20241230T225903_20241230T225928_057228_070A00_44C7_COG.SAFE",
    "t": "2024-12-30T22:59:03+00:00",
    "sensor": "sentinel1-vv-cfar",
    "uncertainty_m": 27.7
   }
  },
  {
   "type": "Feature",
   "geometry": {
    "type": "Point",
    "coordinates": [
     -74.16103113048536,
     38.94457689780056
    ]
   },
   "properties": {
    "confidence": 0.508,
    "snr": 10.16,
    "peak_dn": 130.0,
    "background_dn": 37.3,
    "sigma_dn": 9.12,
    "pixels": 4,
    "length_m_approx": 20.0,
    "pixel": [
     22863.5,
     7258.5
    ],
    "scene": "S1A_IW_GRDH_1SDV_20241230T225903_20241230T225928_057228_070A00_44C7_COG.SAFE",
    "t": "2024-12-30T22:59:03+00:00",
    "sensor": "sentinel1-vv-cfar",
    "uncertainty_m": 10.9
   }
  },
  {
   "type": "Feature",
   "geometry": {
    "type": "Point",
    "coordinates": [
     -74.13627736357596,
     38.93506109267321
    ]
   },
   "properties": {
    "confidence": 0.49,
    "snr": 9.79,
    "peak_dn": 130.0,
    "background_dn": 38.5,
    "sigma_dn": 9.34,
    "pixels": 11,
    "length_m_approx": 33.2,
    "pixel": [
     23058.0,
     7121.3
    ],
    "scene": "S1A_IW_GRDH_1SDV_20241230T225903_20241230T225928_057228_070A00_44C7_COG.SAFE",
    "t": "2024-12-30T22:59:03+00:00",
    "sensor": "sentinel1-vv-cfar",
    "uncertainty_m": 17.1
   }
  },
  {
   "type": "Feature",
   "geometry": {
    "type": "Point",
    "coordinates": [
     -74.05828896056633,
     38.877980012664004
    ]
   },
   "properties": {
    "confidence": 0.469,
    "snr": 9.39,
    "peak_dn": 140.0,
    "background_dn": 42.4,
    "sigma_dn": 10.4,
    "pixels": 10,
    "length_m_approx": 31.6,
    "pixel": [
     23622.4,
     6396.5
    ],
    "scene": "S1A_IW_GRDH_1SDV_20241230T225903_20241230T225928_057228_070A00_44C7_COG.SAFE",
    "t": "2024-12-30T22:59:03+00:00",
    "sensor": "sentinel1-vv-cfar",
    "uncertainty_m": 16.4
   }
  },
  {
   "type": "Feature",
   "geometry": {
    "type": "Point",
    "coordinates": [
     -74.13582504720007,
     38.93502404241771
    ]
   },
   "properties": {
    "confidence": 0.426,
    "snr": 8.53,
    "peak_dn": 119.0,
    "background_dn": 38.7,
    "sigma_dn": 9.42,
    "pixels": 7,
    "length_m_approx": 26.5,
    "pixel": [
     23061.8,
     7120.3
    ],
    "scene": "S1A_IW_GRDH_1SDV_20241230T225903_20241230T225928_057228_070A00_44C7_COG.SAFE",
    "t": "2024-12-30T22:59:03+00:00",
    "sensor": "sentinel1-vv-cfar",
    "uncertainty_m": 13.9
   }
  },
  {
   "type": "Feature",
   "geometry": {
    "type": "Point",
    "coordinates": [
     -74.03044979156286,
     39.04655652179638
    ]
   },
   "properties": {
    "confidence": 0.368,
    "snr": 7.36,
    "peak_dn": 120.0,
    "background_dn": 43.9,
    "sigma_dn": 10.34,
    "pixels": 4,
    "length_m_approx": 20.0,
    "pixel": [
     24163.5,
     8184.5
    ],
    "scene": "S1A_IW_GRDH_1SDV_20241230T225903_20241230T225928_057228_070A00_44C7_COG.SAFE",
    "t": "2024-12-30T22:59:03+00:00",
    "sensor": "sentinel1-vv-cfar",
    "uncertainty_m": 11.1
   }
  },
  {
   "type": "Feature",
   "geometry": {
    "type": "Point",
    "coordinates": [
     -74.16129770499425,
     38.94556044479849
    ]
   },
   "properties": {
    "confidence": 0.321,
    "snr": 6.41,
    "peak_dn": 97.0,
    "background_dn": 37.6,
    "sigma_dn": 9.26,
    "pixels": 2,
    "length_m_approx": 14.1,
    "pixel": [
     22863.0,
     7269.5
    ],
    "scene": "S1A_IW_GRDH_1SDV_20241230T225903_20241230T225928_057228_070A00_44C7_COG.SAFE",
    "t": "2024-12-30T22:59:03+00:00",
    "sensor": "sentinel1-vv-cfar",
    "uncertainty_m": 8.3
   }
  },
  {
   "type": "Feature",
   "geometry": {
    "type": "Point",
    "coordinates": [
     -74.13564052985396,
     38.93534499201583
    ]
   },
   "properties": {
    "confidence": 0.309,
    "snr": 6.17,
    "peak_dn": 98.0,
    "background_dn": 38.8,
    "sigma_dn": 9.59,
    "pixels": 2,
    "length_m_approx": 14.1,
    "pixel": [
     23064.0,
     7123.5
    ],
    "scene": "S1A_IW_GRDH_1SDV_20241230T225903_20241230T225928_057228_070A00_44C7_COG.SAFE",
    "t": "2024-12-30T22:59:03+00:00",
    "sensor": "sentinel1-vv-cfar",
    "uncertainty_m": 8.3
   }
  },
  {
   "type": "Feature",
   "geometry": {
    "type": "Point",
    "coordinates": [
     -76.44893134995239,
     38.86433534140089
    ]
   },
   "properties": {
    "confidence": 0.95,
    "snr": 34.64,
    "peak_dn": 645.0,
    "background_dn": 55.6,
    "sigma_dn": 17.01,
    "pixels": 16,
    "length_m_approx": 40.0,
    "pixel": [
     3168.8,
     9768.0
    ],
    "scene": "S1A_IW_GRDH_1SDV_20241230T225903_20241230T225928_057228_070A00_44C7_COG.SAFE",
    "t": "2024-12-30T22:59:03+00:00",
    "sensor": "sentinel1-vv-cfar",
    "uncertainty_m": 20.6
   }
  },
  {
   "type": "Feature",
   "geometry": {
    "type": "Point",
    "coordinates": [
     -76.46122054099745,
     38.83273331765245
    ]
   },
   "properties": {
    "confidence": 0.95,
    "snr": 33.41,
    "peak_dn": 408.0,
    "background_dn": 46.1,
    "sigma_dn": 10.83,
    "pixels": 14,
    "length_m_approx": 37.4,
    "pixel": [
     2998.2,
     9448.3
    ],
    "scene": "S1A_IW_GRDH_1SDV_20241230T225903_20241230T225928_057228_070A00_44C7_COG.SAFE",
    "t": "2024-12-30T22:59:03+00:00",
    "sensor": "sentinel1-vv-cfar",
    "uncertainty_m": 19.4
   }
  },
  {
   "type": "Feature",
   "geometry": {
    "type": "Point",
    "coordinates": [
     -76.48998196630083,
     38.86576879897361
    ]
   },
   "properties": {
    "confidence": 0.95,
    "snr": 22.57,
    "peak_dn": 308.0,
    "background_dn": 48.9,
    "sigma_dn": 11.48,
    "pixels": 10,
    "length_m_approx": 31.6,
    "pixel": [
     2821.2,
     9848.0
    ],
    "scene": "S1A_IW_GRDH_1SDV_20241230T225903_20241230T225928_057228_070A00_44C7_COG.SAFE",
    "t": "2024-12-30T22:59:03+00:00",
    "sensor": "sentinel1-vv-cfar",
    "uncertainty_m": 16.6
   }
  },
  {
   "type": "Feature",
   "geometry": {
    "type": "Point",
    "coordinates": [
     -76.54321243649862,
     38.74060035884814
    ]
   },
   "properties": {
    "confidence": 0.949,
    "snr": 18.97,
    "peak_dn": 299.0,
    "background_dn": 53.6,
    "sigma_dn": 12.94,
    "pixels": 9,
    "length_m_approx": 30.0,
    "pixel": [
     2105.1,
     8590.0
    ],
    "scene": "S1A_IW_GRDH_1SDV_20241230T225903_20241230T225928_057228_070A00_44C7_COG.SAFE",
    "t": "2024-12-30T22:59:03+00:00",
    "sensor": "sentinel1-vv-cfar",
    "uncertainty_m": 17.8
   }
  },
  {
   "type": "Feature",
   "geometry": {
    "type": "Point",
    "coordinates": [
     -76.39165494890736,
     38.866211624466565
    ]
   },
   "properties": {
    "confidence": 0.934,
    "snr": 18.67,
    "peak_dn": 307.0,
    "background_dn": 48.5,
    "sigma_dn": 13.84,
    "pixels": 14,
    "length_m_approx": 37.4,
    "pixel": [
     3661.8,
     9698.0
    ],
    "scene": "S1A_IW_GRDH_1SDV_20241230T225903_20241230T225928_057228_070A00_44C7_COG.SAFE",
    "t": "2024-12-30T22:59:03+00:00",
    "sensor": "sentinel1-vv-cfar",
    "uncertainty_m": 19.4
   }
  },
  {
   "type": "Feature",
   "geometry": {
    "type": "Point",
    "coordinates": [
     -76.39106995376291,
     38.83370048043634
    ]
   },
   "properties": {
    "confidence": 0.74,
    "snr": 14.81,
    "peak_dn": 377.0,
    "background_dn": 83.1,
    "sigma_dn": 19.85,
    "pixels": 18,
    "length_m_approx": 42.4,
    "pixel": [
     3599.4,
     9348.2
    ],
    "scene": "S1A_IW_GRDH_1SDV_20241230T225903_20241230T225928_057228_070A00_44C7_COG.SAFE",
    "t": "2024-12-30T22:59:03+00:00",
    "sensor": "sentinel1-vv-cfar",
    "uncertainty_m": 21.8
   }
  },
  {
   "type": "Feature",
   "geometry": {
    "type": "Point",
    "coordinates": [
     -76.5008157510209,
     38.78873214734436
    ]
   },
   "properties": {
    "confidence": 0.534,
    "snr": 10.67,
    "peak_dn": 170.0,
    "background_dn": 49.1,
    "sigma_dn": 11.33,
    "pixels": 10,
    "length_m_approx": 31.6,
    "pixel": [
     2568.7,
     9038.7
    ],
    "scene": "S1A_IW_GRDH_1SDV_20241230T225903_20241230T225928_057228_070A00_44C7_COG.SAFE",
    "t": "2024-12-30T22:59:03+00:00",
    "sensor": "sentinel1-vv-cfar",
    "uncertainty_m": 16.6
   }
  },
  {
   "type": "Feature",
   "geometry": {
    "type": "Point",
    "coordinates": [
     -76.41076198345672,
     38.793363555985664
    ]
   },
   "properties": {
    "confidence": 0.463,
    "snr": 9.26,
    "peak_dn": 275.0,
    "background_dn": 85.4,
    "sigma_dn": 20.46,
    "pixels": 4,
    "length_m_approx": 20.0,
    "pixel": [
     3347.5,
     8946.5
    ],
    "scene": "S1A_IW_GRDH_1SDV_20241230T225903_20241230T225928_057228_070A00_44C7_COG.SAFE",
    "t": "2024-12-30T22:59:03+00:00",
    "sensor": "sentinel1-vv-cfar",
    "uncertainty_m": 11.2
   }
  },
  {
   "type": "Feature",
   "geometry": {
    "type": "Point",
    "coordinates": [
     -76.53526299663757,
     38.74468501359258
    ]
   },
   "properties": {
    "confidence": 0.378,
    "snr": 7.55,
    "peak_dn": 146.0,
    "background_dn": 52.5,
    "sigma_dn": 12.38,
    "pixels": 5,
    "length_m_approx": 22.4,
    "pixel": [
     2181.8,
     8621.2
    ],
    "scene": "S1A_IW_GRDH_1SDV_20241230T225903_20241230T225928_057228_070A00_44C7_COG.SAFE",
    "t": "2024-12-30T22:59:03+00:00",
    "sensor": "sentinel1-vv-cfar",
    "uncertainty_m": 14.7
   }
  },
  {
   "type": "Feature",
   "geometry": {
    "type": "Point",
    "coordinates": [
     -76.47927590856249,
     38.871022030310016
    ]
   },
   "properties": {
    "confidence": 0.374,
    "snr": 7.48,
    "peak_dn": 133.0,
    "background_dn": 48.5,
    "sigma_dn": 11.3,
    "pixels": 4,
    "length_m_approx": 20.0,
    "pixel": [
     2923.5,
     9887.5
    ],
    "scene": "S1A_IW_GRDH_1SDV_20241230T225903_20241230T225928_057228_070A00_44C7_COG.SAFE",
    "t": "2024-12-30T22:59:03+00:00",
    "sensor": "sentinel1-vv-cfar",
    "uncertainty_m": 11.2
   }
  },
  {
   "type": "Feature",
   "geometry": {
    "type": "Point",
    "coordinates": [
     -76.39968063312163,
     38.73365377669102
    ]
   },
   "properties": {
    "confidence": 0.366,
    "snr": 7.31,
    "peak_dn": 235.0,
    "background_dn": 82.8,
    "sigma_dn": 20.81,
    "pixels": 6,
    "length_m_approx": 24.5,
    "pixel": [
     3318.3,
     8288.5
    ],
    "scene": "S1A_IW_GRDH_1SDV_20241230T225903_20241230T225928_057228_070A00_44C7_COG.SAFE",
    "t": "2024-12-30T22:59:03+00:00",
    "sensor": "sentinel1-vv-cfar",
    "uncertainty_m": 13.2
   }
  },
  {
   "type": "Feature",
   "geometry": {
    "type": "Point",
    "coordinates": [
     -76.47741668789335,
     38.903316897156856
    ]
   },
   "properties": {
    "confidence": 0.361,
    "snr": 7.22,
    "peak_dn": 150.0,
    "background_dn": 53.4,
    "sigma_dn": 13.38,
    "pixels": 2,
    "length_m_approx": 14.1,
    "pixel": [
     3006.5,
     10231.0
    ],
    "scene": "S1A_IW_GRDH_1SDV_20241230T225903_20241230T225928_057228_070A00_44C7_COG.SAFE",
    "t": "2024-12-30T22:59:03+00:00",
    "sensor": "sentinel1-vv-cfar",
    "uncertainty_m": 26.7
   }
  },
  {
   "type": "Feature",
   "geometry": {
    "type": "Point",
    "coordinates": [
     -76.34733003976964,
     38.84152362345933
    ]
   },
   "properties": {
    "confidence": 0.336,
    "snr": 6.73,
    "peak_dn": 117.0,
    "background_dn": 43.8,
    "sigma_dn": 10.89,
    "pixels": 2,
    "length_m_approx": 14.1,
    "pixel": [
     3989.0,
     9363.5
    ],
    "scene": "S1A_IW_GRDH_1SDV_20241230T225903_20241230T225928_057228_070A00_44C7_COG.SAFE",
    "t": "2024-12-30T22:59:03+00:00",
    "sensor": "sentinel1-vv-cfar",
    "uncertainty_m": 9.2
   }
  },
  {
   "type": "Feature",
   "geometry": {
    "type": "Point",
    "coordinates": [
     -76.42184073820245,
     38.85398566009453
    ]
   },
   "properties": {
    "confidence": 0.329,
    "snr": 6.58,
    "peak_dn": 159.0,
    "background_dn": 51.5,
    "sigma_dn": 16.34,
    "pixels": 3,
    "length_m_approx": 17.3,
    "pixel": [
     3378.7,
     9614.3
    ],
    "scene": "S1A_IW_GRDH_1SDV_20241230T225903_20241230T225928_057228_070A00_44C7_COG.SAFE",
    "t": "2024-12-30T22:59:03+00:00",
    "sensor": "sentinel1-vv-cfar",
    "uncertainty_m": 10.0
   }
  },
  {
   "type": "Feature",
   "geometry": {
    "type": "Point",
    "coordinates": [
     -76.39961408036613,
     38.73178189148204
    ]
   },
   "properties": {
    "confidence": 0.322,
    "snr": 6.44,
    "peak_dn": 208.0,
    "background_dn": 81.7,
    "sigma_dn": 19.61,
    "pixels": 3,
    "length_m_approx": 17.3,
    "pixel": [
     3315.0,
     8268.3
    ],
    "scene": "S1A_IW_GRDH_1SDV_20241230T225903_20241230T225928_057228_070A00_44C7_COG.SAFE",
    "t": "2024-12-30T22:59:03+00:00",
    "sensor": "sentinel1-vv-cfar",
    "uncertainty_m": 10.0
   }
  },
  {
   "type": "Feature",
   "geometry": {
    "type": "Point",
    "coordinates": [
     -76.28904035010243,
     38.86893430355097
    ]
   },
   "properties": {
    "confidence": 0.95,
    "snr": 26.31,
    "peak_dn": 569.0,
    "background_dn": 57.0,
    "sigma_dn": 19.46,
    "pixels": 30,
    "length_m_approx": 54.8,
    "pixel": [
     4542.7,
     9566.7
    ],
    "scene": "S1A_IW_GRDH_1SDV_20241230T225903_20241230T225928_057228_070A00_44C7_COG.SAFE",
    "t": "2024-12-30T22:59:03+00:00",
    "sensor": "sentinel1-vv-cfar",
    "uncertainty_m": 28.0
   }
  },
  {
   "type": "Feature",
   "geometry": {
    "type": "Point",
    "coordinates": [
     -76.1967686813642,
     38.78471126715912
    ]
   },
   "properties": {
    "confidence": 0.95,
    "snr": 25.96,
    "peak_dn": 359.0,
    "background_dn": 51.2,
    "sigma_dn": 11.86,
    "pixels": 10,
    "length_m_approx": 31.6,
    "pixel": [
     5156.8,
     8518.5
    ],
    "scene": "S1A_IW_GRDH_1SDV_20241230T225903_20241230T225928_057228_070A00_44C7_COG.SAFE",
    "t": "2024-12-30T22:59:03+00:00",
    "sensor": "sentinel1-vv-cfar",
    "uncertainty_m": 16.9
   }
  },
  {
   "type": "Feature",
   "geometry": {
    "type": "Point",
    "coordinates": [
     -76.28640805317046,
     38.86002384486777
    ]
   },
   "properties": {
    "confidence": 0.791,
    "snr": 15.82,
    "peak_dn": 342.0,
    "background_dn": 59.0,
    "sigma_dn": 17.89,
    "pixels": 18,
    "length_m_approx": 42.4,
    "pixel": [
     4546.8,
     9467.0
    ],
    "scene": "S1A_IW_GRDH_1SDV_20241230T225903_20241230T225928_057228_070A00_44C7_COG.SAFE",
    "t": "2024-12-30T22:59:03+00:00",
    "sensor": "sentinel1-vv-cfar",
    "uncertainty_m": 22.0
   }
  },
  {
   "type": "Feature",
   "geometry": {
    "type": "Point",
    "coordinates": [
     -76.32524802838242,
     38.90095978325559
    ]
   },
   "properties": {
    "confidence": 0.667,
    "snr": 13.35,
    "peak_dn": 222.0,
    "background_dn": 50.2,
    "sigma_dn": 12.87,
    "pixels": 9,
    "length_m_approx": 30.0,
    "pixel": [
     4300.0,
     9967.0
    ],
    "scene": "S1A_IW_GRDH_1SDV_20241230T225903_20241230T225928_057228_070A00_44C7_COG.SAFE",
    "t": "2024-12-30T22:59:03+00:00",
    "sensor": "sentinel1-vv-cfar",
    "uncertainty_m": 16.1
   }
  },
  {
   "type": "Feature",
   "geometry": {
    "type": "Point",
    "coordinates": [
     -76.2870245989428,
     38.8638437001387
    ]
   },
   "properties": {
    "confidence": 0.576,
    "snr": 11.51,
    "peak_dn": 311.0,
    "background_dn": 55.9,
    "sigma_dn": 22.15,
    "pixels": 14,
    "length_m_approx": 37.4,
    "pixel": [
     4549.4,
     9508.9
    ],
    "scene": "S1A_IW_GRDH_1SDV_20241230T225903_20241230T225928_057228_070A00_44C7_COG.SAFE",
    "t": "2024-12-30T22:59:03+00:00",
    "sensor": "sentinel1-vv-cfar",
    "uncertainty_m": 19.6
   }
  },
  {
   "type": "Feature",
   "geometry": {
    "type": "Point",
    "coordinates": [
     -76.30261109677853,
     38.863641669902194
    ]
   },
   "properties": {
    "confidence": 0.558,
    "snr": 11.16,
    "peak_dn": 166.0,
    "background_dn": 44.2,
    "sigma_dn": 10.92,
    "pixels": 11,
    "length_m_approx": 33.2,
    "pixel": [
     4416.0,
     9531.1
    ],
    "scene": "S1A_IW_GRDH_1SDV_20241230T225903_20241230T225928_057228_070A00_44C7_COG.SAFE",
    "t": "2024-12-30T22:59:03+00:00",
    "sensor": "sentinel1-vv-cfar",
    "uncertainty_m": 17.6
   }
  },
  {
   "type": "Feature",
   "geometry": {
    "type": "Point",
    "coordinates": [
     -76.2098267234025,
     38.83295359672204
    ]
   },
   "properties": {
    "confidence": 0.51,
    "snr": 10.2,
    "peak_dn": 174.0,
    "background_dn": 48.8,
    "sigma_dn": 12.27,
    "pixels": 5,
    "length_m_approx": 22.4,
    "pixel": [
     5144.4,
     9056.8
    ],
    "scene": "S1A_IW_GRDH_1SDV_20241230T225903_20241230T225928_057228_070A00_44C7_COG.SAFE",
    "t": "2024-12-30T22:59:03+00:00",
    "sensor": "sentinel1-vv-cfar",
    "uncertainty_m": 12.6
   }
  },
  {
   "type": "Feature",
   "geometry": {
    "type": "Point",
    "coordinates": [
     -76.21168684291541,
     38.83253880489192
    ]
   },
   "properties": {
    "confidence": 0.455,
    "snr": 9.11,
    "peak_dn": 168.0,
    "background_dn": 49.6,
    "sigma_dn": 12.99,
    "pixels": 11,
    "length_m_approx": 33.2,
    "pixel": [
     5127.7,
     9055.2
    ],
    "scene": "S1A_IW_GRDH_1SDV_20241230T225903_20241230T225928_057228_070A00_44C7_COG.SAFE",
    "t": "2024-12-30T22:59:03+00:00",
    "sensor": "sentinel1-vv-cfar",
    "uncertainty_m": 17.6
   }
  },
  {
   "type": "Feature",
   "geometry": {
    "type": "Point",
    "coordinates": [
     -76.31559756100191,
     38.83637432268894
    ]
   },
   "properties": {
    "confidence": 0.393,
    "snr": 7.86,
    "peak_dn": 123.0,
    "background_dn": 43.1,
    "sigma_dn": 10.16,
    "pixels": 3,
    "length_m_approx": 17.3,
    "pixel": [
     4249.0,
     9258.7
    ],
    "scene": "S1A_IW_GRDH_1SDV_20241230T225903_20241230T225928_057228_070A00_44C7_COG.SAFE",
    "t": "2024-12-30T22:59:03+00:00",
    "sensor": "sentinel1-vv-cfar",
    "uncertainty_m": 10.4
   }
  },
  {
   "type": "Feature",
   "geometry": {
    "type": "Point",
    "coordinates": [
     -76.31530002168458,
     38.836588207697645
    ]
   },
   "properties": {
    "confidence": 0.365,
    "snr": 7.3,
    "peak_dn": 117.0,
    "background_dn": 43.0,
    "sigma_dn": 10.14,
    "pixels": 2,
    "length_m_approx": 14.1,
    "pixel": [
     4252.0,
     9260.5
    ],
    "scene": "S1A_IW_GRDH_1SDV_20241230T225903_20241230T225928_057228_070A00_44C7_COG.SAFE",
    "t": "2024-12-30T22:59:03+00:00",
    "sensor": "sentinel1-vv-cfar",
    "uncertainty_m": 9.2
   }
  },
  {
   "type": "Feature",
   "geometry": {
    "type": "Point",
    "coordinates": [
     -76.21046248940311,
     38.83320679209752
    ]
   },
   "properties": {
    "confidence": 0.357,
    "snr": 7.14,
    "peak_dn": 134.0,
    "background_dn": 48.6,
    "sigma_dn": 11.96,
    "pixels": 4,
    "length_m_approx": 20.0,
    "pixel": [
     5139.5,
     9060.5
    ],
    "scene": "S1A_IW_GRDH_1SDV_20241230T225903_20241230T225928_057228_070A00_44C7_COG.SAFE",
    "t": "2024-12-30T22:59:03+00:00",
    "sensor": "sentinel1-vv-cfar",
    "uncertainty_m": 11.6
   }
  },
  {
   "type": "Feature",
   "geometry": {
    "type": "Point",
    "coordinates": [
     -76.31593173904653,
     38.83613683250349
    ]
   },
   "properties": {
    "confidence": 0.356,
    "snr": 7.12,
    "peak_dn": 116.0,
    "background_dn": 43.2,
    "sigma_dn": 10.22,
    "pixels": 3,
    "length_m_approx": 17.3,
    "pixel": [
     4245.7,
     9256.7
    ],
    "scene": "S1A_IW_GRDH_1SDV_20241230T225903_20241230T225928_057228_070A00_44C7_COG.SAFE",
    "t": "2024-12-30T22:59:03+00:00",
    "sensor": "sentinel1-vv-cfar",
    "uncertainty_m": 10.4
   }
  },
  {
   "type": "Feature",
   "geometry": {
    "type": "Point",
    "coordinates": [
     -76.31412839623658,
     38.83731435322818
    ]
   },
   "properties": {
    "confidence": 0.355,
    "snr": 7.11,
    "peak_dn": 116.0,
    "background_dn": 42.9,
    "sigma_dn": 10.28,
    "pixels": 4,
    "length_m_approx": 20.0,
    "pixel": [
     4263.5,
     9266.5
    ],
    "scene": "S1A_IW_GRDH_1SDV_20241230T225903_20241230T225928_057228_070A00_44C7_COG.SAFE",
    "t": "2024-12-30T22:59:03+00:00",
    "sensor": "sentinel1-vv-cfar",
    "uncertainty_m": 11.6
   }
  },
  {
   "type": "Feature",
   "geometry": {
    "type": "Point",
    "coordinates": [
     -76.3179185472863,
     38.882787588692295
    ]
   },
   "properties": {
    "confidence": 0.354,
    "snr": 7.09,
    "peak_dn": 204.0,
    "background_dn": 59.7,
    "sigma_dn": 20.36,
    "pixels": 2,
    "length_m_approx": 14.1,
    "pixel": [
     4325.0,
     9760.5
    ],
    "scene": "S1A_IW_GRDH_1SDV_20241230T225903_20241230T225928_057228_070A00_44C7_COG.SAFE",
    "t": "2024-12-30T22:59:03+00:00",
    "sensor": "sentinel1-vv-cfar",
    "uncertainty_m": 9.2
   }
  },
  {
   "type": "Feature",
   "geometry": {
    "type": "Point",
    "coordinates": [
     -76.28631941030844,
     38.859527621762666
    ]
   },
   "properties": {
    "confidence": 0.349,
    "snr": 6.97,
    "peak_dn": 184.0,
    "background_dn": 59.3,
    "sigma_dn": 17.89,
    "pixels": 4,
    "length_m_approx": 20.0,
    "pixel": [
     4546.5,
     9461.5
    ],
    "scene": "S1A_IW_GRDH_1SDV_20241230T225903_20241230T225928_057228_070A00_44C7_COG.SAFE",
    "t": "2024-12-30T22:59:03+00:00",
    "sensor": "sentinel1-vv-cfar",
    "uncertainty_m": 11.6
   }
  },
  {
   "type": "Feature",
   "geometry": {
    "type": "Point",
    "coordinates": [
     -76.22943495019328,
     38.900589881432026
    ]
   },
   "properties": {
    "confidence": 0.33,
    "snr": 6.6,
    "peak_dn": 193.0,
    "background_dn": 59.4,
    "sigma_dn": 20.24,
    "pixels": 2,
    "length_m_approx": 14.1,
    "pixel": [
     5116.0,
     9813.5
    ],
    "scene": "S1A_IW_GRDH_1SDV_20241230T225903_20241230T225928_057228_070A00_44C7_COG.SAFE",
    "t": "2024-12-30T22:59:03+00:00",
    "sensor": "sentinel1-vv-cfar",
    "uncertainty_m": 9.2
   }
  },
  {
   "type": "Feature",
   "geometry": {
    "type": "Point",
    "coordinates": [
     -76.31650280305362,
     38.83599208828953
    ]
   },
   "properties": {
    "confidence": 0.319,
    "snr": 6.38,
    "peak_dn": 110.0,
    "background_dn": 43.3,
    "sigma_dn": 10.45,
    "pixels": 2,
    "length_m_approx": 14.1,
    "pixel": [
     4240.5,
     9256.0
    ],
    "scene": "S1A_IW_GRDH_1SDV_20241230T225903_20241230T225928_057228_070A00_44C7_COG.SAFE",
    "t": "2024-12-30T22:59:03+00:00",
    "sensor": "sentinel1-vv-cfar",
    "uncertainty_m": 9.2
   }
  },
  {
   "type": "Feature",
   "geometry": {
    "type": "Point",
    "coordinates": [
     -76.23743227117689,
     38.893373433628085
    ]
   },
   "properties": {
    "confidence": 0.318,
    "snr": 6.37,
    "peak_dn": 188.0,
    "background_dn": 61.8,
    "sigma_dn": 19.82,
    "pixels": 2,
    "length_m_approx": 14.1,
    "pixel": [
     5033.0,
     9748.5
    ],
    "scene": "S1A_IW_GRDH_1SDV_20241230T225903_20241230T225928_057228_070A00_44C7_COG.SAFE",
    "t": "2024-12-30T22:59:03+00:00",
    "sensor": "sentinel1-vv-cfar",
    "uncertainty_m": 9.2
   }
  },
  {
   "type": "Feature",
   "geometry": {
    "type": "Point",
    "coordinates": [
     -75.23627698275388,
     39.009440498703846
    ]
   },
   "properties": {
    "confidence": 0.95,
    "snr": 361.41,
    "peak_dn": 3171.0,
    "background_dn": 29.3,
    "sigma_dn": 8.69,
    "pixels": 202,
    "length_m_approx": 142.1,
    "pixel": [
     13801.3,
     9485.8
    ],
    "scene": "S1A_IW_GRDH_1SDV_20241230T225903_20241230T225928_057228_070A00_44C7_COG.SAFE",
    "t": "2024-12-30T22:59:03+00:00",
    "sensor": "sentinel1-vv-cfar",
    "uncertainty_m": 71.2
   }
  },
  {
   "type": "Feature",
   "geometry": {
    "type": "Point",
    "coordinates": [
     -75.18973595241798,
     38.96110412753612
    ]
   },
   "properties": {
    "confidence": 0.95,
    "snr": 336.6,
    "peak_dn": 4896.0,
    "background_dn": 34.2,
    "sigma_dn": 14.44,
    "pixels": 312,
    "length_m_approx": 176.6,
    "pixel": [
     14105.1,
     8896.4
    ],
    "scene": "S1A_IW_GRDH_1SDV_20241230T225903_20241230T225928_057228_070A00_44C7_COG.SAFE",
    "t": "2024-12-30T22:59:03+00:00",
    "sensor": "sentinel1-vv-cfar",
    "uncertainty_m": 88.5
   }
  },
  {
   "type": "Feature",
   "geometry": {
    "type": "Point",
    "coordinates": [
     -75.170327786936,
     38.94133061643594
    ]
   },
   "properties": {
    "confidence": 0.95,
    "snr": 264.35,
    "peak_dn": 5814.0,
    "background_dn": 37.4,
    "sigma_dn": 21.85,
    "pixels": 271,
    "length_m_approx": 164.6,
    "pixel": [
     14232.6,
     8654.9
    ],
    "scene": "S1A_IW_GRDH_1SDV_20241230T225903_20241230T225928_057228_070A00_44C7_COG.SAFE",
    "t": "2024-12-30T22:59:03+00:00",
    "sensor": "sentinel1-vv-cfar",
    "uncertainty_m": 82.5
   }
  },
  {
   "type": "Feature",
   "geometry": {
    "type": "Point",
    "coordinates": [
     -75.19763956009542,
     38.98830020185472
    ]
   },
   "properties": {
    "confidence": 0.95,
    "snr": 40.68,
    "peak_dn": 295.0,
    "background_dn": 27.8,
    "sigma_dn": 6.57,
    "pixels": 17,
    "length_m_approx": 41.2,
    "pixel": [
     14090.2,
     9201.2
    ],
    "scene": "S1A_IW_GRDH_1SDV_20241230T225903_20241230T225928_057228_070A00_44C7_COG.SAFE",
    "t": "2024-12-30T22:59:03+00:00",
    "sensor": "sentinel1-vv-cfar",
    "uncertainty_m": 21.2
   }
  },
  {
   "type": "Feature",
   "geometry": {
    "type": "Point",
    "coordinates": [
     -75.17983588925998,
     38.919637859618
    ]
   },
   "properties": {
    "confidence": 0.95,
    "snr": 30.51,
    "peak_dn": 348.0,
    "background_dn": 41.7,
    "sigma_dn": 10.04,
    "pixels": 46,
    "length_m_approx": 67.8,
    "pixel": [
     14109.5,
     8434.8
    ],
    "scene": "S1A_IW_GRDH_1SDV_20241230T225903_20241230T225928_057228_070A00_44C7_COG.SAFE",
    "t": "2024-12-30T22:59:03+00:00",
    "sensor": "sentinel1-vv-cfar",
    "uncertainty_m": 34.3
   }
  },
  {
   "type": "Feature",
   "geometry": {
    "type": "Point",
    "coordinates": [
     -75.19856206449823,
     39.00273282416389
    ]
   },
   "properties": {
    "confidence": 0.95,
    "snr": 29.15,
    "peak_dn": 240.0,
    "background_dn": 27.4,
    "sigma_dn": 7.29,
    "pixels": 55,
    "length_m_approx": 74.2,
    "pixel": [
     14110.2,
     9358.1
    ],
    "scene": "S1A_IW_GRDH_1SDV_20241230T225903_20241230T225928_057228_070A00_44C7_COG.SAFE",
    "t": "2024-12-30T22:59:03+00:00",
    "sensor": "sentinel1-vv-cfar",
    "uncertainty_m": 37.4
   }
  },
  {
   "type": "Feature",
   "geometry": {
    "type": "Point",
    "coordinates": [
     -75.24810316622948,
     39.01373668577416
    ]
   },
   "properties": {
    "confidence": 0.95,
    "snr": 27.19,
    "peak_dn": 208.0,
    "background_dn": 27.8,
    "sigma_dn": 6.63,
    "pixels": 27,
    "length_m_approx": 52.0,
    "pixel": [
     13708.7,
     9549.5
    ],
    "scene": "S1A_IW_GRDH_1SDV_20241230T225903_20241230T225928_057228_070A00_44C7_COG.SAFE",
    "t": "2024-12-30T22:59:03+00:00",
    "sensor": "sentinel1-vv-cfar",
    "uncertainty_m": 26.5
   }
  },
  {
   "type": "Feature",
   "geometry": {
    "type": "Point",
    "coordinates": [
     -75.16094139542548,
     38.90043964736784
    ]
   },
   "properties": {
    "confidence": 0.95,
    "snr": 22.72,
    "peak_dn": 270.0,
    "background_dn": 41.7,
    "sigma_dn": 10.05,
    "pixels": 18,
    "length_m_approx": 42.4,
    "pixel": [
     14233.8,
     8200.2
    ],
    "scene": "S1A_IW_GRDH_1SDV_20241230T225903_20241230T225928_057228_070A00_44C7_COG.SAFE",
    "t": "2024-12-30T22:59:03+00:00",
    "sensor": "sentinel1-vv-cfar",
    "uncertainty_m": 21.8
   }
  },
  {
   "type": "Feature",
   "geometry": {
    "type": "Point",
    "coordinates": [
     -75.1776908299336,
     38.96087503031771
    ]
   },
   "properties": {
    "confidence": 0.95,
    "snr": 21.51,
    "peak_dn": 185.0,
    "background_dn": 29.9,
    "sigma_dn": 7.21,
    "pixels": 12,
    "length_m_approx": 34.6,
    "pixel": [
     14207.5,
     8876.4
    ],
    "scene": "S1A_IW_GRDH_1SDV_20241230T225903_20241230T225928_057228_070A00_44C7_COG.SAFE",
    "t": "2024-12-30T22:59:03+00:00",
    "sensor": "sentinel1-vv-cfar",
    "uncertainty_m": 18.0
   }
  },
  {
   "type": "Feature",
   "geometry": {
    "type": "Point",
    "coordinates": [
     -75.20745802400107,
     39.04400403623541
    ]
   },
   "properties": {
    "confidence": 0.95,
    "snr": 20.44,
    "peak_dn": 206.0,
    "background_dn": 33.2,
    "sigma_dn": 8.45,
    "pixels": 25,
    "length_m_approx": 50.0,
    "pixel": [
     14114.0,
     9816.2
    ],
    "scene": "S1A_IW_GRDH_1SDV_20241230T225903_20241230T225928_057228_070A00_44C7_COG.SAFE",
    "t": "2024-12-30T22:59:03+00:00",
    "sensor": "sentinel1-vv-cfar",
    "uncertainty_m": 25.5
   }
  },
  {
   "type": "Feature",
   "geometry": {
    "type": "Point",
    "coordinates": [
     -75.22567975745544,
     39.04513253683593
    ]
   },
   "properties": {
    "confidence": 0.95,
    "snr": 20.38,
    "peak_dn": 176.0,
    "background_dn": 28.8,
    "sigma_dn": 7.22,
    "pixels": 11,
    "length_m_approx": 33.2,
    "pixel": [
     13960.8,
     9855.0
    ],
    "scene": "S1A_IW_GRDH_1SDV_20241230T225903_20241230T225928_057228_070A00_44C7_COG.SAFE",
    "t": "2024-12-30T22:59:03+00:00",
    "sensor": "sentinel1-vv-cfar",
    "uncertainty_m": 17.3
   }
  },
  {
   "type": "Feature",
   "geometry": {
    "type": "Point",
    "coordinates": [
     -75.20421683798558,
     39.00204999593831
    ]
   },
   "properties": {
    "confidence": 0.834,
    "snr": 16.68,
    "peak_dn": 192.0,
    "background_dn": 28.1,
    "sigma_dn": 9.82,
    "pixels": 7,
    "length_m_approx": 26.5,
    "pixel": [
     14060.7,
     9359.1
    ],
    "scene": "S1A_IW_GRDH_1SDV_20241230T225903_20241230T225928_057228_070A00_44C7_COG.SAFE",
    "t": "2024-12-30T22:59:03+00:00",
    "sensor": "sentinel1-vv-cfar",
    "uncertainty_m": 14.2
   }
  },
  {
   "type": "Feature",
   "geometry": {
    "type": "Point",
    "coordinates": [
     -75.29754907973809,
     38.93668467833153
    ]
   },
   "properties": {
    "confidence": 0.808,
    "snr": 16.16,
    "peak_dn": 293.0,
    "background_dn": 40.1,
    "sigma_dn": 15.65,
    "pixels": 10,
    "length_m_approx": 31.6,
    "pixel": [
     13137.0,
     8791.5
    ],
    "scene": "S1A_IW_GRDH_1SDV_20241230T225903_20241230T225928_057228_070A00_44C7_COG.SAFE",
    "t": "2024-12-30T22:59:03+00:00",
    "sensor": "sentinel1-vv-cfar",
    "uncertainty_m": 16.6
   }
  },
  {
   "type": "Feature",
   "geometry": {
    "type": "Point",
    "coordinates": [
     -75.22260445858454,
     39.0227471736038
    ]
   },
   "properties": {
    "confidence": 0.785,
    "snr": 15.71,
    "peak_dn": 160.0,
    "background_dn": 30.5,
    "sigma_dn": 8.24,
    "pixels": 12,
    "length_m_approx": 34.6,
    "pixel": [
     13943.7,
     9609.2
    ],
    "scene": "S1A_IW_GRDH_1SDV_20241230T225903_20241230T225928_057228_070A00_44C7_COG.SAFE",
    "t": "2024-12-30T22:59:03+00:00",
    "sensor": "sentinel1-vv-cfar",
    "uncertainty_m": 18.0
   }
  },
  {
   "type": "Feature",
   "geometry": {
    "type": "Point",
    "coordinates": [
     -75.2027767117463,
     38.951802422003226
    ]
   },
   "properties": {
    "confidence": 0.739,
    "snr": 14.78,
    "peak_dn": 151.0,
    "background_dn": 32.4,
    "sigma_dn": 8.02,
    "pixels": 16,
    "length_m_approx": 40.0,
    "pixel": [
     13975.8,
     8815.2
    ],
    "scene": "S1A_IW_GRDH_1SDV_20241230T225903_20241230T225928_057228_070A00_44C7_COG.SAFE",
    "t": "2024-12-30T22:59:03+00:00",
    "sensor": "sentinel1-vv-cfar",
    "uncertainty_m": 20.6
   }
  },
  {
   "type": "Feature",
   "geometry": {
    "type": "Point",
    "coordinates": [
     -75.2977381590623,
     38.93750430355324
    ]
   },
   "properties": {
    "confidence": 0.697,
    "snr": 13.95,
    "peak_dn": 260.0,
    "background_dn": 40.2,
    "sigma_dn": 15.76,
    "pixels": 36,
    "length_m_approx": 60.0,
    "pixel": [
     13136.9,
     8800.6
    ],
    "scene": "S1A_IW_GRDH_1SDV_20241230T225903_20241230T225928_057228_070A00_44C7_COG.SAFE",
    "t": "2024-12-30T22:59:03+00:00",
    "sensor": "sentinel1-vv-cfar",
    "uncertainty_m": 30.4
   }
  },
  {
   "type": "Feature",
   "geometry": {
    "type": "Point",
    "coordinates": [
     -75.23732560345596,
     39.00926147908888
    ]
   },
   "properties": {
    "confidence": 0.647,
    "snr": 12.95,
    "peak_dn": 144.0,
    "background_dn": 29.5,
    "sigma_dn": 8.84,
    "pixels": 8,
    "length_m_approx": 28.3,
    "pixel": [
     13792.0,
     9485.4
    ],
    "scene": "S1A_IW_GRDH_1SDV_20241230T225903_20241230T225928_057228_070A00_44C7_COG.SAFE",
    "t": "2024-12-30T22:59:03+00:00",
    "sensor": "sentinel1-vv-cfar",
    "uncertainty_m": 15.0
   }
  },
  {
   "type": "Feature",
   "geometry": {
    "type": "Point",
    "coordinates": [
     -75.1693740837351,
     38.94171322038634
    ]
   },
   "properties": {
    "confidence": 0.64,
    "snr": 12.81,
    "peak_dn": 317.0,
    "background_dn": 37.2,
    "sigma_dn": 21.84,
    "pixels": 8,
    "length_m_approx": 28.3,
    "pixel": [
     14241.5,
     8657.6
    ],
    "scene": "S1A_IW_GRDH_1SDV_20241230T225903_20241230T225928_057228_070A00_44C7_COG.SAFE",
    "t": "2024-12-30T22:59:03+00:00",
    "sensor": "sentinel1-vv-cfar",
    "uncertainty_m": 15.0
   }
  },
  {
   "type": "Feature",
   "geometry": {
    "type": "Point",
    "coordinates": [
     -75.23757191361727,
     39.00931427408596
    ]
   },
   "properties": {
    "confidence": 0.584,
    "snr": 11.68,
    "peak_dn": 135.0,
    "background_dn": 29.6,
    "sigma_dn": 9.03,
    "pixels": 4,
    "length_m_approx": 20.0,
    "pixel": [
     13790.0,
     9486.4
    ],
    "scene": "S1A_IW_GRDH_1SDV_20241230T225903_20241230T225928_057228_070A00_44C7_COG.SAFE",
    "t": "2024-12-30T22:59:03+00:00",
    "sensor": "sentinel1-vv-cfar",
    "uncertainty_m": 11.2
   }
  },
  {
   "type": "Feature",
   "geometry": {
    "type": "Point",
    "coordinates": [
     -75.22270133893069,
     38.935710401603416
    ]
   },
   "properties": {
    "confidence": 0.567,
    "snr": 11.35,
    "peak_dn": 142.0,
    "background_dn": 36.2,
    "sigma_dn": 9.33,
    "pixels": 14,
    "length_m_approx": 37.4,
    "pixel": [
     13774.4,
     8671.0
    ],
    "scene": "S1A_IW_GRDH_1SDV_20241230T225903_20241230T225928_057228_070A00_44C7_COG.SAFE",
    "t": "2024-12-30T22:59:03+00:00",
    "sensor": "sentinel1-vv-cfar",
    "uncertainty_m": 19.4
   }
  },
  {
   "type": "Feature",
   "geometry": {
    "type": "Point",
    "coordinates": [
     -75.31274437086365,
     39.045861173801285
    ]
   },
   "properties": {
    "confidence": 0.53,
    "snr": 10.61,
    "peak_dn": 106.0,
    "background_dn": 29.4,
    "sigma_dn": 7.23,
    "pixels": 12,
    "length_m_approx": 34.6,
    "pixel": [
     13219.5,
     9990.6
    ],
    "scene": "S1A_IW_GRDH_1SDV_20241230T225903_20241230T225928_057228_070A00_44C7_COG.SAFE",
    "t": "2024-12-30T22:59:03+00:00",
    "sensor": "sentinel1-vv-cfar",
    "uncertainty_m": 18.0
   }
  },
  {
   "type": "Feature",
   "geometry": {
    "type": "Point",
    "coordinates": [
     -75.29977114228157,
     38.93882306298392
    ]
   },
   "properties": {
    "confidence": 0.509,
    "snr": 10.19,
    "peak_dn": 214.0,
    "background_dn": 40.6,
    "sigma_dn": 17.03,
    "pixels": 6,
    "length_m_approx": 24.5,
    "pixel": [
     13122.1,
     8817.8
    ],
    "scene": "S1A_IW_GRDH_1SDV_20241230T225903_20241230T225928_057228_070A00_44C7_COG.SAFE",
    "t": "2024-12-30T22:59:03+00:00",
    "sensor": "sentinel1-vv-cfar",
    "uncertainty_m": 13.2
   }
  },
  {
   "type": "Feature",
   "geometry": {
    "type": "Point",
    "coordinates": [
     -75.19095297369981,
     38.961229921269734
    ]
   },
   "properties": {
    "confidence": 0.506,
    "snr": 10.12,
    "peak_dn": 177.0,
    "background_dn": 34.4,
    "sigma_dn": 14.1,
    "pixels": 2,
    "length_m_approx": 14.1,
    "pixel": [
     14095.0,
     8899.5
    ],
    "scene": "S1A_IW_GRDH_1SDV_20241230T225903_20241230T225928_057228_070A00_44C7_COG.SAFE",
    "t": "2024-12-30T22:59:03+00:00",
    "sensor": "sentinel1-vv-cfar",
    "uncertainty_m": 8.7
   }
  },
  {
   "type": "Feature",
   "geometry": {
    "type": "Point",
    "coordinates": [
     -75.30098429395125,
     38.93953887659626
    ]
   },
   "properties": {
    "confidence": 0.506,
    "snr": 10.11,
    "peak_dn": 237.0,
    "background_dn": 41.9,
    "sigma_dn": 19.29,
    "pixels": 8,
    "length_m_approx": 28.3,
    "pixel": [
     13113.2,
     8827.3
    ],
    "scene": "S1A_IW_GRDH_1SDV_20241230T225903_20241230T225928_057228_070A00_44C7_COG.SAFE",
    "t": "2024-12-30T22:59:03+00:00",
    "sensor": "sentinel1-vv-cfar",
    "uncertainty_m": 15.0
   }
  },
  {
   "type": "Feature",
   "geometry": {
    "type": "Point",
    "coordinates": [
     -75.22736802417094,
     38.96816358348248
    ]
   },
   "properties": {
    "confidence": 0.493,
    "snr": 9.86,
    "peak_dn": 102.0,
    "background_dn": 30.1,
    "sigma_dn": 7.29,
    "pixels": 14,
    "length_m_approx": 37.4,
    "pixel": [
     13797.4,
     9027.7
    ],
    "scene": "S1A_IW_GRDH_1SDV_20241230T225903_20241230T225928_057228_070A00_44C7_COG.SAFE",
    "t": "2024-12-30T22:59:03+00:00",
    "sensor": "sentinel1-vv-cfar",
    "uncertainty_m": 19.4
   }
  },
  {
   "type": "Feature",
   "geometry": {
    "type": "Point",
    "coordinates": [
     -75.17904913903986,
     38.98308246332029
    ]
   },
   "properties": {
    "confidence": 0.49,
    "snr": 9.8,
    "peak_dn": 103.0,
    "background_dn": 29.8,
    "sigma_dn": 7.47,
    "pixels": 10,
    "length_m_approx": 31.6,
    "pixel": [
     14238.8,
     9117.8
    ],
    "scene": "S1A_IW_GRDH_1SDV_20241230T225903_20241230T225928_057228_070A00_44C7_COG.SAFE",
    "t": "2024-12-30T22:59:03+00:00",
    "sensor": "sentinel1-vv-cfar",
    "uncertainty_m": 16.6
   }
  },
  {
   "type": "Feature",
   "geometry": {
    "type": "Point",
    "coordinates": [
     -75.19117987748488,
     38.96119787756082
    ]
   },
   "properties": {
    "confidence": 0.476,
    "snr": 9.53,
    "peak_dn": 175.0,
    "background_dn": 34.5,
    "sigma_dn": 14.75,
    "pixels": 2,
    "length_m_approx": 14.1,
    "pixel": [
     14093.0,
     8899.5
    ],
    "scene": "S1A_IW_GRDH_1SDV_20241230T225903_20241230T225928_057228_070A00_44C7_COG.SAFE",
    "t": "2024-12-30T22:59:03+00:00",
    "sensor": "sentinel1-vv-cfar",
    "uncertainty_m": 8.7
   }
  },
  {
   "type": "Feature",
   "geometry": {
    "type": "Point",
    "coordinates": [
     -75.30211333570176,
     38.94028317015105
    ]
   },
   "properties": {
    "confidence": 0.469,
    "snr": 9.38,
    "peak_dn": 244.0,
    "background_dn": 43.0,
    "sigma_dn": 21.43,
    "pixels": 9,
    "length_m_approx": 30.0,
    "pixel": [
     13105.0,
     8837.0
    ],
    "scene": "S1A_IW_GRDH_1SDV_20241230T225903_20241230T225928_057228_070A00_44C7_COG.SAFE",
    "t": "2024-12-30T22:59:03+00:00",
    "sensor": "sentinel1-vv-cfar",
    "uncertainty_m": 15.8
   }
  },
  {
   "type": "Feature",
   "geometry": {
    "type": "Point",
    "coordinates": [
     -75.29844740386847,
     38.93729850583343
    ]
   },
   "properties": {
    "confidence": 0.463,
    "snr": 9.25,
    "peak_dn": 188.0,
    "background_dn": 40.3,
    "sigma_dn": 15.96,
    "pixels": 4,
    "length_m_approx": 20.0,
    "pixel": [
     13130.5,
     8799.5
    ],
    "scene": "S1A_IW_GRDH_1SDV_20241230T225903_20241230T225928_057228_070A00_44C7_COG.SAFE",
    "t": "2024-12-30T22:59:03+00:00",
    "sensor": "sentinel1-vv-cfar",
    "uncertainty_m": 11.2
   }
  },
  {
   "type": "Feature",
   "geometry": {
    "type": "Point",
    "coordinates": [
     -75.31132154452993,
     39.058371221603565
    ]
   },
   "properties": {
    "confidence": 0.453,
    "snr": 9.05,
    "peak_dn": 90.0,
    "background_dn": 28.5,
    "sigma_dn": 6.79,
    "pixels": 6,
    "length_m_approx": 24.5,
    "pixel": [
     13256.0,
     10123.4
    ],
    "scene": "S1A_IW_GRDH_1SDV_20241230T225903_20241230T225928_057228_070A00_44C7_COG.SAFE",
    "t": "2024-12-30T22:59:03+00:00",
    "sensor": "sentinel1-vv-cfar",
    "uncertainty_m": 14.0
   }
  },
  {
   "type": "Feature",
   "geometry": {
    "type": "Point",
    "coordinates": [
     -75.22724926907348,
     38.967694504658745
    ]
   },
   "properties": {
    "confidence": 0.444,
    "snr": 8.88,
    "peak_dn": 96.0,
    "background_dn": 30.3,
    "sigma_dn": 7.4,
    "pixels": 4,
    "length_m_approx": 20.0,
    "pixel": [
     13797.5,
     9022.5
    ],
    "scene": "S1A_IW_GRDH_1SDV_20241230T225903_20241230T225928_057228_070A00_44C7_COG.SAFE",
    "t": "2024-12-30T22:59:03+00:00",
    "sensor": "sentinel1-vv-cfar",
    "uncertainty_m": 11.2
   }
  },
  {
   "type": "Feature",
   "geometry": {
    "type": "Point",
    "coordinates": [
     -75.22356105942008,
     38.93629188758768
    ]
   },
   "properties": {
    "confidence": 0.444,
    "snr": 8.88,
    "peak_dn": 119.0,
    "background_dn": 36.1,
    "sigma_dn": 9.33,
    "pixels": 5,
    "length_m_approx": 22.4,
    "pixel": [
     13768.2,
     8678.6
    ],
    "scene": "S1A_IW_GRDH_1SDV_20241230T225903_20241230T225928_057228_070A00_44C7_COG.SAFE",
    "t": "2024-12-30T22:59:03+00:00",
    "sensor": "sentinel1-vv-cfar",
    "uncertainty_m": 12.3
   }
  },
  {
   "type": "Feature",
   "geometry": {
    "type": "Point",
    "coordinates": [
     -75.29920351059062,
     38.93844135126942
    ]
   },
   "properties": {
    "confidence": 0.436,
    "snr": 8.71,
    "peak_dn": 180.0,
    "background_dn": 40.3,
    "sigma_dn": 16.04,
    "pixels": 8,
    "length_m_approx": 28.3,
    "pixel": [
     13126.2,
     8812.9
    ],
    "scene": "S1A_IW_GRDH_1SDV_20241230T225903_20241230T225928_057228_070A00_44C7_COG.SAFE",
    "t": "2024-12-30T22:59:03+00:00",
    "sensor": "sentinel1-vv-cfar",
    "uncertainty_m": 15.0
   }
  },
  {
   "type": "Feature",
   "geometry": {
    "type": "Point",
    "coordinates": [
     -75.23778181286694,
     39.00920655861351
    ]
   },
   "properties": {
    "confidence": 0.427,
    "snr": 8.54,
    "peak_dn": 109.0,
    "background_dn": 29.6,
    "sigma_dn": 9.29,
    "pixels": 2,
    "length_m_approx": 14.1,
    "pixel": [
     13788.0,
     9485.5
    ],
    "scene": "S1A_IW_GRDH_1SDV_20241230T225903_20241230T225928_057228_070A00_44C7_COG.SAFE",
    "t": "2024-12-30T22:59:03+00:00",
    "sensor": "sentinel1-vv-cfar",
    "uncertainty_m": 8.7
   }
  },
  {
   "type": "Feature",
   "geometry": {
    "type": "Point",
    "coordinates": [
     -75.24552400707114,
     39.050821688298036
    ]
   },
   "properties": {
    "confidence": 0.424,
    "snr": 8.49,
    "peak_dn": 79.0,
    "background_dn": 26.4,
    "sigma_dn": 6.2,
    "pixels": 4,
    "length_m_approx": 20.0,
    "pixel": [
     13802.5,
     9945.5
    ],
    "scene": "S1A_IW_GRDH_1SDV_20241230T225903_20241230T225928_057228_070A00_44C7_COG.SAFE",
    "t": "2024-12-30T22:59:03+00:00",
    "sensor": "sentinel1-vv-cfar",
    "uncertainty_m": 11.2
   }
  },
  {
   "type": "Feature",
   "geometry": {
    "type": "Point",
    "coordinates": [
     -75.16924251889226,
     38.94191135577639
    ]
   },
   "properties": {
    "confidence": 0.416,
    "snr": 8.32,
    "peak_dn": 268.0,
    "background_dn": 37.9,
    "sigma_dn": 27.65,
    "pixels": 2,
    "length_m_approx": 14.1,
    "pixel": [
     14243.0,
     8659.5
    ],
    "scene": "S1A_IW_GRDH_1SDV_20241230T225903_20241230T225928_057228_070A00_44C7_COG.SAFE",
    "t": "2024-12-30T22:59:03+00:00",
    "sensor": "sentinel1-vv-cfar",
    "uncertainty_m": 8.7
   }
  },
  {
   "type": "Feature",
   "geometry": {
    "type": "Point",
    "coordinates": [
     -75.24556922195626,
     39.05111237930886
    ]
   },
   "properties": {
    "confidence": 0.393,
    "snr": 7.86,
    "peak_dn": 75.0,
    "background_dn": 26.4,
    "sigma_dn": 6.18,
    "pixels": 3,
    "length_m_approx": 17.3,
    "pixel": [
     13802.7,
     9948.7
    ],
    "scene": "S1A_IW_GRDH_1SDV_20241230T225903_20241230T225928_057228_070A00_44C7_COG.SAFE",
    "t": "2024-12-30T22:59:03+00:00",
    "sensor": "sentinel1-vv-cfar",
    "uncertainty_m": 10.0
   }
  },
  {
   "type": "Feature",
   "geometry": {
    "type": "Point",
    "coordinates": [
     -75.18833827665016,
     38.96158231615306
    ]
   },
   "properties": {
    "confidence": 0.378,
    "snr": 7.56,
    "peak_dn": 149.0,
    "background_dn": 34.6,
    "sigma_dn": 15.14,
    "pixels": 2,
    "length_m_approx": 14.1,
    "pixel": [
     14118.0,
     8899.5
    ],
    "scene": "S1A_IW_GRDH_1SDV_20241230T225903_20241230T225928_057228_070A00_44C7_COG.SAFE",
    "t": "2024-12-30T22:59:03+00:00",
    "sensor": "sentinel1-vv-cfar",
    "uncertainty_m": 8.7
   }
  },
  {
   "type": "Feature",
   "geometry": {
    "type": "Point",
    "coordinates": [
     -75.31571227007433,
     39.04730236749937
    ]
   },
   "properties": {
    "confidence": 0.376,
    "snr": 7.51,
    "peak_dn": 90.0,
    "background_dn": 30.5,
    "sigma_dn": 7.93,
    "pixels": 2,
    "length_m_approx": 14.1,
    "pixel": [
     13197.0,
     10010.5
    ],
    "scene": "S1A_IW_GRDH_1SDV_20241230T225903_20241230T225928_057228_070A00_44C7_COG.SAFE",
    "t": "2024-12-30T22:59:03+00:00",
    "sensor": "sentinel1-vv-cfar",
    "uncertainty_m": 8.7
   }
  },
  {
   "type": "Feature",
   "geometry": {
    "type": "Point",
    "coordinates": [
     -75.19098552504101,
     38.96085653083683
    ]
   },
   "properties": {
    "confidence": 0.374,
    "snr": 7.48,
    "peak_dn": 140.0,
    "background_dn": 34.4,
    "sigma_dn": 14.13,
    "pixels": 2,
    "length_m_approx": 14.1,
    "pixel": [
     14094.0,
     8895.5
    ],
    "scene": "S1A_IW_GRDH_1SDV_20241230T225903_20241230T225928_057228_070A00_44C7_COG.SAFE",
    "t": "2024-12-30T22:59:03+00:00",
    "sensor": "sentinel1-vv-cfar",
    "uncertainty_m": 8.7
   }
  },
  {
   "type": "Feature",
   "geometry": {
    "type": "Point",
    "coordinates": [
     -75.28009202122908,
     39.012857166042686
    ]
   },
   "properties": {
    "confidence": 0.369,
    "snr": 7.38,
    "peak_dn": 82.0,
    "background_dn": 29.5,
    "sigma_dn": 7.12,
    "pixels": 5,
    "length_m_approx": 22.4,
    "pixel": [
     13434.0,
     9587.0
    ],
    "scene": "S1A_IW_GRDH_1SDV_20241230T225903_20241230T225928_057228_070A00_44C7_COG.SAFE",
    "t": "2024-12-30T22:59:03+00:00",
    "sensor": "sentinel1-vv-cfar",
    "uncertainty_m": 12.3
   }
  },
  {
   "type": "Feature",
   "geometry": {
    "type": "Point",
    "coordinates": [
     -75.3005285236454,
     38.93924593658238
    ]
   },
   "properties": {
    "confidence": 0.366,
    "snr": 7.32,
    "peak_dn": 178.0,
    "background_dn": 41.4,
    "sigma_dn": 18.66,
    "pixels": 4,
    "length_m_approx": 20.0,
    "pixel": [
     13116.5,
     8823.5
    ],
    "scene": "S1A_IW_GRDH_1SDV_20241230T225903_20241230T225928_057228_070A00_44C7_COG.SAFE",
    "t": "2024-12-30T22:59:03+00:00",
    "sensor": "sentinel1-vv-cfar",
    "uncertainty_m": 11.2
   }
  },
  {
   "type": "Feature",
   "geometry": {
    "type": "Point",
    "coordinates": [
     -75.16901478908014,
     38.94194035883111
    ]
   },
   "properties": {
    "confidence": 0.361,
    "snr": 7.22,
    "peak_dn": 242.0,
    "background_dn": 38.0,
    "sigma_dn": 28.25,
    "pixels": 2,
    "length_m_approx": 14.1,
    "pixel": [
     14245.0,
     8659.5
    ],
    "scene": "S1A_IW_GRDH_1SDV_20241230T225903_20241230T225928_057228_070A00_44C7_COG.SAFE",
    "t": "2024-12-30T22:59:03+00:00",
    "sensor": "sentinel1-vv-cfar",
    "uncertainty_m": 8.7
   }
  },
  {
   "type": "Feature",
   "geometry": {
    "type": "Point",
    "coordinates": [
     -75.18859863423643,
     38.96117944393308
    ]
   },
   "properties": {
    "confidence": 0.354,
    "snr": 7.08,
    "peak_dn": 133.0,
    "background_dn": 34.4,
    "sigma_dn": 13.93,
    "pixels": 2,
    "length_m_approx": 14.1,
    "pixel": [
     14115.0,
     8895.5
    ],
    "scene": "S1A_IW_GRDH_1SDV_20241230T225903_20241230T225928_057228_070A00_44C7_COG.SAFE",
    "t": "2024-12-30T22:59:03+00:00",
    "sensor": "sentinel1-vv-cfar",
    "uncertainty_m": 8.7
   }
  },
  {
   "type": "Feature",
   "geometry": {
    "type": "Point",
    "coordinates": [
     -75.34197377101312,
     39.051536684579645
    ]
   },
   "properties": {
    "confidence": 0.35,
    "snr": 7.01,
    "peak_dn": 103.0,
    "background_dn": 35.0,
    "sigma_dn": 9.71,
    "pixels": 3,
    "length_m_approx": 17.3,
    "pixel": [
     12981.3,
     10094.7
    ],
    "scene": "S1A_IW_GRDH_1SDV_20241230T225903_20241230T225928_057228_070A00_44C7_COG.SAFE",
    "t": "2024-12-30T22:59:03+00:00",
    "sensor": "sentinel1-vv-cfar",
    "uncertainty_m": 11.0
   }
  },
  {
   "type": "Feature",
   "geometry": {
    "type": "Point",
    "coordinates": [
     -75.22486507710437,
     38.938333762984996
    ]
   },
   "properties": {
    "confidence": 0.348,
    "snr": 6.96,
    "peak_dn": 105.0,
    "background_dn": 36.6,
    "sigma_dn": 9.83,
    "pixels": 2,
    "length_m_approx": 14.1,
    "pixel": [
     13761.0,
     8702.5
    ],
    "scene": "S1A_IW_GRDH_1SDV_20241230T225903_20241230T225928_057228_070A00_44C7_COG.SAFE",
    "t": "2024-12-30T22:59:03+00:00",
    "sensor": "sentinel1-vv-cfar",
    "uncertainty_m": 8.7
   }
  },
  {
   "type": "Feature",
   "geometry": {
    "type": "Point",
    "coordinates": [
     -75.33185082173962,
     39.06505203076372
    ]
   },
   "properties": {
    "confidence": 0.336,
    "snr": 6.72,
    "peak_dn": 78.0,
    "background_dn": 29.7,
    "sigma_dn": 7.19,
    "pixels": 2,
    "length_m_approx": 14.1,
    "pixel": [
     13094.0,
     10225.5
    ],
    "scene": "S1A_IW_GRDH_1SDV_20241230T225903_20241230T225928_057228_070A00_44C7_COG.SAFE",
    "t": "2024-12-30T22:59:03+00:00",
    "sensor": "sentinel1-vv-cfar",
    "uncertainty_m": 9.8
   }
  },
  {
   "type": "Feature",
   "geometry": {
    "type": "Point",
    "coordinates": [
     -75.31579395656154,
     39.04766102882692
    ]
   },
   "properties": {
    "confidence": 0.332,
    "snr": 6.64,
    "peak_dn": 83.0,
    "background_dn": 30.5,
    "sigma_dn": 7.9,
    "pixels": 2,
    "length_m_approx": 14.1,
    "pixel": [
     13197.0,
     10014.5
    ],
    "scene": "S1A_IW_GRDH_1SDV_20241230T225903_20241230T225928_057228_070A00_44C7_COG.SAFE",
    "t": "2024-12-30T22:59:03+00:00",
    "sensor": "sentinel1-vv-cfar",
    "uncertainty_m": 8.7
   }
  },
  {
   "type": "Feature",
   "geometry": {
    "type": "Point",
    "coordinates": [
     -75.19121213496794,
     38.96082319391779
    ]
   },
   "properties": {
    "confidence": 0.32,
    "snr": 6.39,
    "peak_dn": 130.0,
    "background_dn": 34.6,
    "sigma_dn": 14.92,
    "pixels": 2,
    "length_m_approx": 14.1,
    "pixel": [
     14092.0,
     8895.5
    ],
    "scene": "S1A_IW_GRDH_1SDV_20241230T225903_20241230T225928_057228_070A00_44C7_COG.SAFE",
    "t": "2024-12-30T22:59:03+00:00",
    "sensor": "sentinel1-vv-cfar",
    "uncertainty_m": 8.7
   }
  },
  {
   "type": "Feature",
   "geometry": {
    "type": "Point",
    "coordinates": [
     -75.23511528487761,
     39.00984791480646
    ]
   },
   "properties": {
    "confidence": 0.312,
    "snr": 6.24,
    "peak_dn": 86.0,
    "background_dn": 29.5,
    "sigma_dn": 9.05,
    "pixels": 2,
    "length_m_approx": 14.1,
    "pixel": [
     13812.0,
     9488.5
    ],
    "scene": "S1A_IW_GRDH_1SDV_20241230T225903_20241230T225928_057228_070A00_44C7_COG.SAFE",
    "t": "2024-12-30T22:59:03+00:00",
    "sensor": "sentinel1-vv-cfar",
    "uncertainty_m": 8.7
   }
  },
  {
   "type": "Feature",
   "geometry": {
    "type": "Point",
    "coordinates": [
     -75.28834870957762,
     39.02648741743584
    ]
   },
   "properties": {
    "confidence": 0.309,
    "snr": 6.18,
    "peak_dn": 72.0,
    "background_dn": 29.3,
    "sigma_dn": 6.91,
    "pixels": 3,
    "length_m_approx": 17.3,
    "pixel": [
     13390.0,
     9746.0
    ],
    "scene": "S1A_IW_GRDH_1SDV_20241230T225903_20241230T225928_057228_070A00_44C7_COG.SAFE",
    "t": "2024-12-30T22:59:03+00:00",
    "sensor": "sentinel1-vv-cfar",
    "uncertainty_m": 10.0
   }
  },
  {
   "type": "Feature",
   "geometry": {
    "type": "Point",
    "coordinates": [
     -75.18171267357171,
     39.0481848237202
    ]
   },
   "properties": {
    "confidence": 0.95,
    "snr": 70.75,
    "peak_dn": 659.0,
    "background_dn": 32.9,
    "sigma_dn": 8.85,
    "pixels": 47,
    "length_m_approx": 68.6,
    "pixel": [
     14341.6,
     9823.8
    ],
    "scene": "S1A_IW_GRDH_1SDV_20241230T225903_20241230T225928_057228_070A00_44C7_COG.SAFE",
    "t": "2024-12-30T22:59:03+00:00",
    "sensor": "sentinel1-vv-cfar",
    "uncertainty_m": 34.6
   }
  },
  {
   "type": "Feature",
   "geometry": {
    "type": "Point",
    "coordinates": [
     -75.11269059578478,
     38.9859761836309
    ]
   },
   "properties": {
    "confidence": 0.95,
    "snr": 45.81,
    "peak_dn": 490.0,
    "background_dn": 39.3,
    "sigma_dn": 9.84,
    "pixels": 126,
    "length_m_approx": 112.2,
    "pixel": [
     14810.5,
     9052.5
    ],
    "scene": "S1A_IW_GRDH_1SDV_20241230T225903_20241230T225928_057228_070A00_44C7_COG.SAFE",
    "t": "2024-12-30T22:59:03+00:00",
    "sensor": "sentinel1-vv-cfar",
    "uncertainty_m": 56.3
   }
  },
  {
   "type": "Feature",
   "geometry": {
    "type": "Point",
    "coordinates": [
     -75.15604581873298,
     39.03574179649786
    ]
   },
   "properties": {
    "confidence": 0.95,
    "snr": 39.46,
    "peak_dn": 378.0,
    "background_dn": 32.3,
    "sigma_dn": 8.76,
    "pixels": 19,
    "length_m_approx": 43.6,
    "pixel": [
     14536.4,
     9652.3
    ],
    "scene": "S1A_IW_GRDH_1SDV_20241230T225903_20241230T225928_057228_070A00_44C7_COG.SAFE",
    "t": "2024-12-30T22:59:03+00:00",
    "sensor": "sentinel1-vv-cfar",
    "uncertainty_m": 22.4
   }
  },
  {
   "type": "Feature",
   "geometry": {
    "type": "Point",
    "coordinates": [
     -74.97348927702564,
     39.00884187897478
    ]
   },
   "properties": {
    "confidence": 0.95,
    "snr": 27.74,
    "peak_dn": 286.0,
    "background_dn": 37.5,
    "sigma_dn": 8.96,
    "pixels": 22,
    "length_m_approx": 46.9,
    "pixel": [
     16042.1,
     9097.6
    ],
    "scene": "S1A_IW_GRDH_1SDV_20241230T225903_20241230T225928_057228_070A00_44C7_COG.SAFE",
    "t": "2024-12-30T22:59:03+00:00",
    "sensor": "sentinel1-vv-cfar",
    "uncertainty_m": 24.0
   }
  },
  {
   "type": "Feature",
   "geometry": {
    "type": "Point",
    "coordinates": [
     -75.12632273795616,
     38.98096100936711
    ]
   },
   "properties": {
    "confidence": 0.95,
    "snr": 19.74,
    "peak_dn": 199.0,
    "background_dn": 33.6,
    "sigma_dn": 8.38,
    "pixels": 15,
    "length_m_approx": 38.7,
    "pixel": [
     14684.6,
     9018.2
    ],
    "scene": "S1A_IW_GRDH_1SDV_20241230T225903_20241230T225928_057228_070A00_44C7_COG.SAFE",
    "t": "2024-12-30T22:59:03+00:00",
    "sensor": "sentinel1-vv-cfar",
    "uncertainty_m": 20.0
   }
  },
  {
   "type": "Feature",
   "geometry": {
    "type": "Point",
    "coordinates": [
     -75.10428184100991,
     38.94019679701539
    ]
   },
   "properties": {
    "confidence": 0.95,
    "snr": 19.52,
    "peak_dn": 228.0,
    "background_dn": 39.8,
    "sigma_dn": 9.64,
    "pixels": 19,
    "length_m_approx": 43.6,
    "pixel": [
     14794.3,
     8546.4
    ],
    "scene": "S1A_IW_GRDH_1SDV_20241230T225903_20241230T225928_057228_070A00_44C7_COG.SAFE",
    "t": "2024-12-30T22:59:03+00:00",
    "sensor": "sentinel1-vv-cfar",
    "uncertainty_m": 22.4
   }
  },
  {
   "type": "Feature",
   "geometry": {
    "type": "Point",
    "coordinates": [
     -74.9789769607992,
     38.966300438233304
    ]
   },
   "properties": {
    "confidence": 0.917,
    "snr": 18.33,
    "peak_dn": 186.0,
    "background_dn": 35.2,
    "sigma_dn": 8.23,
    "pixels": 9,
    "length_m_approx": 30.0,
    "pixel": [
     15914.2,
     8646.3
    ],
    "scene": "S1A_IW_GRDH_1SDV_20241230T225903_20241230T225928_057228_070A00_44C7_COG.SAFE",
    "t": "2024-12-30T22:59:03+00:00",
    "sensor": "sentinel1-vv-cfar",
    "uncertainty_m": 15.8
   }
  },
  {
   "type": "Feature",
   "geometry": {
    "type": "Point",
    "coordinates": [
     -75.13973216736576,
     39.005279264925264
    ]
   },
   "properties": {
    "confidence": 0.869,
    "snr": 17.37,
    "peak_dn": 174.0,
    "background_dn": 32.3,
    "sigma_dn": 8.16,
    "pixels": 9,
    "length_m_approx": 30.0,
    "pixel": [
     14616.9,
     9300.0
    ],
    "scene": "S1A_IW_GRDH_1SDV_20241230T225903_20241230T225928_057228_070A00_44C7_COG.SAFE",
    "t": "2024-12-30T22:59:03+00:00",
    "sensor": "sentinel1-vv-cfar",
    "uncertainty_m": 15.8
   }
  },
  {
   "type": "Feature",
   "geometry": {
    "type": "Point",
    "coordinates": [
     -75.10416493936077,
     38.93972114945924
    ]
   },
   "properties": {
    "confidence": 0.819,
    "snr": 16.39,
    "peak_dn": 197.0,
    "background_dn": 39.7,
    "sigma_dn": 9.6,
    "pixels": 9,
    "length_m_approx": 30.0,
    "pixel": [
     14794.4,
     8541.1
    ],
    "scene": "S1A_IW_GRDH_1SDV_20241230T225903_20241230T225928_057228_070A00_44C7_COG.SAFE",
    "t": "2024-12-30T22:59:03+00:00",
    "sensor": "sentinel1-vv-cfar",
    "uncertainty_m": 15.8
   }
  },
  {
   "type": "Feature",
   "geometry": {
    "type": "Point",
    "coordinates": [
     -74.99740140010518,
     39.086935005983584
    ]
   },
   "properties": {
    "confidence": 0.752,
    "snr": 15.05,
    "peak_dn": 209.0,
    "background_dn": 43.2,
    "sigma_dn": 11.02,
    "pixels": 8,
    "length_m_approx": 28.3,
    "pixel": [
     15986.9,
     9974.9
    ],
    "scene": "S1A_IW_GRDH_1SDV_20241230T225903_20241230T225928_057228_070A00_44C7_COG.SAFE",
    "t": "2024-12-30T22:59:03+00:00",
    "sensor": "sentinel1-vv-cfar",
    "uncertainty_m": 15.0
   }
  },
  {
   "type": "Feature",
   "geometry": {
    "type": "Point",
    "coordinates": [
     -75.09857687647069,
     38.92118585184377
    ]
   },
   "properties": {
    "confidence": 0.641,
    "snr": 12.82,
    "peak_dn": 183.0,
    "background_dn": 44.3,
    "sigma_dn": 10.82,
    "pixels": 11,
    "length_m_approx": 33.2,
    "pixel": [
     14806.5,
     8333.1
    ],
    "scene": "S1A_IW_GRDH_1SDV_20241230T225903_20241230T225928_057228_070A00_44C7_COG.SAFE",
    "t": "2024-12-30T22:59:03+00:00",
    "sensor": "sentinel1-vv-cfar",
    "uncertainty_m": 17.3
   }
  },
  {
   "type": "Feature",
   "geometry": {
    "type": "Point",
    "coordinates": [
     -75.09959226412748,
     38.92227891913833
    ]
   },
   "properties": {
    "confidence": 0.621,
    "snr": 12.42,
    "peak_dn": 176.0,
    "background_dn": 43.8,
    "sigma_dn": 10.64,
    "pixels": 9,
    "length_m_approx": 30.0,
    "pixel": [
     14799.9,
     8346.3
    ],
    "scene": "S1A_IW_GRDH_1SDV_20241230T225903_20241230T225928_057228_070A00_44C7_COG.SAFE",
    "t": "2024-12-30T22:59:03+00:00",
    "sensor": "sentinel1-vv-cfar",
    "uncertainty_m": 15.8
   }
  },
  {
   "type": "Feature",
   "geometry": {
    "type": "Point",
    "coordinates": [
     -75.08851735851613,
     39.012391750535215
    ]
   },
   "properties": {
    "confidence": 0.554,
    "snr": 11.09,
    "peak_dn": 117.0,
    "background_dn": 31.8,
    "sigma_dn": 7.69,
    "pixels": 15,
    "length_m_approx": 38.7,
    "pixel": [
     15067.5,
     9302.2
    ],
    "scene": "S1A_IW_GRDH_1SDV_20241230T225903_20241230T225928_057228_070A00_44C7_COG.SAFE",
    "t": "2024-12-30T22:59:03+00:00",
    "sensor": "sentinel1-vv-cfar",
    "uncertainty_m": 20.0
   }
  },
  {
   "type": "Feature",
   "geometry": {
    "type": "Point",
    "coordinates": [
     -74.96619472537498,
     39.011525627718896
    ]
   },
   "properties": {
    "confidence": 0.418,
    "snr": 8.36,
    "peak_dn": 109.0,
    "background_dn": 36.7,
    "sigma_dn": 8.65,
    "pixels": 2,
    "length_m_approx": 14.1,
    "pixel": [
     16109.5,
     9116.0
    ],
    "scene": "S1A_IW_GRDH_1SDV_20241230T225903_20241230T225928_057228_070A00_44C7_COG.SAFE",
    "t": "2024-12-30T22:59:03+00:00",
    "sensor": "sentinel1-vv-cfar",
    "uncertainty_m": 8.7
   }
  },
  {
   "type": "Feature",
   "geometry": {
    "type": "Point",
    "coordinates": [
     -75.09966315447656,
     38.92265451521704
    ]
   },
   "properties": {
    "confidence": 0.353,
    "snr": 7.07,
    "peak_dn": 119.0,
    "background_dn": 43.8,
    "sigma_dn": 10.64,
    "pixels": 2,
    "length_m_approx": 14.1,
    "pixel": [
     14800.0,
     8350.5
    ],
    "scene": "S1A_IW_GRDH_1SDV_20241230T225903_20241230T225928_057228_070A00_44C7_COG.SAFE",
    "t": "2024-12-30T22:59:03+00:00",
    "sensor": "sentinel1-vv-cfar",
    "uncertainty_m": 8.7
   }
  },
  {
   "type": "Feature",
   "geometry": {
    "type": "Point",
    "coordinates": [
     -74.8071069185068,
     38.94776610188709
    ]
   },
   "properties": {
    "confidence": 0.95,
    "snr": 22.66,
    "peak_dn": 290.0,
    "background_dn": 43.3,
    "sigma_dn": 10.89,
    "pixels": 25,
    "length_m_approx": 50.0,
    "pixel": [
     17346.7,
     8199.3
    ],
    "scene": "S1A_IW_GRDH_1SDV_20241230T225903_20241230T225928_057228_070A00_44C7_COG.SAFE",
    "t": "2024-12-30T22:59:03+00:00",
    "sensor": "sentinel1-vv-cfar",
    "uncertainty_m": 25.4
   }
  },
  {
   "type": "Feature",
   "geometry": {
    "type": "Point",
    "coordinates": [
     -74.74585235462524,
     39.00342010454541
    ]
   },
   "properties": {
    "confidence": 0.881,
    "snr": 17.62,
    "peak_dn": 194.0,
    "background_dn": 36.1,
    "sigma_dn": 8.96,
    "pixels": 24,
    "length_m_approx": 49.0,
    "pixel": [
     17974.5,
     8712.7
    ],
    "scene": "S1A_IW_GRDH_1SDV_20241230T225903_20241230T225928_057228_070A00_44C7_COG.SAFE",
    "t": "2024-12-30T22:59:03+00:00",
    "sensor": "sentinel1-vv-cfar",
    "uncertainty_m": 24.9
   }
  },
  {
   "type": "Feature",
   "geometry": {
    "type": "Point",
    "coordinates": [
     -74.78525658847349,
     38.96646937452962
    ]
   },
   "properties": {
    "confidence": 0.669,
    "snr": 13.38,
    "peak_dn": 194.0,
    "background_dn": 46.0,
    "sigma_dn": 11.06,
    "pixels": 11,
    "length_m_approx": 33.2,
    "pixel": [
     17568.6,
     8370.0
    ],
    "scene": "S1A_IW_GRDH_1SDV_20241230T225903_20241230T225928_057228_070A00_44C7_COG.SAFE",
    "t": "2024-12-30T22:59:03+00:00",
    "sensor": "sentinel1-vv-cfar",
    "uncertainty_m": 17.2
   }
  },
  {
   "type": "Feature",
   "geometry": {
    "type": "Point",
    "coordinates": [
     -74.74714146056293,
     39.00497163409477
    ]
   },
   "properties": {
    "confidence": 0.497,
    "snr": 9.94,
    "peak_dn": 128.0,
    "background_dn": 36.4,
    "sigma_dn": 9.21,
    "pixels": 7,
    "length_m_approx": 26.5,
    "pixel": [
     17966.4,
     8731.3
    ],
    "scene": "S1A_IW_GRDH_1SDV_20241230T225903_20241230T225928_057228_070A00_44C7_COG.SAFE",
    "t": "2024-12-30T22:59:03+00:00",
    "sensor": "sentinel1-vv-cfar",
    "uncertainty_m": 14.0
   }
  },
  {
   "type": "Feature",
   "geometry": {
    "type": "Point",
    "coordinates": [
     -74.71655187248065,
     39.041669982310495
    ]
   },
   "properties": {
    "confidence": 0.422,
    "snr": 8.44,
    "peak_dn": 82.0,
    "background_dn": 27.4,
    "sigma_dn": 6.47,
    "pixels": 6,
    "length_m_approx": 24.5,
    "pixel": [
     18296.3,
     9084.5
    ],
    "scene": "S1A_IW_GRDH_1SDV_20241230T225903_20241230T225928_057228_070A00_44C7_COG.SAFE",
    "t": "2024-12-30T22:59:03+00:00",
    "sensor": "sentinel1-vv-cfar",
    "uncertainty_m": 13.0
   }
  },
  {
   "type": "Feature",
   "geometry": {
    "type": "Point",
    "coordinates": [
     -74.69827647088013,
     38.99727604206567
    ]
   },
   "properties": {
    "confidence": 0.418,
    "snr": 8.37,
    "peak_dn": 122.0,
    "background_dn": 39.7,
    "sigma_dn": 9.84,
    "pixels": 4,
    "length_m_approx": 20.0,
    "pixel": [
     18369.2,
     8579.0
    ],
    "scene": "S1A_IW_GRDH_1SDV_20241230T225903_20241230T225928_057228_070A00_44C7_COG.SAFE",
    "t": "2024-12-30T22:59:03+00:00",
    "sensor": "sentinel1-vv-cfar",
    "uncertainty_m": 11.0
   }
  },
  {
   "type": "Feature",
   "geometry": {
    "type": "Point",
    "coordinates": [
     -74.83011635727458,
     38.95455577406874
    ]
   },
   "properties": {
    "confidence": 0.332,
    "snr": 6.65,
    "peak_dn": 129.0,
    "background_dn": 49.9,
    "sigma_dn": 11.9,
    "pixels": 2,
    "length_m_approx": 14.1,
    "pixel": [
     17163.0,
     8305.5
    ],
    "scene": "S1A_IW_GRDH_1SDV_20241230T225903_20241230T225928_057228_070A00_44C7_COG.SAFE",
    "t": "2024-12-30T22:59:03+00:00",
    "sensor": "sentinel1-vv-cfar",
    "uncertainty_m": 8.4
   }
  },
  {
   "type": "Feature",
   "geometry": {
    "type": "Point",
    "coordinates": [
     -74.57431897626165,
     39.06712546796881
    ]
   },
   "properties": {
    "confidence": 0.95,
    "snr": 103.76,
    "peak_dn": 1013.0,
    "background_dn": 33.3,
    "sigma_dn": 9.44,
    "pixels": 165,
    "length_m_approx": 128.5,
    "pixel": [
     19557.7,
     9158.9
    ],
    "scene": "S1A_IW_GRDH_1SDV_20241230T225903_20241230T225928_057228_070A00_44C7_COG.SAFE",
    "t": "2024-12-30T22:59:03+00:00",
    "sensor": "sentinel1-vv-cfar",
    "uncertainty_m": 64.4
   }
  },
  {
   "type": "Feature",
   "geometry": {
    "type": "Point",
    "coordinates": [
     -74.56511648820066,
     39.089888337683796
    ]
   },
   "properties": {
    "confidence": 0.95,
    "snr": 57.98,
    "peak_dn": 370.0,
    "background_dn": 23.3,
    "sigma_dn": 5.98,
    "pixels": 22,
    "length_m_approx": 46.9,
    "pixel": [
     19678.5,
     9392.1
    ],
    "scene": "S1A_IW_GRDH_1SDV_20241230T225903_20241230T225928_057228_070A00_44C7_COG.SAFE",
    "t": "2024-12-30T22:59:03+00:00",
    "sensor": "sentinel1-vv-cfar",
    "uncertainty_m": 24.0
   }
  },
  {
   "type": "Feature",
   "geometry": {
    "type": "Point",
    "coordinates": [
     -74.676447513059,
     39.11825372703039
    ]
   },
   "properties": {
    "confidence": 0.95,
    "snr": 53.06,
    "peak_dn": 387.0,
    "background_dn": 27.4,
    "sigma_dn": 6.78,
    "pixels": 21,
    "length_m_approx": 45.8,
    "pixel": [
     18781.6,
     9855.4
    ],
    "scene": "S1A_IW_GRDH_1SDV_20241230T225903_20241230T225928_057228_070A00_44C7_COG.SAFE",
    "t": "2024-12-30T22:59:03+00:00",
    "sensor": "sentinel1-vv-cfar",
    "uncertainty_m": 23.3
   }
  },
  {
   "type": "Feature",
   "geometry": {
    "type": "Point",
    "coordinates": [
     -74.6961373709949,
     39.098052481868
    ]
   },
   "properties": {
    "confidence": 0.95,
    "snr": 19.02,
    "peak_dn": 174.0,
    "background_dn": 29.3,
    "sigma_dn": 7.61,
    "pixels": 9,
    "length_m_approx": 30.0,
    "pixel": [
     18576.0,
     9664.9
    ],
    "scene": "S1A_IW_GRDH_1SDV_20241230T225903_20241230T225928_057228_070A00_44C7_COG.SAFE",
    "t": "2024-12-30T22:59:03+00:00",
    "sensor": "sentinel1-vv-cfar",
    "uncertainty_m": 15.7
   }
  },
  {
   "type": "Feature",
   "geometry": {
    "type": "Point",
    "coordinates": [
     -74.68621234597559,
     39.109658873292005
    ]
   },
   "properties": {
    "confidence": 0.812,
    "snr": 16.24,
    "peak_dn": 137.0,
    "background_dn": 27.9,
    "sigma_dn": 6.72,
    "pixels": 13,
    "length_m_approx": 36.1,
    "pixel": [
     18682.3,
     9776.3
    ],
    "scene": "S1A_IW_GRDH_1SDV_20241230T225903_20241230T225928_057228_070A00_44C7_COG.SAFE",
    "t": "2024-12-30T22:59:03+00:00",
    "sensor": "sentinel1-vv-cfar",
    "uncertainty_m": 18.6
   }
  },
  {
   "type": "Feature",
   "geometry": {
    "type": "Point",
    "coordinates": [
     -74.63527634252355,
     39.121261538706
    ]
   },
   "properties": {
    "confidence": 0.654,
    "snr": 13.09,
    "peak_dn": 92.0,
    "background_dn": 22.4,
    "sigma_dn": 5.32,
    "pixels": 12,
    "length_m_approx": 34.6,
    "pixel": [
     19138.4,
     9829.7
    ],
    "scene": "S1A_IW_GRDH_1SDV_20241230T225903_20241230T225928_057228_070A00_44C7_COG.SAFE",
    "t": "2024-12-30T22:59:03+00:00",
    "sensor": "sentinel1-vv-cfar",
    "uncertainty_m": 17.9
   }
  },
  {
   "type": "Feature",
   "geometry": {
    "type": "Point",
    "coordinates": [
     -74.57532526560372,
     39.068196455299415
    ]
   },
   "properties": {
    "confidence": 0.484,
    "snr": 9.69,
    "peak_dn": 120.0,
    "background_dn": 32.6,
    "sigma_dn": 9.03,
    "pixels": 17,
    "length_m_approx": 41.2,
    "pixel": [
     19551.1,
     9171.8
    ],
    "scene": "S1A_IW_GRDH_1SDV_20241230T225903_20241230T225928_057228_070A00_44C7_COG.SAFE",
    "t": "2024-12-30T22:59:03+00:00",
    "sensor": "sentinel1-vv-cfar",
    "uncertainty_m": 21.2
   }
  },
  {
   "type": "Feature",
   "geometry": {
    "type": "Point",
    "coordinates": [
     -74.70203754780027,
     39.061335747016734
    ]
   },
   "properties": {
    "confidence": 0.4,
    "snr": 8.0,
    "peak_dn": 105.0,
    "background_dn": 35.3,
    "sigma_dn": 8.71,
    "pixels": 2,
    "length_m_approx": 14.1,
    "pixel": [
     18457.0,
     9276.5
    ],
    "scene": "S1A_IW_GRDH_1SDV_20241230T225903_20241230T225928_057228_070A00_44C7_COG.SAFE",
    "t": "2024-12-30T22:59:03+00:00",
    "sensor": "sentinel1-vv-cfar",
    "uncertainty_m": 8.4
   }
  },
  {
   "type": "Feature",
   "geometry": {
    "type": "Point",
    "coordinates": [
     -74.57410946309045,
     39.06633386203109
    ]
   },
   "properties": {
    "confidence": 0.386,
    "snr": 7.72,
    "peak_dn": 114.0,
    "background_dn": 33.5,
    "sigma_dn": 10.42,
    "pixels": 3,
    "length_m_approx": 17.3,
    "pixel": [
     19558.0,
     9150.0
    ],
    "scene": "S1A_IW_GRDH_1SDV_20241230T225903_20241230T225928_057228_070A00_44C7_COG.SAFE",
    "t": "2024-12-30T22:59:03+00:00",
    "sensor": "sentinel1-vv-cfar",
    "uncertainty_m": 10.0
   }
  },
  {
   "type": "Feature",
   "geometry": {
    "type": "Point",
    "coordinates": [
     -74.66181074184603,
     39.02662725525364
    ]
   },
   "properties": {
    "confidence": 0.334,
    "snr": 6.68,
    "peak_dn": 98.0,
    "background_dn": 36.8,
    "sigma_dn": 9.15,
    "pixels": 2,
    "length_m_approx": 14.1,
    "pixel": [
     18735.5,
     8844.5
    ],
    "scene": "S1A_IW_GRDH_1SDV_20241230T225903_20241230T225928_057228_070A00_44C7_COG.SAFE",
    "t": "2024-12-30T22:59:03+00:00",
    "sensor": "sentinel1-vv-cfar",
    "uncertainty_m": 8.4
   }
  },
  {
   "type": "Feature",
   "geometry": {
    "type": "Point",
    "coordinates": [
     -74.2362874433229,
     39.026552599678666
    ]
   },
   "properties": {
    "confidence": 0.524,
    "snr": 10.47,
    "peak_dn": 124.0,
    "background_dn": 35.0,
    "sigma_dn": 8.5,
    "pixels": 15,
    "length_m_approx": 38.7,
    "pixel": [
     22368.9,
     8249.7
    ],
    "scene": "S1A_IW_GRDH_1SDV_20241230T225903_20241230T225928_057228_070A00_44C7_COG.SAFE",
    "t": "2024-12-30T22:59:03+00:00",
    "sensor": "sentinel1-vv-cfar",
    "uncertainty_m": 20.0
   }
  },
  {
   "type": "Feature",
   "geometry": {
    "type": "Point",
    "coordinates": [
     -74.26053042996207,
     39.09883469713209
    ]
   },
   "properties": {
    "confidence": 0.41,
    "snr": 8.21,
    "peak_dn": 111.0,
    "background_dn": 37.0,
    "sigma_dn": 9.01,
    "pixels": 6,
    "length_m_approx": 24.5,
    "pixel": [
     22293.5,
     9065.5
    ],
    "scene": "S1A_IW_GRDH_1SDV_20241230T225903_20241230T225928_057228_070A00_44C7_COG.SAFE",
    "t": "2024-12-30T22:59:03+00:00",
    "sensor": "sentinel1-vv-cfar",
    "uncertainty_m": 13.2
   }
  },
  {
   "type": "Feature",
   "geometry": {
    "type": "Point",
    "coordinates": [
     -74.45241535950242,
     39.164409591216796
    ]
   },
   "properties": {
    "confidence": 0.335,
    "snr": 6.69,
    "peak_dn": 98.0,
    "background_dn": 36.2,
    "sigma_dn": 9.23,
    "pixels": 2,
    "length_m_approx": 14.1,
    "pixel": [
     20777.0,
     10040.5
    ],
    "scene": "S1A_IW_GRDH_1SDV_20241230T225903_20241230T225928_057228_070A00_44C7_COG.SAFE",
    "t": "2024-12-30T22:59:03+00:00",
    "sensor": "sentinel1-vv-cfar",
    "uncertainty_m": 10.7
   }
  },
  {
   "type": "Feature",
   "geometry": {
    "type": "Point",
    "coordinates": [
     -74.26542988430774,
     39.05012953822443
    ]
   },
   "properties": {
    "confidence": 0.327,
    "snr": 6.53,
    "peak_dn": 96.0,
    "background_dn": 36.9,
    "sigma_dn": 9.04,
    "pixels": 3,
    "length_m_approx": 17.3,
    "pixel": [
     22163.0,
     8545.0
    ],
    "scene": "S1A_IW_GRDH_1SDV_20241230T225903_20241230T225928_057228_070A00_44C7_COG.SAFE",
    "t": "2024-12-30T22:59:03+00:00",
    "sensor": "sentinel1-vv-cfar",
    "uncertainty_m": 10.0
   }
  },
  {
   "type": "Feature",
   "geometry": {
    "type": "Point",
    "coordinates": [
     -74.23696566943708,
     39.138161548091546
    ]
   },
   "properties": {
    "confidence": 0.826,
    "snr": 16.53,
    "peak_dn": 198.0,
    "background_dn": 39.9,
    "sigma_dn": 9.56,
    "pixels": 22,
    "length_m_approx": 46.9,
    "pixel": [
     22566.0,
     9458.9
    ],
    "scene": "S1A_IW_GRDH_1SDV_20241230T225903_20241230T225928_057228_070A00_44C7_COG.SAFE",
    "t": "2024-12-30T22:59:03+00:00",
    "sensor": "sentinel1-vv-cfar",
    "uncertainty_m": 24.0
   }
  },
  {
   "type": "Feature",
   "geometry": {
    "type": "Point",
    "coordinates": [
     -74.10652782032646,
     39.20483384825228
    ]
   },
   "properties": {
    "confidence": 0.456,
    "snr": 9.12,
    "peak_dn": 128.0,
    "background_dn": 40.2,
    "sigma_dn": 9.64,
    "pixels": 9,
    "length_m_approx": 30.0,
    "pixel": [
     23798.6,
     10002.8
    ],
    "scene": "S1A_IW_GRDH_1SDV_20241230T225903_20241230T225928_057228_070A00_44C7_COG.SAFE",
    "t": "2024-12-30T22:59:03+00:00",
    "sensor": "sentinel1-vv-cfar",
    "uncertainty_m": 15.8
   }
  },
  {
   "type": "Feature",
   "geometry": {
    "type": "Point",
    "coordinates": [
     -74.24857555731364,
     39.17528790216828
    ]
   },
   "properties": {
    "confidence": 0.436,
    "snr": 8.73,
    "peak_dn": 125.0,
    "background_dn": 40.2,
    "sigma_dn": 9.72,
    "pixels": 5,
    "length_m_approx": 22.4,
    "pixel": [
     22534.4,
     9876.8
    ],
    "scene": "S1A_IW_GRDH_1SDV_20241230T225903_20241230T225928_057228_070A00_44C7_COG.SAFE",
    "t": "2024-12-30T22:59:03+00:00",
    "sensor": "sentinel1-vv-cfar",
    "uncertainty_m": 12.2
   }
  },
  {
   "type": "Feature",
   "geometry": {
    "type": "Point",
    "coordinates": [
     -76.42439189137815,
     38.92925525376243
    ]
   },
   "properties": {
    "confidence": 0.95,
    "snr": 95.59,
    "peak_dn": 2024.0,
    "background_dn": 84.0,
    "sigma_dn": 20.29,
    "pixels": 95,
    "length_m_approx": 97.5,
    "pixel": [
     3512.8,
     10425.9
    ],
    "scene": "S1A_IW_GRDH_1SDV_20241230T225903_20241230T225928_057228_070A00_44C7_COG.SAFE",
    "t": "2024-12-30T22:59:03+00:00",
    "sensor": "sentinel1-vv-cfar",
    "uncertainty_m": 55.1
   }
  },
  {
   "type": "Feature",
   "geometry": {
    "type": "Point",
    "coordinates": [
     -76.39819480329427,
     39.05929743824124
    ]
   },
   "properties": {
    "confidence": 0.95,
    "snr": 24.65,
    "peak_dn": 567.0,
    "background_dn": 81.7,
    "sigma_dn": 19.69,
    "pixels": 16,
    "length_m_approx": 40.0,
    "pixel": [
     4004.3,
     11780.2
    ],
    "scene": "S1A_IW_GRDH_1SDV_20241230T225903_20241230T225928_057228_070A00_44C7_COG.SAFE",
    "t": "2024-12-30T22:59:03+00:00",
    "sensor": "sentinel1-vv-cfar",
    "uncertainty_m": 32.6
   }
  },
  {
   "type": "Feature",
   "geometry": {
    "type": "Point",
    "coordinates": [
     -76.43706539755992,
     38.98687315588191
    ]
   },
   "properties": {
    "confidence": 0.95,
    "snr": 20.26,
    "peak_dn": 295.0,
    "background_dn": 51.2,
    "sigma_dn": 12.03,
    "pixels": 9,
    "length_m_approx": 30.0,
    "pixel": [
     3523.9,
     11063.9
    ],
    "scene": "S1A_IW_GRDH_1SDV_20241230T225903_20241230T225928_057228_070A00_44C7_COG.SAFE",
    "t": "2024-12-30T22:59:03+00:00",
    "sensor": "sentinel1-vv-cfar",
    "uncertainty_m": 29.8
   }
  },
  {
   "type": "Feature",
   "geometry": {
    "type": "Point",
    "coordinates": [
     -76.44595577147115,
     38.9637045762619
    ]
   },
   "properties": {
    "confidence": 0.789,
    "snr": 15.78,
    "peak_dn": 239.0,
    "background_dn": 50.6,
    "sigma_dn": 11.94,
    "pixels": 9,
    "length_m_approx": 30.0,
    "pixel": [
     3400.2,
     10829.4
    ],
    "scene": "S1A_IW_GRDH_1SDV_20241230T225903_20241230T225928_057228_070A00_44C7_COG.SAFE",
    "t": "2024-12-30T22:59:03+00:00",
    "sensor": "sentinel1-vv-cfar",
    "uncertainty_m": 29.8
   }
  },
  {
   "type": "Feature",
   "geometry": {
    "type": "Point",
    "coordinates": [
     -76.38724077029823,
     38.98327721544679
    ]
   },
   "properties": {
    "confidence": 0.683,
    "snr": 13.65,
    "peak_dn": 376.0,
    "background_dn": 85.6,
    "sigma_dn": 21.27,
    "pixels": 6,
    "length_m_approx": 24.5,
    "pixel": [
     3941.2,
     10947.2
    ],
    "scene": "S1A_IW_GRDH_1SDV_20241230T225903_20241230T225928_057228_070A00_44C7_COG.SAFE",
    "t": "2024-12-30T22:59:03+00:00",
    "sensor": "sentinel1-vv-cfar",
    "uncertainty_m": 28.5
   }
  },
  {
   "type": "Feature",
   "geometry": {
    "type": "Point",
    "coordinates": [
     -76.45159835668676,
     38.96680718237651
    ]
   },
   "properties": {
    "confidence": 0.505,
    "snr": 10.09,
    "peak_dn": 179.0,
    "background_dn": 51.2,
    "sigma_dn": 12.66,
    "pixels": 4,
    "length_m_approx": 20.0,
    "pixel": [
     3358.5,
     10871.5
    ],
    "scene": "S1A_IW_GRDH_1SDV_20241230T225903_20241230T225928_057228_070A00_44C7_COG.SAFE",
    "t": "2024-12-30T22:59:03+00:00",
    "sensor": "sentinel1-vv-cfar",
    "uncertainty_m": 27.6
   }
  },
  {
   "type": "Feature",
   "geometry": {
    "type": "Point",
    "coordinates": [
     -76.40567510954253,
     39.10221219415385
    ]
   },
   "properties": {
    "confidence": 0.503,
    "snr": 10.06,
    "peak_dn": 241.0,
    "background_dn": 68.3,
    "sigma_dn": 17.16,
    "pixels": 6,
    "length_m_approx": 24.5,
    "pixel": [
     4029.3,
     12252.5
    ],
    "scene": "S1A_IW_GRDH_1SDV_20241230T225903_20241230T225928_057228_070A00_44C7_COG.SAFE",
    "t": "2024-12-30T22:59:03+00:00",
    "sensor": "sentinel1-vv-cfar",
    "uncertainty_m": 28.5
   }
  },
  {
   "type": "Feature",
   "geometry": {
    "type": "Point",
    "coordinates": [
     -76.42845363101112,
     38.95878056875077
    ]
   },
   "properties": {
    "confidence": 0.391,
    "snr": 7.82,
    "peak_dn": 218.0,
    "background_dn": 63.8,
    "sigma_dn": 19.72,
    "pixels": 4,
    "length_m_approx": 20.0,
    "pixel": [
     3539.2,
     10749.0
    ],
    "scene": "S1A_IW_GRDH_1SDV_20241230T225903_20241230T225928_057228_070A00_44C7_COG.SAFE",
    "t": "2024-12-30T22:59:03+00:00",
    "sensor": "sentinel1-vv-cfar",
    "uncertainty_m": 27.6
   }
  },
  {
   "type": "Feature",
   "geometry": {
    "type": "Point",
    "coordinates": [
     -76.38264269296289,
     39.03718373570117
    ]
   },
   "properties": {
    "confidence": 0.373,
    "snr": 7.45,
    "peak_dn": 182.0,
    "background_dn": 55.3,
    "sigma_dn": 17.0,
    "pixels": 3,
    "length_m_approx": 17.3,
    "pixel": [
     4091.3,
     11518.6
    ],
    "scene": "S1A_IW_GRDH_1SDV_20241230T225903_20241230T225928_057228_070A00_44C7_COG.SAFE",
    "t": "2024-12-30T22:59:03+00:00",
    "sensor": "sentinel1-vv-cfar",
    "uncertainty_m": 27.1
   }
  },
  {
   "type": "Feature",
   "geometry": {
    "type": "Point",
    "coordinates": [
     -76.38550088844342,
     39.00610403533092
    ]
   },
   "properties": {
    "confidence": 0.366,
    "snr": 7.31,
    "peak_dn": 185.0,
    "background_dn": 54.7,
    "sigma_dn": 17.82,
    "pixels": 2,
    "length_m_approx": 14.1,
    "pixel": [
     4003.0,
     11189.5
    ],
    "scene": "S1A_IW_GRDH_1SDV_20241230T225903_20241230T225928_057228_070A00_44C7_COG.SAFE",
    "t": "2024-12-30T22:59:03+00:00",
    "sensor": "sentinel1-vv-cfar",
    "uncertainty_m": 26.7
   }
  },
  {
   "type": "Feature",
   "geometry": {
    "type": "Point",
    "coordinates": [
     -76.4412382148808,
     38.94475831752669
    ]
   },
   "properties": {
    "confidence": 0.336,
    "snr": 6.72,
    "peak_dn": 189.0,
    "background_dn": 58.7,
    "sigma_dn": 19.39,
    "pixels": 6,
    "length_m_approx": 24.5,
    "pixel": [
     3401.2,
     10618.7
    ],
    "scene": "S1A_IW_GRDH_1SDV_20241230T225903_20241230T225928_057228_070A00_44C7_COG.SAFE",
    "t": "2024-12-30T22:59:03+00:00",
    "sensor": "sentinel1-vv-cfar",
    "uncertainty_m": 28.5
   }
  },
  {
   "type": "Feature",
   "geometry": {
    "type": "Point",
    "coordinates": [
     -76.39195144061986,
     39.074343060769486
    ]
   },
   "properties": {
    "confidence": 0.327,
    "snr": 6.54,
    "peak_dn": 216.0,
    "background_dn": 82.0,
    "sigma_dn": 20.47,
    "pixels": 2,
    "length_m_approx": 14.1,
    "pixel": [
     4088.5,
     11932.0
    ],
    "scene": "S1A_IW_GRDH_1SDV_20241230T225903_20241230T225928_057228_070A00_44C7_COG.SAFE",
    "t": "2024-12-30T22:59:03+00:00",
    "sensor": "sentinel1-vv-cfar",
    "uncertainty_m": 26.7
   }
  },
  {
   "type": "Feature",
   "geometry": {
    "type": "Point",
    "coordinates": [
     -76.43536200092261,
     38.93590921891765
    ]
   },
   "properties": {
    "confidence": 0.313,
    "snr": 6.25,
    "peak_dn": 192.0,
    "background_dn": 62.7,
    "sigma_dn": 20.68,
    "pixels": 2,
    "length_m_approx": 14.1,
    "pixel": [
     3433.0,
     10514.5
    ],
    "scene": "S1A_IW_GRDH_1SDV_20241230T225903_20241230T225928_057228_070A00_44C7_COG.SAFE",
    "t": "2024-12-30T22:59:03+00:00",
    "sensor": "sentinel1-vv-cfar",
    "uncertainty_m": 26.7
   }
  },
  {
   "type": "Feature",
   "geometry": {
    "type": "Point",
    "coordinates": [
     -76.2091815851233,
     38.992679329213004
    ]
   },
   "properties": {
    "confidence": 0.95,
    "snr": 23.43,
    "peak_dn": 335.0,
    "background_dn": 50.4,
    "sigma_dn": 12.15,
    "pixels": 30,
    "length_m_approx": 54.8,
    "pixel": [
     5477.0,
     10771.1
    ],
    "scene": "S1A_IW_GRDH_1SDV_20241230T225903_20241230T225928_057228_070A00_44C7_COG.SAFE",
    "t": "2024-12-30T22:59:03+00:00",
    "sensor": "sentinel1-vv-cfar",
    "uncertainty_m": 34.5
   }
  },
  {
   "type": "Feature",
   "geometry": {
    "type": "Point",
    "coordinates": [
     -76.39197890999156,
     39.10169383288369
    ]
   },
   "properties": {
    "confidence": 0.95,
    "snr": 19.13,
    "peak_dn": 414.0,
    "background_dn": 69.7,
    "sigma_dn": 18.0,
    "pixels": 11,
    "length_m_approx": 33.2,
    "pixel": [
     4144.8,
     12225.6
    ],
    "scene": "S1A_IW_GRDH_1SDV_20241230T225903_20241230T225928_057228_070A00_44C7_COG.SAFE",
    "t": "2024-12-30T22:59:03+00:00",
    "sensor": "sentinel1-vv-cfar",
    "uncertainty_m": 30.6
   }
  },
  {
   "type": "Feature",
   "geometry": {
    "type": "Point",
    "coordinates": [
     -76.23629421042472,
     39.00397884474084
    ]
   },
   "properties": {
    "confidence": 0.933,
    "snr": 18.66,
    "peak_dn": 241.0,
    "background_dn": 46.0,
    "sigma_dn": 10.45,
    "pixels": 9,
    "length_m_approx": 30.0,
    "pixel": [
     5269.6,
     10934.4
    ],
    "scene": "S1A_IW_GRDH_1SDV_20241230T225903_20241230T225928_057228_070A00_44C7_COG.SAFE",
    "t": "2024-12-30T22:59:03+00:00",
    "sensor": "sentinel1-vv-cfar",
    "uncertainty_m": 25.8
   }
  },
  {
   "type": "Feature",
   "geometry": {
    "type": "Point",
    "coordinates": [
     -76.18120517482636,
     39.01526512804084
    ]
   },
   "properties": {
    "confidence": 0.61,
    "snr": 12.21,
    "peak_dn": 310.0,
    "background_dn": 72.5,
    "sigma_dn": 19.45,
    "pixels": 6,
    "length_m_approx": 24.5,
    "pixel": [
     5761.1,
     10970.5
    ],
    "scene": "S1A_IW_GRDH_1SDV_20241230T225903_20241230T225928_057228_070A00_44C7_COG.SAFE",
    "t": "2024-12-30T22:59:03+00:00",
    "sensor": "sentinel1-vv-cfar",
    "uncertainty_m": 24.3
   }
  },
  {
   "type": "Feature",
   "geometry": {
    "type": "Point",
    "coordinates": [
     -76.3950360989435,
     39.10188306880654
    ]
   },
   "properties": {
    "confidence": 0.531,
    "snr": 10.62,
    "peak_dn": 268.0,
    "background_dn": 69.7,
    "sigma_dn": 18.67,
    "pixels": 5,
    "length_m_approx": 22.4,
    "pixel": [
     4119.2,
     12232.4
    ],
    "scene": "S1A_IW_GRDH_1SDV_20241230T225903_20241230T225928_057228_070A00_44C7_COG.SAFE",
    "t": "2024-12-30T22:59:03+00:00",
    "sensor": "sentinel1-vv-cfar",
    "uncertainty_m": 28.0
   }
  },
  {
   "type": "Feature",
   "geometry": {
    "type": "Point",
    "coordinates": [
     -76.3850892611882,
     39.05177252428798
    ]
   },
   "properties": {
    "confidence": 0.494,
    "snr": 9.88,
    "peak_dn": 282.0,
    "background_dn": 81.7,
    "sigma_dn": 20.27,
    "pixels": 6,
    "length_m_approx": 24.5,
    "pixel": [
     4100.5,
     11679.0
    ],
    "scene": "S1A_IW_GRDH_1SDV_20241230T225903_20241230T225928_057228_070A00_44C7_COG.SAFE",
    "t": "2024-12-30T22:59:03+00:00",
    "sensor": "sentinel1-vv-cfar",
    "uncertainty_m": 28.5
   }
  },
  {
   "type": "Feature",
   "geometry": {
    "type": "Point",
    "coordinates": [
     -76.31674092160657,
     39.064696146365705
    ]
   },
   "properties": {
    "confidence": 0.447,
    "snr": 8.94,
    "peak_dn": 263.0,
    "background_dn": 83.0,
    "sigma_dn": 20.14,
    "pixels": 20,
    "length_m_approx": 44.7,
    "pixel": [
     4709.3,
     11711.4
    ],
    "scene": "S1A_IW_GRDH_1SDV_20241230T225903_20241230T225928_057228_070A00_44C7_COG.SAFE",
    "t": "2024-12-30T22:59:03+00:00",
    "sensor": "sentinel1-vv-cfar",
    "uncertainty_m": 34.1
   }
  },
  {
   "type": "Feature",
   "geometry": {
    "type": "Point",
    "coordinates": [
     -76.19966899993875,
     39.04620191243475
    ]
   },
   "properties": {
    "confidence": 0.421,
    "snr": 8.42,
    "peak_dn": 180.0,
    "background_dn": 51.8,
    "sigma_dn": 15.24,
    "pixels": 3,
    "length_m_approx": 17.3,
    "pixel": [
     5667.3,
     11331.3
    ],
    "scene": "S1A_IW_GRDH_1SDV_20241230T225903_20241230T225928_057228_070A00_44C7_COG.SAFE",
    "t": "2024-12-30T22:59:03+00:00",
    "sensor": "sentinel1-vv-cfar",
    "uncertainty_m": 22.7
   }
  },
  {
   "type": "Feature",
   "geometry": {
    "type": "Point",
    "coordinates": [
     -76.20930116354883,
     38.9914358851068
    ]
   },
   "properties": {
    "confidence": 0.414,
    "snr": 8.29,
    "peak_dn": 153.0,
    "background_dn": 50.6,
    "sigma_dn": 12.36,
    "pixels": 11,
    "length_m_approx": 33.2,
    "pixel": [
     5473.5,
     10758.0
    ],
    "scene": "S1A_IW_GRDH_1SDV_20241230T225903_20241230T225928_057228_070A00_44C7_COG.SAFE",
    "t": "2024-12-30T22:59:03+00:00",
    "sensor": "sentinel1-vv-cfar",
    "uncertainty_m": 26.8
   }
  },
  {
   "type": "Feature",
   "geometry": {
    "type": "Point",
    "coordinates": [
     -76.18924683588874,
     39.01075785733288
    ]
   },
   "properties": {
    "confidence": 0.406,
    "snr": 8.12,
    "peak_dn": 237.0,
    "background_dn": 68.8,
    "sigma_dn": 20.73,
    "pixels": 4,
    "length_m_approx": 20.0,
    "pixel": [
     5683.5,
     10934.5
    ],
    "scene": "S1A_IW_GRDH_1SDV_20241230T225903_20241230T225928_057228_070A00_44C7_COG.SAFE",
    "t": "2024-12-30T22:59:03+00:00",
    "sensor": "sentinel1-vv-cfar",
    "uncertainty_m": 23.3
   }
  },
  {
   "type": "Feature",
   "geometry": {
    "type": "Point",
    "coordinates": [
     -76.33867016665616,
     38.994921820111145
    ]
   },
   "properties": {
    "confidence": 0.39,
    "snr": 7.8,
    "peak_dn": 225.0,
    "background_dn": 76.4,
    "sigma_dn": 19.05,
    "pixels": 2,
    "length_m_approx": 14.1,
    "pixel": [
     4379.0,
     10996.5
    ],
    "scene": "S1A_IW_GRDH_1SDV_20241230T225903_20241230T225928_057228_070A00_44C7_COG.SAFE",
    "t": "2024-12-30T22:59:03+00:00",
    "sensor": "sentinel1-vv-cfar",
    "uncertainty_m": 26.7
   }
  },
  {
   "type": "Feature",
   "geometry": {
    "type": "Point",
    "coordinates": [
     -76.3919482858222,
     39.08645460213058
    ]
   },
   "properties": {
    "confidence": 0.379,
    "snr": 7.59,
    "peak_dn": 214.0,
    "background_dn": 73.9,
    "sigma_dn": 18.46,
    "pixels": 2,
    "length_m_approx": 14.1,
    "pixel": [
     4113.5,
     12062.0
    ],
    "scene": "S1A_IW_GRDH_1SDV_20241230T225903_20241230T225928_057228_070A00_44C7_COG.SAFE",
    "t": "2024-12-30T22:59:03+00:00",
    "sensor": "sentinel1-vv-cfar",
    "uncertainty_m": 26.7
   }
  },
  {
   "type": "Feature",
   "geometry": {
    "type": "Point",
    "coordinates": [
     -76.31711034977695,
     39.065288194352036
    ]
   },
   "properties": {
    "confidence": 0.364,
    "snr": 7.28,
    "peak_dn": 229.0,
    "background_dn": 83.0,
    "sigma_dn": 20.05,
    "pixels": 7,
    "length_m_approx": 26.5,
    "pixel": [
     4707.4,
     11718.3
    ],
    "scene": "S1A_IW_GRDH_1SDV_20241230T225903_20241230T225928_057228_070A00_44C7_COG.SAFE",
    "t": "2024-12-30T22:59:03+00:00",
    "sensor": "sentinel1-vv-cfar",
    "uncertainty_m": 28.9
   }
  },
  {
   "type": "Feature",
   "geometry": {
    "type": "Point",
    "coordinates": [
     -76.21168113162723,
     38.99328200351469
    ]
   },
   "properties": {
    "confidence": 0.35,
    "snr": 7.0,
    "peak_dn": 139.0,
    "background_dn": 49.6,
    "sigma_dn": 12.77,
    "pixels": 2,
    "length_m_approx": 14.1,
    "pixel": [
     5457.0,
     10781.5
    ],
    "scene": "S1A_IW_GRDH_1SDV_20241230T225903_20241230T225928_057228_070A00_44C7_COG.SAFE",
    "t": "2024-12-30T22:59:03+00:00",
    "sensor": "sentinel1-vv-cfar",
    "uncertainty_m": 22.2
   }
  },
  {
   "type": "Feature",
   "geometry": {
    "type": "Point",
    "coordinates": [
     -76.35573394017864,
     38.99932129879123
    ]
   },
   "properties": {
    "confidence": 0.344,
    "snr": 6.87,
    "peak_dn": 202.0,
    "background_dn": 63.9,
    "sigma_dn": 20.09,
    "pixels": 3,
    "length_m_approx": 17.3,
    "pixel": [
     4242.7,
     11070.3
    ],
    "scene": "S1A_IW_GRDH_1SDV_20241230T225903_20241230T225928_057228_070A00_44C7_COG.SAFE",
    "t": "2024-12-30T22:59:03+00:00",
    "sensor": "sentinel1-vv-cfar",
    "uncertainty_m": 27.1
   }
  },
  {
   "type": "Feature",
   "geometry": {
    "type": "Point",
    "coordinates": [
     -76.35098036707157,
     38.999004823369276
    ]
   },
   "properties": {
    "confidence": 0.324,
    "snr": 6.48,
    "peak_dn": 198.0,
    "background_dn": 69.5,
    "sigma_dn": 19.82,
    "pixels": 2,
    "length_m_approx": 14.1,
    "pixel": [
     4282.5,
     11059.5
    ],
    "scene": "S1A_IW_GRDH_1SDV_20241230T225903_20241230T225928_057228_070A00_44C7_COG.SAFE",
    "t": "2024-12-30T22:59:03+00:00",
    "sensor": "sentinel1-vv-cfar",
    "uncertainty_m": 26.7
   }
  },
  {
   "type": "Feature",
   "geometry": {
    "type": "Point",
    "coordinates": [
     -75.22660371886822,
     39.128952952903276
    ]
   },
   "properties": {
    "confidence": 0.95,
    "snr": 138.66,
    "peak_dn": 2022.0,
    "background_dn": 47.4,
    "sigma_dn": 14.24,
    "pixels": 190,
    "length_m_approx": 137.8,
    "pixel": [
     14114.9,
     10760.1
    ],
    "scene": "S1A_IW_GRDH_1SDV_20241230T225903_20241230T225928_057228_070A00_44C7_COG.SAFE",
    "t": "2024-12-30T22:59:03+00:00",
    "sensor": "sentinel1-vv-cfar",
    "uncertainty_m": 69.3
   }
  },
  {
   "type": "Feature",
   "geometry": {
    "type": "Point",
    "coordinates": [
     -75.267956577945,
     39.182326940675445
    ]
   },
   "properties": {
    "confidence": 0.95,
    "snr": 60.73,
    "peak_dn": 782.0,
    "background_dn": 43.4,
    "sigma_dn": 12.16,
    "pixels": 22,
    "length_m_approx": 46.9,
    "pixel": [
     13865.9,
     11396.1
    ],
    "scene": "S1A_IW_GRDH_1SDV_20241230T225903_20241230T225928_057228_070A00_44C7_COG.SAFE",
    "t": "2024-12-30T22:59:03+00:00",
    "sensor": "sentinel1-vv-cfar",
    "uncertainty_m": 24.4
   }
  },
  {
   "type": "Feature",
   "geometry": {
    "type": "Point",
    "coordinates": [
     -75.29887790575455,
     39.23322707046323
    ]
   },
   "properties": {
    "confidence": 0.95,
    "snr": 41.6,
    "peak_dn": 511.0,
    "background_dn": 37.5,
    "sigma_dn": 11.38,
    "pixels": 17,
    "length_m_approx": 41.2,
    "pixel": [
     13701.4,
     11990.2
    ],
    "scene": "S1A_IW_GRDH_1SDV_20241230T225903_20241230T225928_057228_070A00_44C7_COG.SAFE",
    "t": "2024-12-30T22:59:03+00:00",
    "sensor": "sentinel1-vv-cfar",
    "uncertainty_m": 21.7
   }
  },
  {
   "type": "Feature",
   "geometry": {
    "type": "Point",
    "coordinates": [
     -75.20821267466155,
     39.12675385689216
    ]
   },
   "properties": {
    "confidence": 0.95,
    "snr": 35.24,
    "peak_dn": 439.0,
    "background_dn": 46.8,
    "sigma_dn": 11.13,
    "pixels": 34,
    "length_m_approx": 58.3,
    "pixel": [
     14267.2,
     10709.7
    ],
    "scene": "S1A_IW_GRDH_1SDV_20241230T225903_20241230T225928_057228_070A00_44C7_COG.SAFE",
    "t": "2024-12-30T22:59:03+00:00",
    "sensor": "sentinel1-vv-cfar",
    "uncertainty_m": 29.9
   }
  },
  {
   "type": "Feature",
   "geometry": {
    "type": "Point",
    "coordinates": [
     -75.37319883657592,
     39.19440357904379
    ]
   },
   "properties": {
    "confidence": 0.95,
    "snr": 27.56,
    "peak_dn": 254.0,
    "background_dn": 32.6,
    "sigma_dn": 8.03,
    "pixels": 13,
    "length_m_approx": 36.1,
    "pixel": [
     12994.0,
     11680.4
    ],
    "scene": "S1A_IW_GRDH_1SDV_20241230T225903_20241230T225928_057228_070A00_44C7_COG.SAFE",
    "t": "2024-12-30T22:59:03+00:00",
    "sensor": "sentinel1-vv-cfar",
    "uncertainty_m": 19.3
   }
  },
  {
   "type": "Feature",
   "geometry": {
    "type": "Point",
    "coordinates": [
     -75.3321132979115,
     39.22850749769121
    ]
   },
   "properties": {
    "confidence": 0.95,
    "snr": 27.17,
    "peak_dn": 375.0,
    "background_dn": 43.6,
    "sigma_dn": 12.2,
    "pixels": 11,
    "length_m_approx": 33.2,
    "pixel": [
     13409.6,
     11987.9
    ],
    "scene": "S1A_IW_GRDH_1SDV_20241230T225903_20241230T225928_057228_070A00_44C7_COG.SAFE",
    "t": "2024-12-30T22:59:03+00:00",
    "sensor": "sentinel1-vv-cfar",
    "uncertainty_m": 17.9
   }
  },
  {
   "type": "Feature",
   "geometry": {
    "type": "Point",
    "coordinates": [
     -75.29220346868009,
     39.211840330721
    ]
   },
   "properties": {
    "confidence": 0.95,
    "snr": 27.03,
    "peak_dn": 290.0,
    "background_dn": 38.4,
    "sigma_dn": 9.31,
    "pixels": 12,
    "length_m_approx": 34.6,
    "pixel": [
     13716.7,
     11749.8
    ],
    "scene": "S1A_IW_GRDH_1SDV_20241230T225903_20241230T225928_057228_070A00_44C7_COG.SAFE",
    "t": "2024-12-30T22:59:03+00:00",
    "sensor": "sentinel1-vv-cfar",
    "uncertainty_m": 18.6
   }
  },
  {
   "type": "Feature",
   "geometry": {
    "type": "Point",
    "coordinates": [
     -75.38621858465176,
     39.18785895792283
    ]
   },
   "properties": {
    "confidence": 0.95,
    "snr": 23.51,
    "peak_dn": 230.0,
    "background_dn": 33.7,
    "sigma_dn": 8.35,
    "pixels": 11,
    "length_m_approx": 33.2,
    "pixel": [
     12870.5,
     11628.9
    ],
    "scene": "S1A_IW_GRDH_1SDV_20241230T225903_20241230T225928_057228_070A00_44C7_COG.SAFE",
    "t": "2024-12-30T22:59:03+00:00",
    "sensor": "sentinel1-vv-cfar",
    "uncertainty_m": 17.9
   }
  },
  {
   "type": "Feature",
   "geometry": {
    "type": "Point",
    "coordinates": [
     -75.37728542322431,
     39.06348106170203
    ]
   },
   "properties": {
    "confidence": 0.95,
    "snr": 22.81,
    "peak_dn": 223.0,
    "background_dn": 34.7,
    "sigma_dn": 8.25,
    "pixels": 13,
    "length_m_approx": 36.1,
    "pixel": [
     12703.6,
     10275.4
    ],
    "scene": "S1A_IW_GRDH_1SDV_20241230T225903_20241230T225928_057228_070A00_44C7_COG.SAFE",
    "t": "2024-12-30T22:59:03+00:00",
    "sensor": "sentinel1-vv-cfar",
    "uncertainty_m": 19.3
   }
  },
  {
   "type": "Feature",
   "geometry": {
    "type": "Point",
    "coordinates": [
     -75.25519791516295,
     39.159419970244606
    ]
   },
   "properties": {
    "confidence": 0.95,
    "snr": 19.9,
    "peak_dn": 252.0,
    "background_dn": 42.0,
    "sigma_dn": 10.56,
    "pixels": 10,
    "length_m_approx": 31.6,
    "pixel": [
     13930.3,
     11130.5
    ],
    "scene": "S1A_IW_GRDH_1SDV_20241230T225903_20241230T225928_057228_070A00_44C7_COG.SAFE",
    "t": "2024-12-30T22:59:03+00:00",
    "sensor": "sentinel1-vv-cfar",
    "uncertainty_m": 17.2
   }
  },
  {
   "type": "Feature",
   "geometry": {
    "type": "Point",
    "coordinates": [
     -75.37803465414359,
     39.166922737769355
    ]
   },
   "properties": {
    "confidence": 0.95,
    "snr": 19.57,
    "peak_dn": 187.0,
    "background_dn": 32.3,
    "sigma_dn": 7.91,
    "pixels": 28,
    "length_m_approx": 52.9,
    "pixel": [
     12899.3,
     11391.2
    ],
    "scene": "S1A_IW_GRDH_1SDV_20241230T225903_20241230T225928_057228_070A00_44C7_COG.SAFE",
    "t": "2024-12-30T22:59:03+00:00",
    "sensor": "sentinel1-vv-cfar",
    "uncertainty_m": 27.3
   }
  },
  {
   "type": "Feature",
   "geometry": {
    "type": "Point",
    "coordinates": [
     -75.27399688037411,
     39.18047491427269
    ]
   },
   "properties": {
    "confidence": 0.876,
    "snr": 17.51,
    "peak_dn": 373.0,
    "background_dn": 43.8,
    "sigma_dn": 18.8,
    "pixels": 9,
    "length_m_approx": 30.0,
    "pixel": [
     13811.0,
     11385.0
    ],
    "scene": "S1A_IW_GRDH_1SDV_20241230T225903_20241230T225928_057228_070A00_44C7_COG.SAFE",
    "t": "2024-12-30T22:59:03+00:00",
    "sensor": "sentinel1-vv-cfar",
    "uncertainty_m": 16.5
   }
  },
  {
   "type": "Feature",
   "geometry": {
    "type": "Point",
    "coordinates": [
     -75.28995827046708,
     39.16181822180301
    ]
   },
   "properties": {
    "confidence": 0.842,
    "snr": 16.84,
    "peak_dn": 188.0,
    "background_dn": 33.3,
    "sigma_dn": 9.18,
    "pixels": 10,
    "length_m_approx": 31.6,
    "pixel": [
     13639.0,
     11207.2
    ],
    "scene": "S1A_IW_GRDH_1SDV_20241230T225903_20241230T225928_057228_070A00_44C7_COG.SAFE",
    "t": "2024-12-30T22:59:03+00:00",
    "sensor": "sentinel1-vv-cfar",
    "uncertainty_m": 17.2
   }
  },
  {
   "type": "Feature",
   "geometry": {
    "type": "Point",
    "coordinates": [
     -75.26884690734872,
     39.181453963300704
    ]
   },
   "properties": {
    "confidence": 0.737,
    "snr": 14.74,
    "peak_dn": 222.0,
    "background_dn": 43.3,
    "sigma_dn": 12.12,
    "pixels": 7,
    "length_m_approx": 26.5,
    "pixel": [
     13856.7,
     11388.0
    ],
    "scene": "S1A_IW_GRDH_1SDV_20241230T225903_20241230T225928_057228_070A00_44C7_COG.SAFE",
    "t": "2024-12-30T22:59:03+00:00",
    "sensor": "sentinel1-vv-cfar",
    "uncertainty_m": 14.9
   }
  },
  {
   "type": "Feature",
   "geometry": {
    "type": "Point",
    "coordinates": [
     -75.31230942717453,
     39.094943070154805
    ]
   },
   "properties": {
    "confidence": 0.708,
    "snr": 14.16,
    "peak_dn": 125.0,
    "background_dn": 28.6,
    "sigma_dn": 6.81,
    "pixels": 13,
    "length_m_approx": 36.1,
    "pixel": [
     13318.8,
     10519.1
    ],
    "scene": "S1A_IW_GRDH_1SDV_20241230T225903_20241230T225928_057228_070A00_44C7_COG.SAFE",
    "t": "2024-12-30T22:59:03+00:00",
    "sensor": "sentinel1-vv-cfar",
    "uncertainty_m": 19.3
   }
  },
  {
   "type": "Feature",
   "geometry": {
    "type": "Point",
    "coordinates": [
     -75.3123938522371,
     39.095431782098366
    ]
   },
   "properties": {
    "confidence": 0.703,
    "snr": 14.07,
    "peak_dn": 124.0,
    "background_dn": 28.6,
    "sigma_dn": 6.78,
    "pixels": 8,
    "length_m_approx": 28.3,
    "pixel": [
     13319.0,
     10524.5
    ],
    "scene": "S1A_IW_GRDH_1SDV_20241230T225903_20241230T225928_057228_070A00_44C7_COG.SAFE",
    "t": "2024-12-30T22:59:03+00:00",
    "sensor": "sentinel1-vv-cfar",
    "uncertainty_m": 15.7
   }
  },
  {
   "type": "Feature",
   "geometry": {
    "type": "Point",
    "coordinates": [
     -75.31516503815433,
     39.247105786656505
    ]
   },
   "properties": {
    "confidence": 0.701,
    "snr": 14.03,
    "peak_dn": 208.0,
    "background_dn": 45.4,
    "sigma_dn": 11.6,
    "pixels": 6,
    "length_m_approx": 24.5,
    "pixel": [
     13589.6,
     12163.6
    ],
    "scene": "S1A_IW_GRDH_1SDV_20241230T225903_20241230T225928_057228_070A00_44C7_COG.SAFE",
    "t": "2024-12-30T22:59:03+00:00",
    "sensor": "sentinel1-vv-cfar",
    "uncertainty_m": 14.1
   }
  },
  {
   "type": "Feature",
   "geometry": {
    "type": "Point",
    "coordinates": [
     -75.22714504464021,
     39.13017824186572
    ]
   },
   "properties": {
    "confidence": 0.642,
    "snr": 12.84,
    "peak_dn": 457.0,
    "background_dn": 48.6,
    "sigma_dn": 31.8,
    "pixels": 9,
    "length_m_approx": 30.0,
    "pixel": [
     14112.7,
     10774.1
    ],
    "scene": "S1A_IW_GRDH_1SDV_20241230T225903_20241230T225928_057228_070A00_44C7_COG.SAFE",
    "t": "2024-12-30T22:59:03+00:00",
    "sensor": "sentinel1-vv-cfar",
    "uncertainty_m": 16.5
   }
  },
  {
   "type": "Feature",
   "geometry": {
    "type": "Point",
    "coordinates": [
     -75.3658685421313,
     39.19643881856013
    ]
   },
   "properties": {
    "confidence": 0.592,
    "snr": 11.84,
    "peak_dn": 120.0,
    "background_dn": 31.6,
    "sigma_dn": 7.46,
    "pixels": 9,
    "length_m_approx": 30.0,
    "pixel": [
     13060.3,
     11691.6
    ],
    "scene": "S1A_IW_GRDH_1SDV_20241230T225903_20241230T225928_057228_070A00_44C7_COG.SAFE",
    "t": "2024-12-30T22:59:03+00:00",
    "sensor": "sentinel1-vv-cfar",
    "uncertainty_m": 16.5
   }
  },
  {
   "type": "Feature",
   "geometry": {
    "type": "Point",
    "coordinates": [
     -75.37906781380664,
     39.19000351086676
    ]
   },
   "properties": {
    "confidence": 0.534,
    "snr": 10.69,
    "peak_dn": 130.0,
    "background_dn": 33.0,
    "sigma_dn": 9.08,
    "pixels": 4,
    "length_m_approx": 20.0,
    "pixel": [
     12935.5,
     11641.5
    ],
    "scene": "S1A_IW_GRDH_1SDV_20241230T225903_20241230T225928_057228_070A00_44C7_COG.SAFE",
    "t": "2024-12-30T22:59:03+00:00",
    "sensor": "sentinel1-vv-cfar",
    "uncertainty_m": 12.1
   }
  },
  {
   "type": "Feature",
   "geometry": {
    "type": "Point",
    "coordinates": [
     -75.30325289464,
     39.15066094017075
    ]
   },
   "properties": {
    "confidence": 0.473,
    "snr": 9.45,
    "peak_dn": 116.0,
    "background_dn": 29.4,
    "sigma_dn": 9.16,
    "pixels": 22,
    "length_m_approx": 46.9,
    "pixel": [
     13504.2,
     11106.4
    ],
    "scene": "S1A_IW_GRDH_1SDV_20241230T225903_20241230T225928_057228_070A00_44C7_COG.SAFE",
    "t": "2024-12-30T22:59:03+00:00",
    "sensor": "sentinel1-vv-cfar",
    "uncertainty_m": 24.4
   }
  },
  {
   "type": "Feature",
   "geometry": {
    "type": "Point",
    "coordinates": [
     -75.22723271067758,
     39.130475476480775
    ]
   },
   "properties": {
    "confidence": 0.445,
    "snr": 8.9,
    "peak_dn": 410.0,
    "background_dn": 49.6,
    "sigma_dn": 40.49,
    "pixels": 4,
    "length_m_approx": 20.0,
    "pixel": [
     14112.5,
     10777.5
    ],
    "scene": "S1A_IW_GRDH_1SDV_20241230T225903_20241230T225928_057228_070A00_44C7_COG.SAFE",
    "t": "2024-12-30T22:59:03+00:00",
    "sensor": "sentinel1-vv-cfar",
    "uncertainty_m": 12.1
   }
  },
  {
   "type": "Feature",
   "geometry": {
    "type": "Point",
    "coordinates": [
     -75.21921945376783,
     39.120041697846496
    ]
   },
   "properties": {
    "confidence": 0.41,
    "snr": 8.19,
    "peak_dn": 138.0,
    "background_dn": 45.2,
    "sigma_dn": 11.32,
    "pixels": 7,
    "length_m_approx": 26.5,
    "pixel": [
     14160.6,
     10653.3
    ],
    "scene": "S1A_IW_GRDH_1SDV_20241230T225903_20241230T225928_057228_070A00_44C7_COG.SAFE",
    "t": "2024-12-30T22:59:03+00:00",
    "sensor": "sentinel1-vv-cfar",
    "uncertainty_m": 14.9
   }
  },
  {
   "type": "Feature",
   "geometry": {
    "type": "Point",
    "coordinates": [
     -75.30696640287208,
     39.15608281822327
    ]
   },
   "properties": {
    "confidence": 0.405,
    "snr": 8.1,
    "peak_dn": 122.0,
    "background_dn": 30.9,
    "sigma_dn": 11.26,
    "pixels": 12,
    "length_m_approx": 34.6,
    "pixel": [
     13483.1,
     11170.3
    ],
    "scene": "S1A_IW_GRDH_1SDV_20241230T225903_20241230T225928_057228_070A00_44C7_COG.SAFE",
    "t": "2024-12-30T22:59:03+00:00",
    "sensor": "sentinel1-vv-cfar",
    "uncertainty_m": 18.6
   }
  },
  {
   "type": "Feature",
   "geometry": {
    "type": "Point",
    "coordinates": [
     -75.31201631597824,
     39.16297370444677
    ]
   },
   "properties": {
    "confidence": 0.39,
    "snr": 7.8,
    "peak_dn": 116.0,
    "background_dn": 30.7,
    "sigma_dn": 10.95,
    "pixels": 2,
    "length_m_approx": 14.1,
    "pixel": [
     13453.5,
     11252.0
    ],
    "scene": "S1A_IW_GRDH_1SDV_20241230T225903_20241230T225928_057228_070A00_44C7_COG.SAFE",
    "t": "2024-12-30T22:59:03+00:00",
    "sensor": "sentinel1-vv-cfar",
    "uncertainty_m": 9.8
   }
  },
  {
   "type": "Feature",
   "geometry": {
    "type": "Point",
    "coordinates": [
     -75.23600874146103,
     39.162880889621405
    ]
   },
   "properties": {
    "confidence": 0.373,
    "snr": 7.46,
    "peak_dn": 127.0,
    "background_dn": 41.7,
    "sigma_dn": 11.44,
    "pixels": 3,
    "length_m_approx": 17.3,
    "pixel": [
     14100.3,
     11139.7
    ],
    "scene": "S1A_IW_GRDH_1SDV_20241230T225903_20241230T225928_057228_070A00_44C7_COG.SAFE",
    "t": "2024-12-30T22:59:03+00:00",
    "sensor": "sentinel1-vv-cfar",
    "uncertainty_m": 11.0
   }
  },
  {
   "type": "Feature",
   "geometry": {
    "type": "Point",
    "coordinates": [
     -75.3317279022781,
     39.07562702817681
    ]
   },
   "properties": {
    "confidence": 0.37,
    "snr": 7.4,
    "peak_dn": 82.0,
    "background_dn": 29.6,
    "sigma_dn": 7.08,
    "pixels": 3,
    "length_m_approx": 17.3,
    "pixel": [
     13115.7,
     10339.3
    ],
    "scene": "S1A_IW_GRDH_1SDV_20241230T225903_20241230T225928_057228_070A00_44C7_COG.SAFE",
    "t": "2024-12-30T22:59:03+00:00",
    "sensor": "sentinel1-vv-cfar",
    "uncertainty_m": 11.0
   }
  },
  {
   "type": "Feature",
   "geometry": {
    "type": "Point",
    "coordinates": [
     -75.32655158654431,
     39.255506849906475
    ]
   },
   "properties": {
    "confidence": 0.37,
    "snr": 7.39,
    "peak_dn": 159.0,
    "background_dn": 43.9,
    "sigma_dn": 15.56,
    "pixels": 6,
    "length_m_approx": 24.5,
    "pixel": [
     13509.0,
     12270.8
    ],
    "scene": "S1A_IW_GRDH_1SDV_20241230T225903_20241230T225928_057228_070A00_44C7_COG.SAFE",
    "t": "2024-12-30T22:59:03+00:00",
    "sensor": "sentinel1-vv-cfar",
    "uncertainty_m": 14.1
   }
  },
  {
   "type": "Feature",
   "geometry": {
    "type": "Point",
    "coordinates": [
     -75.31570593695128,
     39.15213100065195
    ]
   },
   "properties": {
    "confidence": 0.367,
    "snr": 7.34,
    "peak_dn": 79.0,
    "background_dn": 28.3,
    "sigma_dn": 6.9,
    "pixels": 2,
    "length_m_approx": 14.1,
    "pixel": [
     13401.0,
     11140.5
    ],
    "scene": "S1A_IW_GRDH_1SDV_20241230T225903_20241230T225928_057228_070A00_44C7_COG.SAFE",
    "t": "2024-12-30T22:59:03+00:00",
    "sensor": "sentinel1-vv-cfar",
    "uncertainty_m": 9.8
   }
  },
  {
   "type": "Feature",
   "geometry": {
    "type": "Point",
    "coordinates": [
     -75.3130520192724,
     39.1644553463229
    ]
   },
   "properties": {
    "confidence": 0.362,
    "snr": 7.24,
    "peak_dn": 109.0,
    "background_dn": 30.9,
    "sigma_dn": 10.79,
    "pixels": 4,
    "length_m_approx": 20.0,
    "pixel": [
     13447.5,
     11269.5
    ],
    "scene": "S1A_IW_GRDH_1SDV_20241230T225903_20241230T225928_057228_070A00_44C7_COG.SAFE",
    "t": "2024-12-30T22:59:03+00:00",
    "sensor": "sentinel1-vv-cfar",
    "uncertainty_m": 12.1
   }
  },
  {
   "type": "Feature",
   "geometry": {
    "type": "Point",
    "coordinates": [
     -75.3699138837487,
     39.106728902308554
    ]
   },
   "properties": {
    "confidence": 0.36,
    "snr": 7.2,
    "peak_dn": 89.0,
    "background_dn": 32.7,
    "sigma_dn": 7.82,
    "pixels": 2,
    "length_m_approx": 14.1,
    "pixel": [
     12851.0,
     10730.5
    ],
    "scene": "S1A_IW_GRDH_1SDV_20241230T225903_20241230T225928_057228_070A00_44C7_COG.SAFE",
    "t": "2024-12-30T22:59:03+00:00",
    "sensor": "sentinel1-vv-cfar",
    "uncertainty_m": 9.8
   }
  },
  {
   "type": "Feature",
   "geometry": {
    "type": "Point",
    "coordinates": [
     -75.31214910211547,
     39.16100766744162
    ]
   },
   "properties": {
    "confidence": 0.347,
    "snr": 6.95,
    "peak_dn": 109.0,
    "background_dn": 30.5,
    "sigma_dn": 11.3,
    "pixels": 2,
    "length_m_approx": 14.1,
    "pixel": [
     13448.5,
     11231.0
    ],
    "scene": "S1A_IW_GRDH_1SDV_20241230T225903_20241230T225928_057228_070A00_44C7_COG.SAFE",
    "t": "2024-12-30T22:59:03+00:00",
    "sensor": "sentinel1-vv-cfar",
    "uncertainty_m": 9.8
   }
  },
  {
   "type": "Feature",
   "geometry": {
    "type": "Point",
    "coordinates": [
     -75.22671273779594,
     39.129992424241934
    ]
   },
   "properties": {
    "confidence": 0.346,
    "snr": 6.93,
    "peak_dn": 213.0,
    "background_dn": 47.8,
    "sigma_dn": 23.85,
    "pixels": 2,
    "length_m_approx": 14.1,
    "pixel": [
     14116.0,
     10771.5
    ],
    "scene": "S1A_IW_GRDH_1SDV_20241230T225903_20241230T225928_057228_070A00_44C7_COG.SAFE",
    "t": "2024-12-30T22:59:03+00:00",
    "sensor": "sentinel1-vv-cfar",
    "uncertainty_m": 9.8
   }
  },
  {
   "type": "Feature",
   "geometry": {
    "type": "Point",
    "coordinates": [
     -75.3125982125883,
     39.16219826883581
    ]
   },
   "properties": {
    "confidence": 0.328,
    "snr": 6.55,
    "peak_dn": 103.0,
    "background_dn": 30.5,
    "sigma_dn": 11.06,
    "pixels": 2,
    "length_m_approx": 14.1,
    "pixel": [
     13447.0,
     11244.5
    ],
    "scene": "S1A_IW_GRDH_1SDV_20241230T225903_20241230T225928_057228_070A00_44C7_COG.SAFE",
    "t": "2024-12-30T22:59:03+00:00",
    "sensor": "sentinel1-vv-cfar",
    "uncertainty_m": 9.8
   }
  },
  {
   "type": "Feature",
   "geometry": {
    "type": "Point",
    "coordinates": [
     -75.30730537071331,
     39.15572885293358
    ]
   },
   "properties": {
    "confidence": 0.319,
    "snr": 6.39,
    "peak_dn": 104.0,
    "background_dn": 31.0,
    "sigma_dn": 11.43,
    "pixels": 2,
    "length_m_approx": 14.1,
    "pixel": [
     13479.5,
     11167.0
    ],
    "scene": "S1A_IW_GRDH_1SDV_20241230T225903_20241230T225928_057228_070A00_44C7_COG.SAFE",
    "t": "2024-12-30T22:59:03+00:00",
    "sensor": "sentinel1-vv-cfar",
    "uncertainty_m": 9.8
   }
  },
  {
   "type": "Feature",
   "geometry": {
    "type": "Point",
    "coordinates": [
     -75.31264805116237,
     39.16267900860858
    ]
   },
   "properties": {
    "confidence": 0.318,
    "snr": 6.37,
    "peak_dn": 100.0,
    "background_dn": 30.6,
    "sigma_dn": 10.9,
    "pixels": 4,
    "length_m_approx": 20.0,
    "pixel": [
     13447.5,
     11249.7
    ],
    "scene": "S1A_IW_GRDH_1SDV_20241230T225903_20241230T225928_057228_070A00_44C7_COG.SAFE",
    "t": "2024-12-30T22:59:03+00:00",
    "sensor": "sentinel1-vv-cfar",
    "uncertainty_m": 12.1
   }
  },
  {
   "type": "Feature",
   "geometry": {
    "type": "Point",
    "coordinates": [
     -75.25493716484543,
     39.092256677412735
    ]
   },
   "properties": {
    "confidence": 0.307,
    "snr": 6.14,
    "peak_dn": 73.0,
    "background_dn": 28.6,
    "sigma_dn": 7.22,
    "pixels": 2,
    "length_m_approx": 14.1,
    "pixel": [
     13802.5,
     10406.0
    ],
    "scene": "S1A_IW_GRDH_1SDV_20241230T225903_20241230T225928_057228_070A00_44C7_COG.SAFE",
    "t": "2024-12-30T22:59:03+00:00",
    "sensor": "sentinel1-vv-cfar",
    "uncertainty_m": 9.8
   }
  },
  {
   "type": "Feature",
   "geometry": {
    "type": "Point",
    "coordinates": [
     -75.36884412917487,
     39.22367328320145
    ]
   },
   "properties": {
    "confidence": 0.302,
    "snr": 6.05,
    "peak_dn": 83.0,
    "background_dn": 33.3,
    "sigma_dn": 8.22,
    "pixels": 2,
    "length_m_approx": 14.1,
    "pixel": [
     13088.0,
     11989.5
    ],
    "scene": "S1A_IW_GRDH_1SDV_20241230T225903_20241230T225928_057228_070A00_44C7_COG.SAFE",
    "t": "2024-12-30T22:59:03+00:00",
    "sensor": "sentinel1-vv-cfar",
    "uncertainty_m": 9.8
   }
  },
  {
   "type": "Feature",
   "geometry": {
    "type": "Point",
    "coordinates": [
     -75.13134594782662,
     39.17233642512227
    ]
   },
   "properties": {
    "confidence": 0.95,
    "snr": 24.87,
    "peak_dn": 288.0,
    "background_dn": 41.0,
    "sigma_dn": 9.94,
    "pixels": 14,
    "length_m_approx": 37.4,
    "pixel": [
     15008.9,
     11089.8
    ],
    "scene": "S1A_IW_GRDH_1SDV_20241230T225903_20241230T225928_057228_070A00_44C7_COG.SAFE",
    "t": "2024-12-30T22:59:03+00:00",
    "sensor": "sentinel1-vv-cfar",
    "uncertainty_m": 19.9
   }
  },
  {
   "type": "Feature",
   "geometry": {
    "type": "Point",
    "coordinates": [
     -75.03740768067689,
     39.17779299003406
    ]
   },
   "properties": {
    "confidence": 0.95,
    "snr": 19.01,
    "peak_dn": 231.0,
    "background_dn": 39.0,
    "sigma_dn": 10.1,
    "pixels": 8,
    "length_m_approx": 28.3,
    "pixel": [
     15818.8,
     11013.0
    ],
    "scene": "S1A_IW_GRDH_1SDV_20241230T225903_20241230T225928_057228_070A00_44C7_COG.SAFE",
    "t": "2024-12-30T22:59:03+00:00",
    "sensor": "sentinel1-vv-cfar",
    "uncertainty_m": 15.7
   }
  },
  {
   "type": "Feature",
   "geometry": {
    "type": "Point",
    "coordinates": [
     -75.0386144782367,
     39.20376814633623
    ]
   },
   "properties": {
    "confidence": 0.89,
    "snr": 17.8,
    "peak_dn": 261.0,
    "background_dn": 50.0,
    "sigma_dn": 11.85,
    "pixels": 8,
    "length_m_approx": 28.3,
    "pixel": [
     15857.9,
     11295.1
    ],
    "scene": "S1A_IW_GRDH_1SDV_20241230T225903_20241230T225928_057228_070A00_44C7_COG.SAFE",
    "t": "2024-12-30T22:59:03+00:00",
    "sensor": "sentinel1-vv-cfar",
    "uncertainty_m": 15.7
   }
  },
  {
   "type": "Feature",
   "geometry": {
    "type": "Point",
    "coordinates": [
     -75.03103832147787,
     39.1832482535566
    ]
   },
   "properties": {
    "confidence": 0.709,
    "snr": 14.18,
    "peak_dn": 210.0,
    "background_dn": 45.7,
    "sigma_dn": 11.59,
    "pixels": 14,
    "length_m_approx": 37.4,
    "pixel": [
     15883.4,
     11062.8
    ],
    "scene": "S1A_IW_GRDH_1SDV_20241230T225903_20241230T225928_057228_070A00_44C7_COG.SAFE",
    "t": "2024-12-30T22:59:03+00:00",
    "sensor": "sentinel1-vv-cfar",
    "uncertainty_m": 19.9
   }
  },
  {
   "type": "Feature",
   "geometry": {
    "type": "Point",
    "coordinates": [
     -75.01346397670298,
     39.18441177288226
    ]
   },
   "properties": {
    "confidence": 0.668,
    "snr": 13.36,
    "peak_dn": 200.0,
    "background_dn": 47.0,
    "sigma_dn": 11.45,
    "pixels": 16,
    "length_m_approx": 40.0,
    "pixel": [
     16035.2,
     11050.1
    ],
    "scene": "S1A_IW_GRDH_1SDV_20241230T225903_20241230T225928_057228_070A00_44C7_COG.SAFE",
    "t": "2024-12-30T22:59:03+00:00",
    "sensor": "sentinel1-vv-cfar",
    "uncertainty_m": 21.1
   }
  },
  {
   "type": "Feature",
   "geometry": {
    "type": "Point",
    "coordinates": [
     -74.9864175617225,
     39.14294838054439
    ]
   },
   "properties": {
    "confidence": 0.601,
    "snr": 12.03,
    "peak_dn": 156.0,
    "background_dn": 37.8,
    "sigma_dn": 9.83,
    "pixels": 7,
    "length_m_approx": 26.5,
    "pixel": [
     16186.9,
     10563.6
    ],
    "scene": "S1A_IW_GRDH_1SDV_20241230T225903_20241230T225928_057228_070A00_44C7_COG.SAFE",
    "t": "2024-12-30T22:59:03+00:00",
    "sensor": "sentinel1-vv-cfar",
    "uncertainty_m": 14.9
   }
  },
  {
   "type": "Feature",
   "geometry": {
    "type": "Point",
    "coordinates": [
     -75.03902212144922,
     39.197049757434606
    ]
   },
   "properties": {
    "confidence": 0.557,
    "snr": 11.13,
    "peak_dn": 181.0,
    "background_dn": 49.0,
    "sigma_dn": 11.85,
    "pixels": 5,
    "length_m_approx": 22.4,
    "pixel": [
     15841.6,
     11223.2
    ],
    "scene": "S1A_IW_GRDH_1SDV_20241230T225903_20241230T225928_057228_070A00_44C7_COG.SAFE",
    "t": "2024-12-30T22:59:03+00:00",
    "sensor": "sentinel1-vv-cfar",
    "uncertainty_m": 13.1
   }
  },
  {
   "type": "Feature",
   "geometry": {
    "type": "Point",
    "coordinates": [
     -75.05573980002318,
     39.163406914454704
    ]
   },
   "properties": {
    "confidence": 0.53,
    "snr": 10.59,
    "peak_dn": 108.0,
    "background_dn": 30.5,
    "sigma_dn": 7.32,
    "pixels": 13,
    "length_m_approx": 36.1,
    "pixel": [
     15635.4,
     10884.1
    ],
    "scene": "S1A_IW_GRDH_1SDV_20241230T225903_20241230T225928_057228_070A00_44C7_COG.SAFE",
    "t": "2024-12-30T22:59:03+00:00",
    "sensor": "sentinel1-vv-cfar",
    "uncertainty_m": 19.3
   }
  },
  {
   "type": "Feature",
   "geometry": {
    "type": "Point",
    "coordinates": [
     -75.15340971822914,
     39.174700163815785
    ]
   },
   "properties": {
    "confidence": 0.484,
    "snr": 9.67,
    "peak_dn": 139.0,
    "background_dn": 38.0,
    "sigma_dn": 10.44,
    "pixels": 3,
    "length_m_approx": 17.3,
    "pixel": [
     14825.7,
     11147.3
    ],
    "scene": "S1A_IW_GRDH_1SDV_20241230T225903_20241230T225928_057228_070A00_44C7_COG.SAFE",
    "t": "2024-12-30T22:59:03+00:00",
    "sensor": "sentinel1-vv-cfar",
    "uncertainty_m": 11.0
   }
  },
  {
   "type": "Feature",
   "geometry": {
    "type": "Point",
    "coordinates": [
     -75.03718021792191,
     39.15627126490077
    ]
   },
   "properties": {
    "confidence": 0.473,
    "snr": 9.45,
    "peak_dn": 97.0,
    "background_dn": 30.0,
    "sigma_dn": 7.09,
    "pixels": 5,
    "length_m_approx": 22.4,
    "pixel": [
     15779.8,
     10780.4
    ],
    "scene": "S1A_IW_GRDH_1SDV_20241230T225903_20241230T225928_057228_070A00_44C7_COG.SAFE",
    "t": "2024-12-30T22:59:03+00:00",
    "sensor": "sentinel1-vv-cfar",
    "uncertainty_m": 13.1
   }
  },
  {
   "type": "Feature",
   "geometry": {
    "type": "Point",
    "coordinates": [
     -75.03894049789855,
     39.17825243507049
    ]
   },
   "properties": {
    "confidence": 0.467,
    "snr": 9.35,
    "peak_dn": 132.0,
    "background_dn": 39.0,
    "sigma_dn": 9.95,
    "pixels": 5,
    "length_m_approx": 22.4,
    "pixel": [
     15806.6,
     11020.2
    ],
    "scene": "S1A_IW_GRDH_1SDV_20241230T225903_20241230T225928_057228_070A00_44C7_COG.SAFE",
    "t": "2024-12-30T22:59:03+00:00",
    "sensor": "sentinel1-vv-cfar",
    "uncertainty_m": 13.1
   }
  },
  {
   "type": "Feature",
   "geometry": {
    "type": "Point",
    "coordinates": [
     -75.01560831780625,
     39.14178408812909
    ]
   },
   "properties": {
    "confidence": 0.466,
    "snr": 9.33,
    "peak_dn": 98.0,
    "background_dn": 29.7,
    "sigma_dn": 7.33,
    "pixels": 3,
    "length_m_approx": 17.3,
    "pixel": [
     15936.0,
     10593.0
    ],
    "scene": "S1A_IW_GRDH_1SDV_20241230T225903_20241230T225928_057228_070A00_44C7_COG.SAFE",
    "t": "2024-12-30T22:59:03+00:00",
    "sensor": "sentinel1-vv-cfar",
    "uncertainty_m": 11.0
   }
  },
  {
   "type": "Feature",
   "geometry": {
    "type": "Point",
    "coordinates": [
     -74.98078929179388,
     39.16073916457664
    ]
   },
   "properties": {
    "confidence": 0.43,
    "snr": 8.59,
    "peak_dn": 139.0,
    "background_dn": 45.4,
    "sigma_dn": 10.89,
    "pixels": 8,
    "length_m_approx": 28.3,
    "pixel": [
     16268.5,
     10747.5
    ],
    "scene": "S1A_IW_GRDH_1SDV_20241230T225903_20241230T225928_057228_070A00_44C7_COG.SAFE",
    "t": "2024-12-30T22:59:03+00:00",
    "sensor": "sentinel1-vv-cfar",
    "uncertainty_m": 15.7
   }
  },
  {
   "type": "Feature",
   "geometry": {
    "type": "Point",
    "coordinates": [
     -75.03061319764169,
     39.18152490440777
    ]
   },
   "properties": {
    "confidence": 0.418,
    "snr": 8.36,
    "peak_dn": 143.0,
    "background_dn": 44.7,
    "sigma_dn": 11.75,
    "pixels": 10,
    "length_m_approx": 31.6,
    "pixel": [
     15883.7,
     11043.6
    ],
    "scene": "S1A_IW_GRDH_1SDV_20241230T225903_20241230T225928_057228_070A00_44C7_COG.SAFE",
    "t": "2024-12-30T22:59:03+00:00",
    "sensor": "sentinel1-vv-cfar",
    "uncertainty_m": 17.2
   }
  },
  {
   "type": "Feature",
   "geometry": {
    "type": "Point",
    "coordinates": [
     -75.0305720534661,
     39.171241700338
    ]
   },
   "properties": {
    "confidence": 0.413,
    "snr": 8.25,
    "peak_dn": 108.0,
    "background_dn": 34.4,
    "sigma_dn": 8.92,
    "pixels": 9,
    "length_m_approx": 30.0,
    "pixel": [
     15864.5,
     10932.5
    ],
    "scene": "S1A_IW_GRDH_1SDV_20241230T225903_20241230T225928_057228_070A00_44C7_COG.SAFE",
    "t": "2024-12-30T22:59:03+00:00",
    "sensor": "sentinel1-vv-cfar",
    "uncertainty_m": 16.5
   }
  },
  {
   "type": "Feature",
   "geometry": {
    "type": "Point",
    "coordinates": [
     -74.99511727618538,
     39.16364237015766
    ]
   },
   "properties": {
    "confidence": 0.399,
    "snr": 7.99,
    "peak_dn": 129.0,
    "background_dn": 42.8,
    "sigma_dn": 10.79,
    "pixels": 2,
    "length_m_approx": 14.1,
    "pixel": [
     16152.0,
     10799.5
    ],
    "scene": "S1A_IW_GRDH_1SDV_20241230T225903_20241230T225928_057228_070A00_44C7_COG.SAFE",
    "t": "2024-12-30T22:59:03+00:00",
    "sensor": "sentinel1-vv-cfar",
    "uncertainty_m": 9.8
   }
  },
  {
   "type": "Feature",
   "geometry": {
    "type": "Point",
    "coordinates": [
     -74.99135831947154,
     39.15969721979435
    ]
   },
   "properties": {
    "confidence": 0.394,
    "snr": 7.89,
    "peak_dn": 124.0,
    "background_dn": 41.9,
    "sigma_dn": 10.41,
    "pixels": 4,
    "length_m_approx": 20.0,
    "pixel": [
     16176.5,
     10751.5
    ],
    "scene": "S1A_IW_GRDH_1SDV_20241230T225903_20241230T225928_057228_070A00_44C7_COG.SAFE",
    "t": "2024-12-30T22:59:03+00:00",
    "sensor": "sentinel1-vv-cfar",
    "uncertainty_m": 12.1
   }
  },
  {
   "type": "Feature",
   "geometry": {
    "type": "Point",
    "coordinates": [
     -74.99633779236336,
     39.18478852671569
    ]
   },
   "properties": {
    "confidence": 0.383,
    "snr": 7.67,
    "peak_dn": 138.0,
    "background_dn": 49.0,
    "sigma_dn": 11.61,
    "pixels": 7,
    "length_m_approx": 26.5,
    "pixel": [
     16181.7,
     11029.5
    ],
    "scene": "S1A_IW_GRDH_1SDV_20241230T225903_20241230T225928_057228_070A00_44C7_COG.SAFE",
    "t": "2024-12-30T22:59:03+00:00",
    "sensor": "sentinel1-vv-cfar",
    "uncertainty_m": 14.9
   }
  },
  {
   "type": "Feature",
   "geometry": {
    "type": "Point",
    "coordinates": [
     -75.04143747584935,
     39.18450124519033
    ]
   },
   "properties": {
    "confidence": 0.364,
    "snr": 7.29,
    "peak_dn": 121.0,
    "background_dn": 42.4,
    "sigma_dn": 10.79,
    "pixels": 4,
    "length_m_approx": 20.0,
    "pixel": [
     15797.2,
     11091.2
    ],
    "scene": "S1A_IW_GRDH_1SDV_20241230T225903_20241230T225928_057228_070A00_44C7_COG.SAFE",
    "t": "2024-12-30T22:59:03+00:00",
    "sensor": "sentinel1-vv-cfar",
    "uncertainty_m": 12.1
   }
  },
  {
   "type": "Feature",
   "geometry": {
    "type": "Point",
    "coordinates": [
     -75.02611337457267,
     39.14098149557894
    ]
   },
   "properties": {
    "confidence": 0.348,
    "snr": 6.97,
    "peak_dn": 104.0,
    "background_dn": 34.4,
    "sigma_dn": 10.0,
    "pixels": 2,
    "length_m_approx": 14.1,
    "pixel": [
     15845.0,
     10599.5
    ],
    "scene": "S1A_IW_GRDH_1SDV_20241230T225903_20241230T225928_057228_070A00_44C7_COG.SAFE",
    "t": "2024-12-30T22:59:03+00:00",
    "sensor": "sentinel1-vv-cfar",
    "uncertainty_m": 9.8
   }
  },
  {
   "type": "Feature",
   "geometry": {
    "type": "Point",
    "coordinates": [
     -75.05703648168523,
     39.164285397509204
    ]
   },
   "properties": {
    "confidence": 0.344,
    "snr": 6.88,
    "peak_dn": 81.0,
    "background_dn": 30.6,
    "sigma_dn": 7.33,
    "pixels": 2,
    "length_m_approx": 14.1,
    "pixel": [
     15626.0,
     10895.5
    ],
    "scene": "S1A_IW_GRDH_1SDV_20241230T225903_20241230T225928_057228_070A00_44C7_COG.SAFE",
    "t": "2024-12-30T22:59:03+00:00",
    "sensor": "sentinel1-vv-cfar",
    "uncertainty_m": 9.8
   }
  },
  {
   "type": "Feature",
   "geometry": {
    "type": "Point",
    "coordinates": [
     -75.02612785104958,
     39.14130408095657
    ]
   },
   "properties": {
    "confidence": 0.338,
    "snr": 6.76,
    "peak_dn": 101.0,
    "background_dn": 34.1,
    "sigma_dn": 9.89,
    "pixels": 2,
    "length_m_approx": 14.1,
    "pixel": [
     15845.5,
     10603.0
    ],
    "scene": "S1A_IW_GRDH_1SDV_20241230T225903_20241230T225928_057228_070A00_44C7_COG.SAFE",
    "t": "2024-12-30T22:59:03+00:00",
    "sensor": "sentinel1-vv-cfar",
    "uncertainty_m": 9.8
   }
  },
  {
   "type": "Feature",
   "geometry": {
    "type": "Point",
    "coordinates": [
     -75.10278144577802,
     39.103522594348426
    ]
   },
   "properties": {
    "confidence": 0.324,
    "snr": 6.49,
    "peak_dn": 101.0,
    "background_dn": 39.8,
    "sigma_dn": 9.43,
    "pixels": 2,
    "length_m_approx": 14.1,
    "pixel": [
     15120.5,
     10306.0
    ],
    "scene": "S1A_IW_GRDH_1SDV_20241230T225903_20241230T225928_057228_070A00_44C7_COG.SAFE",
    "t": "2024-12-30T22:59:03+00:00",
    "sensor": "sentinel1-vv-cfar",
    "uncertainty_m": 9.8
   }
  },
  {
   "type": "Feature",
   "geometry": {
    "type": "Point",
    "coordinates": [
     -74.94617975287025,
     39.15636074372803
    ]
   },
   "properties": {
    "confidence": 0.342,
    "snr": 6.85,
    "peak_dn": 121.0,
    "background_dn": 46.5,
    "sigma_dn": 10.89,
    "pixels": 2,
    "length_m_approx": 14.1,
    "pixel": [
     16555.0,
     10650.5
    ],
    "scene": "S1A_IW_GRDH_1SDV_20241230T225903_20241230T225928_057228_070A00_44C7_COG.SAFE",
    "t": "2024-12-30T22:59:03+00:00",
    "sensor": "sentinel1-vv-cfar",
    "uncertainty_m": 9.8
   }
  },
  {
   "type": "Feature",
   "geometry": {
    "type": "Point",
    "coordinates": [
     -74.52937686998182,
     39.28223283767184
    ]
   },
   "properties": {
    "confidence": 0.922,
    "snr": 18.45,
    "peak_dn": 229.0,
    "background_dn": 40.9,
    "sigma_dn": 10.19,
    "pixels": 9,
    "length_m_approx": 30.0,
    "pixel": [
     20337.9,
     11422.0
    ],
    "scene": "S1A_IW_GRDH_1SDV_20241230T225903_20241230T225928_057228_070A00_44C7_COG.SAFE",
    "t": "2024-12-30T22:59:03+00:00",
    "sensor": "sentinel1-vv-cfar",
    "uncertainty_m": 17.0
   }
  },
  {
   "type": "Feature",
   "geometry": {
    "type": "Point",
    "coordinates": [
     -74.60049674828083,
     39.287569590418116
    ]
   },
   "properties": {
    "confidence": 0.563,
    "snr": 11.25,
    "peak_dn": 192.0,
    "background_dn": 47.0,
    "sigma_dn": 12.89,
    "pixels": 11,
    "length_m_approx": 33.2,
    "pixel": [
     19742.8,
     11579.0
    ],
    "scene": "S1A_IW_GRDH_1SDV_20241230T225903_20241230T225928_057228_070A00_44C7_COG.SAFE",
    "t": "2024-12-30T22:59:03+00:00",
    "sensor": "sentinel1-vv-cfar",
    "uncertainty_m": 18.4
   }
  },
  {
   "type": "Feature",
   "geometry": {
    "type": "Point",
    "coordinates": [
     -74.53367465702462,
     39.28801083250334
    ]
   },
   "properties": {
    "confidence": 0.519,
    "snr": 10.38,
    "peak_dn": 169.0,
    "background_dn": 41.5,
    "sigma_dn": 12.28,
    "pixels": 6,
    "length_m_approx": 24.5,
    "pixel": [
     20312.0,
     11490.5
    ],
    "scene": "S1A_IW_GRDH_1SDV_20241230T225903_20241230T225928_057228_070A00_44C7_COG.SAFE",
    "t": "2024-12-30T22:59:03+00:00",
    "sensor": "sentinel1-vv-cfar",
    "uncertainty_m": 14.6
   }
  },
  {
   "type": "Feature",
   "geometry": {
    "type": "Point",
    "coordinates": [
     -74.54022589776196,
     39.28955264728844
    ]
   },
   "properties": {
    "confidence": 0.447,
    "snr": 8.95,
    "peak_dn": 150.0,
    "background_dn": 40.6,
    "sigma_dn": 12.23,
    "pixels": 11,
    "length_m_approx": 33.2,
    "pixel": [
     20259.1,
     11516.3
    ],
    "scene": "S1A_IW_GRDH_1SDV_20241230T225903_20241230T225928_057228_070A00_44C7_COG.SAFE",
    "t": "2024-12-30T22:59:03+00:00",
    "sensor": "sentinel1-vv-cfar",
    "uncertainty_m": 18.4
   }
  },
  {
   "type": "Feature",
   "geometry": {
    "type": "Point",
    "coordinates": [
     -74.53890591325687,
     39.280338882300455
    ]
   },
   "properties": {
    "confidence": 0.432,
    "snr": 8.65,
    "peak_dn": 133.0,
    "background_dn": 40.8,
    "sigma_dn": 10.67,
    "pixels": 11,
    "length_m_approx": 33.2,
    "pixel": [
     20253.4,
     11414.8
    ],
    "scene": "S1A_IW_GRDH_1SDV_20241230T225903_20241230T225928_057228_070A00_44C7_COG.SAFE",
    "t": "2024-12-30T22:59:03+00:00",
    "sensor": "sentinel1-vv-cfar",
    "uncertainty_m": 18.4
   }
  },
  {
   "type": "Feature",
   "geometry": {
    "type": "Point",
    "coordinates": [
     -74.51817315787234,
     39.30179825125396
    ]
   },
   "properties": {
    "confidence": 0.427,
    "snr": 8.53,
    "peak_dn": 121.0,
    "background_dn": 38.5,
    "sigma_dn": 9.66,
    "pixels": 12,
    "length_m_approx": 34.6,
    "pixel": [
     20469.2,
     11618.0
    ],
    "scene": "S1A_IW_GRDH_1SDV_20241230T225903_20241230T225928_057228_070A00_44C7_COG.SAFE",
    "t": "2024-12-30T22:59:03+00:00",
    "sensor": "sentinel1-vv-cfar",
    "uncertainty_m": 19.1
   }
  },
  {
   "type": "Feature",
   "geometry": {
    "type": "Point",
    "coordinates": [
     -74.53975894880463,
     39.28787421973878
    ]
   },
   "properties": {
    "confidence": 0.382,
    "snr": 7.63,
    "peak_dn": 137.0,
    "background_dn": 41.0,
    "sigma_dn": 12.57,
    "pixels": 4,
    "length_m_approx": 20.0,
    "pixel": [
     20260.0,
     11497.5
    ],
    "scene": "S1A_IW_GRDH_1SDV_20241230T225903_20241230T225928_057228_070A00_44C7_COG.SAFE",
    "t": "2024-12-30T22:59:03+00:00",
    "sensor": "sentinel1-vv-cfar",
    "uncertainty_m": 12.8
   }
  },
  {
   "type": "Feature",
   "geometry": {
    "type": "Point",
    "coordinates": [
     -74.53990011132707,
     39.288545123299606
    ]
   },
   "properties": {
    "confidence": 0.378,
    "snr": 7.55,
    "peak_dn": 135.0,
    "background_dn": 40.8,
    "sigma_dn": 12.47,
    "pixels": 3,
    "length_m_approx": 17.3,
    "pixel": [
     20260.0,
     11505.0
    ],
    "scene": "S1A_IW_GRDH_1SDV_20241230T225903_20241230T225928_057228_070A00_44C7_COG.SAFE",
    "t": "2024-12-30T22:59:03+00:00",
    "sensor": "sentinel1-vv-cfar",
    "uncertainty_m": 11.8
   }
  },
  {
   "type": "Feature",
   "geometry": {
    "type": "Point",
    "coordinates": [
     -74.53881060523943,
     39.28121814725438
    ]
   },
   "properties": {
    "confidence": 0.331,
    "snr": 6.62,
    "peak_dn": 112.0,
    "background_dn": 40.7,
    "sigma_dn": 10.78,
    "pixels": 5,
    "length_m_approx": 22.4,
    "pixel": [
     20255.8,
     11424.2
    ],
    "scene": "S1A_IW_GRDH_1SDV_20241230T225903_20241230T225928_057228_070A00_44C7_COG.SAFE",
    "t": "2024-12-30T22:59:03+00:00",
    "sensor": "sentinel1-vv-cfar",
    "uncertainty_m": 13.7
   }
  },
  {
   "type": "Feature",
   "geometry": {
    "type": "Point",
    "coordinates": [
     -74.59103293707085,
     39.19621566743226
    ]
   },
   "properties": {
    "confidence": 0.326,
    "snr": 6.52,
    "peak_dn": 84.0,
    "background_dn": 31.5,
    "sigma_dn": 8.05,
    "pixels": 2,
    "length_m_approx": 14.1,
    "pixel": [
     19654.5,
     10578.0
    ],
    "scene": "S1A_IW_GRDH_1SDV_20241230T225903_20241230T225928_057228_070A00_44C7_COG.SAFE",
    "t": "2024-12-30T22:59:03+00:00",
    "sensor": "sentinel1-vv-cfar",
    "uncertainty_m": 10.7
   }
  },
  {
   "type": "Feature",
   "geometry": {
    "type": "Point",
    "coordinates": [
     -74.3958674587441,
     39.34637929788401
    ]
   },
   "properties": {
    "confidence": 0.95,
    "snr": 59.04,
    "peak_dn": 641.0,
    "background_dn": 36.0,
    "sigma_dn": 10.25,
    "pixels": 21,
    "length_m_approx": 45.8,
    "pixel": [
     21591.6,
     11931.2
    ],
    "scene": "S1A_IW_GRDH_1SDV_20241230T225903_20241230T225928_057228_070A00_44C7_COG.SAFE",
    "t": "2024-12-30T22:59:03+00:00",
    "sensor": "sentinel1-vv-cfar",
    "uncertainty_m": 24.3
   }
  },
  {
   "type": "Feature",
   "geometry": {
    "type": "Point",
    "coordinates": [
     -74.41879936648974,
     39.343086630267685
    ]
   },
   "properties": {
    "confidence": 0.95,
    "snr": 38.22,
    "peak_dn": 383.0,
    "background_dn": 36.0,
    "sigma_dn": 9.08,
    "pixels": 47,
    "length_m_approx": 68.6,
    "pixel": [
     21390.4,
     11927.3
    ],
    "scene": "S1A_IW_GRDH_1SDV_20241230T225903_20241230T225928_057228_070A00_44C7_COG.SAFE",
    "t": "2024-12-30T22:59:03+00:00",
    "sensor": "sentinel1-vv-cfar",
    "uncertainty_m": 35.2
   }
  },
  {
   "type": "Feature",
   "geometry": {
    "type": "Point",
    "coordinates": [
     -74.44392038520458,
     39.29979294909434
    ]
   },
   "properties": {
    "confidence": 0.95,
    "snr": 35.73,
    "peak_dn": 362.0,
    "background_dn": 36.4,
    "sigma_dn": 9.11,
    "pixels": 48,
    "length_m_approx": 69.3,
    "pixel": [
     21097.5,
     11493.5
    ],
    "scene": "S1A_IW_GRDH_1SDV_20241230T225903_20241230T225928_057228_070A00_44C7_COG.SAFE",
    "t": "2024-12-30T22:59:03+00:00",
    "sensor": "sentinel1-vv-cfar",
    "uncertainty_m": 35.5
   }
  },
  {
   "type": "Feature",
   "geometry": {
    "type": "Point",
    "coordinates": [
     -74.40899136161477,
     39.30950894974693
    ]
   },
   "properties": {
    "confidence": 0.95,
    "snr": 25.65,
    "peak_dn": 322.0,
    "background_dn": 36.8,
    "sigma_dn": 11.12,
    "pixels": 34,
    "length_m_approx": 58.3,
    "pixel": [
     21412.6,
     11550.4
    ],
    "scene": "S1A_IW_GRDH_1SDV_20241230T225903_20241230T225928_057228_070A00_44C7_COG.SAFE",
    "t": "2024-12-30T22:59:03+00:00",
    "sensor": "sentinel1-vv-cfar",
    "uncertainty_m": 30.2
   }
  },
  {
   "type": "Feature",
   "geometry": {
    "type": "Point",
    "coordinates": [
     -74.41471270735546,
     39.316617816758296
    ]
   },
   "properties": {
    "confidence": 0.95,
    "snr": 20.49,
    "peak_dn": 218.0,
    "background_dn": 36.1,
    "sigma_dn": 8.88,
    "pixels": 28,
    "length_m_approx": 52.9,
    "pixel": [
     21376.9,
     11635.2
    ],
    "scene": "S1A_IW_GRDH_1SDV_20241230T225903_20241230T225928_057228_070A00_44C7_COG.SAFE",
    "t": "2024-12-30T22:59:03+00:00",
    "sensor": "sentinel1-vv-cfar",
    "uncertainty_m": 27.6
   }
  },
  {
   "type": "Feature",
   "geometry": {
    "type": "Point",
    "coordinates": [
     -74.39286295903737,
     39.366863003585316
    ]
   },
   "properties": {
    "confidence": 0.95,
    "snr": 19.03,
    "peak_dn": 305.0,
    "background_dn": 46.3,
    "sigma_dn": 13.6,
    "pixels": 41,
    "length_m_approx": 64.0,
    "pixel": [
     21654.5,
     12148.7
    ],
    "scene": "S1A_IW_GRDH_1SDV_20241230T225903_20241230T225928_057228_070A00_44C7_COG.SAFE",
    "t": "2024-12-30T22:59:03+00:00",
    "sensor": "sentinel1-vv-cfar",
    "uncertainty_m": 33.0
   }
  },
  {
   "type": "Feature",
   "geometry": {
    "type": "Point",
    "coordinates": [
     -74.42281962165774,
     39.30625435555834
    ]
   },
   "properties": {
    "confidence": 0.786,
    "snr": 15.72,
    "peak_dn": 246.0,
    "background_dn": 38.3,
    "sigma_dn": 13.21,
    "pixels": 17,
    "length_m_approx": 41.2,
    "pixel": [
     21288.9,
     11534.3
    ],
    "scene": "S1A_IW_GRDH_1SDV_20241230T225903_20241230T225928_057228_070A00_44C7_COG.SAFE",
    "t": "2024-12-30T22:59:03+00:00",
    "sensor": "sentinel1-vv-cfar",
    "uncertainty_m": 22.1
   }
  },
  {
   "type": "Feature",
   "geometry": {
    "type": "Point",
    "coordinates": [
     -74.424995538353,
     39.30480664529389
    ]
   },
   "properties": {
    "confidence": 0.78,
    "snr": 15.6,
    "peak_dn": 243.0,
    "background_dn": 38.2,
    "sigma_dn": 13.12,
    "pixels": 21,
    "length_m_approx": 45.8,
    "pixel": [
     21267.7,
     11521.6
    ],
    "scene": "S1A_IW_GRDH_1SDV_20241230T225903_20241230T225928_057228_070A00_44C7_COG.SAFE",
    "t": "2024-12-30T22:59:03+00:00",
    "sensor": "sentinel1-vv-cfar",
    "uncertainty_m": 24.3
   }
  },
  {
   "type": "Feature",
   "geometry": {
    "type": "Point",
    "coordinates": [
     -74.42290503201994,
     39.308819380910265
    ]
   },
   "properties": {
    "confidence": 0.679,
    "snr": 13.58,
    "peak_dn": 228.0,
    "background_dn": 39.1,
    "sigma_dn": 13.91,
    "pixels": 18,
    "length_m_approx": 42.4,
    "pixel": [
     21292.9,
     11562.1
    ],
    "scene": "S1A_IW_GRDH_1SDV_20241230T225903_20241230T225928_057228_070A00_44C7_COG.SAFE",
    "t": "2024-12-30T22:59:03+00:00",
    "sensor": "sentinel1-vv-cfar",
    "uncertainty_m": 22.7
   }
  },
  {
   "type": "Feature",
   "geometry": {
    "type": "Point",
    "coordinates": [
     -74.39972360836806,
     39.346786336046186
    ]
   },
   "properties": {
    "confidence": 0.608,
    "snr": 12.16,
    "peak_dn": 229.0,
    "background_dn": 36.6,
    "sigma_dn": 15.82,
    "pixels": 6,
    "length_m_approx": 24.5,
    "pixel": [
     21559.5,
     11940.9
    ],
    "scene": "S1A_IW_GRDH_1SDV_20241230T225903_20241230T225928_057228_070A00_44C7_COG.SAFE",
    "t": "2024-12-30T22:59:03+00:00",
    "sensor": "sentinel1-vv-cfar",
    "uncertainty_m": 14.6
   }
  },
  {
   "type": "Feature",
   "geometry": {
    "type": "Point",
    "coordinates": [
     -74.50837385784962,
     39.29338231297083
    ]
   },
   "properties": {
    "confidence": 0.595,
    "snr": 11.9,
    "peak_dn": 160.0,
    "background_dn": 40.1,
    "sigma_dn": 10.08,
    "pixels": 17,
    "length_m_approx": 41.2,
    "pixel": [
     20537.1,
     11513.3
    ],
    "scene": "S1A_IW_GRDH_1SDV_20241230T225903_20241230T225928_057228_070A00_44C7_COG.SAFE",
    "t": "2024-12-30T22:59:03+00:00",
    "sensor": "sentinel1-vv-cfar",
    "uncertainty_m": 22.1
   }
  },
  {
   "type": "Feature",
   "geometry": {
    "type": "Point",
    "coordinates": [
     -74.36679508455909,
     39.37886516966341
    ]
   },
   "properties": {
    "confidence": 0.577,
    "snr": 11.54,
    "peak_dn": 160.0,
    "background_dn": 38.1,
    "sigma_dn": 10.57,
    "pixels": 34,
    "length_m_approx": 58.3,
    "pixel": [
     21898.0,
     12242.8
    ],
    "scene": "S1A_IW_GRDH_1SDV_20241230T225903_20241230T225928_057228_070A00_44C7_COG.SAFE",
    "t": "2024-12-30T22:59:03+00:00",
    "sensor": "sentinel1-vv-cfar",
    "uncertainty_m": 30.2
   }
  },
  {
   "type": "Feature",
   "geometry": {
    "type": "Point",
    "coordinates": [
     -74.42235708199523,
     39.328653947600614
    ]
   },
   "properties": {
    "confidence": 0.573,
    "snr": 11.46,
    "peak_dn": 139.0,
    "background_dn": 36.3,
    "sigma_dn": 8.96,
    "pixels": 15,
    "length_m_approx": 38.7,
    "pixel": [
     21333.8,
     11776.0
    ],
    "scene": "S1A_IW_GRDH_1SDV_20241230T225903_20241230T225928_057228_070A00_44C7_COG.SAFE",
    "t": "2024-12-30T22:59:03+00:00",
    "sensor": "sentinel1-vv-cfar",
    "uncertainty_m": 20.9
   }
  },
  {
   "type": "Feature",
   "geometry": {
    "type": "Point",
    "coordinates": [
     -74.40274351204836,
     39.35675224739925
    ]
   },
   "properties": {
    "confidence": 0.572,
    "snr": 11.45,
    "peak_dn": 204.0,
    "background_dn": 40.1,
    "sigma_dn": 14.32,
    "pixels": 3,
    "length_m_approx": 17.3,
    "pixel": [
     21552.0,
     12053.0
    ],
    "scene": "S1A_IW_GRDH_1SDV_20241230T225903_20241230T225928_057228_070A00_44C7_COG.SAFE",
    "t": "2024-12-30T22:59:03+00:00",
    "sensor": "sentinel1-vv-cfar",
    "uncertainty_m": 11.8
   }
  },
  {
   "type": "Feature",
   "geometry": {
    "type": "Point",
    "coordinates": [
     -74.49073597751578,
     39.31910853004441
    ]
   },
   "properties": {
    "confidence": 0.505,
    "snr": 10.1,
    "peak_dn": 110.0,
    "background_dn": 31.7,
    "sigma_dn": 7.75,
    "pixels": 5,
    "length_m_approx": 22.4,
    "pixel": [
     20734.4,
     11767.2
    ],
    "scene": "S1A_IW_GRDH_1SDV_20241230T225903_20241230T225928_057228_070A00_44C7_COG.SAFE",
    "t": "2024-12-30T22:59:03+00:00",
    "sensor": "sentinel1-vv-cfar",
    "uncertainty_m": 13.7
   }
  },
  {
   "type": "Feature",
   "geometry": {
    "type": "Point",
    "coordinates": [
     -74.40493433516468,
     39.31232458793423
    ]
   },
   "properties": {
    "confidence": 0.499,
    "snr": 9.98,
    "peak_dn": 165.0,
    "background_dn": 36.7,
    "sigma_dn": 12.86,
    "pixels": 8,
    "length_m_approx": 28.3,
    "pixel": [
     21452.2,
     11575.2
    ],
    "scene": "S1A_IW_GRDH_1SDV_20241230T225903_20241230T225928_057228_070A00_44C7_COG.SAFE",
    "t": "2024-12-30T22:59:03+00:00",
    "sensor": "sentinel1-vv-cfar",
    "uncertainty_m": 16.2
   }
  },
  {
   "type": "Feature",
   "geometry": {
    "type": "Point",
    "coordinates": [
     -74.36742050596789,
     39.37956709445777
    ]
   },
   "properties": {
    "confidence": 0.495,
    "snr": 9.89,
    "peak_dn": 146.0,
    "background_dn": 37.9,
    "sigma_dn": 10.93,
    "pixels": 4,
    "length_m_approx": 20.0,
    "pixel": [
     21894.0,
     12251.2
    ],
    "scene": "S1A_IW_GRDH_1SDV_20241230T225903_20241230T225928_057228_070A00_44C7_COG.SAFE",
    "t": "2024-12-30T22:59:03+00:00",
    "sensor": "sentinel1-vv-cfar",
    "uncertainty_m": 12.8
   }
  },
  {
   "type": "Feature",
   "geometry": {
    "type": "Point",
    "coordinates": [
     -74.32017070903272,
     39.232601068727526
    ]
   },
   "properties": {
    "confidence": 0.485,
    "snr": 9.7,
    "peak_dn": 126.0,
    "background_dn": 37.5,
    "sigma_dn": 9.13,
    "pixels": 8,
    "length_m_approx": 28.3,
    "pixel": [
     22028.5,
     10595.5
    ],
    "scene": "S1A_IW_GRDH_1SDV_20241230T225903_20241230T225928_057228_070A00_44C7_COG.SAFE",
    "t": "2024-12-30T22:59:03+00:00",
    "sensor": "sentinel1-vv-cfar",
    "uncertainty_m": 16.2
   }
  },
  {
   "type": "Feature",
   "geometry": {
    "type": "Point",
    "coordinates": [
     -74.50901859379022,
     39.293764488411895
    ]
   },
   "properties": {
    "confidence": 0.471,
    "snr": 9.43,
    "peak_dn": 135.0,
    "background_dn": 40.0,
    "sigma_dn": 10.08,
    "pixels": 3,
    "length_m_approx": 17.3,
    "pixel": [
     20532.3,
     11518.3
    ],
    "scene": "S1A_IW_GRDH_1SDV_20241230T225903_20241230T225928_057228_070A00_44C7_COG.SAFE",
    "t": "2024-12-30T22:59:03+00:00",
    "sensor": "sentinel1-vv-cfar",
    "uncertainty_m": 11.8
   }
  },
  {
   "type": "Feature",
   "geometry": {
    "type": "Point",
    "coordinates": [
     -74.50797685044739,
     39.29270430550082
    ]
   },
   "properties": {
    "confidence": 0.465,
    "snr": 9.29,
    "peak_dn": 135.0,
    "background_dn": 40.4,
    "sigma_dn": 10.18,
    "pixels": 15,
    "length_m_approx": 38.7,
    "pixel": [
     20539.2,
     11505.4
    ],
    "scene": "S1A_IW_GRDH_1SDV_20241230T225903_20241230T225928_057228_070A00_44C7_COG.SAFE",
    "t": "2024-12-30T22:59:03+00:00",
    "sensor": "sentinel1-vv-cfar",
    "uncertainty_m": 20.9
   }
  },
  {
   "type": "Feature",
   "geometry": {
    "type": "Point",
    "coordinates": [
     -74.36650900649883,
     39.378349124805744
    ]
   },
   "properties": {
    "confidence": 0.459,
    "snr": 9.18,
    "peak_dn": 136.0,
    "background_dn": 38.4,
    "sigma_dn": 10.64,
    "pixels": 21,
    "length_m_approx": 45.8,
    "pixel": [
     21899.5,
     12236.8
    ],
    "scene": "S1A_IW_GRDH_1SDV_20241230T225903_20241230T225928_057228_070A00_44C7_COG.SAFE",
    "t": "2024-12-30T22:59:03+00:00",
    "sensor": "sentinel1-vv-cfar",
    "uncertainty_m": 24.3
   }
  },
  {
   "type": "Feature",
   "geometry": {
    "type": "Point",
    "coordinates": [
     -74.5085763937307,
     39.29388069644907
    ]
   },
   "properties": {
    "confidence": 0.452,
    "snr": 9.04,
    "peak_dn": 131.0,
    "background_dn": 39.9,
    "sigma_dn": 10.08,
    "pixels": 7,
    "length_m_approx": 26.5,
    "pixel": [
     20536.3,
     11519.0
    ],
    "scene": "S1A_IW_GRDH_1SDV_20241230T225903_20241230T225928_057228_070A00_44C7_COG.SAFE",
    "t": "2024-12-30T22:59:03+00:00",
    "sensor": "sentinel1-vv-cfar",
    "uncertainty_m": 15.4
   }
  },
  {
   "type": "Feature",
   "geometry": {
    "type": "Point",
    "coordinates": [
     -74.422208437335,
     39.3065135992169
    ]
   },
   "properties": {
    "confidence": 0.443,
    "snr": 8.85,
    "peak_dn": 160.0,
    "background_dn": 38.6,
    "sigma_dn": 13.71,
    "pixels": 5,
    "length_m_approx": 22.4,
    "pixel": [
     21294.6,
     11536.2
    ],
    "scene": "S1A_IW_GRDH_1SDV_20241230T225903_20241230T225928_057228_070A00_44C7_COG.SAFE",
    "t": "2024-12-30T22:59:03+00:00",
    "sensor": "sentinel1-vv-cfar",
    "uncertainty_m": 13.7
   }
  },
  {
   "type": "Feature",
   "geometry": {
    "type": "Point",
    "coordinates": [
     -74.36734569368447,
     39.378890090263965
    ]
   },
   "properties": {
    "confidence": 0.438,
    "snr": 8.77,
    "peak_dn": 129.0,
    "background_dn": 38.0,
    "sigma_dn": 10.38,
    "pixels": 5,
    "length_m_approx": 22.4,
    "pixel": [
     21893.4,
     12243.8
    ],
    "scene": "S1A_IW_GRDH_1SDV_20241230T225903_20241230T225928_057228_070A00_44C7_COG.SAFE",
    "t": "2024-12-30T22:59:03+00:00",
    "sensor": "sentinel1-vv-cfar",
    "uncertainty_m": 13.7
   }
  },
  {
   "type": "Feature",
   "geometry": {
    "type": "Point",
    "coordinates": [
     -74.4041081697699,
     39.31372287018538
    ]
   },
   "properties": {
    "confidence": 0.436,
    "snr": 8.71,
    "peak_dn": 148.0,
    "background_dn": 36.7,
    "sigma_dn": 12.77,
    "pixels": 6,
    "length_m_approx": 24.5,
    "pixel": [
     21461.8,
     11589.2
    ],
    "scene": "S1A_IW_GRDH_1SDV_20241230T225903_20241230T225928_057228_070A00_44C7_COG.SAFE",
    "t": "2024-12-30T22:59:03+00:00",
    "sensor": "sentinel1-vv-cfar",
    "uncertainty_m": 14.6
   }
  },
  {
   "type": "Feature",
   "geometry": {
    "type": "Point",
    "coordinates": [
     -74.36628036128901,
     39.377453315564615
    ]
   },
   "properties": {
    "confidence": 0.429,
    "snr": 8.58,
    "peak_dn": 137.0,
    "background_dn": 39.2,
    "sigma_dn": 11.39,
    "pixels": 6,
    "length_m_approx": 24.5,
    "pixel": [
     21899.8,
     12226.8
    ],
    "scene": "S1A_IW_GRDH_1SDV_20241230T225903_20241230T225928_057228_070A00_44C7_COG.SAFE",
    "t": "2024-12-30T22:59:03+00:00",
    "sensor": "sentinel1-vv-cfar",
    "uncertainty_m": 14.6
   }
  },
  {
   "type": "Feature",
   "geometry": {
    "type": "Point",
    "coordinates": [
     -74.36736584630776,
     39.37931703896285
    ]
   },
   "properties": {
    "confidence": 0.408,
    "snr": 8.16,
    "peak_dn": 125.0,
    "background_dn": 37.9,
    "sigma_dn": 10.68,
    "pixels": 2,
    "length_m_approx": 14.1,
    "pixel": [
     21894.0,
     12248.5
    ],
    "scene": "S1A_IW_GRDH_1SDV_20241230T225903_20241230T225928_057228_070A00_44C7_COG.SAFE",
    "t": "2024-12-30T22:59:03+00:00",
    "sensor": "sentinel1-vv-cfar",
    "uncertainty_m": 10.7
   }
  },
  {
   "type": "Feature",
   "geometry": {
    "type": "Point",
    "coordinates": [
     -74.40488119185956,
     39.31194194516977
    ]
   },
   "properties": {
    "confidence": 0.404,
    "snr": 8.08,
    "peak_dn": 141.0,
    "background_dn": 36.7,
    "sigma_dn": 12.92,
    "pixels": 3,
    "length_m_approx": 17.3,
    "pixel": [
     21452.0,
     11571.0
    ],
    "scene": "S1A_IW_GRDH_1SDV_20241230T225903_20241230T225928_057228_070A00_44C7_COG.SAFE",
    "t": "2024-12-30T22:59:03+00:00",
    "sensor": "sentinel1-vv-cfar",
    "uncertainty_m": 11.8
   }
  },
  {
   "type": "Feature",
   "geometry": {
    "type": "Point",
    "coordinates": [
     -74.3928385057368,
     39.366197065032026
    ]
   },
   "properties": {
    "confidence": 0.401,
    "snr": 8.01,
    "peak_dn": 157.0,
    "background_dn": 45.5,
    "sigma_dn": 13.92,
    "pixels": 4,
    "length_m_approx": 20.0,
    "pixel": [
     21653.5,
     12141.5
    ],
    "scene": "S1A_IW_GRDH_1SDV_20241230T225903_20241230T225928_057228_070A00_44C7_COG.SAFE",
    "t": "2024-12-30T22:59:03+00:00",
    "sensor": "sentinel1-vv-cfar",
    "uncertainty_m": 12.8
   }
  },
  {
   "type": "Feature",
   "geometry": {
    "type": "Point",
    "coordinates": [
     -74.43043970563735,
     39.24897132350403
    ]
   },
   "properties": {
    "confidence": 0.399,
    "snr": 7.98,
    "peak_dn": 117.0,
    "background_dn": 40.3,
    "sigma_dn": 9.61,
    "pixels": 4,
    "length_m_approx": 20.0,
    "pixel": [
     21119.2,
     10925.0
    ],
    "scene": "S1A_IW_GRDH_1SDV_20241230T225903_20241230T225928_057228_070A00_44C7_COG.SAFE",
    "t": "2024-12-30T22:59:03+00:00",
    "sensor": "sentinel1-vv-cfar",
    "uncertainty_m": 12.8
   }
  },
  {
   "type": "Feature",
   "geometry": {
    "type": "Point",
    "coordinates": [
     -74.42519865311134,
     39.30524328171905
    ]
   },
   "properties": {
    "confidence": 0.39,
    "snr": 7.79,
    "peak_dn": 143.0,
    "background_dn": 38.3,
    "sigma_dn": 13.44,
    "pixels": 5,
    "length_m_approx": 22.4,
    "pixel": [
     21266.8,
     11526.6
    ],
    "scene": "S1A_IW_GRDH_1SDV_20241230T225903_20241230T225928_057228_070A00_44C7_COG.SAFE",
    "t": "2024-12-30T22:59:03+00:00",
    "sensor": "sentinel1-vv-cfar",
    "uncertainty_m": 13.7
   }
  },
  {
   "type": "Feature",
   "geometry": {
    "type": "Point",
    "coordinates": [
     -74.41209131973106,
     39.309126173673086
    ]
   },
   "properties": {
    "confidence": 0.386,
    "snr": 7.71,
    "peak_dn": 134.0,
    "background_dn": 36.9,
    "sigma_dn": 12.59,
    "pixels": 4,
    "length_m_approx": 20.0,
    "pixel": [
     21385.5,
     11550.5
    ],
    "scene": "S1A_IW_GRDH_1SDV_20241230T225903_20241230T225928_057228_070A00_44C7_COG.SAFE",
    "t": "2024-12-30T22:59:03+00:00",
    "sensor": "sentinel1-vv-cfar",
    "uncertainty_m": 12.8
   }
  },
  {
   "type": "Feature",
   "geometry": {
    "type": "Point",
    "coordinates": [
     -74.43678259989828,
     39.3013046864843
    ]
   },
   "properties": {
    "confidence": 0.385,
    "snr": 7.7,
    "peak_dn": 107.0,
    "background_dn": 36.3,
    "sigma_dn": 9.18,
    "pixels": 3,
    "length_m_approx": 17.3,
    "pixel": [
     21161.0,
     11500.0
    ],
    "scene": "S1A_IW_GRDH_1SDV_20241230T225903_20241230T225928_057228_070A00_44C7_COG.SAFE",
    "t": "2024-12-30T22:59:03+00:00",
    "sensor": "sentinel1-vv-cfar",
    "uncertainty_m": 11.8
   }
  },
  {
   "type": "Feature",
   "geometry": {
    "type": "Point",
    "coordinates": [
     -74.41445689201389,
     39.31769385844352
    ]
   },
   "properties": {
    "confidence": 0.381,
    "snr": 7.62,
    "peak_dn": 102.0,
    "background_dn": 36.0,
    "sigma_dn": 8.66,
    "pixels": 2,
    "length_m_approx": 14.1,
    "pixel": [
     21381.0,
     11646.5
    ],
    "scene": "S1A_IW_GRDH_1SDV_20241230T225903_20241230T225928_057228_070A00_44C7_COG.SAFE",
    "t": "2024-12-30T22:59:03+00:00",
    "sensor": "sentinel1-vv-cfar",
    "uncertainty_m": 10.7
   }
  },
  {
   "type": "Feature",
   "geometry": {
    "type": "Point",
    "coordinates": [
     -74.45734638122782,
     39.29223395491685
    ]
   },
   "properties": {
    "confidence": 0.379,
    "snr": 7.58,
    "peak_dn": 104.0,
    "background_dn": 36.2,
    "sigma_dn": 8.94,
    "pixels": 3,
    "length_m_approx": 17.3,
    "pixel": [
     20969.3,
     11430.3
    ],
    "scene": "S1A_IW_GRDH_1SDV_20241230T225903_20241230T225928_057228_070A00_44C7_COG.SAFE",
    "t": "2024-12-30T22:59:03+00:00",
    "sensor": "sentinel1-vv-cfar",
    "uncertainty_m": 11.8
   }
  },
  {
   "type": "Feature",
   "geometry": {
    "type": "Point",
    "coordinates": [
     -74.43359909323073,
     39.3313274541945
    ]
   },
   "properties": {
    "confidence": 0.373,
    "snr": 7.46,
    "peak_dn": 100.0,
    "background_dn": 36.0,
    "sigma_dn": 8.58,
    "pixels": 2,
    "length_m_approx": 14.1,
    "pixel": [
     21243.0,
     11820.5
    ],
    "scene": "S1A_IW_GRDH_1SDV_20241230T225903_20241230T225928_057228_070A00_44C7_COG.SAFE",
    "t": "2024-12-30T22:59:03+00:00",
    "sensor": "sentinel1-vv-cfar",
    "uncertainty_m": 10.7
   }
  },
  {
   "type": "Feature",
   "geometry": {
    "type": "Point",
    "coordinates": [
     -74.3681489507175,
     39.37857725180102
    ]
   },
   "properties": {
    "confidence": 0.355,
    "snr": 7.1,
    "peak_dn": 112.0,
    "background_dn": 38.3,
    "sigma_dn": 10.39,
    "pixels": 2,
    "length_m_approx": 14.1,
    "pixel": [
     21886.0,
     12241.5
    ],
    "scene": "S1A_IW_GRDH_1SDV_20241230T225903_20241230T225928_057228_070A00_44C7_COG.SAFE",
    "t": "2024-12-30T22:59:03+00:00",
    "sensor": "sentinel1-vv-cfar",
    "uncertainty_m": 10.7
   }
  },
  {
   "type": "Feature",
   "geometry": {
    "type": "Point",
    "coordinates": [
     -74.45233036396274,
     39.28646972056505
    ]
   },
   "properties": {
    "confidence": 0.35,
    "snr": 7.0,
    "peak_dn": 99.0,
    "background_dn": 36.2,
    "sigma_dn": 8.97,
    "pixels": 2,
    "length_m_approx": 14.1,
    "pixel": [
     21001.5,
     11361.0
    ],
    "scene": "S1A_IW_GRDH_1SDV_20241230T225903_20241230T225928_057228_070A00_44C7_COG.SAFE",
    "t": "2024-12-30T22:59:03+00:00",
    "sensor": "sentinel1-vv-cfar",
    "uncertainty_m": 10.7
   }
  },
  {
   "type": "Feature",
   "geometry": {
    "type": "Point",
    "coordinates": [
     -74.3088447210011,
     39.21611685546206
    ]
   },
   "properties": {
    "confidence": 0.348,
    "snr": 6.97,
    "peak_dn": 108.0,
    "background_dn": 39.4,
    "sigma_dn": 9.85,
    "pixels": 2,
    "length_m_approx": 14.1,
    "pixel": [
     22095.0,
     10401.5
    ],
    "scene": "S1A_IW_GRDH_1SDV_20241230T225903_20241230T225928_057228_070A00_44C7_COG.SAFE",
    "t": "2024-12-30T22:59:03+00:00",
    "sensor": "sentinel1-vv-cfar",
    "uncertainty_m": 10.7
   }
  },
  {
   "type": "Feature",
   "geometry": {
    "type": "Point",
    "coordinates": [
     -74.39920467759796,
     39.36436810745446
    ]
   },
   "properties": {
    "confidence": 0.337,
    "snr": 6.75,
    "peak_dn": 170.0,
    "background_dn": 48.3,
    "sigma_dn": 18.03,
    "pixels": 2,
    "length_m_approx": 14.1,
    "pixel": [
     21596.0,
     12130.5
    ],
    "scene": "S1A_IW_GRDH_1SDV_20241230T225903_20241230T225928_057228_070A00_44C7_COG.SAFE",
    "t": "2024-12-30T22:59:03+00:00",
    "sensor": "sentinel1-vv-cfar",
    "uncertainty_m": 10.7
   }
  },
  {
   "type": "Feature",
   "geometry": {
    "type": "Point",
    "coordinates": [
     -74.46089766890928,
     39.21115561648738
    ]
   },
   "properties": {
    "confidence": 0.328,
    "snr": 6.55,
    "peak_dn": 103.0,
    "background_dn": 40.0,
    "sigma_dn": 9.62,
    "pixels": 2,
    "length_m_approx": 14.1,
    "pixel": [
     20790.5,
     10558.0
    ],
    "scene": "S1A_IW_GRDH_1SDV_20241230T225903_20241230T225928_057228_070A00_44C7_COG.SAFE",
    "t": "2024-12-30T22:59:03+00:00",
    "sensor": "sentinel1-vv-cfar",
    "uncertainty_m": 10.7
   }
  },
  {
   "type": "Feature",
   "geometry": {
    "type": "Point",
    "coordinates": [
     -74.3670422090467,
     39.37945430735146
    ]
   },
   "properties": {
    "confidence": 0.324,
    "snr": 6.48,
    "peak_dn": 108.0,
    "background_dn": 37.9,
    "sigma_dn": 10.81,
    "pixels": 2,
    "length_m_approx": 14.1,
    "pixel": [
     21897.0,
     12249.5
    ],
    "scene": "S1A_IW_GRDH_1SDV_20241230T225903_20241230T225928_057228_070A00_44C7_COG.SAFE",
    "t": "2024-12-30T22:59:03+00:00",
    "sensor": "sentinel1-vv-cfar",
    "uncertainty_m": 10.7
   }
  },
  {
   "type": "Feature",
   "geometry": {
    "type": "Point",
    "coordinates": [
     -74.41109932131361,
     39.309714234253775
    ]
   },
   "properties": {
    "confidence": 0.321,
    "snr": 6.43,
    "peak_dn": 103.0,
    "background_dn": 36.7,
    "sigma_dn": 10.31,
    "pixels": 2,
    "length_m_approx": 14.1,
    "pixel": [
     21395.0,
     11555.5
    ],
    "scene": "S1A_IW_GRDH_1SDV_20241230T225903_20241230T225928_057228_070A00_44C7_COG.SAFE",
    "t": "2024-12-30T22:59:03+00:00",
    "sensor": "sentinel1-vv-cfar",
    "uncertainty_m": 10.7
   }
  },
  {
   "type": "Feature",
   "geometry": {
    "type": "Point",
    "coordinates": [
     -74.50742518331982,
     39.29301391819113
    ]
   },
   "properties": {
    "confidence": 0.314,
    "snr": 6.29,
    "peak_dn": 104.0,
    "background_dn": 40.3,
    "sigma_dn": 10.14,
    "pixels": 2,
    "length_m_approx": 14.1,
    "pixel": [
     20544.5,
     11508.0
    ],
    "scene": "S1A_IW_GRDH_1SDV_20241230T225903_20241230T225928_057228_070A00_44C7_COG.SAFE",
    "t": "2024-12-30T22:59:03+00:00",
    "sensor": "sentinel1-vv-cfar",
    "uncertainty_m": 10.7
   }
  },
  {
   "type": "Feature",
   "geometry": {
    "type": "Point",
    "coordinates": [
     -74.42463320314098,
     39.326514126791714
    ]
   },
   "properties": {
    "confidence": 0.314,
    "snr": 6.27,
    "peak_dn": 93.0,
    "background_dn": 36.0,
    "sigma_dn": 9.08,
    "pixels": 2,
    "length_m_approx": 14.1,
    "pixel": [
     21310.5,
     11756.0
    ],
    "scene": "S1A_IW_GRDH_1SDV_20241230T225903_20241230T225928_057228_070A00_44C7_COG.SAFE",
    "t": "2024-12-30T22:59:03+00:00",
    "sensor": "sentinel1-vv-cfar",
    "uncertainty_m": 10.7
   }
  },
  {
   "type": "Feature",
   "geometry": {
    "type": "Point",
    "coordinates": [
     -74.22552530837822,
     39.37573729226126
    ]
   },
   "properties": {
    "confidence": 0.444,
    "snr": 8.87,
    "peak_dn": 114.0,
    "background_dn": 36.4,
    "sigma_dn": 8.74,
    "pixels": 3,
    "length_m_approx": 17.3,
    "pixel": [
     23093.3,
     12015.7
    ],
    "scene": "S1A_IW_GRDH_1SDV_20241230T225903_20241230T225928_057228_070A00_44C7_COG.SAFE",
    "t": "2024-12-30T22:59:03+00:00",
    "sensor": "sentinel1-vv-cfar",
    "uncertainty_m": 11.8
   }
  },
  {
   "type": "Feature",
   "geometry": {
    "type": "Point",
    "coordinates": [
     -74.18129754032917,
     39.24027395314235
    ]
   },
   "properties": {
    "confidence": 0.374,
    "snr": 7.48,
    "peak_dn": 99.0,
    "background_dn": 35.4,
    "sigma_dn": 8.5,
    "pixels": 3,
    "length_m_approx": 17.3,
    "pixel": [
     23225.3,
     10488.3
    ],
    "scene": "S1A_IW_GRDH_1SDV_20241230T225903_20241230T225928_057228_070A00_44C7_COG.SAFE",
    "t": "2024-12-30T22:59:03+00:00",
    "sensor": "sentinel1-vv-cfar",
    "uncertainty_m": 11.8
   }
  },
  {
   "type": "Feature",
   "geometry": {
    "type": "Point",
    "coordinates": [
     -74.18313947537997,
     39.24019815761287
    ]
   },
   "properties": {
    "confidence": 0.35,
    "snr": 7.01,
    "peak_dn": 95.0,
    "background_dn": 35.5,
    "sigma_dn": 8.49,
    "pixels": 2,
    "length_m_approx": 14.1,
    "pixel": [
     23209.5,
     10490.0
    ],
    "scene": "S1A_IW_GRDH_1SDV_20241230T225903_20241230T225928_057228_070A00_44C7_COG.SAFE",
    "t": "2024-12-30T22:59:03+00:00",
    "sensor": "sentinel1-vv-cfar",
    "uncertainty_m": 10.7
   }
  },
  {
   "type": "Feature",
   "geometry": {
    "type": "Point",
    "coordinates": [
     -74.00965768342132,
     39.384314242371644
    ]
   },
   "properties": {
    "confidence": 0.559,
    "snr": 11.18,
    "peak_dn": 183.0,
    "background_dn": 48.0,
    "sigma_dn": 12.07,
    "pixels": 11,
    "length_m_approx": 33.2,
    "pixel": [
     24944.2,
     11817.0
    ],
    "scene": "S1A_IW_GRDH_1SDV_20241230T225903_20241230T225928_057228_070A00_44C7_COG.SAFE",
    "t": "2024-12-30T22:59:03+00:00",
    "sensor": "sentinel1-vv-cfar",
    "uncertainty_m": 18.0
   }
  },
  {
   "type": "Feature",
   "geometry": {
    "type": "Point",
    "coordinates": [
     -74.00976381456243,
     39.38506548966651
    ]
   },
   "properties": {
    "confidence": 0.551,
    "snr": 11.02,
    "peak_dn": 180.0,
    "background_dn": 47.9,
    "sigma_dn": 11.99,
    "pixels": 13,
    "length_m_approx": 36.1,
    "pixel": [
     24944.6,
     11825.3
    ],
    "scene": "S1A_IW_GRDH_1SDV_20241230T225903_20241230T225928_057228_070A00_44C7_COG.SAFE",
    "t": "2024-12-30T22:59:03+00:00",
    "sensor": "sentinel1-vv-cfar",
    "uncertainty_m": 19.3
   }
  },
  {
   "type": "Feature",
   "geometry": {
    "type": "Point",
    "coordinates": [
     -74.01081682140436,
     39.38483602022846
    ]
   },
   "properties": {
    "confidence": 0.365,
    "snr": 7.29,
    "peak_dn": 135.0,
    "background_dn": 47.9,
    "sigma_dn": 11.94,
    "pixels": 4,
    "length_m_approx": 20.0,
    "pixel": [
     24935.2,
     11824.3
    ],
    "scene": "S1A_IW_GRDH_1SDV_20241230T225903_20241230T225928_057228_070A00_44C7_COG.SAFE",
    "t": "2024-12-30T22:59:03+00:00",
    "sensor": "sentinel1-vv-cfar",
    "uncertainty_m": 12.2
   }
  },
  {
   "type": "Feature",
   "geometry": {
    "type": "Point",
    "coordinates": [
     -74.0098567109103,
     39.38554726730656
    ]
   },
   "properties": {
    "confidence": 0.343,
    "snr": 6.87,
    "peak_dn": 130.0,
    "background_dn": 47.9,
    "sigma_dn": 11.96,
    "pixels": 3,
    "length_m_approx": 17.3,
    "pixel": [
     24944.7,
     11830.7
    ],
    "scene": "S1A_IW_GRDH_1SDV_20241230T225903_20241230T225928_057228_070A00_44C7_COG.SAFE",
    "t": "2024-12-30T22:59:03+00:00",
    "sensor": "sentinel1-vv-cfar",
    "uncertainty_m": 11.1
   }
  },
  {
   "type": "Feature",
   "geometry": {
    "type": "Point",
    "coordinates": [
     -76.29989832067747,
     39.1638419976627
    ]
   },
   "properties": {
    "confidence": 0.95,
    "snr": 58.7,
    "peak_dn": 1269.0,
    "background_dn": 84.2,
    "sigma_dn": 20.18,
    "pixels": 55,
    "length_m_approx": 74.2,
    "pixel": [
     5056.9,
     12749.6
    ],
    "scene": "S1A_IW_GRDH_1SDV_20241230T225903_20241230T225928_057228_070A00_44C7_COG.SAFE",
    "t": "2024-12-30T22:59:03+00:00",
    "sensor": "sentinel1-vv-cfar",
    "uncertainty_m": 45.1
   }
  },
  {
   "type": "Feature",
   "geometry": {
    "type": "Point",
    "coordinates": [
     -76.33484820400508,
     39.13560084720839
    ]
   },
   "properties": {
    "confidence": 0.908,
    "snr": 18.17,
    "peak_dn": 450.0,
    "background_dn": 86.6,
    "sigma_dn": 20.0,
    "pixels": 12,
    "length_m_approx": 34.6,
    "pixel": [
     4701.3,
     12500.7
    ],
    "scene": "S1A_IW_GRDH_1SDV_20241230T225903_20241230T225928_057228_070A00_44C7_COG.SAFE",
    "t": "2024-12-30T22:59:03+00:00",
    "sensor": "sentinel1-vv-cfar",
    "uncertainty_m": 31.0
   }
  },
  {
   "type": "Feature",
   "geometry": {
    "type": "Point",
    "coordinates": [
     -76.39360975030712,
     39.18855808539041
    ]
   },
   "properties": {
    "confidence": 0.84,
    "snr": 16.81,
    "peak_dn": 391.0,
    "background_dn": 78.9,
    "sigma_dn": 18.57,
    "pixels": 12,
    "length_m_approx": 34.6,
    "pixel": [
     4310.8,
     13160.6
    ],
    "scene": "S1A_IW_GRDH_1SDV_20241230T225903_20241230T225928_057228_070A00_44C7_COG.SAFE",
    "t": "2024-12-30T22:59:03+00:00",
    "sensor": "sentinel1-vv-cfar",
    "uncertainty_m": 31.0
   }
  },
  {
   "type": "Feature",
   "geometry": {
    "type": "Point",
    "coordinates": [
     -76.3481824296696,
     39.12359064206405
    ]
   },
   "properties": {
    "confidence": 0.808,
    "snr": 16.15,
    "peak_dn": 389.0,
    "background_dn": 81.8,
    "sigma_dn": 19.02,
    "pixels": 14,
    "length_m_approx": 37.4,
    "pixel": [
     4563.0,
     12392.5
    ],
    "scene": "S1A_IW_GRDH_1SDV_20241230T225903_20241230T225928_057228_070A00_44C7_COG.SAFE",
    "t": "2024-12-30T22:59:03+00:00",
    "sensor": "sentinel1-vv-cfar",
    "uncertainty_m": 31.8
   }
  },
  {
   "type": "Feature",
   "geometry": {
    "type": "Point",
    "coordinates": [
     -76.21202538065069,
     39.302981944975855
    ]
   },
   "properties": {
    "confidence": 0.74,
    "snr": 14.8,
    "peak_dn": 368.0,
    "background_dn": 82.3,
    "sigma_dn": 19.3,
    "pixels": 7,
    "length_m_approx": 26.5,
    "pixel": [
     6087.0,
     14108.7
    ],
    "scene": "S1A_IW_GRDH_1SDV_20241230T225903_20241230T225928_057228_070A00_44C7_COG.SAFE",
    "t": "2024-12-30T22:59:03+00:00",
    "sensor": "sentinel1-vv-cfar",
    "uncertainty_m": 24.8
   }
  },
  {
   "type": "Feature",
   "geometry": {
    "type": "Point",
    "coordinates": [
     -76.39559799894086,
     39.107957849730475
    ]
   },
   "properties": {
    "confidence": 0.653,
    "snr": 13.06,
    "peak_dn": 289.0,
    "background_dn": 69.5,
    "sigma_dn": 16.8,
    "pixels": 8,
    "length_m_approx": 28.3,
    "pixel": [
     4127.0,
     12298.5
    ],
    "scene": "S1A_IW_GRDH_1SDV_20241230T225903_20241230T225928_057228_070A00_44C7_COG.SAFE",
    "t": "2024-12-30T22:59:03+00:00",
    "sensor": "sentinel1-vv-cfar",
    "uncertainty_m": 29.4
   }
  },
  {
   "type": "Feature",
   "geometry": {
    "type": "Point",
    "coordinates": [
     -76.23595408817386,
     39.302067508909744
    ]
   },
   "properties": {
    "confidence": 0.645,
    "snr": 12.89,
    "peak_dn": 329.0,
    "background_dn": 78.0,
    "sigma_dn": 19.47,
    "pixels": 9,
    "length_m_approx": 30.0,
    "pixel": [
     5882.2,
     14135.7
    ],
    "scene": "S1A_IW_GRDH_1SDV_20241230T225903_20241230T225928_057228_070A00_44C7_COG.SAFE",
    "t": "2024-12-30T22:59:03+00:00",
    "sensor": "sentinel1-vv-cfar",
    "uncertainty_m": 25.8
   }
  },
  {
   "type": "Feature",
   "geometry": {
    "type": "Point",
    "coordinates": [
     -76.40149123452662,
     39.13871404682673
    ]
   },
   "properties": {
    "confidence": 0.55,
    "snr": 11.01,
    "peak_dn": 315.0,
    "background_dn": 85.7,
    "sigma_dn": 20.84,
    "pixels": 5,
    "length_m_approx": 22.4,
    "pixel": [
     4140.6,
     12637.8
    ],
    "scene": "S1A_IW_GRDH_1SDV_20241230T225903_20241230T225928_057228_070A00_44C7_COG.SAFE",
    "t": "2024-12-30T22:59:03+00:00",
    "sensor": "sentinel1-vv-cfar",
    "uncertainty_m": 28.0
   }
  },
  {
   "type": "Feature",
   "geometry": {
    "type": "Point",
    "coordinates": [
     -76.2252931248519,
     39.29583012925583
    ]
   },
   "properties": {
    "confidence": 0.545,
    "snr": 10.91,
    "peak_dn": 292.0,
    "background_dn": 81.2,
    "sigma_dn": 19.33,
    "pixels": 4,
    "length_m_approx": 20.0,
    "pixel": [
     5960.0,
     14052.2
    ],
    "scene": "S1A_IW_GRDH_1SDV_20241230T225903_20241230T225928_057228_070A00_44C7_COG.SAFE",
    "t": "2024-12-30T22:59:03+00:00",
    "sensor": "sentinel1-vv-cfar",
    "uncertainty_m": 23.3
   }
  },
  {
   "type": "Feature",
   "geometry": {
    "type": "Point",
    "coordinates": [
     -76.29180394051184,
     39.17636564641427
    ]
   },
   "properties": {
    "confidence": 0.468,
    "snr": 9.37,
    "peak_dn": 250.0,
    "background_dn": 80.2,
    "sigma_dn": 18.13,
    "pixels": 4,
    "length_m_approx": 20.0,
    "pixel": [
     5151.5,
     12871.5
    ],
    "scene": "S1A_IW_GRDH_1SDV_20241230T225903_20241230T225928_057228_070A00_44C7_COG.SAFE",
    "t": "2024-12-30T22:59:03+00:00",
    "sensor": "sentinel1-vv-cfar",
    "uncertainty_m": 23.3
   }
  },
  {
   "type": "Feature",
   "geometry": {
    "type": "Point",
    "coordinates": [
     -76.39199702203162,
     39.126227529304344
    ]
   },
   "properties": {
    "confidence": 0.441,
    "snr": 8.82,
    "peak_dn": 281.0,
    "background_dn": 89.2,
    "sigma_dn": 21.74,
    "pixels": 2,
    "length_m_approx": 14.1,
    "pixel": [
     4195.5,
     12489.0
    ],
    "scene": "S1A_IW_GRDH_1SDV_20241230T225903_20241230T225928_057228_070A00_44C7_COG.SAFE",
    "t": "2024-12-30T22:59:03+00:00",
    "sensor": "sentinel1-vv-cfar",
    "uncertainty_m": 26.7
   }
  },
  {
   "type": "Feature",
   "geometry": {
    "type": "Point",
    "coordinates": [
     -76.22640071604778,
     39.30880861293362
    ]
   },
   "properties": {
    "confidence": 0.425,
    "snr": 8.5,
    "peak_dn": 236.0,
    "background_dn": 78.4,
    "sigma_dn": 18.54,
    "pixels": 5,
    "length_m_approx": 22.4,
    "pixel": [
     5976.8,
     14193.4
    ],
    "scene": "S1A_IW_GRDH_1SDV_20241230T225903_20241230T225928_057228_070A00_44C7_COG.SAFE",
    "t": "2024-12-30T22:59:03+00:00",
    "sensor": "sentinel1-vv-cfar",
    "uncertainty_m": 23.8
   }
  },
  {
   "type": "Feature",
   "geometry": {
    "type": "Point",
    "coordinates": [
     -76.25196106828275,
     39.304132375672296
    ]
   },
   "properties": {
    "confidence": 0.425,
    "snr": 8.5,
    "peak_dn": 226.0,
    "background_dn": 58.7,
    "sigma_dn": 19.68,
    "pixels": 4,
    "length_m_approx": 20.0,
    "pixel": [
     5750.5,
     14182.5
    ],
    "scene": "S1A_IW_GRDH_1SDV_20241230T225903_20241230T225928_057228_070A00_44C7_COG.SAFE",
    "t": "2024-12-30T22:59:03+00:00",
    "sensor": "sentinel1-vv-cfar",
    "uncertainty_m": 23.3
   }
  },
  {
   "type": "Feature",
   "geometry": {
    "type": "Point",
    "coordinates": [
     -76.26828412031989,
     39.128065752258195
    ]
   },
   "properties": {
    "confidence": 0.396,
    "snr": 7.91,
    "peak_dn": 235.0,
    "background_dn": 84.1,
    "sigma_dn": 19.07,
    "pixels": 4,
    "length_m_approx": 20.0,
    "pixel": [
     5252.0,
     12316.5
    ],
    "scene": "S1A_IW_GRDH_1SDV_20241230T225903_20241230T225928_057228_070A00_44C7_COG.SAFE",
    "t": "2024-12-30T22:59:03+00:00",
    "sensor": "sentinel1-vv-cfar",
    "uncertainty_m": 23.3
   }
  },
  {
   "type": "Feature",
   "geometry": {
    "type": "Point",
    "coordinates": [
     -76.3183823385472,
     39.14872392237943
    ]
   },
   "properties": {
    "confidence": 0.385,
    "snr": 7.71,
    "peak_dn": 246.0,
    "background_dn": 87.3,
    "sigma_dn": 20.59,
    "pixels": 2,
    "length_m_approx": 14.1,
    "pixel": [
     4868.5,
     12616.0
    ],
    "scene": "S1A_IW_GRDH_1SDV_20241230T225903_20241230T225928_057228_070A00_44C7_COG.SAFE",
    "t": "2024-12-30T22:59:03+00:00",
    "sensor": "sentinel1-vv-cfar",
    "uncertainty_m": 26.7
   }
  },
  {
   "type": "Feature",
   "geometry": {
    "type": "Point",
    "coordinates": [
     -76.25766358771573,
     39.305550758025056
    ]
   },
   "properties": {
    "confidence": 0.383,
    "snr": 7.67,
    "peak_dn": 197.0,
    "background_dn": 53.1,
    "sigma_dn": 18.77,
    "pixels": 2,
    "length_m_approx": 14.1,
    "pixel": [
     5705.0,
     14206.5
    ],
    "scene": "S1A_IW_GRDH_1SDV_20241230T225903_20241230T225928_057228_070A00_44C7_COG.SAFE",
    "t": "2024-12-30T22:59:03+00:00",
    "sensor": "sentinel1-vv-cfar",
    "uncertainty_m": 22.2
   }
  },
  {
   "type": "Feature",
   "geometry": {
    "type": "Point",
    "coordinates": [
     -76.27937379513688,
     39.29173727181086
    ]
   },
   "properties": {
    "confidence": 0.356,
    "snr": 7.13,
    "peak_dn": 157.0,
    "background_dn": 49.1,
    "sigma_dn": 15.14,
    "pixels": 2,
    "length_m_approx": 14.1,
    "pixel": [
     5493.0,
     14091.5
    ],
    "scene": "S1A_IW_GRDH_1SDV_20241230T225903_20241230T225928_057228_070A00_44C7_COG.SAFE",
    "t": "2024-12-30T22:59:03+00:00",
    "sensor": "sentinel1-vv-cfar",
    "uncertainty_m": 22.2
   }
  },
  {
   "type": "Feature",
   "geometry": {
    "type": "Point",
    "coordinates": [
     -76.28642037342841,
     39.290634748800905
    ]
   },
   "properties": {
    "confidence": 0.355,
    "snr": 7.1,
    "peak_dn": 126.0,
    "background_dn": 45.0,
    "sigma_dn": 11.4,
    "pixels": 2,
    "length_m_approx": 14.1,
    "pixel": [
     5431.0,
     14090.5
    ],
    "scene": "S1A_IW_GRDH_1SDV_20241230T225903_20241230T225928_057228_070A00_44C7_COG.SAFE",
    "t": "2024-12-30T22:59:03+00:00",
    "sensor": "sentinel1-vv-cfar",
    "uncertainty_m": 22.2
   }
  },
  {
   "type": "Feature",
   "geometry": {
    "type": "Point",
    "coordinates": [
     -76.25817890620199,
     39.3019247992001
    ]
   },
   "properties": {
    "confidence": 0.332,
    "snr": 6.65,
    "peak_dn": 208.0,
    "background_dn": 61.2,
    "sigma_dn": 22.08,
    "pixels": 3,
    "length_m_approx": 17.3,
    "pixel": [
     5693.3,
     14168.3
    ],
    "scene": "S1A_IW_GRDH_1SDV_20241230T225903_20241230T225928_057228_070A00_44C7_COG.SAFE",
    "t": "2024-12-30T22:59:03+00:00",
    "sensor": "sentinel1-vv-cfar",
    "uncertainty_m": 22.7
   }
  },
  {
   "type": "Feature",
   "geometry": {
    "type": "Point",
    "coordinates": [
     -76.32272238803549,
     39.25315867631427
    ]
   },
   "properties": {
    "confidence": 0.324,
    "snr": 6.49,
    "peak_dn": 151.0,
    "background_dn": 50.1,
    "sigma_dn": 15.56,
    "pixels": 2,
    "length_m_approx": 14.1,
    "pixel": [
     5046.5,
     13744.0
    ],
    "scene": "S1A_IW_GRDH_1SDV_20241230T225903_20241230T225928_057228_070A00_44C7_COG.SAFE",
    "t": "2024-12-30T22:59:03+00:00",
    "sensor": "sentinel1-vv-cfar",
    "uncertainty_m": 26.7
   }
  },
  {
   "type": "Feature",
   "geometry": {
    "type": "Point",
    "coordinates": [
     -75.50256778603801,
     39.36981226789568
    ]
   },
   "properties": {
    "confidence": 0.649,
    "snr": 12.98,
    "peak_dn": 227.0,
    "background_dn": 39.8,
    "sigma_dn": 14.42,
    "pixels": 7,
    "length_m_approx": 26.5,
    "pixel": [
     12236.3,
     13761.0
    ],
    "scene": "S1A_IW_GRDH_1SDV_20241230T225903_20241230T225928_057228_070A00_44C7_COG.SAFE",
    "t": "2024-12-30T22:59:03+00:00",
    "sensor": "sentinel1-vv-cfar",
    "uncertainty_m": 15.0
   }
  },
  {
   "type": "Feature",
   "geometry": {
    "type": "Point",
    "coordinates": [
     -75.37605524688735,
     39.305364398482816
    ]
   },
   "properties": {
    "confidence": 0.95,
    "snr": 91.73,
    "peak_dn": 1118.0,
    "background_dn": 41.2,
    "sigma_dn": 11.74,
    "pixels": 31,
    "length_m_approx": 55.7,
    "pixel": [
     13184.9,
     12880.7
    ],
    "scene": "S1A_IW_GRDH_1SDV_20241230T225903_20241230T225928_057228_070A00_44C7_COG.SAFE",
    "t": "2024-12-30T22:59:03+00:00",
    "sensor": "sentinel1-vv-cfar",
    "uncertainty_m": 28.7
   }
  },
  {
   "type": "Feature",
   "geometry": {
    "type": "Point",
    "coordinates": [
     -75.49249385822795,
     39.39983181607484
    ]
   },
   "properties": {
    "confidence": 0.95,
    "snr": 54.39,
    "peak_dn": 520.0,
    "background_dn": 37.8,
    "sigma_dn": 8.86,
    "pixels": 15,
    "length_m_approx": 38.7,
    "pixel": [
     12380.3,
     14069.6
    ],
    "scene": "S1A_IW_GRDH_1SDV_20241230T225903_20241230T225928_057228_070A00_44C7_COG.SAFE",
    "t": "2024-12-30T22:59:03+00:00",
    "sensor": "sentinel1-vv-cfar",
    "uncertainty_m": 20.6
   }
  },
  {
   "type": "Feature",
   "geometry": {
    "type": "Point",
    "coordinates": [
     -75.32764819369952,
     39.25922930957637
    ]
   },
   "properties": {
    "confidence": 0.95,
    "snr": 39.75,
    "peak_dn": 537.0,
    "background_dn": 44.1,
    "sigma_dn": 12.4,
    "pixels": 25,
    "length_m_approx": 50.0,
    "pixel": [
     13506.9,
     12312.6
    ],
    "scene": "S1A_IW_GRDH_1SDV_20241230T225903_20241230T225928_057228_070A00_44C7_COG.SAFE",
    "t": "2024-12-30T22:59:03+00:00",
    "sensor": "sentinel1-vv-cfar",
    "uncertainty_m": 26.0
   }
  },
  {
   "type": "Feature",
   "geometry": {
    "type": "Point",
    "coordinates": [
     -75.46580968835444,
     39.376639746249396
    ]
   },
   "properties": {
    "confidence": 0.95,
    "snr": 28.78,
    "peak_dn": 373.0,
    "background_dn": 43.8,
    "sigma_dn": 11.44,
    "pixels": 14,
    "length_m_approx": 37.4,
    "pixel": [
     12561.7,
     13780.4
    ],
    "scene": "S1A_IW_GRDH_1SDV_20241230T225903_20241230T225928_057228_070A00_44C7_COG.SAFE",
    "t": "2024-12-30T22:59:03+00:00",
    "sensor": "sentinel1-vv-cfar",
    "uncertainty_m": 20.0
   }
  },
  {
   "type": "Feature",
   "geometry": {
    "type": "Point",
    "coordinates": [
     -75.34419895259668,
     39.26741345126589
    ]
   },
   "properties": {
    "confidence": 0.945,
    "snr": 18.9,
    "peak_dn": 281.0,
    "background_dn": 49.4,
    "sigma_dn": 12.25,
    "pixels": 9,
    "length_m_approx": 30.0,
    "pixel": [
     13382.0,
     12425.0
    ],
    "scene": "S1A_IW_GRDH_1SDV_20241230T225903_20241230T225928_057228_070A00_44C7_COG.SAFE",
    "t": "2024-12-30T22:59:03+00:00",
    "sensor": "sentinel1-vv-cfar",
    "uncertainty_m": 16.5
   }
  },
  {
   "type": "Feature",
   "geometry": {
    "type": "Point",
    "coordinates": [
     -75.41265046761501,
     39.31454208388921
    ]
   },
   "properties": {
    "confidence": 0.732,
    "snr": 14.65,
    "peak_dn": 220.0,
    "background_dn": 43.2,
    "sigma_dn": 12.07,
    "pixels": 7,
    "length_m_approx": 26.5,
    "pixel": [
     12892.3,
     13033.0
    ],
    "scene": "S1A_IW_GRDH_1SDV_20241230T225903_20241230T225928_057228_070A00_44C7_COG.SAFE",
    "t": "2024-12-30T22:59:03+00:00",
    "sensor": "sentinel1-vv-cfar",
    "uncertainty_m": 15.0
   }
  },
  {
   "type": "Feature",
   "geometry": {
    "type": "Point",
    "coordinates": [
     -75.37201523753151,
     39.296451718052914
    ]
   },
   "properties": {
    "confidence": 0.649,
    "snr": 12.98,
    "peak_dn": 194.0,
    "background_dn": 42.1,
    "sigma_dn": 11.7,
    "pixels": 7,
    "length_m_approx": 26.5,
    "pixel": [
     13202.0,
     12778.7
    ],
    "scene": "S1A_IW_GRDH_1SDV_20241230T225903_20241230T225928_057228_070A00_44C7_COG.SAFE",
    "t": "2024-12-30T22:59:03+00:00",
    "sensor": "sentinel1-vv-cfar",
    "uncertainty_m": 15.0
   }
  },
  {
   "type": "Feature",
   "geometry": {
    "type": "Point",
    "coordinates": [
     -75.43602028586179,
     39.35122381308254
    ]
   },
   "properties": {
    "confidence": 0.497,
    "snr": 9.95,
    "peak_dn": 158.0,
    "background_dn": 45.0,
    "sigma_dn": 11.36,
    "pixels": 3,
    "length_m_approx": 17.3,
    "pixel": [
     12765.3,
     13462.7
    ],
    "scene": "S1A_IW_GRDH_1SDV_20241230T225903_20241230T225928_057228_070A00_44C7_COG.SAFE",
    "t": "2024-12-30T22:59:03+00:00",
    "sensor": "sentinel1-vv-cfar",
    "uncertainty_m": 11.1
   }
  },
  {
   "type": "Feature",
   "geometry": {
    "type": "Point",
    "coordinates": [
     -75.32711400330393,
     39.25771835482189
    ]
   },
   "properties": {
    "confidence": 0.344,
    "snr": 6.88,
    "peak_dn": 125.0,
    "background_dn": 43.6,
    "sigma_dn": 11.83,
    "pixels": 4,
    "length_m_approx": 20.0,
    "pixel": [
     13508.5,
     12295.5
    ],
    "scene": "S1A_IW_GRDH_1SDV_20241230T225903_20241230T225928_057228_070A00_44C7_COG.SAFE",
    "t": "2024-12-30T22:59:03+00:00",
    "sensor": "sentinel1-vv-cfar",
    "uncertainty_m": 12.2
   }
  },
  {
   "type": "Feature",
   "geometry": {
    "type": "Point",
    "coordinates": [
     -74.37817022920508,
     39.46090578078492
    ]
   },
   "properties": {
    "confidence": 0.762,
    "snr": 15.24,
    "peak_dn": 174.0,
    "background_dn": 37.0,
    "sigma_dn": 8.99,
    "pixels": 7,
    "length_m_approx": 26.5,
    "pixel": [
     21950.4,
     13146.5
    ],
    "scene": "S1A_IW_GRDH_1SDV_20241230T225903_20241230T225928_057228_070A00_44C7_COG.SAFE",
    "t": "2024-12-30T22:59:03+00:00",
    "sensor": "sentinel1-vv-cfar",
    "uncertainty_m": 15.4
   }
  },
  {
   "type": "Feature",
   "geometry": {
    "type": "Point",
    "coordinates": [
     -74.38064488196169,
     39.498014501331774
    ]
   },
   "properties": {
    "confidence": 0.437,
    "snr": 8.73,
    "peak_dn": 97.0,
    "background_dn": 30.4,
    "sigma_dn": 7.63,
    "pixels": 3,
    "length_m_approx": 17.3,
    "pixel": [
     21996.7,
     13551.7
    ],
    "scene": "S1A_IW_GRDH_1SDV_20241230T225903_20241230T225928_057228_070A00_44C7_COG.SAFE",
    "t": "2024-12-30T22:59:03+00:00",
    "sensor": "sentinel1-vv-cfar",
    "uncertainty_m": 11.8
   }
  },
  {
   "type": "Feature",
   "geometry": {
    "type": "Point",
    "coordinates": [
     -74.3635943109045,
     39.51745921798559
    ]
   },
   "properties": {
    "confidence": 0.406,
    "snr": 8.11,
    "peak_dn": 114.0,
    "background_dn": 33.0,
    "sigma_dn": 9.99,
    "pixels": 7,
    "length_m_approx": 26.5,
    "pixel": [
     22176.6,
     13738.9
    ],
    "scene": "S1A_IW_GRDH_1SDV_20241230T225903_20241230T225928_057228_070A00_44C7_COG.SAFE",
    "t": "2024-12-30T22:59:03+00:00",
    "sensor": "sentinel1-vv-cfar",
    "uncertainty_m": 15.4
   }
  },
  {
   "type": "Feature",
   "geometry": {
    "type": "Point",
    "coordinates": [
     -74.37434066740536,
     39.49874652864477
    ]
   },
   "properties": {
    "confidence": 0.354,
    "snr": 7.09,
    "peak_dn": 89.0,
    "background_dn": 31.8,
    "sigma_dn": 8.07,
    "pixels": 2,
    "length_m_approx": 14.1,
    "pixel": [
     22051.5,
     13551.0
    ],
    "scene": "S1A_IW_GRDH_1SDV_20241230T225903_20241230T225928_057228_070A00_44C7_COG.SAFE",
    "t": "2024-12-30T22:59:03+00:00",
    "sensor": "sentinel1-vv-cfar",
    "uncertainty_m": 10.7
   }
  },
  {
   "type": "Feature",
   "geometry": {
    "type": "Point",
    "coordinates": [
     -74.36736102661551,
     39.498610257379816
    ]
   },
   "properties": {
    "confidence": 0.34,
    "snr": 6.8,
    "peak_dn": 91.0,
    "background_dn": 33.5,
    "sigma_dn": 8.45,
    "pixels": 2,
    "length_m_approx": 14.1,
    "pixel": [
     22110.5,
     13540.0
    ],
    "scene": "S1A_IW_GRDH_1SDV_20241230T225903_20241230T225928_057228_070A00_44C7_COG.SAFE",
    "t": "2024-12-30T22:59:03+00:00",
    "sensor": "sentinel1-vv-cfar",
    "uncertainty_m": 10.7
   }
  },
  {
   "type": "Feature",
   "geometry": {
    "type": "Point",
    "coordinates": [
     -74.33956166036054,
     39.503915043880184
    ]
   },
   "properties": {
    "confidence": 0.318,
    "snr": 6.36,
    "peak_dn": 145.0,
    "background_dn": 39.5,
    "sigma_dn": 16.58,
    "pixels": 2,
    "length_m_approx": 14.1,
    "pixel": [
     22356.0,
     13559.5
    ],
    "scene": "S1A_IW_GRDH_1SDV_20241230T225903_20241230T225928_057228_070A00_44C7_COG.SAFE",
    "t": "2024-12-30T22:59:03+00:00",
    "sensor": "sentinel1-vv-cfar",
    "uncertainty_m": 10.7
   }
  },
  {
   "type": "Feature",
   "geometry": {
    "type": "Point",
    "coordinates": [
     -74.22827055999804,
     39.41218460845605
    ]
   },
   "properties": {
    "confidence": 0.95,
    "snr": 62.16,
    "peak_dn": 647.0,
    "background_dn": 40.2,
    "sigma_dn": 9.76,
    "pixels": 21,
    "length_m_approx": 45.8,
    "pixel": [
     23135.6,
     12414.2
    ],
    "scene": "S1A_IW_GRDH_1SDV_20241230T225903_20241230T225928_057228_070A00_44C7_COG.SAFE",
    "t": "2024-12-30T22:59:03+00:00",
    "sensor": "sentinel1-vv-cfar",
    "uncertainty_m": 24.3
   }
  },
  {
   "type": "Feature",
   "geometry": {
    "type": "Point",
    "coordinates": [
     -74.25139836034887,
     39.576288131862476
    ]
   },
   "properties": {
    "confidence": 0.95,
    "snr": 19.13,
    "peak_dn": 178.0,
    "background_dn": 31.0,
    "sigma_dn": 7.69,
    "pixels": 91,
    "length_m_approx": 95.4,
    "pixel": [
     23234.0,
     14223.3
    ],
    "scene": "S1A_IW_GRDH_1SDV_20241230T225903_20241230T225928_057228_070A00_44C7_COG.SAFE",
    "t": "2024-12-30T22:59:03+00:00",
    "sensor": "sentinel1-vv-cfar",
    "uncertainty_m": 48.4
   }
  },
  {
   "type": "Feature",
   "geometry": {
    "type": "Point",
    "coordinates": [
     -74.29252141617363,
     39.47272341744355
    ]
   },
   "properties": {
    "confidence": 0.805,
    "snr": 16.09,
    "peak_dn": 306.0,
    "background_dn": 48.3,
    "sigma_dn": 16.02,
    "pixels": 8,
    "length_m_approx": 28.3,
    "pixel": [
     22698.9,
     13157.5
    ],
    "scene": "S1A_IW_GRDH_1SDV_20241230T225903_20241230T225928_057228_070A00_44C7_COG.SAFE",
    "t": "2024-12-30T22:59:03+00:00",
    "sensor": "sentinel1-vv-cfar",
    "uncertainty_m": 16.2
   }
  },
  {
   "type": "Feature",
   "geometry": {
    "type": "Point",
    "coordinates": [
     -74.25434323364487,
     39.58386306597296
    ]
   },
   "properties": {
    "confidence": 0.71,
    "snr": 14.21,
    "peak_dn": 180.0,
    "background_dn": 33.5,
    "sigma_dn": 10.31,
    "pixels": 212,
    "length_m_approx": 145.6,
    "pixel": [
     23222.5,
     14309.3
    ],
    "scene": "S1A_IW_GRDH_1SDV_20241230T225903_20241230T225928_057228_070A00_44C7_COG.SAFE",
    "t": "2024-12-30T22:59:03+00:00",
    "sensor": "sentinel1-vv-cfar",
    "uncertainty_m": 73.2
   }
  },
  {
   "type": "Feature",
   "geometry": {
    "type": "Point",
    "coordinates": [
     -74.20085710017435,
     39.52275171596729
    ]
   },
   "properties": {
    "confidence": 0.675,
    "snr": 13.5,
    "peak_dn": 157.0,
    "background_dn": 37.3,
    "sigma_dn": 8.87,
    "pixels": 72,
    "length_m_approx": 84.9,
    "pixel": [
     23567.0,
     13575.0
    ],
    "scene": "S1A_IW_GRDH_1SDV_20241230T225903_20241230T225928_057228_070A00_44C7_COG.SAFE",
    "t": "2024-12-30T22:59:03+00:00",
    "sensor": "sentinel1-vv-cfar",
    "uncertainty_m": 43.2
   }
  },
  {
   "type": "Feature",
   "geometry": {
    "type": "Point",
    "coordinates": [
     -74.2874030971119,
     39.54456194368336
    ]
   },
   "properties": {
    "confidence": 0.553,
    "snr": 11.06,
    "peak_dn": 250.0,
    "background_dn": 41.8,
    "sigma_dn": 18.82,
    "pixels": 10,
    "length_m_approx": 31.6,
    "pixel": [
     22871.9,
     13928.5
    ],
    "scene": "S1A_IW_GRDH_1SDV_20241230T225903_20241230T225928_057228_070A00_44C7_COG.SAFE",
    "t": "2024-12-30T22:59:03+00:00",
    "sensor": "sentinel1-vv-cfar",
    "uncertainty_m": 17.7
   }
  },
  {
   "type": "Feature",
   "geometry": {
    "type": "Point",
    "coordinates": [
     -74.28830405118349,
     39.54591762292675
    ]
   },
   "properties": {
    "confidence": 0.518,
    "snr": 10.37,
    "peak_dn": 277.0,
    "background_dn": 43.9,
    "sigma_dn": 22.48,
    "pixels": 13,
    "length_m_approx": 36.1,
    "pixel": [
     22866.7,
     13944.4
    ],
    "scene": "S1A_IW_GRDH_1SDV_20241230T225903_20241230T225928_057228_070A00_44C7_COG.SAFE",
    "t": "2024-12-30T22:59:03+00:00",
    "sensor": "sentinel1-vv-cfar",
    "uncertainty_m": 19.7
   }
  },
  {
   "type": "Feature",
   "geometry": {
    "type": "Point",
    "coordinates": [
     -74.25670633242318,
     39.58248709733057
    ]
   },
   "properties": {
    "confidence": 0.512,
    "snr": 10.24,
    "peak_dn": 168.0,
    "background_dn": 34.3,
    "sigma_dn": 13.05,
    "pixels": 19,
    "length_m_approx": 43.6,
    "pixel": [
     23200.0,
     14297.6
    ],
    "scene": "S1A_IW_GRDH_1SDV_20241230T225903_20241230T225928_057228_070A00_44C7_COG.SAFE",
    "t": "2024-12-30T22:59:03+00:00",
    "sensor": "sentinel1-vv-cfar",
    "uncertainty_m": 23.2
   }
  },
  {
   "type": "Feature",
   "geometry": {
    "type": "Point",
    "coordinates": [
     -74.11558432369242,
     39.512177107029906
    ]
   },
   "properties": {
    "confidence": 0.501,
    "snr": 10.02,
    "peak_dn": 155.0,
    "background_dn": 45.4,
    "sigma_dn": 10.94,
    "pixels": 6,
    "length_m_approx": 24.5,
    "pixel": [
     24271.8,
     13345.2
    ],
    "scene": "S1A_IW_GRDH_1SDV_20241230T225903_20241230T225928_057228_070A00_44C7_COG.SAFE",
    "t": "2024-12-30T22:59:03+00:00",
    "sensor": "sentinel1-vv-cfar",
    "uncertainty_m": 14.6
   }
  },
  {
   "type": "Feature",
   "geometry": {
    "type": "Point",
    "coordinates": [
     -74.25718761478237,
     39.58197412618641
    ]
   },
   "properties": {
    "confidence": 0.45,
    "snr": 9.01,
    "peak_dn": 162.0,
    "background_dn": 34.7,
    "sigma_dn": 14.13,
    "pixels": 9,
    "length_m_approx": 30.0,
    "pixel": [
     23195.0,
     14292.7
    ],
    "scene": "S1A_IW_GRDH_1SDV_20241230T225903_20241230T225928_057228_070A00_44C7_COG.SAFE",
    "t": "2024-12-30T22:59:03+00:00",
    "sensor": "sentinel1-vv-cfar",
    "uncertainty_m": 17.0
   }
  },
  {
   "type": "Feature",
   "geometry": {
    "type": "Point",
    "coordinates": [
     -74.11555904453773,
     39.511286735415325
    ]
   },
   "properties": {
    "confidence": 0.443,
    "snr": 8.87,
    "peak_dn": 144.0,
    "background_dn": 45.6,
    "sigma_dn": 11.1,
    "pixels": 10,
    "length_m_approx": 31.6,
    "pixel": [
     24270.4,
     13335.5
    ],
    "scene": "S1A_IW_GRDH_1SDV_20241230T225903_20241230T225928_057228_070A00_44C7_COG.SAFE",
    "t": "2024-12-30T22:59:03+00:00",
    "sensor": "sentinel1-vv-cfar",
    "uncertainty_m": 17.7
   }
  },
  {
   "type": "Feature",
   "geometry": {
    "type": "Point",
    "coordinates": [
     -74.2855566554363,
     39.461177832986465
    ]
   },
   "properties": {
    "confidence": 0.442,
    "snr": 8.85,
    "peak_dn": 147.0,
    "background_dn": 39.7,
    "sigma_dn": 12.13,
    "pixels": 4,
    "length_m_approx": 20.0,
    "pixel": [
     22737.3,
     13023.0
    ],
    "scene": "S1A_IW_GRDH_1SDV_20241230T225903_20241230T225928_057228_070A00_44C7_COG.SAFE",
    "t": "2024-12-30T22:59:03+00:00",
    "sensor": "sentinel1-vv-cfar",
    "uncertainty_m": 12.8
   }
  },
  {
   "type": "Feature",
   "geometry": {
    "type": "Point",
    "coordinates": [
     -74.28790134643876,
     39.544555142335085
    ]
   },
   "properties": {
    "confidence": 0.431,
    "snr": 8.62,
    "peak_dn": 218.0,
    "background_dn": 42.6,
    "sigma_dn": 20.35,
    "pixels": 12,
    "length_m_approx": 34.6,
    "pixel": [
     22867.6,
     13929.1
    ],
    "scene": "S1A_IW_GRDH_1SDV_20241230T225903_20241230T225928_057228_070A00_44C7_COG.SAFE",
    "t": "2024-12-30T22:59:03+00:00",
    "sensor": "sentinel1-vv-cfar",
    "uncertainty_m": 19.1
   }
  },
  {
   "type": "Feature",
   "geometry": {
    "type": "Point",
    "coordinates": [
     -74.28797797656881,
     39.545196699753426
    ]
   },
   "properties": {
    "confidence": 0.419,
    "snr": 8.38,
    "peak_dn": 212.0,
    "background_dn": 42.5,
    "sigma_dn": 20.22,
    "pixels": 6,
    "length_m_approx": 24.5,
    "pixel": [
     22868.2,
     13936.2
    ],
    "scene": "S1A_IW_GRDH_1SDV_20241230T225903_20241230T225928_057228_070A00_44C7_COG.SAFE",
    "t": "2024-12-30T22:59:03+00:00",
    "sensor": "sentinel1-vv-cfar",
    "uncertainty_m": 14.6
   }
  },
  {
   "type": "Feature",
   "geometry": {
    "type": "Point",
    "coordinates": [
     -74.0835202655235,
     39.50769274372564
    ]
   },
   "properties": {
    "confidence": 0.407,
    "snr": 8.13,
    "peak_dn": 151.0,
    "background_dn": 49.6,
    "sigma_dn": 12.47,
    "pixels": 6,
    "length_m_approx": 24.5,
    "pixel": [
     24536.0,
     13253.5
    ],
    "scene": "S1A_IW_GRDH_1SDV_20241230T225903_20241230T225928_057228_070A00_44C7_COG.SAFE",
    "t": "2024-12-30T22:59:03+00:00",
    "sensor": "sentinel1-vv-cfar",
    "uncertainty_m": 14.1
   }
  },
  {
   "type": "Feature",
   "geometry": {
    "type": "Point",
    "coordinates": [
     -74.08348249674088,
     39.50612691001086
    ]
   },
   "properties": {
    "confidence": 0.404,
    "snr": 8.09,
    "peak_dn": 146.0,
    "background_dn": 48.9,
    "sigma_dn": 12.01,
    "pixels": 4,
    "length_m_approx": 20.0,
    "pixel": [
     24533.5,
     13236.5
    ],
    "scene": "S1A_IW_GRDH_1SDV_20241230T225903_20241230T225928_057228_070A00_44C7_COG.SAFE",
    "t": "2024-12-30T22:59:03+00:00",
    "sensor": "sentinel1-vv-cfar",
    "uncertainty_m": 12.2
   }
  },
  {
   "type": "Feature",
   "geometry": {
    "type": "Point",
    "coordinates": [
     -74.28786754565341,
     39.54624777987171
    ]
   },
   "properties": {
    "confidence": 0.403,
    "snr": 8.06,
    "peak_dn": 216.0,
    "background_dn": 43.4,
    "sigma_dn": 21.41,
    "pixels": 5,
    "length_m_approx": 22.4,
    "pixel": [
     22871.0,
     13947.4
    ],
    "scene": "S1A_IW_GRDH_1SDV_20241230T225903_20241230T225928_057228_070A00_44C7_COG.SAFE",
    "t": "2024-12-30T22:59:03+00:00",
    "sensor": "sentinel1-vv-cfar",
    "uncertainty_m": 13.7
   }
  },
  {
   "type": "Feature",
   "geometry": {
    "type": "Point",
    "coordinates": [
     -74.08324793079089,
     39.505670151338876
    ]
   },
   "properties": {
    "confidence": 0.392,
    "snr": 7.85,
    "peak_dn": 146.0,
    "background_dn": 48.9,
    "sigma_dn": 12.37,
    "pixels": 9,
    "length_m_approx": 30.0,
    "pixel": [
     24534.7,
     13231.2
    ],
    "scene": "S1A_IW_GRDH_1SDV_20241230T225903_20241230T225928_057228_070A00_44C7_COG.SAFE",
    "t": "2024-12-30T22:59:03+00:00",
    "sensor": "sentinel1-vv-cfar",
    "uncertainty_m": 16.5
   }
  },
  {
   "type": "Feature",
   "geometry": {
    "type": "Point",
    "coordinates": [
     -74.30605084693133,
     39.490065760184976
    ]
   },
   "properties": {
    "confidence": 0.372,
    "snr": 7.43,
    "peak_dn": 149.0,
    "background_dn": 48.0,
    "sigma_dn": 13.58,
    "pixels": 5,
    "length_m_approx": 22.4,
    "pixel": [
     22615.4,
     13363.8
    ],
    "scene": "S1A_IW_GRDH_1SDV_20241230T225903_20241230T225928_057228_070A00_44C7_COG.SAFE",
    "t": "2024-12-30T22:59:03+00:00",
    "sensor": "sentinel1-vv-cfar",
    "uncertainty_m": 13.7
   }
  },
  {
   "type": "Feature",
   "geometry": {
    "type": "Point",
    "coordinates": [
     -74.08302646706117,
     39.5050103976037
    ]
   },
   "properties": {
    "confidence": 0.37,
    "snr": 7.41,
    "peak_dn": 142.0,
    "background_dn": 48.9,
    "sigma_dn": 12.56,
    "pixels": 5,
    "length_m_approx": 22.4,
    "pixel": [
     24535.4,
     13223.8
    ],
    "scene": "S1A_IW_GRDH_1SDV_20241230T225903_20241230T225928_057228_070A00_44C7_COG.SAFE",
    "t": "2024-12-30T22:59:03+00:00",
    "sensor": "sentinel1-vv-cfar",
    "uncertainty_m": 13.2
   }
  },
  {
   "type": "Feature",
   "geometry": {
    "type": "Point",
    "coordinates": [
     -74.28370378380657,
     39.4609074156819
    ]
   },
   "properties": {
    "confidence": 0.368,
    "snr": 7.37,
    "peak_dn": 134.0,
    "background_dn": 40.0,
    "sigma_dn": 12.76,
    "pixels": 4,
    "length_m_approx": 20.0,
    "pixel": [
     22752.5,
     13017.5
    ],
    "scene": "S1A_IW_GRDH_1SDV_20241230T225903_20241230T225928_057228_070A00_44C7_COG.SAFE",
    "t": "2024-12-30T22:59:03+00:00",
    "sensor": "sentinel1-vv-cfar",
    "uncertainty_m": 12.8
   }
  },
  {
   "type": "Feature",
   "geometry": {
    "type": "Point",
    "coordinates": [
     -74.29469149797808,
     39.45998082672191
    ]
   },
   "properties": {
    "confidence": 0.368,
    "snr": 7.35,
    "peak_dn": 130.0,
    "background_dn": 40.2,
    "sigma_dn": 12.22,
    "pixels": 4,
    "length_m_approx": 20.0,
    "pixel": [
     22657.5,
     13022.5
    ],
    "scene": "S1A_IW_GRDH_1SDV_20241230T225903_20241230T225928_057228_070A00_44C7_COG.SAFE",
    "t": "2024-12-30T22:59:03+00:00",
    "sensor": "sentinel1-vv-cfar",
    "uncertainty_m": 12.8
   }
  },
  {
   "type": "Feature",
   "geometry": {
    "type": "Point",
    "coordinates": [
     -74.28758095602167,
     39.54546391098146
    ]
   },
   "properties": {
    "confidence": 0.365,
    "snr": 7.31,
    "peak_dn": 178.0,
    "background_dn": 41.8,
    "sigma_dn": 18.64,
    "pixels": 2,
    "length_m_approx": 14.1,
    "pixel": [
     22872.0,
     13938.5
    ],
    "scene": "S1A_IW_GRDH_1SDV_20241230T225903_20241230T225928_057228_070A00_44C7_COG.SAFE",
    "t": "2024-12-30T22:59:03+00:00",
    "sensor": "sentinel1-vv-cfar",
    "uncertainty_m": 10.7
   }
  },
  {
   "type": "Feature",
   "geometry": {
    "type": "Point",
    "coordinates": [
     -74.25643503321511,
     39.582882610562706
    ]
   },
   "properties": {
    "confidence": 0.364,
    "snr": 7.28,
    "peak_dn": 121.0,
    "background_dn": 34.0,
    "sigma_dn": 11.94,
    "pixels": 2,
    "length_m_approx": 14.1,
    "pixel": [
     23203.0,
     14301.5
    ],
    "scene": "S1A_IW_GRDH_1SDV_20241230T225903_20241230T225928_057228_070A00_44C7_COG.SAFE",
    "t": "2024-12-30T22:59:03+00:00",
    "sensor": "sentinel1-vv-cfar",
    "uncertainty_m": 10.7
   }
  },
  {
   "type": "Feature",
   "geometry": {
    "type": "Point",
    "coordinates": [
     -74.29830737914573,
     39.48889083931759
    ]
   },
   "properties": {
    "confidence": 0.36,
    "snr": 7.2,
    "peak_dn": 142.0,
    "background_dn": 44.7,
    "sigma_dn": 13.51,
    "pixels": 2,
    "length_m_approx": 14.1,
    "pixel": [
     22679.0,
     13340.5
    ],
    "scene": "S1A_IW_GRDH_1SDV_20241230T225903_20241230T225928_057228_070A00_44C7_COG.SAFE",
    "t": "2024-12-30T22:59:03+00:00",
    "sensor": "sentinel1-vv-cfar",
    "uncertainty_m": 10.7
   }
  },
  {
   "type": "Feature",
   "geometry": {
    "type": "Point",
    "coordinates": [
     -74.08383596168727,
     39.50819421443055
    ]
   },
   "properties": {
    "confidence": 0.358,
    "snr": 7.16,
    "peak_dn": 141.0,
    "background_dn": 49.8,
    "sigma_dn": 12.74,
    "pixels": 5,
    "length_m_approx": 22.4,
    "pixel": [
     24534.2,
     13259.4
    ],
    "scene": "S1A_IW_GRDH_1SDV_20241230T225903_20241230T225928_057228_070A00_44C7_COG.SAFE",
    "t": "2024-12-30T22:59:03+00:00",
    "sensor": "sentinel1-vv-cfar",
    "uncertainty_m": 13.2
   }
  },
  {
   "type": "Feature",
   "geometry": {
    "type": "Point",
    "coordinates": [
     -74.28414321742494,
     39.4615906610661
    ]
   },
   "properties": {
    "confidence": 0.358,
    "snr": 7.16,
    "peak_dn": 131.0,
    "background_dn": 39.8,
    "sigma_dn": 12.75,
    "pixels": 2,
    "length_m_approx": 14.1,
    "pixel": [
     22750.0,
     13025.5
    ],
    "scene": "S1A_IW_GRDH_1SDV_20241230T225903_20241230T225928_057228_070A00_44C7_COG.SAFE",
    "t": "2024-12-30T22:59:03+00:00",
    "sensor": "sentinel1-vv-cfar",
    "uncertainty_m": 10.7
   }
  },
  {
   "type": "Feature",
   "geometry": {
    "type": "Point",
    "coordinates": [
     -74.1155970415311,
     39.51179008152081
    ]
   },
   "properties": {
    "confidence": 0.358,
    "snr": 7.15,
    "peak_dn": 124.0,
    "background_dn": 45.4,
    "sigma_dn": 10.99,
    "pixels": 7,
    "length_m_approx": 26.5,
    "pixel": [
     24271.0,
     13341.0
    ],
    "scene": "S1A_IW_GRDH_1SDV_20241230T225903_20241230T225928_057228_070A00_44C7_COG.SAFE",
    "t": "2024-12-30T22:59:03+00:00",
    "sensor": "sentinel1-vv-cfar",
    "uncertainty_m": 15.4
   }
  },
  {
   "type": "Feature",
   "geometry": {
    "type": "Point",
    "coordinates": [
     -74.3001041686779,
     39.470195866829016
    ]
   },
   "properties": {
    "confidence": 0.348,
    "snr": 6.95,
    "peak_dn": 185.0,
    "background_dn": 51.2,
    "sigma_dn": 19.24,
    "pixels": 2,
    "length_m_approx": 14.1,
    "pixel": [
     22630.0,
     13140.5
    ],
    "scene": "S1A_IW_GRDH_1SDV_20241230T225903_20241230T225928_057228_070A00_44C7_COG.SAFE",
    "t": "2024-12-30T22:59:03+00:00",
    "sensor": "sentinel1-vv-cfar",
    "uncertainty_m": 10.7
   }
  },
  {
   "type": "Feature",
   "geometry": {
    "type": "Point",
    "coordinates": [
     -74.28841426677006,
     39.545219387513015
    ]
   },
   "properties": {
    "confidence": 0.341,
    "snr": 6.83,
    "peak_dn": 194.0,
    "background_dn": 43.5,
    "sigma_dn": 22.04,
    "pixels": 2,
    "length_m_approx": 14.1,
    "pixel": [
     22864.5,
     13937.0
    ],
    "scene": "S1A_IW_GRDH_1SDV_20241230T225903_20241230T225928_057228_070A00_44C7_COG.SAFE",
    "t": "2024-12-30T22:59:03+00:00",
    "sensor": "sentinel1-vv-cfar",
    "uncertainty_m": 10.7
   }
  },
  {
   "type": "Feature",
   "geometry": {
    "type": "Point",
    "coordinates": [
     -74.08324950981395,
     39.50678647748521
    ]
   },
   "properties": {
    "confidence": 0.339,
    "snr": 6.77,
    "peak_dn": 129.0,
    "background_dn": 49.1,
    "sigma_dn": 11.81,
    "pixels": 3,
    "length_m_approx": 17.3,
    "pixel": [
     24536.7,
     13243.3
    ],
    "scene": "S1A_IW_GRDH_1SDV_20241230T225903_20241230T225928_057228_070A00_44C7_COG.SAFE",
    "t": "2024-12-30T22:59:03+00:00",
    "sensor": "sentinel1-vv-cfar",
    "uncertainty_m": 11.1
   }
  },
  {
   "type": "Feature",
   "geometry": {
    "type": "Point",
    "coordinates": [
     -74.28826989513438,
     39.54482204935267
    ]
   },
   "properties": {
    "confidence": 0.321,
    "snr": 6.41,
    "peak_dn": 180.0,
    "background_dn": 43.1,
    "sigma_dn": 21.35,
    "pixels": 2,
    "length_m_approx": 14.1,
    "pixel": [
     22865.0,
     13932.5
    ],
    "scene": "S1A_IW_GRDH_1SDV_20241230T225903_20241230T225928_057228_070A00_44C7_COG.SAFE",
    "t": "2024-12-30T22:59:03+00:00",
    "sensor": "sentinel1-vv-cfar",
    "uncertainty_m": 10.7
   }
  },
  {
   "type": "Feature",
   "geometry": {
    "type": "Point",
    "coordinates": [
     -74.2999129534933,
     39.4720659013268
    ]
   },
   "properties": {
    "confidence": 0.32,
    "snr": 6.4,
    "peak_dn": 167.0,
    "background_dn": 50.5,
    "sigma_dn": 18.18,
    "pixels": 2,
    "length_m_approx": 14.1,
    "pixel": [
     22635.0,
     13160.5
    ],
    "scene": "S1A_IW_GRDH_1SDV_20241230T225903_20241230T225928_057228_070A00_44C7_COG.SAFE",
    "t": "2024-12-30T22:59:03+00:00",
    "sensor": "sentinel1-vv-cfar",
    "uncertainty_m": 10.7
   }
  },
  {
   "type": "Feature",
   "geometry": {
    "type": "Point",
    "coordinates": [
     -74.28712456211866,
     39.461212713252365
    ]
   },
   "properties": {
    "confidence": 0.319,
    "snr": 6.38,
    "peak_dn": 127.0,
    "background_dn": 40.7,
    "sigma_dn": 13.53,
    "pixels": 2,
    "length_m_approx": 14.1,
    "pixel": [
     22724.0,
     13025.5
    ],
    "scene": "S1A_IW_GRDH_1SDV_20241230T225903_20241230T225928_057228_070A00_44C7_COG.SAFE",
    "t": "2024-12-30T22:59:03+00:00",
    "sensor": "sentinel1-vv-cfar",
    "uncertainty_m": 10.7
   }
  },
  {
   "type": "Feature",
   "geometry": {
    "type": "Point",
    "coordinates": [
     -74.28741852530537,
     39.544975448864804
    ]
   },
   "properties": {
    "confidence": 0.303,
    "snr": 6.06,
    "peak_dn": 151.0,
    "background_dn": 41.4,
    "sigma_dn": 18.07,
    "pixels": 2,
    "length_m_approx": 14.1,
    "pixel": [
     22872.5,
     13933.0
    ],
    "scene": "S1A_IW_GRDH_1SDV_20241230T225903_20241230T225928_057228_070A00_44C7_COG.SAFE",
    "t": "2024-12-30T22:59:03+00:00",
    "sensor": "sentinel1-vv-cfar",
    "uncertainty_m": 10.7
   }
  },
  {
   "type": "Feature",
   "geometry": {
    "type": "Point",
    "coordinates": [
     -76.21525225032586,
     39.337831353630165
    ]
   },
   "properties": {
    "confidence": 0.356,
    "snr": 7.12,
    "peak_dn": 208.0,
    "background_dn": 77.0,
    "sigma_dn": 18.41,
    "pixels": 3,
    "length_m_approx": 17.3,
    "pixel": [
     6130.0,
     14488.0
    ],
    "scene": "S1A_IW_GRDH_1SDV_20241230T225903_20241230T225928_057228_070A00_44C7_COG.SAFE",
    "t": "2024-12-30T22:59:03+00:00",
    "sensor": "sentinel1-vv-cfar",
    "uncertainty_m": 22.7
   }
  },
  {
   "type": "Feature",
   "geometry": {
    "type": "Point",
    "coordinates": [
     -76.0536943802336,
     39.397704816640385
    ]
   },
   "properties": {
    "confidence": 0.639,
    "snr": 12.79,
    "peak_dn": 196.0,
    "background_dn": 47.7,
    "sigma_dn": 11.6,
    "pixels": 5,
    "length_m_approx": 22.4,
    "pixel": [
     7618.4,
     14884.8
    ],
    "scene": "S1A_IW_GRDH_1SDV_20241230T225903_20241230T225928_057228_070A00_44C7_COG.SAFE",
    "t": "2024-12-30T22:59:03+00:00",
    "sensor": "sentinel1-vv-cfar",
    "uncertainty_m": 19.5
   }
  },
  {
   "type": "Feature",
   "geometry": {
    "type": "Point",
    "coordinates": [
     -76.09240464697815,
     39.502700415824215
    ]
   },
   "properties": {
    "confidence": 0.598,
    "snr": 11.96,
    "peak_dn": 310.0,
    "background_dn": 79.5,
    "sigma_dn": 19.27,
    "pixels": 21,
    "length_m_approx": 45.8,
    "pixel": [
     7501.0,
     16072.5
    ],
    "scene": "S1A_IW_GRDH_1SDV_20241230T225903_20241230T225928_057228_070A00_44C7_COG.SAFE",
    "t": "2024-12-30T22:59:03+00:00",
    "sensor": "sentinel1-vv-cfar",
    "uncertainty_m": 27.9
   }
  },
  {
   "type": "Feature",
   "geometry": {
    "type": "Point",
    "coordinates": [
     -76.0783398975104,
     39.38906471232298
    ]
   },
   "properties": {
    "confidence": 0.515,
    "snr": 10.3,
    "peak_dn": 229.0,
    "background_dn": 60.0,
    "sigma_dn": 16.41,
    "pixels": 4,
    "length_m_approx": 20.0,
    "pixel": [
     7392.5,
     14829.5
    ],
    "scene": "S1A_IW_GRDH_1SDV_20241230T225903_20241230T225928_057228_070A00_44C7_COG.SAFE",
    "t": "2024-12-30T22:59:03+00:00",
    "sensor": "sentinel1-vv-cfar",
    "uncertainty_m": 18.8
   }
  },
  {
   "type": "Feature",
   "geometry": {
    "type": "Point",
    "coordinates": [
     -76.02759346252368,
     39.41781226085759
    ]
   },
   "properties": {
    "confidence": 0.496,
    "snr": 9.92,
    "peak_dn": 198.0,
    "background_dn": 55.6,
    "sigma_dn": 14.36,
    "pixels": 4,
    "length_m_approx": 20.0,
    "pixel": [
     7879.5,
     15061.5
    ],
    "scene": "S1A_IW_GRDH_1SDV_20241230T225903_20241230T225928_057228_070A00_44C7_COG.SAFE",
    "t": "2024-12-30T22:59:03+00:00",
    "sensor": "sentinel1-vv-cfar",
    "uncertainty_m": 18.8
   }
  },
  {
   "type": "Feature",
   "geometry": {
    "type": "Point",
    "coordinates": [
     -76.17155452028994,
     39.34881646311788
    ]
   },
   "properties": {
    "confidence": 0.488,
    "snr": 9.76,
    "peak_dn": 282.0,
    "background_dn": 85.7,
    "sigma_dn": 20.12,
    "pixels": 4,
    "length_m_approx": 20.0,
    "pixel": [
     6522.7,
     14539.0
    ],
    "scene": "S1A_IW_GRDH_1SDV_20241230T225903_20241230T225928_057228_070A00_44C7_COG.SAFE",
    "t": "2024-12-30T22:59:03+00:00",
    "sensor": "sentinel1-vv-cfar",
    "uncertainty_m": 18.8
   }
  },
  {
   "type": "Feature",
   "geometry": {
    "type": "Point",
    "coordinates": [
     -76.1497801557211,
     39.359231940808904
    ]
   },
   "properties": {
    "confidence": 0.464,
    "snr": 9.27,
    "peak_dn": 265.0,
    "background_dn": 83.6,
    "sigma_dn": 19.56,
    "pixels": 4,
    "length_m_approx": 20.0,
    "pixel": [
     6728.0,
     14617.7
    ],
    "scene": "S1A_IW_GRDH_1SDV_20241230T225903_20241230T225928_057228_070A00_44C7_COG.SAFE",
    "t": "2024-12-30T22:59:03+00:00",
    "sensor": "sentinel1-vv-cfar",
    "uncertainty_m": 18.8
   }
  },
  {
   "type": "Feature",
   "geometry": {
    "type": "Point",
    "coordinates": [
     -76.07451572498653,
     39.42963196442482
    ]
   },
   "properties": {
    "confidence": 0.441,
    "snr": 8.82,
    "peak_dn": 236.0,
    "background_dn": 77.2,
    "sigma_dn": 18.0,
    "pixels": 6,
    "length_m_approx": 24.5,
    "pixel": [
     7506.2,
     15259.8
    ],
    "scene": "S1A_IW_GRDH_1SDV_20241230T225903_20241230T225928_057228_070A00_44C7_COG.SAFE",
    "t": "2024-12-30T22:59:03+00:00",
    "sensor": "sentinel1-vv-cfar",
    "uncertainty_m": 20.1
   }
  },
  {
   "type": "Feature",
   "geometry": {
    "type": "Point",
    "coordinates": [
     -76.16972813798503,
     39.34749469184439
    ]
   },
   "properties": {
    "confidence": 0.4,
    "snr": 8.01,
    "peak_dn": 250.0,
    "background_dn": 86.9,
    "sigma_dn": 20.37,
    "pixels": 2,
    "length_m_approx": 14.1,
    "pixel": [
     6535.5,
     14522.0
    ],
    "scene": "S1A_IW_GRDH_1SDV_20241230T225903_20241230T225928_057228_070A00_44C7_COG.SAFE",
    "t": "2024-12-30T22:59:03+00:00",
    "sensor": "sentinel1-vv-cfar",
    "uncertainty_m": 17.4
   }
  },
  {
   "type": "Feature",
   "geometry": {
    "type": "Point",
    "coordinates": [
     -76.12734660698557,
     39.36825401900555
    ]
   },
   "properties": {
    "confidence": 0.368,
    "snr": 7.36,
    "peak_dn": 221.0,
    "background_dn": 81.1,
    "sigma_dn": 19.0,
    "pixels": 2,
    "length_m_approx": 14.1,
    "pixel": [
     6936.0,
     14680.5
    ],
    "scene": "S1A_IW_GRDH_1SDV_20241230T225903_20241230T225928_057228_070A00_44C7_COG.SAFE",
    "t": "2024-12-30T22:59:03+00:00",
    "sensor": "sentinel1-vv-cfar",
    "uncertainty_m": 17.4
   }
  },
  {
   "type": "Feature",
   "geometry": {
    "type": "Point",
    "coordinates": [
     -76.04474486408007,
     39.515174417336176
    ]
   },
   "properties": {
    "confidence": 0.339,
    "snr": 6.78,
    "peak_dn": 205.0,
    "background_dn": 78.4,
    "sigma_dn": 18.67,
    "pixels": 4,
    "length_m_approx": 20.0,
    "pixel": [
     7928.5,
     16134.5
    ],
    "scene": "S1A_IW_GRDH_1SDV_20241230T225903_20241230T225928_057228_070A00_44C7_COG.SAFE",
    "t": "2024-12-30T22:59:03+00:00",
    "sensor": "sentinel1-vv-cfar",
    "uncertainty_m": 18.8
   }
  },
  {
   "type": "Feature",
   "geometry": {
    "type": "Point",
    "coordinates": [
     -76.19209204956618,
     39.33435227766906
    ]
   },
   "properties": {
    "confidence": 0.336,
    "snr": 6.73,
    "peak_dn": 228.0,
    "background_dn": 88.1,
    "sigma_dn": 20.8,
    "pixels": 2,
    "length_m_approx": 14.1,
    "pixel": [
     6319.5,
     14415.0
    ],
    "scene": "S1A_IW_GRDH_1SDV_20241230T225903_20241230T225928_057228_070A00_44C7_COG.SAFE",
    "t": "2024-12-30T22:59:03+00:00",
    "sensor": "sentinel1-vv-cfar",
    "uncertainty_m": 22.2
   }
  },
  {
   "type": "Feature",
   "geometry": {
    "type": "Point",
    "coordinates": [
     -76.05880395520768,
     39.41994210704924
    ]
   },
   "properties": {
    "confidence": 0.335,
    "snr": 6.71,
    "peak_dn": 177.0,
    "background_dn": 67.5,
    "sigma_dn": 16.33,
    "pixels": 3,
    "length_m_approx": 17.3,
    "pixel": [
     7619.7,
     15131.7
    ],
    "scene": "S1A_IW_GRDH_1SDV_20241230T225903_20241230T225928_057228_070A00_44C7_COG.SAFE",
    "t": "2024-12-30T22:59:03+00:00",
    "sensor": "sentinel1-vv-cfar",
    "uncertainty_m": 18.1
   }
  },
  {
   "type": "Feature",
   "geometry": {
    "type": "Point",
    "coordinates": [
     -76.07611467545836,
     39.43030800417817
    ]
   },
   "properties": {
    "confidence": 0.327,
    "snr": 6.55,
    "peak_dn": 196.0,
    "background_dn": 77.5,
    "sigma_dn": 18.09,
    "pixels": 2,
    "length_m_approx": 14.1,
    "pixel": [
     7494.0,
     15269.5
    ],
    "scene": "S1A_IW_GRDH_1SDV_20241230T225903_20241230T225928_057228_070A00_44C7_COG.SAFE",
    "t": "2024-12-30T22:59:03+00:00",
    "sensor": "sentinel1-vv-cfar",
    "uncertainty_m": 17.4
   }
  },
  {
   "type": "Feature",
   "geometry": {
    "type": "Point",
    "coordinates": [
     -75.99256637451934,
     39.54473435650013
    ]
   },
   "properties": {
    "confidence": 0.647,
    "snr": 12.93,
    "peak_dn": 300.0,
    "background_dn": 71.9,
    "sigma_dn": 17.64,
    "pixels": 18,
    "length_m_approx": 42.4,
    "pixel": [
     8428.1,
     16373.8
    ],
    "scene": "S1A_IW_GRDH_1SDV_20241230T225903_20241230T225928_057228_070A00_44C7_COG.SAFE",
    "t": "2024-12-30T22:59:03+00:00",
    "sensor": "sentinel1-vv-cfar",
    "uncertainty_m": 26.5
   }
  },
  {
   "type": "Feature",
   "geometry": {
    "type": "Point",
    "coordinates": [
     -75.56917259539205,
     39.46407827477627
    ]
   },
   "properties": {
    "confidence": 0.95,
    "snr": 77.91,
    "peak_dn": 1234.0,
    "background_dn": 57.4,
    "sigma_dn": 15.1,
    "pixels": 55,
    "length_m_approx": 74.2,
    "pixel": [
     11854.9,
     14874.6
    ],
    "scene": "S1A_IW_GRDH_1SDV_20241230T225903_20241230T225928_057228_070A00_44C7_COG.SAFE",
    "t": "2024-12-30T22:59:03+00:00",
    "sensor": "sentinel1-vv-cfar",
    "uncertainty_m": 37.7
   }
  },
  {
   "type": "Feature",
   "geometry": {
    "type": "Point",
    "coordinates": [
     -75.54241814110567,
     39.43866290039635
    ]
   },
   "properties": {
    "confidence": 0.95,
    "snr": 44.65,
    "peak_dn": 619.0,
    "background_dn": 47.6,
    "sigma_dn": 12.8,
    "pixels": 14,
    "length_m_approx": 37.4,
    "pixel": [
     12032.2,
     14561.5
    ],
    "scene": "S1A_IW_GRDH_1SDV_20241230T225903_20241230T225928_057228_070A00_44C7_COG.SAFE",
    "t": "2024-12-30T22:59:03+00:00",
    "sensor": "sentinel1-vv-cfar",
    "uncertainty_m": 20.0
   }
  },
  {
   "type": "Feature",
   "geometry": {
    "type": "Point",
    "coordinates": [
     -75.5734524081881,
     39.48161514832178
    ]
   },
   "properties": {
    "confidence": 0.848,
    "snr": 16.96,
    "peak_dn": 257.0,
    "background_dn": 47.0,
    "sigma_dn": 12.38,
    "pixels": 8,
    "length_m_approx": 28.3,
    "pixel": [
     11852.9,
     15069.9
    ],
    "scene": "S1A_IW_GRDH_1SDV_20241230T225903_20241230T225928_057228_070A00_44C7_COG.SAFE",
    "t": "2024-12-30T22:59:03+00:00",
    "sensor": "sentinel1-vv-cfar",
    "uncertainty_m": 15.8
   }
  },
  {
   "type": "Feature",
   "geometry": {
    "type": "Point",
    "coordinates": [
     -75.55154029917362,
     39.509580472320735
    ]
   },
   "properties": {
    "confidence": 0.836,
    "snr": 16.71,
    "peak_dn": 323.0,
    "background_dn": 53.9,
    "sigma_dn": 16.11,
    "pixels": 9,
    "length_m_approx": 30.0,
    "pixel": [
     12092.9,
     15339.0
    ],
    "scene": "S1A_IW_GRDH_1SDV_20241230T225903_20241230T225928_057228_070A00_44C7_COG.SAFE",
    "t": "2024-12-30T22:59:03+00:00",
    "sensor": "sentinel1-vv-cfar",
    "uncertainty_m": 16.5
   }
  },
  {
   "type": "Feature",
   "geometry": {
    "type": "Point",
    "coordinates": [
     -75.5241272543001,
     39.427132420540545
    ]
   },
   "properties": {
    "confidence": 0.758,
    "snr": 15.17,
    "peak_dn": 224.0,
    "background_dn": 41.9,
    "sigma_dn": 12.01,
    "pixels": 7,
    "length_m_approx": 26.5,
    "pixel": [
     12165.0,
     14410.3
    ],
    "scene": "S1A_IW_GRDH_1SDV_20241230T225903_20241230T225928_057228_070A00_44C7_COG.SAFE",
    "t": "2024-12-30T22:59:03+00:00",
    "sensor": "sentinel1-vv-cfar",
    "uncertainty_m": 15.0
   }
  },
  {
   "type": "Feature",
   "geometry": {
    "type": "Point",
    "coordinates": [
     -75.57353286706172,
     39.481071420144445
    ]
   },
   "properties": {
    "confidence": 0.686,
    "snr": 13.71,
    "peak_dn": 221.0,
    "background_dn": 47.6,
    "sigma_dn": 12.65,
    "pixels": 8,
    "length_m_approx": 28.3,
    "pixel": [
     11851.1,
     15064.1
    ],
    "scene": "S1A_IW_GRDH_1SDV_20241230T225903_20241230T225928_057228_070A00_44C7_COG.SAFE",
    "t": "2024-12-30T22:59:03+00:00",
    "sensor": "sentinel1-vv-cfar",
    "uncertainty_m": 15.8
   }
  },
  {
   "type": "Feature",
   "geometry": {
    "type": "Point",
    "coordinates": [
     -75.56063391394093,
     39.48277987174194
    ]
   },
   "properties": {
    "confidence": 0.66,
    "snr": 13.19,
    "peak_dn": 185.0,
    "background_dn": 43.1,
    "sigma_dn": 10.75,
    "pixels": 5,
    "length_m_approx": 22.4,
    "pixel": [
     11963.7,
     15063.6
    ],
    "scene": "S1A_IW_GRDH_1SDV_20241230T225903_20241230T225928_057228_070A00_44C7_COG.SAFE",
    "t": "2024-12-30T22:59:03+00:00",
    "sensor": "sentinel1-vv-cfar",
    "uncertainty_m": 13.2
   }
  },
  {
   "type": "Feature",
   "geometry": {
    "type": "Point",
    "coordinates": [
     -75.55402599432236,
     39.564308628717974
    ]
   },
   "properties": {
    "confidence": 0.571,
    "snr": 11.43,
    "peak_dn": 301.0,
    "background_dn": 73.1,
    "sigma_dn": 19.95,
    "pixels": 5,
    "length_m_approx": 22.4,
    "pixel": [
     12178.2,
     15932.4
    ],
    "scene": "S1A_IW_GRDH_1SDV_20241230T225903_20241230T225928_057228_070A00_44C7_COG.SAFE",
    "t": "2024-12-30T22:59:03+00:00",
    "sensor": "sentinel1-vv-cfar",
    "uncertainty_m": 13.2
   }
  },
  {
   "type": "Feature",
   "geometry": {
    "type": "Point",
    "coordinates": [
     -75.52753125024765,
     39.425605961174924
    ]
   },
   "properties": {
    "confidence": 0.528,
    "snr": 10.56,
    "peak_dn": 162.0,
    "background_dn": 41.8,
    "sigma_dn": 11.38,
    "pixels": 14,
    "length_m_approx": 37.4,
    "pixel": [
     12133.1,
     14398.9
    ],
    "scene": "S1A_IW_GRDH_1SDV_20241230T225903_20241230T225928_057228_070A00_44C7_COG.SAFE",
    "t": "2024-12-30T22:59:03+00:00",
    "sensor": "sentinel1-vv-cfar",
    "uncertainty_m": 20.0
   }
  },
  {
   "type": "Feature",
   "geometry": {
    "type": "Point",
    "coordinates": [
     -75.54283311730529,
     39.55167300207737
    ]
   },
   "properties": {
    "confidence": 0.523,
    "snr": 10.46,
    "peak_dn": 258.0,
    "background_dn": 71.6,
    "sigma_dn": 17.83,
    "pixels": 5,
    "length_m_approx": 22.4,
    "pixel": [
     12248.4,
     15779.8
    ],
    "scene": "S1A_IW_GRDH_1SDV_20241230T225903_20241230T225928_057228_070A00_44C7_COG.SAFE",
    "t": "2024-12-30T22:59:03+00:00",
    "sensor": "sentinel1-vv-cfar",
    "uncertainty_m": 13.2
   }
  },
  {
   "type": "Feature",
   "geometry": {
    "type": "Point",
    "coordinates": [
     -75.52766021307998,
     39.42602596111383
    ]
   },
   "properties": {
    "confidence": 0.489,
    "snr": 9.78,
    "peak_dn": 153.0,
    "background_dn": 41.8,
    "sigma_dn": 11.37,
    "pixels": 5,
    "length_m_approx": 22.4,
    "pixel": [
     12132.8,
     14403.6
    ],
    "scene": "S1A_IW_GRDH_1SDV_20241230T225903_20241230T225928_057228_070A00_44C7_COG.SAFE",
    "t": "2024-12-30T22:59:03+00:00",
    "sensor": "sentinel1-vv-cfar",
    "uncertainty_m": 13.2
   }
  },
  {
   "type": "Feature",
   "geometry": {
    "type": "Point",
    "coordinates": [
     -75.57296549887211,
     39.484431160928594
    ]
   },
   "properties": {
    "confidence": 0.47,
    "snr": 9.39,
    "peak_dn": 173.0,
    "background_dn": 46.8,
    "sigma_dn": 13.44,
    "pixels": 4,
    "length_m_approx": 20.0,
    "pixel": [
     11862.5,
     15099.5
    ],
    "scene": "S1A_IW_GRDH_1SDV_20241230T225903_20241230T225928_057228_070A00_44C7_COG.SAFE",
    "t": "2024-12-30T22:59:03+00:00",
    "sensor": "sentinel1-vv-cfar",
    "uncertainty_m": 12.2
   }
  },
  {
   "type": "Feature",
   "geometry": {
    "type": "Point",
    "coordinates": [
     -75.57276714952633,
     39.48557302905934
    ]
   },
   "properties": {
    "confidence": 0.469,
    "snr": 9.37,
    "peak_dn": 182.0,
    "background_dn": 48.1,
    "sigma_dn": 14.29,
    "pixels": 5,
    "length_m_approx": 22.4,
    "pixel": [
     11866.4,
     15111.5
    ],
    "scene": "S1A_IW_GRDH_1SDV_20241230T225903_20241230T225928_057228_070A00_44C7_COG.SAFE",
    "t": "2024-12-30T22:59:03+00:00",
    "sensor": "sentinel1-vv-cfar",
    "uncertainty_m": 13.2
   }
  },
  {
   "type": "Feature",
   "geometry": {
    "type": "Point",
    "coordinates": [
     -75.56114655877886,
     39.45513500889858
    ]
   },
   "properties": {
    "confidence": 0.455,
    "snr": 9.09,
    "peak_dn": 178.0,
    "background_dn": 53.5,
    "sigma_dn": 13.69,
    "pixels": 4,
    "length_m_approx": 20.0,
    "pixel": [
     11905.5,
     14766.5
    ],
    "scene": "S1A_IW_GRDH_1SDV_20241230T225903_20241230T225928_057228_070A00_44C7_COG.SAFE",
    "t": "2024-12-30T22:59:03+00:00",
    "sensor": "sentinel1-vv-cfar",
    "uncertainty_m": 12.2
   }
  },
  {
   "type": "Feature",
   "geometry": {
    "type": "Point",
    "coordinates": [
     -75.57333998068826,
     39.48245160415003
    ]
   },
   "properties": {
    "confidence": 0.422,
    "snr": 8.44,
    "peak_dn": 149.0,
    "background_dn": 46.3,
    "sigma_dn": 12.16,
    "pixels": 7,
    "length_m_approx": 26.5,
    "pixel": [
     11855.4,
     15078.7
    ],
    "scene": "S1A_IW_GRDH_1SDV_20241230T225903_20241230T225928_057228_070A00_44C7_COG.SAFE",
    "t": "2024-12-30T22:59:03+00:00",
    "sensor": "sentinel1-vv-cfar",
    "uncertainty_m": 15.0
   }
  },
  {
   "type": "Feature",
   "geometry": {
    "type": "Point",
    "coordinates": [
     -75.52876755649694,
     39.42974656549504
    ]
   },
   "properties": {
    "confidence": 0.421,
    "snr": 8.41,
    "peak_dn": 138.0,
    "background_dn": 41.1,
    "sigma_dn": 11.51,
    "pixels": 3,
    "length_m_approx": 17.3,
    "pixel": [
     12130.7,
     14445.3
    ],
    "scene": "S1A_IW_GRDH_1SDV_20241230T225903_20241230T225928_057228_070A00_44C7_COG.SAFE",
    "t": "2024-12-30T22:59:03+00:00",
    "sensor": "sentinel1-vv-cfar",
    "uncertainty_m": 11.1
   }
  },
  {
   "type": "Feature",
   "geometry": {
    "type": "Point",
    "coordinates": [
     -75.52775761722654,
     39.426940747743785
    ]
   },
   "properties": {
    "confidence": 0.415,
    "snr": 8.29,
    "peak_dn": 135.0,
    "background_dn": 41.6,
    "sigma_dn": 11.27,
    "pixels": 5,
    "length_m_approx": 22.4,
    "pixel": [
     12133.8,
     14413.6
    ],
    "scene": "S1A_IW_GRDH_1SDV_20241230T225903_20241230T225928_057228_070A00_44C7_COG.SAFE",
    "t": "2024-12-30T22:59:03+00:00",
    "sensor": "sentinel1-vv-cfar",
    "uncertainty_m": 13.2
   }
  },
  {
   "type": "Feature",
   "geometry": {
    "type": "Point",
    "coordinates": [
     -75.57044134218019,
     39.494519003303196
    ]
   },
   "properties": {
    "confidence": 0.376,
    "snr": 7.52,
    "peak_dn": 166.0,
    "background_dn": 50.7,
    "sigma_dn": 15.33,
    "pixels": 4,
    "length_m_approx": 20.0,
    "pixel": [
     11903.5,
     15204.5
    ],
    "scene": "S1A_IW_GRDH_1SDV_20241230T225903_20241230T225928_057228_070A00_44C7_COG.SAFE",
    "t": "2024-12-30T22:59:03+00:00",
    "sensor": "sentinel1-vv-cfar",
    "uncertainty_m": 12.2
   }
  },
  {
   "type": "Feature",
   "geometry": {
    "type": "Point",
    "coordinates": [
     -75.56796454979543,
     39.5009376864797
    ]
   },
   "properties": {
    "confidence": 0.344,
    "snr": 6.89,
    "peak_dn": 180.0,
    "background_dn": 49.6,
    "sigma_dn": 18.94,
    "pixels": 3,
    "length_m_approx": 17.3,
    "pixel": [
     11937.0,
     15270.0
    ],
    "scene": "S1A_IW_GRDH_1SDV_20241230T225903_20241230T225928_057228_070A00_44C7_COG.SAFE",
    "t": "2024-12-30T22:59:03+00:00",
    "sensor": "sentinel1-vv-cfar",
    "uncertainty_m": 11.1
   }
  },
  {
   "type": "Feature",
   "geometry": {
    "type": "Point",
    "coordinates": [
     -75.54170762580739,
     39.50869385012437
    ]
   },
   "properties": {
    "confidence": 0.33,
    "snr": 6.6,
    "peak_dn": 124.0,
    "background_dn": 44.1,
    "sigma_dn": 12.09,
    "pixels": 2,
    "length_m_approx": 14.1,
    "pixel": [
     12174.5,
     15315.0
    ],
    "scene": "S1A_IW_GRDH_1SDV_20241230T225903_20241230T225928_057228_070A00_44C7_COG.SAFE",
    "t": "2024-12-30T22:59:03+00:00",
    "sensor": "sentinel1-vv-cfar",
    "uncertainty_m": 9.9
   }
  },
  {
   "type": "Feature",
   "geometry": {
    "type": "Point",
    "coordinates": [
     -75.51063988001363,
     39.44406902945933
    ]
   },
   "properties": {
    "confidence": 0.59,
    "snr": 11.8,
    "peak_dn": 199.0,
    "background_dn": 48.3,
    "sigma_dn": 12.77,
    "pixels": 7,
    "length_m_approx": 26.5,
    "pixel": [
     12312.3,
     14573.0
    ],
    "scene": "S1A_IW_GRDH_1SDV_20241230T225903_20241230T225928_057228_070A00_44C7_COG.SAFE",
    "t": "2024-12-30T22:59:03+00:00",
    "sensor": "sentinel1-vv-cfar",
    "uncertainty_m": 15.0
   }
  },
  {
   "type": "Feature",
   "geometry": {
    "type": "Point",
    "coordinates": [
     -75.53664105028695,
     39.5523043913831
    ]
   },
   "properties": {
    "confidence": 0.467,
    "snr": 9.35,
    "peak_dn": 230.0,
    "background_dn": 69.5,
    "sigma_dn": 17.17,
    "pixels": 6,
    "length_m_approx": 24.5,
    "pixel": [
     12302.0,
     15777.5
    ],
    "scene": "S1A_IW_GRDH_1SDV_20241230T225903_20241230T225928_057228_070A00_44C7_COG.SAFE",
    "t": "2024-12-30T22:59:03+00:00",
    "sensor": "sentinel1-vv-cfar",
    "uncertainty_m": 14.1
   }
  }
 ]
}